carID,price
89856,9668.337301247304
106581,24685.940697929174
80886,16072.608837220194
100174,17426.66297099069
81376,28173.13428938868
85391,10345.581783862124
82175,14420.383848861904
95250,15654.658363643463
85071,4355.333311630996
96210,17505.051026738944
80317,21153.177398774875
92731,20352.61434941019
107704,10250.090323705965
98302,7283.497796169386
107055,22783.900774306163
94621,50520.821798638885
91709,13680.964250021369
98193,47654.544454508316
76189,17754.85702037076
86871,13678.49945667931
102917,6626.218270494895
90923,24557.82379744378
101603,9447.57677328575
94196,20420.39385068055
85174,15689.787604624607
103370,12333.081935517614
107877,16434.370616125118
79567,19534.94862206443
90091,9890.992270553448
76169,13655.73612189389
98708,11229.435951649371
107347,22594.422762385126
89583,9928.504931855234
101591,12530.64042078328
92160,18020.880301710105
99676,11969.135432128947
85354,16955.53207039602
81900,15971.018089339252
80345,20937.810869305868
78509,32307.18769758313
100872,9554.004862824095
95087,25647.551775720858
86027,16430.347956009926
89135,14536.422236587041
80557,26133.696667396776
108092,19567.709208332475
102672,16885.026921811732
83022,7454.239530416947
78398,20181.05888835486
95889,27965.42190731265
81117,45334.708313625335
93730,17484.72007579074
101380,9850.911995637634
81772,35932.78862836297
85304,11244.611489302832
86107,6089.070316015742
88696,15822.779065768507
104350,20623.81595310453
87331,12426.107796518174
85206,16318.18451266816
107445,24203.98290340761
106539,28048.96468931434
98712,22107.3732647957
96875,12511.743041327705
108464,22176.616304853513
99890,7860.887705502337
87771,17161.75740726506
79442,15996.092062598296
84170,11033.055279055852
103045,14972.812624973516
101544,3630.684765210266
77350,10547.690893053943
89225,14542.110221989315
79565,56497.26911644824
82849,10684.41016862491
94360,22566.226868904472
103040,6879.95984002541
105101,45582.14528728403
97077,11740.568866847996
98674,13065.699734388154
93447,28567.000044022087
84951,20275.451079230686
91953,8289.100101372587
102101,8034.612727704496
92604,27013.31107846756
89010,10263.86090463992
102729,9328.62291449751
88024,9760.850329125915
104367,12223.702762181725
101230,11188.849299293266
82524,20625.699421759182
95279,32805.300861841926
106098,12731.479078297549
89749,8704.87460193669
101277,6871.698990678986
108016,27287.189192921433
81259,27984.500764374487
97434,20022.510967462174
105289,26783.623960816683
103379,10259.524990018313
78317,30002.387009802744
104166,19608.23826845361
106660,30763.217998147866
107490,12109.142140947288
90684,13807.560295032408
90032,6807.7759380682355
79481,19844.14456157019
102524,8613.602186331384
100778,17130.963776113716
77810,14458.65270273022
98979,13543.25445278118
76558,18070.364321680234
94550,22972.689117334794
107246,6202.85762128512
77429,26296.423771229012
106105,12619.530013726617
105213,9635.184642127702
102747,10905.42500168197
104958,15177.112337810375
96036,17310.546225133592
92310,18737.431440914686
100837,6654.122604266638
82858,11339.039386325474
90119,10740.462132319715
77304,22339.548941127145
89011,11362.262591181081
84623,16941.997361667643
99665,23023.390258913627
100592,9839.685981685605
82623,10655.82438788102
92035,18379.15790701206
84305,10768.233998104693
92903,5763.574312503683
93398,16614.45328762656
108067,19612.840327674643
85062,8283.884519930674
81727,39853.86874850781
95637,9247.199562356062
89690,8230.505813394228
83240,17671.518887638977
89711,11060.18778349376
96945,10400.572890665166
104924,22402.55997510912
79633,21054.969143176226
89582,4806.828868457555
98080,7349.588413069215
85992,6853.645608288381
86712,13146.3395334385
105767,13172.917232348216
100590,9166.171577724608
104574,15300.972213466866
97246,12912.542502742304
78141,18354.895988458273
91590,22407.02854266329
80767,13379.502987745775
100344,15235.15837112654
88987,21230.679639384998
96479,21222.340005173526
90598,9207.09609274343
83880,8261.758055361784
86802,14921.176696417038
103078,16703.607407490053
84736,9480.782642775288
84196,5619.97849668516
102062,9839.961778088702
90110,5653.849309152374
102907,11263.943126320853
81776,30383.671598088717
102431,6212.86402353108
80442,14174.397642020755
78656,29734.310686750552
78537,34750.76599354988
102511,6705.991647026313
93612,20434.4737779012
99284,7957.7541798703005
96315,15298.09916119977
94305,32203.8817722481
100636,10667.593795252647
81816,19664.459261982527
100352,15849.804084756897
101476,10490.403897924347
93392,32589.312284451564
93995,22085.962539806776
94261,27010.933572179943
89117,15500.049796732603
86506,2899.2860463050597
88456,6756.729145662364
84134,10623.760156821789
81088,11751.559600261635
103960,11309.828822823352
84925,13182.678849318436
97306,9981.346807035548
83752,7587.104053758647
100696,3608.460106469692
76472,12080.671931807854
101128,14535.317802008456
105932,14550.438001518574
86416,9208.437097665104
79616,23603.06296289368
83395,14476.504640803805
88734,11466.231293177316
106676,17886.224157191766
102442,10281.659680331673
88761,17174.732466888963
79708,27422.15599741209
96808,18148.199155857357
103755,10041.276227337932
86273,18601.440900753838
97635,26741.213624312004
80797,29062.68575599178
108000,18441.30685542364
95126,39181.04708134534
105187,30690.3832965916
81613,16045.498405085502
103906,5796.8569863711355
105729,7934.67226481186
100637,17717.410307646704
82861,7816.3988769188045
107823,15153.33175608829
85274,14863.09731388076
88926,14553.963290097883
87871,11009.532337263154
97970,6907.809252845723
98044,8043.028292087342
90277,7051.743098045731
85647,11807.965131625038
107447,18959.971226759702
79418,10338.727701689251
80383,23554.120064181643
79894,20727.945154598063
105875,7036.898509681329
86032,11646.693613445274
104423,15224.940117252403
78437,14356.272391944956
79480,22679.74556687955
89973,6802.145973810248
94007,28450.705853325628
93952,14054.031639069945
84548,5228.310395955538
97885,11278.208489974078
86571,10310.019692331989
77839,38629.07450406912
102201,5712.517984998139
98731,7860.887705502337
82395,16897.58093123922
76816,32697.663889128944
97956,8017.404342216748
86012,12482.605990731605
106393,21790.82370311756
81832,28056.63651971144
82787,19809.94917322172
103974,7036.1777156588705
100725,10797.238217559645
86552,6977.610271555923
80174,14144.277654115282
99189,14616.824625796944
102543,14083.026147140596
98518,14383.700577357291
100334,9356.250604126215
92673,19513.65039158787
88008,11854.380936744077
105207,24058.956649813183
106462,23684.949109077374
106106,15135.3584870138
79705,24453.78083218401
108193,18264.55344103767
89668,8011.777530177789
86435,11715.27481439302
101281,11639.216820557725
104753,27011.397107414046
79004,17414.931360111306
89732,2771.9226829582753
89201,12975.753098751497
87282,12717.52948413629
101589,9049.549424693056
87352,11776.531242088162
103388,9675.64292644793
93619,15362.885156895534
101941,6736.872445896222
106533,13624.83017001993
90018,24322.966724440394
101265,16010.914571969657
104255,24343.568745299657
80093,35932.78862836297
82433,7496.454684604067
77254,21503.61521252527
106400,30843.001391307625
79847,14342.684576804179
95735,28948.44552804674
106733,19707.861803558695
76318,19465.61110078678
95966,8061.084580773055
101690,10083.396259764815
82845,15689.787604624607
96266,23348.597818680606
104175,29599.475383257937
97347,13670.016965954595
92730,36518.756668339316
84738,9000.040268649202
102596,6859.703367168696
78356,31999.786739265328
94062,30011.09724317749
101662,6864.153525882649
81715,24783.426428106533
103046,11748.728890641558
108133,7070.924523057936
96302,12622.561852477837
83859,21030.41116166484
104815,17245.407842618286
95903,26013.14480245848
79683,10615.832925237994
88888,20255.44809511481
80529,31920.121525886694
81898,74212.1510157662
83435,10050.12346831928
80448,20183.46606615853
79241,33257.049486518095
76056,19518.328872257298
76342,17071.47457407068
98238,9623.51650237219
85878,9109.312711849994
102846,9923.426508809625
90215,5829.528628183046
79635,43855.18860908375
77561,17002.61732249203
101151,14097.923774392148
93594,24923.063620696015
78703,38650.01712629853
87596,7517.025749920958
92572,18905.17971097111
90757,8154.067528751577
95881,18987.35359274629
98008,13368.268191374222
84805,8992.511367922712
100888,9870.248152824699
82504,16412.33864484307
82177,18387.148494632802
89472,32871.17622335442
82301,16449.002989777702
106483,9006.230246545892
79808,16297.719786962276
83412,17374.526435062333
89386,17500.222085741796
89889,21221.294447278484
108249,16892.915978324858
98252,8631.387257420965
83525,9821.00587827811
102595,9604.57219176553
94255,10581.726876330269
91259,26684.90944071109
99539,7029.674599300591
97379,25216.428684775026
104452,25445.534549429627
88479,11170.284099436945
95424,38508.365337866395
94732,31341.83836957583
89025,9977.875590409574
89497,39744.41856066938
92405,12005.330751221658
95346,15988.103843390661
91337,17745.873734548633
97739,14560.710487181605
81087,17695.628527129997
80661,13629.509318497809
105537,12701.94330618139
81073,28251.324603300378
102770,9835.840642497562
99299,9850.376172641163
77528,18673.09706838537
95278,29843.2514435064
106536,18493.686812981945
79421,21695.34116694952
105026,24646.42935760714
97887,12034.924839056042
106163,14304.422906201298
103242,10648.549550866925
103098,8193.378432544607
76195,15417.756337188162
103418,11509.416413869832
102091,12206.634235917754
102341,7461.992825739079
100315,20591.35285248976
100377,7058.075132790793
78857,21590.771263239374
93748,26854.9532182794
107891,9851.514282843755
77063,29387.925195208576
86916,9400.740095994952
108347,9885.24560786871
94475,18064.754864054434
100383,12765.355355705724
80618,40968.597458272896
98926,10267.078085631258
77228,15666.265732027483
106915,15502.074864876313
92594,11671.630768812765
80745,33747.45595328163
78361,11236.064964713796
95725,26302.32635752502
105171,7475.922435597363
87007,10001.117134993508
104121,16039.039893980025
92877,16164.572119886292
108335,45194.19699432742
101357,14705.78915229802
89325,9598.495957818932
103144,7725.50618566506
101413,6526.979419041879
85182,10923.986060009065
84097,17391.94005983661
101970,5699.469901681341
98315,5400.320488527023
89048,10825.25659354045
106141,8582.47240866036
87105,16676.4794559764
88472,12806.240047263513
93361,15015.060948644354
87040,7879.9730777334535
99831,12004.85370815555
95677,13624.502281223029
89770,6489.385745272501
77371,26467.908203654984
107143,18931.73021699221
100271,12131.040160251463
83905,11742.37191403458
101531,15181.093887554889
90617,8072.719295217506
83895,18050.69976715426
89453,14368.465112092965
106012,20448.562878184366
76381,20716.979666487176
106986,16101.996044618161
84143,12533.107749225006
91665,35236.429313302084
81350,18928.084868117458
80422,18312.427000240048
84794,6422.5773124219595
81156,37162.188022465096
77082,34836.30008584085
97356,8720.340337611085
82730,16601.945197709978
99244,10110.019762230313
85538,15716.37766432995
101585,11421.774078493248
90288,9800.551461377125
98799,3085.490393167227
93547,19759.037247596207
85142,9508.018959965822
82012,34165.910442968234
89654,15612.051946704007
102304,14424.420765602714
79288,41438.65105544915
77400,11342.906746126166
98597,6341.319018907018
103156,7538.63742427476
95446,26090.440265485846
97036,9605.341639576964
101401,8796.610056839085
80817,9174.062997109206
84078,6866.725057850929
95390,26170.278608889043
79883,18998.807456043
104059,13285.40302790177
103041,11712.263768380153
81651,15530.746968640407
100432,10853.083961349845
84933,14744.624864244563
81600,19760.525738875214
78379,7869.097063420112
90816,7846.057538424495
107414,9554.362077453901
105633,19602.759753923256
99508,7659.3517419340105
100874,7953.547535854096
104208,16706.43245312192
84774,11448.392349545626
96518,12847.536853334486
91543,18973.488412824023
107146,19765.01383868375
94426,19137.3217655732
99059,9342.96996306062
96640,8427.477377466777
81277,13886.814425853543
102409,12473.209090484228
104800,14426.816951944042
107498,19586.390988529183
90942,29712.62807492313
80202,25591.82478062829
76794,16473.651153585415
88973,13462.391922098821
91958,60861.41577391997
80562,24079.762535131056
103486,7558.478738948045
95237,15038.705896272177
105569,15680.486047452017
106560,26212.10314113573
107977,12923.668368604405
90076,17321.680017699404
93050,15318.123430016769
80609,27963.26538187675
88557,16486.734645190994
90894,20238.521968548925
83669,7857.7487310632205
78849,15964.89403416229
101275,7431.206533634391
91858,10112.299361351856
96243,14248.547475257405
106227,25127.27877199586
105300,15822.61517965032
93065,38747.99077368528
78002,12819.22297858057
82500,13759.425444397555
78204,9615.341687877784
107851,8709.399969684047
86217,8123.767428897146
82662,7427.68633549857
93324,24789.967265233467
79680,15601.430796727624
104920,21713.7220354283
96735,12201.375523311375
89992,7761.023357711775
106961,26711.575477556715
80078,19883.17667155535
101429,10231.121776655946
95551,17171.46683969042
79937,53724.348145371296
80680,25041.36184278588
99448,12121.846810038236
93909,33410.464188533864
96888,9836.652897778209
104584,12956.287409305043
107289,21413.21786934684
84126,15577.409482650879
101282,13019.418633004923
92474,21271.97363720245
88871,15780.921354433753
107177,16766.852030996248
106026,15459.86243115295
96937,11341.245962758241
83543,6855.595616292611
81094,18939.8899508205
77503,22105.48546801604
85351,6061.242951176196
96000,16647.595059508978
87374,15567.237362848547
86394,20052.933416147236
108364,12697.774631684679
91441,26635.656869623577
97039,19123.208668221854
106685,11389.88851558161
95631,16406.530681808712
101883,8035.401758723174
78238,11080.296098510076
97508,9590.285332754504
98441,13056.202617741374
80066,21084.170727420522
79095,32557.818361609905
80007,10589.995524062895
100219,8190.594855919276
82511,10425.985324446372
89270,15347.175932132417
88713,9908.990751852472
100353,12379.614381588653
102841,4299.157787770439
90117,13621.741270858787
81549,49979.473923512574
82350,25051.743683204746
76546,34862.30884072503
81013,23000.022012382462
91240,16226.204343114767
91542,20590.982115095645
104518,13313.833860667932
93537,29185.279159184498
94372,27405.92287699752
104419,19377.851700539155
97636,13463.186180668354
96288,24167.518508223446
78717,10050.163482464663
105610,20851.461867315855
97754,18176.094159132208
81458,15314.207530091619
86931,18169.15957240331
90713,21996.60650877843
90909,25947.27470342708
77251,42434.54499041295
95081,12069.412079631773
95560,14190.194780360265
93288,20493.3660465294
105036,13367.285708949154
108490,10310.85195085455
96935,20134.04443403046
89373,13969.575334384372
98010,8886.356601281714
104699,21744.07144740222
86692,7952.886578797513
85024,8311.245017152665
79086,33398.92266430533
89939,12561.001458959441
79098,18859.6664948437
86141,17358.930608356786
105462,29422.1469732526
92870,33152.057832061546
92163,25690.337793767743
87481,16153.627533390056
83276,10123.084103744555
79356,31259.923616607055
103602,11440.987576740214
88460,10685.265822990787
100934,8011.064396341474
96659,6408.735230314026
83204,9966.108863745605
104621,19796.611940310973
84110,11883.50295519639
99265,12819.662341028901
79574,17262.481936747063
78186,11653.954645794642
87005,13976.338329929724
104043,14958.95653949179
81574,37623.55943632778
104091,10707.480076674672
77759,23437.6727680168
78181,10921.688355713986
96169,9406.980373467703
98267,18970.193706483416
97837,12848.508122745556
80133,18437.61498190031
98571,10004.795103189683
88628,20408.24929574319
78622,14921.124765901592
88678,11592.130462138326
87278,15860.903105628298
86963,9876.345684226528
100350,6687.5595215693
78771,17317.434774483514
95935,17485.26506602559
107590,13175.045069366839
84458,13733.781960477196
85656,9161.556891378043
81611,8045.671199421291
92638,18175.860536576056
87478,7857.239576778661
98407,3390.1190855178697
95581,11005.18759413146
100645,12539.874910980616
97184,7439.810430682973
84473,14579.43834712759
88951,7331.525948434238
100836,10207.530671109547
91338,39689.47484723496
94112,16057.632603708145
89882,17661.90270630084
97097,7609.974559012189
99151,10537.504977521809
99607,9310.450438860244
78931,19580.599059873643
97805,6902.355751140236
97477,12815.099158548413
87819,18093.364671334963
76361,19038.775018785716
99201,30136.879076985697
103410,10310.694309123899
108436,14948.677512474465
105558,18402.257363803372
88025,7527.144868400495
101944,8200.342552997587
80786,19366.32352370254
84001,15398.22131250267
78304,22200.843212262946
100501,14782.962294848945
99693,7769.620409972039
94557,19043.099004997795
82152,27476.564404262674
92039,27018.202919940435
83177,15655.700679143332
90726,7462.554170212238
82879,14195.613135422966
87378,16146.747532151783
91699,16026.76323354616
85500,18430.029997021735
97050,10253.687512064682
88754,5425.555232271966
79069,34736.482485001194
89329,17623.1414146394
102605,10274.132153801329
93090,16485.948703318103
108403,16830.073666630677
91391,18204.51292867402
80964,27144.59722395318
89444,26691.00943737806
84092,11920.908426162738
100617,10274.132153801329
107962,20450.137600625952
106640,7300.176199860235
95123,12646.89819278097
99114,6313.052789052478
94461,23012.696875001802
88654,15913.2501683242
80421,21652.30182475897
78113,20029.134194066908
100558,7496.597296438651
78873,26825.827372170857
85480,10183.711171247523
103902,11121.304824912417
104816,20448.562878184366
89039,14294.1900217095
95169,16321.607472010277
93971,18048.932035616494
84450,20282.52412517405
80824,30052.291899574848
92545,15753.665864885192
89226,6725.729935222357
93873,16931.038135619794
85871,16651.31724926949
86343,10955.936403267042
93634,37838.0960917496
106942,9122.315630465664
82535,11015.178427797919
92259,19124.618263332595
88794,13715.434894695287
77385,36537.98231119756
76996,5448.103096458147
102708,8320.225959477923
81359,14436.58505426878
90486,3466.38491911747
100200,8237.896884435284
87970,13796.798818569305
107512,9822.269132543332
79078,28126.301679053875
108477,15237.29252412256
80312,26207.97824149167
82208,10774.911902521408
100695,12526.639398623955
99506,9721.103680327855
85773,14913.232391710519
101887,13685.901642720919
90129,11388.762996438192
84730,9624.549240247918
107601,23165.070843327612
89592,6602.0318763812165
84844,13596.182320251104
96938,15053.10397028294
84981,16381.220318777736
100698,13479.737806019351
103306,15710.034825571496
107175,25341.636109915067
95411,32912.624277176656
101169,15195.601352871703
99407,19092.55911777506
78248,15173.074740613165
79031,19167.74616601299
91040,18562.70825633354
76464,11704.550537119385
102813,7977.586780012764
86811,20666.03683611925
81191,29668.226621488287
78202,33548.05588622062
82471,12510.793668987164
103920,7818.283304952383
79904,26151.384301052523
95670,26585.51433896387
89931,10180.60048677056
92605,27947.892679026845
85695,20018.81667370751
98750,9306.58470050656
101284,10617.679252651193
91932,19956.490045116763
98623,10461.68565943645
82499,12328.048501422087
93193,26021.528980088773
106110,17055.97328312731
78500,27648.534903112915
89447,15526.017707349745
103373,17932.01099058094
87872,9391.461031833927
99425,16827.062789412637
96552,6106.2773447474
105787,12278.179491956469
82567,12738.585415035299
102894,7391.366654176808
77641,15136.092747496668
100827,12225.375049250979
97712,16646.679313609697
95197,30033.0687393612
102993,11872.749378057515
94855,32070.80925142205
81534,15881.424111963895
95133,15065.026206228576
107468,6095.468554519205
86402,13086.395721043335
102666,12172.689472872731
92984,21616.55348886383
93891,8798.144411429514
94312,15273.458670878043
91959,28916.760436718683
91802,27367.247033394895
108175,15944.94325913079
78293,31782.351749802423
104991,7867.856224138119
104302,9775.146140841302
79807,12745.024466633751
87167,14891.397606218952
78620,21814.468920874977
81174,25526.195638791713
83125,8344.934327478111
103123,10224.052143811059
94065,18048.232334045806
78480,16715.547989857707
98280,8489.59925941019
83415,7745.901643279777
92297,39061.461127456736
100221,12159.322493784835
78829,15909.50504787748
93418,21998.364707969595
83424,11086.103654086146
101749,6542.8773360039995
103456,9426.904069603586
88503,10571.875264784554
84931,14650.876042785594
107552,22030.188126891244
108037,11390.00799710856
94539,21877.49382984556
83697,8162.393135449496
87455,18267.754294064907
103044,7947.2173414305025
104852,22994.845252195828
93437,40790.22794699942
92885,16382.704270969381
80922,23609.115791368044
102886,8175.092487871022
104586,17107.14209236101
81164,12105.765838086505
106074,16964.007011672868
87617,17273.349311216003
84513,14476.504640803805
96743,12702.821592761093
81209,19352.990022707065
95463,14426.166787211709
95457,17271.364424818803
101606,12340.223860277369
97485,29097.606214696993
91916,24577.16723935304
91629,45691.43140170188
84215,12674.507275784094
108190,10382.208083763142
88314,20169.349309341178
104526,17044.427779345777
82467,10822.150364362007
91827,28399.73848923305
77885,58473.635525427526
83459,8409.886998928116
98375,18917.236107885332
101233,11094.139290547666
97186,9277.574417801574
95520,19044.115878826273
95216,41007.12996430145
100878,5731.521864669288
80031,29760.605682744776
106134,25941.950389151443
103526,6365.80075425674
104018,44579.506499733645
83920,10419.79103652124
88245,10133.668573580988
86248,8262.177287237411
86315,15072.357433541978
108157,33423.978717423655
102814,9438.523083253622
84371,11287.530993186034
95270,13547.974258078928
107670,19817.194451534124
78745,14475.990169201257
88772,11793.876679383751
82335,20674.84291825574
100049,9449.794143509538
84953,6726.181067666345
98948,17792.355674719267
95952,34533.7951627012
93638,23804.750704505695
91164,33152.057832061546
87627,19019.999797172088
89209,14124.048047784258
94140,20207.782860767886
86567,9336.2077532542
81451,22724.00349342858
94658,26049.234308664203
103969,8254.280661807867
90158,14607.260665657242
107712,14015.78657041819
102518,11386.76101962063
91367,28641.5693658677
78764,15883.88549560495
87411,13643.392360693315
80790,26804.97848561427
97848,15858.267548989073
97985,6146.098922403455
99323,7158.865539560285
96854,12234.45118110908
103917,6211.107304009773
86223,7310.818524369259
101812,8688.188043352351
102098,10245.368272795347
93414,10635.611521445288
86794,9899.076235635674
81508,29612.41813909845
105781,16237.070581128264
103758,8740.20841817109
100877,14705.78915229802
83075,15721.243436529623
100303,12889.190846893507
85269,14059.906797241
95693,18402.9073327202
85891,18871.69563944676
85991,9815.040374754597
89378,10857.514195256832
79718,15063.624232216545
96415,13329.279979392984
87510,10653.64346079841
95579,15015.370666361807
96453,13841.806319594367
80182,27360.204662145436
103363,9976.916174925982
76430,20696.00716618151
86302,7639.238192963825
78876,10960.330638197169
106740,11142.624477639696
101855,12147.45240432282
78987,28521.05677216237
100155,15086.757707900577
76069,30524.117816966438
79889,20155.329411089635
104035,20857.479458461592
102533,7217.432180031264
85374,13152.672163668145
82210,30334.528861616618
81145,17027.225637743577
99738,13040.666582836871
98201,35878.3991137253
88630,8485.406283135815
94084,23803.564048874407
79771,28960.627659627426
91057,24450.941186539916
92492,17209.081373177556
103600,15529.831255145202
105315,31440.96200423961
106151,20134.684338422157
87426,6609.843261667749
85249,10436.167926897086
77379,8370.695691075936
76190,12181.027907195907
89820,30502.501270210087
92650,25156.169604403924
82906,17031.281336600186
104766,16110.699444819607
104673,18417.67192071345
103734,5734.59566719952
87652,13424.954491245957
107399,16366.62597932041
97222,18058.61250016755
100614,9298.886859139795
95807,28399.73848923305
88084,14034.48068879437
97997,14642.414244879381
83321,14541.864488119074
83002,14890.68343544666
103995,9715.619414186376
102305,6944.449881323758
97774,23263.74477680014
87737,11274.682127709762
102191,15086.757707900577
78470,23109.81828102103
81787,26401.159422402656
90975,25197.336547692328
76598,19668.437815617744
88308,10189.233160614995
105997,9437.61009329371
97095,21775.920504292128
100555,9346.434726730255
106628,22400.394501374525
84638,6520.829895459604
106752,24088.970612851313
88072,15756.634615456283
86734,12392.079592381637
105842,23706.891854519883
102037,18019.20544893345
96623,11443.673246317578
80943,14879.036284865413
107882,10657.157635156656
96069,9594.484641575122
86796,18205.111405819993
83234,15282.684966367819
85044,11647.164998996584
76183,29295.772982738297
102124,9524.751337066475
105963,11972.570672289163
108127,12254.82120434343
76435,58317.77557389799
89809,24680.93938452454
98129,11977.41931696797
95632,25196.207047996893
77264,20987.946154939087
102849,6015.839098227835
106860,15254.259850876844
90177,9017.666531762015
104336,13178.583140582861
91068,20316.079391906776
85416,9461.308208588307
92720,17524.169811429307
105257,10402.870583975455
94524,14981.989880704463
87069,15978.104369945762
79026,16710.35807481225
100533,10329.968125177971
107396,7305.19658042973
77220,11514.847662422168
76863,11383.485022719098
89441,8681.689846042507
86301,17526.619818205534
82808,17243.75425029421
106681,13476.221244235794
100673,11252.440692711361
87115,9815.040374754597
84819,10187.648611933973
99889,12828.951783981975
100435,5647.928481455952
91329,16080.384758519074
105897,10998.742268633314
94788,20810.08216520998
96403,18275.472448601966
105780,24839.83634071491
81290,26077.25389517232
91689,16420.3971866377
93660,46809.04342983912
84018,15295.717965267579
79166,20498.10871014325
99850,11570.653864945574
89900,15130.53943672497
76628,25832.020450545013
99136,11127.32728423515
89388,13728.113911524777
86441,16287.285267841156
100362,7690.43421530418
99493,10325.268903576714
108082,14237.766223380464
94759,23314.307999407556
91954,24294.83724444992
90378,16118.012239946014
86126,20501.202073030912
92990,17549.435233682743
80507,22680.115816063728
105394,22183.74683062565
80679,14933.063975483916
94014,20540.739777962008
78092,27822.391560164415
92725,11340.114659549472
104609,6132.677811217014
89940,19636.91845065362
84337,15954.19804890543
80392,18305.96633738471
90992,32973.418186244926
88342,9674.523725603318
83193,8239.939554420207
83080,27105.123437855793
87197,16653.945122472625
106043,9172.654070394878
81316,13434.716380209446
105197,42961.274426766904
86103,11463.830521511582
107819,34694.85189627053
94911,17379.76387555279
76597,32723.674960339507
96614,8918.689291049059
102197,5738.791068296294
104617,7368.1897503612745
101445,9438.523083253622
94521,44425.59240514316
107290,17027.724801351455
93099,32131.41989390401
82179,39439.506714433795
96268,26978.74367678648
83202,15560.999084609277
101568,7811.130123039273
89145,7490.43388268223
82718,8413.837918851386
84595,16320.12236228752
86633,13261.561441821399
91925,29189.11800891828
100357,9444.852048401473
93684,16612.934243178483
106465,44547.061229937186
84631,14104.122497045553
97796,10455.806675558968
82836,11683.55495738105
81314,55045.35129582144
96868,18872.725248954823
94329,18770.136586828787
85728,6579.126929896637
78259,13340.919078080198
107084,20546.25153638723
96134,9083.72804305217
81583,24829.969792592517
104264,16505.582060035416
86202,11972.180066698222
102867,7900.60427490142
83461,12276.508536355725
77589,16019.303780814149
94394,15663.947099464553
87588,9636.238138926807
98769,12847.106435189778
76735,22222.82234027865
105592,13145.94751015244
95260,16995.653221365515
82699,7738.653660770853
95827,26362.022333127134
89294,8528.91741108278
90853,14314.482687938844
86522,9930.536423135642
80958,29229.11250888714
94038,29546.07690732118
88512,8239.939554420207
80219,11199.721055428741
86063,2837.221611685359
87724,7785.152112355255
88835,12403.00824847741
105687,16893.665025351846
83567,11400.604964580274
106584,22985.733744929355
98492,6028.375429887255
94494,20865.33364999948
89061,6151.79629837879
103125,13022.12339405395
103883,12916.894948562765
80430,14702.14988590963
95544,30556.9785910941
105136,56990.82187049995
105560,9005.521594111233
108397,26860.427655395408
82236,43924.33239990943
89477,14671.29048456309
98106,6951.699780127445
85996,6254.932052703596
103439,14991.902537960252
90831,7746.895095151357
100746,14409.185449935545
81518,15599.114552509327
98610,9296.21358811357
100644,14498.096366187416
105486,14900.435564394651
79765,19632.76576111639
107609,10216.482693977076
85407,13560.978903096277
81527,19908.449938891023
80955,32899.986329633655
79400,26302.682039720366
101238,9718.460632655104
87024,18103.24518238438
88662,9026.35674385758
107983,24451.72997122124
93662,26170.208595430504
81557,31861.066146382524
94520,16001.603411291177
97010,14470.782745963226
77628,29016.048662257475
89561,14780.819194963025
104218,15810.803891308093
99839,9048.042444320952
87279,10509.70729541646
93760,18511.09235327109
89551,7877.069682086996
82714,17126.621695780916
98166,19654.885791660672
83812,10512.210981504835
102617,6891.0526844006645
76869,16704.158032065538
103735,17130.963776113716
94201,19741.19199238944
107893,17916.864994522784
78651,12081.016285386764
85246,11309.951443631422
81194,26391.05560727754
81133,33222.78805242797
95611,33064.18209756743
93004,16102.639652971611
81826,48878.1777895123
100157,12954.653448833331
103768,15303.391783667119
93350,15801.239194327718
76901,22287.024586843694
88742,11554.392038569267
102866,10726.22433180921
76438,29050.64929346861
86105,10618.258617807922
107506,25035.48575715596
108520,8192.075794398404
106613,10869.80450966866
94164,30871.854556732054
100964,10792.26007613973
92769,12145.512034682057
82221,10735.471899905557
98686,24411.422830061518
79762,23535.864095020283
84645,18619.248778585676
107656,22327.025908384447
97538,16957.55429314868
99552,24161.353635318068
102157,10922.322986677334
80935,13963.344705965677
100578,11833.257122750258
94686,25054.301286550406
93268,50142.64008643393
91842,22631.25856353912
95609,30850.362478533418
91576,21256.893443979294
93139,25582.047830758496
101030,7653.352904540718
80172,49313.237811329374
106262,16186.764226931364
101562,9447.595826985758
102273,2579.240048390223
87102,5407.346123485712
78491,17756.724599711524
90631,7877.069682086996
94672,19301.156169382193
77261,55998.29540374467
80434,22341.856563909965
86840,8554.927515744455
95011,19033.868349277156
90870,12529.020261079098
97999,10245.742998686881
77016,45003.99049016937
96931,17206.661859063763
85215,8503.555616224647
105268,16681.93339823219
99519,6743.679135289053
104056,18225.03272344638
91117,49709.17244667588
107099,22365.652044740655
80475,11425.489459740196
76216,36154.44479433592
93207,25009.45820678248
105166,9365.343905282021
107209,17611.679479681094
100109,9422.034303895136
87232,13983.392654489428
102624,11953.283034362536
81948,12296.692923240906
93625,43363.685502874236
90334,9928.504931855234
79878,17022.01279340786
105653,17853.25207965181
108014,12963.853061713347
105491,22254.312919504264
87064,14089.022800176204
106773,15306.288152452118
93489,10100.053809474337
89490,21162.7752016149
100771,14705.78915229802
100803,12158.203708512638
92144,14925.081237567036
88632,10924.187736814645
78778,17685.975796073642
99308,10020.54499177582
77161,14606.010207422189
97501,9564.4585538414
100933,10941.830660589487
77489,29031.551423455083
84309,10920.7873092935
108040,7990.201815527295
97159,18309.343070658488
95779,15251.77146667427
89650,14476.807684817979
80999,9007.886276846299
91887,20435.92733766239
79753,26870.391846519848
84669,14542.113223408138
76401,14127.512872514635
90299,20326.592811754796
80820,15851.688924751896
80744,36497.16826424862
96151,15720.527716858589
101368,9955.703999920052
106886,23997.33099690294
90590,14059.049273785164
102988,11414.491859177733
96155,11086.933331531147
98069,22126.00427476973
99349,23184.33989450211
105341,7222.119211440393
97054,11932.302020531562
80210,27923.303533068458
105334,16074.16792952692
88495,19683.849613717077
101578,17115.44590387945
103240,7669.844990952488
84979,11005.159981943207
88799,9660.763887474177
83073,9332.719540285967
107288,11450.588665998266
102097,11014.656897761832
99042,9831.993712786581
87242,11842.129662106847
77310,23256.29098374566
87982,18210.31803812476
95506,13095.455132454483
106574,15783.282000211491
80962,48204.8344366943
102168,6545.995155994492
102528,6058.41525174415
99307,13247.083306570372
89354,12667.858248491513
96717,9280.6746411014
99267,19568.426148249924
84588,9848.868023816683
88920,7785.152112355255
101122,12503.584885471688
100916,9927.937081911752
90206,14036.061614514656
100314,10730.202243063677
91528,26227.78373719213
82508,8312.624059905867
77095,46318.9905003905
105943,10526.572070214477
92610,21570.09538539053
76706,16927.63552751289
101753,8747.72004015829
97020,12662.740162397131
103582,9908.327056247006
89559,15297.225536400805
91293,8377.303688596427
76698,31771.2411537433
105365,24339.741470077413
102755,12551.638555003
82363,19330.656202424187
94314,23629.09632654399
92463,21421.612167307318
107566,11732.630486921087
99251,12911.952615844772
108140,32377.210934156603
99394,9573.658385023917
107849,20537.947267096355
85021,11071.374813942704
98878,12434.137062649854
80258,7899.586571797062
85751,15114.76231103352
77932,14446.515747850752
92120,14010.610412989587
84462,14470.628892673169
104744,13764.837462108695
78174,12191.119318800644
76239,28556.51857563066
99098,22180.77773006443
78068,18855.36404106787
80129,15050.791020352146
92276,18819.581099346684
84297,23486.078252994666
99082,13746.58611563003
103218,11557.72170176538
100512,7804.769474662976
100481,7505.819918346619
77761,17114.730364337818
90764,6351.495629547311
103431,10282.916507280785
96133,18463.846921925473
80377,26089.10606269847
93811,11175.007746182202
99125,12804.371607492263
92377,29656.758546148718
84221,12458.459927938551
87280,13146.694218836077
91188,19932.34040561127
83645,10263.399764422027
105967,7744.438060477388
89389,10128.818055404628
78866,18815.402510747055
82761,16358.648337991419
95049,18100.942374706814
80729,5115.328483774314
76702,28918.19621360977
93554,14834.812222265358
98932,23829.174537116607
91264,23169.966163896555
86993,12561.744896116848
102784,10221.632807451575
79105,22172.992015273372
102943,12861.875069158927
77065,23708.86031139675
104740,14523.31690586947
95500,15683.856742937749
95345,13241.901288422683
103581,10865.595075245568
86417,17851.55321126353
87299,10540.132335717219
101375,14058.178634253949
97640,32363.829196116498
99560,7239.915524756797
105849,21504.1507545733
95701,22870.34902445413
89124,11047.20458715098
78589,18082.96933652935
86742,10413.37352892666
84620,12009.373333338232
91165,29527.151698432037
88463,8664.380894570315
87571,8041.799990561266
104773,17839.112622439585
83370,10733.747519191042
105599,11312.029501297027
104275,20227.9460060378
87908,17843.02759097767
92637,8273.901417625533
101747,18742.076718493
99271,7604.076028161947
77493,31119.860772693122
100122,6018.589670430735
96424,11758.398185018927
103113,5149.58805017598
107985,26472.37963676645
103634,9275.482798458519
93302,25346.10653256189
93877,15565.396636234373
98121,8726.854515059604
91191,14317.837880628962
99106,20189.455220699565
83151,16988.77806665218
87913,5087.164795996582
105517,14542.73667865221
99452,22443.77098731479
95017,20994.55681849747
98803,11101.977901071717
95625,28398.771147381205
76846,18160.798052164755
101791,11972.980869669262
79911,20950.2373269139
98545,10367.619427566127
106811,10989.525837477662
78007,37869.25891377394
97259,15511.936828548305
96999,8574.40745428224
101969,6155.347106579643
107018,32249.674215200077
76246,27765.834034779138
77303,10735.871942370395
103674,6908.628363979975
100794,12822.774906022247
84367,21186.985147259616
101652,16703.607407490053
95111,18402.277534445435
96965,8355.627343851493
76396,13531.450864308581
80269,26129.538013437068
87328,6649.4854001641515
85984,15830.465428447918
80193,25085.741607725686
98525,6385.051358429463
77460,30935.279850338415
85424,19685.338567032733
77271,18855.36404106787
104786,26937.00455091137
103727,9624.359295066844
91819,26770.66072248864
107028,21486.948741465432
94966,18574.87840101644
78126,17367.807206979032
86200,17372.188587585963
100317,6081.846300212253
88403,18610.682054574965
102036,7067.330273163657
78858,25311.760082468023
85122,12055.521542358894
107516,18368.775779187476
103432,9011.103037100736
97354,8324.830809946183
100218,12895.388053055513
92759,14732.764880376339
107648,41189.29775616302
97107,20413.054609845316
90871,8177.9574047324895
78611,37313.57962682195
107537,12176.12820900095
84840,11319.692133216164
79802,25947.00302293028
96763,3274.3425963792115
93033,19733.493684813966
76969,32809.199170561835
106154,9885.24560786871
105965,10285.589656992572
83644,18582.373350460977
83889,15598.0616306902
88026,9752.063586588987
81652,28375.51209158192
77312,15645.092747979737
102749,10412.707006343015
84444,16056.970771582592
81496,17290.629511461302
107471,12280.088349324807
84265,3085.6941117026445
92346,27636.040310339165
87248,8665.909665418443
94931,14961.082080809305
93712,21896.199125529936
80162,23478.731812234633
79351,31765.721300030888
85734,2406.845155545615
106372,12640.564541814876
96106,8452.571348753858
96702,20821.524315715415
76823,11471.814028656918
102214,6271.9585721113135
81128,13071.35533219412
88320,13560.978903096277
83531,5780.891297257076
104506,21698.01912666017
84074,6707.512186332555
104709,25468.896624914032
85626,10803.48201237921
98427,9623.51650237219
78699,33941.57335280459
94756,25187.285116327654
101283,8038.420836824608
82397,24908.616871276034
77954,24419.015093386883
81630,28865.805998305364
87025,15019.022825596627
81189,16733.689471815313
107048,29890.134962494038
99510,8001.852728501572
85462,21726.02665154942
99442,7190.590869418381
85541,3365.6205104775327
81635,34551.64030231298
83983,12192.274326162464
96161,8592.475679460207
90359,12901.648595233222
86597,9440.67011838896
77633,12104.538220189275
80552,30815.64322116434
87749,21514.34028540365
88246,11592.130462138326
100434,10269.620321675313
102049,12408.45099087039
84649,10227.069214828383
80783,31195.675098608583
102021,7787.341741839343
107760,14655.736617320585
98095,6581.349914127741
103474,8128.919827478816
101486,16256.006638216195
78334,39235.609639770955
97026,12592.973294945006
87049,12935.691714104974
94207,21777.687420454517
90080,6314.630076232074
82025,23515.235447750092
94478,22687.608160681735
90501,7494.235412645405
86699,10829.392005360474
91557,28328.248859811178
105343,10630.839503804264
80034,28470.795093592147
84220,13976.338329929724
79498,26219.987768943152
96294,26197.717264414725
107974,8510.374137985837
80316,13550.25397291021
99928,7539.741816037221
91851,9124.490618923954
87827,9873.539136035934
98130,14705.534417185861
96139,19218.310899787262
93176,30668.963237832097
90903,28139.608465249115
77200,20337.372745456796
95858,19382.43536842078
77764,5783.302629215881
93978,33243.596616976494
78852,13014.523693220905
82121,16255.749044469187
91653,26238.090025230875
88882,10687.609397879565
107327,6879.423900759743
86583,10768.138854384477
90101,14128.78861476836
90893,18393.353314720673
93813,19927.18201738641
79215,18592.45100750909
96480,10655.113186087421
78841,34548.42729011677
101519,17996.39233191267
77704,27922.458364670358
95308,19828.166948362596
106617,7304.899346254186
92279,17305.655973977144
77974,25439.47627639498
96897,9124.272619838004
84841,8635.84612526822
80966,16275.357037885868
81646,26511.613201659944
83773,11341.592857291911
80357,30884.063464031613
93576,13448.118334273235
76332,30665.014797522064
100522,12030.334934566323
95723,11573.548959940366
97599,8928.422459097688
83267,14300.37481644537
107086,13917.629315494944
80173,30702.660062330415
90902,39726.790641588384
85442,19979.858054184086
82924,4019.7764111963975
106669,21873.402914741146
77358,21383.697062664945
86661,18269.383130205537
101073,12620.088506607648
83897,10854.990632748302
92465,23439.605416410046
105110,18815.327233954176
79370,16095.056540057923
106568,14078.588561772503
106121,6179.843464588982
97194,11198.432931258538
89289,19093.71376877046
77301,22203.66200857219
89051,21550.420350605415
90207,12133.87558654938
95193,18624.933881830904
98653,6613.059646015292
98934,15100.82990727897
102897,10004.981391540594
90845,10813.425406682776
101868,7991.467136099958
95210,16560.931200931478
106341,12239.525772234556
101091,9918.774187841746
98060,11724.944985113378
90026,7419.158886422102
88157,11009.532337263154
97383,13697.317221507084
87451,10357.359635615108
103381,8679.843076198933
93512,14600.194046800945
77414,58135.46728743385
79553,18719.935418825713
96377,7471.175613433881
105001,6958.5591824000885
106183,26219.21305325913
95745,23854.27849596691
107011,9109.46627401678
78953,20199.70917424077
85187,10051.087705387417
87941,10983.734550549438
77483,19669.27394886531
101372,8941.84057480636
83730,9478.654625684334
106166,21285.99185408966
83753,9442.267488766269
106514,29881.64356637416
101583,7004.710372968313
105137,3535.131197074846
105295,27426.87333397355
77657,43628.938257460424
88515,8829.623319582855
93729,17656.88900538675
88280,13305.210783032033
102832,10300.81237621299
97873,12162.171354240536
101671,7975.569679331451
85210,13592.655509411079
80735,24711.72187152401
87811,17412.17358677348
97684,12101.890991804143
99915,11336.16112099407
97502,9732.603706423952
93678,25451.152477206928
78821,16623.133538038335
93898,17016.922492718513
100832,13848.062812030064
104921,14584.825593144189
83890,17477.2909611654
85696,4222.594885604425
89485,11955.762446152785
87460,11163.015560095837
81080,49126.01039727954
87235,7671.271156717446
87587,8499.293663614706
96329,27377.8812469679
108174,9700.746953607824
106700,11558.826218150018
98539,18301.8817187907
105234,22538.311299748326
104708,11468.991668295796
79081,31531.848055326664
90270,18924.94144583567
106057,5652.523284980075
80928,32617.00553059284
94218,23965.906374388313
107429,8383.105632992603
107776,14534.698603581035
105303,8077.135864764876
107166,31813.61298395163
94379,23593.82322548419
94832,4123.129385594646
83043,11701.91370427256
84114,12127.440174338248
84283,13480.836332142213
107679,7101.007867256614
89280,11065.201247482604
89840,9159.976381782317
89927,9697.125068925297
92218,21393.28819378193
97100,8102.444807830619
79443,14793.626860718974
96551,9151.2177133983
101305,11266.383324067558
102576,8963.839016314669
84060,17737.692094320515
92280,24468.14520142827
105210,12388.31257657539
104496,20457.580732175353
104267,12146.609233401847
91491,30667.268524981035
78595,18855.36404106787
100913,6756.29819579904
103028,11738.206810901258
77788,24373.419273969434
89629,7608.619743659223
93781,24047.21073340159
76551,50133.34266105892
84917,12910.58881577333
106009,14276.391833379997
96109,9453.037754608766
78933,19403.585530433793
80386,43048.65013481398
105590,19878.100611155885
87670,13726.738860216263
84443,25863.93831701283
95776,48636.38383934584
96400,14722.099182150052
90834,23185.59068473032
88360,13867.758052087094
106848,25951.2747319107
91981,29107.848125161152
89126,9975.917870958592
104879,20215.293385967507
90449,15752.263124974135
90667,23640.56613291329
78986,10848.983524992047
84945,15209.77302225643
104356,10733.940075571903
105159,20017.510088724615
87755,2801.336483164808
80978,20759.911818524146
87272,19749.825701955586
77291,30014.70551995701
84904,11022.601818306564
99446,17814.381496011665
78688,30520.75936017472
86155,13558.433175083788
79551,37227.494392423476
78281,9893.874014415078
94551,46030.927575676156
103232,9316.411354993108
104767,10779.938677455068
88566,7591.47511476351
77896,27554.68204116877
96885,16738.44818954373
95778,17668.34928723608
86874,10437.551860921627
91080,20717.12814393582
107737,15250.876398389939
104851,24376.90416454493
85070,23500.993947534975
87362,10917.145725574424
92302,12308.365651667455
93294,17937.3772825718
83422,17928.00603157374
84862,13708.611565145018
84415,11339.039386325474
78737,20705.353204573246
84686,6517.337430241634
95112,26804.366208170213
86518,13360.55108598923
84839,12187.817571184945
81172,27422.0910152059
89932,20078.464779980375
87300,10118.579882826087
105568,19413.435350349748
76252,14000.820451438378
80951,38319.39473179369
83509,14318.173689226081
108493,28564.727215985105
89976,8349.632991608622
102525,7022.891789647692
88102,6086.8549509525155
89605,14576.174539843576
92381,11031.09218875289
81987,35801.10565131477
91951,24803.386186183176
108167,16115.460514752549
89798,8534.59441237848
97312,14117.621154477152
106458,10900.992681107035
80611,46284.15890179804
83390,9080.249988218184
84346,17895.016724326615
88061,11875.819865811682
91266,16007.644634826087
99611,7549.092288709379
106366,18883.59843263856
91936,27935.18457383328
82520,11596.352256252574
84865,9215.506110522254
80141,31995.01851126522
91890,17054.071770626393
76251,19004.537358897498
84247,8309.073794622178
91298,35072.512978543455
88015,8617.145024203255
92776,25208.88117605476
76709,9439.302088235541
105728,15718.61787719839
103796,12732.099158865814
81171,22297.446190949944
88413,9773.607080224345
102155,6165.1089139876585
81200,18319.097895740397
95674,14152.082257715316
96157,12367.77636376498
79020,22214.167319818684
103587,6584.757802613476
104190,30770.459540023272
80486,21774.970740669545
91177,13064.195696649196
76909,28877.48741371114
97278,8928.307044459145
77170,25495.12599592543
78840,13124.599501677681
107987,14495.56583299215
104444,14344.645855469915
98408,3905.5974337847547
90629,15150.606128369622
85268,8351.980724483436
98419,8441.944251813473
90747,16957.1769856316
105907,14265.89127700341
88335,10687.789623513374
104161,24172.68405391987
101427,12947.07526121466
87176,18464.407735755933
94012,31141.934929098028
106937,18336.105917583798
106573,42809.924409577725
96877,9179.330417354511
102568,8175.092487871022
93510,20878.973177421198
78820,29895.905423392116
76763,25151.581881628837
106884,7180.463331051758
81041,16073.122636668706
93827,16332.194138436049
100321,7739.51816092772
81450,12004.678319282519
95107,16206.639770237762
93670,25102.395362621737
103551,12141.235588362297
106715,16869.01238704433
100863,10352.9068198764
79259,16949.16053306527
105336,28573.446820273442
88906,22852.117855296932
93039,29160.597686362948
85639,16908.549280066996
98378,8342.668105217246
93639,13090.154641551597
83518,12080.301354302783
79592,13823.912334743061
95678,19045.350240572527
87400,9386.026155257421
98813,13381.883451780961
79157,7662.80838735563
76223,26317.420025027815
95406,18695.143333997272
83724,5971.955282032949
89739,14494.761003289294
94933,21298.272755544993
82605,11049.358347997862
91566,16580.347773105037
76873,15300.167313157595
96884,15870.142613744805
85901,10348.717555785232
106449,22466.46650273645
90672,9820.166407403032
78513,23782.37500835488
86464,10777.930014603044
82921,8933.604931101687
93886,20044.168853602816
76303,14034.305215012415
98243,16365.851019648771
103497,11048.558869852393
87786,14855.169025540623
87780,12560.172095206595
99339,6954.5697915588835
95351,19033.868349277156
106965,12795.01979814045
87540,12263.82494444092
99854,11070.671318991994
102357,1936.3499121996992
90737,5490.664623607341
85392,14865.151222220353
96882,7696.0448335751125
88268,14390.154209107654
106075,22244.581438495803
88674,15666.318692849847
77623,14081.043348287754
80394,15816.669223342431
94942,19897.50931010225
101237,14444.20051086171
86351,15552.730483147523
87055,9467.869942631243
94851,24451.647090381895
79816,14434.33687440223
97214,14877.009625958986
88900,9159.425591004001
97464,11445.263426700349
76403,15910.340905976405
79786,36240.34469206034
83858,11365.009468659207
83658,9775.142793186169
96456,13143.203342899804
106217,13944.232379501593
88111,11626.723680498242
86581,10538.582117350827
98218,16326.229373371045
93801,24086.00225419194
87206,10994.119143112337
88569,15123.177685734898
104348,14568.036985555376
76478,19843.61416472178
101509,17139.055888863808
100915,8489.574095452392
79676,25271.316105659756
102673,9779.307076327617
98151,6951.699780127445
77583,15238.888033686679
106602,35644.9709251219
90134,13092.790030733287
84228,4583.798503544188
100131,11931.80981656533
92807,23887.06824680689
95025,26074.396567348027
79779,9880.214791954997
77216,26348.868015224238
83476,12807.189939631551
88942,15913.2501683242
87565,17643.79807283221
97055,21190.560268999394
97212,21053.758165021838
97321,16234.896014848362
102240,9624.378456899678
91253,17434.58673307245
90284,14476.807684817979
83582,16052.377387537186
81255,35094.86982961818
93903,38144.07947086801
96241,18339.05881341416
99117,5759.2017353769315
79874,30215.40267293407
105193,21000.802650222733
98186,4323.139957946051
103313,10564.508133402387
107714,16101.996044618161
101081,8679.457760556717
79663,8541.012273573971
81108,15016.743055855792
86643,6814.165224617149
90931,22798.866792038927
107518,24595.71302253313
84511,18169.64690569649
80689,15320.858334178009
86547,7586.471926190294
79670,20285.341728901814
82281,24103.741670966552
102274,6020.969475643176
107948,12214.512823515885
97149,8857.498904451402
95980,16122.32751009101
108047,30195.743586628163
94763,22006.71321420132
106148,17680.44830815906
84164,11987.32842371202
93448,27480.577022274963
103837,21002.873743018175
91861,21020.074509474296
87914,11492.959236963123
85944,9280.897003884646
83795,10532.470606383353
97374,15194.097204786804
80569,14677.687201133776
106331,34845.27530302889
93177,31504.351705912668
85257,16020.733507424555
80094,18051.522332201417
98473,11353.841462003893
98021,21612.70452725242
91714,20126.669268941376
82569,16316.53966376675
96451,9836.652897778209
86310,10298.948699740891
89702,6942.809648286685
87577,15439.306157875273
85221,25804.040811046594
100454,7261.154020148591
96748,4781.360191077145
91472,5649.051707743484
88350,5566.88299565467
84386,15557.136134829883
107993,14357.461567904218
101496,5631.979171747884
96805,13554.740829801041
82084,20261.706204933744
94643,26532.272191787524
83871,13577.779021130566
82327,19208.576365102836
90332,12665.873971710436
84949,31789.322673036524
83111,18104.380934237597
92067,19036.338596366775
106714,19308.72949209222
85531,11892.999404564458
97311,9978.462345521079
78102,31892.680245789503
98348,16224.422683396182
76715,22080.70066300797
77091,15567.195833618849
105854,13582.93282033219
85983,7866.424629657204
80823,16218.14591054478
102612,13312.794375933512
104209,17823.076079227063
97643,7714.239371088145
95340,19483.97701923798
81183,47476.84961822908
87928,5953.586605331801
89448,11464.51072825922
98522,10330.255647779608
94213,10457.979191784469
91583,9179.275209469237
90280,10840.680443960264
93287,25432.424868677266
84510,10141.092669962241
98179,20435.65234481581
88162,18267.754294064907
78449,45798.335579713275
94548,17806.78053054409
95056,26820.037749482624
106725,10020.1605905021
97968,6867.829226061554
104923,9778.443014703378
97276,6701.9202580344
97080,23603.0458066941
90691,32954.631174106544
88033,16393.207401056163
90160,15821.419225314847
81661,20855.22999438736
101260,11197.64373839868
79520,28038.649476022914
78213,15807.738865192347
76187,29365.95864871172
85752,15762.061735250718
90729,17423.05748805799
77637,20550.86810897592
101847,11050.724016938824
86787,16318.740669122453
105758,10038.275139525686
79389,31100.274324697646
98312,6558.754238224158
100222,7541.758856040907
87873,11735.945285603422
92965,20784.33732498154
89168,18062.41929652286
82368,19276.20309414123
76505,13948.075273073313
100946,6355.22768312237
85815,7681.806339659668
87705,27410.972334664613
106931,10820.81028935608
95571,19977.92535181164
80308,15603.90215957399
91824,23061.86627325905
106743,24562.1955521884
101866,16032.011252532157
95817,32628.3507259202
108505,15069.41939047162
88722,14572.886034510302
104371,20104.053775864446
93879,12872.962847972973
96038,17447.283631045193
104690,12475.66448167112
93199,20408.50507020464
85967,13169.36878290373
88714,7897.64510536323
99467,7232.158726916925
85701,8829.66252131326
103450,10010.768136386552
96943,10287.456140470276
88526,16241.487803712487
79326,9328.518746530972
92314,24466.724387873175
106373,18908.83806411578
76953,20064.489824804874
89741,7818.274378386967
100458,8405.350708371156
91895,57401.69925723518
92356,16518.725934584676
80632,20792.473283773135
106959,9837.451543046765
96251,12775.21594045322
97996,24320.754091667197
90021,14735.641559198584
94899,25900.474088791947
93093,14379.560636914915
100175,13748.829512484906
89968,6751.092654859029
102132,3793.268947564877
99121,11866.154993043236
92662,16900.619535858797
96612,14682.583498773067
77399,17414.486559015124
86443,11219.697315087113
93198,34107.2757637872
98001,19014.487955063047
97764,12010.656365629993
94983,41059.0087090563
82703,10961.111707256508
94794,26061.8443547156
79793,18241.783677332896
93376,13755.444724553934
76374,22947.791966421497
84045,8311.245017152665
106780,18890.163111136666
93213,15137.427741983194
97870,9695.311739399936
97748,12552.07712835294
97255,9463.13810261249
102668,12076.979285843056
105898,8831.147712585358
101786,13741.025067766299
87690,14463.474068727624
86329,10917.145725574424
77696,33457.73767571889
104321,55021.30012117025
86782,17048.578332463247
97134,27861.499542221205
86684,9759.05087781702
95509,28565.179472530323
82314,18482.391099574834
84124,12033.359281142166
87597,11001.574523386624
81357,17481.93148054855
95055,17117.265352474235
100244,8940.118153070956
79271,19879.01464381364
82043,21938.60298233578
96348,20873.44209558239
76594,18108.667281160528
79552,17599.954958750073
97181,14336.370726593763
99147,10881.731815727748
90786,7318.3443087431515
96203,8284.765461489584
100288,10713.503940534536
81529,23985.47266323898
84229,16476.845704069096
94332,25186.51644504988
92714,19178.72048005654
107716,14177.602612493287
107685,27448.47624001757
97836,4630.387360093925
98284,22390.266518314347
83128,19079.099340130848
105500,11857.97246787444
97781,10521.10270792894
99341,9604.226571598534
91793,27090.34430732811
76224,16680.78941060329
80840,24397.077743569047
94587,17395.76117083345
98667,10447.448524650326
78973,13403.261592122644
85175,13130.21764028664
107489,45755.195611014155
95790,13027.11301189014
108044,8122.248481506039
80652,30224.440205914445
76007,14709.197477575313
96039,9049.82742707928
102618,15450.532937475346
80863,19063.970910500117
95695,20020.329343783138
78815,28131.425009992967
98063,11299.612645396084
83732,12893.398833487021
83190,12342.193060727523
99504,10061.786539136896
82372,13858.771372681485
77977,49308.00600550216
81688,17603.381767464158
80154,20486.06752082293
108106,21798.14709104908
80724,20416.47278841076
89190,9077.243446202885
102321,16040.484123373764
97375,10975.8327221994
99379,23819.691551644486
84767,10446.489639679514
89470,9634.796700518635
85592,11536.215100381372
80381,29625.860869999273
92149,30054.493135563524
96044,21642.872377145424
79041,12104.538220189275
103108,18640.9100013775
91118,19291.14574933804
96434,7829.891568318825
86875,13655.701569881974
100326,10274.132153801329
106416,22235.885978816616
88074,9294.647416453823
91579,12228.372384572627
96819,29266.368696381152
80373,30193.038106625823
82681,10239.081065031443
88450,10227.502982482049
95040,15174.508871971471
76720,11829.4462995409
94576,4302.82545187027
82502,7020.3155872726265
101100,7920.706040700059
104522,18605.559615043057
108039,10013.546675902777
77894,47456.44152194477
80888,13344.829782334793
80366,45229.33463457799
87653,7681.685358067696
98083,22740.679388114753
89042,15552.54756947763
102520,13732.239928995046
101620,11146.843765682415
108340,10153.580311279724
98465,8472.437502024084
82307,33110.06691749242
107499,21235.12820657987
101440,11255.801784413045
82392,26061.596620831777
79371,19354.65293455917
103916,14483.862285736723
81192,12323.664688028506
108185,9047.361942848725
81811,14368.400327071608
97993,9384.68874346019
80214,26154.642979556276
79896,19885.376455747457
86793,16052.376294630829
100548,15491.621304308082
98986,9226.760361542962
82411,11047.20458715098
98467,7611.487600317696
98645,23545.300578886927
84530,6820.834362056873
86479,6795.050664064344
90655,17180.987099698392
97319,10673.616386088705
107749,25753.95173653889
77199,27809.42170408803
79255,16572.824869448472
85072,8269.49206500233
99421,11627.229279097282
95187,10882.771260956342
103262,12482.521092574088
94589,39513.511849192604
77608,58272.94271384986
89729,7142.718617521912
99171,15438.763998369768
90914,24451.647090381895
83250,14675.55903671454
83275,8106.907897726127
91269,23795.9161977831
83003,10189.233160614995
98988,17966.97794890251
105748,13921.498199020558
77688,17376.292082324537
91090,18124.82432426096
100544,15181.093887554889
96608,8858.796473664084
98784,9334.204204527434
85655,15221.688794008724
104236,8774.703856274076
97437,12404.042220550618
100150,5567.121698374081
96911,31205.411577487346
87126,17571.83640575684
88544,9848.868023816683
97889,11650.154020448022
76768,13308.248718803237
101722,7669.844990952488
96407,12952.920438542076
80640,19712.86626210931
88000,13709.17068257696
103451,14764.601048848674
80542,44251.24184083284
82212,14252.982058777701
102407,9223.782143862634
79895,15220.31740518229
95909,17764.1191274417
79646,30880.482709642612
77051,31272.03985966486
79375,25722.89037592192
92023,29917.54495275922
87608,8918.099711096875
77731,10544.710180726066
94671,21774.24253625996
107804,15859.074206428304
106359,19950.726222682344
102758,5492.882378294031
76944,38069.8067192871
92103,15827.161282136896
81188,18346.541474770704
84157,14515.899984198144
77509,26806.995311653456
87332,6173.282807895478
101597,10207.530671109547
84021,11234.276591227443
79820,30375.588484866108
102505,11856.239916390905
82887,18523.416821917155
98676,12384.30444575176
89288,20518.509858796213
89410,12668.76469907674
76489,13772.670984915487
85587,13777.879683618037
93752,12796.713586685346
104857,15124.121715984586
91582,29476.852454297154
100760,10216.385917796419
95388,25207.379956094584
105606,19783.117655002596
93352,19897.50931010225
102452,12442.644782164714
88997,20079.678144081376
107478,18186.293964064756
82604,12978.09754192815
87188,16158.44497557738
97769,8553.311598607039
77941,25374.18910175683
91489,10564.348185193918
84501,16011.100959234083
97428,17491.89034961805
107961,14993.293796222333
106520,7518.08019307263
82860,17055.651053515383
93232,22080.279967183265
106592,6998.511163831421
81719,13120.352343570732
81658,20892.847683956046
92676,20117.448366304732
102253,9639.254370185494
105237,13440.283121405731
78527,21439.059131905386
97452,8835.395210079207
106530,20875.048668838997
84118,12668.76469907674
84314,11694.662320935993
92313,23795.9161977831
91271,28413.62160724764
86067,7949.474750334488
100751,10216.385917796419
99647,30588.389520278753
79872,65662.81758112746
89703,22262.525620630186
82985,9117.8324648803
86719,7028.96300521848
78249,31422.334096883424
94826,25394.14015065097
80867,33496.50731154749
88405,14016.969217719023
92596,18624.44686517872
90699,8127.747983476457
97504,19934.60416962732
88236,16873.220708533616
90859,7620.619723459291
84327,15954.19804890543
86926,8799.142173413145
98478,9057.278684808536
82435,15143.4698089761
105477,13682.307604499032
91685,16121.446680204988
77406,15578.05149228073
79806,23763.245476346798
95728,14004.079326796065
79181,21676.49354435524
89777,14233.672019422565
104090,14995.931317110804
106849,21101.58828505545
80612,21017.094135304495
78114,15928.622965674349
93850,28459.904755955737
91913,11660.414631985128
104359,20456.052683685448
103818,2869.351100439253
78505,9578.2112890261
78147,8494.911068603089
98618,24893.7322263884
80947,17305.338799490255
104926,9113.356252768343
87266,26171.17018978842
100085,11238.964694905277
99550,9531.267359454561
100618,15083.953208501072
88609,9322.590603979563
95379,24113.268544132177
97130,21943.7283479835
98078,30136.879076985697
81543,16723.43492666756
94442,16933.053799529276
88513,8886.930794547416
104084,16972.25307823338
77862,17001.358448313178
83231,13360.55108598923
80020,24255.308902665394
88533,40437.58120400149
89260,15707.774736572523
82264,12413.136131370533
84569,9725.692625921643
94361,48389.242457592954
76511,20777.255040604556
79088,15074.656108620527
85645,17483.36652937866
80492,21305.254067819238
82092,11949.216686846019
80792,16480.394451452812
79022,16722.085435794048
92175,16176.771271986023
87149,15089.122810939023
94676,26150.649642404835
82453,13401.222690633931
88623,15364.08465192178
93157,27213.923125111713
91767,20940.2412397239
82525,12602.426414806087
83387,7478.943653895794
104711,12893.988987836874
82040,21628.942751044466
90973,18279.26398793857
85628,16941.997361667643
96701,11579.541387251118
95441,14827.539470565853
104513,12775.243899448385
91247,21111.7822990901
88940,3045.8999459046895
77571,24016.151189427877
104299,19370.30992691368
92609,20798.945010942007
85134,10490.028524795569
81305,39554.048054844396
77683,27113.050708973144
89313,6016.843362255568
85999,11199.968052966147
100266,14705.78915229802
97102,14245.393181749778
101321,6346.017956354179
108299,10598.88227086189
85057,12665.431600824913
84995,14228.137171632881
84612,13489.549879207594
94300,20199.17664983062
93656,49991.11589659187
89647,11380.644925233171
84389,7946.663917969596
90197,7884.96992239588
80844,12323.664688028506
105331,20539.04166249561
98831,7295.473200878384
89697,17699.65352047137
103351,10281.659680331673
99969,7093.593297294995
99325,12551.198258628143
89198,16863.022083844065
78239,16494.727079111904
82481,9089.591381635915
83655,14634.929183543196
83006,11165.019555245384
81067,44456.30097447721
82451,15048.063716514844
107390,26182.810729576875
101406,13154.548108284114
91715,25660.694026750327
99989,10249.07409982955
93206,26760.670605382904
85902,15023.135527748422
85195,16750.003261318125
78130,30156.431772949716
76552,27140.105536990006
89420,12820.29296563813
89566,13579.554531352163
94682,42977.84507052515
87373,17193.394411818692
83481,11357.586844122014
84348,11234.276591227443
88809,9706.760839431718
107886,10777.161360915412
84976,17964.218685268806
106340,17537.708593904674
87849,16134.829751453655
78363,8101.018342785988
86657,15954.19804890543
89773,19636.91845065362
94449,23537.080134810563
90861,15567.754793108728
91749,26641.608069710608
87090,12586.818409776284
80200,25100.1600877148
79369,24660.752003680256
101679,7934.293193309198
88080,11807.542484938876
103400,6795.600415446866
100960,16255.287808561685
106116,10809.916226701134
76678,36435.975777881926
86832,4475.023614394974
80278,15652.679918985428
92718,15385.214950783527
80121,24087.29830817005
84360,8054.096614686113
98000,11724.944985113378
86852,9598.495957818932
84665,4526.150435497851
104032,19828.073856126393
88348,7232.732028896209
85919,13965.482986329895
102408,6104.0165440571745
91678,13528.738902648696
86965,13753.878452930689
99748,3811.345599618923
79192,18122.501069543923
100469,12184.184004509101
102772,10702.881727836868
89526,8421.265237881558
96191,8546.402433151981
99222,13247.083306570372
77086,34335.89965413386
84447,9262.34590564065
99981,9912.430289328271
106052,21121.26949307395
79612,28956.136160891285
106792,16648.100039726378
99124,8121.462325767476
79678,31227.355950870726
101632,7282.649707379482
77692,17051.687211520904
84345,7248.076781414948
95000,25538.68303573984
83015,8887.411823338796
99423,21164.089446160327
107480,21662.119438946924
93765,14322.129851243508
105419,10078.264891865194
94052,13472.11084898705
97432,12554.492614778324
79133,24774.387148792495
93225,19568.62507302709
82956,11137.359936028668
101231,11309.28548514151
78727,19075.18891654384
92150,25854.58166765875
103869,8210.719888389318
98266,11244.39146339033
85017,8681.125615789586
76853,31422.334096883424
93027,12978.47071394903
88493,9816.462982089713
104829,28169.008067084695
87800,15551.389769410416
94723,19456.119250497628
77219,12417.009815113146
94891,11804.024019118124
81656,19144.21414085175
97239,32434.58007723898
83620,13355.196229768437
93312,20408.25543908361
83441,8649.831027910377
83959,8452.029296279785
83653,15040.784026836835
103364,11523.603153748048
81279,14786.07492039015
94483,24115.460439160175
78683,12467.486510948416
80423,29932.15464962339
104442,10987.38548713062
102026,9301.37531723478
105992,14083.715840927814
108007,10539.114188303905
81476,15946.009881207838
82770,7270.954755595561
97979,12048.748120232454
103866,6445.1581492269515
83147,20483.478298039383
102902,8106.584453120837
105918,24784.315890304773
100265,12917.006791455437
86165,12107.628073410928
107697,24245.53564313823
94497,27813.641163726348
83540,7785.152112355255
76617,23744.669153117287
88133,13596.182320251104
92181,25133.12920150589
90065,4429.546832985439
94177,15228.77117024307
86942,11365.009468659207
82629,5398.957630384848
92087,21642.890678931475
94508,14793.090040750798
81678,16509.823102135408
88106,12048.361229891338
82869,17611.845236711626
81744,33105.882026128485
89208,2481.7513751595043
93035,25183.81273792756
94656,25102.491093830115
105571,12756.9437105263
86332,11365.009468659207
76711,20773.13252312325
87423,10802.355778986828
97343,24757.878668978967
89591,22371.274922698904
83291,2955.5586417307927
76146,15946.516584410534
86683,11135.849979897625
100726,10198.49153602775
102328,10344.539155222192
100991,12613.857524485678
98049,12453.334217273541
104948,17606.398209121697
103129,7566.376100414214
87892,15655.700679143332
90770,23622.028906958418
97113,14310.80187475885
102422,11540.452902321025
82462,13619.361311249366
99700,14756.725829510387
103799,6849.156897181609
96959,13420.493824582803
97715,8462.387488703742
90880,11299.358311824988
106632,13600.777856062767
102656,9528.525253832016
106686,10049.299439347664
97346,7271.24502009691
88283,8353.115775050543
102248,12851.73057534931
89091,12846.417272911953
100474,10470.72231064521
103428,7850.100364779225
82698,7470.2509796835675
107510,8911.415915971904
99122,9194.230309214821
93152,12388.618426110008
78084,18693.25094934914
103130,9710.610718282865
95826,42202.698118185384
94977,24729.302063580868
90104,8757.92912310179
89105,3133.424468012577
95397,23191.20037835881
77476,14356.272391944956
80208,14171.510000504868
96744,11983.186659616329
81310,18547.84723891324
88688,8067.961197281825
100514,7601.124528573133
79490,26746.452240892508
89236,11265.450447805575
106677,13716.536819644565
90882,14095.21027673799
105048,6852.559772611267
92458,19165.38532354402
91682,15529.553837309131
104659,19292.643384062594
99559,10044.945895274113
82608,7903.747427804602
98793,8584.251451658907
101083,8430.994366160425
86469,11166.141499050105
106304,11143.910508124316
100515,8733.316852597805
97006,11451.541387215118
87531,3298.610749223071
88873,35956.53483123175
91700,15519.053559689713
90471,17654.02741166782
88077,20978.517731794647
95546,46604.07630114836
77965,14931.104198683253
91548,25361.303873439098
101360,15607.369356850942
89845,14503.573224975193
95934,24368.772259099485
103745,11791.795131348192
85862,17255.287042239248
98424,8972.597824667546
81736,23717.00376033718
93391,24936.37129254258
76523,21712.89023069431
83573,18479.01285762315
103118,3810.7993233523184
84399,20343.486556134783
84864,10271.530475581198
104282,8944.666683420364
95389,22492.338956315227
108097,13266.40661545196
94999,11429.108321126843
99345,16308.398215158739
92946,42129.99937501145
104048,13636.350124776345
76817,27433.667353658606
90448,19682.397190266296
107837,10292.833539909712
91182,17591.594885813887
102654,6951.691323755232
95298,16811.23200370224
93659,23483.39444651365
87866,18430.029997021735
99990,14007.357966660518
102469,7370.6818531009585
107351,15070.868098323786
82490,9000.316167800665
80756,15961.913821820805
82365,25790.036270429984
92332,15081.110014548509
77456,31542.390881958494
81007,26206.873888320068
82391,25057.98042832005
84647,19953.83893070651
76296,19174.345167846903
100192,7594.081394559722
84547,13837.800822273535
88877,18341.367427484558
84254,11137.359936028668
87836,8796.401034846564
85970,9391.674248763844
94834,13435.617555023242
107159,13438.635803468387
106800,9948.936678384734
101989,7247.82703945031
95604,22304.532733361975
103637,15710.034825571496
104301,11675.335864246317
83799,12849.655638405144
107855,13466.460889179087
101506,11297.860423283293
86644,13977.324376347242
81902,72976.62227205726
90490,6780.161688440508
76314,18407.800133204866
95360,29546.359257754113
96272,8400.147908039704
103911,8428.237360745927
106553,8665.851443137823
106063,15388.77448240864
84179,13567.62835572012
106912,13068.921127861679
103819,5715.2752553512
94009,32186.326703073228
98285,20488.656047308283
81101,18464.72665147996
76806,21226.701266319447
79127,13205.642091311924
107416,12857.247107879391
93786,25286.203032909398
101542,13244.214288820707
101640,9465.841247788467
98800,15878.714860051532
91451,35308.52054419234
104033,14633.267650766285
105550,21221.694410727512
88203,16163.876604494097
77481,17222.34375414408
83704,16498.95496135269
94474,21829.17575294899
101924,15943.086009445964
93203,33852.824465406076
104628,15407.678850273616
93308,34586.21342556787
81984,24555.86680671591
93228,24973.983899254366
94247,19165.38532354402
85162,10690.907857862167
104670,25973.87350645083
80875,48189.142466195306
80850,25910.02582428246
79475,33982.76363825157
87229,11786.454010905036
79162,16835.193420452124
107652,7568.936987807
89835,16384.63527586242
77430,28409.16062770322
97568,14272.552371083964
78947,44932.14334047727
106692,10016.910042791893
97127,4182.165267034793
80876,29274.13614091934
100152,8604.277609669298
88949,18349.3340159398
95804,31163.99827879274
106833,8871.996182974151
89283,12792.706544294742
78115,45716.847572957326
86941,16366.253192089589
104794,17174.4731684366
103892,17471.027405672456
90746,14147.967428057978
92996,20008.194581123746
88679,16203.282262508343
101007,8631.840969631712
97824,9982.829743810986
85138,9557.441766843054
87869,12426.107796518174
84266,10356.012976370963
88682,8104.104947253358
84543,11264.0517127093
88967,16353.256321904417
78831,18889.483697043812
80227,27639.244364629743
88995,10332.024020134626
95761,17149.113000426718
82060,17710.81274790614
78253,20723.977081496134
81193,26025.447668034056
97309,8385.747907789295
93654,17987.799230888624
91399,25171.166998041143
107195,35936.786639718215
82137,18617.50039524128
108006,13870.430443720634
78534,56573.70549539418
75979,34045.15829236367
78847,9443.63864959841
94746,10991.644073355295
76591,14801.025985036753
97366,12891.979212746457
88756,10838.349105055077
105074,17282.544159125442
107641,25341.636109915067
103717,16504.14520539474
92559,33039.17717690259
85453,3383.3620108448827
91736,27386.40281018833
100632,12186.274108485572
93314,23629.09632654399
82593,12410.193956949854
105791,19707.861803558695
104431,21672.83254811814
77967,20220.628993361508
91373,21199.621179359794
86095,9011.352462171928
90950,21020.876541302812
105410,23102.171388565934
86516,7839.582983263576
79221,48176.32104288933
86603,14754.242258146309
84058,18289.18980733641
101017,11682.745464080854
103065,9912.430289328271
102817,13417.898188259673
106443,20732.07592848225
96455,18003.357110785626
103514,10278.686541128893
88407,16022.637878825071
104658,20279.333895225303
83823,14579.43834712759
106801,18576.817238888336
100859,9862.024172189596
97156,7654.551973956177
99816,9445.170667091807
87726,12039.226843737471
88783,12075.440727817058
107654,17291.301113062582
102420,6150.251708046167
104147,32214.94598213023
76019,11599.697691049598
86158,11023.101057216514
82852,9878.214085086047
100871,14576.141292548902
92537,14984.52384411643
92028,12704.326868279306
78319,11426.832419829112
77111,22070.62510942954
81426,17384.611616709743
108336,7732.217578550136
106048,26673.922836768088
108482,15255.260383452729
91336,21090.87513835031
101242,13797.577066010737
108309,18547.13768837735
106397,4704.264311203925
82413,9143.237875550425
79355,36408.25651120645
92826,27869.67680392456
102020,8852.591307957413
93857,34787.63249416313
88875,7752.997295234502
81926,24529.54199856364
79236,27073.620668969572
101106,16792.98275498116
99069,7699.845717982263
90017,7632.22904338852
101706,9454.864217910927
89701,8265.274534530981
96760,32654.651502377168
103901,15012.758496278135
96780,26474.85798669716
78905,18866.151550773502
101894,8643.995517197922
94657,15643.213875806307
93703,11773.161713584916
98690,8939.251187162321
90597,15421.992587777786
80138,31099.440135463654
97044,10313.847562209441
84258,14017.008692556516
98543,16351.36333731565
99833,12937.729763832253
99848,12368.781304205722
89178,8445.142560658342
105598,17352.880398145688
95971,26183.15647994289
94875,27935.18457383328
96048,10262.277086743112
82606,18231.102646211242
104545,9682.991431076684
85571,6015.860652704562
103757,16616.191262707598
80192,15472.85943261676
100422,6195.931594697055
88065,17193.394411818692
83544,13772.200276811258
76851,33825.15583932163
90464,6485.214278566166
106501,9558.234323405826
85011,19854.357797318935
102308,9593.731169896735
82241,72755.98985836294
100655,8243.63995197953
86477,10652.662360885368
90830,2406.8016329356265
83274,19300.888276917376
83251,9583.95527409817
82122,30624.639700444593
105600,18388.24043785134
87514,11197.541265047626
82184,29810.85093169816
84829,8168.877840733241
90704,30662.70422692046
86306,11492.922363680887
105655,25268.72157121051
98964,7298.530569015583
87189,18677.818619770922
80116,16531.762424741366
78366,28413.433577142812
103668,6150.251708046167
95799,25241.245205094434
97496,13307.584024747575
107112,14712.11921748509
79698,26609.88026156204
78946,32939.84573895816
82843,8296.016450315377
108537,18238.703064530884
93675,31769.838492198687
93629,19647.34618235638
103134,11409.693893517686
76458,14045.203202650102
79219,22456.89013986754
93401,20216.62677762037
87666,10472.78960715626
97697,14950.301264750633
77945,10675.354435113535
76173,31800.56377173886
94835,20850.69868469902
86700,6970.714846804094
105682,29453.8940406449
88546,21050.7921693169
100486,7856.90693089125
98187,12269.60715493543
81395,20616.430210804196
104408,13211.56729221496
79922,21044.611562007263
102955,11522.624658917934
85515,11364.216714041573
100490,14012.931908464994
91070,35089.31421362881
81321,25146.642751762618
90925,18135.839558852687
91291,29661.440658310657
83986,15756.634615456283
91729,16438.221007867116
95830,20048.670080822292
103720,10509.024481128605
97023,15444.339676599366
84892,7028.4911853197755
86618,14905.101448908312
93094,23663.242083957914
102487,8142.4593455622935
76952,32613.90198495304
90121,8772.596474422866
89687,34564.23426948909
82663,13989.548913986924
80253,19565.022738858122
96004,14216.90214924984
102267,7955.089394069123
77777,26083.476291391995
85135,15589.203806055433
103806,10453.181985288578
88031,13713.310146221987
84252,9274.201363539369
80246,28400.381392980657
83445,11614.241220514627
107528,9635.52453214259
95161,45083.71034751171
105132,29035.96355827663
107504,13144.500145541004
96720,21735.812681937085
86060,9092.388073940812
76370,14162.399456390318
102092,11989.967279848588
93523,16548.448105373136
87963,8337.749541544867
94183,21020.876541302812
77548,29104.327354113833
91116,32104.69096800528
100013,13353.389267051587
105525,21551.786002549834
104210,17039.753506546593
91137,15032.248276187142
101960,14705.78915229802
80662,31517.682105828997
84914,14030.014979767517
107857,18790.86100497446
94916,28600.242394133224
102858,9667.637842120432
88182,10029.110036914057
85339,10957.856797170427
98692,20288.036277084426
98460,8814.541666252439
101787,6288.442212719513
105924,14471.622094666818
81440,22075.73899411488
107043,15091.73092272029
98747,10221.868047213546
76065,17062.359704433627
103452,10594.079131788829
87162,12041.131413763183
85972,6235.920403889595
95159,28231.11607101507
81106,36979.22333108992
106324,21892.523522484797
86957,8116.554817965659
76900,13147.970980095735
99319,15085.573241083992
105884,22221.02944911162
82889,7909.972754581369
82253,65661.5679467549
80818,9587.20601301362
97074,18390.685717498167
103269,17085.84289383228
78298,16924.812700837276
87216,13673.98486613811
104853,7302.885175111562
96298,20090.08274469235
86803,6899.89084336781
91326,9923.555304319112
90948,14958.48197311784
102795,11014.656897761832
77163,17815.571693660404
93519,22939.8029259543
94980,10242.839190205488
106455,24351.68626824668
88860,8409.886998928116
76536,31054.072291296747
106556,22409.726540349086
103002,17932.01099058094
104193,9313.75795171496
98247,9309.891113635535
82529,9533.16908096329
90499,7085.19168736596
89400,14265.052452671136
94595,22212.685196682847
85870,19412.41083213068
88424,17939.330401013893
82715,14630.548086437988
76324,20903.49258519667
102259,4175.630721865634
99192,22374.143080205547
81437,13272.973329797433
97208,12877.604947478847
76420,15628.392426214874
107557,3802.116797213223
104202,20984.761231232034
83400,21565.345042932502
99664,19578.616223592257
87781,12060.45249342968
105706,32122.863811220242
86320,10304.987293828373
81907,28083.89313520833
84881,7834.570543431701
78575,13880.328219676318
101857,11014.656897761832
104378,16324.063088190665
80281,19167.476660094744
88208,22268.003541108872
85864,7279.710977802825
86973,12759.660551596355
101072,2852.342501501828
102664,6377.196861064568
107949,10697.776635627935
88832,7692.751686612096
87046,3201.6625371471027
98930,7762.788343409841
98721,19709.7388633346
103249,9827.757761140894
88230,3504.7830272239107
103604,6440.803602522004
90645,7683.798306467748
94246,13986.137783350507
93604,20410.29692195532
99287,11700.71181350679
106684,17436.936454206883
89506,18471.522271619942
98726,13369.109810917624
77060,18815.985199695537
107323,16790.267081368078
100559,7385.949579821379
94511,23842.239212823384
81367,26571.199081433246
107185,11514.520047097225
87243,6059.689943866677
93241,16699.26943570779
90899,23158.327274382314
92791,29854.793562671442
97429,9173.094025413338
81883,37673.508138958874
82428,9583.95527409817
85224,11540.620736296476
90818,32837.01376816656
107186,16037.420134087975
104489,10796.971457976044
77026,17400.8772809918
103119,8071.199631416331
79360,38508.31109484678
97763,6717.035785054987
81434,24493.54534847291
102270,8924.896952711988
86171,23415.261761900285
102255,7177.955734030871
91018,24112.406596297256
93219,18645.26439291289
107667,19327.85482792593
89301,15588.717028475896
106869,9635.184642127702
101867,10490.799179884456
92922,18762.561138099518
80057,23046.358613766224
93951,20741.915138895867
89450,10104.790890301136
99681,15148.450665479348
85661,16319.813579869538
76072,30442.110832081813
81693,26034.829122834104
77375,12326.095193821517
77649,30524.117816966438
105904,19435.89630509145
81679,21372.312602809034
105555,31237.624174005094
78762,15776.59643056038
78590,17264.520681981427
92784,17459.931639830866
88497,6173.282807895478
108413,16618.717256430507
88994,16559.218819741654
103426,4978.295003948591
104394,21940.501002551002
88703,10805.066160078746
97376,7377.790034576397
97470,14862.91719786474
88681,16521.690462077517
76599,19308.139407683742
104274,11187.16173945553
89590,6096.50527566795
79749,43048.65013481398
107386,11627.402908544584
94829,26272.247777098306
105123,12267.713161226913
97602,21619.045042265683
93900,29157.236908914885
85986,9854.122059299614
78014,30419.647500330935
90073,17354.18629468783
91815,18029.37439255898
88067,13040.723542607797
79079,34106.35993036549
97590,12334.042555799046
84491,10263.202746126997
81997,16789.000792987652
90875,22822.821767940863
88805,17118.42495339581
84708,14190.16902054749
108010,4924.724057682492
96549,10690.126394682085
79023,8055.152072701711
80493,23866.641663482296
98860,12440.352001096504
99938,9721.97227597573
91154,28302.38146712573
102202,10260.41738287471
76479,16889.95383203177
102548,16215.379876095794
107979,10107.810187478026
80905,36252.373414434354
82630,11720.058786966069
81130,20361.06692674374
105382,13224.988728967448
101905,15606.324625824798
103353,5309.760793701281
88275,15615.179634346932
88052,17222.933867250744
85537,21231.437649694177
82742,4719.664338610978
105960,19222.66401597009
95151,26856.725652161684
102555,10730.122305882587
87742,8352.19955408831
107219,24404.640347735512
106170,9893.114050758384
103341,5995.830264476312
98947,18336.90617826866
90933,17292.136347573894
107651,6663.094796680522
107937,10426.138760173297
92742,30028.757646548092
91138,17586.09745813564
100134,8056.6727903161645
83718,13560.978903096277
86977,12224.590531700293
102165,10503.199537022174
91372,19101.28424744791
95812,21715.63703938178
98911,48629.12651015611
86966,8138.37885456353
107280,11392.622031702034
89020,11433.495238068796
85167,15552.54756947763
100394,7897.635031721776
93450,16567.455378202867
86838,9737.732760813627
107563,19574.09934539354
99692,19672.734251980015
103946,7566.376100414214
89586,8236.35061193404
90733,9723.408298386667
91071,18703.31280672056
89142,9458.130025328173
79359,17859.093845215317
94435,18879.90052292949
86980,8886.395949183832
92661,32923.17486424099
84734,15689.787604624607
92829,17785.398084479708
78925,30669.03583545569
88863,9161.838600891964
100507,13593.280843493278
97469,18013.796163791765
106358,12236.33161805257
94446,17592.875029931667
100068,6941.061376545266
80005,26551.330099199953
106548,8661.74983567116
85323,14266.129456308892
92629,32429.20008644669
78057,13676.549776096503
99591,12474.63377798475
85307,17966.408822377576
92660,29603.720278038367
89525,7388.641071216078
90953,27386.40281018833
103312,8894.854879327138
107912,20216.234631792635
93292,19513.65039158787
81638,39953.671243029385
105433,16424.411494539894
94804,34962.721685853
85666,15689.787604624607
87338,10624.616578012989
98818,24316.230095274754
91960,22205.917988857826
95612,23889.73540756303
93399,16958.513999916522
86492,11357.586844122014
106169,11543.753744850392
106699,14256.597981169587
102175,20836.765606694025
83555,10352.20342076478
80941,21234.20461474672
91366,18528.03258609482
98045,18535.601118267423
86988,20018.571702135338
89139,14174.455576729122
106277,13812.564070370088
76317,14334.420855399945
101300,11731.66415689348
93086,11846.192987669345
76936,20786.86772524551
80711,25065.698957149812
106659,12086.946369556956
78296,9168.66054220001
97527,4210.794149798224
104494,32616.00659342643
77982,29918.486968373723
86456,10454.42484341895
85161,17948.413479614097
100583,10240.189478849812
93063,16211.74090893598
85331,16753.316138491653
101731,14430.28541892582
97389,31665.38896902615
79902,18985.391132469565
89643,8025.696909113999
93175,20331.533022899996
98389,6163.952780540164
91334,16463.789628543742
98514,12575.543845855618
95382,17866.276843355714
77018,12152.624847182522
76437,16704.207352938483
98250,13567.553242940541
77104,22315.661988289172
103059,8200.72837430036
83308,14729.82251021291
95106,18541.326486647118
88684,19554.008015341147
100870,13626.015603455531
103498,15399.296310216123
105342,27891.56632923534
81398,21919.197044893226
91833,29468.983046136684
95311,19385.05753733912
77369,32096.770156607898
86011,8245.829794193354
84952,11924.465604037287
94056,18342.813531022704
104796,11382.10155710561
101571,12023.646599659494
77188,15864.329333374752
94304,15561.262317077224
106008,13671.644335814279
79849,20658.265189419024
106099,25860.87905614905
105086,11157.808593397232
85658,8106.340675971679
102040,11272.647809431803
84343,10679.97951114137
104882,5547.009979300291
88582,12840.109774662498
90328,20821.11076343652
90536,10851.385643426542
90805,12190.870372033058
106058,30744.107049168415
78871,27984.926381131187
95489,25872.048100023618
76637,15798.801104403543
87818,5373.095181485592
84478,20691.13970100369
108394,19104.507162363432
91676,24004.857459300776
104964,3261.07253257007
78506,36641.41325193039
92557,22805.840947359462
90715,16055.078772310419
101721,6591.940395851249
80715,23054.45808580162
81705,28920.699538116052
94219,35318.917292318874
85893,17237.0881463204
80550,18138.432860341898
86662,11141.863452493677
85271,21041.269736715625
107075,21981.808321170993
100992,13344.665720357074
97396,6795.765186030566
103943,7940.3485402967135
78916,16022.940267653905
94516,18795.473276086712
105411,9256.85321302842
78377,22680.91217500433
103977,12851.061192734858
106716,14528.142665678484
88465,16921.27098443769
77421,14384.188409828774
88866,11721.927369518598
97787,20529.913704951083
85063,9926.016480407921
92555,13901.362790162679
83695,9638.45836946497
81797,16176.320727949525
104241,33629.889630530066
94730,17044.326522792784
105191,15137.543029951928
84112,9075.943281220354
90379,12091.272622046488
88992,9765.121012566151
77423,22299.18244313948
85126,8662.841743572915
78691,35418.8304717829
80320,37534.40320535179
96309,8896.495778220411
92577,13258.61872202413
78891,16154.109159417423
86056,15913.2501683242
82129,15619.250437826557
102436,10145.125039212053
101469,6164.033129933285
95885,27106.805153203706
92879,19052.999392589358
81484,9780.524947613752
95550,46734.358670837966
102726,10084.102891548233
95252,21230.48701872938
90695,11389.115635359824
95863,22378.331346994557
108338,22121.64148398045
105327,25325.412556376592
91616,16820.345342210177
83077,7920.186372678554
105582,17143.853759992075
84382,9394.904993371865
99666,17161.32320298175
84818,17407.10576706569
78498,43691.270882120385
78378,50031.313425981825
82799,6079.9265930903985
81429,3952.519136512324
107572,17321.30203744685
91279,24235.07786558275
100475,6939.648383743056
86325,11061.486923780616
76825,30194.723694100405
107657,9251.601678365574
82346,10528.55635234214
86687,7333.407837743804
103471,11121.304824912417
78209,19620.16026639337
95328,12629.827208799157
100363,10861.208751573617
87672,13015.552439358462
98994,9703.795001103215
83549,10395.800414480751
96370,14359.78743535456
87842,14556.826058758943
86297,11768.525910488397
96716,19350.714882547778
97492,20365.594036147017
92786,11367.676858202423
78254,14967.00690431877
79291,25216.76002370502
96050,19502.55324852825
82240,27750.1570472919
107938,11076.04604138847
85258,10234.062924496819
92512,20407.256106632696
79919,25148.524028112297
101410,5726.343505484107
88700,17824.00810006681
91847,72714.04265759628
101835,7362.179397513915
99878,12550.054846747114
96318,9077.917788350538
96245,15737.226536005923
96194,21369.294455611398
97973,8550.295926042892
76985,23458.909024796758
100002,13674.988363083517
91364,18063.318999971874
106980,7967.731072980257
76285,20281.174039407353
101396,15849.804084756897
83368,8819.23083321891
92820,16040.818676254727
92264,17335.963214243315
84052,7601.531012708093
83928,10316.042031903413
105324,19413.286805897926
98502,5578.865351357511
94457,14442.165401936516
79073,20663.596860127505
92738,20659.663324181496
91008,29869.434753708883
76447,28933.970281726102
81627,17704.057259700126
97016,11536.618647878851
83182,8772.149607737092
95791,25051.61498704022
87449,22862.565289341972
90013,23167.556903621917
107223,20555.779826202954
96785,18274.286188620114
81473,26178.437186165505
85403,16451.00977838613
106473,11307.253721047024
81568,19881.68143274595
76748,16209.836286841051
77020,18549.801769117756
93210,30622.78908456804
103955,7346.3231102368845
86509,15452.605965114977
78291,21668.249349686175
88895,10431.766532672842
98026,9774.257834788812
108410,24451.72997122124
88039,8438.489202577082
91193,36241.09122733514
88087,3383.3620108448827
88708,15689.787604624607
98485,9758.727992910473
89847,15279.639865042327
81318,51272.8067455606
103971,11894.818955325989
85649,8683.76323719789
96137,12482.990721602942
81112,22912.340338568374
87825,17921.547542106673
103890,13142.403554955137
92845,41496.5289789419
95649,25215.312176017113
79000,10504.738242203508
91668,10277.807992433405
94544,27367.715954106163
107024,20441.081036544936
79725,12494.919472275471
107343,20771.218458493873
107612,16486.29223373544
76647,9443.63864959841
100922,7069.383766505152
88583,11039.381178841819
90425,17043.36274994026
86258,9073.669973080834
81973,20249.32685839821
85370,16145.154841190646
107854,10102.53469166915
78195,13598.735081519417
82124,29724.800077756903
79050,16712.140570819727
78880,30973.239493295994
88596,16464.554945733766
89033,11776.531242088162
78792,13846.017277164168
98664,22397.091485845332
78544,11674.54205016968
89184,11080.987120376374
83109,8118.066030306993
101759,15607.369356850942
87164,17990.700290381967
104156,9740.183123523446
107607,26715.206207981617
99705,7955.830797270152
79398,17975.049049448415
98401,8591.040011121748
91911,19051.12955069141
88175,9944.344596176443
77275,21379.284305945315
88946,12788.300921609178
98293,8562.297616343243
95991,19318.261979418312
82196,16080.502123738253
78514,38178.38619019176
102853,13203.270629267701
93984,22961.47958268301
104689,30271.634426632085
98534,9899.610881342618
98744,13398.38051772833
100456,6765.513375874847
83468,13949.205361157594
104432,22430.61586611619
86752,18280.50986777059
89762,6910.504916360343
82788,19785.70660485753
105604,12609.096959407729
105490,11374.245505290792
79447,16190.846847396122
107405,18707.256575984055
102782,11439.875969548877
82786,9828.511522975035
100557,15011.17681099394
77711,21121.544557664354
104935,7222.055486750154
90750,12827.17034851765
94396,26387.07050085419
99628,15382.592531150303
87360,9147.691924211595
103238,10311.367322873211
84883,7886.178427853717
91450,25058.677460594183
96221,7649.382614871306
82400,30598.5257579057
91940,9411.203769330235
101320,10198.33564421858
88653,7830.112121105677
79446,5169.113271071003
92672,26497.81114846333
85552,16464.554945733766
89858,13205.606234448138
96610,11357.100464794006
90447,6770.4791510136
90357,14532.176281145781
83266,11723.653462272334
106259,34042.01465092793
84489,11869.753573977992
87875,11908.626518276033
78430,29748.18285558324
77249,16812.84067266276
84094,6348.9250648176485
102218,13962.41278405657
97151,18304.388296651265
102064,8363.276845793973
97655,15452.06697572525
97387,9254.211794079914
97118,14519.259688166541
101804,11704.587485302367
81888,29492.726421415697
77455,25341.606266099843
99638,13892.89356064525
76845,14364.1918997458
85493,7044.516923300088
99781,4551.215493023431
79322,33341.632973734544
96766,23501.53908492126
80513,52473.553007573675
83907,18911.790539488793
93217,19659.31901758024
77426,11623.888379264925
105044,9456.49942435082
86573,9927.027144262716
95251,27898.254209764145
86098,6672.746732632477
93674,21950.671277834725
104392,10315.176440600473
82340,28194.99607377576
85899,20582.364810870477
85579,5235.159111685714
86725,12074.320990056745
104810,35214.57042055518
94570,16732.68385725744
89607,8443.829281102593
108478,17095.5293526582
91464,27940.671215865033
77613,22194.277257442503
83067,6212.294984728492
104585,24045.997518821936
94473,19615.889216035324
98756,10236.846383237089
81199,24113.927373158695
83741,16353.78685859431
84972,11917.33846271307
87486,14073.35348001261
92290,22295.127758823775
97049,6674.6751690149395
81960,28290.308111178158
85765,15320.989661925147
81319,22236.414955107262
84335,10858.924532790646
98897,8069.096720374689
83649,11933.01520675671
89567,2457.6750806547716
101958,9051.767951518268
108211,18110.80098370056
88326,13358.08220710921
106424,16432.090064398366
90848,10644.885768781875
104944,24767.701411384092
81300,31862.517863882047
76804,138106.23829646042
93569,16584.72690252735
76839,18576.718250954058
92611,26065.12321756945
76006,22872.748270883036
86953,10212.814953356956
107767,17290.550623371637
87949,12334.054863702211
95782,20137.962799670135
94414,23146.56528099509
98483,24329.43641224658
95988,14832.983346437204
98640,9623.51650237219
102899,4550.040669779153
79367,57252.02926034398
88430,16741.07407045777
79428,26119.14073813918
76247,30916.4197403211
90955,21244.345934842408
100711,5823.727846902096
83720,17876.735450514323
93618,19583.823733004727
94754,24534.56599846819
78740,30954.090874816924
106522,22500.255030324817
90165,8422.090579135109
99615,6275.88753029295
88112,10211.043742128131
90759,23167.556903621917
91835,12762.981717162147
91563,25191.71017969842
92736,36801.79616179046
96939,19710.942369283366
100301,8253.264396786168
80143,23753.137740898917
108141,10011.910697286568
99743,6606.926867377772
98627,18300.019421219753
86233,11167.684404947742
104568,17230.86809814389
96489,8734.89882051698
79018,20461.290338886774
92173,24041.085505588973
81198,13525.738108357738
102450,11828.300794942423
105038,20149.48188738104
93284,22777.645891759326
85848,14958.286157537126
89587,10940.168377840462
91457,9895.561512195793
88804,9155.411115168063
97228,11262.805716521609
105841,28048.840244869207
107331,16912.48440758255
81008,13243.007131469421
81853,25950.51576438134
103283,11414.491859177733
79036,19707.607676988704
90376,15007.56868451516
97271,6743.853761057507
82967,11149.495779897172
83663,6530.968268026416
81640,18658.28268660957
99076,24184.577414622985
107790,17625.944528292723
96460,8571.410228192495
88286,15871.225565758772
86545,11831.219832881354
97634,12475.97950056416
94452,14945.058456779148
94409,17703.884851866213
104877,10494.42430553666
102952,10878.646083954975
91502,14959.950551034039
105695,7749.293887824625
78608,14107.505417370865
77384,35548.53405165305
82188,28903.864151837413
81054,19671.74834841957
92709,24259.977360637466
98260,9924.689744088413
78996,19546.75296758409
103868,6782.036845316325
81809,29713.38675259174
84251,10675.655095982916
103762,7281.03708863498
101479,10977.73121953313
90533,9956.72364912384
84636,8038.778811178339
103208,6133.22665677488
90274,8687.050154811175
87517,15707.774736572523
79671,33215.987386083696
81486,30627.041057756367
89338,23057.14673974799
76912,13021.941405358903
89675,9326.245169456244
101294,7566.376100414214
98316,9215.037639535765
82457,14779.548717582335
78558,16063.518597866137
107933,11297.781504728819
87555,18201.392354305346
80873,14723.538170958058
94717,19564.59628931987
78922,16127.71684945145
87376,11175.330140976235
79203,27477.00714363601
83801,13709.390577737116
80314,19461.767616230965
96011,9531.586145151707
106585,22914.57160061483
94122,20225.16345897248
101723,14764.601048848674
95561,19291.14574933804
82751,15924.797711095693
107424,24385.799661575336
108316,25634.180516081913
79229,9757.974374062962
104835,4163.610659425704
106289,10854.694200965743
89876,11281.161582302984
96917,10630.432489786746
85982,17080.801046540535
105023,16059.521399180043
76749,29925.526376011214
76453,26573.23250079338
98954,9180.705660463062
101783,10996.922382404053
96734,6311.06236610189
76884,18641.652429948983
84277,12860.21326281662
104756,10572.655403813103
89268,19784.66505824456
78955,21445.6896096865
99279,7552.421933483706
77361,27306.63848009419
97823,19128.46952822597
84313,10345.581783862124
80520,23432.685179640725
105472,26949.392484988413
77671,8325.622278150517
93098,34808.282153444394
86559,16924.189399713454
86582,12464.044588629898
79414,19103.857645457858
97179,13685.635098609759
94617,23629.09632654399
85780,5580.329920930674
90904,23155.92569065743
103178,8035.401758723174
105752,16774.881203834244
82636,3298.20142098925
81069,15961.383644059386
76784,4264.643070262847
105061,44691.69816932397
100732,8573.44854100116
106562,10775.764217406453
102833,8396.929430171356
79029,17599.120625994914
91944,27028.129634894438
99849,6694.483651743078
85213,19076.395802724335
92653,18798.7215704044
90824,8487.778457275263
102752,14409.185449935545
106732,19568.273509255643
77076,14216.949607869676
101825,18345.143296922364
78920,30093.123001734002
107404,16480.518750938947
80053,11527.561092291717
108062,10024.977734805609
88256,16262.272662403282
93809,29603.720278038367
97342,12382.677280333202
101308,6104.175582938538
94366,23606.66369202902
88228,10265.406914948877
91471,24119.327890863373
92294,15193.212481763343
92018,23955.400502596294
77448,37507.009858641286
91091,13304.457192381542
90892,10353.173324978554
93754,31105.0598739478
103644,10223.692005257706
101170,4075.2297556061885
87238,15171.314991773042
103651,18876.00829432921
108015,18194.292655902806
96704,8980.600235463551
87938,11604.807576113113
82456,11831.219832881354
94735,20688.879898989122
79831,15846.12603573667
99435,16643.754551048038
77407,20727.711816952677
105163,13523.268079990716
90450,20885.816226127565
101144,8629.212146553213
85101,10298.948699740891
102152,10216.385917796419
96445,25075.6148457377
93062,46126.029093588
100172,9264.274231820587
91519,20798.945010942007
77563,119313.51726449953
106245,14720.524219310344
78606,29879.262988662336
94171,16186.617564421256
82263,13675.751825658912
104528,7061.006537234226
90918,28394.480713405894
85512,13289.938557077068
88317,11170.284099436945
77807,11011.803001072962
96992,11107.91382284243
93802,23436.42193290642
108022,23130.35512703114
97029,14077.539003139374
92027,55655.2390712832
88331,10816.599777836533
81387,16083.581128247682
78465,8301.48477798509
104119,12991.246763443507
86438,7290.289636342878
78315,13235.58527329609
102212,13524.700608734718
83625,15032.264948779182
99983,6753.039914334088
93838,21285.026378177896
86485,15258.74166021351
99164,15555.281114746313
100640,14421.038303661318
91693,24524.975895916286
90195,8558.955276644085
85076,9838.450768149141
83090,8396.046146115887
84161,10451.10505130123
85985,16351.132763588077
84759,10644.230238133021
105838,6764.457161154214
94748,19411.639543307887
108188,14534.698603581035
94465,15901.163647507276
81856,15753.922366152548
102715,11490.281296249776
106448,18915.453948420658
103923,4799.220447646892
79482,25353.446323956574
86062,9840.342957443081
95217,16305.046973635139
95712,35748.43723864459
98498,7908.670713417523
79175,12676.10913684983
82244,20847.891748882656
91792,26195.19090706213
81626,12060.094609391412
83185,15459.616586826594
83134,12348.99948558923
97667,11052.184275713942
90780,15846.155283125658
79383,22578.276482626487
78440,34021.39373598609
93657,21798.148738361833
98771,22043.110320015763
103569,15421.687403165015
84696,27033.852116855196
104235,24016.640818882017
89916,14086.130933600452
108238,10491.754169843709
97737,20804.820267817155
95184,27340.92901436028
77985,26168.86011573874
100680,14091.330337490801
105919,32124.4368717559
102177,10626.335496915366
99133,7296.812543497015
85097,7534.696214010177
102464,7231.25356526326
83036,7208.887266191182
82142,17234.203155339736
92118,9438.288931730867
79734,20124.100038060362
107861,19780.631638759212
98253,9293.911544042632
103183,8112.298530109978
98112,10899.001729653442
82339,24824.22548927624
84875,16886.168208526644
99774,24321.56621325844
101808,5484.812975850086
88731,11365.009468659207
84055,6425.089716829692
87777,8460.184368627655
93362,15179.132224930416
96195,9151.839498041734
87650,9125.221848398758
105329,7109.466098196348
84167,11458.019221325407
79667,20972.556175194342
85111,16092.791505641486
79561,22315.993722497205
81753,22596.34656902312
99584,12485.258490273034
107389,6380.269920907579
77634,55921.33689591474
97353,10534.094064734478
88362,7842.120101708893
78923,29362.000463543685
78687,28967.29744637123
79611,16646.98180018383
97264,7011.873734054948
104372,9296.612531093479
88340,9076.755359085611
81409,16147.890028067135
102716,10145.125039212053
100489,8305.578159300343
86616,9599.52170107033
96450,9716.908138484243
103898,14800.07653679423
78965,13436.145563206668
77910,16109.708595034539
85534,10353.880798033337
81814,20622.758255765064
88537,14838.16525500721
97930,6867.829226061554
98346,9886.561949201176
96397,18574.389434312194
106812,35189.60461109913
88599,14825.914950734357
102760,10422.39598609768
94884,24846.199105052536
77319,33678.30146361113
77255,9940.410237367169
79483,21442.421946635535
93869,20211.579149588426
78283,29770.713259017855
79491,20037.665792596574
79679,17591.67404191191
104817,8266.227764382777
81355,47263.79065076153
102513,17325.2572619775
102311,8085.292496972638
94639,26293.00358177167
92057,27341.833936629824
108057,9513.16011675033
78415,27404.521509057595
91755,18069.40497352824
94507,13118.306546998781
77368,25284.258219520816
88838,13490.401155818203
86482,12318.303497492596
103032,10153.190062605174
101482,10758.316701971877
95744,24164.081953310848
76424,4601.279455270478
98537,17215.186881193295
100039,10531.988756409248
76025,19915.185256455512
82426,6660.471151216101
88387,10318.128421724314
100785,9697.30090375798
84030,10446.489639679514
107046,12906.468988565432
80159,13003.998361617161
81743,31744.946201330502
85348,11009.532337263154
79901,36605.51335286931
108373,19764.019636583533
79436,18136.838614905195
83626,12715.508476016881
84211,11365.009468659207
107879,8056.117858768287
107245,14004.709715527402
102868,11040.785240856403
98034,14470.363770770597
101634,10530.221476876142
78902,19966.940793537324
104908,24895.43227757268
108265,9979.618855387947
89613,15673.000548027583
100852,6975.018998470075
101045,12551.638555003
98194,11000.862171672577
87876,10105.574867558733
88436,7490.43388268223
103563,12878.594758449513
92679,12731.97232546252
97639,12874.719017677637
101310,8533.734236085784
107398,24475.35912548087
98740,6867.829226061554
103081,7312.707056248478
93701,39430.13886966186
88341,9852.340359167849
91276,18277.187236194335
78877,15493.382131138265
100579,2584.353508201574
76474,22275.191477474506
100963,10959.967572109796
98672,5189.5937569082425
94737,16815.790435055944
106382,8833.509285239565
90771,24907.555430646506
82118,37043.43915504289
104839,28399.81248391627
88881,6299.611330876028
91400,33269.394144242484
89615,5258.5414063019725
95916,35945.387219666394
99952,9504.039884833252
95605,20402.984225941764
108251,12033.932893427576
88507,10591.889101753364
97142,25425.099313580926
97129,14466.425928404531
106320,5269.217512929016
104569,5231.017875376901
86018,17625.055710854776
98054,8909.626770884859
85925,18046.232476534
82859,10356.012976370963
107329,22663.26000543919
90943,29895.040501518026
83393,7336.307650476258
108091,11026.226969237672
81571,26169.62643229701
102704,8188.706569962654
89511,8557.07302461506
86361,17308.81745327248
86449,10059.976544008838
91048,30054.493135563524
88932,10771.868751219974
97096,12101.441787705262
92493,27367.247033394895
106005,31365.76816930131
92101,21651.875592829867
85618,12355.214091788373
92275,11771.722148601928
104354,8252.304305262263
100165,7431.445734546353
102137,11829.667199147196
92251,13231.249227439934
102299,12966.62462684896
93358,23899.131002597456
91807,35660.24959408392
108402,11677.987888118305
77155,23636.748090592533
79195,25377.368077254985
96974,9202.063671503287
105848,9254.184035161454
105425,10204.821606108288
103620,13797.577066010737
79238,31688.35015751805
82292,19701.01717411082
84451,2879.6661565760137
93942,33305.00608216769
104577,9161.7668058066
105690,24096.310099898743
93421,13101.488786583413
94411,16983.428144921516
103746,5832.155728471476
104927,9723.974621348536
105798,11024.350280253188
88601,8445.142560658342
87898,8999.534953829485
87580,11920.701379339333
106294,28017.536298428335
83194,11535.33100670845
76073,18050.015073334987
98161,8444.783430380245
99152,8394.990531573396
78180,12151.496286989735
102662,7488.115471776947
98915,12261.606730862966
103302,11609.825731346833
107764,11760.770057345022
79227,31346.131986888406
96799,12630.732665260102
106081,18200.54227427569
107508,22709.96509849694
97995,13712.30048419253
97586,20948.681019043153
87104,28707.064634108625
92790,45243.31169397717
101900,13276.140773404622
107104,13786.130545232383
93384,21555.471296708612
100649,5468.439571256946
94525,25646.282615253866
103004,11694.823355619192
81477,57217.52700877143
94774,14580.000176847263
86403,16464.554945733766
95958,8936.37221675065
85977,20088.90038789975
106000,24781.241320860245
80189,27893.043686678764
105330,20188.396234875625
98119,12922.52360100867
108242,16628.272832599276
86122,9480.707843386293
90847,16080.456383726358
78649,18256.65773209872
78043,31470.851473013707
83454,16448.79126288934
98842,9831.993712786581
80378,46980.8210838859
100525,8253.339278674408
101979,9558.488326229754
93192,28022.169931048335
96062,12178.995231980329
96319,10919.248201141938
81121,49530.83133593384
96527,15756.873895450954
76762,52022.754214842964
89658,9659.223439259935
97136,10716.148462822799
91941,22287.8931030429
107113,10125.899671031168
86846,8978.715955631047
102674,12194.74248826076
85905,19377.534187114637
78034,11925.802649158139
96919,7160.244771303694
81474,24461.584241944933
92121,13274.963379486282
108308,23241.67261498353
105113,13944.460652631651
77939,34261.16377112884
76253,22576.55709190662
86272,9928.622151608994
103786,11414.491859177733
77663,24828.09129122286
90143,13512.030425655445
83487,15593.307753837116
99629,7585.247532103912
78016,54396.43654823158
97062,16505.856535803337
87499,18229.593025890277
104580,4766.934727187173
92086,20426.798708077466
81704,26291.84202934138
85458,17971.79914704062
94697,23669.33048695685
95730,21121.227070112385
95533,21830.875891550524
76852,11610.586614604712
83813,16676.4794559764
91465,21934.533978858002
98380,10777.417568059307
86923,17317.08939294867
81159,33216.7977506184
99462,9770.02187309469
86553,9264.022238205927
96547,10317.306871021392
77542,11296.317848238185
91704,25019.241022428447
103567,13851.414328654657
98508,10225.136817051309
94989,10261.966884558791
96305,12686.630364001045
103772,12696.277527267033
89923,11016.745150847486
84616,15511.423760212074
99970,9185.61224945226
100286,6946.00617860024
95785,21513.56950871044
77239,9594.863641622138
103828,8621.610264979132
86204,19644.857355553217
96855,10867.735560743367
90132,8968.095746431329
83949,5489.281937242347
97042,9787.96816678106
81439,4066.850091939234
78200,27152.15659909631
96583,16774.374132524437
77935,16725.477553230623
91759,17073.9222966195
104912,17617.456254769502
95613,16766.592266715234
105447,9715.619414186376
89828,10869.96969147698
97297,25405.771089095935
107599,17370.19409317903
103109,6664.817485390356
76094,14356.272391944956
104324,16546.919281981733
82877,14793.226334258661
88953,14251.88179372156
106644,17595.35503382662
100086,7104.5056852649095
103949,11118.533569847265
87447,15061.930463681367
103384,10783.772247269137
108506,19778.681988048495
82045,19980.79948153605
86346,14025.729258084542
92643,35821.726179793935
106532,10546.170983749525
100209,16703.607407490053
78371,18987.10563184424
79815,25844.32479661445
99946,7585.608879249735
85965,9745.152297592911
79558,26590.883138935787
108318,16636.911338177135
100907,6441.343271861975
85301,8532.209363809681
86214,3216.29699380543
76307,13411.71348377486
89487,9559.735039200033
90272,18749.435286513188
92470,21728.638602842933
89056,16348.343392810719
108376,12719.254336996504
90393,19312.915343678887
90202,7728.171526028499
95164,17575.024235789828
80501,26494.22855121283
80614,35497.764347203156
86354,14258.324627995917
103851,8249.153150968817
91517,4392.952537247175
80179,38119.086166088644
97710,14398.161823965895
94083,28581.19697928077
83733,7374.972383145599
105032,17301.074462354765
91064,24614.39535490493
94799,27449.96838008559
105548,21090.08624146477
94248,40059.16777125341
91984,20279.455137143053
105390,10979.661127201356
84137,6732.360994877671
84643,9161.924089687005
94173,26757.704264959022
89789,14353.019728830148
99329,7908.670713417523
107125,11659.814668963127
81011,14439.845537104813
92062,30091.194833853708
76630,25094.78710153977
89022,9076.62711958522
91463,22569.675204071427
101563,17525.7815697359
104307,27775.707168051747
95572,19244.9578436339
91019,14879.522702272043
76966,17601.936279045778
76916,31175.175004929108
82319,29345.942073996528
93863,21791.521425379975
96798,30816.882947865182
87072,17343.073151374774
92771,16777.82488337506
105915,8833.509285239565
106830,12306.854037545409
88798,20268.259668015355
81750,11953.87047424632
90415,11385.297089409765
91110,24795.080343132016
82187,22236.247073899125
102386,12501.05685347692
103517,7185.553689416736
86270,30197.978591389645
83526,13242.321919667967
83728,12669.061568020254
76878,10937.207886139433
99712,14073.141978659394
92556,10821.55364727225
89879,7399.751816157255
85276,6983.151930305232
85272,12661.188901171297
82645,10917.145725574424
81445,15561.119154463573
97841,14869.918540685316
97088,16800.2917195334
87735,10296.998368986478
100748,17760.10965321365
94315,37554.79609585809
105218,22764.188124357494
79295,23056.365138170157
85482,11284.218206376714
105112,11491.474790075637
98458,12573.936357708111
98177,9921.456666540365
92392,15331.407625498097
106885,8934.73302698065
94239,21920.06525197151
98355,5973.320666610873
81111,22737.34504953096
101464,11449.108020959977
92070,20436.24835243967
98707,23744.120062986756
91095,15318.022458061245
84486,12946.513818721976
82898,16158.44497557738
108233,9466.444045639179
80001,28111.442164501525
83538,14086.241066741159
88563,7574.122223246616
98871,9589.036779149927
80645,44558.20990833943
82054,23680.863495688038
86397,10684.687108273572
97865,14263.827366653528
81700,29520.375344408112
100417,9438.523083253622
91017,20518.387422550317
95218,20786.2458530116
105519,10402.870583975455
98097,9623.51650237219
89232,10012.887735809083
104997,14162.149344872918
94952,49174.2384770326
87017,13242.603393143458
94876,33152.057832061546
87741,15336.176122904722
82776,10624.616578012989
106221,19999.268562334833
100602,12406.399038734482
105337,11981.80304300138
94476,20045.381876591066
82899,11439.0758041102
79145,34192.38611929743
90481,15608.218138021532
92396,31439.230354180963
94605,21804.1991333739
101668,9582.830408963157
79742,14301.934512200125
84465,8850.609076915429
86828,12328.048501422087
84944,15214.989776140488
93680,32628.3507259202
85778,6977.610271555923
82841,11009.532337263154
96597,31503.36168035458
106852,10053.612580224166
88003,14975.061590295923
90461,9448.524080852192
91184,11839.414755398435
88055,15124.67629400104
99180,11034.882820964689
87766,15957.0600789382
86691,13889.00245107911
107751,37251.585654172406
94882,27544.20287593821
78637,27204.052789021465
100601,11014.656897761832
106271,8843.162190399375
94355,26511.666473626978
103261,10382.663954932828
84449,3171.622031942513
79799,27726.904240450516
78481,12151.496286989735
76569,30096.81200167113
90516,19974.498915015964
91054,26632.176637311186
97435,8723.881085432322
91203,17448.837869759194
86130,3700.7318002537595
93768,27277.91896662138
95494,25008.038374816366
94319,35173.689689776154
83638,15711.251828438162
82289,26100.929198882888
107990,15393.89886845002
76261,13471.522261884087
103466,15170.800384651218
91403,18525.611749910662
106025,15366.425838237747
79465,28031.289893206624
102871,16700.934634670975
108446,12403.913095278689
107305,22369.956761878344
80190,36482.28117729327
81649,5809.296444556645
104611,13105.189854116781
79821,23948.054998675147
106756,9818.41831325406
94209,30093.5988414921
81524,24758.33509698762
102947,11344.751656328606
87868,11852.808908089668
95933,21815.408876074158
86850,8832.303505146743
108381,15093.673120686592
88771,6466.634982470608
83105,12187.817571184945
93264,28104.43509576538
93240,24739.871949818815
94060,31918.590644512406
95003,9883.015794022833
105812,20580.537997098632
76675,28316.768687519958
91421,15973.532785135716
102047,10592.00757187139
76316,18432.336035599892
108385,39619.361654623164
80043,22072.747908988447
80122,14943.356807447428
76885,12592.154292596359
100765,12684.98178859673
90748,7130.185725595543
90799,14568.44208481125
98792,12819.453062136248
90085,6772.668368664475
96967,12800.804228514782
77008,26616.455213940102
100132,12769.541593326438
90720,16209.926183678219
105966,13271.884220352433
75981,15329.765067172757
83312,14640.031807102574
106478,15596.660764394057
107800,14693.738528278627
103769,10876.325374632208
91814,21173.050765007138
92683,23735.16897667575
93319,21814.952565745956
90670,16022.867594136731
105982,17975.923213914914
96565,12244.421095255979
89299,21875.487496208607
87406,9828.511522975035
93260,31922.557656045294
101201,16102.754066263433
85414,16396.324339066374
87273,13739.442283538217
77653,17443.177675920502
94848,23086.695340423237
81983,11035.806347312027
98927,8616.644474749966
105078,16434.370616125118
102825,8230.1235353225
91211,16595.439529324565
83862,9399.296639465538
76624,14056.137679371317
96502,7296.4846512914
93149,31180.423240600452
105761,17886.224157191766
81327,13370.988443514752
76688,13268.714352164645
99302,7946.261508923575
89052,35956.53483123175
106892,21333.632953644075
97157,14436.963714835436
87715,13832.627201955305
104669,19291.85880479348
108522,20823.0590873645
104725,28617.237446339368
86473,11911.230832653011
107402,24058.956649813183
99376,20631.89382444715
105473,10777.161360915412
101761,16071.260712730576
100229,6175.494382119371
104122,5155.424970212424
103433,11087.63067415355
95259,27401.861689837435
76691,12330.316059885945
81526,22780.789807135636
90817,15790.555149305954
106577,25143.966260228262
105900,15069.41939047162
86342,15295.717965267579
100902,12017.994514459944
84715,9154.80308084616
90605,13953.566439565135
80255,16690.37629584102
84484,6460.443039071293
82894,7336.307650476258
86148,9130.488667032489
100981,6177.3267885106625
104559,31475.82818411361
96603,8908.909624719678
79461,11160.420954673444
83864,7239.50487131502
99364,12455.739772900042
98182,3344.072411245191
85145,18806.05177089347
102591,11287.894123616114
91416,32408.77526141544
89032,16181.244980677895
98530,8831.967841285175
98214,10877.864923879439
87931,8748.38645625637
90835,21953.23434613906
82398,21021.711998468803
104749,8590.865227691267
90735,13256.672104404932
105444,19328.214347927067
90324,13543.07380436873
102500,14066.295679103043
106702,6792.807037997897
90727,7752.220799763729
97427,17642.479562476972
99844,8961.848406040646
94541,49988.75857102052
84483,16024.128584310904
100773,9039.118679029616
97910,8381.783757382724
97461,14902.457092153396
104846,8338.256909264972
83951,15883.58219808365
90276,11313.782263845216
85508,14266.129456308892
90153,10728.263623983954
89830,21400.0328952575
89708,17575.536979134544
98504,21971.615718134675
80397,28316.706947221304
76172,42613.15745534959
85446,11312.642944020485
96732,11704.47649613852
90781,7683.305956927475
86208,7840.077925776188
87814,11005.159981943207
90938,30239.966003812613
91231,21411.680400437257
80979,26066.296482766098
85098,16156.056226366882
82160,49627.26136518764
82809,19105.58386770459
86468,13773.774257724159
104758,7748.1695838554915
79772,45118.88707432945
94343,20736.2762396801
91304,24925.957768821856
88751,12449.958390057742
108437,40542.59031628356
94059,29939.157144592453
101856,7804.465386946264
76319,17029.617891499485
77918,30809.567123381337
81976,57858.25887761089
108377,21192.998670074616
95984,30261.379968939225
102208,10551.9725551183
84420,18256.518267156363
103716,16719.036258430937
106428,11787.344124350302
94602,15835.564800307135
101119,6785.451537835772
77387,14392.570201032911
107227,14163.330261698104
86164,13157.121338644978
85096,13969.575334384372
108198,7133.591525967136
86401,9521.916779607225
86386,10111.886760082545
82726,13792.011230610937
91977,24666.381845669846
87805,19192.8537433024
92810,63515.54985047006
92387,24280.555242008846
76117,14274.067048442477
103862,13242.058142266063
86962,16318.18451266816
77023,53804.40711930447
102863,11523.603153748048
85375,9107.883266469367
84363,15954.776988836333
77485,18335.65775241944
99266,9543.557358750813
100253,10967.021362747619
79037,16527.437346180246
92228,28343.161086412238
84144,15362.881682519683
96577,8921.477235151862
81837,16628.814274704644
77791,20358.104640129473
80717,16210.885076425153
88865,12699.44907435619
103611,14430.28541892582
96150,24938.777171416175
98071,22831.753929200084
90964,16531.992264331995
108523,27901.87872205665
89431,11928.084380922483
107595,22711.412549809294
94778,22006.71321420132
91385,18263.609766102232
99288,20624.16935765224
82885,14875.858119364544
100437,11266.058759335088
88938,18006.213011435168
98801,15482.076503225708
107023,7497.427115805229
88675,20678.67702351508
90159,13995.89534017251
85804,11869.537204393939
80088,32129.80510634011
94929,28975.26942768657
100421,10551.9725551183
90603,9979.144170435164
101899,11103.521365100212
83201,16153.627533390056
96023,10106.610856138306
102019,11014.656897761832
106863,19800.166018673197
108263,24937.62712041499
100605,8502.897464886306
100998,7903.189056325063
105544,20674.839206048186
104343,9255.420299412219
89692,6623.318973479006
106309,9635.184642127702
86065,6976.018719533991
86436,10175.926877765307
103991,7955.089394069123
92712,30481.8040923546
89709,14838.254062745673
95415,23390.000288403324
84959,19516.967210695726
89069,15633.913170410833
85580,16358.648337991419
100728,10905.211062131491
80638,25679.526286427492
105713,7319.893018291193
98494,9133.414991270094
94819,29407.036200057508
83800,9575.369413374676
91085,17459.931639830866
102276,10465.475565647883
96111,13217.69884615263
90891,24558.42327992968
80010,13648.996558275265
99501,9093.90409172178
105431,15339.482645380884
82161,9449.2139218422
97426,6923.70693707871
100242,16040.484123373764
102470,11941.24243349372
94769,92839.4166166377
83472,11933.01520675671
81138,26232.254914992078
82719,16318.740669122453
97305,12922.37488937227
77744,11452.453072892
83536,13283.47490447104
85355,9633.84424177893
84273,11871.730455861647
100061,10726.158568903507
78109,30038.021561375725
86119,16522.70372356255
100274,9055.55501135259
90390,15912.268005694177
93338,33487.84403139419
97460,9634.918977769401
87833,12122.37025407882
107064,20117.281190638845
80942,13499.585469289945
87473,11365.07617385592
105869,13642.471106404306
91776,24287.509473208487
85853,15913.2501683242
94909,26059.3831814116
82407,16506.310295085987
97633,11505.805969350778
80176,25092.235224703698
88572,6159.064345120697
97971,52433.64196039863
88633,17271.86864518281
76234,20552.245870994586
98579,8080.747113345672
90034,16162.243903763345
80857,24983.663191542328
85633,12059.706087062159
97760,18230.358527198754
88831,9927.027144262716
101303,6676.5900195646755
104373,12290.30594065638
83512,8603.289225677832
102692,12189.82814860704
87092,7764.243709957931
104305,21312.356253503935
95344,23499.245543761357
76629,27398.304155377773
83699,7249.647695315621
99290,8793.099872482597
93528,30786.44016669047
107251,7539.306515641915
103980,13797.577066010737
94469,27594.826998251698
96448,12896.967382187588
93511,19344.16584936966
101249,16822.379906409926
90543,15794.339287003397
94928,19847.56874643998
102623,15117.90662092465
79505,14299.640016009795
90175,17726.178830978384
77417,15854.532710337255
80974,32755.091840292564
78874,14138.142187777212
103376,6070.423824866688
106490,24172.825318031366
103267,6359.812374876282
92434,23309.145121875285
94016,32130.610959142854
107217,20876.61593233315
100783,6682.285276987071
104306,9926.585939127324
107691,45284.79489795852
79101,23298.814514713158
79607,19964.58328764172
96910,14068.190444344376
104648,16263.000544083881
97752,6986.5465455855
91917,20324.837464988967
78307,32633.721012606668
77462,11530.891497090546
92958,35951.92806188721
92148,32043.383854106003
93317,25224.270590076936
77824,21126.380469535125
81043,19518.568274205725
77339,13982.940314955951
95942,24857.421573614592
106865,18959.971226759702
100781,13790.814572614121
82907,8392.28068670979
98541,31338.168142705257
99032,6813.891749255546
94935,21791.521425379975
88567,14124.048047784258
103765,10216.385917796419
82436,11365.009468659207
87940,11408.64941056329
83542,19304.27371087978
80229,26845.248380774425
99988,9543.217724103275
83379,12731.630740482293
100404,13778.449029951356
76340,20842.23914815224
104105,9116.028860686627
107460,20203.852142026888
83058,9831.258790783544
87987,10189.233160614995
105926,6621.427760890509
92263,24521.713954020972
76100,16247.97166915582
98059,9433.308402526052
97622,19838.415282293616
100124,12484.760877498204
85132,15428.518043993112
90849,8795.180519496154
89461,8241.519359179838
104144,31092.9640069955
76429,37388.31698881087
95660,40270.429583251775
93649,24820.72331859243
86295,18057.719225986868
91313,46944.27611948649
77778,42677.27699684323
76003,14248.167309277484
96131,11497.79221038385
80441,15119.42009128676
107065,23580.329390782106
87237,9189.33162169036
79135,36325.91661813116
79471,23049.608741471595
88444,11033.428145661204
80954,15211.581297817276
87030,16328.860049330773
82803,14939.00646810428
92307,17532.340468790888
103846,11461.561898064716
81505,51335.268932713385
96454,10154.659460420464
92723,24871.510636845425
85406,8698.898818275105
94692,18656.627014912625
96459,10239.883988163263
97045,4902.049504794378
88125,17154.98469098071
107173,20493.37951322093
86708,11148.002915934418
104799,9383.221898300391
99726,8445.137231487406
83300,9385.530485035113
87117,12431.1743942325
100398,11018.90310326749
82731,15577.872680705554
106322,28846.193013309286
83937,11813.560722070572
76509,27679.209826551614
85158,11485.178144366559
90411,17525.500485439665
79751,18096.56430282557
103864,9007.095983943786
85183,10449.1468749375
83429,9803.772345541447
104401,7576.55079831769
102908,11526.9397165549
82107,24108.855714554345
83546,16744.87683256958
101326,7277.392618399115
83489,15101.831714791297
95464,12520.238801510508
95312,17691.04055097461
76958,13124.599501677681
87284,7376.913708505456
93565,31622.382106219666
91521,23397.039028378396
103751,12252.619954568758
102806,7662.038145939177
83404,16362.259106205614
78539,20205.871948769374
106376,7297.0258487854135
84742,19633.28663770749
80991,16788.880588806507
99185,6889.304472601411
81160,24812.087730978503
101309,7393.595529289819
96620,23780.506361485655
85514,9773.384195741623
104504,11368.409693766313
90442,12574.050146776059
78824,17893.56904603316
93907,8171.313280914484
92574,28344.944418836287
87966,9933.228947534559
84013,7897.64510536323
76192,14886.33336360047
101039,11358.571932165834
93377,25147.708964691752
89911,10258.32706637064
82649,8847.459496202498
92244,34383.71398598978
79456,42486.04007386755
84577,9375.993360687484
101829,12013.426240233395
82454,10491.693432073977
90738,8475.719166599205
78614,42937.28927394533
105723,12949.182753095905
92281,8362.605747365633
83361,5840.296319142233
87484,11047.20458715098
94268,27270.097593724815
102791,7104.42875778527
80098,50685.86154585223
91058,15726.53097212827
94029,29603.720278038367
88543,10755.855482419589
81670,18636.051619558453
101579,10281.659680331673
78436,16675.69281516915
106875,11879.239095064842
87655,14949.030877912035
91929,26824.632264338605
91251,20338.464180445095
89471,11894.391747341459
97578,9441.699315535023
82672,12898.81215069278
78444,21277.637218924232
100808,11889.484103142771
88869,11339.039386325474
85357,10726.979319230766
89167,13392.936906116756
106862,25886.721888046894
91281,46809.04342983912
87788,16421.84045253381
95287,17381.938578035548
85680,8989.03746846096
94781,21848.876162115983
84268,13615.674257062414
91867,28160.536276324816
77714,22417.956512668974
103499,11284.566932920538
83996,8728.942515008986
84187,12788.300921609178
94237,27025.231939544872
86917,14556.954869329522
99891,12397.909915712777
100901,9076.742715611927
78556,31471.02290582013
98139,21261.64259261838
83447,18166.432618645136
80732,22194.818168581125
81168,17761.375154118618
101789,5086.638170808805
96183,14790.245892997713
104888,20698.343477363862
79944,52348.5041403306
84752,9169.325006858264
99274,8019.273837511659
101601,10876.987285109448
100509,14963.91717275232
83579,19645.808086805235
78657,16766.688780190812
97894,7539.3267032162585
98305,14261.415866584763
81298,13335.22730470848
98132,9417.044640163498
83681,13282.827427460714
103875,11014.656897761832
96447,21538.00453549872
105060,20104.053775864446
79150,50329.500023145454
105628,23714.320363127932
84027,11234.276591227443
98984,26203.4914566717
103343,10013.683008772274
87304,10017.970479587973
92483,30867.169959160266
78555,18362.57746897131
78697,45187.07197509244
102830,12252.619954568758
105192,18428.649630072192
88749,11234.276591227443
97670,19989.903344540406
89034,7928.581408220959
101691,11872.749378057515
79307,20960.188306447406
92856,15703.52105699502
85540,7180.222371249377
86841,11287.530993186034
78144,22117.30914774262
106175,9837.796865915849
101199,11014.656897761832
106284,13455.068449377837
107920,4662.842452996555
85677,18864.76669003771
80672,23285.625757598475
87751,12428.122196147255
81660,24289.610723559774
104608,15158.164646156207
90356,11480.691110520573
96037,19203.84048831858
85376,8260.210555951915
94596,13955.527741896838
88457,11236.322992780326
92475,15179.123451590984
81195,25047.657177317287
92529,27212.779800150925
96471,14037.696723753008
107840,10635.373329619093
84210,10675.988094857783
103192,14986.266685193455
101468,13981.204189213615
105529,27621.539176396673
97367,10517.984342365635
86100,6999.156953454118
106778,14426.062754748486
81881,33257.813987895766
89597,12844.54253230182
95589,25018.366205933853
78552,48467.98641447001
105240,17714.46009658041
83448,11975.613091176527
83290,9876.345684226528
93867,26853.53852060178
104187,22321.11060725516
90760,16795.617088817067
89599,7367.729020941309
94415,12886.448963062277
105080,7179.614209425655
100371,12953.949740757382
80360,21667.48067710428
101046,6482.7424657082365
76264,17139.557055385405
93041,21632.629051282915
104160,12177.077634545085
78058,49162.98397275437
93770,12273.676661830546
101223,7076.119852635179
101983,7590.8896944808885
98730,13046.776268701293
89800,9398.867298414461
88196,12707.66923236741
97641,6095.062766749797
103870,10240.109199434328
84704,6066.301651503844
77526,20814.28464292451
77738,21944.282188933357
90078,2771.9226829582753
94292,23937.143925524426
78838,17475.23879085111
81836,27989.639253226804
80276,25960.97759948106
108312,18021.32674870613
107467,22405.007624554295
79713,38309.364974794815
93468,42040.78333804421
97220,15423.606028928974
98297,9623.51650237219
91141,31452.363259407273
105107,19272.32688376859
89334,13130.21764028664
80077,33814.39121695325
85326,16039.14488790687
88677,16460.847087335762
86517,11716.551480676895
78770,29517.71542012352
82840,17323.244993972217
84256,11212.026182791917
92318,26661.756960382078
92119,19164.030890203714
94970,24164.085497924552
76714,15920.77343055864
89170,11532.562098130406
90548,13949.799127517046
92194,30261.379968939225
78522,26075.966140470646
83527,17218.387936416133
104239,8902.466009299063
98128,28320.938432290837
80712,19984.655880809358
80259,19181.883331916237
78469,32977.99517679951
101923,5179.480028572157
103655,9356.442886315299
101481,9925.503757964587
86550,15420.97351281238
90289,12059.46711473465
86255,12714.124860473377
80411,22759.8271569728
97263,11114.127568640974
91086,6842.136758277613
80675,17774.34190547994
77800,26529.92355386297
76613,31422.917296332467
87002,16869.695736029058
104952,11997.240223809004
94790,27340.92901436028
89888,9425.717856638648
106268,33711.171265525016
76926,13092.117488362677
90503,10862.933719217805
89083,19166.810925820817
92741,9694.723312933298
102911,15182.523662942425
84601,7086.76599100994
84846,9818.321929364069
87884,13472.601508622825
88305,14841.702171347695
85335,11831.219832881354
89396,16601.945197709978
101992,9222.51951894847
90693,16289.241125395405
83262,11854.521198958799
81620,17117.00626249764
88435,13879.95955433502
80013,49898.7275286756
79539,26359.09223906219
85226,15817.880882319278
93522,39546.739797826274
77175,48732.52551433868
104947,10572.655403813103
100869,10257.32264579207
91575,38328.845702606544
105880,32397.421684962243
106564,20493.03483248038
100585,5839.406349685387
107332,10237.988848512236
77295,29775.06738999156
90575,6025.136782728794
102261,5865.951145651692
108080,14993.03162961455
80364,27268.965025932943
92476,9793.391911156663
104078,17514.822887385253
79184,6092.913522190867
107575,10640.664391800456
79281,17621.046060117667
88560,15938.429907658618
84166,16437.562127011202
78054,12844.662243238017
97324,4842.978085123269
85558,13704.391433318286
95710,15385.862330736358
98600,7175.455848334669
89622,15828.632372865144
81838,27788.778729217047
90646,15807.041939450804
88110,5954.525343612801
104085,12740.769801917466
98242,14625.661186211733
106226,9981.848412113477
87500,8739.782370194067
104807,16546.47439740554
100160,9945.334231919245
105379,8991.88561729575
96754,23784.810411699567
84863,11861.37194112108
100130,10961.787051324669
93462,28898.8280448851
91640,10672.192766985083
95922,38548.985099958336
81137,25846.502652771833
78194,11924.123668370432
87308,11816.156286519372
106775,9603.217911737016
86629,11469.110877615909
87659,17796.49855824378
76404,20778.763506191834
87258,15455.01725962926
100560,11766.154194277313
78660,12916.152677785527
76485,19172.42948006035
99545,20457.7891106477
103074,11291.329539257542
77874,19174.137013130232
97514,12323.219031159622
103308,7012.260632926692
94753,32155.176500463465
80045,22540.924636395364
107089,29791.399693712196
101236,7582.658885633016
103264,15710.034825571496
94387,15479.708788948563
91926,15579.48043382495
99972,12949.292857492012
98651,7151.487035483686
94873,27316.84557181689
80722,5602.9741946226995
95907,56155.95342348366
87746,15658.196739075149
90574,11389.215631474804
85387,13459.251842895726
84204,9816.31241387075
80453,22672.369061036738
95244,34756.69879823585
79952,14710.34238906034
105770,11368.409693766313
100419,14901.220921467579
84200,9815.040374754597
88059,9965.369987509148
85615,7540.117839153502
90795,7133.106598398046
97219,9739.174858674762
81380,18281.508735454354
78928,17685.721453105645
85613,19262.10078700013
90529,13423.282342872033
89825,12691.210119076259
107431,10024.977734805609
97707,7772.954138661829
76203,18519.649114533586
107808,19093.438266821762
106497,10078.264891865194
101925,6621.16949147688
95434,18414.36218566203
103718,13539.006796874635
103544,7226.027184739207
78735,20884.645322872642
101803,7206.15817999669
106491,20672.188340887118
85594,10794.518699321863
99930,14755.32509652871
100927,7544.147989282162
76097,18863.60500017702
89406,18057.719225986868
103773,7391.366654176808
107843,10295.120935671075
83507,17183.694544029746
89693,7865.122816863484
101441,12288.838499610096
91438,10339.069655985983
82189,22077.984510575592
94224,26955.88197705424
105046,13106.995051549633
105441,11945.128562654474
97014,5390.663276987846
89955,9957.322075130223
85532,16016.966535726904
99916,12879.132565114505
103336,11888.85053978005
102567,15170.800384651218
77309,13263.681309802305
95074,24080.417537283756
105279,18818.881672574742
77443,41639.58946995884
100797,15710.034825571496
97954,5849.420745336031
104854,10333.414879209211
77615,12979.438692125783
99982,11872.749378057515
91956,14625.820778139332
79467,32784.27784322782
80293,16380.834238625002
78335,13147.697925298766
96252,20740.474544936125
94301,24960.15559470337
97832,14362.889406352962
103557,13366.034085662513
86997,10187.748348498797
78106,10499.883359698204
107176,12086.729409980648
102079,11976.429768459215
87624,17407.10576706569
108178,11763.796894423547
82226,12441.126532168417
85709,14796.954720095351
78061,41620.22313431264
98092,8785.286373366562
77846,17100.050183987187
91751,16499.52381835358
89344,18376.13527852181
78458,27243.87072205712
90444,14099.23673047804
100411,7218.726318461936
76272,19714.814828038034
83891,12179.684180795712
87391,19746.027932717607
83460,8899.592539314086
98018,6845.582117255102
99334,13247.083306570372
97352,12472.140540379896
85704,17179.07294686554
80151,17016.29618182633
83044,11197.960023916747
98476,8392.702756776154
82495,24425.168732044458
100766,8841.486469750918
87429,10744.384362022578
80457,20696.42334317536
97923,13822.02109327493
84002,7842.120101708893
100461,16698.23764772257
101414,13204.946409370516
86834,15685.755016267129
79455,31853.21164539397
89913,9396.008160385007
88592,7704.695218663721
90339,13165.713356447335
94894,30549.12219157186
76725,26278.329094790613
95859,24897.480610473678
92694,13931.846396529114
85619,12468.552584397234
107634,12496.402452244285
101014,7266.17227480906
91174,26812.32292156706
79521,24104.05005106807
97334,9397.791226598802
80761,12122.015424722897
81867,18737.795584962354
96925,14575.001286333858
89478,8541.134273486517
104606,19891.038499836435
77120,50179.56696573972
94436,17836.679148383897
96562,10408.529315849766
100076,13158.141121639312
100900,9676.480300229128
87706,11165.019555245384
84868,8262.968694613803
77447,9997.854587932838
99633,14365.786450255267
107182,43233.66665772168
103805,7118.855449051763
79968,24316.70986361632
106861,21989.375938703535
81356,28375.51209158192
90962,32907.82063836463
102794,10033.10990624884
102702,14461.339748866863
101649,9862.024172189596
92766,9857.274482081348
95750,10269.57844256565
102296,16040.484123373764
106629,13245.389733613172
98746,11555.435088418357
95417,28335.77506871507
91178,21301.57807609312
103915,8049.389498087394
94148,25550.31441559242
92159,23061.86627325905
89562,12091.209955803446
84575,6941.101026602241
98654,7823.6431676646625
96212,19920.945071956885
102653,7790.1277904105955
88269,13403.224387133228
79684,33996.131331746525
83922,13575.245652274885
91288,32556.09290771976
97422,12891.979212746457
85223,6507.348020150078
101422,13080.983872107592
80295,19125.38023384612
88778,20268.259668015355
102400,4901.409462906444
106858,17107.14209236101
91510,28333.020135453742
79257,25478.862300187942
106694,32261.96665188275
86646,20392.017208897672
100380,14424.420765602714
79631,30171.351483798306
83337,17748.880211025757
92866,13208.112591409188
93764,22612.336420081854
100701,13503.056750540089
85085,9880.746238851445
102731,3514.038729269195
107928,22009.104090515055
95668,23367.377828481716
86229,11531.478064077459
102872,10323.899694166925
95063,18556.69058713443
86474,27757.71069444827
80950,49170.995454658914
84432,8084.393383061346
78964,9101.511860374652
86914,16092.907187860557
97272,23734.07708135205
99757,11276.345145468844
92235,19459.513723865275
87764,10996.488708640394
81233,7503.401396246426
91506,30109.13535497649
77920,12941.667029422892
104487,27083.595895509945
102823,15143.366249751829
96590,11189.271361392162
101069,9573.880393722939
82549,10689.36084088367
77585,22498.249501045535
98854,50526.15371400839
82501,13213.634308880572
101386,9833.115777099798
86959,8256.972775315657
105135,20399.880623516838
100304,13748.829512484906
76999,23105.415969258975
93936,15900.043648009918
96755,6473.188104641851
102115,10071.701949739097
81953,12797.185815927543
80238,49016.85525706089
84324,10175.926877765307
105850,13358.6589813562
86327,8883.24886879722
87989,5522.3173868791755
93530,43707.15959512642
99610,11075.253972644925
102129,10281.659680331673
100985,11418.799066105448
76008,53376.75006707178
77703,21337.484870452972
94691,16428.50085076586
103293,14705.78915229802
84439,14582.364495365158
77444,17091.910741221538
85455,12523.549203918747
93989,66674.33834413793
85336,11051.286348287758
100517,15430.873072980448
108179,27655.03964791739
77395,11735.471954292889
98462,12424.303441852362
84943,11236.706546610678
78028,30616.926709450105
81596,27133.009081709257
95852,38482.85636691582
88816,17556.81985653286
94448,25918.54156292239
86470,12019.967685211219
102503,9748.918286793425
105474,8122.248481506039
88119,10218.458765017938
96141,12243.56450942837
85763,8983.75117572618
105011,7859.687057721114
99747,7787.829099702793
108392,16202.29252475319
90949,13816.050666620562
105446,14618.40564718346
95792,24569.992910489775
94956,19779.71603303068
102277,5523.294151215746
77366,35340.50421826372
91112,20435.648896589802
76355,21920.654134161912
79142,22423.291791055617
103859,6279.386047267553
82352,16103.025393468475
86826,18989.174233243728
86754,9815.040374754597
104363,9486.175787925205
93154,26586.86018326088
90930,20524.67301828301
107269,17416.719875486404
104109,5879.208949386691
100487,19364.280709036135
106527,17273.469058629016
96225,20056.693358473243
89925,8524.04230455542
76775,27368.414819090976
83082,17492.426090318433
105115,33002.977180663904
103481,9319.680926094385
105642,20341.464741477907
92703,19150.134577074357
90864,8527.985282216954
96072,7349.067465547612
98628,10850.33190904402
102378,11564.896263440354
85185,10597.972527516135
93707,28398.597388897782
98795,15601.530855911033
97577,7121.56617660035
79804,22111.41075608624
95541,13171.301474035829
78568,57264.61136431431
79608,27297.383503149496
103860,9906.225762140362
98449,13667.196349487365
91377,24721.368331393907
103436,6072.0658791483975
102582,12774.205497475521
78381,7971.243925297673
90999,18784.706300122285
89764,15955.209201273712
99515,10686.881836599188
89133,6501.206343174646
81859,36044.05230443357
108005,10253.030095914457
103733,10218.869123002867
105155,16806.81628605159
100185,6849.156897181609
102347,14352.443527531666
107943,11091.477923103803
104445,9608.567380711102
90149,20160.350032654536
106593,16001.007160573565
94733,19405.394234848744
91481,27258.34789425808
100201,8251.980349390165
94149,18060.568775806187
101639,2469.377068819984
81577,29955.782316800498
80120,23408.00058883736
85995,9683.22008553857
85199,9837.52505736538
85909,22149.420352083445
78676,21904.171626714444
91948,29885.72833879666
88041,14782.125142703098
92848,23609.472465305505
87598,9887.026247627793
83613,12802.440045246047
85054,10672.223548865999
96903,16917.1851829994
78725,10641.435504419958
94869,31853.72991090535
89121,6373.475493065058
79858,75836.0425748949
89079,15957.0600789382
77639,41398.89274882238
84498,14983.620857971902
90431,15867.00404670809
80553,13602.875560467282
90257,7496.491126882383
91607,26344.865617893025
82794,14219.058781214417
79243,36087.80725575419
93687,21928.57431380644
91774,29633.33199940654
104622,6909.62986810143
94152,3045.5186743696754
107441,18832.184712440572
96359,11992.999412812827
105873,19954.434658881048
82415,12210.6205860638
106807,6623.7453442609685
82732,5002.400363852926
105350,17184.7973645835
107206,12720.398861258616
82693,11009.532337263154
101998,9912.430289328271
107032,29042.651046991083
88200,14081.255814895905
105801,12485.233660895643
86649,11170.284099436945
104334,17216.07401021479
101972,7682.682489708148
99530,7291.13915012105
96201,14169.684797567463
105972,11719.96008649592
100425,9457.62041886828
106763,27067.241671590196
90434,6171.426594973132
88690,4095.7600572836795
88747,10954.719877032237
92158,15052.396517815734
104298,17230.75932972249
91527,21636.99843206064
91731,19220.231703876834
89575,6851.54666674954
107525,16039.039893980025
80805,19707.5434735625
87001,16744.87683256958
76256,30616.926709450105
106726,14163.330261698104
100912,15742.66895645821
78223,21883.030693725646
78232,45265.80100648068
79424,22218.018184907552
83551,13995.61413283898
98945,5542.368079588277
101673,7209.73300434229
108525,14351.041997555494
92543,31471.995248224914
92373,17661.236018634165
96994,2085.025765584431
80957,29722.310285809832
104185,12540.017855075743
107318,23141.07299248908
89348,8380.853519020087
108046,23100.478458391157
107385,20523.50069098252
104247,24459.91762344267
79675,24227.904046706648
95374,22492.338956315227
108422,10796.971457976044
76584,43170.539250401474
94645,17055.58918073894
87779,10906.379136997723
76043,19330.471841200175
101605,12256.358909489489
83501,18344.33100676066
95444,22373.422051800022
92724,30717.65224332194
101099,15818.116344113794
105469,6752.317694326907
78289,30964.67579552185
90064,12396.537358155585
93527,13686.863950000414
102951,12214.466232417151
95138,19695.95519306
90436,21555.1609871794
86900,11861.37194112108
107779,18577.05080229185
98096,7376.140700323846
89305,15899.33191926459
81735,13222.992452295193
91537,18555.949217654666
79302,12333.436606008647
106769,14986.512624416537
105306,12345.732036409267
106670,14965.837933280023
80113,32321.63752189855
87168,18338.450316480623
90710,6654.251049843493
90995,13348.124459327179
96388,12757.371985943348
88029,16152.040252641202
92389,18782.38151784413
102649,13364.456746856176
97530,8046.476850485098
88501,16316.53966376675
80998,26392.870427866852
89624,7609.7828370907255
83063,7529.516983883038
90128,13700.06379042994
104897,7999.762913337413
85490,26452.64536969623
99453,25194.81585158858
107743,11309.511451003753
105662,15269.495059260358
89186,17600.411931128794
93355,23767.18710793645
100497,12415.626877733532
104389,14780.74427012207
104476,12264.72548320558
94822,15498.873111622728
102639,8727.587599972252
86493,9532.241582227845
95602,30995.014413235735
86924,9014.256735245726
81852,11657.778904189558
102319,15205.586326845247
107863,11997.430512919076
82938,12959.875510884523
89666,7257.555129718141
92812,29577.352021437175
97393,8206.43948888438
92386,27041.240220555115
77152,9449.743686043716
107259,21108.382824853285
90094,8074.169350434641
103704,14887.055073486335
107194,22538.311299748326
86326,8964.43117039503
84993,11622.61097092039
83853,5552.021826179644
98484,23864.47309499412
91880,27130.934357741786
89715,6473.543507439253
101393,9320.344271935493
87375,11266.27813304297
81722,18490.46745060438
91249,18645.949116326512
103603,15597.424979473308
96576,7665.88947779277
77094,13707.830075480526
97706,16628.848328233875
76932,11632.563034395442
86648,16828.46968684551
95671,21144.241055634462
87831,15335.746263863157
82577,11102.721970676783
87475,11875.014647743667
99557,9118.591304398666
82882,2909.007490298616
97798,9456.86660888737
99009,31254.67640166439
98120,9333.210198976207
86637,9530.542845880853
91310,15759.436854101776
101677,13685.933531046
105146,10594.647863923257
99727,12950.79240049593
84169,7327.512051447856
91121,18636.093593640497
87151,13006.90438903158
107732,21601.396025763202
77136,32253.05686221399
77148,4173.522606463803
104946,12517.662515477936
88249,9222.425225602665
105127,18014.68650190855
89504,22018.938373149704
81927,48193.48498511283
86452,16899.941515910326
78250,16885.082281064788
85921,27734.74460877065
81378,17479.532647769112
106286,16966.462930364465
82085,17496.42926736637
100957,12230.151806565602
98903,12742.027402661106
93994,23059.674394169648
95727,44413.23074396379
102483,16101.159590957497
85566,24108.561367118044
97406,6287.375775658277
76120,4888.671554844098
101642,10068.124979203878
86245,7639.238192963825
82830,16911.79546535005
85386,11021.550095286217
102072,12781.036104514968
81015,20367.77655339171
76016,27591.16864392302
103157,18876.00829432921
85980,12708.986725166647
107548,20453.540630980966
83411,15774.51885104335
99745,8562.297616343243
103338,8880.905044625975
100366,10689.932651238509
107718,26732.943253573147
91888,19460.478268856485
106559,18214.236935181914
102293,16032.011252532157
88007,17600.411931128794
100545,13217.931334120683
81498,17473.182096956625
81632,50552.63879452324
102626,6889.321655946581
91621,20730.90443130896
88591,4311.331974550507
87743,2899.2860463050597
79289,34909.795422934236
79813,38049.062840334445
93561,43636.21002558236
99218,8610.493110226264
83575,21423.413374362404
86909,10264.698182834249
81952,10456.467881913248
82101,34506.77263692003
79912,11555.075418556304
106129,12894.55029221514
103614,10934.041447107396
108271,10019.481339189675
88813,9718.652948333613
105533,29413.995286255158
97693,15481.03519376451
106423,8493.686749542852
88858,13092.273240456943
79568,24589.116694469936
78667,47984.944877980925
106744,20464.00804903855
79183,21663.425259644035
92329,19813.604275909358
93551,89180.99749481106
84807,6636.09884121843
106251,20326.99992089848
86816,10814.436896909416
85547,8906.492682006092
101577,10702.894497178835
103281,8092.66871335804
101919,11549.865311331765
97281,10163.108949731482
85353,20640.598295970623
99143,7240.3231264761025
89606,16753.531695554142
108144,16673.56791315458
94628,21055.929168038554
78418,29925.526376011214
90238,19620.06008406046
97412,11200.962826273066
95368,22573.77342830839
80945,27023.646899522286
101657,13182.282105671296
92454,25365.148259956037
79075,11987.433129285419
81257,19062.340514317133
99019,9246.876631539428
91946,10305.676863456456
100356,7377.486437629266
88464,8038.627592035426
82081,19540.996744918615
97199,12297.816136780453
99762,8318.205098336613
101497,7031.83057808676
83716,13358.08220710921
99067,19617.0137880719
107895,18732.031763764262
84198,4476.068022681144
106770,21063.86572425624
87767,15937.09513164689
102945,10964.23746215868
95956,21195.39256071881
81644,24593.580268979273
86278,6436.258389109699
79399,13208.743413473096
80474,17506.649698869995
94588,26315.14329329101
108471,13930.056885990487
93417,13850.919589108267
104702,22794.45439179134
84151,6142.002740293671
76589,13616.489785289512
104490,8247.545859864515
86365,9616.50034317332
90620,5697.891276924189
81071,48340.9089298317
92311,23563.658294144305
103019,6879.346275889386
100231,11418.799066105448
83298,18047.866026651707
97958,20197.687163279585
95436,21504.182371483646
85413,17218.387936416133
104619,14372.405238270001
84835,8307.686367063417
86314,14220.23796137979
91780,37636.92572281005
88338,13257.731920000586
98012,9955.884386861268
91161,24203.683460093253
108156,6201.32602919944
80607,26232.91492816851
105607,19328.82732628304
106586,10253.030095914457
93442,10708.349818010967
101779,10730.786734709875
86324,10995.993551666943
101056,7843.885548874819
89524,8847.076619932119
96619,6074.390652552166
102914,2075.81311127238
105085,24543.298717983067
88414,16985.25084106003
94174,15188.300004634297
77296,13605.560308065811
93567,17588.75184131899
90823,11118.623253327163
83440,9030.145135978826
91053,17900.642205905166
87349,16184.319184318314
93853,15108.182127715772
88334,4283.069886108904
97251,16017.645584464293
108429,27379.337097049982
90331,10834.708966430766
86234,10464.70507532201
102632,7541.401549174161
82553,8545.577560876492
105227,19189.08598546937
76476,11024.36457977183
99277,8876.694375974108
107214,16897.4915147785
101622,9538.639116075263
91446,17270.616622036465
102009,8418.55168112835
87852,8635.84612526822
93868,20442.75904376428
106100,21599.88827193955
84477,16044.594623005638
90371,6327.246589307914
101643,4939.689173344276
92270,30178.78837003707
91036,29889.613432547572
93120,14951.673832497409
96986,11752.367258425335
88712,12911.27811672511
107673,11246.465445658007
94689,47037.09630976451
91664,33407.13968388651
101139,7273.8867405335195
100211,12023.482945521573
84843,13920.529829153797
99077,11456.31967824363
86601,10345.581783862124
82207,27049.043935409136
83457,9700.274916502243
78306,37138.71470115164
102397,13247.419542443082
103423,15976.538986170139
105818,6946.502326933014
97146,15630.620325126687
95680,18353.13036934207
102459,7063.857982526362
107092,14652.962787065087
92734,42745.7890917825
95647,22497.09374497819
77576,13678.447839496834
101530,13220.522338792676
87264,7414.4904625022455
88978,10831.414173306517
86197,8485.406283135815
107810,22673.925924754003
81681,25069.79984167288
105951,10786.649704919437
103476,13525.942529811362
100268,2341.7792788019397
92647,18656.627014912625
80498,19751.46043194581
90634,25178.516283917146
86670,16572.883788344723
108110,5032.076386140271
83881,14851.61139377537
77006,17354.944804962775
83528,14938.043942565319
86178,6844.643864643749
105430,7716.15065599386
84321,18496.470118508678
90491,13782.18411958846
86339,15895.04561571127
92286,27295.061175412564
101926,20051.647537990222
106776,17029.039751517357
82619,14448.218316661412
79817,15953.519840483774
79626,21621.17478241624
87043,15034.062588874354
106571,16177.604124234473
87059,16610.428717645296
97729,13232.691692587568
100298,11414.491859177733
98256,12748.993468612056
97907,7025.749540725766
95953,17648.591937043348
91657,68438.1953158082
101343,14772.937563402906
82111,53385.425108540265
108388,13692.692255936252
88818,16208.448360066164
77029,30498.397963845684
104074,19323.317870901785
86201,8488.583109919044
81545,17988.728514761046
87713,16358.648337991419
92371,21020.876541302812
77156,9508.354629390506
76880,23452.83559363184
88282,12860.21326281662
96654,31505.06211017876
97866,27060.32963511917
90293,4948.793132588588
91292,20310.75219115604
77320,16333.568707172746
90383,8124.5281994687275
100241,11159.186470514629
107973,9715.619414186376
79074,29935.5656764225
92862,16916.535328272832
96379,14378.527561875811
100683,10996.922382404053
76236,27665.92670439353
99113,13219.396006081412
100305,12145.077122288392
86570,8675.536683943843
93251,13388.970769830878
95890,17178.025776464612
104632,25071.148419270492
84213,21121.08843380612
107818,24645.898812261676
101521,11774.548729247746
83053,16168.952294553535
92890,17987.799230888624
107449,13325.912239436924
84022,9148.693071184282
90915,19459.235136272884
80324,48879.38629560381
81352,25459.997843657395
94642,16099.027584150746
76123,28501.46022284929
79202,27085.397577188374
104174,25532.870204126844
91030,23795.9161977831
107033,15780.972443239283
102759,5354.138817763372
102192,11649.119672384679
101885,8626.117783748012
97716,15792.15807290997
81631,17271.944930919926
81759,26565.504110353773
98702,9543.33503838736
105784,22477.631384385284
81817,22269.08881293904
86529,12900.528083560577
97857,9159.832813660598
82820,18990.66931649066
79072,25066.78859348098
92301,24754.14470387849
80309,11828.001084499516
102835,6329.320797300493
93599,15548.4354171704
90253,7135.760054452718
92875,21703.942026794295
83698,11735.637226924453
104398,49813.734616111244
96860,24321.004538353624
105925,28277.290859859728
97861,6840.306651587617
80226,26384.537535614953
92699,16951.49266576069
85949,8099.772299106342
92215,19873.786907775924
84214,13287.139586012547
106157,13438.635803468387
87047,16634.825887407267
102413,12292.153536650081
97955,12166.326686659506
81441,30737.6821086007
101029,13233.022671226969
91634,19188.356672726706
84859,8055.888024271504
93328,24064.94149141284
97318,7485.086182039734
108048,15163.882980482611
97815,7950.831742167479
101921,7228.342770644613
96260,6924.844910788572
93491,15790.757518269147
95257,15587.447888050821
83326,33267.01365876815
82475,17312.540314800775
107393,10732.618588882131
94132,21979.741138388625
103233,15195.601352871703
88140,12386.645756499296
88395,9773.384195741623
95094,42412.37002278241
95939,19429.27133875158
108234,17580.309419027722
78788,26088.6690257322
93021,19308.638538268482
98301,28317.21481922555
104221,9756.870879711249
92384,22944.695501523845
76288,23722.63846783781
99805,13759.446097280386
90900,11585.101123911763
77888,31443.88435576852
100126,8327.387812758445
82197,53518.493848299164
90987,13174.78907335223
105383,21742.38141445341
100476,8538.924354741073
104238,9081.602443045516
89211,13267.670263875909
97794,5364.462569642592
105692,30780.987815337157
98699,13102.448052825528
104212,17809.371791076734
107544,11186.028491335463
107748,12022.315905360509
103427,7593.109004657605
84063,7671.899070535803
98384,7998.815069110511
91209,13041.591588886347
101379,9073.919475619097
78090,64454.90101637886
88321,17780.18810555871
78786,18780.706259434166
90751,8486.992321446356
85706,17738.330082491004
100853,10926.370903561308
106131,18694.353356347703
89397,13182.405536707198
76263,4849.39701560202
108441,34866.963391255864
88221,12445.38708480912
92526,21063.449065147117
81169,28834.13940149376
99853,10792.63543609857
105516,9668.332894173725
85227,12071.207257171041
101567,7043.11081315296
84331,15689.787604624607
78187,31723.51848363635
94441,16189.706094593435
100067,5554.182836741166
84660,15598.04102385144
98951,24766.222356855695
93815,10420.11080427494
76848,17702.044671836524
83378,15842.537664010564
79966,10456.467881913248
98219,12596.309501922875
89076,11866.051694845954
86619,16339.763895256276
106225,13196.578730239964
76793,33858.67751935976
88351,10768.776150592257
107927,26014.270665330147
93374,21625.12049114431
84067,14655.601840653426
100355,14451.530778244782
82099,49988.493014636915
96457,12460.547374138157
103061,18217.475438370868
89169,15904.334138030747
97340,6904.532130950195
82912,22615.090390357884
82266,20566.675200261434
78561,49135.7355076892
100839,4938.269435925681
85302,5039.767468684861
99375,11452.377832030994
99881,7280.9733647701505
88083,7599.139730072762
86412,7063.297803802202
84852,9699.2661232189
89087,15830.349069879785
77702,40702.309404546
94308,22471.649209017236
100896,7442.982473414033
88225,10707.438491482191
89796,4256.8352015457685
101985,5260.419294360285
77360,24555.65107561427
92220,31844.70071304095
83866,15216.895066522204
103140,5597.473606672424
78348,15084.373897481597
95353,24075.136207984244
81413,18931.659187056932
77106,24906.914571241672
103700,17471.027405672456
88524,11813.560722070572
87461,13035.124228792076
78565,34899.06502600125
82507,12635.670853400585
95578,21837.24043485417
91998,20752.674947471085
98342,14555.42973586505
96413,12069.503315415728
78273,29987.893098481054
105735,14186.778984594914
83640,17842.9743194381
100599,11634.03897412907
108024,32025.38721769211
85550,20264.496523221846
82875,7416.503675420582
93272,11621.690331382484
87870,10219.902036477704
83279,11463.831152830837
105742,16093.27474947864
96152,29952.369483518185
97215,19403.101528697953
76322,56667.786367541106
104938,17094.64707252903
81197,24425.810044439146
94638,13382.171540169214
78474,30506.367974230965
78282,14410.541584346842
83765,14051.528428962978
81798,20597.258587826553
84877,15105.674673863776
107924,11451.922065674837
107870,9549.34283280947
86640,3939.9716330693427
90317,12390.890436311698
90787,13838.691620479403
102045,7431.206533634391
95893,21908.22094726223
104067,12047.02988084211
83702,8790.855815006591
88581,19304.27371087978
76140,20249.29916914855
87782,16396.324339066374
96924,29472.544534790733
81993,34563.9652114987
92440,22722.09795201236
97803,7368.071929924558
90468,6910.504916360343
77617,29280.49162443623
108325,13055.027591386159
78387,23056.823740319465
93953,45703.87747042112
87120,9616.206979250917
103344,9552.915007265929
86899,11815.155758070474
79585,31092.5156510565
86908,9861.60540741346
101362,16010.914571969657
89150,16387.705418728117
92083,13529.033295281446
81913,20916.1709556417
86370,7238.7096303842245
78733,21533.194908196725
92552,19612.213975319868
89154,18103.808085235112
97775,10577.611064304741
94930,31089.69345370974
79476,17024.812144209063
76220,11059.583596928045
98869,13128.697696644185
97474,16529.662334577635
99008,7295.473200878384
107702,24895.404341287027
102495,13957.950749550993
76423,20373.396217734593
76460,11073.717056756497
83918,11592.130462138326
90937,24226.621000350297
98893,9138.293913363801
95015,72406.45987123983
94231,21139.182648357502
107866,19669.37584005007
91935,16186.846600261366
94141,25018.16276657487
84712,11480.156917191296
85125,15258.74166021351
102606,15690.819575890519
82305,19998.107407939435
83086,8551.48070571394
87329,9836.142903690217
100213,8650.468097299125
93661,24994.88165695419
95973,23609.472465305505
103243,7101.515658959827
77036,13365.382138895287
82262,10683.537254662886
103648,9635.188564403308
91920,18741.123759068774
85960,11099.49609346349
92632,26865.271562825295
97381,11777.50601209517
100466,9672.525364969959
77087,14655.355296993628
89734,15098.134236433169
83766,11870.396972261351
91812,61839.28130165027
93927,38919.00676800087
93439,13396.468801885501
98318,10530.969663571588
86863,11043.773573900571
95233,19271.464786121735
78974,15100.829455799936
89793,7289.668731120552
92799,20645.273527637877
91635,22287.8931030429
78414,14196.200237551722
90596,12636.52101181367
80519,34157.11871585763
89515,8392.798721354868
86481,12444.549900495156
92047,15574.533548258543
77635,17337.09319976382
98546,8132.733649306344
93556,14305.602177369685
76764,39422.55466867941
104600,15818.443003362428
107170,25506.25217544125
104809,10261.60075964639
104957,42173.97163371581
100565,13592.03583569266
82733,10332.024020134626
90487,6114.9041074529405
104778,3809.2823655937223
106916,30745.8919113191
85771,9439.723655131193
99896,9944.979918550505
94796,15589.317560162084
105856,16901.419990592116
85845,12694.33692286994
102590,9522.488221946673
95913,43113.27012316345
104395,14933.571447293252
96422,14134.846845599614
101279,10724.135667790157
98041,6134.937047600056
90702,8870.202946768852
104988,13367.285708949154
99996,15246.873811161147
103713,8712.41693487362
79170,33219.923920330744
80452,10448.810183866168
105657,26145.344363003358
94986,21672.866558446487
106339,11663.991440397243
98568,7470.840277618451
88304,7348.696425551884
87628,9573.059374685645
92003,22723.12171547494
97111,9427.667325567505
98892,14224.862570975678
97778,10337.58140723585
95960,27065.61674105014
80575,15595.86989901525
94709,22379.700178233903
103647,10250.312007134644
87784,9828.511522975035
77344,31067.179309373223
104068,13435.936046570827
94747,21514.763882757008
82797,14614.267843293028
77079,15938.798436762778
99217,10783.436934448977
84624,9900.804645462938
79999,22876.997507496482
107791,10796.971457976044
86274,7057.033727561705
92407,14358.832127418074
98109,23958.010604917963
104428,24203.20626815677
76693,18824.467699370933
96321,8136.304256444896
107222,10840.927931918348
80693,24175.591186633425
87795,10626.882405995972
83814,10864.71897144283
85548,10866.28412763782
103252,9633.867159228206
104453,18700.040906812268
80578,37491.90857104393
103826,6207.411247986542
103199,6575.934847215951
97338,8332.518796343365
107287,11559.90711930739
77059,34949.206702873744
93965,16319.419681651496
89513,8777.260994260985
83064,8161.835105853753
103490,12953.227795694296
99116,6867.829226061554
99690,12244.410059514514
96405,9410.915647190142
96969,8875.03022337464
84317,18863.106101319114
86480,16754.224614141614
78305,51864.71210759625
96458,16837.16663302492
96847,12825.46228824836
87888,10628.939517987736
92753,43542.92546706655
84191,7581.042274051187
84830,9714.7891870308
100910,7513.512683997522
94969,46764.37896012716
89103,8004.408781454287
93092,16335.346158584862
106511,18097.050163557862
100549,19164.326190658678
90741,15256.292593252178
78118,18499.674687593983
94087,13029.063871689956
87584,16443.822199912138
107254,12838.314451946919
105985,20672.701944374643
88323,13929.264430341262
105221,11877.88807684381
101901,13874.255062177024
90944,32967.246838324565
98634,8552.399564914824
94057,18725.678239180124
77391,10657.307550700707
77284,41440.57433448923
95838,36728.96867611982
105720,12531.311847313926
97257,22581.883924079913
96339,6872.006736864492
81848,26029.543131583192
79581,30099.29430954357
97762,10058.632309854007
101710,7642.856883764147
104892,9209.820244736713
98689,11835.376260298237
102340,9656.547992206766
103335,14056.64563978745
80348,36891.24609127672
101717,6613.721227973617
84797,16022.637878825071
80101,21469.34088468281
83224,13946.234986746776
93736,20853.209982369506
78612,15536.936285956372
80009,12446.952472427307
90246,14087.08949301307
83348,13063.623841217153
102263,13156.845727441458
84153,16465.627068915306
90556,19052.120342943097
83726,11271.826974080941
86153,5867.767925288203
99219,12819.453062136248
79008,21924.65679262545
76574,17310.23119353286
93345,10393.188876252341
89271,18474.030267173144
84424,16189.67426494284
104788,20731.416649592426
96178,14050.62906701691
90344,11554.456168169254
105532,26472.687393511074
83994,10652.662360885368
91151,24461.1256370538
77889,33609.959111642485
76382,19972.538641587187
97738,6560.379564273461
86371,16329.000045232126
79800,48070.85236592432
79323,26506.967055213878
88652,10615.203777259005
94397,21857.181887800074
80125,14786.07492039015
103621,9405.106959021276
103073,6879.519136889553
104977,21296.196413269296
101232,10249.364256931702
92921,10172.650002435172
96524,20027.415213626227
108206,6764.457161154214
98011,8684.015605757604
82282,55402.30505447219
92162,10113.206028890074
91162,21405.149396714536
98222,6454.266830382924
106388,25444.22868467879
76194,13810.442120338872
93165,14921.054156388058
77080,21399.25294316488
88188,10547.504908723984
95987,11030.316178814326
82919,20029.063503310128
106334,9393.354083619555
92868,30411.19858335041
83314,14291.324082353232
83498,17889.411025716174
99081,9232.083232596087
101875,11065.791644312154
76353,37047.28793624381
97969,23874.91795272268
86292,22672.18957898682
76622,27719.486883356043
103480,18894.53667339225
85818,12591.042432969905
83971,14200.63025615201
97382,16244.26252406553
101439,8398.925044921452
96661,12382.554057506677
77795,12424.96082832022
105731,20674.839206048186
91696,15771.40347119327
93939,19951.333726274443
97415,12314.547898086556
103354,9900.958139934477
98909,21729.69414256477
78125,19441.446057326044
106866,9254.184035161454
98910,7784.880998000965
106208,23076.21047612583
89885,7361.015449452609
76580,12967.889821127505
95892,15286.614043164178
91957,17325.932125951244
99645,11914.44522181783
79562,48013.34778000459
82838,8517.478359493984
101076,8022.431357109091
81361,25733.41694056861
108419,15705.812220837037
93085,15584.029775826973
104426,19443.20403616245
88313,11875.738868952225
104866,18653.132272375715
101788,10338.522194537278
103172,11069.664139257315
98374,23087.607169252537
107111,23396.974327487867
93480,18536.341803280728
94099,48388.68182817557
100358,11442.670959884104
82106,33609.190415661935
92783,27145.334094255624
95978,14588.837488592246
79394,14910.459978271914
81521,27077.542103094245
88260,7649.499063569309
98649,9118.591304398666
81422,15538.71373203752
86500,11043.777588620971
92997,12709.838853324207
107940,9165.302852912122
80225,50321.77786763081
94805,25619.658736764326
88709,12900.528083560577
106470,10595.349234568792
78835,17406.464391627815
90721,10692.722902558635
105429,39006.50226047977
107998,26811.7714629314
89287,10845.347225906942
77311,13925.116904151106
87200,17460.67193501906
95348,13934.046730637054
83148,9616.206979250917
100616,12367.23248741277
81487,53431.69260059861
85031,11569.798923606626
86761,9866.655474481377
108219,21857.812746782678
106290,13254.571468611734
81428,13435.481624612932
94572,30410.97260761564
99173,13889.292341618586
85760,9872.369531566339
89013,25268.39469148669
85726,11928.453750994628
98647,8793.316639021952
76300,43938.65822936839
76204,15581.862647957334
99199,23181.591808548903
81833,20376.307787279755
79245,37242.43429290466
83196,11112.47406114407
85013,9959.495042558663
99200,9886.561949201176
96238,17983.897495129553
96548,31503.347357720955
104251,22011.217901174798
91169,27142.415683547057
91530,21980.48978956629
103143,6303.886895435142
106804,11475.582978423823
108066,22850.68210391182
76048,46817.97991762882
75977,15511.565670975508
96347,10645.593678234058
90190,17028.564728287358
77081,28926.250226650598
83861,6803.818165975866
100546,6518.280406518209
78182,28950.358201990006
89589,10862.933719217805
85606,7436.301308326635
78359,21161.18821020797
97559,14607.43479415756
76721,19153.434540902024
88097,23207.621233051806
87435,4996.443679733544
80798,14517.898708015302
90537,6264.86344124217
100528,7790.1277904105955
106401,20530.307467712806
81910,13976.318111189008
92691,26099.49683747111
100615,10162.24288231983
77234,50586.382930470776
78332,25641.370608438163
77572,4062.2059368831656
90150,7431.360238633929
105917,10278.890051109276
76449,26045.050948811095
93412,17391.96739979102
86269,15801.379203608942
87995,8408.81770249862
100075,7055.454989745284
80021,49101.97037569055
90343,13741.173389627165
106349,10254.365360631095
87255,11328.720599944647
85507,17218.387936416133
76232,12898.555239644716
106308,14533.365864121344
92289,17702.77285001017
104499,30311.48711127193
81788,11698.38217787585
100405,12553.715258398877
106380,13085.373786536751
81018,17853.234091788298
83259,13267.670263875909
94489,33043.72816491934
92430,24936.37129254258
82401,11193.883894660596
79510,50610.08759500317
84456,19271.385277560094
98445,11768.476296013745
88466,15954.19804890543
94340,18340.323384806197
104411,18188.377708898
85378,11785.718800325467
93363,26854.9532182794
108217,24472.81783176944
84003,9521.916779607225
78674,14135.135747919228
83754,9519.262715972965
107659,37071.95964916563
104134,10194.349371718808
80428,18288.53907991441
107034,11570.089160687812
105024,21411.712882043845
105501,13000.197789350555
100183,12503.584885471688
96262,14954.455617049147
102419,11245.486592973914
76520,17770.217558840708
87564,7785.152112355255
95034,16591.7225339247
102071,17115.481357150118
92236,27452.576711067744
108245,14489.100387877188
90472,6124.466774261308
91733,19205.00991292544
86418,13644.411872398301
91544,16206.170864297403
108294,6842.9813623536365
103067,14672.635272893525
87683,12752.410070098525
99427,7240.066280248072
78592,16044.355875946938
79477,38226.27079203833
100575,6804.388500027139
103629,21699.810783210633
86341,17131.608657446952
87901,7527.144868400495
100467,11832.95637136025
77769,14198.700561450343
90466,9420.529751773505
105120,30310.446671882244
94434,26701.614507401646
90333,9928.504931855234
100483,6513.808117547372
91083,19029.43067107066
86536,11375.42291879537
108361,15915.572374969297
102652,14440.75682965348
84120,12397.142243300315
99541,9856.86244545747
80658,11389.310947638003
96028,22263.769604159676
82478,8922.00897447146
99296,15084.928334458393
92923,21082.25293947801
84564,14322.567108542435
83515,11592.130462138326
80070,31094.410406990868
104027,20137.643662778508
79391,20301.57226699882
108108,7247.381463686886
99156,8610.493110226264
94668,19163.676570606716
107534,11575.209787862193
88509,10458.23215383429
78713,30000.00811656298
95033,25050.441945672344
105878,13296.341748972261
84590,11742.261177023258
104297,17832.177012759166
93140,22271.068874991066
95943,44612.00894239206
87298,18718.878414502633
105774,10208.8411847046
98658,6830.726426547657
87070,18523.416821917155
99465,14317.552512685952
105845,7938.663801089175
85369,22260.196821576657
83600,6836.207856081698
93030,31709.205666641
82159,32629.839067438716
88527,11679.158867885662
94866,13324.512313713598
81680,23031.96408470071
85293,13476.394201956315
83020,10778.786814390009
92112,11079.607121880497
97809,8512.488263984054
83970,7591.7787547896105
86745,14382.5161944684
100652,11003.04180674687
78837,26139.260511667522
96354,8420.714591543952
90084,10948.232844872686
84838,16319.813579869538
90416,18831.14916841122
82908,7219.303824000969
81469,24358.436316303778
97939,15710.115917986803
84109,5375.560916932879
94042,29352.19910366722
78843,19195.875599066603
94386,34441.161720763404
79961,43990.61291414838
98556,12300.313811692937
78323,15183.368445054646
98349,11323.36614055939
104599,12234.588564615784
92804,15655.438922894124
81485,21723.048594533455
86984,12195.60694426262
84902,10974.54212315715
87230,17193.394411818692
101698,9561.147705143965
81187,30150.422486419804
91728,21933.177534378447
90136,20378.450213848148
96483,10081.912886260889
103424,15239.80725696716
85712,16319.813579869538
85509,7829.926557411244
79976,33286.10483815255
93406,22002.724977213875
84108,10356.85934062255
82598,10454.42484341895
88086,9579.140397893461
78975,58508.272222924854
78989,23496.358267868374
93597,15204.339860556931
76707,25678.340010753553
99370,22335.311115842323
90372,11083.300234686507
97227,16696.984381355567
93053,30520.43384966011
99724,9767.443111309385
101261,10288.701621881035
85273,7310.804826904056
105019,20894.429181524218
107234,13109.91693348227
80816,36130.192083961636
101175,7032.862071672848
105866,42433.61647255527
96858,9167.134172686669
96226,8534.27521082696
97454,16535.7372629261
94540,26616.198255906133
99937,13177.107883676163
96637,12483.44761698167
82607,8759.640176575705
107708,24882.227529183867
104404,21668.34000478371
80758,14766.532216451798
99346,13368.268191374222
100310,14672.140354739726
91670,25433.371922291484
91353,19062.73834775115
96061,10971.256819031169
88206,16628.339736856527
101814,8382.338580269294
82298,14301.934512200125
94958,19156.09407353041
80444,25861.60720786544
93957,31095.01693755349
100830,7875.287593941192
82523,10774.944486911285
96073,9051.460828413998
87933,14715.995023504758
100553,10312.977445801293
86623,15254.591240948448
87445,9693.724197105452
87890,11836.131343750572
103149,15710.034825571496
102862,10218.674467529367
77553,22439.612775611
104728,16383.622396996512
77884,31715.637194477455
85105,20883.49740554267
76064,48337.92937127205
86071,9394.904993371865
97148,21855.526021591337
76161,18340.516716145816
82950,7192.596297476251
87334,7475.143594998128
104120,6334.346430459203
104591,5707.740168672445
106665,13745.490550876928
103766,8118.1681751346005
104087,9588.614375595214
95947,36514.84454084067
87165,5770.78547043714
76294,22427.266234159215
108455,20623.81595310453
85399,9318.909673998305
84698,10891.463825865485
80713,13419.883655143067
85799,7427.68633549857
100254,11271.521620126481
80264,9425.297309612994
94211,10070.305897670938
98839,22018.006845450964
99631,21567.493253810324
81506,34681.208525806374
76167,14920.505681541077
91308,38600.615442365335
78803,17752.304878219544
92010,14432.916639270443
99424,6867.829226061554
82042,17172.454153057042
89760,8468.560816308742
78489,27937.606884227585
102712,11260.246374675746
90935,29276.72904492715
102912,11018.296106294893
99041,7825.3074952648685
79903,43760.39545591124
96670,9050.432803682352
76729,34819.35870187351
91107,23447.742709666454
87286,13031.845121563003
102303,9231.700923418573
106623,21813.803801407485
86955,14845.725644556169
90173,20001.70077770029
99829,6340.2850053033
106155,14429.502159052596
95426,49822.23379708228
82218,29452.113582659214
97534,7427.327087357028
104186,15325.574294525606
94450,21494.927512230526
77720,33333.1807036948
83278,11873.47783995816
90401,17032.674948310036
95842,21941.76945426335
77025,12151.17392509644
88288,11234.637538375555
83552,18938.900869295663
91467,26532.272191787524
78417,25464.677218037035
81312,34474.630093223066
106656,12759.52275447882
93396,19582.30914285566
89063,9771.631528767184
94830,15345.79960014124
98183,5452.680459248892
101338,12169.329935842563
86784,9494.748598456566
99315,9013.645429125509
100058,6207.411247986542
89181,11545.325126961905
92271,24041.085505588973
97562,12752.612635267364
79601,13375.747418016354
95361,14651.8542607486
82021,21693.66881310739
80766,18245.06101104232
107591,19781.727656197494
97689,8010.182746156353
77322,15920.919178336253
83942,9861.60540741346
80703,38970.812136309825
84304,8799.522498695002
92976,22869.26906317606
104652,7302.545875401686
81684,35330.37354595578
90189,11262.66093513392
92960,35796.828244922144
91335,18690.91997984442
105310,15551.8476531245
97940,10077.942513526588
79726,25529.82176273634
97677,15155.914638047967
76868,29045.590840475095
82008,55832.9639766699
96078,19823.94793088694
87835,17165.137193778497
79247,25391.533416776976
77781,12107.866345862087
83214,13573.930192671474
108215,27590.46130368666
93824,30828.660987350497
80787,15883.129166851182
91615,35806.144740988486
80389,32921.466364644526
103596,13810.595589926046
105821,20819.736991559275
82476,9173.578758871507
95265,17578.50111527656
98399,22708.48673180147
76238,41953.8250025551
99100,6250.219825463269
104714,9668.332894173725
90919,11808.337059833655
83623,27410.972334664613
104865,11386.229768505196
82002,20724.616686608737
78910,22308.247540416614
95502,25419.114544372504
103857,9198.746132835719
97624,11746.85689898007
85720,11065.201247482604
96531,10732.814154902706
83085,13949.803820899806
107580,19800.591638797716
100283,11497.013185249287
82635,10818.96074924006
83319,6143.707382763616
82752,21415.70919195701
89036,20803.59945101296
83309,11715.27481439302
91103,24245.47562599644
78064,75124.65917192928
93250,39237.588903828124
104512,15031.453051175018
79857,12349.049039691052
105526,19264.42996026508
95901,32070.80925142205
88558,9821.964156368
106352,20114.51778761856
77802,17200.06246450035
87315,9000.316167800665
78742,27601.175957342188
102737,10378.262371268456
102515,8754.619855058614
89811,8138.752959091763
83376,17492.426090318433
81478,26820.757299638735
90640,15569.770823045932
77782,11939.484492494164
95954,17207.069785275846
102593,10969.049716732457
103795,9766.03231663736
90806,9029.64498996973
89657,18547.311233790108
86003,14846.908959715603
95380,19318.261979418312
105152,18748.19242966389
89783,9068.41757902825
94941,9991.045976986637
97059,12507.981348816113
94104,34223.63600603426
108398,12005.229370002102
84930,8822.513241655039
107156,19378.992865151562
95687,18767.980611087674
97033,8338.047524748865
103036,7784.678793927341
85849,11365.009468659207
103638,9544.75502648529
76938,27674.546826463567
86884,4714.063287044852
88711,11021.951431073356
105179,25190.167329922464
103858,12182.061483898644
105362,31706.672308833007
77038,17003.007188030308
98935,18412.61807969173
83763,10726.308568004515
106254,22433.749867767903
96326,21989.07485668587
91225,31316.355812573474
90336,19580.51455307936
99070,8143.555920619949
88213,14933.494732148069
80925,49102.56411208974
99202,12847.106435189778
98190,6515.194490868625
93632,13304.457192381542
103377,7714.660226572543
106788,20467.05588938773
104266,20508.937061493205
97957,11046.29360647467
79055,24226.317118056184
99963,11912.637641609144
104883,13326.842967081146
77565,18729.496133860765
104641,9558.764548649471
92456,21282.27957250846
90989,34709.469685200296
96336,8306.63731388767
75990,13330.33065090111
81685,28655.767249001652
93610,25992.442083597045
92156,23044.974341839705
98823,15143.943661083911
92141,37107.69284293203
87756,9556.806649923494
87211,12906.47329081071
93983,22880.668977947073
87098,6436.642827424295
88453,17904.05050369068
78408,15703.35938938165
82661,9699.047714325668
105658,9609.808997680917
82377,15479.072927752046
86738,12132.453591621155
90498,7882.724633524924
96128,17251.816112661563
81136,24403.692067245134
96840,9811.267201135304
104970,20249.21473762043
102228,10216.385917796419
77466,16135.78958304902
77981,10603.52076631453
94406,56393.99210602909
107110,11929.287074597194
106442,20520.541068187304
90593,12760.375411602341
85731,9180.567316001287
91243,22209.208874779306
88327,16173.626716465318
101596,12084.647272701006
91216,25133.12920150589
82093,48586.89212502388
106882,19344.736725707357
89713,12632.383564639018
93144,6519.390486798697
88299,17928.638679008072
78242,21138.589952951064
93200,23034.030009672297
97874,13146.715222880337
93836,30635.144167081635
77774,31562.71410032044
94322,26856.577622099263
98230,11923.887295902565
96006,10423.437202726567
85959,14686.33498321398
88398,17618.29388190863
99305,6257.39483557169
86936,14905.101448908312
107147,13601.610581718805
89432,16893.297596494984
104475,16687.422000480423
93164,16417.659588634484
77276,17160.109408138724
107454,18292.664836340486
89979,21908.720748899617
105360,5995.0855553476085
88586,10679.343191799562
84105,14688.989726384527
104625,13280.95695177198
78707,21977.64926648272
98962,5078.206407650744
105679,8010.947727546094
107418,12763.14263127383
93072,69129.32179897642
78519,17762.117382556356
98281,20444.48010269143
99872,7366.1819709285555
99188,4531.969379484359
102719,15314.086464333783
107129,11139.37119642555
86785,15919.770306260674
80533,25812.830239085753
78168,19021.939472262944
96300,31588.691108156076
85605,10451.45224217086
77676,15646.557946293271
86360,9412.75844652784
95177,42075.60982963124
77263,9149.498326842377
83488,18353.89096145655
106949,20597.473122117626
86400,11694.662320935993
103763,11415.415586103452
98495,11575.371284809082
94363,4624.795710895744
101940,9711.073496686891
81366,18196.592156302577
99546,13460.150610912691
80651,20578.259272048937
101196,12139.653855551462
102050,10074.059959081555
99804,8174.204470670453
87153,8445.142560658342
81225,16434.52987035126
76181,24846.491546413577
98469,18187.030438005833
93979,12649.995329792879
87480,19652.39570362298
76369,14654.884129229846
88375,13558.433175083788
79983,13979.699753859462
87393,14111.523801618547
88732,10388.787374508447
85383,7582.6388855339155
101126,6358.4864042555
95928,19052.68198488287
103011,3403.7042777640054
80083,26288.375314518646
96118,10696.843782025278
85674,15467.342445916089
82917,17396.963820272747
91143,14568.65657075269
101645,10667.593795252647
92817,16724.12265731003
97402,10034.873142495884
83885,21242.267111503243
101758,11946.977584684924
98594,10240.02140620249
102018,2683.9063354155037
77568,17287.298375128423
92202,19531.47198897884
83954,13922.777214417798
92567,9141.792622459829
99006,28441.66219058384
90732,14429.220725626095
81955,21260.144386803117
82585,11619.649285468593
106285,11285.38075095263
93620,19841.450168153235
90725,15319.743823682562
92088,13310.73135004788
107174,5087.374879055094
90304,14642.912580632503
104127,16884.60386600657
98880,8669.742072699406
83303,6183.371342567342
94770,25318.495168483183
89074,18644.694980657037
107549,20238.915377370176
99624,21698.073460193256
105181,9025.605916482564
88189,8456.486397225644
76455,23165.485288633452
101020,9598.225598615145
76745,14012.73813612799
89568,16706.97879754327
83478,10024.556032084656
85747,15954.342136988427
106272,29115.59472573005
82872,17126.621695780916
107532,9635.184642127702
90049,9389.318594523136
81364,17074.455716167766
98040,8810.939532961364
102958,14801.033291147347
79260,26662.483481858304
92243,37733.9568381416
88478,16903.80941037552
86621,19065.717706635427
104072,21813.803801407485
90813,13487.568901933404
107620,18981.92133911836
85958,9082.102218819371
91758,26685.26216139647
92388,37635.19158220663
95940,16983.72373585263
95423,26464.196446383216
78205,14537.224107110775
92781,24976.026981339084
76964,17884.84800428173
91309,23752.29237501264
87312,14509.191633300254
99960,7781.338086483861
105615,18586.308388841466
81777,17375.5673185603
90088,7682.285247299007
101916,8784.552581940214
102032,12042.922742460638
78757,30257.494402951008
85089,10969.304012890165
107536,12609.096959407729
79554,14006.166861208856
100053,12585.710884455872
102087,17232.546397040565
79180,38959.44457385819
78292,12161.80935817436
87547,20392.017208897672
96714,11748.385237789613
101388,11554.783944765888
98889,7626.222045106483
90037,10563.83617697033
95831,19994.18339938629
101678,10108.179407410182
77780,27013.58275728129
104014,18120.866167904256
105304,6899.827777818267
77837,19309.512868532594
88541,7420.829405243713
89143,19400.595769418105
90294,17588.02294196326
94097,21857.181887800074
99108,14634.621234844044
107044,11914.326549603999
108467,20713.03624988673
88739,23598.2871286443
102441,14430.28541892582
86183,9716.751964337347
106346,12460.455973738019
84130,14939.53128966796
107757,9212.46087526628
84412,10648.377872980156
96522,30235.8568870791
79372,25691.92396277821
106945,16949.69293348324
88312,7839.582983263576
97814,15411.972284239175
94724,41533.335053135525
79892,17894.14625299181
94500,16448.756205246238
102161,16010.914571969657
85073,11500.158275760747
103316,11068.788562866575
81537,20232.17144308925
79187,31998.23709255604
93646,25682.97282919606
84942,11701.414619276331
105305,34714.19066206329
102440,8154.053902339331
99694,16188.978244903323
97189,9627.088823098593
89680,14504.03640422776
104471,10713.874383922303
98066,5400.320488527023
104541,10415.146619050716
90039,7030.322701452491
99640,14997.47335890052
85034,14360.735128770564
105699,9183.338220604204
103097,8760.492739096642
79154,25214.321368044417
79730,26757.640765064116
93954,20824.798691011645
106821,14708.497351207252
108129,10458.328107516061
81433,28895.231672455768
106810,9884.141201159631
89340,8340.989180515406
92137,23327.133229096675
89457,6226.485979957794
91797,22271.453311362122
92334,22057.119384339992
99141,18323.24785031939
104901,15922.453460894947
98189,8909.626770884859
95071,20370.607560648732
85149,16103.892787653242
83164,13870.998591587053
79589,6301.215209236841
96533,22405.022861812806
79514,25681.46791065861
97024,18538.329937485207
84010,7428.075234750478
77716,38296.835635975855
99999,8030.278575258555
91937,28944.128275651492
83222,17412.17358677348
83874,12624.123254484815
85379,8161.835105853753
80923,31083.064670141885
87263,17704.394111609883
77648,14856.511862270176
90784,22039.469244494987
76092,27611.907988824347
85877,10317.896710467245
108297,10189.612593835252
81020,44823.99234812457
80092,27072.529616436426
94008,19907.28507912213
101425,7030.314923235731
81218,23634.24706162444
102599,15465.879352884533
79959,28934.991139476082
88223,18514.676425518803
97792,17432.445939419547
98438,7405.678881728287
107986,36505.211420896005
83947,7913.972651607429
105867,20163.0789070991
107403,19459.533690002318
88885,14019.407871859432
98450,10074.298931703914
83554,7994.070725116261
92398,25767.306671409668
97238,4710.192249425272
79115,49630.29976660168
92394,14793.617930618042
86813,12495.509486126499
106364,9393.354083619555
93974,26201.48917004386
96921,7813.6331700874725
76493,17949.367139870632
76358,14104.645375921364
89895,8823.6345527663
91354,24679.150786632355
105589,19975.389849094547
96412,25971.54139717792
98970,10622.699118365506
103020,9718.358403152668
87261,18289.18980733641
76112,30122.977819381882
96166,12990.060184247539
90696,14634.650242356813
94089,25475.74379440014
78422,17932.318181285038
106298,11429.312247279953
105489,17108.668413535113
108304,26561.688362916677
102353,7359.159754971135
76411,18651.176089205535
84847,12636.171872715495
91646,11678.102683981015
76141,17397.988874106122
90730,6233.335338531519
100429,11766.449265295492
85989,9158.631562449405
105539,11705.408920948104
79951,34541.03721029343
96676,6938.280937916366
100762,5571.897000177548
92509,28962.71167678434
79582,40294.38964774437
108529,20778.308759800115
86542,12500.780387267849
80669,20117.761122188746
99953,12608.579752704594
93023,16492.60939326893
102223,15277.664572361975
102167,7427.614176329178
84525,7981.416674662876
76654,30699.133120166396
96998,13683.545165916928
94337,16280.133403040725
105106,9716.055022850458
77494,33968.6396657508
91245,23980.09676084463
98303,24244.66516397189
96838,26846.310867598288
82064,28568.506110958613
101129,8346.981921031176
78108,12821.821800591673
95497,20194.2624815207
81175,12875.215662563061
89631,33362.7538872689
93976,19551.499516302232
86199,19569.287190214112
106842,4421.763495728606
78263,16055.322649952468
89187,16859.398553972023
104396,21678.27458007044
87198,21916.328516519574
78994,13944.917200873977
82655,10630.20750701104
76432,21283.874543408092
95404,19779.71603303068
83767,11963.32292736595
87719,10439.377524988888
105980,10477.934102192808
99851,19694.248741410014
80432,12124.322497292582
80344,26070.93099121393
83694,21570.857577647264
96247,21712.175034899934
86395,20625.699421759182
103276,9297.396296864088
80262,12843.30745120243
88698,4530.714004791837
101575,9955.703999920052
101293,2341.7792788019397
76732,16557.335366147672
108287,21678.27458007044
100140,9947.877658115285
85239,11234.276591227443
85252,13062.455566229326
77174,10332.897309084634
86250,18588.003584021477
101740,13940.320669663033
108134,8052.013537093034
82406,33276.66140538151
88667,12901.366426877998
96978,9145.66015102156
78635,14593.656036537674
96572,8394.592006319976
87841,11757.686174620243
77951,18944.278106281155
77253,10498.666258149748
99102,10638.703680505601
105959,6461.406217427551
91687,26689.73729695141
83483,7650.704723038232
80361,47709.29102152106
94647,11589.134197242418
100857,8134.163171305381
82465,12177.3143394224
100672,9615.404136662406
88369,15140.899316326648
89345,12187.817571184945
89610,7646.108734721534
108452,49953.06170057878
77913,54539.43568866553
94990,36275.379241188515
78501,13286.102243923557
78393,12467.486510948416
101975,7948.054984567683
93585,23844.595695280586
80079,28116.18749471005
92292,32262.261305768076
88595,11854.380936744077
107865,20587.083746500586
106687,16313.72993063814
101741,14435.534374926947
93999,16396.473085516052
107722,15254.259850876844
80167,26277.495037684315
81844,6037.55143196083
77048,19140.440658412073
107873,20668.86185079832
84939,10190.423775304915
106486,19453.570142389275
84683,13304.264430554093
83721,25462.28074484249
95371,16915.60196277695
77370,25568.072533369213
81285,23362.84710683833
92306,15595.929970978495
107739,23706.891854519883
89483,8795.911730313996
78832,21138.589952951064
95190,27333.757372411677
100747,6127.993404691526
106957,13380.285858515825
101143,8302.908458153332
92745,30668.963237832097
96890,3881.9418576114326
76809,11603.428650433147
101202,9654.71369459754
98845,17915.202780151594
106599,9499.43084163554
102195,7633.646293599405
92630,24841.89309200151
94558,21761.725612468344
93959,24451.647090381895
77993,32222.465674340972
105814,22054.194530131714
90144,13748.406069055893
102474,11080.914898188103
93582,28611.30589581487
95183,18219.21139518589
102451,7908.663715416836
90109,3485.368605816587
78889,19239.240175585273
94338,22899.79181812083
88104,15871.032177914292
99955,8485.831254112341
91274,14935.248113851238
82254,38432.65368621162
94279,20098.416600147782
84677,13482.770264391527
86814,21721.924080831654
107316,18501.772491294596
108497,21989.375938703535
97403,13707.564889601384
104859,10682.721883999482
76106,29806.03568414711
77307,30933.72266495883
105083,15588.98325587986
101644,7621.412243422415
75980,25142.003815576863
80678,36061.838261379075
96987,7148.593499989637
84261,13952.72306069249
103391,9056.62379241888
84290,9869.649280888583
103179,7996.488240173972
92887,22780.92011661658
88486,11665.057923268365
95325,19625.094559824498
108122,5087.1116459669865
85364,14616.352164486088
80688,34783.43468078516
84356,20646.722438844605
82717,17323.551946572963
95166,23669.33048695685
81154,15567.097897379332
105294,24104.82701543069
101409,19179.774869779183
90808,15347.894288267067
91000,25610.981225983818
107931,31557.22354814811
80058,19204.51459589742
90511,17364.633012142276
92525,31737.991504752197
90057,11048.979135599715
80266,15966.52213073951
84467,14343.214322777312
90576,21177.10690642606
82575,15658.196739075149
91601,32073.382045200706
80196,20616.53695406318
83418,14057.42895351986
97121,16729.69301938119
102024,12412.230837638539
85225,13853.301733840646
107001,27976.856053522624
82592,15552.54756947763
96681,12355.659225968528
87462,10240.900074178777
96787,14028.459797023312
98868,5997.093581744721
86472,19264.991815319303
91250,19328.56091084798
84328,11652.652598937757
101840,7953.7127101433625
78225,21089.99506523961
81026,11228.692788790833
82325,10024.494548867962
106596,13923.07654600846
99810,16393.145345571866
88054,16912.294220195592
80041,23547.36214342674
102577,10675.811760825332
95870,20723.592134732276
76937,19343.331820500553
108359,16536.887416302332
102482,11944.458744743553
105228,21387.90600307028
94110,42523.94032226774
91022,48515.24027768219
84243,7647.682427355314
88868,17893.743069543765
86994,15056.340108971808
103924,10207.530671109547
102415,12837.36700680521
89954,13013.664336056649
98212,6752.209203402668
101117,9950.848274298622
103865,9767.522612064953
81944,18962.328195170106
87371,15307.081311207434
103778,6585.333573108416
84310,18149.581796229275
78146,25336.43905780992
83910,15846.321297342727
96498,35300.81577594662
103937,2407.9479794307676
97439,15435.136077463523
85156,9654.427891510559
93197,19538.858867491916
98573,7496.695948978771
96816,12709.639066595739
94610,19160.463187496665
102536,5247.345759916365
81021,16623.49197544121
105037,21123.841047450012
82891,17600.411931128794
83601,14404.822670443215
93413,15347.62047173472
84517,10183.711171247523
98296,9252.811792908018
83442,12624.123254484815
83641,10863.078047023957
106454,26655.28667597088
88540,6661.673043053078
101350,18385.884075608967
86741,20029.063503310128
79411,47776.374121506
81400,21299.360603876827
92460,14316.302177574682
76076,28376.133777695628
85593,11876.414016367244
99476,9653.102605048864
99991,15039.040856995294
80184,19609.824976912754
91365,41043.46576301215
87967,10213.503989119876
97960,7434.453517143238
106216,9247.757246542753
94470,37785.57224467377
105054,22555.306475368343
76801,20951.84280288898
84376,12592.985721879384
95818,26362.022333127134
101354,8057.600264427517
81184,15805.97915921082
95386,22366.108418506006
94813,19901.267621436353
100188,11611.460024441789
97816,15096.34834583408
101948,7093.593297294995
108229,22369.956761878344
77604,27122.098745405336
103052,15818.116344113794
83998,8351.980724483436
103163,9850.911995637634
78407,22247.712427208036
106267,13830.365906433872
84808,17700.09977438342
102176,5609.213520909268
103807,11267.503156511042
102936,9738.651548788515
77803,20061.534934018415
91153,16910.45425115293
96806,26059.266022637734
107797,18774.90520023493
92654,9669.48504794252
82110,56680.10190145107
92570,19491.16271728895
84350,12934.305476301877
82022,34799.482318223505
101036,12505.942789818733
93012,16300.136672625802
104053,10183.243907183329
79339,22034.197532810023
79767,9453.683066230016
97252,14068.190444344376
95098,21088.406811502737
99791,24384.04492674732
95121,18820.5328113188
100598,8626.117783748012
88806,17283.692664798175
93433,15532.592828386752
85064,21399.42135157985
103820,5579.899146892616
86190,22009.160550573142
96438,18063.005857591743
106282,9715.619414186376
93667,14460.208655095827
93191,15730.850383529076
103899,9912.430289328271
93568,38208.685598974815
104546,24640.773557822034
80852,40340.99844984296
91782,15952.660700267252
100867,20257.80225005909
96727,8578.184179387854
88787,15181.478891041836
80175,14453.964182899994
106215,22269.614490207594
82884,10429.631463501051
99701,8810.939532961364
96972,9397.440375604787
102844,15083.674393773654
85912,7627.263432396554
105580,13872.658422800947
92949,20823.294994203217
95794,21250.450176518392
81410,18365.652945311722
103413,8308.18352017877
94880,21287.310877698852
87634,8075.517417608512
94036,21485.079437708842
82130,18622.289433235153
97256,12684.231405950211
103817,10717.340598368812
104456,8829.101508745453
78003,14060.581957869417
104097,13829.165455701706
98797,7025.749540725766
107315,18528.842854891707
106755,28569.08784423683
81147,21705.26575969874
105271,5442.155984631633
89017,8054.096614686113
90194,18722.833732885374
106608,7200.290375390153
106146,27054.287378668167
105471,15254.95371421738
104538,9186.841025583779
78198,35415.89585727471
104720,14740.41149125699
94900,26955.113220182753
94045,23700.563763244798
100816,13245.341053936567
85400,8814.813926308314
96876,26387.795932871326
93515,24551.643134310525
94077,24688.09176687125
87247,22917.82514410676
105067,20557.80721754109
95538,31735.411250344998
79301,13824.171903353716
89679,17110.57695541275
90677,22671.588839395008
100348,14993.180057930436
82373,25950.51576438134
104030,14671.023045966662
91200,26954.097851607425
108132,10189.612593835252
96587,11832.94547636555
92498,18909.323690217363
103409,10840.239006073016
91232,20170.218476763366
80016,29876.57902983707
98705,9247.441094986541
94058,51788.54299787444
107248,16365.444614147103
85165,6059.689943866677
87202,14158.0147145861
84291,11391.5604975853
96682,25060.75529831951
76451,34393.32816232825
91004,23568.93454670921
87541,12538.665582106254
84735,8846.21710575208
86029,13335.308733690299
87675,11003.286101823309
79434,30556.32494027755
104691,24054.511843558048
95401,13009.397664602573
103975,10273.286384056435
106441,12930.558115939459
105335,23053.57791938854
86453,6063.718535393198
84490,22728.59807154625
96908,12558.838134712392
87472,10761.49460606419
99908,4524.009640013566
84898,10628.939517987736
87539,12545.869351473331
100666,13644.772455672977
82231,17412.023734596627
92648,23663.102567986065
84694,9546.381484243155
81594,11318.542667264812
82685,10079.324243894533
76620,34862.505849077745
76943,20075.62600011353
80231,25902.601904720068
94782,9799.626128878896
83815,14779.548717582335
101713,10729.84457053831
86358,11455.13887837806
98701,18936.29982527455
106421,12059.06600777302
97920,8832.703839645144
108072,17151.198434191305
91315,23212.411187235994
98550,12056.015696047929
99263,7361.819698938231
95373,17024.691116767295
80445,13486.194665486437
76982,17582.512368445827
85544,10807.16535848131
101977,11980.009530104584
80279,30383.59229724826
102808,7251.434679902133
107325,14237.347955837833
79988,19590.37867719833
83473,5971.955282032949
80074,31817.124592896296
87094,12732.295541459416
80523,16838.774745837076
84129,13941.412848430838
100159,9655.521086781351
94256,25542.808989272427
79199,26303.492073390335
106674,18282.754191594817
76299,14397.235463937792
82217,35491.57252781546
87294,16207.324157302426
87361,7591.47511476351
105782,11599.343286024505
99109,12819.453062136248
97733,24497.139323027153
80963,26635.246234711125
105129,16729.46322222392
103322,10951.982596297425
90068,14403.20622016455
93845,17927.69555389961
104956,23181.077170350116
103473,7281.03708863498
78167,21839.15430745683
80718,39018.477132530745
85621,15666.318692849847
88490,9876.345684226528
105456,12706.042136044065
98490,10777.957850258386
86488,9470.841652953006
107303,20996.07764103915
106463,10572.655403813103
100403,9449.794143509538
86991,19295.898542313204
95381,29280.450875125578
85219,9654.427891510559
104635,20672.701944374643
99004,12269.60715493543
80747,27130.79954874939
97854,31217.696362690538
102646,8085.292496972638
93364,37728.244749068195
101209,5979.058076737432
89140,16424.512708579823
96244,10344.563619277385
93727,16915.136229899676
82138,25959.15387852926
97759,18772.55019142279
86015,15689.787604624607
81090,33329.37088051613
106085,7987.694733428504
101600,12906.157718966979
94831,26376.44849891301
96566,12657.583481012667
82361,20738.739563308096
80479,25772.894613310353
82068,14786.07492039015
104750,10386.001459628536
93539,16128.906814286358
98127,9770.02187309469
96971,14247.996476433615
94105,17223.378885880094
95326,19005.751319090865
107438,15486.580127343856
100536,9022.630033174933
92659,20111.248738699298
94809,25353.63596319277
84186,6454.965450422032
85631,8970.75293601394
86381,17608.404807129664
78721,21731.437302065773
91773,17785.398084479708
90453,14937.375418379239
107225,16299.274272740033
89949,11910.811985673861
104531,12026.833240553546
76979,20390.173220380777
104743,7963.059030334657
87731,8966.09741637949
79915,10650.142911652023
105072,30646.234372963198
99332,9653.102605048864
88800,6506.492726206819
89522,6878.577622648802
105361,9212.46087526628
96528,13976.156360671539
101546,6670.149638982541
78680,21429.1720418389
87029,13800.168197949377
80591,52356.41498399908
79887,24999.522589036034
76107,29895.41319367595
78272,14439.783887157
88116,12369.732877784594
99644,12870.827618484684
87595,19596.817553860838
79324,17266.93036816444
76408,42897.09975323902
79173,14492.487143537714
95084,11648.63979786169
95455,23889.73540756303
83809,12517.112301463467
107320,15684.352851496735
78828,27157.45588453082
76284,15382.82291521724
105622,10910.614368878641
99344,7437.998550903689
79395,21614.867811653814
86906,12144.882142371014
107576,10869.80450966866
99418,11378.668728221344
89050,13979.583034471423
83758,9615.807349667342
76289,29537.234753944507
95798,26967.505193308327
76119,23045.1026779738
87583,14946.56173349626
93110,19038.72414802162
92911,16612.263300393905
99758,7908.670713417523
91697,27031.127194577566
85260,17519.352321134815
108475,20343.049659864333
84184,9994.081829615969
95737,23226.267723549157
105286,13830.830512808981
105354,12375.185273996562
101587,14077.719093893036
99526,12322.03390802449
82328,21664.428175994923
91052,15858.121787104179
81332,48726.00330735553
84562,18274.961712157885
86175,19601.386857036876
94828,26512.35305239048
76792,34985.29362202738
80436,21730.84221625036
88143,10567.485845990572
102644,15815.760448634896
79459,28296.851249563428
82225,17385.346691953655
83772,13136.280925492372
82109,17231.67797288538
102803,10479.595406742037
91947,47498.64518932627
88498,7234.326588509705
104204,16571.53899329409
103303,17139.055888863808
95989,20838.578839266065
90917,29603.720278038367
104994,14775.49998189441
91408,20782.9697420028
79084,23522.49361895077
94840,10174.598609494296
103127,13965.569429862506
93504,16908.941232092162
88642,12390.152195807546
95535,32101.39987480548
82775,12003.54847060742
96490,10035.9310401222
77545,48140.05005571982
104939,7329.909311899366
97679,12976.266629522212
95462,14448.011861360601
82601,7039.900158180302
91541,25255.26157288014
82997,17792.310815853183
86757,5744.733545277025
86498,16356.448040569283
78468,14802.025365334674
98262,22151.314682582753
108488,23753.599046625037
84813,10764.409653670089
84965,9236.999808980147
78478,29278.723445661566
98819,16165.418308584085
101543,15143.366249751829
82061,24177.481837821804
101359,12486.22009686418
107203,12821.732287146302
98811,27231.36239191011
102982,10281.659680331673
89603,22270.353817121046
95083,59891.59260132576
102426,10981.088982086085
88264,11912.483796824661
87119,12449.958390057742
86554,16011.100959234083
103454,15818.116344113794
99382,21126.488126827964
84255,9378.168882292366
101580,8811.020263851491
82690,22154.817003799977
103650,11353.706447438632
92587,81590.90669773468
92831,13488.46288346401
104410,19655.518746029913
89264,12717.843991375701
82865,16795.90065566431
76984,22479.031883735453
94265,24112.406596297256
76786,10353.425584751678
86379,11365.009468659207
89735,12348.949153989495
97066,12392.500255404124
77007,21952.302060675574
89137,13600.500692250533
78243,15809.112009673707
76669,27722.890896653138
89281,19352.616575488035
105621,23195.8884412275
84020,11233.853287980075
90142,20265.187879458463
79677,21851.776715547578
101025,13212.974905798894
101821,10849.968681668786
77424,15516.392214399662
80188,21156.096009076253
94655,26314.898270840004
85282,7740.6549637392745
78763,11498.410330985616
85774,16418.412123840535
79278,14362.573541133132
84460,14725.73351956556
81489,34481.69524684176
90788,19917.834415255616
90191,11443.121254631747
106772,34123.3730088574
108112,20382.00187655275
84380,12622.426024813834
93636,62066.99677631448
103749,8156.737319014816
93435,13603.067091180757
81394,15851.688924751896
82146,34841.88459126326
98362,7200.938949910296
88250,10395.909208402212
107041,18608.78654353951
103478,18256.860536851767
89273,9790.175043365323
93583,35642.04163202306
92107,24629.20923579579
79557,9736.809669215047
77861,10528.049346082653
84591,19096.674308642207
102756,6315.293207626235
91798,19170.641488261615
100309,15818.116344113794
94987,23872.84350131128
89991,14888.415820193624
81523,27095.559232646992
82815,15253.248783802283
84366,9277.517232682394
105609,7190.942615022336
89695,9624.176993692303
86242,16634.825887407267
82477,7586.471926190294
83774,9502.990582035203
103676,8533.31788083739
85371,18103.24518238438
77386,46834.26565127044
93572,9831.52311107917
77535,23164.221650506974
97174,10777.327626897619
78330,36325.91661813116
94032,14709.40107454173
97537,15278.582271754929
93975,15774.07770089972
80657,28267.409816118703
85971,13512.853288050092
77536,13241.864106541509
81757,16735.94230416738
81232,36674.5469288084
88606,10001.117134993508
107709,10592.949049789453
79596,21789.45972822201
85671,17465.066012777614
93617,23609.472465305505
104211,16078.84708620498
98843,9393.497301321882
76153,48520.75787166334
105258,7990.860017095189
94812,28137.442004865854
82892,18321.751552070564
87816,13149.924892172221
90058,7130.185725595543
95471,10339.069655985983
90419,12390.890436311698
88777,13959.097782201641
101559,7043.6124869851965
86808,15690.34339801777
93637,20545.56849822587
81562,13781.79775670992
76442,33841.47200879457
79967,21703.30788950304
88683,19121.452103873493
78139,9912.81760568153
86530,11525.256866141623
77000,28757.704676672944
101915,11439.875969548877
90706,11428.041553929486
77396,17937.58601959911
83475,18691.750434601414
104217,15494.905846330566
101461,9138.505305119092
82676,13636.703558037814
104438,14032.108412596102
94757,19984.493323929073
84916,15743.298152393392
85934,16880.137738683363
93051,17379.47849111293
85136,9003.074780844592
86448,10491.693432073977
102828,10216.385917796419
101564,9006.263508296153
85740,22423.399895401497
107725,18672.224009563644
77165,22121.821155710764
107859,14452.57780083904
83065,8344.892745902502
83470,28070.287783451717
82147,18066.049801565656
103691,6814.380613828397
84024,13560.978903096277
99630,9799.873686307517
105243,17810.532693398967
103804,8414.1036568023
80130,9473.13581099103
97317,8201.93338658239
78532,34991.42260924577
98989,7292.962190936578
87716,9096.209190416816
103640,5494.9488552553385
100541,16958.525735060182
101428,6258.406651227962
100899,4762.89746944236
91739,25572.30119356848
94502,47244.58860828863
93919,23920.59087312767
79707,49767.08997099636
91516,28838.71100443479
93156,25259.543774627702
93340,27162.943404456866
86892,10724.137155583567
80420,16685.241902418176
91660,45918.00260808859
104006,13260.164748133342
79833,41678.19171153098
101663,7633.646293599405
102471,14779.90386860137
105380,8413.279763491679
107076,22121.64148398045
97009,23304.230153490364
78577,33746.30192958956
100281,7487.122410974077
81075,48850.10867825503
105712,27348.810254576005
90807,14025.886368725834
84240,15159.446447782413
96951,18805.36042036794
77270,17760.390976104853
81760,19395.475860358678
92040,31152.036161646276
89339,16967.30487901663
95256,22748.809095561723
84788,18853.847658922394
83686,13018.664404888415
98633,8721.762185836733
76608,20558.16307795034
98918,18683.983324721485
100264,10057.099248786968
93998,21247.65384725569
90051,7712.36035658231
100506,13155.049291126375
95747,12494.348240104242
91393,15229.744449389102
101051,13861.892850922146
107844,14935.248509603354
105479,18895.95395594504
102468,11523.603153748048
106785,16738.69648460812
91577,16481.90677959326
80832,13836.37954768421
88616,3171.622031942513
78897,23401.28407029307
83228,15448.915368870836
90389,7595.792296463902
90154,12961.189276292447
107664,21938.48823929398
84602,7064.176889904983
103155,7415.98073907114
94290,22723.12171547494
84292,9910.42918047217
82455,27525.514739530598
84453,8115.950524094893
89161,17213.38595653122
104207,14912.234821743654
85660,11033.428145661204
80032,29396.682340220224
75996,20526.34760966098
83712,12507.163740931574
89784,10525.841409376997
101364,3890.2333514234715
79099,21495.98249010736
101423,10344.539155222192
89977,7069.79774463448
87688,9719.625443800234
87401,16244.09087128491
90723,13469.84614465934
85875,12453.3114637855
106387,26662.798973515364
76002,11924.359610483469
99436,10487.800033302958
107239,13923.07654600846
80251,25146.642751762618
85127,30590.66875916883
90351,9143.84307552437
95526,25058.677460594183
79335,26647.595547983314
104754,11120.647726035431
91081,26337.657554541343
82005,20106.02621911749
89414,20300.008059143976
102366,9549.04013779586
107017,9210.0211530518
88810,10503.529452022198
86694,7098.252606752983
79641,10880.077987991785
104863,20824.621293949436
100526,17115.44590387945
80318,16490.497392092082
100931,14705.78915229802
102375,11398.182542184804
78617,22156.886528616407
103552,10367.25628822136
108268,14367.00120932797
77842,16164.733094979209
88774,8260.210555951915
82323,14965.26963371934
94125,23263.48301769148
98661,9448.438803108938
100997,14821.661366712453
76933,5688.058828131433
76957,38237.88731078164
84347,10354.565642797335
102000,7385.7299633469465
84626,14455.917170852874
82214,44408.96190386954
105909,31439.246446545316
107442,9857.751748670495
102342,7974.721781700209
104461,20071.775278381756
80095,49718.80645664488
83558,15362.881682519683
104376,20055.22686890111
105494,13277.155802391275
81702,25974.5834657348
108056,13513.656883660675
84131,17019.375316098747
94242,20143.76738932761
102987,7261.154020148591
99643,16728.879746632858
78954,30033.854655047926
85511,18431.268045947596
85380,10291.970898845473
77232,27701.9872893552
86585,9284.601620502555
99729,13432.616748682041
94946,23017.32775578515
97768,19000.4575485742
83855,21501.898740327284
92397,11626.360715194625
90311,10475.485853742557
99324,8123.647968172966
81167,17622.470155493407
80030,24475.203282991955
103679,8748.548031820235
80164,13281.972882983557
103198,6941.061376545266
87658,11070.994087685252
102090,9074.933053590998
92710,13040.938315268753
88551,10600.043685326615
91001,23479.824758400202
100653,10141.30314419032
106050,14804.594877087995
92084,14455.500097151777
77402,20505.803806403717
101296,8760.492739096642
107242,16733.86346378757
95646,17465.599770028675
99126,7769.620409972039
90982,19278.448020747277
94896,26689.73729695141
93011,15726.882346940549
84607,17652.75861231457
83352,6977.783658805029
86097,17547.36108993506
99312,7613.811873696267
77584,29379.109739823405
97372,13596.516283489487
107179,17810.532693398967
105835,15089.297418032102
92924,23022.567422377742
90798,7752.220799763729
77487,18855.36404106787
87523,9192.015702891926
104328,29675.218520836523
91404,14998.879657570167
105702,19726.023310406308
86051,10394.819806195706
98136,11671.159857302737
91149,17511.88792236882
84015,11485.178144366559
78227,25611.017027231406
91810,32661.94269823324
92345,18648.179756791345
102647,17402.203407815203
106549,10854.694200965743
97007,19403.101528697953
86887,16387.705418728117
103983,14804.627111749925
89554,13066.809702384795
88066,11576.959517511475
98778,18303.62939558021
91459,32047.35726528767
79659,28078.144220544746
83978,6759.877900783976
88036,17053.280995981455
80483,10878.327485584236
101770,2735.33549099446
98220,22085.798072097143
84427,11592.130462138326
94491,15518.44363481728
83782,12903.621495772819
101945,9905.957888412588
96613,10016.091438366046
80126,44915.29634267668
83381,16614.29383228096
100263,10890.587626900657
94953,20040.192861734336
84413,14529.17761109557
94816,31713.242680410003
78578,21913.34927167196
89766,15591.4455970553
78560,31752.67058653074
106444,17457.41029925987
100883,2173.918500189672
102769,8913.678799906962
106426,34012.22808365015
92404,39848.76038169853
84800,7534.696214010177
90714,11505.38421876405
96274,18419.06543223064
88259,8488.374492175859
90683,13395.188965992264
78878,13187.389231019277
78675,10918.267011753547
102189,18677.2065186019
97959,17300.10190365782
78324,22254.753756688508
100397,10853.083961349845
89808,12348.949153989495
102920,9435.007063211217
77724,11844.639837855573
97183,17627.1866657752
102360,7320.6237648446595
81748,20307.030611759845
100225,7021.202598969885
101411,11773.067204111323
93887,21347.054590649328
94437,14210.317343584913
102317,7426.149135131116
100939,10329.968125177971
102016,6270.520706611365
88651,9718.225251328735
99340,5413.260943649767
107078,25941.950389151443
100937,11266.058759335088
86922,11166.141499050105
77864,29622.96889962097
105180,15225.583877398332
85599,8520.693486351054
94556,46699.84712397089
88368,21455.484075408713
81005,52856.25375205148
79083,31705.6861478283
95200,25901.83290822198
94374,24214.928654879084
94160,23725.73118012726
104549,14920.98944075319
85933,16351.463229143817
104848,21729.290650083694
104424,24920.381140921083
78183,15530.266909172462
99280,21919.856608245584
97928,6997.516390768422
93122,16038.771500757171
107991,5589.472034096126
92468,22121.859551698803
97451,9278.200023721583
94463,14049.67389233897
77629,17375.395917756272
86008,12838.092184216517
106210,31982.58233815006
106181,14316.928815761445
87485,11078.810262122332
107645,11079.372553004589
100084,11469.322365402886
88201,10491.693432073977
86236,17218.387936416133
97090,15899.627878863917
83909,14448.544817109072
77686,30275.685243901044
85505,20792.083855322522
92046,26490.078878741202
76681,13753.126573589163
102648,8439.144102941356
104998,44881.66089038806
86349,10558.072068414074
77229,15866.78524049378
93379,19659.49043903181
84973,4813.7368280039755
80681,29109.20208938791
97876,10929.624955739606
89330,10738.923908489529
106836,20653.91574944256
96449,11213.535158504314
88765,17385.63156669619
85710,7292.430702959385
104002,26906.89946049102
99224,7434.311985272092
96767,24116.09439904057
91035,31447.06766745146
91531,5794.749599625042
95857,22337.691861300314
81338,26529.896196246344
97921,13368.268191374222
94040,26344.865617893025
88240,11466.231293177316
104643,12220.627118864297
84702,8808.835801305537
79809,11949.216686846019
82171,15581.725005330014
102481,11414.491859177733
99514,9788.248799420922
76656,46788.38588974088
86176,14055.437122936512
85784,11117.407963736221
91529,22006.71321420132
96184,8053.32242426431
94982,23609.472465305505
89887,19237.78664895019
91306,17048.44642773728
94801,17288.191961829056
84873,13688.782750450042
105262,16885.168409717237
78755,18030.50120241769
105378,18266.76107701755
107314,25902.58359469241
88401,16765.151035977175
104523,10840.837770883823
95968,17270.958211551384
106940,17132.010595876847
85854,13261.561441821399
100090,16010.914571969657
94299,25544.310062906017
95815,35748.43723864459
83336,13469.521499434877
93357,8830.417787108705
83671,11770.456604298686
95352,16493.709943026526
81447,15941.035197851188
82530,10383.503409716966
84072,6660.730877348999
79590,38060.74527719535
81072,18500.964670255467
100894,12310.160968519951
94501,25193.166896934832
98410,16587.25342530701
77356,34023.05981039529
89008,7607.705320055606
79270,68970.60282921424
102768,9704.863107163463
104671,15717.503765326224
91482,25679.75549378001
93496,24451.647090381895
89699,7451.615553333255
93711,20794.418839323007
92768,23993.053578076946
102118,9900.958139934477
99410,6765.803691749501
101552,7670.574733757425
105876,9278.843611310464
106386,24894.602266075042
94563,22460.547281774205
95860,14487.925106213195
83636,10822.680892072565
98837,6051.9158737943435
78724,9260.712580138308
92579,24777.87912021885
82223,27823.550431997097
84289,9189.616561204379
77579,28493.390451146497
83896,6973.298471528029
87389,7025.769148853585
88139,9137.49024427385
106790,32469.29896144956
82260,22612.475393417844
101627,10830.699405918043
81876,25385.117049393884
91029,21261.249342890562
84583,3342.704194021767
108158,10473.634005251872
108203,15069.41939047162
98582,7940.466355345896
107003,42061.80372519085
107777,27200.58639407159
90308,8034.240218750466
76799,15843.410743666776
101387,14530.028352902333
79964,24776.592403417082
91606,23524.979726930425
103952,14756.124759422737
88622,8365.539712198884
94559,42207.24969655523
76143,17972.948972370275
94903,22892.014960892513
104486,24597.529896397027
87551,6639.510941823966
78063,50034.46222845816
102556,6395.907018391887
100052,11014.656897761832
107074,38027.30246711955
92069,23011.968358144855
107850,29624.349311146318
104540,13938.563112190117
96846,23399.886240838623
92391,25626.89061930192
84659,18503.006517241316
84117,16859.398553972023
79120,12670.995442601816
91389,13458.526887524173
84349,9139.99080258804
90954,45494.80252000461
92695,14998.609177406726
107811,22112.513260079955
81971,26105.368480355835
83450,8222.87659538067
75976,26154.54058607409
102965,10017.814241090979
90287,21873.6186557084
77605,46857.59771554017
91214,26156.504789169278
108303,15028.496579058863
94860,40433.24834255062
79366,19529.834154499324
106091,12701.377481640344
76439,35283.66670055014
87417,34004.927005672514
93478,13512.767720035763
107216,22285.441666104216
103764,16028.992986343477
86879,14143.030087281775
103625,13790.814572614121
76402,11898.520823738028
80311,26906.03666575635
80391,53432.65650856489
100880,13687.698677801893
83171,8306.664602746905
88078,8029.212215816731
84318,15608.179454874222
93526,23687.496160723058
94190,14935.531848617213
97052,11864.978956083138
86101,9124.251418664035
87543,24124.033823991067
85029,10535.47147825782
83740,16003.414731507291
100089,6062.878763748843
98227,17138.111341486507
98248,7649.477588355076
107138,32830.488327061415
86854,10512.210981504835
102785,6562.974306988915
87839,13358.887584632177
93906,23517.96634109626
84661,17130.78815334586
87432,10130.412743208024
85654,18470.800601390078
90678,12869.793080766029
95299,17447.87419740075
95236,28102.000583241723
107608,30284.606299221643
87004,19616.600417750386
100566,10377.476499734781
80665,17269.220332393226
88010,7626.83368401311
102663,12146.487582050346
85485,11022.650978148988
101269,10245.368272795347
104674,24196.43968829409
89263,16744.87683256958
95420,20331.533022899996
102691,6022.135530158103
86663,8029.212215816731
106138,16375.051892949454
91571,22146.817417638682
93819,13971.367527500437
78571,19344.750986633673
94985,13684.834186714872
93301,17018.86167401045
106718,11921.821510087282
86771,16859.398553972023
87704,7576.366076787213
79666,15917.828275630487
107584,17170.35027866935
84895,10803.48201237921
108408,10140.07809427485
98171,18085.335216611318
83310,10298.948699740891
86673,15512.591744362177
82853,14541.573853637074
105650,13088.954219502739
98670,14085.96915441824
85066,5002.400363852926
83794,6182.854087656091
80583,14363.738830122697
88130,15242.499035478937
98999,9093.90409172178
101330,7135.750124886403
94984,20441.937327287513
97990,7552.188106493221
86985,18436.816470190057
105865,21689.89048715999
108519,23743.044022963953
85264,16363.1204268653
99920,15325.880790667185
79757,30800.347795878217
102991,13288.038556893434
82734,14757.14490669244
93798,26059.601779582437
78739,18292.289772642656
94102,25778.08109230685
107720,13873.046212815507
104818,24026.607310202093
105035,5361.462024390166
78882,12051.501988620897
106768,9722.674756679142
104488,17981.462150513824
83401,20965.535651537662
96513,12048.334896394603
103742,7584.713694097712
85746,16029.92301672969
89503,7302.523837287989
86162,10030.079345041762
90081,11485.035214904794
87809,18423.425671241366
105903,13761.479297665366
91476,23661.165132146696
77323,23742.526138523917
79344,36452.94570786141
86967,12320.534305037205
87631,13243.667518854565
91478,21382.81758729491
87477,17138.893892676526
97456,25199.87463437428
91210,25779.76351346324
88841,22641.54932206954
86262,13943.988549274034
98038,21995.896430419674
108461,18926.982691630343
95645,21793.134301337315
91233,22269.696721973036
81480,28786.114927733237
82671,17686.183843965344
105275,10984.873167420386
77852,17277.75846217472
90565,22099.618676174297
89172,11033.055279055852
102384,9522.488221946673
88944,9280.654788958405
80531,26906.03666575635
101795,8106.584453120837
90744,5886.610991450469
78179,31986.141046085395
94388,29100.922425569996
92546,20331.540839743117
84282,13462.391922098821
87078,17118.42495339581
93190,24187.395125670166
92014,15141.689509690088
104501,25457.804681765047
79523,16954.01616748728
81096,18872.959774012885
78193,32995.88754094215
94720,38114.77407920497
97242,10665.926939363886
103784,11775.838304167586
100186,8909.36003554683
91494,12896.500666833123
98765,5206.093578308801
97370,21059.24359614398
76295,28946.56458639551
105840,18612.776273319392
100641,7690.847169505914
97160,29383.187187698717
96440,22374.576716559037
84853,6016.369591699457
105223,10104.63313821706
105879,11108.820585341491
80347,30579.300599456044
84534,10030.718799268017
85045,10860.617949109466
99348,24353.50394662636
105487,20011.740943964192
101906,6182.823543767302
84905,12046.292623752355
105810,11786.41451791123
76346,11025.391432259405
104163,10066.968703702883
91997,18847.46763846406
94182,20298.768354198168
98583,12827.555758082088
78048,20935.56876584557
91650,15856.999619296892
99045,24223.496442496315
90167,12626.455947061735
81936,7363.476867496399
97322,7841.304766067106
79506,15336.018538556153
101689,10240.189478849812
99677,5845.06642811787
104364,7794.147309845659
104493,20493.03483248038
85811,11365.009468659207
76088,19838.73339503179
107014,10257.412493841133
85517,13314.01973942439
100065,12127.818318083268
100700,9021.441016463094
100178,9590.757214823994
86072,19848.43022923758
89071,7620.204221171365
76027,12741.592857813375
84394,11739.374876641425
97989,17684.72139139966
77527,11305.415296401312
89342,10685.265822990787
94118,19759.037247596207
94468,29350.579911186665
76061,20246.744427975653
85744,9415.070824541248
105185,8302.321920952983
79043,18872.43969682962
103948,11158.750018953744
98325,6884.858262333879
77056,17781.061876937147
85262,12220.734054686442
94885,30268.87867703815
92436,76267.0295973545
105339,9760.050684211665
85288,7832.461841542505
92944,20030.54931922789
83145,11885.686249221606
87905,10610.64719480572
89188,12370.75296175761
90245,15667.711563777786
80370,23618.337616970486
92165,34059.92031462814
91638,17436.026281582235
103657,12042.337552508754
81016,19766.60473473554
103792,16760.735300565262
94815,14840.07058075584
78957,10148.731416673592
83141,8590.870136740696
107365,12302.577283059745
95563,16740.790935660145
76918,33272.635936792125
87215,13373.329371074273
108328,11384.33101753198
108027,20492.526447072538
79325,36925.218691434675
89545,13469.84614465934
103967,8436.826282520959
77530,34862.30884072503
95330,34788.26209057779
78671,4730.3196781130955
102103,9261.209128043618
80024,20802.171282915886
89481,9362.318339453357
89138,11034.440349603228
98762,6802.294677468287
86166,17092.59626119194
91396,14960.556218483049
94749,35394.08038897309
95788,17296.35852597424
99730,12348.668004030622
102801,14770.860222963876
87208,12538.411021034459
83098,10586.25370860529
96015,25522.249576502363
107970,24733.67618792375
77471,31767.750332486266
85822,6756.729145662364
100518,9998.703247671318
97282,19880.404407498165
107193,8137.769880915605
104825,9030.063529404017
82687,31152.070864105935
83026,12816.663948233705
77470,15746.326619015505
79254,18048.44470215827
108020,4733.254346071495
99103,6997.687657240476
78665,36256.87627126918
86932,13242.603393143458
79269,21072.637657898318
92024,45717.02921924585
95652,26610.971464448252
96170,9117.219043447258
83586,15212.915784526092
100804,9666.36863132009
100758,13233.022671226969
107628,19153.787442489676
108337,10824.726432010237
83175,16316.53966376675
90838,6710.8716574357295
102741,16903.408520341614
81263,16245.136885737376
97071,7681.148517223125
95004,14950.039646708814
107019,17077.81236067758
95503,17834.26130569997
86249,12804.114142400085
106921,28214.34779373873
89972,21508.42220488321
77660,25729.082789458233
77328,28847.182323085748
98264,10885.608699840115
86800,16303.274980278702
76661,20204.317976173123
81734,40203.39300270911
84741,11978.775787457254
89926,32933.62352089126
79502,17276.122424735204
96963,11026.618400343128
97855,30385.347817628863
86877,20077.043788698178
96814,22395.404817842416
94648,37084.71395237656
103104,7330.369978981041
77999,22508.159107443757
77500,24358.140412336572
108189,12093.272447471876
107124,17891.274266230568
105320,16077.5881632858
84589,12279.21988814788
100502,4928.973416335919
84272,18506.619943102345
90146,6272.95112472027
89016,10469.068471935047
92360,20524.133543948625
97341,14413.798259605706
99635,10346.296982290893
93758,20191.19379323487
104345,20587.07706519957
104346,12141.600180696423
103219,18684.353325717606
94240,14395.853462394623
100510,16316.795489819708
97788,9535.035295828355
87877,19379.409457776423
83993,7886.178427853717
95268,28983.82338244624
90857,12133.477073012373
89897,17812.657031048246
103642,8407.795094095973
79712,26008.215197880276
84733,6810.371290282671
103510,10658.79517430066
82151,15117.450933064949
89275,6714.44605579123
97022,23084.20970446172
89964,6500.161865434001
103169,11014.656897761832
98586,11990.008483010735
78199,9190.399589262137
78507,20219.15135929496
88856,14683.82440230054
79309,37667.60735807273
85685,11277.732327807851
76527,13750.748922825565
81636,14165.93111470208
86638,13283.47490447104
106517,17885.096557185643
102023,14430.28541892582
91620,48463.81884708115
101886,6806.239441349247
84887,13560.978903096277
84751,8852.678251657653
92613,24027.87294833398
91825,21989.637531047476
101895,12714.963567264473
90560,18026.9914263973
105545,8933.631063871751
78700,19938.545080643195
82886,19944.07362454512
105649,10488.13326310563
77577,19772.85283210238
98003,22305.7634178164
80537,37344.422376859526
87387,14032.180630275476
97626,6510.293863714576
92948,29451.932249264537
104000,10895.680153345416
78385,21414.339923587348
103301,9409.0891522287
100102,7468.710681535033
91401,14341.372938629944
105726,10038.084185223652
108002,14331.313909552491
96055,7935.896578113496
86533,22213.1883188097
84966,14351.821689800325
82750,9099.259963662375
84780,17468.20975857273
99760,9184.06005277262
96353,26078.32224752902
90252,19148.193803677703
92114,19410.818269163865
85641,11862.702569109322
78846,30021.555641433613
97479,26277.68454952016
100657,5304.082706274118
92553,18985.249245173804
87684,8189.242277107669
76579,22498.29406722321
104441,7588.526102947187
102915,12321.724007190456
98255,10621.76277532937
84716,11219.251925362069
85426,11228.854539646065
76829,17030.17004453007
77899,37490.92769900382
93875,17619.255830251812
94170,35213.91791716084
96206,18582.230335698845
82777,15120.890223248125
99399,8570.094503492166
76017,23555.940456179622
78785,16257.450006174955
104195,7549.156085959874
100767,11286.303135877011
93500,16873.300254408146
103248,7049.501371905897
101828,8041.548142234859
93209,22180.932982636477
96665,6255.015677689765
94208,18237.28719942562
81789,47870.979707910294
92578,20515.94727044386
84750,13473.560990818314
107543,13624.36619522169
83294,16396.324339066374
82408,12295.810313469005
104836,26672.30993222899
87366,9394.904993371865
100488,7922.80748115096
87296,16423.292814347475
99820,7166.541722832247
103856,6624.171822588279
80536,23735.264748050387
95407,22450.01962156514
78024,21909.331221492244
88166,17871.493089582604
79046,14444.364864676505
100829,7898.869173306188
99250,9962.728041558203
107164,8725.465118689874
83857,8937.548875330185
90031,23993.302294360034
97531,30204.21457413204
78237,16226.995421931395
77205,18840.96724878068
84796,17327.027919839606
79769,19288.048074055216
79899,15240.030137212947
81570,27301.710488420216
96209,8558.095918714136
108012,11926.382585770833
83784,12480.016971123277
95293,25559.35753606449
107894,9523.317487911087
90118,8384.582869436159
81548,19317.832592994288
91246,13755.475455952157
106066,29312.59228505703
76349,54202.272638639675
84792,10852.005629147076
94792,19488.19483237096
98772,9831.993712786581
81023,38319.7535078255
92760,16084.804871816197
81049,23827.568255188464
103697,7506.629340017491
82248,24409.46845631514
85475,27734.74460877065
80927,36731.87888446092
93520,19759.037247596207
103034,7805.673797028168
88006,15536.174435433155
80697,21226.864681261723
89565,17117.436778536514
106983,15703.103093253054
76042,21617.07170612113
95214,21345.951759866206
77712,17892.991634317037
102226,7395.28883620583
106128,30874.655961824024
94347,46364.527016503394
84176,11199.941481103931
92633,34787.63249416313
89147,11742.03937170345
76200,16717.261660843513
91972,24045.308207389633
95624,16396.74954686307
88237,12959.916034662301
90626,17806.655734683445
79402,28494.146422713067
92751,17866.551308991373
93494,26130.606875263107
77785,32668.394022981716
108502,10721.476718811276
76356,11674.54205016968
90256,8198.951402204513
76286,19639.39711787081
98835,24026.378746575483
78799,27341.290695672455
99864,13284.999996822991
89317,21256.296662340395
81235,35575.288414690825
82980,9915.580038741138
79032,13610.246368990498
94549,17136.180522140796
86872,10567.485845990572
101730,13683.807841820215
82684,11263.613649985364
99516,11191.081018683162
80017,11101.487811059582
99863,12877.049185213858
92792,35764.48643477058
100593,10286.119032573886
86135,6420.156375461127
78870,10720.346789779882
107586,22982.442027922192
83757,13573.940243509214
92765,21702.29203356865
84890,9819.512231429067
108290,13570.918899011036
82893,28457.753393749917
89660,8305.133504908461
105543,12619.500971791778
106368,12735.907381115678
81799,34922.72058264306
102757,5631.979171747884
87520,7887.957234402893
85172,8532.209363809681
76593,16726.010900529473
99431,8838.164955634671
104403,17060.754595189326
102932,10594.627723854655
81998,18417.66385313657
81391,8201.119835900776
108151,12953.819354381942
100164,15710.034825571496
77950,37847.68149372968
100416,11502.16689621499
108237,13084.385938058505
93464,18536.61760205587
83899,12466.557129215093
107184,16059.147404580033
78001,33417.14958428077
98816,7113.023714948978
98737,21867.806896688646
105432,20305.871326440665
99160,6160.2352533372805
99195,2015.1458629931487
90337,8314.798113386682
85546,16464.554945733766
107128,20697.75878074064
93327,31981.301360731424
81501,37326.25694806693
78485,16259.615709574833
98491,21261.64259261838
91265,21641.212274734717
97185,14615.809667064754
95708,17450.613992249284
92269,23448.953337985105
90122,13332.842500998448
84219,10229.860880945009
95920,20013.136595351614
82679,13225.696364962803
105174,14949.124624736543
90879,11908.15244147854
77507,44807.833799253865
88757,12138.22897317436
101256,7666.9847279372425
83426,18574.38777294074
76075,33417.14958428077
76871,16477.316104424786
77695,37027.06535056158
103555,10321.58471213447
94893,20194.2624815207
95836,16509.248198862417
92061,12175.175723110868
79710,14469.15265380901
93899,12961.607563943388
83299,9621.942231130368
95620,25374.101173859406
104279,19670.22137316788
83705,17138.076148324828
95472,29168.869905144475
106260,15983.282368891529
76886,15938.798436762778
97248,11919.367186053081
80660,18139.299258188985
101333,11623.299959384402
89360,7183.214848096302
85450,8080.315455295151
88836,16318.18451266816
77416,27316.06068794764
79577,25832.73860874501
98503,7640.921718468218
76778,13400.558142078766
93681,15053.903185484458
98418,6815.812420295009
98615,9576.030334561285
91857,28296.45977179689
85059,10569.580096143083
84064,14404.872107145095
83511,11131.995562051039
87961,11290.452590715404
89756,8447.03674315067
106904,12033.932893427576
78218,26066.885619794084
91503,23198.849009461126
77126,10075.840353232932
97801,9062.566924117154
87474,11889.19414808399
77057,23929.905765051994
79478,25291.709834607605
90041,18307.003777136724
83374,12912.655008170366
102094,11491.231759191303
103780,21000.18721170147
105079,7888.937986361808
80462,31429.74568073697
101705,13427.59696548686
105756,24249.36138147237
88993,9898.80824793696
89593,7609.7828370907255
86338,17428.040233934273
77853,25982.511968811465
92077,26490.401928974636
102494,8176.0061819216335
92534,36225.600376945564
78971,27914.26832717911
84687,18503.006517241316
88376,10726.12096978393
105707,14132.019197822327
80939,29477.05933098512
82258,20390.511572119864
104917,8696.963146398903
95086,20214.196482868356
79275,15639.329899367858
104721,9194.135454646106
107939,20074.559026143437
106703,9622.103512247473
107820,10588.950369426488
79947,24307.18447678484
89961,11505.8368267216
106451,10526.634565731103
98821,11661.541582619642
77748,31943.613252539537
104802,24454.880325906674
81481,45546.52951794756
93544,18584.981145855923
89611,13748.406069055893
79850,32165.068197438417
81466,23583.901330591325
90668,7211.7490605024195
89743,15978.56465279823
106672,24075.64230307651
76030,17645.318843818033
97231,6155.86370323474
93484,30261.379968939225
81393,16784.305388654644
94369,12920.640411342238
93507,23514.550295739828
100752,7739.778613294658
95565,19681.04267192692
98749,14365.786450255267
99634,11363.53023330472
86127,7001.975147914203
101842,14693.01177280962
108481,10640.664391800456
82863,12422.912148244703
90043,10452.068079071048
76857,34649.950634692286
83241,11544.50662873576
103197,7654.977914004061
95458,15440.154624111767
76515,17820.243632399903
84987,13243.667518854565
80199,21984.996532879377
77835,22852.166323322737
80809,16133.368383427027
77245,24929.91576410863
104828,14714.561789869787
107338,8911.415915971904
78811,31694.459390444867
76708,36270.53807607485
88559,9436.22628253712
99380,5919.536845397714
89411,7532.916365497554
94532,24551.643134310525
88046,6164.007909106181
99155,11162.509713042526
80986,16559.33365203974
96122,25743.17027748172
78618,19162.888534786205
98205,6550.838972072083
98995,25217.004562595364
102432,9921.934601396148
78709,14137.38620282743
93586,20598.285044884542
98147,8622.640156416086
95468,25430.003219932565
95425,16395.02557322174
89106,10542.590942625615
85764,10285.96758589588
87674,11059.222969765622
106365,34725.62060197657
106263,7411.498768821999
97423,14378.00861113745
86855,15890.858412969825
101637,8167.143304740445
100129,6496.201733012151
89346,10800.173452486091
80037,11380.154046942152
87439,7807.3606081832495
76329,55509.47275366831
101234,17443.083540577474
93715,26833.957244987945
96728,21684.31165326898
88023,15599.810809749259
100289,15325.880790667185
93685,12419.384640776441
97301,12323.848170513083
100588,10759.422136771243
78240,16181.8007556828
91194,34753.1509999389
78088,20148.32457850268
103811,10282.415751129398
79852,26184.829402844698
77718,20721.929081438742
99968,6797.956662901818
82937,13746.339904420167
106774,18532.963026127345
85107,9816.31241387075
77329,24854.95661141758
106498,14224.13537198172
80946,20332.718102784576
89630,23455.594839859816
105995,27119.601187751294
79926,48274.167834715605
93982,14084.91779415822
95152,40954.84075500401
102460,15159.400861923055
86797,17716.009475892362
98696,13951.089520216867
87491,24164.724012327883
93185,24945.760142827046
90910,19534.14262348558
102510,5956.316934315587
99707,12687.669617041569
106468,9282.82799346556
97505,14788.015426809405
85240,17226.88099779246
89795,25114.83505296013
78677,16496.850451170925
94311,17382.032890509134
79406,31914.118824728084
85528,22109.133742390815
95656,15796.185180256994
102783,13340.738436459882
76191,27716.386942650523
96193,12994.734152688728
108352,19425.01383093955
94226,22566.853788195902
94472,21463.055658731322
78628,10435.779795994767
96861,16742.378075323548
89698,14568.44208481125
89021,18218.372710643624
98919,12384.30444575176
107511,27174.972199354128
104317,12828.274668743603
105587,14621.308266170494
89244,13561.204349142281
108221,44757.91797412063
104558,21490.938710943698
99691,11922.561903151724
81153,25586.215475978828
83019,13169.36878290373
84699,8115.389459474757
92354,34537.86631991083
77258,32257.66637700509
81991,20825.605423365574
99191,15608.933240631164
80072,22494.177276964652
97195,25642.64237148158
83104,14662.547086198561
104712,10703.457158899837
100443,10513.24807494372
93443,23237.92042495307
85543,13381.585068688326
82977,17222.933867250744
92597,30054.493135563524
89182,16821.347341338413
89737,9661.438943388115
103093,15010.497009004957
103417,5121.715452390721
78550,14607.329372039241
93081,31775.213999115695
80992,15832.199539941164
83725,11005.159981943207
90755,13748.406069055893
89727,24454.467899874475
82723,13797.324014131356
85046,7292.430702959385
105507,20474.004554896277
102497,8050.123191464705
86897,9399.296639465538
81522,16329.756868260765
106201,21817.302860740507
87615,10726.12096978393
84646,10728.413803147856
104296,25311.14099744267
84433,7872.607065296309
101470,12820.660354310774
76641,21056.362263144307
88265,8386.379288931492
101728,12222.009550302122
83541,9916.697655013862
93807,21643.87401199491
83873,10803.376619604825
76785,45046.905330875554
83629,10855.254147256373
87576,17252.82724290603
93395,16321.447484325932
95537,25875.33516369959
89598,7030.322701452491
78074,32461.303622952535
102980,9753.508348600451
104929,16624.492649274016
97395,13352.306660934493
106751,23125.539274732746
101628,15469.16631988623
103613,13087.091691173568
103641,11430.533004015424
95834,17367.939703045744
101797,3056.0281410397915
80042,28483.585814996084
81608,20554.78452124118
86535,13947.67796142052
98235,21971.615718134675
94784,15787.120855261239
79342,13782.815778796834
97906,18487.541146551834
84622,13274.487210212188
85948,19603.705387330654
88274,12336.70746426413
92480,21215.498290721578
86378,17096.459686320813
107558,11822.414794929706
88531,13655.393703212185
103681,13797.577066010737
103559,7391.366654176808
102821,12406.399038734482
77372,30639.36646178585
108078,10595.349234568792
96014,9525.921853495085
91072,18082.2941708141
78981,16892.54625837751
85860,5332.682688284699
91538,17760.200477474227
100904,14990.58047991216
83903,11034.260976601023
89075,12548.500645095692
87210,4743.592403929072
95405,17140.85428975513
101957,13000.521430162189
91384,25224.250426649483
91816,20688.175801227466
93271,20553.33806828711
106951,17258.332620013254
77457,16270.96090735766
99216,10603.876169029234
106683,7731.848283429271
79593,17416.82554583255
92575,15952.955721470415
106332,22594.422762385126
99751,13138.1918819328
97844,20316.068571309515
90776,8177.9574047324895
107788,31991.378295989696
97552,8984.675107909366
85396,9067.686386265264
90072,7003.699536300846
104380,9884.882629211017
108171,14937.946979015382
82534,15913.2501683242
77917,24562.1503941734
76212,18878.566325265496
77975,18494.72949191296
96718,26521.85179682197
101250,7981.200936231815
102875,19751.18220439487
97385,9963.442269566198
93943,21165.362398534315
76389,16678.652346683182
104653,20790.744166743127
85000,12480.016971123277
100844,6355.22768312237
94384,46356.42431046513
91625,21139.182648357502
92124,22264.719594797527
100983,12169.329935842563
97669,23874.542918559066
76674,20014.20916730969
104012,20179.908750609688
100742,12406.399038734482
97937,9136.251845065732
99509,25194.672133750228
99834,8445.137231487406
104037,14836.659656624552
96369,15546.437929595333
86125,9707.733565741262
102999,5765.589831556159
85473,10838.945938857543
90508,7697.976999410966
105281,30828.17212455503
90368,10594.61063075793
84029,9650.605876045007
88603,11216.22259060409
102423,6658.188733845179
105253,22009.104090515055
76230,18389.02123993043
100316,8410.27776663317
102553,10662.373762583271
76308,44032.170462869246
101348,10546.327033935448
105689,27208.76413114314
78347,24633.10467110759
88127,17980.468665093413
97320,12625.996148496104
98421,15311.290864670975
87422,11706.352681492555
90886,5477.869628970031
82580,7869.2545959343615
106420,9536.087871046171
80218,12451.431473629329
77197,9934.636309085316
81116,13216.367191869454
103847,10216.385917796419
76611,25019.662418457843
80677,16130.736519129447
91546,15451.677954256587
83706,10304.011063509843
83288,10126.744990683612
83664,10614.360772981203
81103,36733.24846749114
104136,21815.469626750106
79754,30101.50693004413
80794,37555.90915165959
90027,5967.914133072007
99186,11748.316642092177
79957,17423.111349924708
83420,12628.694362472133
106971,10805.906629061566
88929,13636.3116620469
79354,22081.883704659274
104624,20992.323807457913
103631,3317.1457210526646
106329,13052.712063116649
94466,25455.011698572944
79495,19415.138971383734
92262,14862.228420772743
103626,10664.216480020808
102620,9813.203113592108
103026,12009.45434244287
95440,19962.54159430869
90675,8119.103996396228
92169,20697.079028071785
85598,9294.292106410443
93980,14119.133274061567
89884,7797.524439040081
100361,9913.999053134443
95314,15765.772404250942
102984,13478.335877642472
97290,28007.034274169986
88702,8352.431744587764
79250,30112.558285397066
101218,10112.585255371132
85994,16634.33126152677
91181,15799.76024428081
105974,15015.406549616166
92222,21739.130710708665
91691,26497.902561152383
103472,7455.748122968934
90116,10739.636438039583
94185,18351.118839688766
95705,26021.528980088773
92442,7018.501474605821
83759,11720.058786966069
106311,28013.032954667156
108531,15103.203240404695
88487,8051.369434801896
88956,11316.362360757927
80477,24318.60544587603
95422,13425.51264038803
77410,12490.048009857936
91873,25308.008663731314
95274,23827.84602633543
90023,7611.785006080496
77204,16206.54926916571
76504,20423.313157487297
105902,5222.980446765323
81820,13258.54327224609
89405,9787.035897065854
92206,14317.837880628962
79328,23898.99585763232
94971,18799.910571828623
91185,38061.35906644729
103332,11844.199121355376
105983,16825.015789860914
81775,19426.22587046356
81946,32807.83891824402
97846,24513.66940738709
103884,10484.151765952216
105182,8899.365219477037
76148,25398.84470519695
99255,16685.018876007467
87785,11592.130462138326
78903,12650.022755363052
94578,20156.295289382833
107853,12995.942589666836
76717,30514.59429502029
99052,9339.712089050607
82390,39384.02702760098
83676,8835.931681557846
87748,20298.84717675789
95443,21721.255289835473
94430,15714.849820450467
83886,16548.789578003507
78492,13282.4109410479
97540,12088.721901920935
103167,16755.931457183917
82621,11592.130462138326
88729,21916.328516519574
97779,8420.022910403632
87179,8603.289225677832
83693,10852.005629147076
83068,14274.535011380001
87978,11842.347677592887
77547,12331.86641509254
104135,10039.74880769687
91838,19192.366624347218
81044,17908.37557640624
82100,32530.104979958607
79196,16174.331666807386
103420,9022.630033174933
84430,12315.495241072298
95116,26854.9532182794
88758,9854.122059299614
102600,15465.879352884533
97943,24379.129737206276
82923,17324.271130438752
84173,15900.501313630664
91455,21784.457143779997
104107,13844.902885641786
84031,7566.034916204243
103307,5334.098275804261
103516,11675.701769030191
94534,14710.477207478787
89498,17774.457630096895
78100,10720.349951042708
86728,10040.14774053222
89787,20800.536897058286
99604,6765.803691749501
87920,13189.518048590617
95679,22237.07356377391
106342,11174.659788656392
105013,9630.367585700125
94526,25674.480474293377
79217,18199.876452160945
105206,20069.811357750335
80930,16498.50668655651
101748,9750.654802926125
108486,12269.519907833055
93949,30959.117695847664
99658,25076.122206253964
97561,19190.80224190917
101617,7970.487380907612
81330,50432.82131351514
101771,7171.110214392991
97270,6788.455606515286
101595,15225.725929013588
98215,10669.946714799395
84007,13349.831136097295
92680,23629.09632654399
78992,16442.428083290633
107596,22168.980610321105
77206,13652.21130335605
82743,11868.509173288836
83701,18403.14924026129
99165,10246.232941533492
94432,23629.09632654399
86548,13512.978745651802
76397,20546.024139767
100070,6445.0944182186995
103513,7598.602297974357
80091,19097.72253195136
76782,22011.338149804753
100886,10944.138307803649
103951,7934.293193309198
87351,17175.320278389805
85974,17864.380624076523
79314,27076.896226979363
102475,12019.99270452272
101614,6964.235690868199
99033,9791.540408883959
97666,12857.451200582262
99253,9623.51650237219
91658,21295.119005473887
82007,18673.970024512077
76687,51613.77583758037
83921,12177.016428294652
92186,22905.681895193746
85865,13382.802007986644
78521,9419.700956131504
77902,14295.111850303685
101697,14152.406027746878
98102,10356.50671316007
88037,12072.193746665971
87226,5692.821817568116
107492,8327.555223724901
100723,8265.62247978136
78581,14661.433197096976
104777,9998.27844702174
95606,14519.250151493485
101145,7625.094863953451
98544,11055.971555109782
96417,22824.80908039094
102714,11014.656897761832
85830,11361.26331543648
80541,19455.813572279254
88142,13923.051291777265
95553,29603.720278038367
107711,6042.425390009253
82572,9927.027144262716
77820,52935.27201195524
94456,17875.512008425823
90433,6097.88601568963
78161,28906.56244308633
98322,30866.67542585304
101884,10170.853153203643
98723,9671.438154708212
100828,9855.193058432842
100612,14077.719093893036
78754,16742.605121146964
95053,54666.44179219028
87293,9916.697655013862
83679,16011.100959234083
102810,7427.614176329178
103021,15178.183910968748
90497,15585.927489390277
106798,12979.587842302995
96234,13793.652367188086
97962,7027.4389957553685
81585,17427.59059114252
101255,7666.802559713131
95824,17258.153703012085
97053,14684.284038594666
106657,23782.375067605888
107453,19259.011381694407
77979,14384.343449321732
93717,18166.43300350699
100424,9324.332415376424
105579,25848.403721142382
85608,18834.99609342918
107878,25054.35633294387
83229,15913.2501683242
95478,25742.111846981457
104405,22169.374836875624
86681,6800.257370009403
81901,20030.382954071218
77806,14303.92877542961
102650,9897.8450446925
80845,23786.997577974846
77445,17701.458549796364
79206,31659.01741804676
105219,18109.773591424826
82665,4107.130186090448
79532,30665.30558026812
98125,6406.389113749487
77147,18326.368496645275
84836,10425.985324446372
105376,17970.75059789733
77343,26081.12257412243
108114,15929.294488044538
94994,11874.879480342428
88610,6122.876864134409
99609,7328.7681627058255
107243,20868.672621296057
98829,14388.045141203753
85362,15679.8148314909
87409,10841.941941381747
95322,21854.702419168047
86185,10774.944486911285
81792,32922.7778444476
84113,11067.621487142755
86139,16424.738379833332
84719,14507.979061867269
85120,14638.633812875214
101693,5437.755614944064
77413,20907.462189516118
77179,18529.9296681425
91580,41800.23566221176
84116,11880.659590136414
93025,47199.43886938782
105224,8444.556542038334
102854,11476.607065829632
76237,22604.87495137496
105595,21276.80391870101
80155,24218.98441826157
92056,25554.959375788847
103229,16811.51092576934
98783,12231.812860327347
106357,9095.601487147796
92305,32004.730947704862
96312,9245.868037574872
86890,8049.4967758634
93354,14572.241494479309
86898,13803.14521164532
76058,18404.32585021311
90555,8669.864144567038
107136,10578.119200666266
107052,29745.999719637846
76384,47518.62957114589
101670,15181.093887554889
102438,10367.25628822136
81063,22390.790715498562
88254,11686.798122260225
87041,9752.063586588987
84909,8488.583109919044
79053,20588.636455055333
88187,8920.152653628908
85814,11555.353990950956
106396,19579.317732333635
90460,15078.559302974289
79261,16178.229965919802
105167,11558.381051104638
84047,18015.43655574558
96771,13026.96647650081
91074,55411.33732484412
92357,24754.14470387849
99588,8700.776691193481
78138,31484.89452912596
94328,15982.683840917476
92019,12802.349336237294
77557,24830.599488948847
83024,16396.950492925058
94888,12545.632027956304
94193,28373.616061403653
97909,18719.281264196445
79111,44834.675773828996
97936,13938.637087539488
95276,38144.07947086801
107815,15289.157012104406
92806,23629.09632654399
91317,20884.71887004053
89507,20160.350032654536
97462,17830.43537685851
93693,16633.861031941207
81331,22999.25905117574
77260,50944.67884211666
105287,12784.658722423655
86064,6235.721095148734
94906,25638.677409528205
94965,16620.959715887595
105863,7749.412341877032
96962,11528.080339340517
82573,15766.55179013884
83271,9548.460901207078
94624,9957.240687417945
105014,23007.971192782363
99965,11014.656897761832
98009,11835.376260298237
108442,10391.715066009287
78211,36019.28599317533
87609,4530.714004791837
95639,16265.329946289197
83389,12533.107749225006
84086,16259.976288061614
105956,10713.874383922303
108384,5217.258081092386
99053,8116.5526578620575
85503,9967.202896628305
100879,5986.747474678195
102238,16865.506230005147
107311,18801.796299427548
90740,8452.025598051652
96463,26684.546684038258
96521,27321.358286079332
100020,8161.1170044439095
86048,16735.981863674697
90310,16451.981213752293
95810,13044.580082781045
106809,6810.743242004096
90420,13974.193192788696
77189,23167.335503405462
103940,10723.29377214767
99054,22183.994673694433
86669,15777.579019179486
108226,9014.08940182792
107731,15703.103093253054
102410,7210.053203368288
107012,10210.372711256674
85117,6454.965450422032
89298,8603.289225677832
80880,18824.33414484281
86954,11987.32842371202
100029,16387.55577112045
98943,11072.117272900705
81089,32992.902216114955
89148,11234.276591227443
98024,9946.965067585183
84621,15364.08465192178
98748,22306.71832071347
106824,19189.08598546937
106049,22121.64148398045
108266,17552.264001865376
98763,5071.537707068884
100238,9807.072861627654
107279,10900.992681107035
78188,50112.791461192995
90443,14638.128314207841
95384,5473.155868372218
98928,21709.641999757445
83992,8681.125615789586
94914,20133.154301449897
92340,13227.763908725834
77677,14445.036289040516
90840,16451.981213752293
106434,34216.04056081235
83736,17282.920129204125
90022,12998.990945963707
87633,2449.850966823644
101312,14738.074854479708
92614,25657.550769255195
79410,14609.862447881227
83220,10050.674086515854
96064,10842.631649570314
96470,9195.44432247076
77247,9826.064128836686
102732,18831.828180629233
92569,19995.4656005712
103467,12818.429761134617
102976,7588.149444114634
87220,18990.66931649066
82183,17649.129489330237
88173,12088.212004576688
94227,24582.03998888628
83048,16163.996152514906
85320,16156.056226366882
90217,15387.605623757372
97112,15398.450316887804
78246,10345.34719303317
82000,21573.986854883948
79672,15760.524896838839
93499,16994.825455722315
103355,7619.503152660345
93334,30847.152395683228
77302,14887.970226702313
87100,15742.946580497925
92568,30256.565878304064
102148,7897.4380706167285
81098,29207.53276306373
77544,32836.81111758775
92644,30093.5988414921
95996,21250.450176518392
79138,13773.671115653644
97082,29623.064000624156
85843,8520.280305345266
103831,11012.548238548028
78047,26333.87261848641
99184,12450.196689605376
83023,7036.061577630108
100629,7031.83057808676
106087,16441.140266301943
87161,13740.308025850689
97572,9969.064129348573
86106,18703.4514812014
90163,13153.412318654033
95623,29603.10827218546
104349,14632.011285490644
84422,9075.943281220354
107061,10429.931457338605
78175,36140.143309092105
87468,12114.845324401085
87136,12893.398833487021
84238,9519.262715972965
85432,11239.81170086315
85363,19601.386857036876
105017,9806.924787903386
80633,28425.345043638725
82273,22139.20988164355
76668,20944.067789127243
100970,13477.270520621658
104985,10135.235749576941
76457,18737.09233106948
102241,8352.646281139783
90884,8784.47678872744
79706,26857.416626873954
92608,19238.735044261244
86284,11620.03798401424
103990,9584.68136525483
106152,17373.90308486163
97553,18210.493643739923
106477,9175.382557896206
78423,23051.439425588687
82766,17423.2251413497
77477,51526.2607869174
97680,12460.52459328829
96346,13841.806319594367
104141,17848.99018148288
80807,24771.20628287218
100442,11208.15841797895
107029,18608.78654353951
90213,6749.089331183316
88434,18512.18156373944
96441,11238.819429170522
80102,17576.751341941497
105520,29461.04934639519
78279,31419.815026314256
95023,8838.875336313891
76739,21095.643796001772
76776,33044.36729686089
89754,24089.82676531639
92585,16096.793964457447
83197,9152.495370178354
99947,14409.185449935545
108399,12658.889490879763
99140,8137.340337045298
91454,9838.487858436178
104130,7615.3162822152435
108320,12882.433646080912
93440,27650.242329815766
105567,14612.914169741605
89460,7897.536032260649
79662,35391.21857678204
88491,15050.106076341108
77034,17784.318796976524
90404,18749.435286513188
76014,12812.037775171297
104971,9884.882629211017
92516,14479.114435954247
86856,9400.740095994952
90648,17736.945792889695
97201,11323.395195090348
79186,26251.574149288273
98204,9818.774599923558
82568,26194.817557391078
97595,5708.784853127913
101703,10067.00116737605
84202,9515.923510804243
97310,7149.006330152122
105498,14544.668640896998
78896,34820.44547618996
106029,15892.967934538583
90047,14070.910804844894
83277,20535.16957281146
103503,13109.559631323356
104327,19651.280778034732
78026,32320.0892911613
80909,26944.08098619277
85733,8544.949616848611
103986,13095.348479924314
103236,15710.034825571496
94181,24567.20610506984
78518,22737.74430660403
88239,8738.750979895114
94503,38651.942637092376
76074,14648.759101646812
94424,19748.77801186317
97663,18884.57323316967
82357,22080.624464661072
92631,25267.829233430268
95482,46714.54096848676
90697,15261.121264926967
78798,20332.360737337545
103348,13875.185580226202
83659,12020.928025826493
91108,11212.076100670338
77916,15213.456249993169
106086,18100.700327505914
81928,27421.248736829453
108406,9635.184642127702
89731,15982.54083461676
106178,13402.59566969353
107719,23130.35512703114
90633,17548.147517845133
100003,2920.6111065671885
98978,15406.586161881445
88009,15115.40414315405
96631,14079.676994785163
93628,19101.63061374082
87288,10128.172557583359
82057,28149.830101605457
82925,15416.05374044634
100038,9569.761923623133
78420,16616.39834609713
96271,7788.371346262583
97966,14207.702751199833
96110,8846.237749660459
80393,14443.3607405297
78706,18281.944353834362
107484,19750.159754677697
103084,10935.745812004247
99792,7151.487035483686
93476,35021.17335153317
88975,10956.607921848119
83981,14284.419199105056
79492,20730.98878511854
76802,30870.801114900474
83781,6056.57149079469
95719,22366.108418506006
106177,27729.268788187554
80626,28504.88507501509
76158,13584.10060276329
91434,19518.31426701365
80463,18567.702307199954
86263,9864.875067558145
107666,23106.690149853704
94262,22940.818078540484
103501,13750.447466475545
89996,16534.03523088091
87306,9112.988929553801
82265,15813.813452355613
106825,16705.965250348203
98851,18734.478020608272
80547,26965.458842695367
100440,10616.171239130492
103194,13400.441987901375
90394,32954.631174106544
86111,6717.261060476394
88528,19411.375235820276
86857,10724.716488222617
78099,8661.47091363468
92331,17246.34878159671
96016,18301.755477533243
91750,23020.9242938217
92459,22657.566974830173
107321,24567.45925450632
87091,9813.664623275907
97925,4308.512408068608
81737,20366.02601494583
99093,9511.214475309702
99531,10940.216930905399
84423,11823.431049553199
76406,23330.53466948456
107350,19521.17345547975
76326,50182.9513228474
84338,24396.40897664697
76577,23885.46060807988
95385,13649.85607204113
90391,17081.34411812692
107624,23693.477874464927
99241,6048.113581112114
80248,20898.530079731587
85295,15774.252883043766
96343,9823.17620743011
80926,11444.112470483475
94027,18744.851452082734
79544,22526.753323335295
84425,10408.120899579018
105264,12006.465561731939
82643,7373.821199420989
93474,14115.149837137493
107072,9165.866703410291
83519,3191.5074931072377
85962,17188.98445768322
96932,25828.568802613798
100759,10323.899694166925
107022,7071.441290656276
77012,37465.03794370494
100651,8225.239173306196
89430,21043.413190703977
88981,16092.791505641486
95740,20877.537052703294
101954,15530.042678972162
103408,6409.578509709389
81304,9147.37443506427
108421,22818.813057496118
93532,20883.4425304155
101576,15195.601352871703
79931,19546.171497815332
108176,10725.090811838172
84455,17562.504891482615
106797,31343.66738452083
76513,20400.09927709292
89674,16511.801303940738
77722,23619.850596024247
84754,18034.48560096142
106492,10604.233250223415
99242,8216.776146408483
107569,12005.607575450591
94320,18226.405285265835
82637,11971.980486019278
96550,17575.650771765566
105480,19560.649964466076
100624,6626.169941053069
89114,11922.420351839348
100866,6699.487168339847
81896,19850.682860609777
102689,16845.654077383726
97911,12033.68278721049
97099,6705.679946673139
92071,18908.292155225467
95849,44234.852554693876
102903,10413.033901235323
103725,15709.226497033445
101176,12169.329935842563
103887,10652.302061259981
80921,30959.138673570098
92266,20441.6715246082
106467,8432.241295603057
92139,24114.00916046983
106826,30628.71402668046
88193,13969.575334384372
106211,15353.513691380382
88612,15689.787604624607
89179,16360.686313864091
80004,19460.973289229652
98225,8931.779848000362
99856,20461.03529586448
87150,24043.54355636456
94786,30536.927533992537
98471,18936.29982527455
103319,13294.603653996564
89393,7805.580684440909
85789,16348.343392810719
97761,18440.379722638478
101800,10845.573179470006
91588,31080.12864726183
76096,10284.931191806856
77378,20439.71470986218
105010,17561.230039945534
93587,27175.790258456156
90171,8106.921152388479
90438,7746.895095151357
91148,17448.430124982635
91323,28421.619689938223
98577,9162.38996461623
77741,15408.604147895474
87789,15689.787604624607
94742,25306.783764157288
78295,7694.881739969118
104797,6904.857026220271
77425,11376.461363091468
96208,18404.6616252742
100731,10509.024481128605
93163,34840.91615505126
85915,11423.234642167523
89993,10216.489921142807
99626,23919.74277290251
78228,21233.54255978825
78779,11641.345792883818
78654,16933.355519718712
82947,20000.688358073436
99479,5997.093581744721
90585,15362.648754765181
79933,25184.452780157117
79287,29353.179144951264
92899,26467.073493686927
93755,26269.19280241421
92117,28031.74916475074
102417,10823.71521743009
106587,28057.015799732042
108201,43438.37109663061
88442,6973.182699234059
82673,10521.616584282372
104223,11368.409693766313
86036,5546.572746899223
93425,21671.1458192034
96693,10537.56681880839
82050,35718.823455193095
99460,7064.561096215997
81829,32789.417809886996
83925,12401.965286382549
94041,31906.511842237313
82035,16637.675137144703
107368,9108.259298409188
105591,27999.35855122974
107782,9535.924178393596
96340,13375.218442580184
97566,8264.19247269023
91719,14297.212327193773
79210,16930.756272733008
89898,8781.158279884688
106642,12224.694661118714
93485,18622.712215123327
98774,12395.34137710392
90967,20907.837680478275
89550,17632.912925416662
99247,7789.008824896353
99897,6970.382278811554
91394,27044.121320761984
88135,5375.560916932879
84111,17520.978529430664
91479,26467.073493686927
82622,7569.224709037343
104106,28257.179509215264
77050,30887.069606447392
105631,10682.7428560642
86427,7039.010936671246
93552,53351.06026559891
81830,34840.13132962006
82034,24831.138108793937
105857,20574.005543627944
91623,18725.660331273786
87886,15229.422653826665
78123,3750.1723411120024
101951,8721.056783432512
97543,9313.92794372794
79462,48174.60333643593
90234,5338.536124793633
81860,28836.094851545742
87045,5398.957630384848
107162,13392.464322094333
90414,15447.141002046039
78353,28279.858752455122
90940,22439.526020627116
104123,25386.97237911328
88330,10088.186628208829
84769,8344.934327478111
108396,20461.63493033776
89556,9213.25388890048
91348,12048.922702801845
107687,18530.061869599245
90777,15031.672574653932
104801,22355.895407930013
82951,15050.784177565203
106440,18371.037706919167
83562,9153.399199549789
95283,20308.170863366915
84042,9173.578758871507
97883,11277.012697122349
101997,7359.5145808441775
82566,10189.233160614995
87497,11864.874781287603
79697,16159.734175688867
85723,19514.06993356651
103511,12728.727794532551
101075,11650.884467478027
108424,11164.169120655795
102011,14756.124759422737
90054,12367.661517722412
105933,16281.549159662894
83807,15552.730483147523
77338,29701.517189670456
96060,7552.633578458873
103133,10472.573884012683
76548,17293.323962307008
79177,33806.826643956374
88937,14205.41507032715
105216,9934.000171354432
80415,18198.690759070672
89404,4664.305947069446
99503,12479.386909908737
102640,16032.011252532157
108003,30122.333986061563
78038,12659.787934984744
96267,20988.775017335927
106361,26793.952802420077
90046,6153.667482992753
81034,25710.76787511049
77832,21746.129715032235
76482,12181.027907195907
103687,7947.2173414305025
104148,16207.440873103007
96008,9255.000980116009
77464,29551.374911499857
83612,16272.173970174255
88727,16936.42759861065
92881,14916.299599022996
78787,32951.913086101784
92593,15113.13796027728
93216,12452.63134903742
108447,8700.516242890539
91746,28106.723260985364
78670,17234.14781485699
93142,21699.318100846962
103515,11656.371324291189
101254,12968.618831070777
103532,11669.049278298211
95650,21230.210756054632
100251,14088.927369946463
82597,11265.967173650535
83045,8525.729787577979
95764,24653.91332275161
83685,9857.785781137112
108088,18532.607359115267
99800,8888.589640577911
104273,10196.362080963185
86860,7161.977963162619
103756,7672.772322002205
90038,8525.019184893483
81692,15458.247286023683
76875,12059.12123920389
82474,9633.84424177893
84165,11924.465604037287
92416,19874.157324189797
76486,15685.571167772852
83332,16886.168208526644
86362,6377.324419606822
99000,14140.484181755846
79474,14067.942557051763
81625,21716.21394157865
84416,11016.000247540578
107026,39689.77215846852
78888,28531.322568082192
91402,12239.819179365188
104996,14612.686898206894
108161,22085.205254657074
95547,17644.31365417035
81861,17363.480274394602
77574,35927.053543719885
88480,9959.861948019527
78311,29225.436922806017
79130,27153.921497402273
86087,21783.31257026318
96083,8877.37343370125
102730,5801.405886434927
93459,26490.401928974636
103121,7012.260632926692
106519,12055.833322155406
90685,9863.908128850695
95357,14339.512786100266
104263,3036.9484694357784
92978,24703.35903327488
85290,11694.662320935993
90632,7851.217386684195
105283,14965.837933280023
77070,19033.995552092172
97304,19302.15445390223
97350,24433.72097743188
88499,8846.146192228156
88773,17138.076148324828
97413,11484.500715073707
97795,14495.248808069267
102571,5239.392995566742
100395,9331.918349418685
83692,17567.525662612683
88058,9842.973818371891
88108,20264.496523221846
89818,6180.662343273035
84732,11788.092441288047
79794,14260.981470184237
103320,6123.928674901246
91794,14105.13555473057
83061,14650.018005760836
88593,14002.786299348554
100252,8373.079885558082
87177,6816.967235249487
108018,9405.390548498013
102667,14897.89313168236
77541,12218.638940053443
78985,34185.57957151303
96495,13043.4749976331
91698,17340.193348847864
80282,24333.468720144516
92825,28984.368078597177
92684,24571.865497457162
93840,38832.5207547418
85266,6030.532378865287
96656,10534.094064734478
87600,10917.145725574424
106994,7826.683676935192
101405,13270.918291880169
86756,3201.6625371471027
91439,14923.903211495755
85088,9264.022238205927
93892,15598.628492693488
108240,19865.473971882308
91934,23731.163378696445
79263,24494.068672046444
99012,13556.064869099273
99507,18905.14646307619
104775,13413.870233504691
76783,20049.157736077213
98630,6250.219825463269
105799,11821.480871643767
79687,22623.819761923776
102242,10300.81237621299
104987,15137.461080541249
76197,15723.955430371427
79819,38587.13604860931
105059,15430.422380431672
103748,7766.750011926533
104789,21521.64856057622
107740,19947.953872982544
94310,17648.591937043348
95974,22667.285569510965
78991,27509.79000841376
85346,12061.717773880708
104905,20638.64451041977
84858,8301.036700500086
95021,22287.8931030429
79234,47545.822103148545
93929,27372.349063109286
93964,21543.727762545786
102327,16968.63907813542
93930,41007.12996430145
94220,37609.640426547405
97355,15689.24465308138
101356,13850.763201272732
80132,48726.00330735553
96537,9388.940201197995
95767,9187.832762461187
102780,11976.429768459215
98549,5403.0479506099855
91031,23751.012701842705
91922,18766.433127624216
92327,15366.959886221191
101273,10809.452302911839
83564,9512.252800616654
93121,16485.108481532847
91848,23037.955226912316
99112,12531.934822471736
79484,17606.12132342041
83792,12814.879868569946
88337,20795.06112271771
98896,5700.3694906731325
82576,19528.15276774827
85186,10777.930014603044
103570,7215.650948145749
94806,27949.44464872758
107394,8393.504054904099
106891,8505.625919191363
77508,34677.33034176707
78851,44961.98915855278
81113,28760.601848352693
85437,12467.542981957546
82280,14843.15638116609
85886,17940.238494439673
79625,36693.21345448516
95239,40164.791188975105
82313,48355.45902845724
90789,19161.376129916454
92484,21139.182648357502
88349,6628.290133071829
87936,2406.845155545615
96057,9981.346807035548
102286,9656.547992206766
97187,9082.062380063568
85499,8639.908532595231
104015,14993.651979073375
99732,12702.84949246842
87915,12283.316661974706
81687,15851.688924751896
86009,21041.269736715625
97444,9461.108127800779
102004,15306.406837484154
104458,7868.876354917521
98519,7045.113567084225
82785,15302.094273536162
103479,19359.283450162053
100675,13686.684474384734
102764,8193.602981481545
84770,11695.454753717999
106124,7350.94412425047
103447,8181.262203501338
101681,13848.062812030064
97714,16115.969329869382
101446,13678.097546547438
108526,16434.370616125118
92403,18724.920131768467
76218,57033.30345564267
81456,9207.740130967768
81297,28525.811955682744
90637,15640.011218761183
90327,8001.969630890902
95775,15773.747417298682
89328,9916.697655013862
76281,11112.225874372945
105285,23915.436609185206
97967,15395.910737197315
103677,7289.011479392505
89371,15916.729260303859
93864,10423.804423980408
103191,6908.628363979975
84138,15617.593003864406
88931,26399.06416456711
83174,10939.162594236628
96700,16482.312174237322
90557,7421.055634750129
106224,18647.303739376977
76032,15484.073552661052
93904,11885.66076765695
83233,10026.175869338433
97166,14068.188827867894
107008,11819.402109801133
98411,7656.778967218141
76898,15436.960728586944
77335,21869.690949762007
103661,14424.420765602714
89251,19749.82338482206
107278,10840.927931918348
76306,23071.63195904402
95821,37490.65351313864
93738,21923.61805804497
102085,14987.219499590461
87697,15326.529287601677
95925,17676.455115084475
86432,15837.278179505252
77843,9694.685953955286
91784,21538.237203449466
101658,17452.03786510755
77139,28995.73186157073
82509,9947.40383008546
92105,25417.897509977785
89714,11863.797350829378
104701,16912.48440758255
96529,13001.724787593193
86466,13197.458861600868
91745,13542.163021021726
89336,12071.702844886882
77392,3801.120230815232
107821,24925.940110776944
96431,8324.830809946183
96177,9977.465843318734
103091,7012.260632926692
91003,19659.324507401405
95781,19979.861948352253
96216,13000.599004856906
78178,52436.91814358705
108259,19379.345423194653
81909,12015.443061709477
87054,7237.683034310916
95949,19924.19199498025
84912,15913.2501683242
106750,9878.355449828228
105535,8702.63378492965
104790,10161.024958481274
82394,33703.66333737913
85536,10298.948699740891
88663,10040.14774053222
95114,20964.299167704055
87720,9771.821452667524
105355,6570.469384751367
82633,10079.324243894533
77178,17999.75916474035
82650,10557.05717439673
88354,17943.15043055744
91594,9420.511217008834
106838,30276.81221900358
92201,27084.09315833233
86903,17660.353110775086
91790,32788.63519898801
89435,21614.19141105457
106192,10621.65230896045
100291,7517.853765186642
80263,19698.922695385816
105259,6501.42258691694
90581,13181.321405773666
82168,19911.710122368306
78900,21492.695378600503
92927,20841.939237874056
86035,13160.406165644448
82812,5798.128053712357
90960,15323.791902536894
80564,32868.41434588758
88136,12867.020752798706
81598,13824.778181161382
84515,18646.34956338283
76559,21105.61516633062
85602,13062.068853433719
87221,19343.35813161569
103271,6368.810543473589
94627,4858.512292646029
79016,17803.891291236057
89875,16715.59445815051
89037,16430.347956009926
100203,6767.818483324027
86521,7364.992490969824
100287,7031.83057808676
100028,9219.506826754743
99993,12964.155216076802
89572,16651.502173529036
89439,17525.290822160958
105686,9487.494716475447
92939,15819.956652203184
94055,24843.80808042986
80380,23288.47625881349
99967,5518.703040372336
95543,15306.44318060121
97455,11876.516137059863
77160,13268.799081807761
105212,18912.430246217566
100236,9931.992631217996
107291,10491.754169843709
104571,8853.11448361947
107474,14104.154471832306
93115,25537.537481357256
92068,25661.471964535045
101225,12260.315183302913
87087,12734.851213452888
98133,13805.281309455064
108494,23548.579873123574
93501,23263.48301769148
99785,9772.601151407303
99377,10367.972630840237
104791,21789.208754389205
95521,24070.78657065144
98752,24631.899472317404
100191,6870.159115965543
86298,10924.187736814645
85617,9307.262617591925
101651,13891.566239290727
93014,16820.34777748991
89934,8326.964326119292
85334,14870.12617485478
97879,15858.267548989073
79690,26530.827250634447
108126,19726.883456835094
77117,45070.3763596978
99027,16372.031033691825
102822,13040.813058256086
80603,17014.3631568693
98014,6669.645734127722
77131,48877.812768022435
93449,21227.172608881658
96996,18277.14229563258
86682,6480.83201936586
88766,2406.845155545615
89860,5085.869866981567
103646,7251.434679902133
97690,18076.83593693599
101168,8719.820513234403
106415,7755.653725805897
83711,20828.80193196414
87996,12289.944425011425
79855,18511.843622063032
105266,13256.320516433352
92717,41007.12996430145
88833,14185.906568632014
100290,5242.528587552729
79845,15430.140015575189
102781,17196.68124372663
80780,27219.404376034825
95643,19183.61250731253
90478,5885.596448158746
78919,46045.92047196884
87599,17959.776565538206
83576,12792.493634153165
97582,23106.443761882838
98560,2835.6376244891158
94839,17519.911774847948
79584,23905.045856845674
95009,27293.784040482693
86194,9815.040374754597
81291,21443.31470253032
108264,7583.820846649776
91618,25239.42118063292
103987,2521.6585187000624
98687,8126.1286368281335
89683,8968.438489175875
80178,14686.943687917412
85041,9401.02109032274
85795,8900.602052712808
92667,20365.900783169058
88648,10167.467887808429
81003,23744.88728683091
89530,9820.166407403032
89343,19231.645797926445
84383,11096.586065825688
95447,19125.61597117162
103195,12410.086401755043
87916,9394.904993371865
79701,9668.222039825609
78939,35062.03582793723
90700,7508.964006260434
92770,23581.45550586902
108076,30028.112226355555
76716,21364.959337539218
94223,17525.909461121657
97551,21545.46334060539
92126,29540.64727460625
92616,26436.96837387452
101680,11301.707024634006
91237,35050.70604901962
105108,12096.23237452795
96867,7460.363831168959
89088,13410.238244667871
92402,22380.8191254753
94049,18210.82117645952
86720,9933.468938091855
100554,15914.378449092852
102551,14298.682198341323
88297,10129.578827738038
85365,9290.93548819489
82994,7959.595605129334
79914,16263.833502442343
108258,15513.207303530788
76068,16217.389437485195
82252,16584.79056305651
85769,18107.137165649943
90927,26867.80199230825
106917,14785.02529542145
97051,8105.33943377555
89757,7435.594271969266
90517,8337.055676136817
100679,5641.636192815007
102698,13404.347589386594
76935,15780.996637939716
94802,25550.47022741997
106017,27596.803745359535
105400,10572.655403813103
107120,13829.251351026569
102046,10221.632807451575
90067,12366.345816099594
82781,13558.433175083788
95277,34737.176775425774
95689,22808.664505524626
105027,21766.58274432463
85236,15864.60576663496
97380,17290.40338353117
100285,20112.31146218661
98812,12199.147984691537
96265,24083.51598711406
101336,10005.73198151385
107335,17558.023031126788
96385,12877.604947478847
78322,36262.816485070216
91805,43268.96615851412
106808,14360.261334909781
91272,24721.901115105546
97409,9372.798258861465
84801,13990.03807607533
84783,16943.571546421383
78594,23420.165890036493
84618,11621.333769574072
95162,16804.65758794682
87803,14134.268443626032
92565,11820.16780646871
107155,20541.74402681951
93075,24524.975895916286
102973,9201.491203768092
89247,7474.306467731763
79555,27202.640681699846
90326,20078.464779980375
107169,17410.68932402879
79268,24505.9600053023
99954,10240.410799966496
80374,30763.061018806562
101695,5250.70909313685
91260,51687.12919336653
78376,21007.62464148409
105554,10963.823789887349
106897,17844.635326189873
88890,21570.463057181572
85043,8952.677007315031
90014,16451.981213752293
99924,10017.814241090979
102210,12553.715258398877
102041,11068.788562866575
78082,54165.088627717785
106653,9096.80670783616
85042,7411.212322600832
90502,15140.759084870113
87396,17727.854412303735
92489,19324.958236985192
76383,14142.627865751185
82522,10679.343191799562
89906,16490.28133713895
103260,8015.905624387675
78162,12662.637854487015
102594,7590.575417915583
103841,7633.646293599405
78789,20458.684807985046
106717,10739.509200045071
88775,10552.98229744015
88109,14054.696681832593
87997,17085.336793310325
88027,17338.93055022612
93890,14697.765936218646
94101,21382.20720259736
102675,6486.944541899542
101475,10956.654230521548
80558,9844.09765549741
87171,7785.152112355255
88266,10877.45985253008
101850,15312.150366866494
99649,16571.964485528075
105512,13288.085824898533
102290,11771.849457004939
80390,27134.974661973334
90266,6480.51514353611
84938,10249.054764519558
93151,50169.15175501208
95267,28295.157605715405
92188,23162.686504947604
80014,26791.023072469234
103390,12435.986875178794
77627,25373.062144244657
104741,6918.899561160212
107297,10093.856371313008
93101,23955.400502596294
94142,18654.76071702008
93814,18862.042602646685
92300,25779.969722829985
89616,9783.777907144113
102876,11053.52291794232
106731,21892.701319358424
97653,12900.011868352152
86484,13756.377745328542
97041,10929.624955739606
88263,15669.536010393553
79035,17843.26282973774
85171,20518.38218741534
99949,10783.584646509194
97528,8592.812116513795
89333,7279.472133115824
108420,32709.930666947315
103545,12478.37246283315
87578,10889.712567635266
89794,8675.28678896654
78220,22426.57553773809
86074,9608.850128913722
82330,22785.32624145539
77108,12331.474219978372
90682,19406.07728340381
105643,41233.0214105913
104819,31243.688282435163
98722,4827.846618245105
82464,12445.410310121917
80687,27738.339015877616
101340,6029.711085229324
86763,16396.950492925058
103549,6936.691489011354
85520,11047.20458715098
95658,37456.95789407192
98745,19568.426148249924
102751,8939.24383808816
86044,18569.950237890258
87791,7523.729667664745
85907,9731.793083359797
82976,17351.02171857787
87738,17652.75861231457
96035,11006.408179642169
88577,14906.854007013577
87932,9119.750136766343
100197,14670.689232919789
87983,19114.783986032777
83455,16022.637878825071
100627,9319.680926094385
108491,7305.386915807085
103896,3857.646217480524
100166,15649.786385788017
84224,18590.186395390585
82279,16380.916797433212
102695,9290.739778294092
91730,13571.911168714576
91520,17546.574547188848
93441,21521.856569985433
104061,14637.912236636355
85328,15747.717138134869
78431,12264.206705435698
89987,11170.810952480771
89785,8447.03674315067
87524,8420.871999461762
105313,19346.36116404842
97204,26810.376904732104
81190,22780.02585585992
106185,24826.771101062295
90483,12257.707008037656
85436,12718.582546893702
89422,14333.20944188126
94943,15285.151109685477
84834,9917.943167840389
104864,11766.285713649539
104593,18484.221583413288
97614,7867.037141422087
105794,10358.887870404149
87647,16394.8739592238
79445,23026.183129440193
86179,10540.916318228103
80653,29936.2527273953
86987,9101.993897286113
94399,13436.633874565394
85016,7839.582983263576
97822,9062.519228453888
78119,18384.7000036767
100744,6901.772347963208
105979,10615.619392273591
99994,8396.929430171356
100774,12034.833642169991
92935,24021.21719378747
98288,12453.334217273541
76583,15607.751550547555
83919,11885.396359410068
81696,41621.00625315274
82491,16356.641600427547
105912,7991.026266992017
81324,21469.34088468281
76616,28556.619155370354
77437,27000.858641652303
87372,10635.9890287791
92668,25854.700544655872
89936,7310.055632779052
103228,12074.059253102707
97587,9763.70531775487
101465,13130.661578431485
83831,10409.692946554422
106127,16332.207483002672
81306,32434.094279553054
90977,18211.916617214472
104439,16754.26308957075
93212,13964.887055408299
102209,10961.91882829108
100072,8650.468097299125
82518,13497.459400698812
103988,5065.549270771709
89788,7141.016288337014
81061,14336.170936298116
102430,6914.167761453267
97938,6815.812420295009
82243,37508.37189237025
98210,14179.071264289261
108342,21155.102366586983
83764,10929.42229768998
106233,15574.812294902546
99659,8055.5566286086805
99142,10899.001729653442
98655,11735.255938147338
108449,16899.531731642925
104515,10379.09799721948
97931,11197.71016762359
100995,9076.742715611927
96070,23014.362154126975
76333,13719.739392169678
106307,11288.939299239393
92092,18543.035304319077
78883,8619.895528875619
94921,26635.656869623577
78172,26143.570364614745
96430,26403.293249462404
82844,8532.209363809681
82378,6721.188497159953
105297,19990.269731083026
95050,24633.306820098485
93124,17820.500866242714
80112,22079.941413561068
86478,9262.25930592638
83917,9479.857995187078
100721,13162.904887500794
94123,27268.40999438033
100693,12427.61239494263
106688,8982.222844879792
102131,11507.618270018711
99935,7990.818723706722
102108,7801.795056873158
82729,3411.399732964054
77495,16902.619306987475
98827,11706.672156547
97526,18464.094425893985
104954,8687.97606475306
78155,20376.19524226823
79469,16160.444288645183
98055,12284.487488675111
102443,8245.963182462927
91468,28328.001585165373
96944,12040.689766872532
90974,20079.31093730851
97294,8678.685212291308
98347,7011.81543139293
96505,16764.387068005064
100542,16078.892933326406
79348,18764.85305419095
95285,22287.8931030429
103440,10555.262996640211
91432,23392.682948746595
84815,13619.361311249366
88959,18348.62993792632
96017,24393.447068105343
105760,10383.109365466153
102874,10375.501339223743
103528,5170.2123028293945
87558,11458.547874071779
95691,19614.42246580651
106122,23110.507006080355
92479,8731.726551012454
106673,5604.741105237846
108143,30278.257614043006
88298,10098.079327734466
102149,16125.267498830677
87765,17815.240159385776
90258,10796.71393248794
96940,8802.114778256824
108032,7502.152514415827
77733,20638.251449138796
90186,7310.055632779052
94702,16643.54582926169
95120,26801.331068720996
91144,14057.708481187008
103053,7912.545073901307
99408,14204.006645445797
79533,25594.818210212557
99369,10572.511345092249
105062,16901.419990592116
102029,13301.072267534872
96368,22582.78947841224
101066,11986.629649952527
100088,6041.320000477579
84869,14705.69950373165
100736,15710.034825571496
85981,15122.10634090717
98872,12550.054846747114
84037,9359.141061998169
89217,11834.929609193907
89775,20977.792358320163
88379,21532.531275758938
80011,23866.641663482296
80836,20575.292074824865
105215,12394.128395336384
93719,38503.747048761245
107968,15210.915746445302
98967,9138.680871976827
85591,16052.903025209478
80478,14238.416762395209
92882,17814.98092708528
89721,10054.961356880873
101878,8071.199631416331
102301,9738.651548788515
101408,7191.393486868822
81446,13264.855407693396
100045,10161.07134308762
82986,14251.714410715022
78772,22540.136165503387
78208,22949.581302681763
81689,12618.52912088031
96791,15506.64902090705
79141,12779.426163194536
84271,16188.903559860486
94879,17003.67772115412
107759,10513.556013748015
83675,9401.646048391944
88258,13837.800822273535
96976,17178.835509287812
92824,18528.03258609482
98414,7767.248572818708
85028,10451.567344285495
97506,8908.909624719678
92767,21938.283266556475
100210,15133.59541031818
84470,11826.67392242344
90627,7143.33714277993
98768,5679.101675404443
105263,10002.24558484697
81662,34830.24663245765
93787,15994.10774381736
82688,11451.521286548517
88923,9000.316167800665
97463,9049.82742707928
93008,14504.888142813386
86807,9492.711597563612
79997,22496.32051551913
106742,17088.833427647674
94777,11033.372703706662
86594,17019.375316098747
82991,17218.387936416133
102203,7566.580147202485
103539,14603.892251533336
96264,18418.987588272816
77721,13331.762044368199
107801,14284.106749918843
99511,9961.384820279267
92801,22125.508948667764
82658,6810.826722651075
91732,16033.51580697519
76557,22621.943503161503
91314,37998.64244215997
82198,19068.30885310859
100607,15798.790762403803
80984,16771.283744635308
77901,12799.144231578646
95736,17193.09735875238
86809,18870.016856902403
78288,21711.972613814225
101339,11006.69315534154
87249,8429.594026696377
82143,33481.94245057418
83850,15535.328439338822
106952,13051.798685695594
106504,26308.978555477184
87341,15395.972381498019
94165,72390.1940225286
79986,23437.274917975727
97235,12278.440925534589
84860,10244.54389946603
94913,24491.584391162964
82439,7839.582983263576
83066,9825.777335711138
76993,27742.368719948918
88803,17639.598526947386
77506,25235.09992957765
76456,19464.954397822483
84599,7414.4904625022455
76680,24865.6011221661
78685,34716.16394600146
80310,23303.592894265355
107412,27712.257874016937
89792,5098.95164251262
87421,14056.51594760756
88821,12281.051829346217
101930,8181.262203501338
105822,11416.999214257186
97642,16358.864007803104
107339,10572.655403813103
76550,20758.42007566945
88272,5148.664745140418
85777,7034.825590381943
104995,14422.743975526044
82640,7468.701652259578
80887,15835.319519828881
105022,19561.853272539607
79920,22705.84897090239
96724,12874.68389475089
87654,11696.261041785525
80242,31418.925773366656
103464,10420.620818332582
99537,10588.028414162474
92524,24659.986214365057
83634,13701.472783731233
77597,15854.942511972758
87830,18561.948787499194
87700,18554.26553794642
86513,9519.262715972965
92891,11971.669004827945
79513,14621.421385863301
101087,14318.799208348566
85729,9568.733827410257
107672,28805.006444517865
77549,33806.30848101717
94307,16402.920043601363
84500,13560.978903096277
98867,8126.1286368281335
103039,13177.795821878706
91192,32511.693935926258
82205,12872.329876176094
100369,10499.268212540941
107529,14975.934960842715
106073,14254.284440390391
87934,8603.289225677832
99978,14910.611962361208
97512,19465.661385619398
78085,22481.416513129534
83329,8872.082112500293
106679,20579.073172147608
102680,9076.742715611927
100260,18658.801927546283
98100,19738.17791836719
79452,54415.79381744199
94814,22209.45828751329
83431,9582.79071489962
102298,3961.638549348482
86411,9909.619165268618
105783,12868.516059109257
79588,18682.344349674757
77976,10026.35734088415
103387,14829.91405682691
93070,29531.650210753116
108393,22370.55710805002
105094,16628.272832599276
101152,8254.307752700819
87464,10831.414173306517
92410,26947.24847896816
102395,8047.1463652104385
98531,12632.014395620976
89945,9617.013627477998
102454,15450.532937475346
104729,14706.273136016269
89493,10624.880172126763
92058,24524.975895916286
93884,16810.982530253044
87594,7425.2109685236765
100891,13242.058142266063
81535,30270.173498621432
80847,28694.780361279718
90120,9362.700251123046
76004,23605.81942105312
76670,16656.32665898237
82018,6264.231336967428
90007,15871.47602567112
76604,12265.023889817443
88324,7816.357992949389
84260,14614.267843293028
104662,17971.648562937342
80740,25682.945781069284
94973,16796.72293146245
89099,26263.815808042884
89528,16108.614692172367
87947,20597.631122589915
76967,26229.261357737167
94126,17885.206451850096
92187,44913.423875478715
104140,8140.1396496289835
80573,14591.62219983261
99372,13141.334237402243
79790,34191.40930600569
94392,26001.69431571552
103573,11285.518524855337
96538,9736.865384972034
96774,22546.624308293412
83631,13837.800822273535
89532,9793.901682493683
83991,17971.264767117602
95769,26090.440265485846
83263,16473.09171446583
87065,10126.744990683612
107642,14882.037288413138
85968,9311.45501477823
77321,17386.421175775544
79237,25351.491483380312
98975,24702.099249986673
95590,21412.836717660797
104906,15532.267248079932
103289,12549.072026946062
82134,35186.003975023996
108432,15479.126578654244
79361,20312.0900153542
79283,15926.791083188831
108270,10301.600390037327
100333,6849.156897181609
89059,9197.05435525346
96852,7142.203970001163
89651,18675.117969798117
82856,5205.787875671816
103072,19419.35631429093
108315,15683.44074464804
95664,17764.845202510907
87882,18447.310690543487
81682,25849.661829568522
102981,4304.727604390398
104776,9006.686210227026
97621,19786.512659860495
100451,10700.84647455819
94393,27705.953234265497
87416,13890.241824610392
105999,8794.746876791107
91075,6067.432784415664
104390,14984.14736671912
78471,59238.52346896422
91077,13244.911159954969
81733,19944.571922938736
81475,30109.071050990267
89546,15640.189017499879
81968,22017.909903828488
82201,18391.101095388523
100703,15340.173004783608
108173,9095.601487147796
99283,2468.4039524976724
88618,8261.758055361784
77172,18865.859897659942
105813,13434.34072387393
85410,9161.924089687005
77665,14434.68124180164
106427,12391.264453388663
100684,8112.573746285967
77682,98626.77457272407
106196,4539.481872776785
88627,18566.130413131126
108029,14948.77138316942
80142,24895.997726371446
101534,14004.189818401806
106737,20282.123996930353
84776,8243.884483190832
100686,7366.020669653378
100393,15030.017589357703
95593,17641.591369776677
106482,27200.58639407159
82594,18074.079378573424
95052,20262.748799245466
77581,31534.467888598465
105894,14872.795395780791
98981,19945.522658007932
103791,9619.767827803973
89035,17263.151796592672
78988,52812.24682798686
102284,5741.470143919022
78961,20360.75195231179
100824,10845.573179470006
80563,19764.045687185277
106006,26251.870309760856
98874,5908.706973841425
92004,25402.016834928138
76541,11128.923994599798
76087,10336.607159349773
96383,8820.780232063766
89403,10970.793085817215
85502,11322.110396036542
78453,15711.055025215159
105672,9923.444214903766
94086,24230.401619070293
103223,11334.253683493438
106894,3825.427653894941
104079,14726.899366134674
76659,53574.336621297196
78970,11848.946760766226
94467,9061.608455902735
106317,10786.649704919437
90990,20489.06649164771
85168,13577.779021130566
85329,19182.752785744076
90573,17152.91102836457
87552,9138.108276804513
106650,9153.610622261349
97658,11706.638455032511
103443,9809.914868740834
108293,10279.53573029006
106230,14750.537537477865
90762,5189.10981805349
90385,12348.949153989495
92892,26274.937739020435
87166,10857.168514615969
88217,18258.13521913232
107357,12016.551951936981
104588,15273.879057485674
106711,23997.625714731177
82117,21792.3697455556
76811,21816.092975908126
96629,13697.485902589273
82497,13763.344363368607
105204,10161.024958481274
92020,18072.255169399294
103534,11096.850290947126
87801,13302.953707055658
76388,21122.876348308542
101512,6649.131475780581
88523,13673.98486613811
82847,20386.730062675204
96295,23752.367446428932
104555,14191.817108311927
82459,8231.185241530653
88896,11667.323136360397
98912,18545.36035359107
87904,11875.819865811682
97899,8449.548523959596
84404,10787.279730178961
83628,44337.993057128086
98240,7295.663282915108
77405,48920.10032593657
95241,18377.09202108479
86588,15155.701444230626
100568,7055.451195212095
103330,10503.199537022174
88168,39256.79800197948
99695,7599.171340804846
105415,28073.6510834461
108291,9146.601965787399
82483,18998.984709511347
76215,12611.365727862918
95883,10151.01575288562
93944,17640.646957767603
80545,17157.158988646992
87133,14839.926350639123
107929,14525.446420080125
103594,10268.174154679298
98090,2594.242081597909
85950,7591.47511476351
97817,22470.93675926781
80349,16407.44456087482
92065,18451.236328787843
81419,21170.850472175964
103547,15086.757707900577
82647,17026.564334821913
103287,6941.061376545266
92620,20062.981145840986
97818,13408.466783845006
94762,16060.318612878948
86986,14539.53368103209
80244,18909.629944940672
81808,33178.64129354836
101955,14756.124759422737
100277,7616.772234199672
97433,10298.47257921304
101701,11877.863137416858
88891,17692.14384417729
97998,9039.455461507734
84676,6122.876864134409
85102,11561.088754614775
95997,17848.279817725987
108269,19192.772731903373
101745,11454.817859410403
94167,24172.644276534334
100965,2170.5574624657224
96695,6702.719563810571
84077,9663.743416475649
95666,32708.67881378253
93525,22405.035274815913
86442,10050.674086515854
98856,19456.826276100863
102762,11872.749378057515
91868,21543.535738893668
85895,8477.670829349574
83837,9913.897238762078
97933,23984.485000048924
77159,45716.76869057915
86267,13746.339904420167
102669,2407.9479794307676
99058,29057.494643252874
83648,18341.367427484558
90586,16829.95981998454
96303,12288.044962162292
91599,28086.59230425489
104830,13937.563228461864
103867,11014.656897761832
103352,8079.52209771588
85911,19198.120637177286
86215,8554.194892162615
100026,9740.769298083502
87347,9189.175198212099
95363,15546.545739177043
105922,26195.000632716525
100582,10730.122305882587
90707,12998.990945963707
89442,11385.297089409765
107455,11851.716647564397
79441,34060.80758626803
99119,13253.798275656976
84855,15512.63396534055
95694,24526.294547153684
98802,20603.838026803878
93759,21571.53097303837
100855,2986.0834448394967
93601,27666.63741234787
103425,8573.44854100116
79810,31870.483729165117
106082,11103.576033738493
96555,10674.285700870183
76273,15297.031727818938
81265,12000.997614582193
76722,20425.55122300005
87080,9370.090788339086
85477,14387.823754368173
100688,7767.918122527941
101612,7497.073047620648
107135,8799.765053550844
82754,7293.691137989726
77167,16494.727079111904
95627,26199.725556297464
77685,20740.7997011509
81835,26057.932348847622
108459,13919.266637323359
99976,21236.830510417847
77873,15744.978201831305
91574,17112.176923795894
98487,13299.406562440217
101067,5520.855453635078
86888,16534.142909675287
79051,22842.98007412317
105704,16441.140266301943
93009,21890.6362981297
79182,37663.530058793855
77226,20231.42155562984
83439,10891.463825865485
106093,18129.49402031016
85243,16718.161955864376
77181,17175.443370295205
85451,15930.47136882449
76412,46631.26437624159
87990,18338.611271141188
82077,21924.50568762581
86289,17526.551853440535
81566,24751.906672350557
82864,10939.623221541286
99130,9654.759093881357
96176,13697.485902589273
102269,8320.986165033673
91841,21436.588572171197
76041,22073.45328209453
104840,18936.21647960032
106253,18931.73021699221
98245,23490.53775393698
77039,21728.543597753564
100730,7801.664615710957
87739,5487.307869978208
107559,11776.319469308528
103282,10258.606997497207
76646,26029.17837092229
80252,11444.112470483475
103895,8365.679731975366
92491,24120.99340853928
89765,15150.213317514017
106652,17373.95784641012
88005,8603.289225677832
99470,9716.97726515308
77069,18871.69983520623
77955,25880.314333188016
90809,7992.398092217922
91610,22573.77342830839
102774,12041.845796657659
78231,9114.197029065148
101171,7538.305633792695
94420,9037.207718774713
91378,28159.383056645383
82771,11137.359936028668
99918,2852.342501501828
103574,15408.988073998396
86799,13669.217883251416
94318,17335.99989266534
76950,28171.42243783066
101720,8254.280661807867
106698,21247.312334953433
103488,12075.593480339177
99153,17616.608470596115
104945,20638.64451041977
82708,16676.4794559764
80674,19164.031348815646
84122,10969.011278337044
100375,2487.6338934497803
89456,15266.034726535398
82974,13660.393383671413
104716,26232.215566602736
88124,15689.787604624607
101244,9422.034303895136
82069,29480.155553325923
98606,16388.849891034948
94412,25610.981225983818
106030,25565.71608155835
89877,7571.197229153484
83349,15742.946580497925
84253,10410.162579885897
79774,21996.18697013811
87259,11048.045470260604
81587,11578.507490572576
94407,17964.928618669837
105889,13263.01759698394
90829,13939.138187262419
90286,8557.07302461506
90162,13231.095257037907
86022,13190.226819195519
108101,22596.07140572823
76814,14084.7443409752
106162,22337.149649226652
106605,16729.161673211664
99590,12457.494309239893
102676,11725.278444014726
107658,11047.52032925336
82396,17260.53926866922
108051,26411.823367685738
92955,25357.77991949155
83520,10082.258174923554
80338,19293.36041420585
89312,6709.277268937761
80751,26126.100203105463
90622,7130.397132434991
79431,23926.915152882073
82870,12382.079375526117
106446,23224.81234877151
96223,9245.34385301197
100491,6732.755712825241
90125,33683.43670197328
107869,18949.94748898037
78278,28316.768687519958
104244,12154.093977912644
93810,24703.35903327488
90911,24722.551614563887
81869,31163.14730629523
100472,16146.98774245325
101927,13026.810367143837
99713,17105.770111006772
108184,14012.327121485057
99764,7230.410720137318
101286,17506.137572922857
106534,8308.852395560112
77461,11367.605051924791
108272,12093.179351321278
106010,22045.089819934496
89193,14297.996032663377
87761,10345.581783862124
88154,13305.210783032033
97789,11201.612494676065
98271,7480.405535341427
84160,15760.706043680977
80752,10606.567036945187
106107,20414.636164383086
87260,11056.644238052066
76549,4301.729566626135
106619,9444.282825947568
93849,24830.56817282406
96045,19342.122862729604
98306,8611.06222686147
91896,25165.067815513507
94048,19022.455835303266
104918,9760.050684211665
97720,8359.006228025311
97482,7335.268017932687
94156,19932.34040561127
96469,8551.523243501764
96918,19194.85929322995
97241,7626.829166865474
78150,12175.462714993393
77808,34608.50374017057
103265,9841.920283712767
99485,6930.310510954929
77860,14555.712283113864
83834,18986.54122257695
82565,5794.214009420836
104344,30085.781045384025
88984,9408.309329367305
92161,18028.87688745575
102199,18493.638715003803
103723,9779.307076327617
94677,20389.716607662966
104806,11441.97430777921
87148,15808.382047474484
78411,16718.358838597742
97856,11599.251431852765
80535,18481.66170174126
90156,10424.865985893348
82176,24665.45519741004
76790,11050.675005936086
91762,33010.554676514956
78650,29440.76658418022
82763,16451.00977838613
82678,10968.771901838627
100137,23093.57969249273
78365,30566.653368463387
88768,10391.333637327994
80346,24127.638601020448
106682,16979.236629826097
97171,21469.494528451272
81701,20896.2711363783
84073,11786.077950877865
79549,8651.779478644128
100269,7232.366895938842
78466,31875.006160204743
80489,10703.388738522499
100009,10947.419837272122
78769,12606.921580799373
96821,21479.757287674725
107253,9507.591574191674
76045,12429.504604589962
85567,20351.3454537651
104651,9635.52453214259
94428,11771.722148601928
90549,16120.604437297528
100940,11780.221199593178
105608,18460.535223520903
105280,10166.59113251092
92200,17567.14594486422
91082,5875.055130470589
77298,25043.430215132026
99432,9770.02187309469
80426,9089.265217667362
100817,7982.9138853048635
98552,14188.828021991018
102428,8762.445765767954
100978,9580.455905039884
96371,14377.872888525128
84334,7767.571440894343
90196,6724.517441075854
102540,11220.637753344296
96914,6666.415755324891
100895,9221.720533920789
105296,25356.082205151855
101888,5840.937248867718
104077,6879.423900759743
94267,27858.308086849724
96803,21552.37451300897
88905,12139.247960499273
106132,8924.019417193434
104388,11547.612344875652
92704,17183.421817717106
86345,20504.208259232084
98326,51664.88555230491
98572,26366.723022834576
98754,25049.67498353539
77794,11679.956578577063
101082,7533.095099861894
98455,12383.3858742834
95796,15528.36718938076
98861,19907.203542485073
87570,4033.7033752816565
91904,23602.132353789155
84147,15120.923638070672
79470,38038.77097245761
100012,7793.802742080898
78698,19283.257946818474
84929,13397.003577989046
97808,13621.290647477552
85299,12146.874181394736
91297,67094.67245293329
100772,6544.337765102819
88500,7644.538935586664
86077,19859.867107893642
91891,18841.54405359687
81059,22404.851676657934
91023,20381.027961416792
94693,28006.830305884232
83779,13395.635687510567
102323,7596.158015678678
86078,10053.103913412675
85595,18197.55298118885
78582,29422.424465666743
82311,33354.52425578496
107228,26712.070495883912
90613,15354.27120744292
102643,9591.273076152811
87044,16346.207833104989
94680,24024.660610660918
86222,16412.33864484307
92844,22786.054913064952
107625,3018.369088745322
98155,6752.385130808941
95145,11831.609041928074
79545,21073.829023359303
86312,7242.815968447586
106466,12128.179486238081
102721,7055.451195212095
82720,8117.42846016634
89908,12868.188074109674
86593,4622.39409287449
86930,7940.813438527055
80460,16017.344435973753
85235,19555.873738973278
103331,13954.795698008082
96526,19920.945071956885
93359,17181.881814691955
104761,10970.827295802006
76684,29524.665496975238
76697,20388.348618996562
92488,18860.532904579202
107148,20448.562878184366
100685,8732.585992503826
79407,23411.671290669816
90983,19799.62291456184
80435,16630.555758996175
106658,23580.327676012974
76894,31935.94040766459
77367,15908.107428024661
80301,36921.91898568194
81032,19644.822090415037
107900,38783.639448811424
83046,13709.17068257696
102331,12335.825764009622
94376,11265.823973781067
83559,11979.315931202278
103509,13476.066847312624
76553,18380.889865511588
85897,9926.120384000704
91644,15774.615648711775
101598,19937.621368789893
89707,11229.14016984299
106964,14851.62433518539
86117,8532.209363809681
100179,13566.321370065007
98605,27192.565444799216
99719,8813.743181777883
96764,19902.605343743286
97262,9039.78742011746
79645,25722.1907015924
85785,13360.55108598923
103444,7042.869221561502
105639,14484.830026708314
106379,22795.362598549662
94283,11975.047371823774
80195,16126.426076003927
84709,17808.38954463456
106270,17203.781577540463
106321,28289.72301733406
102975,10108.179407410182
77231,42520.002407870415
82488,7248.076781414948
100406,14430.28541892582
79606,9537.17415903591
81036,15642.479815629213
95806,22366.108418506006
97217,17651.920153270108
93696,20485.674569348386
84438,9376.7606009586
108083,14837.3518011183
94109,25452.493003853306
81873,28772.772933549997
83535,13124.370210832103
108253,9312.490601784684
103572,6520.31091287859
97782,22196.370889184334
85759,16405.12743427787
101313,8852.591307957413
98905,13067.294016813015
96344,20818.73165992074
79144,14494.07999822269
93593,9905.195412859195
99886,10299.963045316676
96085,8181.43848152379
91717,24739.871949818815
100170,15195.601352871703
101760,16010.914571969657
104762,29309.788161820594
94364,15272.680261649937
81819,18863.43294733195
88720,12802.440045246047
76810,19125.919467516254
91505,31283.171289494097
91740,30468.46176937384
107115,30511.14683750641
79860,20966.90187751574
103392,9635.188564403308
107926,7785.4195354525045
98206,11968.125524072317
91551,43764.160018170194
100331,13280.017471665124
76115,22476.855206739
82255,15248.076942733494
104007,19871.066178514793
77667,7252.649452647921
97247,12517.23150112478
104182,44798.12764483198
84802,11561.088754614775
82517,5731.849307356405
79978,48000.477313722535
104400,30238.719658501745
98809,15265.997756764022
96889,17737.358532536
106291,27764.98185040634
99347,9278.193434262294
101462,6910.284360202279
92841,23090.47943183086
78210,66442.2146979675
90440,16419.867847438643
84119,10879.806366725583
96872,12437.928778708037
99411,7304.347326007416
88399,14872.19514310638
93645,17279.555758686718
106472,12485.233660895643
93223,17509.349198565033
100761,9217.77505569555
84396,9394.904993371865
81694,24490.06702267378
91499,49318.26216248428
86428,3363.5900464835586
95718,15955.855912198744
102532,8334.994161886725
101976,8068.501561841988
101696,9262.321562586909
98887,6652.9672834359935
88660,16302.307598693673
88640,15267.456163146848
84379,13418.89028866162
84581,16158.44497557738
102278,9639.453350350539
87590,10819.087937197199
105244,21678.27458007044
85140,20305.776495471408
100212,6781.86011866102
82463,9502.670725086717
89649,12261.877275674255
105119,19908.543878573724
101138,10477.184757120618
97613,13182.966326272015
106323,12438.228919673586
102910,8423.044161148744
106664,17886.224157191766
78285,19672.4892155069
90102,10922.159600334964
96386,8624.61953632478
90800,7877.069682086996
98566,19436.211357689474
101815,14053.395574597213
101798,13797.577066010737
97728,13814.86414694068
99174,12809.552295058636
94250,19978.60829997865
88827,10319.910689485521
105493,9175.382557896206
77991,27026.687777900126
106003,12109.479166439856
102938,14138.239032447573
80815,21511.40309374431
102775,14430.28541892582
106108,9052.568218643848
86213,13335.308733690299
97119,17441.379602272435
90341,16749.30555786653
81713,25289.41291501371
99887,6991.483421054014
80067,44858.320217890556
104710,24122.07168414938
99374,10994.890452055251
102685,9640.207285122524
88454,9815.040374754597
88121,17540.669364480065
104607,13424.226392065615
108321,15766.225672203956
100788,16040.484123373764
79504,21165.712622076015
108273,18484.221583413288
94291,25332.2873478336
92974,20233.372434416782
98506,7226.377542173327
92238,22016.8244053556
101214,7585.608879249735
92872,22433.592186209793
92412,15887.905024939655
99487,30785.329159351662
95246,22366.108418506006
83843,10019.162886152139
77705,18840.37569127294
82903,16795.90065566431
99335,16251.254404123609
83112,13283.47490447104
82946,12501.984261316944
105777,14599.959011450197
87013,10516.470439555249
96752,9223.340605663176
106136,19613.77744053492
79867,35532.861196998645
84377,11414.669877871218
100807,15742.66895645821
77327,32585.00785477
90531,15137.552226737389
80907,13886.814425853543
84019,16780.89430471473
90542,16024.092639193423
77431,11023.811719777848
100648,13925.88749879074
86836,9913.534735247797
85657,10098.079327734466
104881,20383.109597816834
87108,3265.247691326766
103909,15724.912175721845
101363,10840.239006073016
83894,10098.079327734466
87239,15548.928009304986
99880,7230.410720137318
101105,9222.51951894847
103682,10551.9725551183
84580,19264.991815319303
103278,5116.427865802547
81972,12668.254919267736
96088,6395.758113664693
89815,8488.273723152575
83189,13643.392360693315
93790,32165.135860851064
86893,6885.108060348053
85632,8117.9499944204135
84891,7679.6563589497055
81765,26843.652397539438
104808,11307.562304902303
78274,21856.714692627906
104323,15268.92959449518
104215,24839.83634071491
83258,16052.377387537186
85415,9139.572371531456
76352,17231.544165070627
105843,26630.197325422345
79923,12706.88900776275
86788,20234.399472283167
106140,11446.998443171093
107298,15601.216834461957
80097,48109.834910335776
84584,8320.042113763926
97123,12175.641546308247
82024,66328.69789594739
80482,24385.622192207673
85092,13979.8246938746
107615,14328.790297353073
83158,19076.395802724335
98377,10603.876169029234
101038,9355.768074773916
86398,10995.993551666943
93257,20239.76500178094
76372,21649.961436454865
91976,20266.945301690543
89914,33960.64449455505
102249,9818.098367415494
92223,26090.440265485846
96162,8407.68032419836
78476,38255.81652624929
84032,20198.57861706429
87790,10055.673606384678
99047,6772.193665569992
85743,15913.2501683242
100359,7462.994153879676
105381,20210.572080807327
87011,11323.545151915516
106016,23100.478458391157
104246,17658.93232486047
98535,4717.728191347217
101636,7157.244819283912
86057,18196.509023230316
103082,7492.853183962455
98076,6479.401066610826
83514,10037.721207580536
103770,7025.708087579799
81344,22301.707868417805
95622,27080.41299080607
103797,1897.6313451400372
93056,24357.538404494222
78395,18998.227350358455
89628,8310.529311046628
103060,4539.938235692341
76440,21125.80194976673
91172,27993.556684380208
92399,22476.701533381136
93498,20678.3644184472
88211,6761.189651197238
101974,6509.024137134747
92110,13851.038722208057
108282,10402.870583975455
91046,17151.113568660934
87325,16782.210006880134
91442,16917.20979516956
105058,8905.961843323485
83755,9828.511522975035
84596,10573.213344027172
86642,8504.524968160127
104884,33212.086507889304
99464,11835.376260298237
76380,17910.99344535473
84398,8683.76323719789
86695,14002.786299348554
84967,17553.83520667516
91413,43566.622553087065
104536,18990.61480925718
103653,11687.209783451744
82660,7692.751686612096
96278,17570.054105280004
104281,9124.362488959247
96493,12462.651540295752
84816,17636.819444947683
96248,8090.610439824235
84910,14205.612510716168
76150,35814.434069466704
84168,8150.02852835443
91284,24170.41529830513
95359,16451.776612788664
99809,18684.812590888778
97478,11863.027693829925
90354,7049.066492725682
76268,21829.723420796636
99017,5594.4349507629895
92966,21746.284078988905
98031,13304.962838737441
102949,10159.544381804371
96793,10185.328079271592
88706,7671.271156717446
100609,9517.151675850428
89116,8089.009057973746
85861,6851.981474725286
81217,26371.001918195772
93134,24072.7023674207
93383,20170.218476763366
108417,7355.364220450608
84549,10882.056315323853
97741,18820.60833051357
82038,30861.44680477427
104696,11718.120032386965
102985,10450.999568324914
76015,31092.508039130775
89233,5487.307869978208
107693,8890.93241033981
79543,19328.45185702276
88941,11463.023487586826
107133,18571.020505852342
84262,9000.149076508931
80022,14000.051218047982
92947,4519.292504870767
106355,23396.928599081777
84561,7534.696214010177
98987,19654.885791660672
106383,20653.91574944256
81784,13874.37487958049
100364,12624.241501211423
107310,39553.850752806386
95690,21643.87401199491
76393,29914.51443061975
99698,11292.589985997141
92142,29157.236908914885
83931,18853.847658922394
89216,7694.196075739425
78447,12941.667029422892
88380,15841.058819630865
106609,10864.90269575162
87906,15216.895066522204
107946,10910.225901368482
98084,13362.954978197524
86920,14244.077622074285
96738,12786.7397916771
90639,11248.104022813206
85170,24885.845432905662
78613,22117.30914774262
105247,19050.061112900927
90641,9780.327587444226
103803,10237.290854751975
101871,7398.8327655273815
84737,9507.136568898311
88357,15690.769965756906
76060,21795.130135653984
96081,7160.244771303694
95771,18794.97902342383
90465,11627.347331638706
105795,7813.528613857843
99716,8669.957092625267
86627,8822.513241655039
76452,32795.53079771988
106972,21427.435196112317
85032,13169.36878290373
92339,21541.515023886208
92906,29849.14070874122
107476,27086.34844768625
98693,8436.360914234994
100745,14933.701966159937
93962,27363.32169294974
87071,26519.162887575592
78456,12480.431950363412
98616,8536.5457576067
89502,14879.525867821014
84812,17283.692664798175
99278,10408.510485426643
106760,29966.299145104058
93843,17806.78053054409
89686,12052.12296030135
89459,13940.486768620187
86882,19024.198507520887
89055,13709.17068257696
103280,8427.036986777925
82388,19996.972748715052
84322,20268.259668015355
99763,9444.040342047047
89240,8288.631746005685
89369,8894.420199241351
97845,8932.701844378262
98505,23333.48231593288
83594,9694.470634249597
76879,22446.60296926851
107542,9386.162251655322
80047,22306.691849392657
103396,10479.078816763184
91511,25281.430060181418
103680,7968.233492874813
90952,26702.036468905382
80329,22143.755283425697
95213,13607.957623073442
93454,18393.6141861434
98790,13946.816495082436
90991,50580.19423328249
103576,15849.804084756897
95054,15162.931365365253
91254,41007.12996430145
78354,33018.64378732872
82354,9062.007164931998
88849,11059.222969765622
89577,2369.250869195421
92417,19644.56171401865
87390,20798.332184542905
90610,14592.779495437015
76083,28565.21243881464
81716,17962.884578063455
91781,30172.749013089313
90138,20059.37084523563
82651,8627.299442518912
97872,7707.177493248287
84809,15971.875650654856
107232,14226.466575695773
82070,12105.765838086505
98299,26840.646036168982
108152,9234.718633967737
81894,17037.74309772677
92170,26489.175642622176
76815,15571.789138135764
85318,16358.648337991419
101609,15181.093887554889
85681,8902.080636349301
90628,4516.897375949819
81278,9537.17415903591
85022,11123.03843450994
106237,9283.569696228438
99060,13876.325244838676
97068,20603.042774376612
81590,34545.95778031435
87125,10181.298814487995
86034,5808.471303819545
92154,16120.174442741529
94085,18088.25851284106
84555,17704.394111609883
96138,18749.910640915226
87289,16022.637878825071
96099,18846.73023296315
92408,17436.246853069144
79885,22584.5131565163
77403,22963.03288422007
78502,36573.9125446988
101012,16460.801497335924
87470,10635.9890287791
85394,16933.19477640815
90467,15480.559007444854
101768,18217.475438370868
82421,13431.000262474343
85707,17526.619818205534
90630,16417.39949642756
83619,10286.889999315426
102793,9762.973633306792
78299,18861.955165196545
108074,9136.500469022982
80894,48288.73701311181
107622,9635.184642127702
89930,13807.560295032408
105194,20306.90436533288
87228,8182.63169929489
87821,20582.364810870477
79921,16897.943225553478
85109,16775.323041540076
104039,6365.841786579832
103523,15637.316656479023
84724,9688.917718352272
101351,10207.530671109547
76444,30714.138212843056
108202,3262.2999691857963
92774,40641.21004188473
97279,12195.2312643307
94079,13188.399868402155
101938,5536.151072799271
105071,22402.28643121782
91761,49723.06461189888
79296,37627.12624044888
100769,10851.803178255104
88597,11492.922363680887
85935,10177.424021579041
100302,14864.215113192075
89081,20299.912838750348
86282,6844.643864643749
107202,8568.358882805454
101999,8750.870227383932
77135,20688.94160643462
99417,10054.12625445521
90406,19406.07728340381
94752,14677.547777407228
83342,10954.63110743371
98973,18592.324314515834
79768,27758.024852395392
77192,10167.906239259888
80500,16340.146673601655
76835,33830.07881867695
86983,12875.382708105823
97069,26021.52036717755
97193,9823.17620743011
105073,15885.404634815075
108405,6858.630860371833
90739,13738.853379460108
100079,19359.283450162053
97513,17673.83616722339
108004,30689.863633840003
100330,10720.68117131879
88508,18568.192418481227
81325,28859.65993465254
105920,16981.948046262107
81530,12175.729780749707
86776,10584.976906051184
80384,14885.322327720804
105020,18296.21405303198
104228,13105.189854116781
103926,5998.533584904715
92044,29603.720278038367
107049,8751.262059991592
107408,20071.775278381756
97280,14572.496818180452
84121,19565.48944474845
107517,17139.346370318155
81847,14378.349086503396
93671,13529.033295281446
81276,21387.610173069388
105034,22424.902047563133
82559,16319.813579869538
97468,25397.235670162958
101227,8085.292496972638
84614,13681.470601927129
76259,20095.028463983977
81329,39861.40721968578
91999,24800.329081457225
83557,13870.998591587053
82819,11331.850207713713
83735,10541.857963164217
103607,6849.156897181609
93256,24164.081953310848
89255,12520.607720652066
102147,8715.513484759294
86853,13126.646968744939
76266,15932.644809261667
85025,18196.509023230316
79566,21016.552687406373
95663,19150.52716066394
96600,8816.531304037373
99798,6545.482250077874
96922,14898.288775117475
76888,46117.0990733585
78701,27603.685440805828
108246,11388.699923607152
102309,10888.282299915712
89158,13402.666530029974
95309,20214.196482868356
90997,17477.02605667435
88930,15019.022825596627
86235,17446.412795744036
86159,8209.633114504824
101049,13969.342377204473
81773,30580.346331898076
81389,26628.84089866895
88802,10838.349105055077
85702,10345.581783862124
98780,27414.722691499188
84786,16232.87809054979
85683,9647.653130222528
77857,29140.752359628314
88429,17685.72965159017
102069,10616.171239130492
104862,12534.704145517706
108204,22027.450086344183
105476,10190.827196801514
91778,22053.894483220116
100851,11279.553243371618
82960,15989.431868467127
84799,17948.413479614097
86912,11480.156917191296
101533,4586.128018234197
90657,9083.596625003465
88912,11692.08338705798
86715,15801.125331441242
87508,17512.593049217943
87984,9422.784520890837
94852,11367.676858202423
94905,19219.541079482548
76632,22621.840666278255
84100,6844.643864643749
95802,11425.334339940986
93740,43357.03870809984
98565,10339.512460528395
104153,9558.028020505984
82480,6776.139689549397
100660,10893.896299090718
76089,27195.897171938173
104329,7682.350020714268
76434,19572.40969713075
84061,15810.29144564451
92097,18419.509043878003
96236,10106.610856138306
78908,10819.60459241899
104602,11793.952621232493
102750,15387.895800144388
103394,15339.681612292005
88113,8770.852529270498
95654,19061.66937440291
86372,10715.933284138013
103110,12522.090817987177
88378,16626.68946704868
97704,7518.47450975847
90821,15329.908471968294
84901,24392.133372852808
93956,16679.260385701884
96320,29832.17436443362
81148,28071.07398297905
96461,24207.452909128573
84615,11033.055279055852
108104,23211.34908379467
78039,16325.822621901008
91425,22115.036971341964
77044,12338.645707035384
83049,17716.009475892362
99803,20427.87253801508
77693,21590.17478112932
95508,25419.114544372504
101593,10882.622249047354
101499,5664.031707768276
88319,18806.05177089347
107344,35352.30365805298
88590,7694.196075739425
102740,7262.92574231845
85931,12312.903449921507
77210,21522.797631154797
104732,15660.042573755245
101802,9676.792159572567
106071,10636.330277030413
107867,9902.425446930469
103449,4425.864295708139
79433,28177.230613118765
94897,39914.47462074686
79851,18944.203633634424
103779,7049.501371905897
84206,7608.331534962976
101707,7875.287593941192
90924,14375.476967598646
92910,30186.74486500916
95774,31959.026405944023
78551,43647.664852956405
97038,12212.98509923373
107852,13651.22211497083
87639,7856.711900722444
89958,17797.407607274403
77096,14713.92175236627
80491,29457.838063830528
97835,9707.412930678634
88697,8321.083079061722
78196,49863.623966087835
100662,10255.831639319555
93739,9107.357703588636
101433,11818.065798554573
79620,15127.185734997178
98914,8885.13991562736
86750,10524.99877405369
99223,8460.099831475101
100046,5605.2805830262605
77452,28219.863808159076
104703,14274.320583562281
98198,9321.541461120407
104049,18532.660478534708
102264,11449.850816540447
104967,16239.314406436531
82009,17977.174790949975
79345,17820.553872402306
76063,33689.020885581056
92506,20083.71835677658
105509,7576.55079831769
87958,12281.051829346217
104150,18970.843372089494
76395,20682.32047445189
92933,20475.22228712274
105564,10235.325566752597
101877,16425.19151529507
97863,9430.616245077217
98886,21523.115227451093
108166,25450.161600318148
84870,18299.462354288626
105095,15549.618927365027
91461,14825.395289601345
89581,7050.371756964693
79917,6661.266322309592
86396,11015.178427797919
77190,24792.172501122193
81287,14078.231552099374
103138,11727.124137249704
87123,11184.856287950965
103793,11287.894123616114
93077,16819.884262217365
107545,32504.729656567222
99055,8669.742072699406
101183,8160.327122793768
100713,8276.018690025467
94948,24803.386186183176
104333,4918.349414186388
99987,7249.137677210675
85251,10535.47147825782
78966,12006.80147727943
106038,19626.570571986205
80139,29539.80832128733
86167,12662.419456089978
99261,12486.460176768951
92352,12802.349336237294
106505,19011.22880446586
100845,10476.211745831504
99620,11871.404259215658
99159,20036.9248508134
106476,22477.631384385284
98980,21378.4817544206
93289,17540.336916304896
108209,12826.408104580785
83126,9280.63525698325
100563,6542.8773360039995
105255,9247.251810259813
94179,21215.498290721578
90552,7845.382895760792
91267,10536.160448486282
96812,12104.251739708763
88257,19244.89334470697
88718,12113.570117416215
83854,15137.411217078901
94902,16464.10437762879
92523,13180.214222843415
89821,14222.848631148967
95400,45083.71034751171
84369,11568.550151200412
104199,10801.715561055564
82116,34728.9701175682
100708,11867.877120709796
82790,13760.948258012282
81821,15788.219215894971
88277,13822.83340921505
81500,35577.89750045846
86835,15895.793616008255
79378,35076.3924136118
91295,30395.7790766379
91973,26201.780730353046
104856,15377.220853907182
77543,19238.824982957052
108162,8709.399969684047
91217,25537.537481357256
87896,18256.518267156363
98107,8825.227158708833
100169,11014.656897761832
90709,9034.66965411633
80086,34574.43124809935
81299,35009.33169106746
96112,20318.65073861408
103775,7320.369176542993
95669,28895.336597526708
78443,13999.9029487383
83136,15466.342417421305
103945,6736.872445896222
93010,20075.2482982285
91906,19506.027137382007
85113,11974.770874955737
79454,23876.181733301248
95079,50768.29413097656
77330,51616.26335351727
83798,12856.417014966162
90237,7718.536993945017
90782,8622.301911404695
93557,24125.244899434194
80716,20017.877180049407
103222,8664.091019318208
88529,7705.977131301095
79327,18872.113370096835
103525,6188.1788697813
77294,14211.8169752242
86934,5826.0784180988
83687,9913.534735247797
101179,11138.557198480788
86285,15616.662728696861
108225,32005.938061335633
79458,28463.61938295003
79962,27225.17654774809
77878,30671.67970044068
79980,28226.200213923486
78111,22135.624251391935
96878,18655.20688573335
91368,23609.472465305505
85298,6616.653596327192
85082,15852.32110158247
91369,20210.650475370796
96485,26469.986697772805
77644,13709.176239072334
87187,16774.828294115057
108438,18493.088085018062
83884,15856.383371955557
79694,11879.120174770962
83581,17716.009475892362
89661,16715.59445815051
91756,14960.099957073355
94344,15838.927432878303
104700,26287.678869366373
82382,33987.506752524656
107594,41808.29942648238
78751,24193.415520890656
80127,14922.012904141657
99586,11706.672156547
79871,16500.71838141262
107372,17629.10293425056
108028,25649.526065876933
85904,13267.129424893497
102788,14100.64160724915
99942,12757.982428116298
107103,13829.251351026569
84087,7798.121459960134
97292,11015.679656211178
104542,15239.365553525899
94429,23382.20384345132
86335,16011.100959234083
82367,15456.70411809023
86457,15411.773585579362
107346,13774.815828012446
77766,54104.66593468597
94768,29006.595849303412
84426,17391.52192203438
104173,16926.527023525417
80165,39441.61387945239
80521,23956.03979364121
95028,29642.510258273087
77278,36448.298513644055
104940,18414.619695565547
76864,23330.752074243486
87845,9075.943281220354
86391,14812.03348840771
85488,2877.3650829698267
87274,18065.71221873921
102371,8393.78337928224
77811,16279.873115713173
80166,26151.384301052523
85693,7629.570521275588
86192,17737.692094320515
104128,20272.660484045467
76805,12479.943321484528
76360,14197.70725963748
100706,4501.365111520777
101318,14424.420765602714
99579,19328.709603360414
77331,25477.787515097567
107340,12619.530013726617
90662,20352.974380371452
83565,6795.050664064344
89664,18845.83278330803
78421,21985.217223896696
85006,9383.41946745175
93876,32317.563211755874
97786,17148.46012377466
96174,26621.035813885283
87729,9294.292106410443
83280,11677.993037494387
102207,14714.774962682206
100949,7288.70473059003
105703,13923.07654600846
100936,4582.102962059262
80419,34802.44222054891
85990,8777.382396255336
107505,22001.442574301647
81337,17465.437971487867
93683,29742.532649342327
94646,27598.644324445602
93987,16920.350968645376
80512,20724.616686608737
76113,20229.534823094986
106835,6692.862448173896
100428,15195.601352871703
105624,26305.78353074703
89652,12220.557144406326
95108,20018.021393967952
99206,11750.592840432648
76036,18406.655988195456
86230,9378.168882292366
84454,19542.492908639088
79349,17253.628668958034
85609,10726.12096978393
77345,15289.309372254993
78726,50794.64784354961
94445,30915.596217098657
107695,7270.269696632472
106991,16002.674293893386
79308,12529.758278988778
86486,9832.751530888638
80429,46801.60465170739
87107,17847.930695516294
80582,21520.03570591521
90386,10046.84395582165
98363,11229.036800460928
76705,21237.658007784976
104824,6918.899561160212
104154,3262.2999691857963
91270,19502.012424799308
83116,10732.577163144137
105710,7748.1695838554915
95042,14154.415720555273
88001,14724.302088627992
85212,10777.930014603044
91875,20663.883903172195
108248,8764.527295719116
106378,13989.481377396272
89950,18848.675052494033
108165,7523.329408279719
83958,13219.736937487685
101582,6062.878763748843
106377,14807.014728263779
104057,9635.184642127702
92245,25324.82790982148
91187,28383.696547390828
88022,17099.18100554353
92561,18874.5348100929
96757,10166.895699068451
104597,32141.9291722594
101485,9320.344271935493
88381,7868.651979029782
103776,8284.88550230734
91215,26765.48260339378
103022,14705.78915229802
101933,13061.016878848204
93174,30817.04849457051
105945,7714.460776011605
78879,18296.035987398776
82065,13333.121229970544
99235,24583.3078393262
81250,28988.39637798059
98942,21142.35250570573
82966,16827.229853856603
81141,27850.068362226466
101325,16915.58012322589
82470,9103.773204843119
79063,32023.912969237677
95324,27340.92901436028
86407,6627.8287585701355
94026,30051.05417217556
106390,11348.658947569953
105069,20961.424108109455
88045,18568.18251825015
85356,13972.378331746486
80298,29214.384074217345
78479,9916.99853497427
98197,18908.396624410914
76490,25373.767338198857
77678,30731.179441543827
87021,16455.09387809286
107215,20789.455023370185
81404,24861.966301036926
84641,13702.7845726645
96328,22652.436895711875
83845,15452.605965114977
102745,7378.54407941501
105081,10183.271952398194
92135,15658.574760012241
105888,22302.260195866602
103985,8804.994142813039
92091,15859.100769200251
88090,18267.754294064907
106712,10473.79540608547
83446,16859.398553972023
84263,10701.23723632007
87277,10810.538799969478
90625,7305.03369158236
79466,26190.91873385974
77287,8101.018342785988
91628,16811.23200370224
89171,19854.357797318935
78750,23412.03716277392
77085,28318.065872221287
80877,27438.336200192363
76526,27251.42282060784
81085,25526.195638791713
107918,11011.38635912979
89072,7960.6926459730885
103832,11129.531018469064
90495,10121.713705991404
100430,7590.3591287147965
94346,12022.60552669826
94350,20423.505419646717
85431,10030.343615050702
105851,19927.10584197239
106969,15908.039653896205
95370,14979.050405924918
94611,23775.821757154205
79129,5958.957544932032
76596,23618.98424452521
93211,23083.174678982858
102753,11738.010780725635
98370,15351.978188576491
90773,12348.949153989495
98298,12738.000077820663
98150,7639.192864475434
101220,12139.653855551462
80802,31064.020278517863
91398,18085.608743584267
86010,18289.18980733641
81267,33386.83037818553
79745,21828.192780720205
105864,22974.645060812705
99245,17865.148697785105
77308,16022.493562491814
85341,13191.836545652652
78845,12739.843695660016
78542,15066.238599889792
95408,19813.671952457647
99562,7639.192864475434
82748,15630.480360344676
79419,37843.25579597703
107846,12564.143446444803
90929,20194.2624815207
77964,20398.278533263958
95902,21950.583846716712
105576,9635.184642127702
94067,25849.211545529575
82322,16257.7661241875
94533,14099.331139801856
102326,10426.68255089411
97048,8030.286704736693
84908,11365.009468659207
81143,15916.583888246014
90090,10603.858251341564
93029,21543.22285608465
85943,15756.634615456283
95392,18478.074491208532
107057,14561.094796845406
89067,9427.814260981699
85202,17234.859875800455
81457,30920.91907027709
77074,12773.77036203739
94378,22573.77342830839
78921,15681.947809868876
80414,33557.831860065955
78653,15119.754507160736
87185,16834.970760357133
103928,9543.047293175043
77930,16489.963383525068
93057,28530.72221380339
81986,25960.97759948106
87505,13345.205875897911
104258,3158.1337587833673
100795,10289.145566846475
82702,17604.157072635848
98156,13245.664065279827
81155,31811.872170682924
82204,16561.30411385452
79859,20072.53793049162
79501,35718.823455193095
78998,16644.62305091825
93846,7537.295229795099
83490,15913.2501683242
81890,34532.17784457134
78672,19150.55364676703
79310,21836.151007602388
81889,34108.50944247443
84975,12064.873359867912
104001,20161.235523830703
90374,24907.555430646506
76586,49031.79853523845
80099,26870.209333254574
78984,25040.736338640763
76198,16068.287206075604
106595,19692.25713599255
78327,18123.00237682714
88954,10357.060496093945
94710,25020.271909681374
82380,5843.000599345295
95780,27221.119531055752
80440,55787.86687962499
103715,11110.381556624625
94371,25024.069145030888
105793,20763.102350271685
104941,10302.679317458225
77499,13176.970650165218
79776,15472.85943261676
102456,6987.938500073291
87034,7798.583842570164
98570,14432.479701719305
86294,11748.701649697325
86579,12911.27811672511
78767,28311.048819221094
101407,8233.345341333565
90427,9820.166407403032
86604,13333.470276452339
104481,6516.809848788694
102055,8678.097772876223
76565,31798.243514474143
101769,6605.188215240795
86849,9195.027849035188
89128,12001.205303982415
77119,9485.95681723248
94623,23639.764265995163
94988,25723.06334648378
107071,14479.210016811805
106724,11920.0244634501
79938,25149.04343410014
98217,14562.757607695828
96660,19176.129826001375
82817,11386.519537112954
89810,8609.095015358913
108212,11227.06038628954
82851,19060.552066210064
106739,19232.641157089976
98224,20433.003336587193
79457,30235.915090095565
87381,11004.839253589991
89127,5708.016747739205
79388,31585.68792696303
100705,6116.849231260005
106385,12033.932893427576
76142,28011.55037139235
79007,16691.040272492388
95972,33748.430353689546
100737,7633.002166626312
81958,28216.854661667556
100805,8331.0724254577
81226,14869.313961518134
94857,15067.31757733202
103193,9672.087952604976
80622,34431.17981810909
92116,17737.371199515463
108228,9594.888323794858
84744,10606.277029708355
90654,16182.700457545521
90551,19243.892028682218
78428,29299.23471187647
80781,22870.217572547466
87118,36027.3090050566
90187,10712.926586286992
76110,11073.717056756497
81102,22920.735459484014
89957,10269.383416268749
103585,8335.719112433326
95786,22687.608160681735
90883,7742.570558578538
94705,45121.485577908206
98890,17110.05250548062
91766,37376.58373899828
95207,10581.720808927812
77002,13220.812967581567
98428,18417.57477892695
85456,13288.84653529042
102472,16306.300570008592
83021,10052.758868316234
94063,17304.335676910723
94665,28229.865159066485
81432,24727.43249022212
79825,25913.018565916016
95008,26490.078878741202
104634,25626.798333134295
89960,8419.93765618288
99162,11298.901527801783
99269,8562.297616343243
102221,8065.473546508544
88075,15919.770306260674
86981,9231.066134873367
97144,9681.212808299833
95073,30899.550645942843
107794,11041.621780412006
82837,9270.12862832425
76265,28368.244211948597
102416,14225.098247759119
106292,25960.36986818884
94162,19122.504753534446
85715,8344.92222179596
108484,25441.655812754
103120,7654.104494323975
98178,7908.670713417523
92208,10278.165017742886
82800,14292.26777622661
86660,11583.664163519768
94811,20050.550699132207
95020,12341.194653835184
103339,6466.180278473156
76719,16154.109159417423
106391,9861.533793052975
95855,40792.48647596369
107989,15502.074864876313
82154,25345.494127825663
77767,17457.7163672824
102776,14138.239032447573
79642,29922.76566638549
77306,15439.440748587873
98007,13942.37569492334
105538,15642.69697249316
84076,15730.109830206762
77749,28515.86614912386
95734,21965.331492322475
80602,18712.862534514356
100988,14178.614060510012
83690,11998.81225783412
84882,14535.41880144396
101699,7541.850084965278
86025,14905.85499523882
104331,22000.27193236096
93789,14155.670134172291
100427,11206.147374303026
89980,4849.205758100707
92989,17041.786858757074
96820,8816.531304037373
76354,19999.79285543241
93143,61601.15008130625
95045,22262.718415896827
78135,13734.437006559718
85841,10887.096023944585
105453,15162.168603786546
86843,12316.54773547972
76450,55007.85224601427
94878,30061.18548005192
85792,15855.237992507899
92518,21798.148738361833
91382,21345.951759866206
91966,42309.83085839411
95486,18990.7828459628
108090,19789.65169342161
83588,3385.9310140517814
101240,9659.909303142977
79797,34289.965993126505
101978,14598.565621301075
77559,10294.58645401457
84171,9000.316167800665
84012,12059.317674851929
78716,20839.81575977654
100485,7966.884030540359
98908,8955.12949350001
93238,31126.846803552726
95809,21286.33053006124
107070,25494.318939317833
102546,8101.140605675799
104507,26267.043605008
92943,30669.414397703396
90241,7873.830238048904
79542,30800.347795878217
82510,10700.1524665707
93255,24960.087809262168
96559,12278.440925534589
108483,19475.172756702254
82288,26997.2116683943
104480,10811.260765211442
92328,28675.52891118044
95793,30562.325135373638
105673,13910.760131105138
95841,14721.116527275946
98338,7823.6431676646625
103579,6370.162935503122
76861,21590.771263239374
84414,5580.329920930674
102508,6329.320797300493
83622,9322.590603979563
98822,10907.439191614585
86291,10084.286606241905
84831,9163.463636962413
82626,10584.689093631332
105508,14779.224441558605
77130,29131.188654527796
94652,25102.491093830115
83243,9073.669973080834
80908,54717.724638453124
106139,16151.0679617828
91617,21000.11595327969
83524,13660.494104122385
94486,25006.920963745226
106044,9860.409091196387
87195,10351.155439814154
77450,21642.026927773717
99239,12228.555733791965
104813,21092.65733769546
108254,7739.941615917391
105150,13990.772676430368
88390,8400.099677949107
97902,20449.586198743364
101186,8291.09128296032
79116,24742.070671745325
77214,23067.019927907997
79298,6768.619680516657
91370,25922.338295223857
84827,12098.005975748492
107282,9775.146140841302
97678,7447.4573528503315
93570,15343.018757060818
77654,13934.223714509913
77227,21889.886807965802
106789,17415.45273335564
78869,20188.949005301045
76531,15385.449540957332
83469,9633.84424177893
92278,23736.060554660584
105949,12192.797483914092
89026,15881.150252333704
102066,10984.2496301125
96352,12774.285386932355
77819,32310.398201393356
79655,36668.427366965305
84059,12279.841721612702
96541,10169.665529620193
89319,7096.295229662437
107795,9668.332894173725
96961,21288.796197336185
78158,21897.970686381395
77428,27662.18601794283
101125,10151.406564891855
95105,17811.390237860865
80306,8414.853566823722
88903,11024.995803232894
80574,20159.82363816452
76321,27269.871981613902
88786,28027.141367676406
95682,16813.18559632611
103135,15325.880790667185
84241,14303.424150453033
77809,12822.526070737427
92926,34840.91615505126
105895,28478.547376636594
86247,2406.845155545615
103470,11726.677886565369
98865,24002.561298540986
107363,27887.710041451715
76516,24343.62056804252
96506,12323.219031159622
106306,12911.845239384802
89093,13828.261679696261
108123,10406.260922446465
83510,6562.381318772648
86792,19127.51199254344
99984,14299.813345898816
76508,22164.931551152607
86580,10533.54453477197
88428,11117.407963736221
103922,16695.430180432224
96703,26639.542647013684
107626,17508.793779050084
90100,7288.504305689399
101987,9026.062284642547
88615,12428.122196147255
100138,11473.007943814628
83743,7413.820790844765
82321,16283.539259647598
88594,8468.007577516271
93842,35927.616877503206
89350,11621.206773590437
87643,15500.049796732603
105892,11367.065538822846
105711,15227.24272531532
95657,21783.864064778412
96330,18301.755477533243
96906,12289.459260811822
82247,22107.11254362981
97125,6817.579936458068
101306,11813.52925321625
96708,15378.796601829148
77250,17290.982647335008
95451,19720.021897892613
99405,13365.678806821923
94758,18475.042471679633
101101,9352.078755957975
77643,34882.38265521962
90209,12756.07455265211
90312,12893.598195261076
93955,19481.137860029576
76334,22982.09763003399
85190,13972.378331746486
97992,7124.9427937411465
92748,50681.543295103445
79843,26392.870427866852
88769,10681.649831825798
97453,14520.36977251025
82550,9152.495370178354
90775,11612.178154404139
88190,9989.555802255569
100712,16948.758847242436
77237,34686.911843026326
78997,24633.03735055306
105656,20006.725378021827
93368,23390.938809987434
93469,12790.554867523964
98426,8069.580134842199
96832,10897.247368042903
85322,13688.782750450042
97139,12472.195752345198
78678,19989.66975912847
97821,14627.946502978095
95410,13464.092438352838
107358,16237.863358429746
96750,6250.081913952415
102529,5517.798250872422
76433,14612.571394215875
101626,10242.74646925306
77790,19187.470223773133
82932,11834.241160913309
89517,6976.009997056647
82905,14527.64519033559
88552,8262.975091072274
103006,13653.549212086604
88811,16744.87683256958
101734,9617.501702042115
99230,17560.920515138885
106537,19853.87058780379
107114,17497.246698394232
98513,15072.744066654459
92795,26550.663294088805
98563,13574.124003262095
78599,6617.025439487196
78911,21162.36973199187
84652,13619.361311249366
91014,25894.00046624597
90901,15686.368794164717
82041,42395.830707775945
79218,30862.143234520732
107371,43399.826249215155
94767,16239.827960289624
91910,63964.53516384553
103462,7003.644986466184
77125,19013.97816093053
95567,49545.08666817046
95039,25422.33172908332
85065,12984.131337918465
78252,20803.255958286252
89580,16235.508257302961
96742,7160.636863238782
79876,39232.16500176007
94674,18954.4874886391
107822,14255.521260409183
92586,17531.086534896538
78107,21343.238990635953
91241,19975.318267392842
79077,9157.632549122038
86212,11884.50933665726
107527,16761.441931489502
88056,8485.406283135815
108480,16416.843209020935
77620,10141.198256020076
97188,20986.46406123352
94979,19620.647155259954
105541,16046.8812912248
105852,22018.80184773306
99182,17733.57791842384
91355,61205.94079129136
88516,11166.141499050105
76101,24223.436628443716
87097,6973.298471528029
96299,9195.991018478999
100944,9341.476671326149
83995,7629.723696804974
100407,5539.048472878441
88255,9764.937424882242
93935,21021.81531182887
95442,24633.306820098485
93571,28548.61745310531
78642,56026.543897590724
94545,26330.26058666235
97746,8084.892008122636
96419,25067.259450364345
102851,12244.811867177743
102356,9195.647552765467
94962,25029.342120055735
89175,14389.989069143201
104139,10076.267688861342
103395,10875.634551477171
97017,6485.661809294818
101358,8635.404066939222
107417,10481.226065238607
97977,11854.41154906026
86765,17254.483747291437
95743,23250.249825950475
97804,19320.206493966372
87010,11412.963326850999
86791,11918.410743069417
97486,13165.095379578086
81124,22683.163929847804
105391,19373.45700920502
90275,7746.593093495945
104855,5008.869544407459
82804,15532.043589527131
94810,18446.67796117492
79517,49287.79211549498
101826,12585.913982598331
89848,18898.94564873949
90432,11526.835850116157
83070,11365.009468659207
78270,11402.782326730838
99275,14857.762153707356
92424,24331.335755608055
103334,12590.727145683377
79160,20675.09206089748
98830,30746.747025958593
87956,11694.662320935993
84523,18645.618326873835
78157,14928.904254194109
79460,20672.12460238052
81918,22400.837366234893
98433,20830.046562019084
104582,10062.295556731202
80046,53457.613639423704
82135,19281.4649582285
89685,15537.200323017163
100990,11542.336916789689
85624,16500.324359186478
88293,9821.964156368
82215,15006.596102493168
91261,30668.963237832097
78018,11439.68033560276
78266,18302.493608069628
101074,7821.078939436
97075,20079.2907791201
81806,17799.5189308001
80743,18461.427895470686
95234,20422.65902673694
100410,19937.621368789893
106840,22221.02944911162
89637,6082.950192674094
85382,7629.868367780518
83832,15439.306157875273
108331,7394.899035554547
82026,20064.298906792978
108448,10491.991280636923
90028,15964.367219598716
107663,26120.878097206754
107477,15366.425838237747
93709,13308.675939691659
91327,53792.481193028296
98548,3270.0826178798984
79064,13509.028803733021
100670,7387.724932410837
96494,11155.909620935128
89974,4631.3594324922315
96107,11090.649220058898
78151,21389.448737459767
79304,20307.030611759845
92842,34288.20043084319
87813,10279.212083801773
88762,18256.518267156363
90399,16161.957044759494
78756,27861.55031534082
94019,55810.81387737647
82073,12824.724801620147
91846,26205.873166645073
97414,29064.14585836861
92758,19264.10984221018
101342,12250.700566659707
105987,20732.07592848225
81349,12687.582547576756
103712,14705.78915229802
83627,14086.241066741159
95247,12796.713586685346
92833,16892.344898553863
104587,16055.033957016072
93265,22925.359175730566
90518,14033.408753642854
104256,21939.971807727175
80882,22834.86114950058
108148,11978.987578673268
81385,15830.484547650001
87860,9806.342957521543
107638,12518.58031376961
103947,15849.804084756897
91049,41219.03629564889
97916,6318.78660837734
95433,22041.227474995663
95871,32552.980488553392
85779,9427.524349343988
103360,3814.4480032928313
80203,34060.84337833245
88511,11137.359936028668
101672,11990.257616162311
82992,3282.1545613363533
103889,10522.700264025209
103630,7318.616052171729
103366,13694.745184244943
97200,8324.830809946183
104563,10435.256435302708
85824,9138.91218329902
91924,12115.45904201915
96499,13159.195571099333
99026,13220.454873700588
81965,36834.32497981919
91604,23307.896051556207
77552,28926.250226650598
93750,23457.148864371527
78941,33844.64851741308
102717,10148.708105006632
100534,11922.637283127222
99036,24624.622820518627
101961,6468.891042525283
76940,15445.130626303318
106310,16621.432502043794
81520,40493.072275023704
91800,4691.484313725276
95707,17221.04365673844
96395,10833.805976183596
90505,20427.905808925756
95284,20689.66076974697
98094,21639.69927148826
97884,10416.578543820417
98933,11069.779125617411
77664,38285.613551653216
93941,21656.57249699409
87812,18288.645990005636
81266,25746.230252419296
103825,8479.527145882266
99494,7204.5653578977535
91256,13026.025825361598
91703,19449.49356536513
99971,6124.142652454049
76631,22604.87495137496
103612,2756.751537615629
98611,4612.899555970408
94591,24017.481842515117
80518,19472.18217479675
94000,31136.50120442389
85010,16908.549280066996
87369,8603.289225677832
86714,9916.697655013862
79985,15260.938155678947
88051,3106.33878506288
97065,6858.37156909362
91307,18440.644209618604
98365,9248.583222338812
76522,51083.823265140905
96638,18334.065585109613
79703,16180.077628379315
83107,10719.74040604579
79104,18924.12637836367
93563,31829.844405836273
82599,8199.712923560295
83486,12959.875510884523
92895,17722.012735732318
108343,30130.67568806331
101774,7387.772614501236
82612,17791.38248451978
86861,7291.5466871641065
101902,17847.937853724525
82973,10803.48201237921
89872,5883.6525251725025
105616,13019.622945157555
84876,14318.173689226081
105133,10819.897748237843
98877,22158.486400868303
98515,22681.223260649323
98327,9872.1915131796
106633,13132.16835487715
82505,17988.06695418495
105007,11275.072123699334
97269,9693.327400396485
78140,13764.380468560174
82318,18717.059631611504
92993,19405.999016916972
97743,12415.967646498782
87763,8999.663645331406
104942,12423.448394634153
92045,15399.009737143968
97767,29834.977020914892
108348,20084.45261125111
89665,21926.67507080652
96862,8566.91506167999
78597,10945.946782097562
107574,24475.503570800178
94460,17701.86424621035
86944,7712.977800321731
104505,29867.772618272607
94837,29848.680265202594
84576,8211.630525645716
82427,7157.259464648267
80054,36557.900143179104
103504,15529.831255145202
101400,15838.07754429185
95904,22044.919819538347
99877,8955.12949350001
87554,8365.864305662695
81180,17417.855859926887
101239,14112.599193919463
94258,37868.527460825295
82942,13558.433175083788
101204,7012.260632926692
98516,15428.646071052288
86925,9664.615914132952
104724,7163.761748195413
84627,11841.383479880395
90133,11776.745538943613
100320,16924.829668611088
88358,15321.002403929515
94280,11359.894674220333
95334,17676.057656958463
95899,26614.930058221915
87270,17737.692094320515
80723,26005.80222105298
80469,15371.158572301601
80280,18300.561368723098
79493,18292.349131995332
92221,14763.512716168178
88547,10719.29152890038
97994,9377.815708764409
100047,10567.185346251106
96172,7050.986423134637
88933,10338.230125333752
107059,14574.83082251983
104280,21202.013204631614
94714,19271.108410560217
88671,23813.616830142495
102414,14440.21504241174
78051,41201.180597562336
89512,9984.20632731568
98524,8997.526323906353
88047,9217.698669772006
84441,9811.545899446895
78156,23133.76396187009
78648,14530.483450132082
78364,13182.934422073924
86764,14160.731063339168
78495,26344.503953357023
94609,16194.798569315972
83449,11365.009468659207
102392,10705.2418084157
102455,14777.612835222153
83713,14904.24044697119
97475,11790.430749242078
93371,14560.658204793788
94199,31162.648813389394
85023,10624.668494435242
95338,11905.437280811748
90965,41363.94369545557
77195,89812.99787979749
81875,15821.690746081496
104416,13628.443540991235
87203,15173.77864692473
91239,20060.6332261033
78127,13963.549404472771
98386,16650.334895918902
96497,10608.730520324716
83232,14289.173081638415
107692,30252.23011787212
100734,7682.725938389061
78271,32033.848579969013
100136,11466.60416698015
86004,19911.75645645549
77776,29465.11167769967
84950,9446.865497669944
84323,10000.80948137198
87033,17483.238321987526
94088,19615.889216035324
100594,14362.104535138074
103071,8747.72004015829
89791,9602.06254167284
97852,10196.788305305256
105601,11034.644755320744
82003,18628.07266695688
84872,16052.903025209478
82701,16094.176089142447
92469,25393.639214591516
92873,22934.611397607827
82114,25730.175085114446
101316,8426.042503868748
85697,11933.01520675671
100885,8156.440289528469
95305,19025.39968101725
93741,14236.250844944396
76178,21553.613897701056
84999,19412.41083213068
104143,22085.205254657074
105483,11009.700513393509
86136,10474.66701697059
99292,18625.771335147474
95024,21651.369542205302
107831,9051.402902702994
95035,35616.10096503316
86842,18703.4514812014
79511,49863.55220336192
99852,8595.40659258872
92478,20931.706863106792
93704,16374.874447489265
101664,11888.894922908481
76931,35756.065240876684
81674,19614.677466081204
102597,8613.228226782607
100630,5300.253607618522
76978,29525.62132773453
102490,9459.500187109126
100842,7240.874896575081
102990,4848.346732788009
105412,10648.74505036418
78744,25240.958102125183
76082,13600.213761827794
82773,13577.886704501021
107285,17952.086894120803
85211,13392.936906116756
101093,6742.682551815346
96626,18039.594558542434
103089,5921.853421107978
98149,2931.1875716428226
89290,8562.503971636546
104295,9670.395230801289
106958,29085.67718707097
102661,10976.572178452981
84082,10335.551566082322
88521,24005.89232256587
78312,35671.26219547017
85481,8311.498661411724
88961,11908.819425386859
96432,30665.686397471683
77539,10392.480800335828
88374,16184.319184318314
102919,5565.748888999666
94335,14519.250151493485
85305,8269.49206500233
96360,12175.98385694293
85471,8834.894806846047
104566,9035.15612657259
102100,10947.382994939382
80170,14887.16918927467
103347,14274.841703762595
87487,36489.40147616703
84090,15208.913186776448
100034,18201.453377424365
86825,16744.87683256958
80018,48204.8344366943
102611,14368.400492608152
102665,9897.28133953952
92920,20772.46233633899
89381,7668.519089888131
105151,17311.155971971362
84039,16903.80941037552
102217,7739.778613294658
102388,12486.374555033919
98820,18730.0888885597
100665,10470.72231064521
90384,33704.48729972295
92859,8862.873050802014
106356,9761.648115792279
104723,14344.645855469915
93244,39276.65512952388
77449,20698.345701979582
107911,12240.347910978679
81721,28251.324603300378
85237,8269.49206500233
87601,18294.64996172035
98578,13117.745650054772
80704,29483.319115522176
89078,6826.620104841954
92042,9152.830327939639
100450,11813.52925321625
95304,8430.549509167944
76023,16658.7383127857
90609,13005.703975790453
95170,21077.255946084104
96870,10105.29027563705
107247,27811.619663877624
100484,9551.699093566924
77659,32365.616020278576
79832,32649.158690412653
91419,5171.570864795463
80371,18549.878395691805
83386,15913.2501683242
103919,10573.185268986925
95201,12884.966643339543
84155,15774.51885104335
90743,9741.775261727771
104381,20303.572840678866
89097,7232.732028896209
102033,4953.588560178479
91725,21445.885998000096
92999,17882.091737470335
95835,19579.64555734017
102206,10375.054582365778
101763,7021.202598969885
81377,21026.797607884408
105683,13223.41004880682
91033,26864.48518003362
103314,9304.240261465413
105070,11035.75923148562
86950,8970.041202373677
79171,22070.62510942954
81227,22651.20980400403
80197,17991.89788977767
92037,19839.077325867012
84688,12909.484571568699
101952,7850.092468314573
88604,17306.53611540861
104058,20092.42657271691
106274,7603.825656074089
84985,11485.178144366559
99085,7230.410720137318
80801,19038.65009226541
80233,27296.471726631036
81000,54975.27659259547
89057,16153.44084439838
98382,9929.18447414831
106493,31813.61298395163
95057,18839.01964968348
84556,9279.330149434403
103037,15849.804084756897
92174,20383.51879882024
90920,12403.199514338663
93409,33410.464188533864
87113,21718.50224679389
104981,42918.87727336977
104556,14238.468296698538
92782,18581.25395069278
90546,7143.531557289324
105506,13783.328007005506
84787,11608.389581718848
100399,10341.347239643806
105911,9297.658955364732
101920,9354.21275494179
89224,14369.00056835474
106787,31237.624174005094
83083,4435.519497960705
102399,6910.284360202279
77196,6081.699350297614
104889,6558.49563129827
79598,10383.168639052461
100540,7754.453381751664
107792,54428.81149699066
85758,12768.21476949141
79333,17334.779517679443
99351,12768.835164378177
86706,7832.72414438122
89547,15930.222043168067
88092,17850.766048577847
90348,10131.107051967523
96125,16319.270833166918
86921,16844.199144271744
76903,34771.909461522795
95539,10637.665491798696
89841,15369.727672901772
102771,12573.309606252955
87174,13169.36878290373
81975,48667.45992770553
95289,17206.25332032817
77318,28693.294888758443
76955,14355.46688990351
80996,49141.330212123525
87707,5510.0626399283
84519,6131.327956985885
96833,18911.011469113215
97584,6994.596794471378
104697,11548.890847586426
85510,7593.256873026167
79758,33198.084085829614
99502,6072.063892506072
80725,25514.953298307693
104108,10491.324777380929
107802,21587.923103832796
84871,12679.73969673787
85817,10986.215012764878
95473,7103.984555732577
85629,16320.12236228752
99641,7258.24213506219
82356,17324.87435668397
96335,23231.28250263547
103623,10247.439411028752
84233,9060.846393533062
93708,14029.761202381209
97947,11366.287166682207
84368,18083.283964796083
92108,9948.75716131352
86099,15769.849946034143
95173,23249.80453999651
78389,26561.0695229567
106219,13731.5768507761
88823,15989.388497538795
95608,26675.8101511654
95876,33320.64463025073
86433,13952.72306069249
95515,18574.87840101644
97503,17021.68684351243
89163,14944.047749826603
106479,18484.522553775583
83722,18074.596481968867
80644,26468.113348468938
86002,20646.722438844605
86783,10901.710194017733
91928,25866.428428932206
102142,12592.436034052058
106024,25239.936349348773
76022,18152.76734667465
95221,13864.392138337058
105051,19836.334383883594
99939,10340.225395432399
103202,7445.719896461636
104770,27486.17254027536
88396,8150.02852835443
93666,29384.507995661977
100763,9060.911335263061
96842,12672.155458641677
78807,28413.433577142812
85559,10852.005629147076
84384,19594.48808395356
95619,26464.196446383216
104008,25216.051485793567
98379,6605.643673962676
90476,9905.681880260236
88845,10119.654861096618
80296,11932.028056013476
88294,13235.130017097104
86733,10566.764194437526
101515,7611.723228091072
107440,10514.696451198908
81834,29129.190484815314
94764,28936.097235582285
94968,20411.84874254387
88218,15713.10624386623
87863,10454.42484341895
104019,10885.566075937835
103369,8688.188043352351
106979,5589.952647889542
89717,5626.959546835637
94504,4780.770688155798
85722,10978.483096801308
85311,11183.009496934937
103162,8808.359121171561
79834,38513.1882405561
102283,8382.338580269294
102686,10649.010820033664
85834,11390.333317568677
83633,10584.925450720055
101178,6377.196861064568
102859,19939.432048239472
97691,17527.78544512705
99575,10771.011001195115
81921,13788.473136166143
88114,12355.606958326287
100101,9758.37104586329
101736,13551.509385413417
92763,17297.18643586587
93514,31242.065849723323
86322,14614.267843293028
84924,15510.939462883322
85898,8603.289225677832
93419,25487.38291148852
88784,10723.146123261662
95012,35159.6759737135
81858,24578.694116553437
101610,11686.528011558987
99190,9486.855484602998
87530,8920.009767036121
86979,14515.899984198144
77670,3394.8963822907767
81123,16090.745819594229
81724,16319.259529227242
77870,11566.273255949556
84193,15631.673895451599
105928,16172.853117638097
97607,19736.659422724766
96063,28865.218329381063
77962,13400.68666899629
81560,30580.346331898076
100204,9366.345758761196
89185,15971.811979836159
91744,14892.700046183592
91470,21694.570937640594
78412,10344.194970924455
96222,17290.40338353117
95148,26775.083953455276
106039,12991.742658094838
79352,12489.852396435497
96602,6741.137862648043
102798,9535.570906891662
107301,26108.70762029745
96147,17336.281984964688
87382,16120.90239058623
79907,23997.84610458298
102924,8573.44854100116
78012,23126.128228827052
78333,18328.001276466643
105989,20483.649253999894
90607,16888.745497580614
86110,12390.152195807546
81540,22834.623164626395
77937,19836.521753201512
84630,17412.17358677348
80988,46296.98820259722
92519,24455.923417536666
95795,12085.544353451263
86837,6084.364575564157
82642,16781.01173270629
86017,11471.39208087
84772,15440.917951166419
103962,11161.64365283484
106264,9078.823854405618
84934,24006.76597975163
91598,30708.531926792923
104102,10021.078790905243
81261,4911.396912745272
78425,21420.967050548392
96508,9989.815851653311
98668,18426.257375429188
93948,30873.918165438077
82909,14589.500169570405
91514,23576.931095099655
100969,6369.829621407099
102102,5623.868508615399
103465,9312.77222670756
95072,19679.74547398887
87535,31662.297502631438
107564,6847.943217773878
103297,5945.098196319753
106528,9727.687773651152
83748,10291.787625320914
98195,6854.20831874619
102113,16703.607407490053
94277,12362.699896544515
93160,19092.870255864746
92063,28123.53338068514
81037,17027.481315481527
92602,48790.571683070535
93096,21306.971479516695
97243,10807.294191279056
78019,15881.827290342035
107604,8643.215453056759
101438,16924.829668611088
86439,9680.719831570357
82300,20773.981132210087
105142,13168.473126957999
84429,6466.634982470608
98958,7775.434619829975
92197,20195.114622981724
82096,28681.637403189292
81536,22984.548940155586
101623,14388.206526405578
85596,9959.969769803449
90600,10634.210745706238
80089,48773.32267899075
87224,10503.153673888255
87685,19375.805687362383
90958,28556.56179104118
81004,20542.56830370054
91667,18454.19155644009
77877,22493.673863804594
90956,18019.892168938077
87744,13091.446997585092
96817,11316.322557393447
97163,10767.251896848627
102517,12518.431222048155
83356,6436.258389109699
89415,9965.85939814256
100153,8087.416733311494
96024,17928.278462239454
92043,35012.942099801505
100495,7672.772322002205
79653,21351.66488848739
88149,17313.588928794532
98022,20475.582510650518
84983,20471.81015158699
98394,19446.900321983587
78062,15973.18904576905
83656,16476.019618599923
93963,50068.1091077642
81988,38095.42619566443
95992,26479.37969871484
82620,11182.305561569818
82149,16222.305106997497
106199,10454.215830198475
107884,25325.655070492456
106607,18270.540410777092
84212,3085.6941117026445
88234,13577.779021130566
96712,15583.18090506505
101058,16062.021122580987
81149,37177.48406767295
92670,19799.62291456184
101383,10732.673135606927
82563,13560.978903096277
100600,16703.607407490053
90826,12976.1696673618
102364,9148.227373149984
80759,26232.254914992078
79628,18993.661090470894
86113,18482.600875074135
96607,9596.160334337632
96462,17488.26478084377
88668,17378.768819199726
85575,18474.030267173144
97718,9737.395885175538
107322,27572.53542845313
79948,52586.29910232964
84361,19875.68131045648
77092,21580.790297061754
82359,21744.891471965664
87495,16801.680789758735
102966,14541.361688328228
104309,16406.181607365554
106312,25499.153890592002
85152,11906.378654778464
80835,14935.720202354392
99488,8904.263937786789
101023,9750.654802926125
82295,24278.6677341601
94330,22541.48019175446
96446,21106.156524193193
99608,12272.069053430283
108305,15549.758636793578
106512,19245.47586975713
104003,9210.0211530518
103550,12214.466232417151
86253,6912.070575256937
88355,8985.357886018814
101629,11208.789700310212
101460,5417.062023981928
87820,11166.141499050105
83140,12020.319944968538
89804,11526.835850116157
101738,14077.719093893036
101121,16119.378358803224
81810,50204.463866499405
102106,6445.0944182186995
80437,12413.373359141995
101463,11414.491859177733
97919,7575.966624886878
107407,21526.808678445956
76258,25328.503267399836
100626,19261.483865245675
92755,23752.29237501264
102655,7345.197471211723
89223,14407.504779300081
95180,33174.33757368637
96372,7056.458679348062
84089,10983.734550549438
82203,30159.655228257085
98785,7295.473200878384
95930,20194.2624815207
92151,14523.471296633254
105149,14888.068992543574
104517,7378.03744259613
85727,10633.131073843088
104769,13059.015327422561
106796,21586.004591762998
79021,17575.721178839784
86121,9744.579890064153
103139,8301.005350073514
87918,8702.609595359225
80634,47870.979707910294
103033,7019.82205165071
80019,19647.164739622105
108035,21480.31617337802
77891,8111.9856428229195
95749,24001.117481590616
86617,7785.152112355255
77709,10901.36749751652
77952,13934.343924934248
97083,12726.192865090947
78040,16484.42134632126
96041,23216.14849409759
101843,8222.258562040617
103016,10008.912627981823
86049,11622.61097092039
98228,8113.548068490282
90554,7130.397132434991
103311,5170.2123028293945
80418,18382.408679648557
81866,52299.127767241465
101259,10833.78177689169
92909,24556.58017955695
79034,36077.56861903539
77129,13785.044201698222
99018,11121.922103765988
107391,12560.65867111397
108170,16828.66999280094
80664,27719.716820450307
94438,77837.92745257817
100436,10460.369140519542
107031,12952.788590257389
103954,9454.864217910927
78892,14016.793131224858
88505,15373.274507437583
103329,11105.790376505425
88345,12829.070846554607
105950,10053.612580224166
98331,7075.024072245772
77666,20722.677778551613
95383,17999.305240982358
108535,12727.072975446243
78705,13497.565019993242
79597,15529.48750476571
97585,26021.52036717755
93832,25772.071566990493
97348,10825.642846339282
87291,17218.387936416133
96291,15507.717670406944
84851,11817.723088618563
105338,23771.626304406313
84514,9165.219258500274
105830,23058.908039432168
78819,11315.400254058759
79728,57376.18134425473
105993,22562.2599622052
104822,25348.203725013565
101141,10504.731344408254
82728,7959.123380988951
83273,3164.692530027926
107233,14390.208779958863
81943,40395.06048667905
105637,24725.827917270828
81203,13566.259760230863
95127,23342.547519409105
79994,33322.63255865299
96025,20224.48066621914
97390,30179.33774736872
107522,18520.66319970434
99674,4128.936927209746
83001,20268.259668015355
94573,19751.1928459533
91983,29168.869905144475
89935,16015.878416365678
83115,8912.770248950974
108439,18524.434897076968
82297,19890.510066023955
96542,12649.281287770315
78269,54260.3204117477
104124,11821.700981398446
90435,13842.140301367534
97520,20275.814064172253
85468,6174.148050429744
83566,10362.859483637945
106890,30817.7169465529
98124,6867.829226061554
85866,12544.986738368
104379,25186.148909993164
99616,8577.46236023622
77346,26476.57461365381
83668,7785.152112355255
94488,24328.186381193605
87494,9152.495370178354
84099,12105.106725872589
78345,13951.735062199094
95626,16357.81996251661
91044,17717.1501761568
91343,20331.540839743117
99823,8616.469281186539
97197,14596.743250085392
76399,23262.522288591634
95484,31448.228949154658
89728,21546.5811827078
93866,13474.182507756508
94053,24888.621658566226
103190,12036.664792774973
76312,17884.84800428173
79453,30147.42401363288
99956,13033.316034370564
96811,33723.86277996538
100537,14770.860222963876
98142,3811.345599618923
106900,16760.066177254754
89474,7157.428572703644
76696,12490.048009857936
87479,14208.440757828897
84806,10281.968321249593
85385,28887.137418233226
93372,48572.81694702211
92860,21443.18497131756
105267,28303.715890202588
86951,9161.556891378043
79622,10928.758746203672
95103,21215.498290721578
87138,10807.16535848131
91912,16777.65880529989
78932,16795.134321312624
106494,12579.859526930743
91645,22357.447439485113
76102,19864.05837823338
79636,22784.339575233018
99416,12059.788903857458
95715,24406.722306478932
81323,29303.81383201297
96273,9340.11485749458
95585,20080.357747328104
91885,21020.876541302812
80762,35995.840828015986
79167,8727.332609768186
87173,11202.37400301389
92719,22787.09012139826
87482,7478.943653895794
95215,20710.74760133295
104054,29426.365774631577
103066,9975.092407110047
102449,10148.708105006632
93985,21591.391877636543
99869,15380.837996424678
88347,14356.845841221577
77208,12653.609150550821
79376,15853.044747522823
98451,8959.210211031894
88983,16744.87683256958
106464,10640.211497422735
89146,17165.137193778497
105833,10350.01891140646
79242,17472.840985144147
107738,10458.328107516061
77626,14171.035978440656
77415,17098.24420962024
82458,9861.60540741346
80995,30624.639700444593
98434,12085.010726884573
106938,22599.346631867356
102349,11287.894123616114
85791,13959.396675815842
103622,9781.367911662186
108149,9668.332894173725
86450,20180.888252856897
107252,13684.157081404217
76034,10035.930956414399
82259,29662.120190442045
76581,32251.067300610477
95499,24868.75204060467
76648,46949.27820432986
75992,24541.142488434893
81407,24144.68139270168
105954,17298.598508556664
97001,9097.888675513392
96179,10105.29027563705
77616,17354.193616430362
108142,20422.218304828537
89107,8120.420347274279
108236,24548.733621757812
92520,19092.737090537576
93186,14487.811890322602
96171,12648.784722491724
78460,12088.051559490523
85417,13969.575334384372
100064,11439.875969548877
92393,16505.93118857239
83360,16844.30541497169
103935,11527.114276253815
106977,13817.052200278802
107965,14907.036881531381
91921,17385.762598854002
105002,9334.199892016479
93968,24323.52114294711
83088,6541.561314711509
92707,24881.176744481643
89001,15231.314275141493
95856,22179.10793842391
88962,19835.210739180133
99828,12842.950357905554
87980,10777.930014603044
103861,15363.47468141344
90588,11128.898978398318
91508,27970.776801944652
86131,8388.37736161842
97249,8835.87037966716
88232,15666.102455071468
78451,29479.2599221519
79773,24613.376185957564
82873,7140.101531582987
104116,20092.42657271691
83673,21666.856982998976
77622,35752.6767411666
94936,19629.09991302037
93795,19301.68911650696
96084,8029.658433453828
105406,13435.936046570827
102280,11037.335418353436
83867,17308.81745327248
83621,17584.171756391173
98536,6888.264412205664
101889,9011.905788437263
84479,12165.052088784534
77956,16331.59732835713
99484,4655.994960003161
82140,14075.023817151801
79005,35733.35776266844
77513,23626.319349614925
92211,23602.997912125116
85245,10675.197037454887
92239,20983.662585899317
97205,3706.347284430394
84822,9505.096408469914
104413,11296.116024677496
98704,22788.834102489876
76724,17216.223172082566
101457,10648.927031201723
85487,18256.518267156363
107392,8676.943741388219
90712,13469.84614465934
105823,7629.826631160085
100345,11817.255706248152
104219,13923.07654600846
90297,6760.624162565567
77122,32590.213295109003
104805,24487.396492335967
94490,32628.3507259202
99948,7897.635031721776
103562,16316.795489819708
93378,14997.413962295022
92288,15073.966251066586
78059,7839.289775517691
96096,13526.739773843774
95732,10194.509958189097
87817,6617.441268496913
101084,9887.676069469833
90506,7621.065552656415
95676,17047.60751123134
90249,12943.468138193686
95932,28319.121797946365
103254,11421.738414822252
99286,7343.9177055720775
84918,14136.517501734916
97397,8217.17874558699
88837,12860.465701556825
99212,23536.35698010871
86421,13621.91847911342
78337,28868.9877932978
76020,28967.29744637123
88038,10876.92232585973
91409,15013.646976094922
95205,9854.682624402607
108031,8251.447970989148
105386,10146.112655747867
100613,14603.468999281207
95685,18370.9478027492
78731,12812.037775171297
87310,16780.89430471473
101113,11249.262822621477
89077,10197.44657893539
96672,23643.094455187078
86775,4430.872629934031
79262,27254.77247697787
104469,12944.581586367256
98351,8856.711077664238
80728,18719.373953955128
97386,17145.583948746305
97417,18418.278109086146
93911,21334.31611359306
99842,6747.313103959759
97191,17374.49851617768
103152,6264.447494175531
100093,12826.83454275524
104319,15069.41939047162
78419,23811.57108445671
106929,9695.307338896337
107427,11312.029501297027
93578,21119.469662747342
103404,7822.1313591306025
77844,23401.844321356937
98068,13677.228652222657
95709,41067.794656670034
87946,16011.100959234083
76391,42546.384410358194
87096,12273.441996130014
77186,26673.27885015009
90698,12436.367625795456
93367,25799.633212975514
83133,11219.251925362069
97840,12462.651540295752
87605,14385.694921188402
78472,23579.56386420635
100925,5280.24437251267
99596,19578.616223592257
86081,8323.325471010055
105725,10738.91995793741
94362,17347.544943402994
88579,10728.413803147856
86705,12736.35571678976
80813,17100.15514468829
78885,9443.63864959841
95548,4467.299400948994
82342,20885.042362668843
77011,16266.951618917139
83904,10677.157451124447
105485,10963.895300545833
107922,15268.92959449518
90200,7125.441801288227
104534,10969.090390456357
88664,13780.414546763957
100499,6802.386943437732
101035,17804.115525019457
90482,15150.213317514017
108068,8702.63378492965
81709,27102.1165448017
97618,8339.254932181791
101931,9973.114743227728
100284,7611.7537332898855
101027,14999.201386002576
96674,11999.274761503024
84856,15689.787604624607
105326,29675.218520836523
102491,11774.548729247746
97616,13515.807017676343
100667,16071.260712730576
108197,11075.285687164454
94844,30733.203701657603
104934,15558.508744516872
94116,21053.698071004324
76214,21913.065748787714
90916,19035.750719237985
106013,12361.633785135045
103429,16101.159590957497
93335,15596.462242123935
99260,16319.60836333106
97043,13553.183915723705
77925,66960.00681417633
86716,16103.326717809243
82230,17274.89908008563
77567,54657.552904317825
108496,32558.27332994269
104871,22369.956761878344
77957,11624.101392861368
96401,14950.36489855022
88284,11831.219832881354
86845,7291.5466871641065
101349,4723.621935674541
77015,14874.620151750209
94471,20154.73280812129
108380,21057.835720515086
92533,30952.826214502984
77756,13331.762044368199
76035,20674.842722994756
75973,9413.703706778451
94675,11340.114659549472
79435,20407.15794920644
106542,21991.34900803349
96546,13920.033759533975
95946,19435.853611450806
93188,25241.245205094434
78117,18721.610585773647
102180,6904.968496504574
81825,17635.763554765286
90050,10441.557011368095
79638,19656.870797514825
87579,12637.347185227165
108103,18104.786853469326
76578,20457.186400052913
79112,16819.339870186657
95959,22536.90219744285
78244,19031.996209987334
77851,27899.055563234426
87052,16636.96475007124
88538,18259.028092039876
79011,24746.81783678573
96381,19430.45081454083
105358,14633.94142709136
92876,20238.952017282154
87699,6062.500311607092
90203,16158.488934995225
77001,18975.484972541984
97974,7720.603168853319
89985,8105.005386704347
97810,10348.238802179061
107459,9635.52453214259
104861,17353.227670049677
82516,9816.142997838864
83497,10852.005629147076
80194,53158.733988993605
85730,9605.849236016684
77914,27591.315185653315
88779,16424.512708579823
88366,9500.00951352668
104300,13161.383217512515
84300,12946.09926818475
79422,10382.1751421315
94910,27062.361337542876
108386,25391.096682205345
92708,3572.4523628257193
90802,22391.428682673337
104397,22369.956761878344
98039,13969.87456648451
107887,23915.07225662378
105290,10328.629801011115
102575,19198.00647521688
105040,9260.732589346859
98430,9406.035351998607
80499,23002.843409376997
101694,13366.034085662513
76386,30430.494795182094
98181,12048.748120232454
85340,16522.70372356255
90766,15697.547256921944
93472,15872.822003868143
79927,28133.303840160093
80854,21351.66488848739
100180,9939.871234198898
84437,3085.6941117026445
83358,6591.24589699803
93108,25818.678954224586
104330,12612.86064775142
103518,8809.97325998937
89006,16011.100959234083
101611,5486.853126306994
92226,22593.1182885394
84798,9190.899113206344
92840,9664.60216667094
106054,13209.217646412668
78261,35091.195458121096
76071,15424.178117258196
92246,23292.540744344682
92296,14863.926046343471
89469,11481.374952202521
98079,14217.927257249432
81294,15914.626193318401
96301,4459.883386131963
83888,11216.54024145576
87403,8748.511716766368
92192,30056.850635898274
107592,16769.682119882516
77496,15328.693768212082
97447,29454.746204123276
103131,9543.41464696009
104590,22355.163770628416
97597,9963.442269566198
82167,26943.826019882537
91027,20238.19967907158
78607,35025.14334844941
99587,11048.271780052277
93937,24092.095670874856
100307,12008.876390087506
107613,16002.766810971494
99773,14848.336577472573
90044,8331.731422370547
85578,18172.555392981394
77103,12003.754546185257
91386,20775.446777504563
98955,15896.4892252066
95927,22744.009318755197
103188,6244.0872156653595
77389,80389.53749946058
81822,18292.349131995332
90768,28796.330746852324
77594,13282.227941709913
107085,16885.17050637906
87692,10545.81998862989
77813,8908.353404887164
81414,15113.734834896663
102900,8043.653259707996
83150,14599.665757732395
92414,31164.288455447422
105321,9817.769801606428
92658,27877.27363253999
87160,9598.092085296492
107827,15342.030769598472
105790,17508.793779050084
87463,21186.11435207528
91532,42585.45723486713
77459,24373.419273969434
81593,15719.187908523956
103719,11252.440692711361
102291,8442.112648258802
77211,23912.7241606105
92956,19372.179532188533
86578,15537.246689390071
85882,13219.133821460833
82082,18155.1688079195
91811,25038.56639337368
82036,26851.1667182605
76773,17834.506252182444
99406,10213.569638373334
102289,9522.488221946673
94402,21650.832732448485
98621,8152.301076635238
96476,12960.976696430325
93410,14734.078513755194
84989,15830.349069879785
85123,16318.740669122453
88492,17808.38954463456
95128,22908.642938338668
93047,14934.017926127823
84587,13753.878452930689
94856,21752.87698633974
92247,20784.33732498154
101052,15181.093887554889
82940,5280.353012067395
97756,11470.182299331458
98444,20767.25626913512
77869,10767.788695565765
96694,13006.78042104143
107101,12302.577283059745
88276,10852.005629147076
84648,13817.263601917908
88011,11967.429213020208
97951,16879.222153986408
77288,25463.578350835298
104937,7723.826891201378
81621,10153.825595734956
82049,31394.702591883986
98553,10307.347887939239
105056,30137.205419825714
80914,54451.47391559173
82440,17218.387936416133
94927,24451.647090381895
84303,11852.808908089668
85533,11466.464180276342
97576,11342.974226142953
82216,19950.903260910443
84279,18406.727234272395
80976,14243.728239154518
106097,21734.164523147065
83074,12902.841348854261
87581,12444.22860900351
97210,20175.43128645559
90785,10712.906943158905
99434,14302.94747083856
89600,19171.09679139163
103809,13658.137428325535
92260,6108.244654113782
89667,10575.962720847807
99310,6313.052789052478
90375,20247.71135551354
89468,11951.22591291923
94940,21424.786855119783
97747,6232.023024763915
97570,9524.197128568816
105994,24629.261142574094
93145,15179.987706926664
94100,16001.472075062597
103226,13735.471812122336
100167,14114.850373163357
98138,10375.624189539129
101043,9200.914392745366
82078,20426.826786497302
104748,10936.841266422347
103881,14782.962294848945
86774,20166.620816625953
89857,8738.711668853146
97150,13591.238522370879
107683,16538.78193276435
83708,20075.89603845543
78775,12415.917280751326
104200,23371.98114723133
107581,12828.823911560254
99756,6964.732219690056
90210,15912.268005694177
78027,34094.212808373486
97012,12264.12522092284
104010,9881.848128896161
100639,11686.053361883534
93792,13288.995214861809
85574,15348.199059156437
105066,7817.403030102858
97307,11055.781294648603
77243,44531.39153747349
100661,10568.103427228883
80825,18301.19427988389
85856,13578.746467090155
85793,13678.920782908503
107091,18672.98797097062
85836,23236.442380930603
83887,10655.82438788102
84721,17091.229209295478
77636,5815.145774768266
76905,43849.64582506956
104895,13908.879603565252
86377,13847.254619803956
83076,15349.067141459098
90124,4076.9135396192405
105661,12470.152616929343
91631,5812.3581585527545
79760,52512.75139169655
100714,6665.345521235709
99231,17772.037460930213
82805,16623.757887795236
80714,31958.715825213552
93820,24901.5175720979
85373,8492.275296229514
95562,23197.909106662188
91723,25549.508898820146
91501,25799.659171644635
91222,14232.15907413988
97984,27927.272927488364
95047,47619.300668413925
101181,5782.719178802343
88389,9832.751530888638
86999,27675.094264968597
85255,19875.68131045648
79093,15188.5802756539
82409,18145.78245367817
103128,11306.051080494059
107027,12585.070787945227
108081,14133.970870451249
85698,21720.540944412165
84249,21585.444905211887
101719,7068.545894052627
88643,6794.015885421543
80972,17872.131282874154
106047,17505.490089785893
86779,4405.147636624885
78587,30604.138348114997
90179,13253.366207452396
90972,8878.311702953572
78609,23044.767974145972
98324,7427.136039061409
76446,51457.69319517629
86829,13226.913748632185
87796,11022.773292375265
83650,15930.507380392799
81411,11158.10018130355
81963,30573.453859741243
96782,19533.776216109058
89718,8786.13256867467
95518,20024.875325464993
107293,9554.707587894794
99739,9486.503881313565
103956,12035.960845755131
85946,17308.81745327248
88532,18046.706955640977
85713,8668.607695272214
78184,19771.66366633676
100234,6638.150726909339
107715,9979.439399258797
106150,15043.364977124074
77266,13060.27588976669
91067,21158.28596208935
80869,33895.76494199178
81462,17046.235648245696
83382,7712.977800321731
92915,19148.75144005202
81139,16559.82780590345
96523,12237.699131391977
107090,31078.449161296037
108117,20147.425496066066
91742,4823.222202848885
98340,12808.397547805167
88371,15672.58337371006
101031,6101.753756102187
108430,33696.639477097735
77740,27656.083154811353
87861,10721.277301681122
84746,10129.578827738038
81252,29190.3511031856
81933,17757.84017558673
92153,17568.881734889826
95485,18238.76790264813
97686,13682.192517920841
107452,14937.946979015382
95477,24451.647090381895
95752,33329.85135452413
99499,6437.759867920675
81223,19499.536384367406
83589,27359.348030550394
81497,26740.237273641047
95884,21434.777099584877
87806,10841.867242596229
92330,18668.168609762815
84558,13261.561441821399
82990,9815.040374754597
90851,6094.023296227897
96997,27598.678788521
90278,13800.51650834595
82417,10717.187125917295
100247,7676.475995497096
82239,27052.932833006103
76975,22044.536393939856
102948,9575.287619708559
96929,12199.459857652624
107088,14420.905146768288
94670,12481.009088122095
89862,4825.446274208989
94506,12304.85151955209
97696,9085.051955148365
82696,17713.60963901962
103767,13294.483090896063
105307,11475.613030348915
106510,28422.962482543502
88316,15689.787604624607
94321,19275.892171076302
96595,17583.454698363956
83223,8430.74070022373
85551,12084.709002487796
96007,11105.408392216641
90296,8757.851615312587
97407,11114.127568640974
93071,16262.525944073495
97275,11168.206563730977
86827,6056.2806287892
99759,6854.20831874619
106689,20213.245237166342
103062,7066.852530430874
99657,12808.280140315908
93428,30361.909627642213
88504,16145.940458565272
87359,11589.684081050917
81906,16391.652306041105
107446,9733.271806590425
78926,51803.06468141972
97871,6837.899675877414
94202,14156.329709691354
101216,12725.298500222307
89614,15329.601854846022
82929,6928.42910875571
78710,15584.307165512546
104966,22240.336072372662
88410,13653.196636513352
94382,21853.442768770252
106319,45143.97390685054
91212,18396.083078405703
103584,10180.791768687419
107593,9700.746953607824
100069,15268.805010235832
97293,10516.840924029708
97085,5357.760878647405
78830,16789.643178758586
80409,13243.007131469421
81079,22624.57109737467
90437,6614.011973981974
104169,30541.204623974838
83432,14418.098594411102
86630,15523.172520547996
100678,6025.138189574486
92564,24019.979161536005
86007,9752.068314928403
84102,8211.630525645716
85324,21097.427020631105
92796,11483.725528422188
78277,29071.024177827014
91813,14046.380259308113
107896,22567.902452603565
80598,23076.471717998513
93630,18452.719711990776
98016,13972.347978819258
79518,49594.02720455657
104016,9756.870879711249
90069,20102.784703453744
108485,8122.248481506039
105556,29346.702587285257
107276,20774.76867296944
86409,16342.210990095711
98131,12476.247928583727
95165,15411.594947374724
92954,19876.69565323445
108363,7549.156085959874
107775,15867.091208425656
98806,6454.281675795642
82105,18002.04397853065
95777,13591.397256658052
78794,21722.59951004128
77994,34548.42729011677
90061,6918.617190150752
98353,14470.363770770597
86777,12163.821091989425
107107,8734.324654089773
99207,11053.85697636741
92441,23763.922806665632
81253,19604.366452994083
82071,25728.650370429423
86304,9573.640313329477
78529,4881.8720001420315
100606,9027.692160775892
108524,22857.311328111748
87772,20138.312897418753
83062,16741.07407045777
106197,19049.93027861502
105773,27712.257874016937
79317,27125.961040177423
103930,6849.156897181609
77486,33760.74016473842
76154,31632.49741630152
89324,5971.955282032949
98354,13117.43665512
108349,8273.712860276268
108146,9158.972923436559
77826,21335.400786397753
91078,15288.674946009063
78136,25236.906899812555
107463,26584.097138648875
100749,16071.260712730576
77223,58856.20855289744
92513,21234.530194384097
99409,8720.221884103606
94380,22091.82837864458
84791,9731.315348505703
86042,16425.552583187164
79939,35346.46917911945
83953,18911.790539488793
103754,11249.262822621477
86091,12679.73969673787
83114,10095.409742220936
80956,17982.40465532444
96276,8468.741753005866
89799,17232.090845025898
87919,8520.930820092739
84054,19210.680878123887
102856,8086.658330999196
105645,9688.05072741302
81207,22415.746213689083
79629,21232.292894574333
97211,18212.648702334125
86631,6084.364575564157
93438,31086.864554366264
96983,18661.50173540365
93914,24551.643134310525
98470,10260.67320750803
76650,11774.614654887908
96428,32692.457461781232
84958,17310.859963250736
81064,16172.581334945282
82469,12575.077371960098
102139,11931.80981656533
97800,9992.349767238376
98474,6606.926867377772
107944,12086.946369556956
97401,7358.830228288269
108476,9717.86925932672
103189,8945.786194633154
82987,10306.933066471936
80903,31413.129348841136
90854,10459.145314662925
95644,41775.232410611134
98728,11046.29360647467
94370,17260.364549745955
84537,13367.932069782231
89358,11976.142665522275
76221,11625.248530878805
84935,16676.66957566506
107676,12609.88032233005
103154,10176.927614376034
82600,17197.43321376905
104290,17601.029690162974
79972,20641.626700686928
89202,20889.263638844535
97253,8988.828916046943
97358,8558.095918714136
106932,10862.103425774163
101140,6663.596914267175
100650,8436.36167694903
99817,20582.178337659025
80953,24402.42034319009
93851,16405.04204805394
89574,4569.525215091185
91092,15073.966251066586
78214,25962.77296931269
80283,17040.017769963833
93158,19187.076699806796
78562,53055.91331585694
108498,13570.918899011036
100223,4607.1245728990325
76976,10044.800999182524
81119,24546.453523280892
97369,25799.870894865424
95721,22849.25597078535
82271,17559.219909207193
102837,10490.403897924347
94761,21417.310442676517
89200,15016.95024429064
102690,9076.742715611927
101274,11962.45472016185
107682,22237.054524059815
108276,13439.129231934461
99011,12550.926397968935
94484,15715.796371880899
106033,22263.843491696716
89123,11637.337209586847
88740,9156.40028262954
90951,26219.890109557822
103812,5772.633305357491
100056,10490.799179884456
100691,12873.759438398609
88394,16196.671234670564
97620,8565.94786135224
107955,8019.304354475887
98144,17992.397484184585
106325,24075.357348571542
92867,33233.261193609724
85204,7829.926557411244
87062,19539.0214530165
81539,20079.79032293036
92009,32927.09711159528
108224,13923.07654600846
101686,11976.302229289533
98557,10213.245686345314
101594,12262.236730415652
100647,2364.420533381949
102401,9870.256231005433
86093,10819.087937197199
85837,13529.961621818127
86260,15689.787604624607
79830,36077.01811577421
100041,8371.615205349886
92230,18860.046162258248
94661,20164.27960019953
79450,19149.246910211226
101374,6424.915173789201
76983,34994.711282593606
99673,20580.405354123046
81336,15352.54851086216
100376,10155.28415486628
92756,24404.571070066588
87725,13609.946643794472
84541,20930.960965621638
82284,44294.7437248326
89479,7003.656385716286
93259,48523.48838034509
105648,7321.633311526967
99099,9694.892794863019
104543,21878.798382019493
108474,26411.823367685738
76907,20832.604212861264
93652,29032.75007096863
100967,5134.967030902954
94331,14722.757637204859
106381,9041.887514772847
83170,10852.005629147076
102953,8664.495413524384
103590,10472.573884012683
77316,18240.81643815987
84682,20029.063503310128
84524,13713.310146221987
76747,18928.38956711951
99049,9791.540408883959
105881,19177.28976540792
90833,6905.6238983406465
108079,13750.725135493958
107295,14001.996057956241
77121,15628.342816579861
78927,37313.57962682195
103048,8839.085835006767
86216,14497.709124528963
88448,16443.822199912138
86219,15124.67629400104
87181,9188.137689532967
98755,8131.286769895263
76443,12914.277031668616
101149,7679.007737655456
104315,26114.047362848385
108345,9967.618431871262
100156,8479.292767966012
107263,15338.230940012165
83935,5279.108963944569
90584,7712.36035658231
105733,13126.997713600551
88332,13890.536512602475
81979,25853.645005989838
91864,33188.42022435902
106847,14294.521440628234
95136,15814.532392666568
96991,9324.408512434471
105905,10714.555104856545
102080,7431.540172496427
98072,7613.8893041510755
103711,9949.304397216081
92213,16973.111272626084
106898,9635.34193751017
85333,15173.569523683904
84559,10672.223548865999
95428,29895.040501518026
101003,15338.774575316671
87773,3431.96807676688
100739,8428.44632337719
99885,12828.951783981975
106647,10962.213412097295
98019,9799.873686307517
92212,23379.76363202382
100786,11740.081673133294
85518,14940.552576157668
89849,10436.508959467115
76149,14579.38055155143
97490,7160.636863238782
87476,9394.904993371865
83248,19572.361636082158
99352,9100.261465740114
90736,9248.318638721457
77596,19087.855364741517
77209,5074.609431449825
82308,16180.077628379315
78207,19156.263268306582
104041,11718.120032386965
81125,29721.287724919173
81691,36153.47750140207
94459,7834.585236974508
79977,16655.22344151071
96530,18444.65571903993
78367,23414.229583895347
108100,35385.73004803419
104510,9778.443014703378
81891,13821.98513312545
97087,13338.499749573199
88161,9617.938609045079
101097,9973.114743227728
81742,21449.866481191522
78409,9460.561466138202
107496,18322.469610966808
99326,7285.258637153357
78535,9527.053377070135
106164,20427.655647110347
79719,30915.573746847513
90418,8623.254312360265
85844,11875.014647743667
86639,10327.702479766474
83745,6607.478291300863
77300,54351.33100635296
87702,10888.008716259334
82586,10506.04266367691
83769,10386.293208954545
81708,32070.06773675628
90224,11741.80838649088
100063,7813.393104042671
79249,12529.758278988778
78719,31341.733568222397
97287,8837.678282547018
84267,19528.15276774827
84056,8880.261953968047
101164,11730.566184912042
85826,16989.82521084544
93793,24398.54905504773
90945,22380.353966092516
98991,9875.199979212593
79647,19081.67916784423
96794,12622.561852477837
83984,15235.991853044488
96688,9039.78742011746
79838,18990.118924036877
105671,10018.264121890683
87438,14975.822932479647
85859,16287.285267841156
91639,17181.881814691955
81134,38911.50641082646
99992,17570.108352094063
91262,22593.655673305315
81417,30206.634678591563
90783,19420.003445027483
88898,15173.310858082965
76241,12151.496286989735
76491,18021.26908027234
83132,16423.292814347475
97757,15589.370561539734
91753,29359.49046995902
82333,26152.254917348295
88295,10648.615826780375
98314,10353.821325697483
86172,10264.434027025043
78331,24404.67726688263
81996,26415.04684605964
83315,2801.336483164808
92376,15249.288887832394
103058,12465.958351289739
102215,12448.910450145831
104225,28165.23150352149
76910,16537.73827106345
88657,12062.793683425638
104943,19788.65460399661
86434,13649.03479535768
79432,17416.82554583255
103103,15181.093887554889
91456,40347.650378482256
89465,14394.709068699769
107774,10446.368307248465
80938,24283.545612429978
94883,17418.954098074697
94135,24925.334137600836
78747,17693.40172688295
76240,20842.23914815224
95820,40431.09005551007
79092,25323.371635967247
84393,10375.863060307815
94391,27130.417709892004
77183,20527.916405245887
105612,7675.606169239044
89046,9866.022558319766
90878,23167.556903621917
77058,15300.790585594052
84468,9777.163567078367
76713,23090.520247521476
85568,11647.509343102261
82191,24751.19722776513
84825,18660.69024262083
79009,47856.00173972196
93908,22840.383695341694
91135,24814.018107061198
94603,20116.867625968796
105887,25165.372273840865
103196,10178.253250465781
87544,14446.948464115796
99605,14804.198290674503
101660,11014.656897761832
100671,9344.44467269231
97839,27041.34151033895
77742,36264.261131222454
106144,8911.415915971904
79681,22028.8786796199
98764,9256.721582697053
98200,10275.187030670608
82652,9162.801855005604
83599,9037.818403044774
97776,13496.920889164567
83403,12924.50889792822
77472,34860.73372729307
79535,34431.17981810909
82632,15258.74166021351
98612,12451.479504433913
76103,24690.14579534546
94824,24359.6723220499
87424,22458.186298842433
79193,20012.00212791168
80853,15261.620076734283
87885,10550.60495414262
80891,32828.50854392338
77149,23381.342186244823
91012,14739.510124466093
99259,7711.551171170674
81555,25295.84419871651
93917,29407.036200057508
88089,19854.592121529873
100704,12990.130156463869
77798,30278.353243812817
87342,11852.808908089668
96013,11204.496487204658
93380,18191.046173033494
84040,13489.575876246105
88600,18258.67812921791
76133,17265.67321780877
94842,18567.51615604044
98184,6313.052789052478
88767,17164.870341775822
98741,22681.223260649323
81739,18084.808289695233
91321,22714.29594619255
108030,24868.28477760912
77680,17140.32316442335
78189,27820.391611915293
82302,24627.018978996635
78968,19087.684853117735
101390,5639.649974451434
95491,16511.468644017863
101687,5791.437176476713
76371,17323.05487237637
100151,12505.942789818733
92147,21672.866558446487
103385,16323.3909384227
86960,17788.41844651715
89563,21387.848680859603
98013,6705.469120440901
103747,4716.086289350584
107681,14809.680256466308
82686,7993.1554776481
79913,14827.557354637313
96545,18423.353771199003
98278,11403.622522459333
88916,13820.135495344617
104733,11533.644391188072
103529,9906.896855856196
100642,15710.034825571496
97860,9746.816598368014
88870,15148.731896931904
97563,20438.67816085391
97081,12403.181727120167
89544,7869.934886671008
96332,12048.334896394603
97064,7502.903440200899
81916,21742.702099165912
82148,45912.59852449547
102447,4328.412025645716
103111,9262.321562586909
85058,10547.034429649484
76422,20374.99331761931
94546,17405.263669906886
96769,10866.901633692916
95364,13261.649915904356
101118,13456.2955934273
107644,17274.445768147212
104650,8709.399969684047
97300,8842.458506145496
104069,10801.715561055564
84700,15294.003546006668
97122,12103.61571468648
89878,19600.06988872012
82579,18854.96791406659
107967,8730.862727642958
82494,3764.9764345252747
104872,15396.033696031673
76339,21491.611294703238
90676,7030.322701452491
83780,16327.02787960433
94444,23291.70255010624
83532,3613.8399781834364
103380,7012.260632926692
90941,28032.8378628534
99845,19539.695885816152
98053,12269.60715493543
77863,53056.34338589809
81107,26949.769759041545
81176,24260.732771377607
93196,30719.9609245768
102895,5256.970646048746
107093,20343.380733475464
106566,45579.49096179638
88893,10458.64536491916
81939,55266.72700260205
98833,7984.289119034039
102812,6319.364922273347
95766,20966.82244158694
83556,18275.79602152662
96725,9731.776869149306
104649,6886.409612495231
98466,14876.085806755973
77661,26160.671455652075
99882,19266.453476213785
82646,10491.693432073977
94874,20483.857046675344
92800,12908.28320903064
80265,30196.97628571481
80587,33747.45595328163
92298,23804.41249747625
99023,24592.414455270577
88098,10624.616578012989
100928,15336.174599171654
106437,13855.43338834021
83122,10655.82438788102
86614,10407.77674282784
105454,20013.73680661281
89282,22778.848275076514
103136,9534.244623637012
104899,29332.66770806386
92041,34080.55064322072
80795,19073.15864546902
103043,9913.999053134443
90842,21147.340407782714
103070,7195.322880022461
91523,28505.109324567653
76427,25854.709741589057
86188,18892.758930479366
105618,34868.38118153489
82931,8459.077991995866
76137,11701.336571810038
88017,14476.504640803805
82713,11323.772741209827
76155,13004.355520871393
101057,9076.742715611927
94699,38753.0423567385
106794,19453.31507503437
97000,19696.96414330471
90986,21830.143542608937
92785,10218.02833022237
79156,16056.786223075625
107616,20010.053084921743
84264,3792.5999466239605
93932,17514.87224610083
102956,10835.045722295155
79715,28908.756272221694
82329,20571.201328575768
86636,11886.540520105586
94479,27535.603120126205
84998,10188.213856445229
83835,9717.64402979908
106823,9454.287689754843
80760,24103.838453913857
83060,16953.088973466485
85872,9328.304498198642
76227,17145.454255927532
103460,7396.531635037029
96989,13761.039857334208
107858,13962.412291031256
80447,16319.259529227242
108267,7668.456436235835
86584,11678.709647230615
96426,16323.766051561111
86696,18692.245345556898
88252,10852.005629147076
91515,50112.04486836702
98357,10160.011612480434
92439,24470.09593902775
92341,28262.770679191446
84739,13741.600784505956
76906,26967.503332760774
100027,9525.90265651945
102225,15165.709273513288
88476,14273.520332081383
81778,24586.55097635795
103266,17196.68124372663
87660,16002.823635974983
89634,6576.753301478063
93577,26564.25284420795
92450,19183.61250731253
99404,13504.999318373408
107936,12681.039764919899
86174,3613.8399781834364
98273,9623.51650237219
99007,23660.853413488137
81615,18137.214640575057
91236,16510.805485826724
96984,17629.03037156307
92538,29477.016113766073
87039,4063.9883025185945
84235,14446.605680214077
77010,19560.293388303147
106727,4461.378650512673
102933,7690.847169505914
80821,10902.333443112202
81969,20210.956270820127
93088,26689.73729695141
107004,13796.621838790714
79330,27874.09861238837
80388,19214.92925355225
97494,17142.58905287861
107144,20448.896703081165
93860,20556.57406139215
94845,14812.53212316152
79152,21603.836475219625
95032,20396.642387562533
108333,11811.019360117434
76925,24445.617139837894
93278,60788.96922034248
98608,7283.497796169386
87236,8670.568444076996
79320,25399.25586496579
83893,12927.852971100512
80973,22481.52094517534
97659,7107.637544540719
102063,9193.55073220798
96324,9886.441146560668
101184,9608.897119587728
97392,25405.771089095935
94094,16193.138132813794
95219,16218.97823051304
85048,18288.51726831297
94887,23752.226295767625
88002,16370.04617853337
99157,9616.454738607757
102746,9963.493312690935
89164,12792.493634153165
101079,15048.266656805332
94124,9263.741942032388
100161,13417.898188259673
84658,16795.90065566431
105603,14227.996714540917
90963,17438.11066879436
85012,16935.46870641938
108298,15240.048577069008
104080,3809.2823655937223
91850,45441.241672928816
102713,4185.752641233839
83295,11137.359936028668
107847,12359.644991209861
105847,12872.685335348282
87143,16893.6517369396
106090,16719.779077930507
88925,8964.43117039503
106297,19437.504046340644
96596,12876.48392696875
99233,6982.722499077363
103321,15776.037589803138
82479,13763.344363368607
102734,17265.70143535095
107461,28169.008067084695
103237,13817.162870673583
85581,20753.938778030843
99196,7000.503282095947
79178,20126.179853600373
84339,15614.384435443995
92764,17661.236018634165
85498,15415.893013789706
100622,8553.766414214851
106518,30727.58181183415
82821,10438.235958934092
97628,20364.464850390592
90763,8432.603309974946
91567,19051.12955069141
107462,7893.279371054756
95833,24226.155369359858
102479,15710.034825571496
97555,12532.330550948573
80881,10714.260732036244
84016,15700.677297367374
94051,12534.185777440327
76277,22740.854542034103
88676,6862.206601458807
102566,10772.258525544077
88564,15272.425657499462
95048,19726.224593597315
82166,12892.130034839334
86227,25895.269381789494
83738,9499.520861943627
103684,11972.980869669262
79893,19276.20309414123
100634,8839.415057941222
96392,17517.99250803638
96311,18532.71436827161
85015,14558.670792292698
83050,18478.6137989184
81925,24000.98523267579
106187,10415.146619050716
83863,12278.807206890517
82048,37466.76396589566
100962,14202.971714689967
91587,18065.913372777748
104915,18687.134971338462
98779,15934.479400644728
96698,7441.314190643183
84701,10189.00130165
92986,25607.877162319044
77112,24895.244722523334
90774,9891.48233087559
88520,9459.804929859516
88281,14815.811194109445
91388,26343.128981385205
76441,30732.17075261052
98643,14674.984870755492
97850,14900.921521095679
98344,3218.5615002014983
99441,16159.458730533663
80230,34217.95642109859
106370,10428.933886977358
88901,10701.23723632007
76590,13245.531243546557
94998,13935.406988200724
77283,33317.21457195759
104065,25314.73316947849
107919,12930.873977211071
103743,5520.855453635078
100503,6989.923534097996
81273,14153.128945400615
81878,11716.145511372119
79224,30009.1378723802
90254,5683.183040128242
82712,9080.249988218184
98113,7686.166762891581
104562,14390.208779958863
103014,9525.564614880037
107299,27751.97626716921
99799,5603.97928615747
87952,3502.355517914743
101836,9499.740381074134
104896,24447.320414998765
107665,13945.735261495178
96182,24845.15724096432
84731,21696.384619307926
85565,12713.008052892295
83237,10091.929012003862
80785,28436.95964192412
81935,36729.93194137609
90932,30530.56900424243
99204,14212.868092566347
78802,29106.514393621845
105421,18012.992435833665
81831,15595.766849548108
100016,7377.486437629266
76262,32960.785198891455
85286,11981.57185052196
78629,14403.362886356155
79451,17952.037530820864
91132,61367.86036849744
88726,12144.882142371014
89928,17388.6320473503
84672,15742.151529047609
102127,9989.42708603632
78630,16623.133538038335
105874,11307.253721047024
81491,17777.509897074196
108085,17258.164691445865
99711,8342.668105217246
95713,25670.32486065227
79499,15835.228343792201
88373,7098.117798882738
106412,18608.627937249334
86000,9887.026247627793
77849,17582.512368445827
102224,15609.223244269315
90591,8124.5281994687275
78511,16056.786223075625
83611,16859.398553972023
95316,9948.75716131352
85207,7291.5466871641065
86755,13472.666572274633
91361,23629.09632654399
88107,6771.37934819463
99468,6649.358595953737
101776,11871.342678577508
97132,5451.9915182942905
106405,12335.14003059813
83804,13261.561441821399
104093,20040.64646742506
81897,27891.47948859201
97522,12561.650758433614
78569,28748.891693378733
96486,31343.766230651152
99636,8039.956608779421
80770,33259.98357761944
91534,24769.261142696636
80461,24904.460299139053
102345,5848.472012177276
95431,30054.493135563524
76350,7899.181600511944
76330,15621.995884610737
101604,11266.870075997174
99303,14862.194347605284
106266,15649.966780306197
84697,18284.60404845347
86296,9264.022238205927
90658,14904.521019371045
102954,9403.501092478433
106174,24088.970612851313
81510,23234.20338253516
89222,14636.802205372087
104391,14863.849475703213
76573,14030.372621784465
78060,13274.043310307086
85030,19400.891627445824
105478,22269.615234487657
83477,11513.957641757033
101134,9904.3467521148
103096,7933.200899968929
99391,11065.075324115882
94614,15160.249499491214
100110,6831.160536076707
81782,28246.02575397465
90292,8485.457686581305
86357,7559.370522816325
76157,10624.432812526507
80325,26944.08098619277
88991,16651.046842980897
83117,20553.459428429505
90513,16176.97797012392
82037,18586.03424639667
90066,9978.482116748142
92814,34487.070529530996
93991,38676.80888284008
100121,13797.577066010737
104495,10633.095848632232
105953,12132.96591262465
108089,10277.428034468188
84778,21240.91588106118
100753,15012.758496278135
107832,28181.035843742975
92190,11943.452404262553
82029,16514.21865405249
97914,10183.57262110756
105776,18416.088137946706
95402,16735.28053756439
99097,11481.8439118184
105043,9270.096291867289
106998,11920.130057200071
99567,12062.657274455021
85421,7261.877669844855
99161,12041.730081334203
89951,6816.745884363643
81358,27161.49245614432
100373,9403.658342399589
80291,41564.189525095804
88545,10190.423775304915
92994,20654.15128583315
90248,24907.555430646506
78625,23288.215617755115
81990,36077.01811577421
103075,7313.961632733284
98639,7645.181436976213
103368,15569.688033959117
95427,14787.11663158018
84503,7192.850199474819
82446,8114.527528914997
97175,12795.306048509503
101777,8097.902746684111
76086,13334.173784494478
106347,13528.225279100248
76445,47518.62957114589
97649,11257.00633075872
99273,22695.939753870047
98864,12340.322029479048
98037,21378.4817544206
107264,22508.30468853442
100104,10649.010820033664
81842,35805.41333290898
81839,14974.31522698253
100608,12904.97171934646
106588,8745.236230906365
107466,31103.244079814453
86092,14030.014979767517
92204,26290.7153962672
107905,43154.158053316365
76821,19077.967998649303
81022,15851.688924751896
105727,34325.736374274056
80544,52250.525721390455
93388,15802.863131462142
93775,18462.078979774276
93733,22849.417067800772
108177,17821.18562366137
79746,36134.58370839622
89285,15313.75069558874
100243,8839.2760633224
107171,19730.682277263673
93444,13746.30706798249
107421,13324.373127185505
94071,23390.000288403324
92195,28786.462510945777
76108,16386.20267795959
100603,8662.575804222803
95800,12634.634482360278
90708,13066.809702384795
102701,11238.964694905277
97732,12796.091905330406
102574,8909.36003554683
92237,27858.308086849724
94192,37396.43113813325
88219,8181.72977719582
88910,13595.464483416443
100811,14430.28541892582
103288,7818.539543823828
100370,9750.654802926125
102544,15854.823675555603
107473,7307.685258071236
106926,10017.844514964965
92514,20386.77540026951
78557,13289.436551994408
99091,15142.834197066124
96487,9698.738045969434
86252,13713.069738844211
84763,6981.600291457384
82531,16318.740669122453
79012,14940.564908265305
97078,16780.889870448926
96824,6087.075258398671
79970,25899.335146605685
98057,17793.940031039183
105947,22486.63241494013
82539,14939.53128966796
105816,20370.334789679775
93800,17685.10543324132
87079,8181.72977719582
87453,11635.505338658855
92855,20231.87525281278
95805,17493.55969009899
76398,25684.296745509517
90724,13937.0427571312
102196,7566.376100414214
97661,10534.122970897251
105475,12929.500411324683
81241,18949.88469067132
91106,19897.724301075756
89543,24884.391753494954
94403,20262.748799245466
80666,25431.295298295696
99769,9810.650444540472
102351,8765.517433388331
102941,13851.57709389513
82783,20314.514138904226
78504,27432.4140617915
94715,19583.236634047273
92180,22471.649209017236
103904,11074.92717562713
102921,8462.783624518985
99685,13902.949501348468
93048,16037.742908113296
82988,21426.431985853065
93279,23736.884860709117
80084,22048.356911626033
101966,11062.425437196187
94667,22880.668977947073
76298,12893.418182542508
87379,16401.13450736486
94212,13384.023274602887
81333,14525.867727212475
85998,15005.120832095263
90198,9526.487954113292
87823,10761.68507018142
103530,14194.312994929616
106243,9275.592625003927
81208,18582.28924784732
105153,10116.482310669786
104103,24265.244065356535
89555,24882.950496058926
106042,19901.685723198036
78170,36805.42595567824
107675,15350.510314855092
106705,14075.099626790585
89953,7115.716736173186
101934,12258.646215860206
104727,26050.663796076
87327,14716.392238627557
103247,13266.004558268367
84673,11284.239881868938
107520,42684.38663114139
76626,20647.237237101916
98638,9623.51650237219
102060,8962.845977355379
83635,20713.647153437327
94566,46551.50128560659
79207,27849.772272270206
98700,18794.82196985997
86563,13150.301545651007
86891,16960.675969368218
85278,7144.453892375901
91817,29939.157144592453
99473,9492.92792928329
102489,5275.10016868863
89191,14848.089165441575
101746,14439.0150748258
84538,11978.775787457254
78072,25271.633327955602
99832,12392.680166376902
103475,13765.548748500392
101016,15710.034825571496
100280,7924.6785524006655
96067,8675.69396837009
104086,17679.330354257036
77248,19019.44869945052
104269,19736.73427277101
89495,7421.055634750129
81340,37227.44333760099
80277,21476.401539192473
76683,32049.192082788384
94847,13132.521409265737
99029,16112.009835344732
85874,15057.843204480092
78105,21863.939542392898
94978,21872.656017457906
101666,8276.324004052078
100757,7919.596225954758
86704,8203.27583535172
91205,23949.046034376686
95762,11048.137209580824
93641,20957.651688161262
87073,21030.41116166484
102433,10212.690603390769
104382,21060.59922638676
108060,7872.984131700971
107387,24174.454960895455
85027,12390.543295221489
86014,18578.060484553323
102602,13503.30581901765
107255,18331.77059401054
84269,12098.005975748492
85885,6791.188988987755
92843,13298.96757377501
107862,12356.066878397041
98781,23958.010604917963
106119,18254.840313783054
101872,10840.239006073016
87865,17788.856816280586
84803,9203.83182700813
88438,10378.010747464738
80105,24677.66229349229
80595,24235.589304024452
76539,10151.823654305232
107236,9972.597666021666
84946,11697.906192568238
93772,24112.406596297256
87793,15954.19804890543
104843,9205.126011339857
92234,16514.605427565173
89467,14087.08949301307
100145,15324.034734359524
93382,50671.87009376407
101891,15432.306037802004
81354,29076.46471227847
99309,12512.306496956004
81431,21137.628347552636
102073,9660.421544750581
88468,17601.076583294795
101873,15165.709273513288
88120,13488.115451491525
105714,4926.515451269202
106015,10146.112655747867
86707,15868.672099280555
93107,17616.795590290203
89230,13425.99899498101
100875,8284.975181403854
82920,8292.633118225573
98114,13038.615888013359
87262,9806.058745232247
104436,9659.265762814426
85404,7144.453892375901
96189,14043.33884639072
93408,49159.1723191558
92789,58724.57002783063
77768,30384.422557535407
99414,19822.951897638333
82807,18103.84516246911
88996,12901.718439397715
90305,6959.567017402754
77030,15697.177594137695
86129,7591.283668598197
83660,12975.753098751497
78602,23718.167144074
83672,8345.612834471773
105105,36148.32500259991
78704,35097.418580356
80789,49689.5909291468
96633,16233.463163907854
86132,12203.326793575012
81619,45763.88957802409
104645,22611.77257731926
103853,6081.846300212253
96259,11900.134996114619
104677,18661.50383199099
76418,22194.277257442503
103593,9889.512066382009
84886,10852.005629147076
80773,12396.984643384096
94688,20577.793063922774
103823,7261.154020148591
98757,19118.012815390637
78516,10031.718313069849
80596,14324.123107335685
102855,13534.990073794497
95957,16780.09085872337
86440,10823.260621085657
95030,24323.06676140159
101874,13836.20298487967
84585,9900.804645462938
76257,12069.820566577817
76971,20498.761462885708
94070,23446.612552620416
106041,29650.690422417567
87346,15834.901967664644
80993,28074.232854528134
105309,19535.159928699108
92622,20982.945759961654
94582,37537.9919026724
83334,12442.256268316223
98922,6993.61836755141
77691,16358.725874955664
95469,17104.907554716105
90587,7467.026949329254
107411,9398.589521592663
97489,10036.041838900057
105719,18318.735808590074
89534,10361.784081102805
80741,29765.584804214912
105737,14745.168302856393
99043,18818.548658807496
80254,13419.206331944271
83172,15316.342199723967
101830,9740.769298083502
80506,8216.352980504014
105763,13816.53954449889
92507,17540.25622207016
101742,8573.44854100116
106547,32330.932660821712
98619,16085.750783971383
83503,11893.516751226276
80565,14034.189344789771
83013,14536.699936667677
85721,11502.337393363556
87556,9900.804645462938
84442,7417.694534914248
79634,7365.0811002909195
97497,6025.391812970658
84325,11604.367537061162
81399,11801.86322768377
96361,12062.885506835642
101973,2835.429276205604
78352,13562.342216505444
96564,13418.684129025094
94669,24501.45077918421
76655,45567.599993201555
76084,16185.722392544081
93215,16860.87118128464
105802,11451.335500368747
89981,6082.950192674094
84315,17514.09849564214
83297,16982.907835404574
93291,21578.765237490126
92128,26062.636839061255
101550,9586.88137634171
79384,17141.723343147114
103643,9371.274824148102
88482,7004.667406837405
79950,36327.52780556723
79519,28617.895950361893
80376,19036.634277949648
83366,14797.648928368259
92250,25325.51855161018
87368,14136.517501734916
77347,16491.308448273878
107935,7311.6900394847125
95765,23609.472465305505
91877,27948.192332607454
97574,7717.879395381748
95192,13740.19858871683
80288,33301.7842004303
96795,11310.014955749924
80851,37338.34248764892
93753,26464.196446383216
99782,4800.840021313702
83153,22284.098742960872
78634,10831.69631380449
99463,14779.327456150433
81675,22991.260287898396
83093,11983.427280259195
82993,9998.912351233912
86972,15689.787604624607
100455,11106.942630848864
92692,21337.95037245596
79761,36326.10599313707
90624,13749.04039117171
93517,26192.139267269406
99893,6867.991473484839
85441,10327.702479766474
91552,21105.884472805792
81031,15919.653426425975
82232,6022.997575093045
80062,28388.808276809774
104764,17047.18521854275
83572,8590.42123513686
100100,18217.475438370868
96649,15325.673177454451
99860,2910.211036678817
81915,29932.48771560667
96284,8145.0026439734065
89243,7856.711900722444
95051,16997.522783675577
101507,12228.87772210426
108257,35965.39488522609
90558,20705.207914377766
96913,16182.697521372875
76621,21974.56475701269
99801,11464.84723181381
95155,13315.943633855273
96739,15800.234201851963
90592,11647.87734042777
83307,11645.030852883652
101154,8223.962185921862
88229,10557.05717439673
106301,12729.369273852573
82193,26597.07143728547
101153,9958.433594489014
107721,14898.590711690475
104792,9472.168581160317
92322,25252.246561760458
99316,13495.4044692077
86404,11831.219832881354
79624,27269.76092512617
87122,14100.621845999425
96046,15020.219644614366
83384,10215.324383479388
79657,16771.584737188692
86605,10274.550450983303
91883,15719.129104999378
100473,10635.160635331371
96611,12677.904464963189
89102,4566.047436014178
103838,9679.874028282997
78454,19353.860844822062
89761,11627.347331638706
106275,12034.249560604308
77831,42982.14897930355
82876,14166.181355286648
96899,8360.683030039685
99945,12335.49814729458
83505,16744.87683256958
96841,7631.914485982765
94189,21804.1991333739
85020,10911.290633475299
101456,13327.655258585823
94155,32070.64856548315
77575,18605.051947910717
97904,16954.283142543118
102523,5768.8678737819355
107541,18323.789217886366
87223,9245.341151255381
94975,11838.936030820381
104630,12367.243102418968
102538,6212.592171089334
90345,6939.724848261942
90170,7394.32543078171
79448,20937.810869305868
100139,11313.794940841346
97457,20818.826269427107
76291,45836.61368016952
83987,14043.022744958009
106283,44803.701972191906
101864,7280.135060944071
95757,19488.19483237096
107668,16762.390763667696
96696,10923.213053656991
83094,13896.067171559422
89521,8710.794476734525
98998,7758.3994437629235
97028,9288.032406492051
95291,29676.475957175026
94443,22257.54768281836
102182,10472.039271105834
81794,21801.631121759056
105003,27664.51282111286
83041,12457.96424167815
107213,8886.825893628506
104467,11024.858492761256
93950,22515.332047604577
103790,7574.806231817718
89125,9777.171125916486
80748,35402.813472693466
84795,19541.450210972325
91105,24022.730973404367
86086,15041.363212452092
88522,11446.775704922473
84472,11234.276591227443
99289,16209.249410209892
88050,15467.263641736487
98087,7247.808057548091
95839,22523.31506007086
76057,25981.21001987938
89619,8361.375280406339
86471,12055.604951423134
97685,7159.760804930077
79824,26648.715353229498
91710,24767.8841488324
104474,31033.210195480067
104157,43170.1990832817
95117,31306.312914248185
96337,8332.303269428825
107562,12482.833601066997
107286,17639.5888104292
101251,8552.178531087584
97688,7158.435230620482
86405,7576.366076787213
97631,14389.455030164934
92981,36429.24896298905
79580,32362.676534653405
91562,13093.728478329662
87048,16103.892787653242
96103,30041.134329103243
101854,10959.967572109796
82126,17460.972553667012
105443,30224.43640394985
77293,58987.091021910346
108262,14363.769597731727
107157,10792.145183963852
99717,13474.40683654119
93208,22016.8244053556
81353,21837.563720923215
81790,17399.90133785497
82153,17128.84593924901
97223,14416.252637874257
82088,34975.220722211365
102996,9671.956721680626
100023,7742.1986251557655
84333,17226.88099779246
102506,6968.062059654312
95753,25896.13119647292
77116,10404.79455058265
84459,8657.886916451633
91453,12363.5400759347
76524,50562.59170257037
83249,13102.362334060248
102313,5889.619612921663
90456,10405.543276259852
94635,25068.05183540472
101187,7551.487348504949
100776,14003.314435670482
84563,8277.312579140442
107706,13564.884363933586
78776,33236.44768919293
77019,29510.754794824818
76122,26756.217690764955
79042,18312.77484369106
101851,9213.102764253012
84657,10719.727432053201
76067,20643.514415381593
83598,6086.8549509525155
96003,10335.125921483095
77817,20665.927132650508
76887,36310.03828503692
85766,7775.5236117268805
105836,21141.18030851879
92443,42004.09700893865
98875,28398.959598814094
94808,22123.83828498039
99490,7769.040493546697
77469,10426.062389855322
105148,5503.044444051431
91649,17628.458919291417
107040,27206.3140351421
96074,26626.339188938226
100656,7722.580291313997
90366,14579.172839883648
93981,15425.174545388069
80858,12487.709106351787
90070,9487.47206490078
86606,10614.033076875603
104521,9657.764782071541
83071,13842.571671262307
101956,8723.417592182945
83846,9493.493284652954
100982,15179.900016476358
102610,7944.6457356566725
97828,14344.090053211237
99450,6558.754238224158
87521,7441.055000455769
96065,25825.105884809338
88306,10038.851659699276
96325,12462.651540295752
95801,24634.779955098664
104248,19596.779939525182
98652,12376.039464378877
103877,13203.37417635135
107470,20052.200040970427
96801,13556.944720720046
99595,27448.596499952615
86094,18341.367427484558
80874,27884.61860477162
94606,24658.596369752253
96127,18336.05602143975
100687,8796.446677113014
81118,35012.67906683522
84405,12429.164725628265
83257,20206.927119343476
81541,28969.429493216754
77940,12004.317449888944
101270,9912.430289328271
85349,14971.32643689528
92315,13293.735443069272
108360,10900.992681107035
77607,31206.54540828728
95640,19360.715865598406
98143,11092.090098606051
102200,9684.313010530092
83375,13787.573516932587
102178,6382.250490888135
97500,26938.198763847267
85782,11859.098721012107
96049,6311.06236610189
102744,14784.784657741582
102560,17592.466905808487
79010,17775.491867777946
85644,9428.453127581706
76595,15650.236495929768
82219,16737.741790231936
76899,21282.177235550622
85663,20219.46809680326
92737,15939.669559297194
106758,3923.0617302385303
94625,23930.865742207276
96472,25818.373106858708
104250,14205.912625538953
86303,20795.06112271771
107881,40569.801859411695
101517,9504.814645231072
89988,15398.781828766261
92689,26820.037749482624
99002,11396.583985585428
90734,13323.064171054264
91013,30833.315171508624
102056,13369.685644481779
106641,17255.83973474117
100391,6829.417314310378
77305,12467.486510948416
85197,30439.821126526946
81122,18732.318992500575
91088,25938.65641618466
107377,15335.154534259547
86495,10391.372005085554
78661,13299.009464796522
77687,12087.085760988282
98480,10131.920088244713
101537,7528.5309312308955
78032,12454.543537769956
92374,17056.771565470863
82010,16872.938383248777
84496,12635.312310194575
98337,9118.713243233557
99520,8433.284965991124
98452,23848.499027504662
79828,30753.371594389006
77151,22197.648108854697
84095,16396.950492925058
83491,12625.753184396846
102170,8427.036986777925
88063,13709.17068257696
90214,16340.461239908418
91980,23099.2767227383
96573,21303.904979748382
105573,32089.31591293717
86880,12905.00108662983
100420,8494.586450190396
86053,9868.802192612282
84481,16853.672663429377
86088,7135.882442820396
83553,12189.787783383708
101328,11911.928096577662
105352,10415.146619050716
100532,13154.548108284114
98052,6797.9075962041625
83818,9299.6251607235
99576,6805.379891939316
91026,14361.968720727888
92445,29004.539091483977
106934,7755.653725805897
78791,18948.28356994919
93664,20891.92038622898
76923,25187.090536926422
81335,21886.09212449074
105969,26899.635397829472
92701,24176.46690861607
98070,8550.295926042892
100423,11247.30861778583
92335,29723.350170628168
92370,32171.98698425425
100177,7497.073047620648
100125,6204.527373078933
82358,25429.98452816759
85557,5359.294535651794
102609,7261.154020148591
77612,12192.05084682817
81173,55520.026630871675
93689,13366.235536471133
89219,6159.064345120697
94659,11843.145137658394
82424,9735.087784863357
92367,29615.675151430114
95828,11054.11943341867
87894,7871.541052106894
88621,10910.689121966916
104992,21966.081206719828
98567,8736.139691382326
106250,9209.820244736713
102235,8105.741921775943
94841,18781.501659696776
105496,12302.577283059745
90019,7403.799763516836
95575,27150.743598058936
98437,8578.55844486942
90907,14589.48841815657
83289,9529.689062543035
77938,17581.255238645204
98791,11968.125524072317
104254,22687.61734993808
104311,27162.340823532362
96753,14516.447432050485
77998,25298.226799698932
101102,9063.673713397533
102836,6313.287228644311
85330,16276.89317244884
108511,14295.819903980866
89527,15637.489933518304
87734,15614.406889544098
87110,3085.6941117026445
80936,14443.3607405297
80100,15694.972215434318
86546,9697.410103643017
104949,22508.30468853442
83654,18523.416821917155
96736,8540.023238799336
91898,23472.14015840324
90221,15640.011218761183
96356,14654.386985077554
78901,18036.543709752757
91469,17714.02815026529
106591,30454.016716900765
77763,26310.155953293273
89604,7427.400032325662
90001,11577.626454080726
89947,11783.660948216057
108218,13435.936046570827
82927,10719.727432053201
107140,14119.161022225115
95013,26408.313131976407
104979,9216.282644219791
90521,14416.841623072894
108465,23947.488883877922
106606,9668.332894173725
82999,13556.45778434806
93784,18093.154742570896
82680,12624.123254484815
100796,15798.790762403803
96230,18666.21847923735
89110,7259.146085902511
88152,10977.618299728638
101403,7598.658962122788
77566,22034.40837423138
86366,15840.591460741583
80356,29307.12226323801
83500,22306.767817243115
76673,16411.373592941294
100256,16863.274352767614
101335,16703.607407490053
83416,9030.867688324115
104983,12701.291845171185
107300,22279.14117846239
87350,6144.995208392922
107106,19921.747458539125
90550,9852.771020541399
80002,34242.576009062104
90827,11623.971449242104
97480,31298.463936357773
88160,9688.917718352272
88467,5802.780145954618
98500,7644.003426138566
86587,16954.813772552974
76737,15901.92496158135
79089,17578.216735207166
93153,19759.037247596207
80315,17574.730289683615
76731,33940.75667778826
94243,20558.012990400992
82571,11964.915155350864
86896,2370.3161696921197
88404,9784.99242328414
108530,25845.93794404392
100573,8078.053806583607
102888,12340.223860277369
76011,31738.922231571894
79586,48634.79512247541
85620,3851.4781350784892
93470,20208.020455469126
98335,9378.43767540001
87826,12624.123254484815
94743,24411.685965913446
81247,15312.618184663384
91376,23012.009018322286
83451,21603.329490822973
83176,10969.011278337044
78867,27523.58382690113
96786,9129.532229877423
81019,36404.531822913785
97316,7645.235880981675
80560,23326.411536427127
88535,8497.456823749233
94281,24445.919230890635
94309,18795.404100237607
93404,32628.3507259202
85218,16392.239694602697
82697,15393.84169141673
94919,25018.16276657487
80829,19840.300220115354
84671,15903.188731554705
108043,14595.760300203834
105111,25708.19132690755
76997,13339.841637014159
83545,14156.00006876231
82274,26929.41365108819
100513,10996.071095284793
93471,38998.58713074988
91627,38250.342397747016
78780,48624.78072059498
90005,20171.491203832582
104234,7884.888778951171
100798,8499.225661293076
101322,10822.068504048948
81807,24171.171160227885
84469,10576.702686126837
94701,17053.318800916244
96119,12400.577684290918
104478,7411.498768821999
100116,9659.981641847487
85151,14760.91357796499
106970,9807.49874038412
106570,42708.102972249486
101472,6662.754507122649
98101,18427.001395779083
76225,12456.294096106463
82833,6931.43175490496
81055,11755.822193989641
100048,12890.207050812567
90519,32584.684234484735
76484,17527.20202928734
101898,13734.79214728219
81741,34901.14328645539
90441,7850.563452011149
108314,13786.130545232383
97881,3218.5615002014983
79306,29175.466400210207
107116,15439.447663223547
98899,14049.606715377424
99975,7012.260632926692
84378,10580.105159149845
101661,10207.530671109547
100239,11770.838887487436
80035,16819.919326429645
85033,9127.35085923603
76723,10214.285581673495
107773,9297.658955364732
105937,12074.098953683668
78321,17360.66304215471
82047,49526.54733648743
95113,19572.19807593445
84907,10189.233160614995
107479,17913.7227065663
99770,15608.933240631164
86815,16179.967216090543
101558,13463.82554684268
102258,13989.978241293713
95963,19078.369099660773
91995,9994.105242934273
82913,19747.290799276452
101968,9132.30554625672
105332,17286.755577851014
108213,15228.799457616124
83825,10491.693432073977
77438,20379.731429045656
95768,43542.92546706655
83195,20633.858716794803
104287,11687.669214364949
103213,12744.261978327957
92744,14862.228420772743
81351,37162.188022465096
91555,16455.730213711562
84546,11850.258205463448
81270,14225.00199647077
98294,8716.979819572758
94278,20206.291369186383
103537,13728.579933648716
104284,18884.134308680303
76635,17515.448479230872
76676,27437.0987131433
98118,8737.99189874873
79440,48615.816399680014
78969,27151.180892816607
76500,14542.676925932172
106027,16751.26491217124
84604,10168.173085105662
97498,10589.252579827818
92641,47341.09500760047
98216,9998.28571641933
102453,7796.840303901663
96270,12387.003855440365
78777,21788.435862052764
93169,11148.953547438105
87621,17945.049947513926
76876,23989.45503676736
83561,18341.367427484558
84296,14228.137171632881
92355,27054.476441994168
90302,20282.956235741043
91387,12881.701445076375
89854,13585.732975579702
106305,19709.41755907138
98703,8955.12949350001
97929,19684.5617858875
105575,14068.476818122488
79052,18494.429542134225
82362,26097.167599224667
85625,16945.749709945863
90792,14127.134284127027
98488,10020.131836890863
106795,10292.919453067536
91666,22007.050626730175
101528,6287.786645245136
94739,11288.619905656631
80961,11925.075170800237
91988,6951.699169141804
80335,28201.679451245454
77505,18138.973933036294
93280,15112.28742567111
91630,13807.193000903613
85422,10351.720987529903
104986,12718.053033613423
92176,70097.62775514489
89861,8129.837558123269
84435,16486.167712402254
100381,15491.621304308082
85651,11150.273145303212
96525,17584.066567718983
91383,23784.087803709965
99177,7654.712867845949
85842,28092.262794546554
79658,24029.491390796138
84332,20945.05144437661
101621,7251.434679902133
94509,20467.504311095418
87175,17193.394411818692
89394,12677.574642565382
91163,27276.33502126953
107771,16440.932574039685
99551,5464.453373422707
87537,16272.707082753248
76726,15625.640701737257
106637,47407.6736827936
85583,12959.916034662301
84617,8532.209363809681
86419,7520.751754575038
80036,33358.52465925397
83956,17206.740531663178
106663,10173.983142878033
98368,6694.483651743078
80217,9896.89950268858
98528,7898.575942806518
92746,30221.272163872916
78042,18691.345827516354
87314,16788.029194260824
78148,19321.998173320677
101574,13162.904887500794
84789,13658.659482773468
81056,7458.068739965268
91483,15731.487258423247
97869,13534.734539965833
89084,17197.43321376905
90398,16055.078772310419
91038,25008.721625462134
80326,53492.37085557945
88665,7806.879057184743
99793,13438.1010523373
107218,12086.946369556956
97438,11253.051455448342
82375,6966.457550291555
103211,5951.59364150298
83430,16744.87683256958
83717,8361.754391614519
95607,21285.026378177896
99653,8447.988153682374
77072,18088.973801788445
95300,13289.989068793584
86090,18490.326862036796
90553,24613.703237193575
90690,14143.383351173907
93608,15988.103843390661
96059,10330.295406136302
105488,16348.797390572014
102403,11587.850665882888
105357,11818.913347458176
81201,20170.031874873017
100092,14569.800454322383
105800,10680.418581028835
103658,5969.21753436531
82416,6616.653596327192
93007,21632.629051282915
103850,12202.009129397133
97328,12447.91131280196
99167,7769.620409972039
92788,21677.99739025541
90228,15125.949933215268
105015,23673.412319151987
77838,11871.445576216263
88672,5819.134482582182
86881,10048.018668221737
90515,8202.026789338983
92777,29805.32696181736
103455,9726.579847885721
97286,28954.838724087884
104633,20697.75878074064
83548,10317.896710467245
80980,17048.647314534755
87954,17109.054459739345
89975,7419.602756565114
83762,16170.407148137701
90615,8448.920518152076
76755,9168.66054220001
103371,10644.20808789012
102703,10835.478035313421
83856,5685.6854536540395
105099,8568.358882805454
79080,19972.228331846676
83898,7208.887266191182
88241,11053.84855862297
89549,15042.500481533414
79740,13137.651403491214
81937,35585.82018118
99084,15418.104386270943
106967,20201.895076357534
80358,42504.35021393313
97694,12493.339172824506
87454,10098.079327734466
101943,16448.848439803285
105586,7774.183789270326
105651,18694.353356347703
84667,6844.643864643749
99050,10012.973486303157
81245,30665.811062266726
78547,21491.611294703238
82473,23037.19288033344
85978,6897.6055842968
88385,9736.114019473425
95452,14997.413962295022
98159,6806.051604232762
107952,10212.056284300721
107265,7205.905508828809
99744,7977.190866079063
107450,17970.75059789733
108280,10412.177841323735
85684,8034.817158783065
90660,7420.649283175569
107627,14333.305088697214
93896,23622.238778241674
105931,21667.65764710937
107160,10315.176440600473
94644,18352.543905359016
100057,12431.289128354072
85053,10929.42229768998
77037,33218.58407945763
81281,14969.106732125663
101247,9556.380102773332
92031,27072.639762464623
83306,11834.00002324641
82079,22074.11479000261
85936,14472.146873539887
90480,6876.586791418314
92696,21403.079376108726
105467,19193.343433662423
89682,7251.764086399404
76305,31175.175004929108
79665,20791.02422872796
82839,10491.693432073977
93076,16948.043823248398
104369,20782.23072983108
107999,9644.22188870874
83787,14216.962785552792
92554,30054.493135563524
99110,19463.720016352578
82707,7279.282917107302
80261,13382.470597581438
102365,9066.937722113653
82760,16750.003261318125
81142,35741.698789623224
88411,15302.40969074494
97734,12358.039000003722
81604,46927.83564741387
84705,18269.383130205537
104661,13426.574237206285
87897,13260.810497540757
84651,8340.989180515406
82294,22747.99834492602
100689,6741.1647181054395
105236,8158.600592606287
77656,13453.01144516232
94054,19821.549791839618
96367,28543.602373450234
99913,17337.442592418065
77083,20323.00190832751
104849,19569.02169310545
98172,8164.920542445351
98043,14876.987241185814
90979,21764.972855663797
93136,28365.593371864543
88750,11038.760509548467
88471,7833.084396558129
93720,20116.867625968796
76649,12178.84908072555
99291,6196.184533249506
89267,5535.017794937202
108244,9384.183609246724
95194,26796.85460170376
103998,29675.218520836523
103782,8423.75976728051
101502,12327.73811357872
85961,10340.590801282468
99073,12969.041925684884
106535,17410.68932402879
96594,8490.232993442645
76156,39382.96044190653
85484,8603.168260355185
79139,12893.073764732784
96730,14082.249487028896
101796,15639.264042252085
78809,32238.14113891626
101193,6081.846300212253
96275,12472.176598392738
98321,9240.094297541438
77928,10264.190028280107
78328,31154.524896281262
103527,10710.196355981278
89266,10728.413803147856
99074,8080.747113345672
97952,13505.69694508542
88220,13628.253126275029
90223,22367.0302831657
76506,26987.28603521513
104498,23587.249954368217
84634,17131.608657446952
106803,24847.902287141776
80608,16630.233477074435
78715,13282.4109410479
89962,20056.911230041496
88958,12152.0636185194
98941,15121.108085361542
80707,20273.246603962423
105934,9509.273420693376
106190,19510.974481781184
107803,25236.371759484442
87945,17333.99448015709
96859,7515.415160407637
84495,17556.157968692623
79965,22699.57484964316
89496,8368.640132619525
101195,11106.606452385004
97209,6782.421808023423
101751,16101.159590957497
101541,9535.570906891662
96051,13534.734539965833
85075,7790.938866889665
77118,31227.612193319237
80487,15697.207945630442
106184,10707.480076674672
96374,3272.864064678357
91702,17830.458966223152
77517,21709.017051950086
98188,12649.59390193192
91641,22351.65116648491
94607,19051.12955069141
86769,10099.270105679443
80484,54996.01661020239
86964,9616.363964821081
103086,7531.961859146852
84257,13169.36878290373
91852,17975.11931535715
87431,17255.287042239248
80439,26088.226159383637
90405,13993.941267404462
97647,7917.759056374724
108071,13965.03722726216
101911,19787.33061782588
82293,10531.064293397352
93627,9247.039685906724
92080,30505.624030851217
88291,9968.87284901771
97591,17916.548192088867
94632,12819.368680757267
79572,22618.632491930377
100727,13148.803210496402
77760,17099.07733618383
80267,25818.904027809673
106167,26797.86516210005
93339,18763.948684381154
98727,10367.972630840237
106765,20919.69761787872
106746,32304.746992727472
80012,27323.03245498603
86651,9816.142997838864
106616,11115.268717831406
88617,7946.663917969596
78380,13976.23859845933
102380,10685.68311781227
102093,15333.007261778941
79049,42499.54837464899
104933,15054.287727700726
81578,28400.381392980657
82296,30513.5693851556
102256,9750.654802926125
83868,18796.014187658464
101459,10111.201207496102
85014,7580.29637033883
90820,11118.623253327163
83173,7900.257713701946
91252,45965.1809857734
102307,8117.793225559776
95153,18739.55605838966
99149,8576.996373334021
76130,13680.380792515118
80049,26025.447668034056
84353,12618.44251910793
79550,12978.024619276577
106113,30106.95148656058
82182,25069.79984167288
99898,12372.989204885875
94685,28218.51619496857
108125,18005.44440764768
76144,15316.585643024322
82087,21563.170774712544
96666,8213.837330416523
105109,25530.590155806818
94341,39283.14899396089
80039,29722.310285809832
91350,21989.88332835647
99415,9888.578492922237
85832,16168.174396366177
94022,10532.290094906488
104332,21937.708713394542
89367,9394.904993371865
101420,10196.703755477858
99401,25091.952309736913
79179,23191.385525735266
81603,16465.865641094904
94068,17696.16218451587
98185,10622.699118365506
99646,6051.357497892198
83218,16838.518668526853
84593,11358.393801491211
93040,16490.613724897114
104544,13849.924727337715
98735,13398.761465566513
86524,7480.148595371253
102541,13504.405942417061
88339,12723.133577001374
92750,21523.01810852567
101882,8336.141047388555
78793,18075.463432722565
100625,13249.54287895329
91791,22478.32396489682
98604,8587.52191670516
107903,12254.82120434343
108450,8300.7444581224
101903,7094.1482299800455
96190,20273.337767597284
77299,17063.56304056899
96588,25690.251597614573
80932,65611.50220641617
81221,34302.58079587411
107383,12039.266735414603
92815,25983.174909307232
98724,16063.38513090316
101984,11487.602945047158
85939,13388.478926569316
91597,25805.93524373569
82514,9959.495042558663
88788,10152.328286930962
101131,11384.78965867994
82614,21585.444905211887
101646,12070.456579576647
87641,15230.48009664334
103855,14097.923774392148
96901,24286.329992219686
101942,21059.37608735323
92415,25322.851894502714
96467,10966.223563598487
104656,32247.127013254656
84104,17887.68802001664
96685,26582.999057133286
93816,21570.09538539053
104925,8073.175455306905
82086,17498.52977392844
93855,19432.098166024633
85411,16314.963641424507
88743,15448.433784745237
107201,8650.016091470627
91771,15409.47436815348
81001,32519.614477447438
90074,8475.719166599205
82791,7327.475944155092
102636,2380.492500354053
102722,13928.772108913841
94571,31607.50234542767
103852,8672.789797318783
81514,19818.203862108898
99997,7093.593297294995
85808,9359.516725976719
95355,10013.165826214234
101928,7206.15817999669
98862,7389.429779901755
87759,7829.926557411244
101810,7862.495169316201
104902,43422.6165044713
101361,12034.833642169991
81707,21663.387873118412
84482,19194.592798269383
87358,8627.558680927505
103589,10492.343059998288
103675,15136.957628348646
76652,17077.745606824046
104101,14762.197847144827
94807,16251.080553985388
77325,10896.60931901051
79875,21655.667043552192
83034,13349.676674342374
94997,23269.474298057765
85209,9638.45836946497
88344,11619.883128581918
98849,8576.996373334021
80527,47300.054689966244
87245,16896.988195710113
83783,15971.811979836159
96515,10107.565215034692
95110,26940.716993628594
92177,31406.67409647401
94690,18862.042602646685
80340,13660.61696536861
80211,17000.2641185896
87440,9524.095609398903
97742,8010.645308247089
86586,18245.361285801446
98006,8195.363847469249
87613,10259.744615483096
76521,27628.49828699602
105734,16134.851013570058
87925,7006.500949689472
94634,16351.860654454236
102227,7053.63956181577
85292,8700.229745530598
76921,8522.369836096965
95158,22344.507494619207
95582,22402.96631219668
105636,24043.210753517196
92793,21616.55348886383
80981,45890.83101261323
76421,16388.5100163064
87182,9095.04450957538
93677,22483.26049587293
92969,18439.618784034607
95005,15458.578956805397
85337,9394.904993371865
90477,16004.11408559631
83508,6275.29506149224
96886,13564.074441234743
104112,15272.416026416462
93923,26812.026938093277
83338,7098.252606752983
77100,23292.69173090495
103801,11014.656897761832
77772,24716.098300528636
94352,21230.48701872938
78360,23647.633120282306
89986,10419.645804424734
97654,6397.883058985011
90295,17520.23479288097
89180,15209.77302225643
82039,23737.151713583273
79485,15057.4017825271
87606,7029.014320828428
99574,5776.1433813406375
92198,41097.30264770395
83529,20268.259668015355
83789,16844.199144271744
106137,19235.13225346293
81731,26145.967450771663
82668,10019.43917190593
95865,34638.43692575622
103389,9223.782143862634
98482,9729.685536037692
83775,12452.27112562776
98846,23744.513958733307
79233,12230.423838904993
93254,30221.272163872916
84246,10218.458765017938
101996,15906.722623005962
96237,14221.814006271941
104216,14937.946979015382
105667,27532.687256109064
78813,13569.21162231366
99270,8706.670328933367
78588,19021.939472262944
105552,12597.037097061604
97164,19276.436932239016
84342,14839.252449554306
103688,19833.812166761425
77484,9369.434835394053
94326,11177.357301267166
81254,30733.604033499065
90674,12821.078566655604
104261,10534.300612887993
106636,17079.72846614601
83188,21284.247795459083
93725,19888.239759509383
91349,24829.83366249282
106973,10301.600390037327
89671,6926.846656115862
92830,18820.03502995168
105964,17328.824110337428
89696,24322.46463505785
99813,9101.50455515384
108159,39273.353098835934
84988,16022.637878825071
84921,10661.70731097444
93609,27398.51492205728
105751,11991.443082739503
92102,30428.590954806557
83130,18466.420196300725
91136,24709.09396342156
78276,8370.695691075936
108370,24575.889582327287
100384,11049.026009324829
84940,11464.343094986652
91942,31417.371889793016
94454,36656.309409988455
100909,6131.384516721385
87701,18479.01285762315
104798,20257.41116079507
95263,21405.149396714536
87121,10316.042031903413
93095,18707.486153198737
85642,13261.561441821399
92656,14825.295476542682
95617,41363.94369545557
78219,13118.56849101262
104179,16703.860735590086
106438,20904.082158672485
87196,10772.27879300922
90335,16034.861292574498
82059,19728.017224266317
92365,18633.070663392722
98309,8722.641824690554
77684,12471.9668042097
89823,11548.972459334509
76689,19449.953666074074
98279,20247.82115405955
99892,9524.353221574736
77342,33635.218207399805
81074,63259.760375405844
101487,12340.223860277369
79070,12909.504888219135
95231,29599.293544211396
102572,3147.8507580691553
99529,11905.714186257414
105996,9979.439399258797
100780,7585.608879249735
106814,11198.227358415108
85545,15913.2501683242
79630,19562.762829987216
91145,35925.45020090915
84823,10045.214035032583
84954,11219.251925362069
96658,12517.348104366618
91360,27319.169581433795
90452,13976.45645341125
101820,5771.773621350833
81605,23334.329238537444
95895,23532.82880010164
99378,7205.043826832143
89327,15809.949724646414
97326,7715.0707342806845
100777,9222.51951894847
87405,13608.419331778807
97627,20104.7382510469
107458,12821.087776828917
79060,16591.16146146658
96136,12745.22506203865
98257,8466.342953386527
102335,10192.800565841224
77850,10696.850805653641
102160,9089.556634327508
102379,3551.055273665444
104579,9398.31003482386
105614,17234.882546649158
100113,10878.593865052
91032,21791.521425379975
84428,5811.798302073148
95075,13093.275383282351
103736,8956.500070457922
86290,14025.78255027669
81511,33102.04193766178
90680,16451.981213752293
108256,16812.76912587878
104529,19994.95166706903
105190,8483.427585206195
83963,14652.491704030477
82386,57077.10378178166
96710,6311.06236610189
83474,6596.281962809941
85539,9277.633802419972
106439,18520.66319970434
102158,9656.547992206766
88822,13261.561441821399
100881,8876.248100007619
76677,47118.18444006696
90178,7746.895095151357
93735,14093.230415675298
84662,11466.231293177316
106182,13310.484407873417
83398,12368.10502398609
87992,13889.00245107911
87968,8725.60465236455
103912,16043.548684257608
93375,19684.258375719495
101226,6681.187145466119
77949,30623.61941808808
85607,6903.5916067791995
79522,24338.595007356435
77739,9997.854587932838
83123,6579.985199729973
98241,12464.83825556062
85653,15505.43327038043
103346,11338.957550560834
93933,18994.570134051497
103652,9222.51951894847
101032,16010.914571969657
95245,44234.852554693876
87397,10852.005629147076
104051,9436.714955984144
88815,13560.978903096277
78834,43449.60169194525
86348,12202.65730039945
102205,11507.618270018711
85638,7466.680700366789
84036,13125.72063360834
103627,10178.253250465781
86641,10496.37133232184
76954,19374.53325949878
96042,14673.066194501389
79230,25161.157450936054
81240,27881.20751500503
98464,13938.041188474668
93761,19145.87762755384
86239,16189.67426494284
106231,21955.032627491524
94092,32397.348979632454
93651,29933.544830349394
102239,13506.24034350763
108216,19347.898625282527
87035,13627.092460790398
77754,22880.385617824784
102892,9806.472850546123
104205,8431.800691850525
89539,6692.08169065339
94276,19042.336076048607
78405,12352.558339365638
82829,10787.290949917335
96653,12583.21447727467
107768,10319.495867420825
82557,10370.045581410684
79190,17319.107121335306
83639,20008.502454469355
106302,25894.68319320944
83161,8758.292169458564
101839,15775.7217817195
76769,42286.67903509071
92536,29939.157144592453
105981,11026.226969237672
89644,14732.015776032255
95175,18862.042602646685
95837,25133.12920150589
81282,34257.563856837114
92231,45392.84515441828
85287,16455.09387809286
82582,12057.453277457773
82666,14361.087556693656
75999,16792.536257040316
81738,17350.044612652397
87020,11433.506987099501
93066,29895.040501518026
88496,6785.8286739699915
93297,41212.2214948933
82044,17233.616080086267
81673,28255.524151231413
102694,7801.664615710957
89509,9473.55352318286
95965,31494.73255797952
106101,19483.722762071913
83569,9309.877801752586
104718,23085.299817643954
99492,21291.552365592448
81091,65657.81475793323
91028,19568.62507302709
87981,10600.043685326615
91801,16863.82587762926
102243,6793.374514967141
82445,10978.447735963322
104094,5794.99024262775
94745,27137.752859554865
90106,13838.691620479403
89015,8900.602052712808
93183,17140.85428975513
84610,3186.547688762208
77055,20473.84001351314
79194,15324.39577239634
91155,26130.606875263107
86569,12662.903812880297
82485,6448.362065177457
88760,9598.495957818932
105923,7411.498768821999
78686,37490.92769900382
88814,7671.271156717446
82320,23878.28924569876
102937,10437.587190878983
87116,9320.474866156055
90494,9388.55239893171
106037,11107.792211307755
81698,38851.028618467586
108120,21840.487565310857
107501,15079.728947518346
76407,22559.571669018253
98601,11065.075324115882
107872,14177.602612493287
78176,19472.733923578347
93534,38597.87416105245
91839,10204.017703517022
106436,17727.377187050788
82935,17308.81745327248
84674,16960.675969368218
83479,14712.940450884827
105047,20351.2406281349
103698,6784.938859019002
99614,12950.79240049593
84726,9499.504680594979
84695,7538.711721475277
91147,20829.211673391583
87076,17998.79741576256
106200,4860.001997670222
94496,16261.431643459015
105826,12609.096959407729
94976,17986.77007781595
86380,10900.286091176857
79211,10495.113852835442
83213,11558.826974757545
84355,10797.13680144914
108034,26685.425227666
106948,9272.002910586752
94995,28946.899062666682
101963,6905.705026192798
106550,14937.946979015382
85682,11622.61097092039
98174,13301.459686737015
105423,11719.96008649592
77341,14136.455142184139
83563,13330.301516453894
80177,35363.02215142874
88183,12341.746370200446
77520,18839.678617499023
96601,13065.355535903953
91964,25258.155292379714
86685,12060.45249342968
83039,15124.67629400104
97785,8842.153250773239
95814,14920.856255092633
83452,15603.561735997091
84518,15214.989776140488
102194,8736.058995061996
85247,11455.13887837806
85418,6612.900065490209
77908,10955.510427330984
92033,21220.485502343156
80872,14189.705395339086
86635,10491.693432073977
79420,37571.56499200193
98251,18831.683282999595
77158,25121.00417195907
89969,10516.369796209565
85928,9385.274718014487
91375,55859.84668373326
80568,24556.86853777654
91041,20154.73280812129
89322,2803.0654163900695
88057,11385.013259854195
89486,6910.504916360343
105977,15324.197060216933
88167,11906.378654778464
81115,41570.13333580283
91486,12847.604978980486
100782,15902.42312912421
89320,13649.03479535768
79784,18693.2375025391
89096,15689.787604624607
78264,10026.35734088415
97581,20620.978469997175
79576,39845.20091538632
89259,10035.489757633777
106745,8945.1501579797
92013,23899.131002597456
86678,15120.923638070672
102324,14357.725739581603
77632,32837.797769094715
106887,10680.418581028835
78950,21436.824957252265
88191,10049.648647990476
88247,9282.666476059658
94345,14211.010598684203
95349,18880.178147032377
93901,27784.757878490636
100074,9063.104813212609
85164,9148.644427687015
106172,23669.91010492019
108479,16356.437013855077
101908,13746.369326176908
87385,20074.050164992183
81494,11705.148018067472
81977,10880.148402363346
108330,12655.034509373283
80073,12136.691240646485
98716,11121.080971574442
104170,9254.184035161454
103992,13223.41004880682
105540,18931.73021699221
75987,14596.356126982344
99496,10015.162481701236
78765,35821.43501009262
98564,7526.256300093655
81895,18593.659660730893
100955,12204.64755296296
77153,47618.323443970236
103888,7629.794451252669
105921,15889.889104693579
99660,13199.018767042384
78579,28145.272048689516
87023,16741.07407045777
95879,15998.113372330205
100433,10562.425096344701
83011,14012.691880573433
103255,10255.831639319555
75978,22130.003897822535
102295,9501.271874780667
92099,9910.792514517932
80985,29343.245650722183
99556,8726.854515059604
97124,9513.285731550583
81386,26504.079175649254
92818,25148.868021310333
76413,6243.993734559947
99585,17567.107991145487
98093,13201.143779746337
87527,7911.004744735802
77911,30519.017600467905
85090,16908.549280066996
80843,19247.47964962769
107096,9313.504197396478
88042,14529.782858222261
83948,32908.747491244154
93242,21597.97722375786
83677,9847.521258944544
92864,15458.168722127282
100323,11014.656897761832
81042,32995.04802431287
89663,10178.159297528973
85381,10420.625701133968
96699,13346.327299294091
92422,30142.707484587045
96880,12514.40747870806
88530,9963.570264573114
81438,21721.134962099946
83484,6086.8549509525155
83637,16879.308258251196
89092,13471.77836812896
93732,22041.227474995663
92925,17805.958908974168
105183,12306.854037545409
98369,8474.532934527564
100868,8211.428858407478
82430,12798.088283609199
97604,10105.31000398092
85474,18490.326862036796
90978,11807.177547901461
97258,18925.914657118883
106720,9095.601487147796
89418,10983.734550549438
83154,10408.966130196664
98671,16739.907167110585
105356,19229.478089830092
88880,16011.100959234083
84275,11874.876633229678
93184,9771.746092988702
99811,23085.872173432777
96995,12945.504174249683
89700,7034.221631168316
99390,27500.500653883417
100504,9816.676851441143
80427,11527.65326261035
105125,23176.61312719314
105652,12897.386483682334
82706,9991.757417108205
97831,14423.773991641223
79865,47712.10378699833
78586,15230.381636524044
85926,7959.595605129334
83961,17198.558579677654
96313,16502.78161885598
77556,30893.192787638553
108155,21925.102705179317
77590,26218.65083779946
90192,15052.195072146682
88094,10615.203777259005
86737,18488.810925976788
107509,19898.06258540652
96960,26413.207888682962
85495,30410.16092990216
80902,18382.408679648557
87998,10079.324243894533
93672,18120.284017582275
101245,17847.937853724525
85802,22423.399895401497
76378,24847.946934793355
92576,22175.98593545221
80096,26302.930401848498
103064,4812.598358324865
101782,14510.136886562588
84729,15077.337924482319
78010,18189.404237402567
76995,12380.662466134234
83407,11969.83047946621
86858,8961.296231193093
92623,24184.808573281683
107680,22053.42447588141
77324,15304.401762637097
92312,16987.070157930735
95266,16958.840189408227
86907,13261.561441821399
98403,9721.103680327855
77236,24944.88501164443
98098,12402.592562439846
100392,7326.308336223477
80696,12073.038659024018
100083,13052.864115683042
107500,33656.102786498624
98415,12819.453062136248
89111,21279.095046655246
97813,13163.7490680348
86818,10768.776150592257
76368,17985.973395922316
92461,20116.705037200292
79280,19266.13625228184
94481,14277.142232162876
85233,11389.342458963509
87051,10207.969928872697
97596,23001.583131858504
84911,2433.7863918105127
84923,17164.909318750582
100105,10219.074994377148
100360,9419.851674275382
87548,18341.367427484558
106839,13201.802789935802
97625,11071.466236872157
87757,14387.045698891496
91686,20191.49726397663
98789,13574.124003262095
101190,6574.207747403848
88070,6844.643864643749
93252,18419.478723705073
99741,17049.089368935256
104820,8911.415915971904
88169,12759.660551596355
77198,9859.202317824873
93558,25275.735222087544
82381,23087.74711159455
99874,11303.765934497915
80727,25840.616045420236
93762,24122.921718459384
82928,8000.086558565054
82083,36868.365481190405
102681,9224.715125992449
84592,7065.735283049079
90373,35762.50109765236
100741,11557.72170176538
80833,14732.066779763152
91415,22436.39033114721
98086,11905.714186257414
88138,12799.543706157941
86387,15975.790419636518
95134,56386.15381593813
86392,16338.452864567085
91440,22345.02437911038
79877,20902.776908255317
85439,12561.744896116848
88629,11847.220010221292
90541,15485.707007343148
94365,17685.10543324132
105625,43190.58573286037
100340,15250.143620029341
78761,19922.274582508828
89066,10496.37133232184
92418,27367.247033394895
90530,10734.768188384327
91595,26710.001904689863
101516,7023.1908869226145
93518,13931.298193074137
93676,14061.204505016514
77432,27853.82679785948
94585,16184.95058400969
96358,6795.765186030566
78159,28288.8072351618
93872,10228.660998714904
86968,10877.758520872483
76425,23261.87216380627
91431,21564.64993292324
79862,34077.99775675941
86839,13817.073971419108
100378,12039.450366985126
87028,9963.285102699447
81612,25756.266212657574
80822,27376.33103484939
79272,43932.62066853912
76037,34363.75842411655
94336,11443.974410916126
95900,21230.48701872938
89645,8136.869142018558
88068,3543.8225551784453
78067,28373.227089100918
107703,14372.43250131831
106822,13475.472846188242
82155,7992.81367890945
91564,37549.69033818593
107241,14632.601178305033
79829,37555.90915165959
82574,6247.942612279548
93529,26860.99531221084
86196,11436.565066553323
88887,14403.02991705794
103822,13014.313266778106
97431,21550.486355211317
80655,22733.97051570316
104352,8547.136081388351
95983,43545.229665514125
90231,8432.634454378971
91426,24659.986214365057
96804,12958.744146663883
91789,19985.38119840344
91063,20813.141817499913
95672,25898.097716717068
89669,7813.26442251267
105177,26508.732014935154
83317,6299.615801172479
86083,14541.864488119074
98558,9791.540408883959
98497,15678.25376288026
107910,10279.53573029006
101650,13242.194744505114
98157,13371.986642042279
99234,21428.50107479981
91943,30350.728449616025
99237,6974.304887344152
86413,16888.522136310505
85589,9771.331003368974
83028,11365.009468659207
84633,17272.709066742747
76000,13390.583374989152
100519,8816.752091875742
86940,13288.721034599359
93162,24184.97633017946
98061,8288.038613789038
99205,19334.604501482634
86507,8117.9499944204135
91613,20659.093214715966
85308,9474.922298513311
105270,21716.265407718744
90212,5371.813908752596
94127,18182.47602684831
99422,20659.966780918632
105583,10279.53573029006
81264,26474.552698810574
96205,7123.505696529814
105242,26964.267297912804
91770,21054.547588040023
101725,14756.124759422737
108296,24847.902287141776
82556,12090.609706518002
93282,11253.331603849527
90749,24089.82676531639
101708,10907.20547702541
98952,10173.199564071718
84008,7363.627653600212
104420,29530.369824179656
96406,8086.606905571435
83723,16757.61422990086
97143,26363.62229666655
97025,13976.156360671539
81322,72362.10699734114
102314,8435.996265897786
79427,9109.206474514822
107605,27832.28359370884
87036,7193.7589232877635
91115,47965.92751792538
107095,23170.636880183043
86726,7348.696425551884
89311,14463.474068727624
85612,6906.219735703195
78297,13126.85639793093
87140,16224.893019803438
99815,12048.748120232454
99814,11318.30897094284
79285,27100.09638882445
100846,12807.758710714588
83155,13307.049944081857
94858,23726.290412767456
85781,15103.791168717946
92914,23380.656210031633
98443,19569.91465663289
92134,14370.713975132398
102425,11435.082565054867
100338,7206.15817999669
75995,13099.942321030221
96586,6705.679946673139
76467,11834.716507509522
79386,34076.0725310967
87549,9550.981825180075
79953,14526.147943011307
85516,6660.730877348999
102251,16380.057756998964
86747,14212.116971585754
96255,9175.501022075314
102580,3629.101556975256
97573,12317.255377484875
92803,15330.001319833358
103185,9434.711354836985
93477,21215.498290721578
90488,16186.676225470708
103256,12375.397441105799
98259,9201.444214695757
79168,27389.991242595053
101416,10949.469474373002
84088,10339.223547211062
105807,22888.05069091644
107132,12495.667383761564
101505,13848.2545922642
96102,16378.469860022937
80342,26685.670959974683
83221,7490.43388268223
87186,16591.982337873495
89162,16859.398553972023
100282,8579.727277194525
95292,29512.020681783084
95878,47057.98703133638
81326,17466.650305295996
88518,7840.8596860002235
108243,30645.304405708437
108026,6876.222585822493
96751,10742.031974131534
90571,12366.345816099594
76767,19918.76021623579
87910,11984.58113791214
108470,12484.532407430455
82634,7886.546732482586
92666,26812.026938093277
96690,16854.201409537698
102493,8258.679504135675
99491,20661.52518472904
94959,17029.314978926923
79015,41616.59994480339
93400,16756.63876073195
90577,19316.153037223226
83608,6095.572174218179
101527,8814.965752202479
99227,8611.323754892841
105333,13652.663516271663
98720,8824.616250990324
83359,4254.094662109145
95498,16252.324418781443
101019,13369.685644481779
86045,10995.391104884608
87546,12301.550090142482
87526,3015.751535025898
83304,14423.508431835493
81244,20934.48988949513
76248,23261.413565389026
90107,10594.61063075793
82584,8140.544674054436
97783,7056.904763224728
79048,13908.094861826305
94531,17895.45346255959
83872,7051.812883902656
95726,20816.481197637317
107362,7755.653725805897
88562,6378.144832540491
105680,8090.360574003837
77859,12545.516094620687
82802,11324.276490723285
100220,5942.90828337818
80149,23361.76680082108
78826,5941.82285819928
92081,19967.750197612957
90008,22367.0302831657
86319,12724.118223922917
93624,29349.31322505541
92325,24451.647090381895
87857,19335.873645426836
84996,8167.522276236329
105536,8322.094547618299
86209,11715.27481439302
96095,20971.863120359227
78426,23558.461229874392
80287,19870.063226909293
98154,7003.847103971241
84049,17096.033537567848
99005,13348.641400043192
101228,9172.712685248556
79488,38911.50641082646
95378,29200.975781958517
81740,19097.092565487124
101394,13861.892850922146
102736,9156.854057370121
75993,57202.79790376361
102322,7575.682991005461
106248,9604.505036813716
94377,26614.930058221915
102281,7191.393486868822
99028,9791.540408883959
88725,10726.12096978393
101290,8302.908458153332
101436,17256.373582592714
107395,13081.877168766307
83696,11552.619597267521
87319,11441.86948445855
77845,8770.577388745955
94163,11241.650668411954
89778,14171.482578774563
81251,13347.434325187847
88855,7202.797205789518
99680,8930.407466022309
94593,17484.72007579074
79028,42326.60462737734
100784,8174.1334588701975
90856,15708.296979281566
76836,22305.42865244966
105944,14285.349798165575
76844,15413.811835745035
85377,9643.154433548549
102613,10412.707006343015
105832,18728.899617660558
105173,13667.066434195956
107270,7716.15065599386
104605,19314.83943652918
93776,25151.741968459948
98145,15179.06188572632
105384,7146.63111314904
83797,12677.574642565382
78439,12795.53915835197
84850,19166.940607442586
81348,20730.518118173186
81586,60816.619773078724
97554,3047.730370790814
96691,6376.857088232943
100073,14418.488722358281
89195,11106.693302696454
95919,17284.772312716315
78872,8717.682302196994
91100,26205.873166645073
80008,20181.36760583028
89155,8180.69159324658
79002,7696.234111137513
80103,23191.385525735266
95722,23392.95002773612
92248,31439.844679289003
104759,12160.804471840293
101435,14684.942663155529
95367,25934.650567800443
93611,31556.01243978022
95610,26812.026938093277
87950,12635.670853400585
78095,23153.216040361265
78646,16577.74620208433
82091,20248.65676479793
103774,15155.39334503719
102660,7459.746792173615
92256,20321.411674564763
102733,15195.601352871703
95698,17519.945412254954
103008,11819.00651341986
76310,36435.975777881926
102230,10368.464972337584
108434,5374.247330572785
103325,6939.613683864327
89871,10482.879402496674
84888,11984.245077776459
94838,14489.968448921121
83744,6420.580853381156
89112,13764.338043139278
102043,11018.90310326749
105254,12257.157044714162
77814,22451.12315554942
92390,10964.133578797631
106879,16754.26308957075
77049,20379.103311440813
84476,12390.152195807546
81372,42303.14389893705
90236,6397.975651074243
92132,18329.68596267364
92240,18108.21704892586
95286,22981.248030628703
101750,9815.6069677737
88817,17222.933867250744
81131,25400.212551090626
84244,11667.24815161843
100801,10176.741728058805
95844,15354.865818118731
83870,10747.24433099234
88723,10890.484942809888
81243,23542.841727460025
100385,11698.727642520053
104717,17838.176406170656
91235,13413.817344103105
96520,9191.352429233748
93381,33202.1587845486
80691,32715.54528076806
92000,29276.72904492715
107035,27099.433142147904
102138,13040.813058256086
84605,8613.993385527887
79297,47717.55246215949
106336,26373.035035789202
94253,21752.87698633974
79716,28952.791023137976
83444,8054.096614686113
106618,11019.934522474892
96175,17940.508905674502
103007,10249.07409982955
83413,11081.176363241853
87204,14453.523086775855
102288,7129.539919742437
80637,26588.126838646127
102156,7845.153395015055
99444,5594.4349507629895
88292,14433.466631020128
88382,19546.79995233799
83149,15535.328439338822
96173,15578.593130310439
104005,19126.51279977741
78097,15969.924542889887
79949,21307.567294209173
93089,25301.530576425306
86142,11009.532337263154
79736,14178.410721548977
76052,23148.48947768505
80534,15343.990958120992
86998,11241.709549555384
92690,25306.575917163653
88656,9075.943281220354
94395,21230.48701872938
98447,7165.363678537275
97701,18461.426707120434
92140,14282.529945888178
100562,7261.154020148591
90947,14046.549573685574
101174,8728.58683125521
82150,38345.70370948701
82220,16962.859307841307
99327,3455.3720886168358
98695,17423.456374878784
81373,17844.632777843897
92571,10329.424694393236
99568,7619.541974288606
80774,48915.06567722896
88548,15342.849662162922
89214,15917.261874842674
104968,16844.493938485804
76079,18830.02660028276
106643,16917.744063055194
98760,13065.699734388154
79377,15738.173746194567
92075,33152.057832061546
83689,16003.414731507291
89321,9115.462264600033
101772,7215.559267176416
82498,14343.214322777312
100293,9850.911995637634
82360,24085.07502283832
98921,14436.61252532946
78949,32003.079921914286
77501,15183.977321655957
93322,19738.93689377352
85827,7794.827051118414
76428,18580.675045863787
105249,21678.826159910157
93940,19079.674330475482
85259,14327.792062858687
95570,31186.970695359996
87993,7713.916144850165
99558,7268.011934085733
91277,23670.49574601286
93825,20935.098823422
107121,27598.678348138023
104959,16761.441931489502
96364,13173.401537469343
106601,18234.708405025704
106375,22163.505327721672
79619,15093.754040410586
76473,16683.267719836218
88184,11492.922363680887
92530,21020.876541302812
100669,9552.915007265929
97656,15860.95811275119
78071,28925.581447681103
89316,8991.61749096272
95061,20179.96775113819
86189,13116.138894169615
89553,17392.337945050185
93106,25303.493746678032
92968,13866.589166325799
84025,26861.727928934833
107972,10053.739071489892
100646,7016.781676007779
94107,38181.18977718602
93865,14486.706933508936
96199,20050.90108334513
107397,23810.807310526565
100882,12326.078583794038
104739,14801.545455021283
85360,18122.923991550622
85630,18258.67812921791
91862,28009.860250726328
107207,22594.422762385126
97162,6767.542324691874
80025,26257.56574827725
102082,10530.221476876142
85267,8089.009057973746
101929,12935.189988979924
101500,9947.366915953211
79709,17020.96527032105
93972,11867.311861385699
103035,11309.179207038918
99214,11381.778647863697
90020,16020.999042027894
93078,16436.00817941793
91474,22283.86972300417
104931,17036.597704092164
78728,26008.825375757715
79185,14112.714590161373
103871,6944.449881323758
91303,34665.46880318488
103205,17580.553599952636
102796,10974.032395725173
84381,5893.48522275246
80694,7001.20569491314
88412,19829.020957271012
87437,7666.613373041882
81938,28809.24462919985
87557,8027.693386140007
84227,17385.186908715346
94972,28821.459741648465
101329,13260.19214026991
80069,48442.291593687594
82432,5375.7375241490245
103399,9623.851137847272
77538,26261.413742305558
83684,10821.665537660961
101430,7315.126249119875
104322,17632.852952228266
106856,13856.240524353074
83084,8846.648921958445
102179,9429.511985693709
91752,22271.068874991066
102244,9813.203113592108
100903,7556.833145546671
87128,13213.634308880572
104654,25739.363444909188
98265,5217.898432995388
101764,7912.545073901307
77753,11968.000289537102
93483,34018.66766022022
85586,6771.37934819463
83436,40835.84987793937
80395,19802.38578812962
78652,19979.23163827223
92985,11563.686981567298
87343,11592.130462138326
94390,30261.379968939225
94485,27836.407316830326
79564,17171.076656697067
106104,29205.44132458107
84557,11769.996702349685
105524,30102.506489586463
96622,24479.81564257988
85389,12612.29810433064
78029,52135.62570185278
107904,15758.92777347958
80526,49285.288973101146
102233,6484.081314801178
86058,11108.050652894179
76614,28639.20266445837
81334,64947.07306142043
95043,23766.72267745357
80400,17948.33515455365
100114,13148.69762592455
92049,25431.628387202065
104070,8125.931739278989
95487,10613.324254132951
80402,18421.224162730694
102682,11466.354713134604
79747,16667.67181364547
97331,16321.60179937049
92573,24451.647090381895
81827,20547.540940129165
99721,6040.788543617158
87560,19952.671522573037
101447,11309.28548514151
89027,10167.467887808429
100905,9166.171577724608
86467,12561.744896116848
90523,8198.201506470856
77588,19966.51774079341
79946,35174.5076433618
94096,20689.66076974697
106481,9363.151259153374
100694,16636.929089076762
91176,61601.15008130625
106878,6829.041620940744
99871,15880.3771628315
77534,11426.832419829112
102006,9276.170576394403
93356,23726.003687864762
85788,10267.501970749474
97108,17961.461667504645
93129,17075.511761970647
95168,43317.75844376654
96578,10989.639245440709
79570,17048.72585392955
96604,14849.121627816929
76367,7807.25073170651
105065,12943.592423405042
90635,16195.872885089402
107221,11059.47352530895
80375,17129.190958606432
94421,20116.867625968796
104009,9764.410190506445
84804,14531.579346929942
92074,26467.073493686927
103678,6255.858359915205
102350,18742.892470102775
81690,16419.436351406617
101817,9388.12563932711
108275,25354.00480310506
78030,16203.077428214587
91570,23996.861781438594
96746,7910.587405837115
89748,20277.585141978623
107889,19775.22770098021
88402,17391.71318252541
107789,16002.674293893386
108061,25179.624494777283
105143,14888.913514204656
107488,24991.995826670154
100812,12300.200393682442
97830,11529.724674048388
100664,13585.052628967407
80071,25424.581918148575
104550,13283.194591245672
99466,9748.52500045453
93777,15681.462464377824
108105,10406.260922446465
90322,8087.638733936115
101860,13291.887334126917
104129,9252.41569775465
77381,15641.685855682621
76946,35557.261888021814
91556,15859.100769200251
87190,9947.484430695578
107647,20256.849780071127
84177,12187.817571184945
93266,26135.665327054146
107341,14157.695348274749
92693,27356.687152206774
101292,9570.766809792089
79651,17233.24639121954
81654,12494.919472275471
89688,3128.2293722400036
107423,14166.620614433654
86626,13704.391433318286
101633,17482.389353103386
83827,10983.058278925897
106678,14663.863416122505
93756,25601.725537342587
84185,27734.74460877065
94867,18705.411488433998
101062,10249.07409982955
76567,31534.467888598465
80522,19542.182524479864
101932,9610.565979988867
86016,13800.168197949377
98609,15149.482711350227
84081,10512.136401209818
78446,11165.094167588495
82074,22004.08241838217
108374,30203.41290308876
77895,25036.334289167557
93416,19103.508239216848
89357,10596.039805778793
106786,10066.968703702883
102766,11712.186465567718
82233,15133.600657603762
84115,9749.602391831715
98073,11258.050433763869
106198,8065.0926428007
100335,15262.859486759395
82169,17043.067994106055
101191,9568.141305413643
94584,14852.346130550664
81980,21121.13476103239
93574,35916.568281510634
76934,33854.19261609557
104181,20851.461867315855
85205,13062.068853433719
101304,12172.689472872731
77927,47967.15950134721
82028,31621.288015650167
87191,25350.849987683763
77713,13841.646369369335
100414,4526.8350316502965
94287,20112.933681480332
97941,9503.764486638298
93702,25250.50554605831
91433,25175.936133085175
92420,19112.74076287312
88433,16843.191523672318
91656,39232.646216826615
94313,22556.462559728818
91218,14000.521847292388
104418,16781.58488867502
86375,10443.723259358314
97556,13709.53091804945
94514,48074.44139363503
79165,41420.74968618737
81780,16204.499416953146
105424,17710.541627785115
77427,14231.076771404894
78626,20340.51918347112
85465,11852.808908089668
87616,10345.581783862124
101667,11676.943112995814
84226,13561.204349142281
104737,18732.031763764262
95041,33980.64841325059
84070,12502.460085800818
79071,16057.723818182229
98688,8754.37506947243
91104,32727.75334446081
95301,18448.961650371413
82795,6612.900065490209
76606,18913.574629717445
94708,22772.76167348784
82934,7237.421134490093
101243,4461.624936321077
94629,19821.549791839618
88235,13299.639483568322
78913,52340.78879026789
94480,26874.170090642256
77005,16188.67753211532
95511,22641.07138440182
88879,13357.344056690472
78396,12314.452334620662
99977,12918.892089459234
87602,15025.165358529723
105439,16176.187988786078
91094,19648.938089008923
103575,6613.721227973617
102840,7366.535669267686
105367,10406.260922446465
91884,19052.999392589358
84572,10624.616578012989
96544,7589.673703609414
94082,41888.18972341076
95510,13632.041469039952
85718,7963.721150910499
92527,20421.350218164876
78855,14029.005304888542
107521,17694.452420849222
98876,5328.028687027584
98440,15030.216552850226
98714,10418.681263614597
100643,13555.200872388796
89570,6976.009997056647
94168,39767.67552892616
93299,23629.09632654399
96033,19410.51628663899
93742,17550.78920755226
89946,14314.482687938844
107741,3636.7703469554676
77268,16631.015693956935
84848,10794.891020544464
92323,23461.31975274949
82181,32882.173178169876
102252,7038.138408581274
100240,10089.843068122582
90422,15852.475135970988
103145,11086.12607787894
83333,12388.134168860715
97103,33725.92542986945
107379,32103.73995220549
94694,23390.000288403324
97339,30746.185574747888
93104,24285.21180597001
88194,10183.711171247523
81954,25730.380554451047
96391,17035.004832434573
76563,11800.237350355033
97630,19195.824913693632
80201,25152.559237543577
87854,4016.74886378661
102312,10408.703536203713
93848,23959.69424827014
82542,5782.909953475614
102300,17265.70143535095
97229,11721.777723917265
98907,25849.761028273813
81238,17798.160707070798
101377,10414.739757881205
79109,13514.437023826715
88044,5002.400363852926
91950,30140.24078158095
103403,8095.058220852439
87611,9984.452517724778
98169,15515.760798017285
84352,13561.204349142281
91787,18749.07853684894
85668,8243.548228374711
91287,18115.428833350565
80289,18858.288001602672
80647,25782.961210431953
90612,21711.875696432067
84941,13673.468718068381
85955,10083.934316405113
95019,11089.997082684666
92685,18432.800909839276
87156,7811.518691781057
98300,17843.72347290022
80737,26843.135798820542
92849,23609.472465305505
87490,5862.394919128176
106168,19712.098342462534
87014,17618.0041942567
95822,14641.090739144602
76797,14009.606857348032
88416,18463.99590720093
99974,9897.28133953952
79248,11578.507490572576
93969,45243.31169397717
104746,24015.02900809307
101092,19273.14262061618
104076,19378.593556199896
99087,7764.927926552243
93808,23956.375836259933
80849,30709.13185591235
93870,39068.980157828344
97218,9100.719292462754
85690,13969.575334384372
82581,16049.408064571393
81062,17079.72350731559
98925,14244.212875277568
98116,8100.6144021322825
78229,14037.98141239131
77717,3885.695798000304
92227,24961.344989647016
97525,7711.6910022588
92015,16518.019582349567
93168,17344.42607560474
76841,21047.532245434708
94920,10720.313636480723
95188,11814.261124743107
91909,46453.8852190018
104631,12224.52602675312
91186,20839.643676036652
100465,11872.749378057515
79253,18181.191529949767
97133,9963.442269566198
84758,9687.466256718866
83113,9162.801855005604
92012,27373.820423347257
97730,10252.682963652029
89579,16335.64626091496
89670,9498.746128359107
98105,12764.313295467617
79497,24227.71694934436
85954,13560.978903096277
90314,5895.362013589504
81052,8651.779478644128
78531,15153.081488386008
97791,12486.326574664465
77746,22647.759442437633
105318,19827.896007047024
96956,9591.34467380548
84493,10115.670334547593
102164,8096.237970866023
84640,16228.438154159388
83292,15014.257493388352
80446,30992.786610996412
106883,20092.71795078867
96822,12314.982649995309
99282,10005.315987641545
94359,10650.428724306981
105084,24120.180768241316
85908,13837.800822273535
106431,15396.033696031673
97313,18414.937197570318
101268,6586.369167403864
77989,16740.469298614968
87682,19059.616183285612
106611,33955.912360736984
107890,10373.859325939035
79578,20176.19859664512
92372,27300.24901483284
93915,23933.66983589883
85425,8827.484184441797
80577,12753.254382857554
87561,14621.477029547672
82120,21476.721218470317
91633,22211.024358243652
96970,9039.78742011746
103356,10533.495507226678
89416,15762.061735250718
101155,9152.412467570506
104222,20238.915377370176
76104,18141.715274346923
108362,12086.946369556956
80616,42295.7859035884
98659,7343.9177055720775
76470,28564.552007089533
86501,5312.713481793235
103166,7313.828264661
80799,10148.203747647989
103699,13242.058142266063
97005,20656.257328925887
89375,8564.79824694762
89434,9671.843070040988
103114,7408.645026037956
99021,25307.21668806033
85368,6111.679723555783
98207,8901.238761232642
88420,11852.808908089668
86225,11522.013541937153
107761,43877.957625258394
83146,18047.866026651707
97834,9274.521524997204
95729,26733.089330700925
95480,49115.86449726866
76736,25741.52454866681
103683,11955.711446657786
96410,23794.39086904699
101570,8432.90357256974
81039,14468.817473755606
82813,16742.16464269454
88704,16573.976448008903
77926,15957.076113939738
89560,15351.549168410012
98902,11880.215437215104
105164,29744.612439266497
108109,12086.946369556956
84480,12336.23523091748
98239,8668.90974771161
82385,33222.78805242797
91637,32704.657074049643
85732,8488.583109919044
90790,6538.957985393592
90251,6909.255540140105
101246,7168.6823203849335
92962,23379.977838088165
75988,23170.93987408243
106880,19418.78697992395
89844,14656.598770063734
79925,19055.618118417155
76282,19571.41663763086
85648,6367.195648738317
95507,16116.087169373655
96605,23182.30694620857
90201,8522.108645578732
93506,22403.221342058863
78490,11697.59362351994
106831,16074.954362813849
78101,13156.576653221307
93059,41007.12996430145
106820,9762.58645186308
80839,26960.300073599134
76695,14594.187192923026
107678,10604.233250223415
77084,10435.779795994767
107856,13764.837462108695
104446,32634.483691375786
93306,16034.723701704434
76610,31789.146548943078
94451,18770.952899014796
96510,15463.682605653421
84861,18541.344714593168
85787,22421.87214874426
78201,13668.804048887847
83353,13296.931704925753
106485,12146.609233401847
98115,10260.67320750803
83852,13922.777214417798
91320,23862.32502303421
92427,5549.774212886736
83851,16642.34579016926
92011,12600.479611287461
96043,7129.077001109064
93535,25677.229496375552
80183,28810.03616456325
99075,15462.669624694972
107932,13547.722588203485
98968,18801.3477871
83350,11033.54178980806
77983,18419.71858714994
104722,19378.638656110073
101213,8080.905005926484
99670,9261.579222228822
86163,16036.53745834254
107969,11349.773431146636
77875,17123.12127862777
86254,10306.926897279935
106709,14058.314692655884
79732,30328.101868609938
107841,8783.738120025424
82222,17766.08735656171
82020,15639.329899367858
78930,25116.659639958987
93446,14338.357099155759
82880,11689.443826216277
85724,8169.651852001548
97629,25930.248483410283
106635,21761.68332536252
94103,17450.613992249284
83051,12236.781723279077
85087,11009.532337263154
76917,16086.650915904147
95037,33389.147037789335
99867,13757.488540700306
107425,28248.706265214074
85753,18433.638255583483
95099,25946.557519954556
81950,29218.9301471924
87493,12836.327421415732
84035,11223.092102283032
98743,10782.755489501955
84532,9386.76184425105
106827,13211.493399827064
100006,10997.819126404325
108013,24481.086600135844
102898,11974.0943388142
93509,18870.539139792578
89759,8536.636362080953
78191,27290.922495740495
80286,8119.650529356525
105908,22169.334008769656
85325,11137.359936028668
86177,2346.1628661967616
86780,16021.072910437226
82738,10252.876441753364
78918,22844.70915926985
79161,33177.654797366486
84004,8260.210555951915
92541,29205.16569614535
86047,13374.212267357905
106538,15042.597705132564
96648,6116.570785176632
101018,8314.887779866838
97019,22335.826730723693
105288,9262.696615315943
103441,12225.762765460742
84757,16912.294220195592
107069,9812.210076397616
108356,26758.645779537062
84436,10098.079327734466
79898,24656.570965662602
84703,18229.593025890277
101219,17130.963776113716
99858,12671.558115178279
77333,8900.32257674898
81923,11933.799692046285
85116,15347.175932132417
106149,14128.494350641911
91228,18588.874142753502
91512,19447.96590498783
80878,25503.1366108526
91229,26123.648209702016
99181,7232.158726916925
97944,22131.470403293075
78314,15415.406258578269
103087,5006.780980177899
98170,6450.691718167034
86475,7769.25531722168
76501,20528.602347991102
87632,16753.469133559298
78342,23025.904606607593
99723,12123.525731605654
87620,16401.198463552155
108111,34320.734019110736
89385,9908.990751852472
78604,11869.281212991236
87199,15655.700679143332
106661,13340.297018048483
98162,7203.011997832884
95522,14810.003011755887
76276,6223.3747463748405
80135,26740.6896535565
98199,7357.119349298366
97771,8509.222800142525
80509,44847.95338723832
80570,33297.14240583929
102070,14193.248679838387
87513,12644.451404445668
92822,14867.183464733533
85443,11464.343094986652
107258,17430.25805795783
90876,21638.93464784325
105021,21587.391232368067
106246,8814.773228673606
102213,13896.523681680135
102502,7600.734972131666
97859,12800.804228514782
90858,15498.449209003058
103900,7462.860120782645
101159,6066.774597179782
79882,12273.780339863946
107307,16314.019215073053
91892,12485.962062188872
77992,16130.239800444673
103300,7318.616052171729
76540,41376.75017248644
103225,7701.638115462386
93202,25379.199836746648
106035,10777.161360915412
80459,25389.010779316166
90377,8334.52355455636
94302,21436.588572171197
107598,13860.108839806386
97476,27587.377493827727
96871,16619.250532290993
78543,14975.896799796552
89215,10367.989474613187
87251,15954.19804890543
94113,15372.033010050487
89499,8545.672345406394
104785,12564.928190624185
87775,19601.386857036876
91882,23390.000288403324
79256,39522.20492578804
100717,10958.154515065948
104470,10657.157635156656
98732,15502.69121446458
82547,6311.609067109299
83776,8884.105578052115
106546,19386.725534049914
88539,9251.985661531007
83929,17351.513153113112
96026,6384.840811525349
104011,14909.406198840263
76131,16712.674892760562
91826,33152.057832061546
103999,21260.193904913507
82675,17874.92261472296
94439,25252.246561760458
96307,10201.054170719122
78033,15019.065676843997
76854,15105.451334005269
90036,6744.903895105532
103891,10445.430537675758
101263,12260.315183302913
91712,17997.114356148497
80856,16306.169718351486
95058,18674.77930279268
82735,7839.564995272492
82588,22984.105156860085
80775,51513.82255414176
104524,12199.905006825269
98431,9031.44553718229
82272,22077.84527253141
80152,22022.562728305184
99115,10286.87283386543
91591,25079.291924264147
84573,16899.941515910326
96777,10573.33210443466
95331,16827.83074745082
87492,16430.347956009926
78031,20130.764463998454
102367,10802.521082186753
105139,24689.50351072835
101793,10623.608477110341
82312,32126.644052525593
90663,8235.187386403612
97827,17607.475465166623
85812,11951.602074175295
93839,18069.96599978636
92711,18973.800260189513
90705,11772.292915721515
105089,15725.88762919689
97946,19672.734251980015
89744,18581.037952351893
91047,20970.212164905264
101166,7098.807154038932
101641,11892.88524659167
96865,12703.113378893142
76615,13098.100796790366
107736,13661.96490769617
101285,14630.569653209353
87016,13560.978903096277
99919,7590.3591287147965
99314,20475.582510650518
80754,28398.78527098021
94215,37326.41718746258
82552,13590.414233551763
79696,44489.14838170095
87903,11149.629509428325
77373,19337.61344572881
76494,19928.732759989747
80003,25122.638469962723
89000,11938.195462042726
93128,26150.649642404835
107992,11447.394247298344
89029,14783.754594536931
105461,20599.31422308609
95945,16460.57108756708
103106,14745.374496819279
96246,23377.582167456276
90428,7066.785016398199
88909,7507.248293071088
85222,12144.882142371014
106888,9221.910578709774
103117,8941.748870480746
93022,27203.482788863912
103375,7481.114092604281
93229,21600.885635200895
85603,9124.41736551889
89869,9842.857671365848
102338,7662.572946232996
82631,13596.182320251104
102687,12295.542345697613
82001,25897.7299180962
80204,35729.6970654206
76279,27937.63310536044
104066,20201.565283721924
85918,5235.159111685714
101590,8154.748023320408
95375,22039.113519103474
77897,12741.007113460573
95209,17944.546727616245
95921,24850.726177312903
105769,7867.365273809373
97833,21912.288009604632
106557,19695.68627413913
80274,19103.115957260557
91786,23018.67458053991
85350,16356.448040569283
96217,16478.410831479032
86429,6983.358106993813
76233,20620.056344839726
98782,9090.581985592864
77064,11723.431220801749
82904,17540.967028528143
101384,11040.785240856403
103541,7585.608879249735
99625,11072.117272900705
89436,18236.910736624177
92889,17965.65240435273
78390,42546.384410358194
80649,24188.13083899766
78894,12748.057959386508
100312,17700.560575237196
78222,21518.014356596166
91392,27056.052188547223
81452,11134.657694501246
97819,3086.5726716543018
105008,10604.233250223415
94993,23639.764265995163
85430,10263.202746126997
94075,50534.34573964231
81246,17377.986860795456
78432,25901.25345516574
89458,12708.830388578823
86520,19063.888975929345
84594,9694.891326841469
87131,8920.152653628908
103493,14374.281459758464
95302,15357.092234160767
105156,18914.175444417382
101489,6727.4303233876335
105619,9122.315630465664
81460,33661.571084928866
79311,13389.969061044083
107401,26604.662487516445
106068,16624.52053058305
82033,31592.265886224086
93749,10462.512679641717
80321,31401.74929796949
103609,12165.710685096796
83443,9142.3736070915
79664,22640.17759472526
91263,19920.12051470922
80368,30725.361649393624
82178,16487.37616850888
77812,30930.58511739424
88159,11109.591188123319
107356,10160.866575106515
79312,18459.190742922434
81185,21171.707641319157
103927,10922.336410410018
92977,24197.994701593005
94013,22861.763681399174
78601,19262.755036812192
103250,8835.946628640519
90673,7398.135065497642
92757,27145.334094255624
86876,11867.178987817733
99148,10042.652485494767
77972,11846.934593870183
79854,10008.389367237562
97128,7464.527300292704
108059,13914.210470257476
105613,21244.825073751075
94727,4685.637701127847
104783,7104.2288327191245
89446,19682.397190266296
107306,13923.07654600846
94890,23629.09632654399
94080,12253.776063707439
81720,21060.384070370503
105157,19853.16481505091
79438,44285.56717194368
95275,17426.09268871418
86870,11258.063155939992
86336,16011.100959234083
95031,22206.308985306663
76727,31947.860830679492
76416,28556.619155370354
95523,23669.33048695685
76945,11260.19262950494
92733,20985.998421249322
87625,17412.17358677348
105282,15638.385764739283
76798,28562.297425489352
93061,18389.299306057634
99449,6475.680364882511
88177,8932.741193859149
89115,16330.049972255854
97192,9562.423469397074
90003,11856.161562703379
99544,21349.828832090465
95661,22537.89686355525
86502,7074.018903452856
92299,9326.217156765359
92164,27053.08909517088
79415,13004.577339127718
82793,6755.691333485622
96761,9673.569858602385
95372,12962.109648533658
78310,19850.12875511902
84611,12506.082840536976
79039,12405.666763339754
83955,3314.803447485579
103422,7693.700530795802
98290,12950.79240049593
89786,16089.301164922066
88966,13835.17992541152
91692,13995.368335172816
99720,10622.699118365506
92291,26635.656869623577
104283,20422.026484834154
77907,34532.70369641172
80667,27714.664304472684
83714,11190.909424836247
81499,34288.46822693538
102870,10904.310858401279
84245,17685.72965159017
96709,11314.975793607377
96985,12732.051579102987
79739,27101.49842026299
101167,10853.424530734845
101412,9402.635553780849
97207,11840.332836389858
77022,13625.707676302864
97267,23644.186216799786
89310,9793.962509307
88525,8211.630525645716
100951,13735.852208226961
105401,8274.467851159876
89558,14443.373181435763
97593,22016.84652537264
91993,13619.038048934905
99362,12374.221182582134
86021,9564.675213682885
80590,30136.987185548674
76881,16654.077446153904
97173,11833.876597735634
100208,15474.685718969808
106111,17453.003634135108
94771,16491.645951122016
86006,9528.193161186997
83246,14148.11101149891
81624,21888.989802570246
97158,11833.876597735634
90839,6265.966794803351
76730,11566.273255949556
95912,26719.991428946574
98742,11510.67046045363
85366,11951.602074175295
88971,10576.946302092872
91073,16836.592517232515
84276,13942.93027056528
93643,28903.80952448168
77674,18462.39475675244
107054,20033.79442731297
76029,11594.926951323245
76703,19956.618126063113
76951,28926.250226650598
92952,24451.647090381895
101165,13919.222616811145
83703,17308.81745327248
102514,11316.522753328974
84274,16140.588706476496
80933,16515.133981243784
89802,15347.894288267067
95459,19033.868349277156
88242,11266.27813304297
80337,19385.39998342527
96758,11326.89877750039
81706,10087.209622169315
92861,27957.46056055841
97057,10345.957088333163
90369,8070.48900802147
77587,17330.946505780954
92265,18815.54321631135
91500,25258.35161868815
105511,19704.567515823725
90137,7856.557560736734
78339,21320.51518370261
90208,8345.098918922527
101548,12462.371845505386
79969,33117.27035691836
83047,7629.835033482458
106469,15906.945153051287
83513,19423.19353808875
79652,14714.497610433158
93970,5005.5387606796885
95655,23061.86627325905
93966,12665.975933440659
103174,9655.521086781351
92732,30827.44625794055
104052,16079.801814166087
104427,14526.268392643526
81504,30375.588484866108
85835,8102.917583738595
85265,11962.62143998265
88872,9351.877097184115
81581,27544.242196511663
87525,16430.347956009926
95242,13750.005032512876
84066,9322.684108116084
91130,31744.928239036402
103798,12138.962980417027
79777,13145.741894739049
96975,13029.045366941893
98657,9356.411557924921
89241,12359.830491164805
94846,17974.721244458655
100346,6363.175902673485
102570,8670.154257475126
86462,11719.977225314427
97934,20189.455220699565
96947,8528.100793149857
83667,9192.015702891926
84928,13180.42568937188
107956,6836.568893941592
98949,12453.334217273541
90998,5955.525765425219
97708,12927.10039285229
95416,21873.364459717042
78313,22440.689119137736
78886,22308.247540416614
104031,19970.168084223307
105160,30316.58028689131
103659,11386.76101962063
82200,16854.425843583194
90814,6756.278467744039
85367,10488.735153268595
83180,11285.345367190246
106202,17538.487261533028
78450,16923.659407627543
99063,8556.309804814568
83877,5268.4239570580075
103411,7505.819918346619
108533,18981.92133911836
98123,16194.1422319207
106850,11936.63079554364
100148,8181.262203501338
83012,4630.147586819183
82410,13119.322471059571
81994,14763.939472243597
77099,30308.649151339006
83281,19262.10078700013
94288,22342.882219361316
103702,7340.621556334707
105076,11904.75241182776
77642,17305.095323733483
107183,16912.48440758255
106615,13856.240524353074
84149,10030.343615050702
76911,19574.851035833024
104162,9111.091421392657
102563,7798.761280895686
98356,10692.00747175424
90601,15391.65711895252
86307,12857.05764296452
83892,15781.347241208583
86128,11219.251925362069
92836,14265.959087986059
77569,27168.477133897653
108327,18156.345821333456
101953,11599.237229600369
105792,25507.00346430411
97726,3317.8879752741364
86652,8367.023621388
84446,7213.816041959066
96826,14337.592265164372
95460,19389.344216162695
86352,11715.27481439302
106793,13218.25415715739
87778,13874.448843900962
99950,7058.86947513145
104088,14059.85070234837
92232,13774.378162725206
94143,17884.722792286917
87874,7756.035050324556
83793,13596.182320251104
108182,19571.83633528702
102804,7934.235020795728
97509,19359.694488760357
96468,11707.50318348553
85388,16522.70372356255
76856,29598.737013779897
106114,29149.663458894254
92900,21523.01810852567
84771,8509.131248795215
87714,10672.524037855937
80892,25195.648141712896
91592,29157.236908914885
102842,11888.894922908481
107139,20983.14975679141
94334,13677.47061940524
86768,11723.653462272334
103414,12109.068810310557
92179,26342.896199854844
106474,14177.390275473412
86309,9599.52170107033
91109,10644.531046039448
78133,24989.00466093729
76963,15340.154983763734
101391,10286.119032573886
107342,8935.742335174571
105184,27004.43314833341
104693,32719.764582918873
89673,16753.531695554142
103903,10284.801057165327
88947,8584.267554943823
87569,17344.451955257155
76483,33741.95972098821
86102,9740.827328173405
106452,9258.38828342685
107976,19269.934172068064
85216,15376.762485784273
76812,26203.21220356364
90905,21659.90030898446
101716,10221.632807451575
106450,42970.90685563299
79930,8882.419337687683
80812,29165.356057762398
80862,25106.705841062605
103996,19618.202417483437
93119,15891.277997696121
93986,18873.499739232342
90226,15955.209201273712
104841,7268.747201259136
77115,8049.189506766243
82162,48238.81712445949
88176,19275.41659895827
96807,18058.61250016755
87893,17033.082359568085
96864,9774.605536760904
81129,16812.0475752964
94158,14197.812692559472
87268,17358.7481445501
101545,11104.840159069889
80322,14246.91026213151
95591,22115.930250600624
97284,2584.9913325089105
76503,18757.546121276286
102457,7261.154020148591
103358,14756.124759422737
85800,9320.474866156055
77892,12072.674597926001
86918,5375.560916932879
88797,7279.710977802825
101581,5553.69301184636
99941,8665.045309198777
86005,11738.238272312683
92601,22536.90219744285
77922,25445.029281978535
107005,9655.831695818713
92729,18562.695183982803
99740,20467.558274571744
104686,11556.34711899611
87339,10917.145725574424
86577,11411.692791838945
105913,37757.6680972981
87402,16196.176887959838
88287,6901.903877124426
86544,8342.073343547903
87671,16637.04737835137
91204,18303.669238504048
99618,15262.864711929564
93596,15472.372274899366
100194,2297.69609976868
76820,29624.582778433796
78350,29347.133642062072
91114,21746.376305981117
106403,25994.75145152985
77876,17861.867384051326
92321,16955.684817786303
93803,11497.590849685323
95007,21020.876541302812
93540,19323.97310263064
88267,8027.693386140007
100770,8657.672698718698
79033,37307.28217541831
105481,10948.468322893767
92645,20175.701732116842
91504,15941.923855092395
103374,16924.829668611088
76555,29673.045641856865
106876,20009.334573162312
83008,7201.88736834969
103085,11406.246228812894
108288,23489.095454682105
78153,26088.412808394136
101104,10730.786734709875
86300,18339.24525147985
83596,14050.840083854911
92918,20918.670922013414
96263,13996.417289366362
95845,24345.401338538526
82174,13887.915608133768
95636,30495.308469054977
87859,17315.174202750102
92038,14090.430796359396
97965,13141.334237402243
99236,8556.309804814568
102581,11378.415752230068
88484,17051.16185671054
76734,19919.238414450585
107756,10099.506558660598
100368,16703.607407490053
92542,29563.86553625934
106507,9203.401692958947
94713,10333.889329481517
86830,8933.411883096873
105659,11158.59283704703
103299,10221.632807451575
77388,42805.253487626534
93171,28671.84265604687
95564,22753.860472557833
92209,19709.268777478785
103068,6420.075113659676
101008,10554.515364253797
101098,10268.174154679298
100297,6786.564668275172
100668,6809.385388789495
83587,12336.23523091748
103730,11439.875969548877
80300,9188.544021628002
90994,32121.06624094597
84749,11047.20458715098
96883,21984.25701249852
83643,24042.028983704797
101307,9635.188564403308
96979,20345.660944414893
96090,16676.798707631595
82603,9519.262715972965
79091,21942.32310998498
101959,12170.536860011674
101554,8737.525346868928
100961,11023.091309043035
82778,9663.743416475649
98924,6558.754238224158
85086,8390.926456182147
89149,7547.004539902168
89443,7697.491994805079
88608,13157.904873229269
108064,22113.07652649506
93913,22475.3115465651
104833,17781.644623240983
88819,7866.93152260134
105039,21476.41733778294
108163,14139.354109924721
78429,20388.348618996562
100022,9548.172166664153
99243,19839.026375927027
96715,13001.724787593193
88735,21330.06184702708
86496,8900.903542784656
90642,7609.7828370907255
98358,5916.425358366868
91268,27554.623638700985
106457,11564.114408776264
87063,12807.189939631551
103942,11590.313157672932
101823,16040.484123373764
104919,4283.926086878445
89192,21268.23480189413
78525,24176.41886403989
82948,12219.46885709468
97364,12351.26245205904
77638,18692.704862563947
94939,15500.261082917823
102799,12305.937806739379
97063,18884.16408781033
84889,14005.35402406391
91197,9977.06463358437
83936,6984.314866314098
88850,8145.1731505069265
104781,28136.020591501685
96341,7591.503585004364
77784,20012.90206562794
79500,23326.14554396281
85956,9931.267984760821
80268,10668.552263697764
76575,29330.41155888989
88273,17251.618707154983
96863,8893.474059368042
104149,12661.140988981537
95323,27871.554213081872
108521,13475.472846188242
104891,26008.442558344188
86333,6699.180274661038
97441,31597.068079435
103963,13144.474904694256
94117,18377.58280058851
106930,20100.327745359205
96478,12652.89590910308
93273,19488.67065545432
90140,4992.908327678134
101752,13058.572218487549
102564,8316.80190797307
89449,8864.957340711835
82080,19518.138556080186
103168,11374.368756182439
92400,18491.901729970832
89829,17043.36274994026
100294,16005.989738130773
101914,12468.029123019569
91223,18274.750325573783
107925,20085.165025022052
108124,7576.55079831769
99736,28646.523282975195
106222,6201.185139086022
96843,6087.075258398671
86576,13867.758052087094
106802,20467.126030898762
101331,7043.963057060947
76847,10794.582805086924
82850,11119.01450637472
107284,18543.950462766927
77599,20551.991507590097
96827,20934.73877024878
76080,17766.83045629784
89213,16387.705418728117
91332,21107.733022502074
91930,24931.66272511639
96005,11667.744797988185
94637,26362.022333127134
76949,11937.484447200351
93336,23727.055262256905
79792,19733.033267762716
94859,24320.824492143343
87815,10542.808599523763
100994,12321.199829516003
103939,7922.80748115096
91674,24551.643134310525
81166,26093.42349145234
105292,18931.73021699221
76991,49886.62491529049
100176,15155.39334503719
100118,13148.69762592455
94700,17262.962298418464
101432,9930.05388491083
78373,20418.364413321688
82918,14374.880228782464
80619,22436.652766995052
98870,6880.924260977774
99728,52209.143394561775
100347,15408.988073998396
94871,18797.935509240073
76922,30701.20630620688
102057,4765.752246870259
106406,20146.842237621884
81647,50867.21399223927
86232,4708.217330965828
90976,27062.361337542876
101053,9753.508348600451
87392,10176.2336614079
97377,17073.146501967814
96652,20659.00710866778
88212,10815.232630311533
106859,12645.52121041696
92678,16329.755353578716
99554,7735.8213764717
92531,38091.17034773555
84190,11034.440349603228
98562,9522.865452758546
102014,9462.851655269194
105663,19412.270714582846
88795,11753.321390663343
83227,2438.587317321312
97436,6197.266942680304
101846,9297.3875658121
80332,25918.2436294476
104483,22869.331471743404
97675,9338.39603278249
87703,9663.729938672082
105829,15360.79373176905
97495,12539.280825931473
97230,17283.03689623906
99232,12374.221182582134
108036,6040.595431464619
90470,18617.63115929272
91410,24662.452463471473
87856,10951.968723578568
97072,14384.029455673393
98581,9162.38996461623
96021,18992.830790952787
104873,21869.77193644888
82366,23510.096679338818
81093,16952.245758197954
94091,18581.393055670644
105502,23682.40271205889
81212,34756.381348419476
78477,23863.408632273928
86344,9916.697655013862
87337,9491.48381055251
83364,11287.530993186034
105029,17151.733089942652
84927,15155.606873889386
92467,23603.860758619205
77390,23804.345386558198
91159,18475.042471679633
86919,12319.195929921807
87364,15452.605965114977
96009,14280.214336799034
80050,24852.129858240147
97335,20001.093526328943
82533,10024.342610957521
88494,11138.241034965135
101773,5173.233471532493
84410,15762.188724021136
90583,9796.732280400423
97361,7416.264482860829
101276,9422.034303895136
92452,20050.652742025206
107354,8445.065139248485
78584,33588.24948974255
80128,16568.76683015348
88645,12781.99296761947
86622,10838.893085770145
81676,25899.335146605685
107409,28764.097962878925
101162,11622.31944312715
107883,12544.331686702917
84824,11165.019555245384
96253,13856.24374112732
80764,18456.026622449415
105145,18931.73021699221
76292,21056.11099117002
85405,8209.516072774803
105373,24909.484798258003
86540,13710.289212609945
91362,25342.042981041588
90075,10679.301392956973
81886,14491.436427868124
99080,7025.749540725766
105235,13868.261344046134
96437,23427.579464360508
83205,13169.36878290373
94569,28341.652395921305
92687,32468.670700331397
85951,15919.770306260674
84977,9106.340344613449
86143,19165.905185562086
81763,14012.366373708583
92970,23433.059378215923
108286,10977.606107183039
99395,7397.583444686549
81779,29090.987831466817
82131,15401.472542896923
77833,11690.619969378711
91949,51171.100599742786
84571,13621.91847911342
81403,33187.69832984355
86275,11898.621901708617
98103,7169.106354639987
96519,18260.293169759756
102141,13742.244945204653
95016,25981.53466106826
102800,17501.129109995618
102275,9447.595826985758
79437,27257.21202441531
99129,2960.7139206136876
102738,12722.908873303659
88502,13477.295766429495
83847,6378.166643913577
82098,25008.38469420528
97608,11083.909426186116
93635,27530.879336636037
107415,16687.031202767404
100604,6983.772086029968
95825,15652.667220263233
89837,9050.00836384661
90563,13955.681226199009
87183,10446.489639679514
82030,16525.462292753004
100952,5945.098196319753
88907,6785.474378252154
108136,17473.247036889836
99824,8126.1286368281335
108052,19841.07051705083
86157,20264.496523221846
95635,24960.15559470337
76024,21267.471093253716
92449,14754.560420559885
101870,17426.66297099069
85896,12533.967696654749
102465,6481.2526537731865
80302,16737.567581334246
104316,7785.4195354525045
95294,27716.76346184363
106995,44744.08029776022
86510,14895.230791753991
87250,11722.25934226451
86483,20969.07137231045
83417,13823.4409132975
99580,10382.490970226037
84527,8262.968694613803
86193,14280.601505824976
98832,18375.077021461813
89427,13669.217883251416
105172,10572.655403813103
100800,13434.4103875339
81313,13455.569333245081
98110,11710.489704189069
83944,13360.55108598923
91420,20045.381876591066
79842,25469.170977282647
98350,12531.934822471736
104288,21205.59847776082
96086,15502.263019715743
78566,22077.118077042353
84457,16320.12236228752
88685,13643.392360693315
87157,10567.485845990572
82023,24677.98981379479
95492,27431.65838998809
84139,6173.282807895478
89309,20264.496523221846
85676,8086.990904923853
94553,7387.8146384011325
90271,6500.161865434001
85678,10150.732878098195
86238,7775.568662184995
104335,14249.826189231137
83609,16387.705418728117
92930,18108.21704892586
101478,7231.25356526326
86537,9249.313755585223
95350,18604.2091737716
89176,13242.603393143458
89383,11455.13887837806
81369,26903.124988213105
96749,6981.168135985599
95414,30428.590954806557
91568,28181.841327896735
92425,26485.2958013936
107079,26666.960958328193
93550,27718.59093229795
78972,22428.164205161
80719,13434.775507684008
92919,20583.786880901975
84505,12301.978840951177
103401,14247.746542227253
97516,8863.667343779955
91738,15255.742660131105
81664,14056.871136742555
108017,11076.04604138847
94154,16451.776612788664
94015,26050.3765711735
78990,26365.31883182314
100198,8899.214138565296
91258,32264.245647260683
95886,15689.580865362532
80048,52239.53252941286
92615,20878.85846038216
92333,26515.908921502236
85637,6388.523981703705
100681,19792.03776923054
86280,9038.142463297321
88934,11622.61097092039
102926,13044.994684734676
88415,1836.3201092124768
108063,15042.597705132564
103273,9912.430289328271
79468,16830.19262585484
91285,15780.885856839586
99111,7129.242166504565
90686,8417.980776115604
77458,22117.30914774262
103540,6785.451537835772
98158,14483.190689006771
80240,35566.4106543083
93032,18935.444151392545
92380,15836.050156502184
91853,19906.84191355476
76049,21310.334572938842
98852,23678.85765535163
79019,12456.294096106463
78009,14189.641066253893
79038,19068.83262873203
106404,10402.870583975455
100619,3907.019814009211
82348,27215.193538657473
83844,8412.579048726115
101370,11036.43634800614
82900,8457.00216783286
77014,22353.727130165742
94704,30054.493135563524
105395,18683.95956322701
92471,26321.973381096974
82964,19422.11543389289
80223,72450.42256716259
83523,11667.74479562875
84395,16387.83375501452
77474,20828.75788514715
94649,10261.966884558791
79826,13255.308306349969
81786,14659.935145823867
106749,16121.886545313315
94115,28889.58020025655
103835,7960.446288513769
83617,16789.53167963644
106555,12289.492161682518
86868,10024.556032084656
105245,10840.927931918348
107495,20515.147510119798
79571,41240.25164375388
100328,14755.32509652871
77453,26525.251268938457
91473,24677.949461237553
100493,13797.577066010737
83383,6605.906842360575
96482,17138.875689165936
91509,22291.373361513786
92051,31407.35427714542
82251,17857.060333996185
76054,12181.027907195907
105927,4801.396430265733
89426,12703.972003327184
101006,15196.337442393049
96504,17047.506742147994
89053,17308.81745327248
102578,15695.427996781375
104576,13868.095489857273
94137,17828.29990043259
96387,11391.00434364247
106040,16482.79656963251
79795,10714.260732036244
102216,8113.2778459526235
106933,22927.275838918908
87217,13746.339904420167
98953,6621.015807236517
106935,14092.316672966906
108160,10489.561376259417
86220,16859.398553972023
81017,12856.78923624761
90319,7154.835426158114
100847,9704.271163360978
79811,23527.38354224472
82324,37127.62732823928
79204,21840.575486217564
76561,20297.14701676283
90313,10111.795680100091
94271,13772.80550755727
99090,7258.24213506219
106261,14032.88902248761
95699,19738.93689377352
101624,8352.499196797102
92096,10742.640945916963
104402,18883.32350953856
106877,4733.254346071495
95341,26076.54804918031
79252,24372.40041843117
85039,8510.031620765161
95172,19823.60000243317
91340,13359.009728656838
91584,15436.425695348802
104972,14740.41149125699
80896,19143.769364451022
93083,16331.252165935199
90855,8836.360152500249
78320,16578.844004666495
98584,22922.390521316698
97117,15922.384088274004
90267,8279.48793428425
104276,12456.101060224895
93771,17791.171498801043
100654,14102.892336976513
84833,16057.872717210103
79006,32994.54435719497
98734,6970.382278811554
96686,22978.986081695075
81262,12832.239854631634
104374,9774.74697651339
87939,10993.970339936754
85868,10309.727714015546
105505,8588.74281491237
87999,6362.997019358881
84535,10745.140453412847
105765,14621.103914777823
77591,22107.10584943413
83018,7975.109946621596
95281,16058.594438784654
104629,19545.570029508566
80247,18811.253452410274
98202,10689.539641558988
89361,13927.91638227525
86384,11166.141499050105
77923,16476.087126753737
86901,10419.79103652124
101827,13606.454441694545
101756,7676.475995497096
77041,26524.713726173653
97753,9294.540286459707
95848,21203.86572642238
94827,25889.670467258078
78247,36524.14257407617
87132,14712.938503578529
88911,18260.206991653904
88418,11934.976120469742
77238,13748.779107816072
88359,11353.63226274187
78818,11299.49848708196
95395,18213.506131064023
103416,12935.433586373027
84747,13099.067368738408
101608,6621.16949147688
105437,24502.700812806306
76320,16243.698646504201
98937,4754.117251511736
78233,12060.695408305144
82250,15838.975413873499
96164,19411.419897343745
105298,14267.000351498178
85892,17308.81745327248
93834,14254.986186977045
84717,4859.578870593887
104176,11296.116024677496
95319,41583.381869785255
85002,7946.663917969596
91460,27950.165764025034
86992,15535.328439338822
76228,22717.444233469938
105611,10801.715561055564
83256,27165.084272106877
88943,17821.469630784573
77394,30920.578994721523
100873,4787.921620073266
92464,19130.813780738707
89315,14715.929303733512
92773,115462.55218452647
82489,6819.723410225674
76219,16898.940820047337
102904,12167.297663564497
91039,37941.066512025776
104890,24421.457856038483
99922,16010.914571969657
107007,12588.463984168435
90649,6128.697359953469
90166,11936.063563806423
90837,15942.641558909392
84748,13934.757719015217
101034,10412.707006343015
80579,16700.327726669693
103124,13400.597757689777
92022,9750.948380724623
103382,10908.156181016766
104089,23242.71200545371
92089,18717.115313211594
106395,30129.115316211013
76012,20384.3100987182
90152,13478.80124557946
85524,12891.814088293973
95337,25018.16276657487
101744,9458.49127198895
105820,16055.033957016072
100587,2124.7049355473628
95224,29620.1982926505
88607,7776.940550426784
105741,20484.744013000873
100550,9995.600647445057
80543,24854.632594684917
96731,8449.49959127391
94235,34027.805509986814
89536,7287.552942517584
104062,9797.617603498196
79870,11195.011997203625
90961,29929.845545363856
104757,12949.182753095905
78702,9975.494743812827
82823,8485.406283135815
76387,11817.393899476616
83860,8650.187648091587
97853,8105.33943377555
96491,30645.79349276992
93018,15348.00382935779
105464,19585.275334387956
91589,16802.826484160913
81040,15667.416829977901
101726,4829.800579678997
89843,10004.071578729863
82306,21283.021149020646
102706,10345.523458269034
81905,18285.887631561094
99194,14171.101574161727
84038,11513.797957652534
99179,9623.51650237219
107945,13074.386337487926
107187,19944.44500881126
106729,12061.921252585798
76009,18365.81707710383
80160,11890.719019009295
87798,2804.845641808567
106779,10837.915769112496
87694,11535.259831111316
83225,12163.359619547024
82371,31424.56378066394
102154,10214.971532686826
91905,20934.69938313617
91831,20506.971784258043
96829,12880.230301820624
100724,11600.11183028246
98429,13715.45970027603
98046,14791.63205791686
104025,7723.826891201378
104930,19534.33448855843
97711,11282.683019548684
87985,3265.247691326766
102005,7025.203783482528
93141,28388.497240224697
93564,19541.517934684478
77719,24313.90896612917
99873,10494.663627563192
87053,15395.972381498019
96789,10713.319974360793
107871,20238.915377370176
107192,11076.04604138847
79928,39173.86530014951
107669,20631.436561105686
79401,27070.14201426401
95320,27451.76804343082
94864,27230.2384809569
80654,25277.431586539187
99193,14116.895593817762
84375,10439.058576753318
90211,13992.737378962322
80720,18170.520050148807
91902,16949.720406501678
82275,12418.665446571344
81465,40166.75945880811
93508,20543.115841986473
88780,8239.939554420207
92268,31231.46520918253
87172,15774.642829290413
106818,8702.63378492965
103457,19820.87091769371
86080,14151.90842755621
107319,16356.16999769389
104533,12032.467765731159
105670,27692.908159072536
81801,24090.13976455421
86611,16451.00977838613
103251,13710.13874569935
95313,34211.64746815841
83324,10061.127087626039
106920,13306.649104781498
93607,18591.05406431943
82902,9819.13577067744
98295,12731.459021324905
99592,8055.5566286086805
83209,19793.90800654508
100342,6394.361132958222
100059,6049.463660554725
84964,15479.985921691774
101150,9908.327056247006
80834,18174.43849468324
94660,24796.579766582014
86817,11466.231293177316
82881,15957.0600789382
92477,18862.042602646685
88843,11813.560722070572
88409,13561.204349142281
89464,16862.787014072666
84554,8113.839503927363
107456,22127.212802273003
105815,30315.49594234475
84223,18990.66931649066
77230,43231.63660039375
82653,8924.026332455507
84903,9112.68550535275
96636,11291.805362211675
92293,21169.83285677405
76243,11124.101086943252
78795,23776.139303447013
77946,56026.543897590724
108033,26558.528843310836
89601,13516.392091649977
90606,17520.23479288097
92249,27264.459259474435
92624,17816.13009223381
97695,10686.728782005293
78743,34329.48473504984
99859,19559.235999673023
78302,22034.40837423138
99986,15849.804084756897
81908,16175.951988612424
85440,7490.43388268223
91412,31832.872809919067
83964,7884.58566079234
77867,13570.451688536607
98287,10267.078085631258
92675,4780.770688155798
93893,12200.086963122721
93828,30984.473574130476
107502,19477.665015720053
93726,13422.60427663822
93097,13943.44046282088
107762,18054.52776434661
93545,25179.256852070394
89831,13937.0427571312
108065,30690.300272894794
90388,5319.619825212419
82017,30375.588484866108
91025,25218.443665476447
96293,14699.515111575141
99187,8855.270699831955
98283,6793.09145648925
93590,15864.074595433418
105510,9878.355449828228
81365,24023.087747401263
105805,18758.745974482583
95866,49148.73424867474
99079,14197.210296005487
95673,14487.811890322602
99311,18895.969339553765
86145,7095.288677899992
103531,11413.990801101025
108261,23615.784844171176
85582,6155.393950819371
85281,6678.651760217589
92591,37145.757344748796
97180,32218.5608185474
105998,17009.895218537327
101355,10780.021189936455
104286,48626.609803051244
86703,9900.804645462938
76535,11203.765178161957
86181,10873.553903526312
77004,19279.907562895914
99367,15870.067501889565
106001,26498.816579694358
93179,25962.927990347205
83031,9490.335266218188
86572,19644.857355553217
80350,29391.338652986007
96375,7922.894679826214
102219,7425.827204239571
100942,14329.332344197612
82949,11968.82427686657
104083,27110.629640510553
97140,13768.171606003138
96421,9578.979004737836
87075,13047.927234252664
106419,20184.1163208508
93602,20989.17502928588
77222,11792.91259210882
101712,9621.661033911647
106666,7527.464741978702
87295,14407.423247711025
89044,16535.868513999034
106433,7733.08216771084
94575,33381.22310714674
107025,10146.112655747867
89318,8923.844817748264
86030,10390.736564188657
103483,10852.928273967378
94536,15714.562822457543
107058,17470.43245296793
87031,10624.668494435242
100119,11288.433661467523
105938,11043.7921192648
89724,23797.054539633125
99480,7506.485172778803
83017,10334.285998419582
108355,5806.2399398892785
94711,19645.371165578235
95759,34751.65628341629
105168,13503.570146915717
93791,24114.00916046983
85850,10381.309702137287
102333,8319.019069558915
104407,20474.004554896277
98798,16930.484798625137
89284,7549.584312800431
100823,6139.088909498318
80514,14739.910357920919
105308,17289.23704500545
104612,24265.677026241687
89638,21047.767572831188
93794,14337.415969388681
83933,13871.521112619179
90413,10740.462132319715
98929,9142.724733334479
90959,19335.959022993455
83414,15143.4698089761
82228,20080.467293927104
88669,10833.053821446934
106815,23694.729386637748
84567,13209.100426125422
91328,30505.624030851217
105740,10415.146619050716
96452,7796.519096833351
76038,20969.370603677362
99940,9296.94405586763
102377,15290.013719014194
105229,22056.556206864865
82158,21847.232041104045
104844,18484.221583413288
101203,10216.385917796419
95222,19327.5188433984
89529,19698.066830951688
103230,7012.260632926692
100692,8305.578159300343
99821,18330.44134994548
81086,27750.1570472919
89399,10313.157607645433
102445,6690.573129527144
96444,6106.2773447474
83485,10255.638001784571
93778,36594.40169497894
100464,6540.30351483533
99865,9649.084549872256
100107,16863.274352767614
83973,17998.9409706428
92032,23807.567751320774
94017,13345.092724452008
76046,14705.948436108869
77816,15410.767039735085
76743,31443.161455798923
87201,13267.670263875909
90652,14693.937550859653
103448,13941.316742394823
93642,25699.073921809002
85409,16644.94694040704
99777,6631.717724331315
92216,14838.807612550843
96269,7721.887827073958
94298,22216.0250054515
106667,14170.500859949683
93716,37960.899416026106
95754,28616.720866329786
89379,9811.810776554
95970,19626.390466073386
81911,19033.86785309249
85652,28836.190519423646
107793,16270.55944902422
96389,23105.2328303752
80000,19720.31558222259
104440,11627.125021277956
92029,37553.656974943995
93473,14877.128616995029
90350,22503.20269811372
84947,13480.836332142213
81870,10402.594962007697
79936,14270.016380561645
79910,20559.58003097107
93467,28497.115723085986
80387,33200.234390891084
104360,15709.732517768738
93150,25006.920963745226
79119,24486.99323535172
104462,4985.812429842625
99548,22413.36891346792
104024,30412.63124140509
83480,19456.640566132995
92501,14006.553138019493
86740,10309.10122568451
82165,23029.906623071598
85963,17315.174202750102
79487,17455.225054876773
83245,13870.998591587053
102193,7031.83057808676
95449,23321.22922369598
99413,7617.484605090003
77176,17419.77707328022
107260,27372.13939420508
94187,25258.155292379714
85664,16834.12420184623
97886,11305.987429063633
85384,12201.979604655182
81228,29801.5957960531
81930,19095.42078373243
106627,41233.0214105913
88081,17676.314102203578
91651,15832.183511038049
98067,5350.877216735424
100814,11104.840159069889
77028,52413.82606303374
89853,5521.999591708646
92951,10019.426850848256
96866,24445.43790984911
77498,27586.901114384724
102959,8320.986165033673
103546,13547.368353706155
81127,16346.349017535118
88867,12241.283805759305
90099,8080.381112697729
81637,15324.949956206923
101995,8422.106223857698
92382,39950.455134961114
99078,24299.188529364943
93118,23955.400502596294
91524,14446.11418055033
105674,9485.377613747758
78943,8947.436089675248
99513,13728.367496694564
82972,11632.224223704752
92438,20051.7043925893
76466,22298.035782672447
93315,20753.614658855484
84637,18523.416821917155
91553,13684.834186714872
92093,17896.997350200618
89774,19002.911950997077
86455,9718.225251328735
81999,28330.239174457773
83211,17843.02759097767
102893,6968.062059654312
101347,11413.990801101025
102099,15347.859228993117
108532,17130.672660459477
94030,26896.464923498002
87114,7065.735283049079
78523,45547.05506947591
89274,17985.03909411879
103663,6683.351098045162
98104,12584.594902899473
86952,10552.330873815143
93621,13720.418394567805
90898,12919.793886998994
88902,18288.645990005636
99135,19936.902737402725
96645,14463.320836981626
89265,8342.073343547903
88536,16304.30182606041
76788,25405.065662399044
96496,11510.577266569824
83580,13392.936906116756
80060,26675.489771797776
99910,9561.147705143965
94254,19738.93689377352
98982,11546.844232359259
101182,8130.108470465928
104497,24019.50161440427
99215,11352.717098449293
102237,8495.653098154658
105340,21214.43103778449
98398,7734.791936240642
82895,8146.45178754172
84880,7468.701652259578
76633,25317.777751977454
98237,9797.036274791646
93475,15131.02795674641
93644,10445.893409984878
83331,13360.55108598923
94673,35291.17391553068
93774,25560.993909681412
94872,18472.025174838946
104642,30014.744478472137
105806,10292.833539909712
93351,17834.970075893518
99440,22173.153887172724
77434,20748.891426734765
78382,36543.69755539689
76269,24398.163412328948
94221,35594.66353340746
101103,7821.846614013362
92917,22457.944481638602
83521,12482.780835704876
83915,10001.117134993508
93502,17885.117429561134
101013,12666.560035726576
81762,18978.953794477242
106753,17070.45526708707
101173,7366.0413178309045
98602,12853.934409285104
105397,11893.737034310301
97067,26408.37372491027
101378,11227.628350484569
101862,16009.122509611845
99039,10638.703680505601
88393,15711.280801543735
106130,17885.096557185643
85828,16421.84045253381
108231,24750.111893898396
104898,15944.764335957108
93112,14045.138336315831
89768,8406.418908531015
84354,15742.946580497925
100168,7789.353503821858
92834,15853.42997505541
99208,10245.589001184577
96108,12975.019399212431
80163,17015.954519444673
105455,12803.273478038785
80323,35875.3965857857
84714,15762.061735250718
92348,19486.619957734536
83603,16315.485454937038
103959,7541.401549174161
106728,13327.759056500945
78696,34752.29886422647
94150,29407.036200057508
105629,24937.62712041499
97037,14717.91726114344
92850,19096.072437403942
88432,10755.522738771033
77436,19483.02959856135
76469,4002.6280365006382
102030,7359.244856478472
87669,10653.665004480099
79981,22860.49346380064
99662,12010.008643261383
78260,20670.94443283215
94555,34342.42270121947
84628,11067.111589309325
87955,6436.258389109699
85130,9815.040374754597
76417,28991.611180845553
86241,10614.509477790098
84603,9394.904993371865
76645,19192.947884683046
100195,6908.628363979975
77467,28730.077711378013
98126,19853.46505340844
98081,12148.72618616704
81234,29640.142251072186
87717,9404.335015374541
79724,32590.76129446325
78643,12651.582093765584
93113,21133.701380645995
100597,17279.426587038113
91190,29650.431187932758
89351,12060.45249342968
78056,31345.57588235887
76053,18691.08149819313
104592,12865.396380415126
105891,22961.78059695582
93731,25906.721853269315
90123,6374.840880167138
85669,7921.515540187609
90040,13031.073563609474
103624,8041.548142234859
82545,13532.382454882376
101212,11287.894123616114
76510,11178.321799540265
88673,9790.175043365323
107913,15394.260294712374
76619,21781.746270672207
98461,23765.106211075654
88455,4063.9883025185945
94543,21777.687420454517
79082,26547.927211937407
107039,10506.866591485226
99565,13732.745923241102
85597,16558.79027746498
90908,21282.27957250846
103741,12341.362117421735
101177,11442.670959884104
100246,2852.342501501828
84497,20605.108013790148
79003,13707.830075480526
78075,31427.223797960894
85527,11892.999404564458
99400,8170.032783918836
83118,12325.703388941674
106176,20084.706725006905
79864,30234.358758856466
96609,14364.21871176071
77968,17192.48869409049
105349,10182.855201057551
95787,18914.773910878874
86759,2361.5717796250233
80898,16200.104271567767
80948,14428.59808204835
107151,12518.58031376961
85395,9378.168882292366
86612,14848.089165441575
78951,30964.67579552185
79546,15482.741770770745
83345,20795.06112271771
107224,18640.12553905082
104509,13483.24990577311
77088,35418.475602815226
88988,11640.01334909997
79061,25105.74470727612
89758,14675.945048042624
79439,53095.287435231236
96411,13845.666929942669
102234,10605.409080924888
89720,15281.469322345612
99600,10027.840701309495
101235,10245.401678160719
89235,16387.705418728117
96214,32479.83945753693
84205,15250.628930998411
106816,26758.645779537062
90934,26733.974589313497
83597,16950.04902441859
90454,16417.39949642756
82998,12505.398820606504
76772,26001.559352525906
100571,5575.218936121166
76400,28163.59829708014
107381,18883.59843263856
93102,14573.602620679148
97419,8320.86965047622
98844,7881.676155856921
99354,7793.805851259426
90811,14257.536804661255
98152,12688.051940620138
90157,12717.657052918541
102629,15506.474902498514
102111,9811.504456401339
100448,11414.491859177733
106531,11551.689969987183
107493,8591.215592446617
87471,8395.542682562591
83607,11150.813935527267
95488,28807.659212976036
76205,29987.893098481054
95394,21678.479461310017
101050,3159.2544162652766
98680,55953.24313953447
97176,20032.05355690964
104530,15054.287727700726
83396,2954.983664437817
104984,7092.363823580997
102081,7566.376100414214
91955,11047.760649597183
79996,49590.660703621164
107833,15810.147492987087
81342,16176.320727949525
104936,7856.456088929019
97105,13059.524451735557
96834,13478.100592164097
96402,14218.444108597685
106575,9740.955263210926
82857,8063.966062896825
105504,9145.14936678565
88261,12057.453277457773
99175,7897.2489293210465
89160,12884.556308808444
83875,6699.295125920331
104695,14785.739807316046
84189,10702.415952838663
86024,18225.32506135241
98475,7064.561096215997
79856,21810.243406900932
80385,26617.132266392724
78287,24251.619215253977
88807,13959.097782201641
86288,9326.94335766524
107610,19421.20613171729
94375,19453.76533671061
83385,17056.160060667862
96627,12270.133800708922
101257,16784.20275263171
91915,16587.46078547444
97986,17843.72347290022
80806,20537.749843844827
96930,13452.618171862165
89391,13169.36878290373
85423,4208.71894447327
79397,29967.559320358654
102565,12658.567057089358
85590,13714.452135366984
81920,17005.809985346932
108098,18847.67093901844
91230,70944.62838468612
108021,6558.49563129827
102554,11970.121749593856
84182,11854.380936744077
76770,19243.990090541793
77856,18501.096676478104
94249,18543.035304319077
94729,17090.83215128777
77171,18159.308160496857
107487,22477.23005197801
78766,24415.862941114377
100849,11955.711446657786
97721,16603.341519632464
92837,16785.425989744974
83099,15137.772123151437
102521,9012.576895876517
89738,7525.595740371185
84234,13077.66085542338
107428,15079.728947518346
93895,27137.752859554865
95662,45083.71034751171
80328,21831.306804798936
103054,11296.757413458768
104950,9122.315630465664
93125,26812.026938093277
77393,49082.91551562949
81178,40598.62415519636
77207,30829.281338068176
98648,9103.931635784838
106065,31061.334427751073
85228,13689.970387748488
92787,24145.657749351965
108462,15692.24525407778
102896,11763.107988321972
78301,13100.786841464691
92584,9321.280162327144
96414,12314.982649995309
101267,9200.06906858556
92934,24726.861568229808
80206,14763.939472243597
76657,15716.583702770362
99365,13137.370522682788
96142,30231.966037420978
96484,12030.38207114859
81767,22982.96457861446
84926,9320.740408956803
84961,11119.125878955374
97487,24583.061389170372
86753,9264.022238205927
76410,16686.98695841593
103512,5940.468201740102
91899,18937.638054244013
82404,25607.250061406714
84598,18780.751880694952
95115,20081.16334652392
92544,16629.57111798457
94011,23013.968081337716
77265,25136.82023068559
103378,8016.688230548635
83828,9258.451759125543
106142,23174.101654830112
76564,30210.330230941632
93718,15704.86056680382
81110,23702.104947663323
90753,16682.181185012367
86557,7874.238188563609
90778,8823.329532159696
77313,18265.722788702304
103914,10078.33287739086
86688,14467.499694695654
102878,14424.420765602714
99734,13833.26881709795
91581,26382.944478011592
105434,10572.655403813103
89221,8445.971907344156
84974,15689.787604624607
101055,11404.40420581491
80952,25811.22535533618
80861,17204.128141033187
77446,16649.811036576084
105345,14662.979992180424
95204,18018.5917741253
96228,13771.40362210947
100840,8579.538835974214
90096,4337.207387936906
97213,26872.757412380586
84188,11190.909424836247
96571,25716.640830759097
77068,21481.34610082451
90711,12227.56582812377
89855,11328.9614342373
104858,10777.161360915412
95897,26052.02070657646
81849,26167.051311405783
106143,10980.855438063736
106333,22405.007624554295
107165,23141.07299248908
77133,11939.383744831515
91788,24694.329002469625
91418,19291.659764655175
100158,11433.95578371823
96982,18224.253435491235
81275,29112.019737878927
78741,18023.325032699762
104961,13249.216505827784
89332,6941.970015847874
77546,35001.99922308267
90860,13349.920908250135
79924,15406.255667238329
108433,17367.9892852817
101702,12542.44910581089
79340,35025.59251819265
107333,9449.993214275573
107963,27426.87333397355
89408,10019.787474453178
93686,17660.99677314513
96129,15473.920271620937
106156,28749.686533798395
87515,12336.70746426413
92980,23887.508799616404
83982,8640.352990106374
85504,9729.039522775429
108354,10024.977734805609
97260,13070.397952944093
95437,24956.89722552688
88483,15617.266937913188
87959,21240.91588106118
93858,16109.08935726166
80968,24479.441683653884
85754,12374.708759458474
87723,15986.28708221003
95880,41098.67657123998
106868,10021.144610240946
93138,12608.675680874741
104747,15242.991382101796
94889,21456.108294286794
84681,9742.966302866746
98538,8324.538432332738
77073,27195.21751152802
106730,18931.73021699221
79208,22180.098844556785
100127,12880.082572221316
99655,8049.797854312955
80695,16967.8431473698
96818,12989.775555757773
101382,7735.780807259373
81239,16138.117932622095
91299,21570.09538539053
83005,17604.725933366884
99363,10598.261062530664
76302,20836.35071685941
98317,20983.768199246537
93829,63787.264747469715
94188,19723.792841331484
102190,14936.585414806803
94901,18925.060574059557
80495,21721.134962099946
101373,12252.456888931229
76822,12711.367761007848
105052,19137.83194078974
98580,5908.706973841425
94567,16829.621071360874
95144,13938.991943627801
95559,17086.331682668137
81580,27480.11961976672
106874,20995.089545763152
79121,26836.614341079858
77257,19605.81137425042
87589,15347.175932132417
84579,9605.146648903074
95950,18852.216932159656
92510,17477.271542329985
108139,16293.010623841628
76182,33363.77977790501
88687,13954.75986180894
79244,16235.506096091045
80690,19558.89674832469
86259,15122.598290717408
76977,14400.636787246814
95716,14648.467126051477
97234,13869.480766608413
102608,9635.188564403308
105976,21047.94088847711
86505,8345.367543300998
91220,30175.013968088067
96558,12534.592712219457
87444,11400.912519645097
87498,13843.303925056833
102631,17303.705129237933
82185,18080.980355110307
99403,27023.09210940007
79515,28325.243985733054
99088,10434.39323059466
76226,21531.237991616734
108382,11929.287074597194
85313,16258.507578001703
94499,25452.493003853306
99934,6968.062059654312
82376,21143.837692341218
107765,30935.026504944824
83605,7291.5466871641065
77701,15715.687048190997
94028,17229.037404272203
107523,12360.39682059729
90650,20277.916175646253
87414,8966.55973864932
100055,9063.169306133424
90566,11541.770225018054
77944,8908.353404887164
104365,21989.63875009886
100010,12509.409744254906
97116,7940.160475128049
92053,18499.05291634979
89028,14440.753331635342
97021,26021.52036717755
76667,38192.52870098746
88020,10679.343191799562
94877,17184.601219247805
93946,19799.62291456184
107829,20117.281190638845
78257,31672.285341289247
79067,20665.927132650508
77650,34949.206702873744
78087,77286.08445985446
106695,12188.114835328706
94630,7864.299577800838
106256,11755.116962272132
95601,17387.616966244208
105796,16874.07446544044
102585,10216.385917796419
87265,10679.343191799562
81014,35613.558791859774
79536,24677.66229349229
103430,14202.971714689967
95642,26670.655617648932
85927,11875.860255047228
98965,9246.876631539428
82285,23729.60520737423
88076,7044.516923300088
87977,8241.579350408612
93013,17041.786858757074
86356,20592.90907200467
82657,2488.742615799788
104960,9934.290902142686
84159,14703.11516590152
102831,7320.6237648446595
99907,11832.95637136025
95588,18080.459212078487
87604,13169.36878290373
104688,8480.326513855523
78457,30367.958152876537
89007,14263.741077748356
104449,17627.141564909864
97888,20873.3321963345
83178,9637.698888499277
81940,18684.899881847283
103932,9134.569362061648
93309,29659.027457567478
108001,12210.245710920435
104771,8764.527295719116
79382,21763.93757545099
85883,10036.8784366871
106425,12142.328255109562
83165,19297.98683047848
105632,23669.91010492019
77132,27762.990756124553
101743,7254.184480402291
103628,14291.543113694719
90647,33704.48729972295
84997,8064.292084313173
91158,24849.50404656895
102727,8328.535065094668
83926,21150.71791215302
105492,14390.208779958863
84091,7763.868104436429
90093,21853.489617846408
97013,7918.8383572845805
97421,12812.04964090039
93503,17569.98905505193
89921,6915.820062227909
94294,27757.992685476846
88049,6165.246937854474
87152,10911.005860430116
100030,11352.576774077757
81887,22415.746213689083
92813,30874.698278822547
103849,11157.726931327312
81370,22793.422216481576
100077,6899.481980502016
96215,16001.59234099441
99477,10304.580360575637
92453,29895.683454459366
79103,23731.64043922254
83988,10332.024020134626
82753,9707.733565741262
88096,18869.551424878304
82591,25453.055943443516
78600,10435.779795994767
96130,14736.802759835195
86532,12131.468038511388
78212,18371.246867284735
103099,9878.382872154476
76517,14983.819122930194
85372,11658.39831725334
87192,11005.159981943207
89912,8935.759325034604
100674,17903.45340142745
78362,18206.84714038381
80234,13722.204376331687
103492,9196.945752589972
91876,14373.334309553737
99906,15328.992639330554
86556,15655.700679143332
95439,22655.27180128552
89552,14588.10474480654
97510,18432.13866857815
77027,24085.446866298924
96651,9562.888787379881
101124,5269.040603963244
81564,26495.745912107803
103834,11324.419651319617
106120,14518.598329846827
108302,11849.938906338519
95258,25608.88263886325
80241,14301.934512200125
103079,17425.5082537431
107671,20475.20463839652
105451,12403.913095278689
100581,7159.293468870955
103200,10304.084157108291
107958,25127.27877199586
80508,19282.455639310683
86519,10701.23723632007
106014,13764.837462108695
88647,8998.847734532012
78370,20324.676298187143
80157,45417.878806905275
78549,32273.50473356624
78346,15734.533780219155
102025,10918.814987321193
102642,12549.072026946062
101566,13696.957555999777
105090,9299.036965705309
102879,13122.484592382953
103116,5082.910744697207
108181,21155.920010573038
90077,9146.815620908177
87209,7806.879057184743
78488,24653.952445783012
80235,45292.52641099334
100754,8923.26996202404
105566,12596.302918409827
92772,28200.054913197237
91123,37567.31544506958
81751,43014.98041088301
97826,32975.12433347982
79668,24338.723904742077
93067,10435.455450876629
102583,10494.727845021958
107690,17503.0468578172
87693,12457.96424167815
80476,9865.705751443944
81846,42368.496542825196
104885,12944.773890901675
97224,14956.859746409456
101301,15205.165914834019
77468,19771.34252870679
102865,14933.351127830892
89933,19169.6216536888
80064,15336.923210182003
102316,6397.898938284595
78861,11260.19262950494
96856,9785.525411844585
80901,34187.50838140607
93880,5651.867898519356
93155,16888.47096513717
95490,26362.022333127134
81179,10503.053463033759
105515,42106.60396792549
93763,32151.13250311081
79292,22733.97051570316
79547,52933.18315922599
76889,16882.381723011407
92884,19266.37994806804
100959,9477.51651502063
103931,11051.626637133513
87109,5154.791465557507
85670,13274.304653022724
106941,17505.490089785893
82237,20889.30507313366
95369,13170.59446513996
104098,8384.80058354381
88392,8342.006641970125
79992,15639.329899367858
91429,18861.518461996766
93131,20372.372842897807
102287,8882.6677290126
93988,15570.552171594763
98533,13881.444758187088
82402,23248.863091437128
100838,3407.9484648112903
100418,3810.7993233523184
78723,22255.973733424456
102054,18485.983977367414
103873,7043.963057060947
102429,5052.93786939927
92423,18265.74738312559
100306,11640.817681416855
95398,27333.477793115708
98509,6454.266830382924
76571,21533.634907111882
99096,11989.677329709484
79974,34401.83649285147
86070,13670.624948355993
106407,18317.44093234414
107921,6764.457161154214
99358,6049.72354129907
81645,32921.466364644526
82190,30461.079370212512
104692,25974.694991706987
93221,15366.134936513052
100438,13606.454441694545
91444,16297.371739669237
81053,51465.80290806586
91363,19082.595254923493
106954,20493.03483248038
106654,18434.48329452075
99522,10852.913063423717
87009,16024.128584310904
87909,11272.07402346648
77419,19716.197951462895
97652,19560.51884244955
99779,12950.79240049593
85584,14975.061590295923
91829,16981.285305396625
88101,17843.02759097767
100556,4155.676979754537
90352,7626.451489916764
83282,14699.783564070776
83007,14736.364101228999
108313,11636.26281441688
78810,6352.17392973264
98828,22873.04251565182
96114,6463.430831199867
79191,22352.08576590727
87297,12078.053797752635
95877,12763.717956890925
94139,40641.21004188473
100850,8254.280661807867
94945,55623.18228952348
101089,7393.949063618555
105691,17532.93370487882
80668,17013.633399491773
81214,31845.296820142823
87518,14600.850583277557
105030,15917.564790686534
85923,6861.128017113385
83311,14518.366875810443
98855,9875.199979212593
104159,9258.38828342685
82779,9716.751964337347
107742,10196.362080963185
105468,25647.277029612014
80455,30753.371594389006
86388,19298.625101179827
94821,49988.75857102052
103268,9626.299470937265
102051,7717.117655509461
105353,24788.36179539003
80456,18581.17444781939
100987,10249.364256931702
91198,26641.608069710608
85153,13669.217883251416
103654,20212.45329610607
108172,10279.53573029006
86497,10686.57272321623
105311,8977.703236378953
83207,9189.33162169036
103088,13797.577066010737
80581,29785.978516783718
94590,24613.97860513155
92857,17019.785844588325
104990,20389.588524932093
106022,11049.620292653362
105717,16964.007011672868
93403,30111.094383954223
85166,14131.550662379314
106430,14623.150500205658
99092,18965.667072989345
91093,14195.492690857984
88851,19412.41083213068
98289,25726.88539315523
105096,29692.29253626298
77047,19234.13875111626
104430,18387.4803327535
89790,4599.535146026554
95496,24081.55342107036
99397,10902.160987067435
98691,7804.606888410859
76750,33291.00383930417
96768,17789.47716271426
99671,10910.447729320342
100893,15710.034825571496
96376,3383.411891125138
85359,17283.692664798175
85526,18201.197612332446
99471,6884.979958001451
100718,14430.28541892582
100408,7251.222271648388
99396,12648.456277848793
88571,19532.744894309726
82056,33937.61017752869
95339,41145.68517197536
106966,43170.1990832817
87419,15595.628587130443
107951,10799.60296869785
89086,3365.6205104775327
81863,48618.101052079095
85352,7576.366076787213
107573,12014.176935801732
85160,7785.575942679345
86447,14614.267843293028
85129,16000.015458819656
81978,24004.71249805533
76538,22559.557762549946
96475,14560.6210759078
81872,26075.536745924765
100975,6542.060723207746
89846,8269.058703688386
76813,29487.459249872143
79861,12556.930736789325
85807,10608.626268532915
100520,15261.078905940534
83614,10487.839059559037
101194,16151.06643740989
78639,31950.08333935077
97237,8712.770626109394
106299,11068.104696406845
88307,10578.96932071618
85314,10050.674086515854
105736,15009.789045914667
80065,13624.652163246441
92131,16499.51486198234
88644,17788.19718173517
76738,14878.173632063414
105697,14296.203921106768
87316,9378.168882292366
98209,12819.453062136248
96229,17447.38444756322
100262,5077.357274709142
100999,8555.200331953425
107614,10005.090120327948
80838,35959.5398238492
100986,15269.95783267373
78593,26560.36205530295
100441,5899.636199214797
82682,11542.648920975673
78999,33635.218207399805
93261,14418.053890374353
80075,34165.950438424006
93655,27857.25307754708
100596,17573.231861630957
104232,24648.04187070322
91804,27636.040310339165
77995,15870.934734858705
103787,7080.372245952676
94205,25189.9253609
85358,8703.518592105564
78658,18104.019214901127
104647,16759.44539425699
76044,22465.13268899815
76998,10886.285893135095
90687,18434.97141119068
88724,22786.184048285235
89881,14112.736258389032
77162,17779.573303489946
105640,14745.168302856393
87663,17141.666289289024
79472,12949.014382876574
105402,9716.902094634886
93024,25372.20773027392
88764,13365.455338238133
102845,13140.9211251054
94779,16836.283310030383
78682,11844.639837855573
95089,36615.221527452406
92437,9183.946373854757
96574,7623.996013859363
80215,5460.658909930639
103217,8573.44854100116
96957,22026.150687214624
77332,15715.94620152571
88904,18410.274758266165
85813,18990.66931649066
90079,17767.698008945383
106345,10069.685046890354
93236,21220.485502343156
77551,28757.718491606352
98682,10462.390273367966
77482,28061.332410594365
106734,22329.999902098563
96167,13768.257101166082
97901,7769.620409972039
88753,17183.09232138281
80085,21358.547026379718
101127,10030.470179789583
89915,8867.981610911258
77818,44675.23685464511
88216,7490.43388268223
88372,14449.13663609334
83811,8883.984375324508
82936,10436.167926897086
89742,6727.00216758526
91673,39147.245052789935
96257,14174.01943923878
87975,14085.884355932996
80305,27536.74144240744
103204,6440.803602522004
87651,11365.009468659207
97692,21219.159897779784
79587,18095.187345568047
78081,20435.291274789422
90382,24862.709307668654
101784,11893.599824230188
86751,9815.040374754597
83746,7612.649529278364
107367,24410.540644378605
102824,10783.584646509194
88861,10274.998311965366
81296,13595.66679060936
93069,27199.26741437851
87324,23517.849458735112
80156,26712.049407463397
101653,17487.80520718114
106220,9741.482401620422
106598,11133.098313416356
100402,9568.626302426923
76609,25416.374193273423
84956,14621.79925173491
95576,22414.504298024982
99581,8122.7945668202365
80485,23046.080709953756
77166,29805.036355958142
76018,11674.54205016968
104735,12991.246763443507
93333,12508.402255352394
99795,10888.19591482342
89839,9780.703865243397
82759,12625.321259723298
78936,25442.979136716098
85749,13993.315025717051
103893,4999.301363922894
80488,22218.35125228676
85554,11457.636311791206
90240,13599.814438145846
106288,16682.761539125277
77948,10617.235267022517
102329,9363.11302560351
100162,12950.39630449588
88576,16744.87683256958
94039,14859.145714623213
94453,21230.48701872938
87879,13560.978903096277
82862,16567.315009986392
102535,16703.607407490053
105231,13356.164397582581
101295,10373.826572162186
103639,17796.064037811968
100996,9842.487659623355
90885,7051.495829965809
98058,6765.627414734523
76405,21150.711982429497
81140,13370.988443514752
106762,3066.1280124574514
77805,18435.88777731338
91903,26467.073493686927
103506,7645.545483574089
99841,11109.381467760093
86237,11290.452590715404
76010,25124.295012312246
90547,17028.564728287358
97073,10154.659460420464
96345,19576.939902251972
104803,23202.722388734517
97547,9605.341639576964
80566,26940.968811080467
76686,28316.768687519958
76532,16053.308830667092
95342,17352.88934931723
89227,9422.535460003663
100141,11074.92717562713
78308,21839.649345300466
89064,14031.697558666052
80510,15981.756810160383
88585,13397.030587487272
104610,19090.735228426347
82104,12947.66299534904
82975,12599.890801857005
89065,11618.914498979282
101733,6062.878763748843
96657,16320.727242826077
86410,15467.263641736487
97079,12637.755085560379
99980,7778.155321014754
83405,17408.205660599357
94937,13304.235134430108
88990,12059.823735815256
100897,10051.33920807376
89852,5544.28434037503
79720,24234.7589338421
87573,7946.772827472694
77570,49522.20434369156
101535,5490.417989033873
106853,28242.33592569985
90614,14554.2652018414
99883,22854.89735963314
90053,15126.98440416448
85345,6095.572174218179
107848,10916.547400529087
93445,31000.033037240577
80275,14025.19147101654
78979,18100.570552530186
102516,13494.74618301758
89258,11280.82827538689
107117,24030.742859917074
106721,7925.270135857048
92982,25310.339671281854
83496,11068.340485668854
81803,68008.72046658258
106993,17579.039107045206
103294,19310.519348644655
94098,13233.64142518677
77532,14397.966769210248
89286,10306.933066471936
89501,8482.607296011267
95186,19888.239759509383
92283,29880.75618394213
95290,19419.329234774854
96893,8345.035532722759
100971,11466.028581216024
78080,26999.635665636884
99131,17792.355674719267
108281,5872.607679738723
100144,6989.956752522197
105273,14829.44456988347
87851,14100.305918142853
108128,11956.525422856668
86420,9316.28458420062
88534,8010.91994249014
91836,16134.46058611468
105068,9977.521407485454
89909,16652.43385424686
83912,17243.26434251044
92078,31837.237887452673
97169,8920.013122932216
89505,7875.318038485441
84000,12381.660737851802
95770,21310.616905817762
96966,6780.045957142078
99958,12916.30043186248
93263,30937.824399180437
85201,6400.778750811725
87858,11308.722904653658
76733,13705.97055501662
95475,15893.325068097345
76959,16424.549468449222
88587,6428.622122817992
106240,10591.217623885186
76297,27530.309413724073
96655,12530.12130849246
97329,6175.941518438897
104459,14937.946979015382
86218,9900.804645462938
92652,22399.12163939724
87708,13037.514869346309
89003,11216.54024145576
77758,8949.3037820397
80355,10265.278543998642
102381,9603.026648444173
102034,18983.51910683197
85449,16111.060323235037
108344,11639.646862337893
103231,11459.577929128098
88619,10227.173506941665
91294,15620.763047691624
91671,25570.310409204103
89398,12277.589168742894
97449,13160.00681451393
90985,20176.019255731364
95931,29289.25710499527
91207,14794.461016165616
93227,32276.408636354696
83380,7175.785546547175
88517,4440.179653111888
94074,23495.08423957402
83286,15452.605965114977
78621,24067.401081029882
78559,30459.790516747045
95517,25108.923824628488
90301,7562.951213546553
86982,16061.985214482882
79155,13031.405109914756
87645,12813.039191223304
94734,19282.996671081404
80776,10814.733808232279
80191,26857.416626873954
81665,26431.98756552437
95409,24746.213905678822
107275,12178.456340167151
88752,7632.314855539018
85344,14150.74414640528
96113,13106.05418432044
89564,13054.668128656704
83351,16318.18451266816
77727,20534.129650464813
105427,12504.605922723551
86511,15175.995658013579
96465,11900.134996114619
81345,20692.97392194589
102204,7468.162042261706
91518,58819.65452745774
103030,7608.122675315406
77586,25334.75245229245
81802,19879.65762877984
97913,19194.590766786452
106159,19327.85482792593
101107,16070.946679664592
77988,26867.057865994142
103558,8336.43365322371
107080,10099.454298780158
103080,8034.750381181136
81729,32731.503472276792
76576,13252.43837387349
81302,33605.25969856953
102815,7012.260632926692
76838,126618.31253774052
100835,7076.119852635179
92600,23835.098677371585
98836,9875.199979212593
107734,12771.855072517228
103146,8651.902816751626
92838,27072.639762464623
107210,15825.462593506956
87193,8023.772425340497
80803,30783.240145905074
99014,24662.81698157367
81317,14823.672234745984
105975,14833.209197645874
91289,11843.616011867638
102427,9115.695990500857
88770,9144.072859585489
93130,17838.799726171692
91428,30887.15410388697
101880,7549.656497067617
96317,14024.417284687548
79846,17039.630643064564
76152,29775.06738999156
98591,9747.789878609847
83409,12547.589582809927
98307,6956.978991113931
81931,41570.13333580283
90083,7135.097809727091
77773,16055.62917361275
103635,10090.893235442516
90621,7154.731756044119
91055,17169.767532654198
82011,13713.012490787889
84194,9508.380535474787
107360,19853.16481505091
89868,13807.560295032408
78774,18021.085203335664
98229,12004.85370815555
78895,14266.05614164871
104821,10582.378924531165
88829,18376.357809159836
103561,11009.61818572173
95077,22366.393840084922
77218,15747.24255899566
96894,8915.991365660908
102467,8888.987966912262
80026,16258.140863189501
81904,33749.207297237765
79212,20211.13981409723
76081,26640.483618594822
102446,11832.95637136025
92123,29978.386650309156
99505,19504.67133991411
90701,32986.679143131994
94131,29895.040501518026
98499,9751.322711954455
87292,17272.031655846957
101982,7016.781676007779
79507,15639.329899367858
80367,22552.358482861342
87303,9251.59113855085
90939,21191.761271643405
105990,22486.37764799715
93538,29603.720278038367
96747,15571.779296243065
96705,11954.91860101697
79540,23569.499236885917
97104,8932.03738406533
83406,13934.04587334807
105299,11433.233367044486
106722,9897.875964234347
105452,13976.505536702627
87290,8549.599346676767
81467,13821.98513312545
105170,26568.53677210105
93330,21391.413456673374
80272,20858.761750355632
107730,17669.90642375755
96010,20052.610445052826
81845,28446.164366680332
80811,11663.346751782747
83571,13706.930273255393
105322,18114.617943269477
77762,17782.831966980313
102039,7212.886662832426
89712,7722.429494955839
89635,17460.45164316905
95445,31160.757841574487
83168,11457.636311791206
97583,7956.948730729808
90719,13599.814438145846
83437,19381.155997699534
95182,22330.88708538511
85203,18058.037698216558
103788,11368.147357511656
82303,15489.836871039015
75983,35226.270450714255
86812,8266.261609642363
81841,29975.367641130608
84828,7679.6563589497055
93783,25933.42902927466
107916,24389.106311748445
87430,7506.437090970069
104874,10422.355845056407
93137,18524.39625446044
103047,5345.480105096361
102110,8209.929263316448
91435,18596.14291526362
86558,13431.838669917195
95141,23292.35486497336
101513,7212.238241971282
98883,7545.38888303502
84488,10562.67312169633
77317,27555.350723981497
76345,27929.22585378841
91779,23555.63922185001
76882,12167.234388216764
90888,9820.166407403032
98663,10114.408712895274
95756,20559.49725908953
92853,21688.474291294828
105681,25511.113724851737
100628,7891.4285990660655
93663,15255.355051828972
92183,25566.429823016555
87635,18553.863711597474
104386,29881.64356637416
87388,13673.98486613811
77217,21429.1720418389
96722,19068.99966612816
96916,14384.029455673393
77168,52295.839922050065
78963,13912.728130098902
93780,22913.56193671468
91677,21971.613483933637
98082,8774.592092666
76229,17230.750658453668
92338,23915.344479751337
84178,13673.98486613811
106784,10869.80450966866
90742,3190.6915812402626
96034,19024.396249555648
98064,8365.09367727426
96973,17724.554359348087
102048,9262.321562586909
106484,13508.097485918634
105759,13106.83010703136
93589,26962.98192196928
99057,12847.106435189778
80757,17520.297252350236
89636,8315.647938967775
83495,8189.242277107669
85277,11491.846671165706
91843,25084.586670293487
107118,26133.040548051973
100387,14770.860222963876
81885,34590.918072814464
105369,18894.64128249689
103588,7800.160541409145
89859,19126.520503401836
99533,10230.60737550808
107533,16628.272832599276
103667,7492.853183962455
92303,25810.656832113422
98400,10160.011612480434
107283,10911.598724683578
77352,29101.626350092443
83662,16628.317270062606
79661,25039.34243014497
102007,12658.321583133084
97793,12785.943177006171
106968,20895.744441585302
91632,21020.876541302812
79763,31774.13906559143
84785,9711.847015529234
92155,15460.026113196163
76625,27582.00058598807
107370,10501.256383201786
87638,7567.163873003839
96040,8877.35802609491
97299,15062.711558426321
81301,19804.977605206543
83192,17243.75425029421
105291,43155.84848847294
87135,13222.767508705972
75985,30904.827729129287
82125,9844.94809398012
87636,11061.544516336498
78783,31672.285341289247
78662,8027.35242926637
87134,16240.609649536384
89451,7436.559673464289
100098,11014.656897761832
88589,8220.053610941843
85831,14930.029093156523
101724,9925.503757964587
107345,18592.302381401536
88336,12100.390126373028
105588,11398.896078299305
95273,20636.084934445593
101163,8903.232769347193
77479,9487.377940218217
80339,17664.9877018016
86561,10911.005860430116
90365,13443.751281729552
78103,15560.15135492413
98617,10915.867492390546
77621,34879.26955507354
91901,23392.682948746595
93087,18987.1859003711
82739,13615.674257062414
100953,7940.3485402967135
80117,24088.2479317509
84174,8338.785289825611
106828,18372.91457380639
90803,17162.200838787463
85910,11308.722904653658
89576,9154.921108482513
106572,19965.641167584992
88570,21041.269736715625
95066,24591.19668902517
101114,7477.47408497691
90936,19684.258375719495
99197,8126.1286368281335
106363,8805.369160078051
106495,12260.549810869292
77516,8856.815245085545
88093,5470.084748906404
95483,14487.811890322602
93513,74185.811601203
102348,6542.8773360039995
104779,11985.45551413115
90381,15761.788508921269
90866,18046.127834694384
76005,29332.175131861215
83160,18229.593025890277
105547,14226.752731034478
102598,10334.380436555832
104485,20050.874959463352
88186,7766.969154360423
100958,6450.723000327702
93967,29311.82675406062
93296,17266.7357422131
102906,12386.6489981504
96380,14206.890546384053
93298,23609.472465305505
84722,15523.451191833045
76718,20351.04322583667
80056,26450.358249225435
78850,17802.04622765905
100715,9328.92027152042
97058,22263.063562191066
85906,13615.674257062414
102477,7639.452860924642
78624,51083.823265140905
104387,17950.745525010396
104252,11186.028491335463
94178,14422.855433726805
106337,23361.45827535547
105385,15660.792476993409
83119,8528.368805404694
76930,17328.050221706482
78083,27547.763731099112
97868,26635.287680915095
81081,11380.154046942152
102325,8264.288222950738
83604,13669.217883251416
107825,5746.146038507564
105577,23578.93232536594
107308,8302.234649969963
103876,15518.161636476105
97378,22102.57473675655
89508,9869.224493905966
86933,11457.636311791206
100033,10868.466043344051
84820,15898.583704312896
88884,12964.881218628661
105458,5809.510881788047
103164,9859.872413945604
101838,6550.458945103882
97811,27710.13935147088
93826,18994.570134051497
86364,6677.253337803665
95317,26213.42027842069
80613,19940.255295124818
78372,31625.800526001993
83283,15497.458196582147
93249,26469.5053094529
104303,29113.28985151353
87973,23236.442380930603
89997,8229.20163171963
103013,7222.22051758396
85570,10776.012623724806
102979,5608.517175024967
78598,8831.949738312223
101402,6987.938500073291
87313,4583.798503544188
95505,17388.317905048192
79319,24720.765597597256
95230,27858.308086849724
91808,18717.696511741564
98678,9381.627762324886
84270,10407.543109842149
84932,9954.97205589244
92433,16907.28919836536
95944,17987.799230888624
101180,14954.49395823149
82624,18101.947579281405
80920,30724.523859224
99771,9276.305884712665
86425,15806.649144426234
92191,19541.517934684478
85940,12134.989957105585
97391,14981.953196325492
101341,6797.956662901818
76066,20017.18697858208
93226,18995.608496459976
108367,9885.24560786871
83144,8838.23130145349
82764,10079.324243894533
85112,17843.02759097767
97167,12765.535383333608
105808,9826.594929440604
108416,25207.86414479309
94695,31134.2115117978
100332,12182.143716832179
102829,7831.229365680545
83817,8100.294885265773
92304,24238.107188705355
104385,8449.276145945707
77858,25196.175454084078
104454,12010.025318873431
100292,15225.725929013588
88759,16446.638486892683
81746,20346.74734235462
98246,7008.460642498292
96680,9443.630511999063
84163,7700.064111512514
98135,12541.022239266567
75975,29641.881860257497
92064,14732.230764669608
78732,20009.212942819842
99528,15616.106010362528
97651,8400.453329694497
88195,9993.823096284455
85398,15942.161660751317
105940,9668.332894173725
83822,8445.142560658342
79148,20679.98835342949
101011,13550.261478940669
91642,23609.472465305505
92277,28006.534908079695
78438,13221.02986253659
103126,7425.827204239571
90247,16047.493706702751
105738,13604.60311385874
91585,22508.674205661493
99313,7248.18372278637
78484,10852.879041605678
91221,44748.2556757721
102068,16040.484123373764
103027,14526.117288579388
79594,33377.91523191927
78290,19569.159393845588
83059,11944.68021565305
94542,21965.331492322475
80450,11796.602689606922
86055,12916.863741592751
77128,22679.325716334628
78459,23513.398086712496
106614,8007.14110038284
100580,9231.730766040624
79200,23361.84463503567
90988,18477.714806325122
95354,30991.164866009833
95524,20217.42604337217
89514,24040.923932287744
100494,8012.817834503132
80365,28200.033645399642
100498,6402.964905955115
94820,21436.588572171197
95203,16279.437016941862
84845,16344.486499551715
103726,9741.345708597788
78164,9826.064128836686
85894,8207.238428988225
83974,11365.009468659207
100042,6980.513446505799
82641,16023.11431585425
89331,10007.087752663158
104138,20285.98672366576
84136,16304.30182606041
93037,20987.287355404667
88791,12119.968567987227
102077,10593.996630766333
81882,23971.383105023702
98035,10260.67320750803
108194,22344.202999303754
101297,7410.637705983986
98938,13431.738202860444
98486,9626.195625066595
83293,9155.10733660035
96404,12625.996148496104
90115,15761.788508921269
100205,6788.867453013179
81271,13895.696135144037
99430,10338.728731914633
106622,18951.708089325482
80213,27499.807160442335
106624,19073.424248955886
89907,9013.496152416938
92178,15577.216458970457
94849,32827.271038336476
83585,7825.913723928354
85742,9254.570809472158
98510,10874.651743974931
95629,32216.356554583723
86114,11252.827647745356
104028,24205.337431614753
78862,15055.64044363405
100720,16071.260712730576
97302,6311.06236610189
76761,16639.754927270165
97918,23765.106211075654
95704,13463.92926640161
108116,39553.850752806386
101381,9485.268551861986
95542,16533.62779064032
89609,17821.857180405827
79374,14144.277654115282
97399,12975.019399212431
79350,17100.096754663773
101700,10494.67231981631
76556,19511.307516461093
85945,9816.142997838864
92706,23986.179444746565
98698,12400.113447679243
98683,11968.125524072317
95706,29120.683117783934
91170,30971.48801512336
89870,6910.504916360343
105665,23648.84406702766
76774,16877.32157906611
106996,11564.114408776264
100111,14670.689232919789
85146,10319.882953380591
87623,9877.843885689512
106125,16839.743754502513
81146,20301.581277571375
82472,14533.334305355425
106621,16139.196961822814
92229,17018.035970249293
100574,9886.357330507624
93325,19380.85124053948
88820,11691.114304919967
95448,20086.067870208746
94293,6234.700876370262
83682,16421.84045253381
82826,7390.547701311053
78729,15503.34693511685
82431,10215.324383479388
105701,27004.43314833341
90828,15613.72763592703
88782,17796.49855824378
90765,20516.38891283508
89779,14544.759066509749
93973,29674.29496017749
82915,11592.130462138326
107131,21604.712877141723
78143,33874.09421228323
101557,13945.53827735208
81060,16881.40450321199
88032,16629.928264809692
102913,10587.654859232936
84050,8340.989180515406
97797,12696.692111416756
99183,5467.673655188753
81588,30167.280271161122
89819,20827.761143715794
86947,13116.531941769466
107568,21989.63875009886
92085,14915.627980871259
101729,10274.132153801329
89417,13879.923705790752
89797,8077.3618089933925
89349,11840.92829866583
86040,10184.843230612776
85454,10514.728961812083
78374,26371.550029077982
84084,8294.8005482401
88370,11440.026628537942
99555,22589.70361237612
91675,33339.24230142275
87112,10278.043655897474
96235,17010.45628288173
98203,7398.72405725317
77675,7000.128398700506
98775,8074.295230955958
81614,32077.41093495712
102391,11990.257616162311
77097,25385.249709015337
80494,27587.04117826722
91050,24044.200768903218
90412,6479.46873782453
106318,15366.425838237747
88976,18229.593025890277
95898,24739.871949818815
107839,22998.101980428666
83737,8832.303505146743
99929,13883.816650821764
85736,15620.10000190081
100856,10530.221476876142
85708,14497.709124528963
90131,9289.593160039361
94568,19072.842468566807
96466,25403.363151131165
100117,11970.401271726536
87585,7534.696214010177
79106,12441.782286797672
80237,21043.24098685038
91302,24263.340855843522
83945,14995.102433882232
80650,23382.624061552182
95104,15379.63792319847
96677,6328.419007292991
100682,10709.3651963478
94464,17804.382500794552
89293,14076.929174763149
102107,7080.372245952676
92219,22949.90373203383
87853,15836.090800535285
95391,21401.10959986193
102232,10025.496414226893
83035,8409.336412313662
80636,16273.175546111532
105398,22689.95398245615
103291,10207.530671109547
78340,14815.484624869317
107130,13475.472846188242
85694,12205.875658123488
89901,7421.055634750129
101501,20512.340786981742
92797,40550.946440481435
90279,10594.61063075793
92115,26459.57757459859
105910,12192.411054556245
105226,16218.392568663498
94797,20073.490980043185
88857,16022.637878825071
91374,19827.89051582771
106841,16660.115866398515
90283,16587.288444891536
95421,23812.793169393888
102374,4579.77591870531
93581,22001.522318429877
77463,37377.26098720977
94949,20510.554915084784
79220,22931.664044497098
82822,21342.607614518936
107897,6708.086601657902
77398,49534.49467434594
99943,14144.062796992035
101334,6904.968496504574
78664,13588.099211663291
98917,24697.558152482292
98320,13481.801005832056
86414,12099.58996423632
106690,14140.208468460189
103656,10492.343059998288
82816,16319.813579869538
92595,19524.417173883892
89058,10119.654861096618
90981,24585.987301639365
84545,23553.66969572044
85121,11526.965539519946
86786,8396.9279638366
104318,8893.236990621916
101816,9823.668506616237
85525,8871.934391390932
79169,22323.177356123066
90473,8313.330601025016
76459,31091.067248666284
91881,18868.263306253662
76343,15619.383944894975
99475,3684.3054023929685
76756,23343.266912157156
105158,8444.556542038334
82355,22445.650350049527
102382,10813.304133473397
102739,10496.090816355754
95595,30438.505942319058
92655,16034.098399466324
93230,19507.863688052857
92502,26073.426432901753
78020,11936.066675575623
76077,17056.155624113548
107845,7942.23722401353
94272,73761.89652627356
89239,17235.501448670373
81657,23919.210445314155
79605,25842.18000275688
92466,23330.260179387118
89062,22248.248311807554
91866,19964.148930534357
87629,8392.220262054563
94495,22180.932982636477
108301,9668.332894173725
97893,14818.760007323941
88636,11715.27481439302
76642,14692.314931127841
97723,6704.412225525375
99689,10722.329235023872
98669,9296.92545021677
107547,29240.794961563104
107324,20002.88019863335
96837,6061.222838284526
87607,7411.734517815995
77412,29245.60622112801
87012,11561.038747046916
106509,26082.5747856989
96290,13269.089845242146
98997,16393.145345571866
80784,18978.60930798
79231,19440.632712941093
99071,11798.526088297462
95343,56519.66949565984
106067,19963.458831031854
99385,27106.882283732426
108247,25704.387314271837
92030,27113.124002023436
106907,19219.009151301474
83305,10860.865995689968
77537,10899.643180896252
94191,29564.83145800287
106218,11396.167793143717
90895,18088.170061614805
87733,13746.339904420167
85938,11534.81780034492
92778,17582.438743117942
104351,25220.14136212502
98023,32182.71796933847
100496,10260.896923688444
99703,20175.11128975861
97963,5791.347493204837
107514,14127.694749093978
90147,16417.39949642756
78976,20618.269060862138
87951,16764.398617162926
87689,19300.888276917376
95720,31873.54188087858
81362,13690.045215532658
88028,8627.299442518912
101241,13768.84736851318
77282,20721.897186383874
87318,12084.709002487796
95832,14670.885358567932
93146,22580.780051026282
105053,29315.930263455175
106782,22819.24548690089
95641,25090.901605758638
101467,11319.720753735013
78487,18884.615610469482
97221,9695.311739399936
88550,13270.04149915626
102969,11639.943303307862
91727,30188.157753383373
102790,9935.161934585287
90218,10442.640110997116
95243,49243.33692280179
101112,8038.420836824608
85231,10450.873398379084
108368,17366.186713408468
84764,6820.834362056873
104560,22108.105195441924
88854,9484.548560236795
96342,26844.35912289743
97363,11885.553710383234
87222,10318.079501344035
85750,13358.08220710921
99457,10055.016390581126
105834,12288.465644187547
81230,20309.349475066145
89905,6644.703653323933
99107,12668.6290219712
97725,27328.763227774
103383,8028.449365514593
101881,9840.929020752346
79274,35491.57252781546
106126,17380.24574754565
88014,8118.066030306993
81379,20688.386434765074
76685,11369.745892976525
81756,34245.68884523607
80382,30323.36639783063
87661,10834.714718621159
103160,14320.175522860633
81893,28683.93741790495
103538,12768.019890128082
101780,8752.806858693055
81384,19883.813677452446
106350,27325.460543514164
92907,18044.07696625334
99538,14092.453547558167
79214,17607.351559567753
101909,9200.764538430243
107864,16357.117176041953
100524,10412.707006343015
84466,12559.95780100855
105389,21245.425581855903
95621,16511.468644017863
85294,5745.684803000709
101831,12089.7123639156
104539,19418.78697992395
97418,26911.341353585845
84417,13922.777214417798
87082,9495.005027930994
90484,19902.824283729355
94455,22082.966227141325
88204,12552.648648326922
102964,10633.719707889833
83265,11773.391151331998
79644,36642.205003202354
103662,11676.485161485785
98160,17660.20070904796
86602,18691.343385583372
96773,18076.83593693599
106258,19843.489317242438
93161,24841.89309200151
84913,10341.44038880585
93566,28128.55710866225
99048,8825.031614033618
105009,19391.07133396462
78907,13041.329419148748
86767,14384.486057011003
91280,31822.353953758637
80284,13155.952165038912
90664,12425.122352484228
82570,13016.47204516172
97344,6697.495303886142
107585,17416.719875486404
88462,11834.542537050555
97190,8860.562371512811
105578,7744.570822329378
100275,9839.685981685605
101818,4837.330376287178
96900,14607.608692235364
107149,19497.7189844456
92413,31981.301360731424
79385,32756.39927411276
86389,10408.120899579018
95212,23472.14015840324
76373,20142.615175089955
78959,25015.701615402006
88737,5907.338037871563
92016,34022.32051897687
86224,20795.926458454185
82578,10910.689121966916
97155,9014.042440395006
107701,14591.857771847783
100516,5920.611694999779
100278,15312.150366866494
88637,15617.593003864406
82527,11170.284099436945
84753,7903.747427804602
103714,11059.08652638062
100322,12814.12216043721
86770,12230.077717034175
81754,38329.76252595785
88214,10615.203777259005
104113,14086.874071527047
104421,5092.615329758491
97736,8574.40745428224
103535,7441.17964533547
83206,16818.171775532457
106330,9528.376628473061
102339,13015.672806396722
87709,11694.662320935993
76492,22776.03861112675
77728,19236.024489305848
80481,22046.963298784136
103158,8427.036986777925
88892,13169.36878290373
100388,10967.021362747619
92082,23024.040358169048
81236,27994.472093587734
77042,12783.147931768119
91157,22039.087680501132
84392,16744.87683256958
93436,27642.559802406653
106487,24240.236034509348
76638,12490.048009857936
100756,17951.749007550567
89769,7838.693025018047
107047,27380.613224573088
107482,13386.98058113737
77672,48949.1517329241
88137,7992.318896775303
94234,46299.476353382976
100690,9672.381880287472
104730,16395.819706144182
80889,41808.29387842062
83038,7587.104053758647
78952,11933.801758776195
108324,23796.486661696686
89723,15527.871220343482
84963,8005.649840130472
82834,17165.137193778497
84141,12792.449172615834
94870,31042.989530803494
97980,20476.89120192288
84101,11365.009468659207
103187,9599.588748086664
89617,11322.864633587722
107178,9236.70595846263
92448,30760.810411698938
105739,13172.917232348216
94934,14247.436554354648
106422,9204.047010107444
84357,7754.851570945193
81219,20029.02695868831
96165,9409.645644274367
89437,7880.862787712296
107434,27385.257507338047
104751,14328.301785932978
79869,45420.154709201925
108255,20481.115618535037
93706,18288.810636854243
77694,26003.823225901622
106112,33872.581438364796
79750,23009.717938373928
92715,25475.74379440014
91183,25240.265126565733
104425,15776.523660597957
91695,20969.82791750591
107783,22794.71934798443
80023,38038.77097245761
106551,11786.41451791123
88253,27651.514557457813
89867,15350.681388117631
83678,16052.903025209478
105660,17435.20729669173
88202,10332.024020134626
95119,25018.41414498404
108260,12596.02630801229
83078,8189.242277107669
82345,29085.54370472536
83217,10106.145713460523
87850,13180.411273574631
81035,47046.29436613883
79575,35374.68541957146
91737,17672.75244758545
87829,16262.272662403282
83729,11643.155792271142
85611,15689.787604624607
98402,7113.023714948978
92385,11708.64434881164
86408,11900.998858727946
86059,19262.10078700013
95741,45620.63108625419
86739,9408.309329367305
78929,25376.796820266853
83842,6480.83201936586
87907,11480.156917191296
88079,16132.66975982504
85643,11319.735611054703
81382,19355.942001541283
83493,9147.691924211595
93460,25275.008036040042
80412,33551.66094679082
88171,9192.015702891926
99783,10395.452747011053
102777,10252.785749970868
80663,33364.244660700984
77531,11178.321799540265
86865,19030.858445306098
78461,20663.596860127505
107352,24865.47706610115
94120,9267.864426998922
79496,29513.430196025856
80515,49656.012286420504
91344,47532.40762770137
79373,35563.68106486267
96220,9569.005225047653
93246,50797.30116258858
106908,10204.821606108288
78245,40183.10796565581
94731,16194.115764332457
90402,8672.26424178398
76206,51262.67261192118
98559,9920.952106890216
88796,13560.978903096277
85816,16427.442848307615
92649,33468.191439128736
101935,10889.08883183188
105463,21939.971807727175
87365,7994.3621127698125
95227,27452.576711067744
93234,12827.797976231252
85937,16971.13697994619
101266,12260.226152989439
99571,10479.133665608664
85700,6628.304640897735
107102,10918.879311583412
89204,8243.33113381236
107013,9312.164530601043
89174,13668.037973095365
105413,15635.925550684171
97676,6848.515703885135
97236,6667.622884179031
103159,15630.898029957463
86515,14905.101448908312
95748,19385.05753733912
103941,16460.88076026274
86393,11621.825647662245
100154,7224.664701347127
96775,14784.182740027718
85975,14703.11516590152
80620,31298.628929000704
91545,23661.165132146696
90512,8959.010541608839
98423,13483.989739033903
98191,12371.993384852933
92713,59176.77751564016
106242,18318.735808590074
96941,8423.881322600098
91711,16020.315302550574
93194,22344.507494619207
84431,14687.234426610521
106092,10058.50482475693
77699,10552.183776399936
107042,22369.956761878344
94581,48523.48838034509
94719,27485.131527112244
103203,10562.463346188648
90527,15421.992587777786
105553,9884.882629211017
86257,14640.453569153555
108539,8700.006607969472
80580,23386.196637043628
100564,7635.159718815627
107330,14773.157673929918
91726,19188.298250977547
102084,11661.90753942725
87088,11705.298401954691
106757,31618.612482424487
77040,13121.477631908594
83253,12118.828038566553
87231,5902.33631770889
86913,6752.7933088426635
100372,5942.907007282984
104194,23235.48530738332
91979,10990.836208108845
82139,19838.637460426224
82434,10567.485845990572
95418,21078.632510478714
76862,29777.6204144601
76939,12105.587685314515
86454,17297.569406701572
98632,24627.76740811685
77936,29763.80385581884
85823,10050.674086515854
88035,13445.378820610926
90469,7147.365826221248
77882,28850.80778868114
91663,14782.334662512332
84326,19909.106928419464
107834,14128.693533498972
102220,14705.78915229802
105246,9737.286410826633
107828,22446.10726807322
78808,10515.011044145072
87428,14321.945191981118
83186,10396.790222597074
83578,12288.102579566796
76948,17099.712705972717
78241,14995.619030246551
79743,42457.63932158702
105523,6924.110643491431
90957,14454.848496405344
100382,9906.986846498728
76105,15965.47545919745
86104,6697.5295275040735
101922,13109.675746720557
76554,19108.390270544034
106985,21505.058134073304
85689,12163.821091989425
85008,15632.040773077912
91965,17879.472679268107
76366,33463.47988957496
86191,14843.730803057444
99663,6815.812420295009
96285,9714.542315984121
104099,19303.21645427682
99056,9309.220010352297
84374,13058.656503779725
106354,24415.62150186174
93698,49919.993793373105
96634,8876.355175860106
84156,8333.961049329235
108084,23053.57791938854
87399,13753.878452930689
105466,27376.45169186276
80586,42092.97938427741
92580,9669.48504794252
101845,4014.7083819983877
84566,10891.463825865485
90141,6548.483138274586
108378,10987.273216633725
98277,3812.209443560065
95092,40475.57601841173
104064,23176.59734450651
107637,9454.287689754843
97365,15299.361020855484
96955,12169.766131722958
95760,14840.461580252102
95872,24077.86413705021
96240,16833.20704737245
88163,16760.18698530759
100611,16320.11700374591
78881,23067.019927907997
101061,13921.846923108493
107426,11928.149738922371
84044,12715.508476016881
104552,7024.339828783908
94780,10256.195311332485
91863,62152.08782146589
100864,9022.630033174933
81237,21976.69173885877
82136,19137.001386297572
95905,12819.368680757267
106384,4884.871038409995
104293,20470.06750788917
81454,22747.00546371077
107302,22362.882538504742
104291,20539.214208280453
82868,14360.85190518963
97858,15395.838536061929
105855,16278.583634664887
93166,18555.949217654666
94741,29564.83145800287
90290,15028.251020781312
89573,7826.238473560065
78623,11226.016296409707
98815,10353.821325697483
108391,7897.141679390399
84762,9725.692625921643
91318,22612.336420081854
79163,17676.960906723434
95977,18880.178147032377
85867,10772.448788838046
88322,9863.793346529865
79623,23335.718027191142
98269,9096.95736037462
99650,8959.210211031894
107902,10524.40391322101
105941,10290.407508213146
81949,14892.767555518054
79343,26464.991751438924
107578,18760.152751251168
99489,6942.671828358601
85577,21123.258318973367
96815,9981.346807035548
101625,15710.034825571496
77737,14951.976166519882
104092,32579.890662895396
100181,11750.260071984378
104928,7137.230713493197
98913,6867.829226061554
91602,30362.944607402922
83876,19795.063025873456
89307,8996.564794439142
94093,26808.46267194596
90665,6935.453653667869
89424,14650.876042785594
89966,15435.779979716377
87512,15557.473499151296
93925,16432.621929455712
92819,47671.591894388344
93100,27427.497701062286
84387,12187.817571184945
102337,11438.44185748933
96351,8564.768366969209
84790,10474.34708926052
82257,15318.960148901853
99957,15571.913796298573
88917,14536.699936667677
95068,31374.79535409752
84509,15374.88654620097
91624,26744.911072853127
97851,13697.485902589273
88699,14670.682403535524
100216,9050.792291356593
103752,15036.291775258735
86444,15395.972381498019
96692,12467.22072997335
99855,9231.044434463354
80299,32617.51978837363
106960,6674.647854161111
97471,18475.977999416293
84560,7180.222371249377
102670,9841.920283712767
89279,9512.314701977159
101965,13762.127421093159
97569,13442.116896430247
79614,26832.305707720236
91772,26394.10552490515
85007,12216.254991753898
106561,17886.224157191766
75994,22084.354085889154
79691,33747.45595328163
89364,17677.98636665725
78875,13611.19892111424
107066,29675.218520836523
81507,28284.976594270775
95249,19691.848348767773
87015,8351.980724483436
91324,17519.945412254954
76752,8583.717825951258
102171,13035.600780346222
101910,15170.800384651218
103619,15277.664572361975
100128,9512.596799710076
79404,31599.85170176029
93180,28695.503263510083
98208,16388.849891034948
79595,29483.691149776383
80232,35000.99384141117
80698,35014.71766984753
77442,11080.296098510076
89295,10908.317606451968
107982,9601.333964134625
104260,9210.0211530518
107081,6558.49563129827
84397,19721.59047812144
76341,12510.944952771704
105837,21145.624563864858
87758,17218.387936416133
89085,9622.654072187373
85464,6346.226803361352
108404,9710.991290255177
87357,8435.25126660214
96567,11586.649478504756
106723,6126.731722187918
102198,6996.127295344441
97673,10791.422100763228
94078,19546.66080768829
107507,10189.612593835252
97681,6205.8490711742825
80033,9881.612613870668
86656,16859.398553972023
77797,19540.273434637744
107699,20292.32477982648
86945,10652.589491238252
105222,4506.525810266673
104904,12154.093977912644
79731,15794.034897271384
79205,31706.665112034894
94275,52140.3173849855
83219,11626.611785045965
93926,25946.939317782842
77804,17550.71941450517
84512,16594.452079281804
77215,12161.80935817436
95226,26099.49683747111
102992,6269.514324325029
98108,13550.932569231301
80629,11323.595588166345
98788,14504.297814345297
84971,9859.18720314216
97484,12881.09503552683
87887,10860.156136510393
104294,44081.01161702197
84316,8832.303505146743
105685,23473.945826751828
84866,2438.587317321312
108412,24230.46791300293
83463,17535.852416965896
105005,16846.025388268983
94134,21170.63808050117
87832,9363.539625314104
106089,8806.116897800901
90745,7066.785016398199
93579,10613.324254132951
77750,31553.57157350346
101618,5539.005262006851
101148,10718.315149224654
91084,16974.380832585917
87106,14662.547086198561
89045,9120.572745813983
100365,11418.372139150195
107100,19582.67315042677
89836,15168.172879021464
90463,11622.947756231166
95908,22836.209206319334
105700,7136.744224406015
93105,22838.020130910405
83244,17643.719988467255
97603,14141.755309288492
93616,23669.33048695685
94245,20320.43071092241
90752,15046.042778445037
99594,13284.999996822991
93068,26670.544972585853
88443,11466.231293177316
92592,27199.26741437851
99796,13071.86784762736
101588,6785.451537835772
89633,9351.51617880894
99577,17654.515163283682
97165,4684.460566915711
95686,13607.531846819675
79266,29486.626477538626
76351,23782.287908055016
87457,8310.28091184804
90220,11322.864633587722
87855,7799.583107805542
79818,19793.069972379195
91024,22614.412725120335
97908,12392.680166376902
101556,10714.163066285302
89750,8001.969630890902
107781,21009.93361772462
94151,9993.187437856777
103214,10512.269995194258
89012,6084.364575564157
80997,24599.669186303076
90002,15229.857429726591
88243,12772.393796640754
77631,19788.4599181113
76185,43044.21908615488
102767,14345.80110592823
96776,23411.93675316633
107630,9739.182090581753
97550,10381.853054541347
91871,17885.117429561134
84499,14316.443348767285
94523,23537.58914190822
95467,21715.63703938178
91735,18112.567917606502
89874,14092.12391266095
90168,7388.641071216078
76765,13386.021119650179
92590,23507.71559145095
100529,5649.9599171699965
99330,5992.244429483811
92566,24691.203678917238
85303,19267.94807533806
108401,10471.8327757001
107621,9254.184035161454
80471,17193.78267363291
85478,10832.403377837372
78386,22081.71711330276
105016,16019.081593168077
76807,17652.62440195538
85036,5043.48272300382
85428,12160.679171610576
85783,9654.86209754303
88510,12285.855966189114
89262,19645.924680840995
89136,10987.579700133394
77193,50829.149152625854
88928,7291.5466871641065
85930,16819.563015041138
93387,25506.57411872984
87348,10852.005629147076
106766,11117.03057512426
94358,16161.76688544337
81582,15854.134636675959
87880,8740.031515451708
80554,32321.63752189855
103295,11014.656897761832
86265,7387.497703469901
85650,5192.945544441451
78496,10081.902230725738
90155,5727.764649297591
108366,17950.745525010396
95435,14273.192267753502
83433,19009.930855426413
97917,12451.479504433913
80755,15888.384899323342
106070,8588.74281491237
80354,36240.34469206034
98453,8470.569692560166
100106,11596.91121165564
90408,24368.9261785683
83615,22268.003541108872
82425,17197.43321376905
101993,9958.433594489014
94522,15214.638486718859
84782,9663.743416475649
108223,13164.496498127195
96160,8870.41666386991
98432,12950.79240049593
105363,10379.925221620777
100535,6454.508510441126
86591,6420.156375461127
104667,20757.55801378692
90913,20219.714639018894
88935,13146.3395334385
104570,12402.248034512751
83610,13358.08220710921
92006,3270.859487306779
86169,18229.593025890277
82827,6414.65352511295
86592,10891.335770037564
87212,10887.096023944585
97120,13133.514820038023
77359,16039.553269082322
104752,18318.735808590074
97296,5477.115426305729
76528,18734.10075630208
94678,14627.878820693919
92677,16520.245193093248
79068,17450.91308505987
79258,19941.83273333023
85903,19042.9453679837
85139,15823.868129745008
93427,21877.49382984556
83820,8933.604931101687
77286,25190.256975520886
99210,7134.926884266643
87068,11365.009468659207
83423,7213.816041959066
104277,13434.900676862952
90679,14459.391032533887
87218,15602.382308808905
85604,10154.452502695149
81045,30028.88876208031
99525,10967.778497252948
102332,10144.69108697855
81248,24457.609743482342
94626,33406.57957070088
102031,5550.259124375377
99240,20225.64838426722
104198,7704.565520560009
103296,2606.774655092306
105530,21025.91505596551
77830,13451.294436317059
107707,45385.65558942291
99875,50592.40178021576
107727,10151.199265239438
86279,10799.79843452428
78738,18999.826965282085
77514,17029.111526731915
83235,9260.13837577063
96964,6658.518823758584
95157,25259.30564372492
84407,7098.349340635137
107930,14112.459632980986
100103,15849.804084756897
97895,13579.628280103732
96823,26225.044764606093
85448,8688.579144513738
99246,13903.904946010394
100586,16968.63907813542
84536,8739.782370194067
79744,11933.799692046285
89433,7098.955476042005
93466,17692.441934283688
80628,23907.834442764175
105144,26987.03513177991
87407,14925.134978133976
106295,26746.733514530653
84239,20226.628976742675
89362,12134.597222987208
85099,10748.027581789616
88071,4826.574645745839
87696,11009.532337263154
102512,9712.891453893379
95911,20001.48172575606
85069,7024.94399558149
77710,27241.541281296875
106234,19282.55470316364
96338,9278.200023721583
76534,30479.2034108361
91330,13935.034279513106
99229,11835.376260298237
79318,19857.979303736258
87465,16522.70372356255
85327,18540.53620291144
85601,17660.775260516533
84287,18523.416821917155
99523,10877.864923879439
85692,10206.928729155814
101573,6442.23031817295
97295,8487.377975499852
106567,7998.6846526221425
76031,9578.2112890261
96219,19805.751165430815
103153,10151.938062961846
91126,30937.824399180437
106188,22740.78776676819
79174,19070.760172532977
102013,9524.751337066475
104603,13100.625899614774
94006,20292.65017182808
108326,12854.639999654273
78483,28469.610774410357
85801,13542.386393921277
93295,21444.859426561532
107744,13014.630379164817
100171,5539.048472878441
106558,7890.168910751026
100806,10606.536596620492
87732,14427.185065981226
96227,31911.555354846932
92111,20722.336819212098
86147,10521.616584282372
89519,15775.701782681308
95271,25250.50554605831
95264,26072.454379284543
102294,15710.034825571496
81966,13182.563913440563
103012,15015.02358949124
106989,11261.826780101268
96772,16291.627589960299
102972,9377.923346178095
96306,32423.772343792694
108418,27455.089053354273
78045,15240.298049800447
88095,21467.044889010333
107561,20470.06750788917
81795,12778.742517064627
106736,20352.05847758193
89308,20102.830636824194
92852,26018.467604214682
79486,17440.4972977429
102942,8670.336629403158
104342,13777.924614650712
92242,32302.308553301365
107000,15009.789045914667
101869,11329.365718935864
103744,9095.049448135616
92316,19863.550357542652
100386,10124.912623726237
93123,74066.9587593996
79755,49916.48259941961
103598,13393.091365060618
85309,15319.406956721465
99062,6055.269942983484
106747,25845.093267744767
86675,11968.562632883668
78833,13513.1113469352
77194,16443.289472296176
100977,11106.942630848864
80837,23406.113456978193
89253,19189.608529687826
99368,15494.230442315635
82058,10472.016311379923
88519,15498.64098623738
91242,27780.69204809687
80897,20460.26441403508
80505,13011.985674860485
77645,29990.45633427702
100818,12486.22009686418
101021,8499.225661293076
80028,35397.340177957114
105669,15303.153564571827
105092,4554.342932573689
85973,11166.141499050105
101110,17953.171917775497
87926,18436.816470190057
102411,18259.002346077406
86210,12044.534539120108
106999,10719.701084447233
86228,10313.98246737226
89278,13235.860924998358
85460,15205.949970563755
100527,4829.800579678997
88852,11745.671837694646
105762,17267.84073089173
100149,17519.3975674825
80290,19889.341777143876
85953,8053.0076379863485
81492,16757.799097034655
76831,18809.726702932287
106123,18294.271386533706
81945,32524.991597884677
96796,25898.922123104636
83848,14225.715542009591
76568,20357.4445007712
84777,5960.207653024493
85159,11834.091410122775
86943,11900.386777075706
85719,12921.084720502995
90325,2369.250869195421
102061,9471.369607960936
77924,21703.88532074761
85093,8936.674225261648
101892,17019.374148916853
100848,11494.050969196556
98725,28775.531569126226
83883,7622.921527176586
90754,7961.193997631924
83803,6130.711429364655
78486,13346.683104261117
82705,10095.205281332366
81532,38675.21952292282
108285,25488.968906980805
83833,10693.349895916477
98263,20126.424085085073
87000,13983.392654489428
80673,26709.284009454703
78206,27673.68124317874
105718,7974.509795379676
93533,20376.56901531334
92133,29546.07690732118
91065,21571.53097303837
87899,20397.084090709952
98017,20769.38813904603
99570,8458.29594532991
85188,16877.004048634495
101319,7362.523070062815
100142,11523.603153748048
100019,8510.511572350446
96598,11316.009376612345
81397,22665.545708743568
89238,21826.790522983207
95758,18543.035304319077
91540,14856.04776850743
88474,8694.477313850877
83465,8892.426894575263
103092,12058.297843769036
84968,15762.061735250718
77523,22191.734151917582
93366,24353.810657107904
90815,7678.783721877248
86902,8434.543382124777
98479,6385.051358429463
81068,49010.15874112874
93005,11507.557181243392
79216,25840.78444902811
87027,11888.671789388021
97332,15231.495203540795
76700,28746.833680949905
92098,22362.224933908346
90564,16016.916757622834
85106,16867.116512753386
107907,20024.96899592795
84142,6675.146136998349
76304,26206.58351108593
83000,9716.751964337347
89782,14688.327652092792
76184,5131.842604932067
107539,11140.170756678495
78236,30219.383685312532
82316,26899.609415713025
106526,10172.70420996482
94138,21884.177303092943
87340,15937.09513164689
79516,19546.84123110616
77411,23964.867961202846
86680,9818.321929364069
95225,15327.350805014072
92224,30952.636154574506
94791,19769.85872098409
102989,10491.865033766559
80765,18019.621991347383
85393,21956.995770993417
104860,19920.130073941877
102484,14153.317532212439
103672,10658.494634380118
82448,14164.514478985411
85479,5903.200187962381
94775,25896.13119647292
98729,22413.36891346792
76893,18319.89497286461
88144,12059.6671716457
92369,13043.611086538
80841,26661.79451944796
76791,18142.76947184975
91845,16033.51580697519
86949,9707.733565741262
103913,18742.892470102775
85869,10600.043685326615
76426,14168.07078828202
85214,20917.108073992265
95332,23547.116750908586
85821,11782.975477298802
79430,20616.53695406318
104573,10654.270260261264
105788,16383.622396996512
104867,13107.004385489116
106367,25136.62096499542
108241,14691.025226522645
76913,43946.634171304584
78712,35027.952942672906
87769,9737.958130475288
80169,27123.67494094488
102028,8502.778100919593
102001,11486.277364713931
107798,39606.55642462732
80044,47464.48218110752
93757,17140.85428975513
104233,21123.220905450675
84195,7334.554468597684
84096,8378.364108633943
82336,17886.673114671128
90423,20179.975324339903
81769,16323.107281482504
79650,17057.630214818393
84837,18682.24517477679
106303,9694.641388245114
98551,25977.330696213212
100452,11014.656897761832
81161,30866.936981341365
101116,8128.508121359151
93465,16276.712982772182
92749,41382.51748287711
86281,17581.971569637903
95586,11428.453251895477
78235,28973.792327257044
102754,9892.95014269107
100017,9449.626498167101
102637,15024.201367197236
98192,12759.590439483172
96683,17777.051074628507
103968,10396.600977309812
89159,20029.063503310128
77752,18579.690740060236
78526,22369.01801301002
108387,22956.44075209005
78659,25647.854162127205
77013,19691.798437809408
106480,15555.656687484454
93920,23121.147777660863
92912,19542.400199249932
79044,26112.110310860953
96831,7491.990419286486
83502,9847.905785705892
99420,2843.0897780624423
93785,11473.979590422545
83739,18523.416821917155
87018,20506.50498375298
93773,26561.05988515456
101674,9169.710008735332
91655,22962.937491758174
104412,4983.697853481225
91636,25144.575828481204
91101,15794.16841684277
102437,11336.16112099407
96958,12652.737111831299
83934,10888.693531438035
83372,19412.41083213068
107296,12023.597128336032
104909,19865.71292747428
103886,10304.598995801794
98858,9753.265080790028
86276,11613.409283280578
98148,12515.058925759155
107294,23158.220418595716
81812,25783.89280052774
77997,19877.33009236347
104626,10371.555793951804
102424,10195.904053055345
84992,11521.200763532232
86867,4813.774814572259
93370,24899.31207611227
90804,18727.581497856263
76001,11950.906129699048
85691,11716.865538839926
76328,48962.92732499482
79143,13406.07087022055
91356,9556.541686734487
93553,20382.548952644534
93673,22590.83477054828
108239,9960.462024115155
99923,11303.31435611931
81616,35707.07664207662
94433,22264.719594797527
99985,13685.933531046
79648,34165.950438424006
91423,29674.01711779716
96581,12803.990771764255
93321,29288.685935977654
89736,16004.393513546886
82722,7950.385092786957
76093,33791.098795970494
82767,9364.312980083896
101615,16040.484123373764
96585,8733.200677357136
81552,15584.888479302897
89656,15764.27174962722
76301,14026.961937775712
80683,43043.75858674849
95638,13245.698176000242
78343,19122.859524880816
81495,19860.413933272703
78517,12069.820566577817
91764,15814.456446415674
87050,21923.125241330436
102877,14635.469784586201
86844,11584.722492206627
94535,14306.174302414465
80871,12329.752334047154
81126,12858.06849131024
77182,18132.16069068916
89335,15913.2501683242
99612,9523.940233904776
89041,9572.977250311566
104165,18071.327754197202
79096,21733.264857198807
76051,19961.382976539047
99599,15286.86559719466
107763,16443.906242425535
106646,15171.84538582994
88985,15051.906223381637
107109,25605.192243004054
85110,17067.1353409963
96907,13029.96025631098
106806,13888.212829709155
105409,10259.247977990315
105449,15451.02329413774
104042,22101.605316539688
101299,12010.871757212213
102434,19069.750075033535
96363,9596.733052094807
93918,9310.693757978843
80842,51747.93080481279
91578,20673.55143566422
90458,26507.710386833787
82186,22599.053340954644
99767,8062.067902234452
96898,31524.788562558388
77755,21250.94424032572
82958,13842.571671262307
89248,6682.690760971613
93452,9373.071016850492
81517,15184.030059989538
77919,30296.176963422153
97110,15144.558408978293
107317,9210.0211530518
106102,9254.184035161454
93034,23744.49189391532
103446,10546.327033935448
82762,27252.861774450044
77365,22275.179912877284
86634,15131.367853157017
93109,28002.329587777
96094,4946.309331442725
108191,15908.039653896205
82667,10780.458336936672
87953,11611.335921928088
79188,28748.333808213458
84962,10723.146123261662
88377,11005.533674431972
85942,11811.619474272245
88278,14156.00006876231
77743,17659.294329029555
98341,10819.616934259484
101197,5004.399378523164
102838,13954.795698008082
86885,7582.266774478174
87648,12184.600512049055
78995,18621.337946100142
81374,22063.88983778862
83829,10969.304012890165
86073,15084.532090961175
82848,10991.947741138392
101727,16703.607407490053
89929,9919.509980414703
108534,12074.098953683668
80592,33277.156525562605
96292,13780.92726147288
102569,12509.953844715745
84692,16318.740669122453
84531,8064.292084313173
100173,7633.646293599405
90263,12998.990945963707
88489,11678.548593130517
83941,20550.288785303983
96621,11667.491687116393
88427,12336.23523091748
86625,10420.284951654396
82798,14105.798172459725
86084,2955.5586417307927
93058,26225.008437132423
98527,9118.591304398666
99786,12605.640676268507
84132,9828.511522975035
101160,10076.93293689357
80396,31933.421538493556
88132,16051.052258268362
82835,16230.709057921502
82959,12459.449643942418
97225,18373.59348789396
85463,15264.97013443945
96733,9722.372638347922
91820,11808.929176293324
105870,25312.130276371347
83255,16362.259106205614
78899,19998.097590396465
99812,10850.33190904402
85798,11876.333218311991
85452,11854.380936744077
84706,17310.246058350556
104289,21851.8506859785
94785,13381.382821813255
96707,9288.563450084528
92847,26171.47386665769
96054,13186.559148670654
77986,38105.89153050426
103435,8369.09274309587
97008,13115.727373059193
81650,26029.543131583192
76920,22164.931551152607
100479,13818.838912348549
78120,11695.53040906396
84761,3190.0968560470683
95062,24707.540107114884
83102,9601.77110674968
103872,7668.2036052768
103816,9523.504677328478
85672,8627.299442518912
102125,13272.08725267718
86928,19563.188853098065
82814,15554.169384304045
93167,23609.472465305505
97674,8896.495778220411
107400,30636.0371800224
92669,15058.361526209335
78046,22280.327364853954
85703,14818.427138809553
104265,17360.23713702096
107786,13856.240524353074
83707,17157.306720119173
76858,23134.147462036395
94147,22276.150050514607
87307,18704.143783129508
90594,23934.952358561146
91305,27013.31107846756
83302,9900.804645462938
86173,15903.172475978217
95811,21217.60638737934
79868,16047.426815224264
105265,14666.285274778824
107009,9275.979564168872
107281,18065.35709116305
98848,11835.376260298237
84222,12822.604370630917
98808,23057.457609097302
94002,33043.72816491934
83985,17076.36084272114
107772,14984.265480385275
86564,11158.081665150674
105241,17071.046503428883
101060,8131.645541096742
104362,24821.811721456557
77441,13502.162235820737
92827,25805.93524373569
86523,16403.79766147421
78695,31762.54724743672
81392,24976.63864821502
104823,25256.30614960392
93521,29333.172689231433
107098,15872.677298671206
106011,27371.99191850327
97032,5364.849591799779
88646,10079.324243894533
82014,34647.72469446914
88034,10819.18365199534
90561,14906.503031726968
107888,12293.355033032767
106249,13660.951162406001
94608,21471.981974320082
78134,17423.3372873363
92898,30563.63762516737
97031,9746.816598368014
85220,13684.010608770064
104973,21130.345246613102
104081,9884.882629211017
89865,6110.173388532443
91706,10001.735883238896
86089,14896.181867753714
98736,13901.80919702885
83238,9900.804645462938
104237,30556.61505119244
106990,9620.678007370647
93432,30805.211847747065
85280,17689.877563355774
79909,16889.472968355345
87698,13267.670263875909
106059,22492.1655896385
91016,16639.72972326509
80180,20885.64125219324
90006,11910.811985673861
78122,23190.07627619573
99672,7908.670713417523
102297,9798.122173002675
76047,12243.961959307886
106296,15566.710327790657
79989,31325.60295195237
100843,7712.400918655515
89014,19529.760257188853
90568,22697.9458736342
79905,22999.961530474324
90643,15629.801147110069
100729,10016.713429365156
97084,9599.354219172772
100984,12247.439653561589
91475,23392.682948746595
105531,14172.77952563074
78482,12347.917116174287
83254,17537.744012120344
85217,7864.897347358779
102974,13144.040245306089
80040,28856.689546974747
96077,13297.038996900435
89073,8231.821764228685
79118,22734.297178340734
107565,10654.270260261264
93486,18108.734724022343
84670,19820.53591217401
81104,16547.232859092557
97867,18129.905896666583
92897,14381.98145718478
96592,15177.575090489927
97864,12997.244051156702
83369,8174.304041485136
100471,11955.650677796459
87533,10610.64719480572
93111,17785.29563320065
99979,13162.904887500794
103340,15609.817518360196
104434,18093.077936892125
78515,20284.496901162056
82046,44581.742332208334
100572,11787.776126513
96382,14408.808669372072
97575,9399.987884104834
76210,26250.298712399257
96628,13505.233183344208
98232,9309.891113635535
92457,21188.649335802398
103665,13100.947480454619
107838,16507.624994041907
81165,18674.839798387853
97719,25033.9290451126
80739,18412.501398623517
77593,12677.237596718007
84766,13768.115215270238
97274,13400.546305261412
77281,10021.469208324273
90347,5677.815831170878
77555,19075.169002778315
103246,9565.343623758277
78404,22184.215817638535
107745,22425.34081565478
77017,14010.061341740711
107995,15502.789548203933
80982,17599.295578263733
93844,58052.88798081809
83606,14604.21745121868
86904,11652.544866396196
102616,12183.548836493557
81768,39507.49761454282
81464,14974.59681738548
103309,7991.771542493714
92975,25331.248870607345
96156,14566.38153582924
87770,11234.276591227443
99632,18496.07666195309
89924,7505.194941377679
77573,21357.422622535476
102968,16045.242942084999
77822,19137.498424040416
77725,10308.704123003346
100787,9000.235591747702
78013,30352.227481410748
94440,23368.181630997973
83938,24059.003782970354
81204,20345.568354353192
76519,34836.30008584085
82172,26845.248380774425
103592,5980.403033146539
102003,7261.154020148591
104259,17453.003634135108
81120,20178.879573476246
106207,10615.619392273591
86710,8287.656636652098
94024,65676.40687797782
88164,12248.539805135797
86667,12855.761625835117
98371,13386.787313286191
102344,18217.475438370868
83142,16261.43709984932
92532,21804.945061629627
98345,7860.887705502337
94565,16973.111272626084
106223,13972.609625058834
104831,28600.041520795927
96144,7859.509490585689
106634,14410.34789944243
90623,11444.062172527521
91275,21133.701380645995
91547,16909.006391058603
86390,10189.233160614995
101986,7531.818543041851
102994,6943.560520040873
85291,11852.808908089668
97430,13916.6182072494
106209,17164.083790479952
94798,58598.23583800773
104565,7352.215902999222
93679,15758.140563029032
93960,30142.707484587045
90063,6265.966794803351
80038,30836.306607391118
106513,10578.119200666266
77267,24671.407571908352
91539,25125.961032140436
77973,40804.444509672234
95999,10716.148462822799
78036,23101.34704677269
106191,11259.749732828896
77480,11628.493746940116
82656,9301.721601231013
93916,15512.634356712562
95975,18085.875964755473
81550,17621.349408008202
103221,12046.604169814906
84062,10928.351164747328
81584,16582.745568509985
99564,14653.683848705794
100276,11210.083678913372
81308,17616.443766759152
85519,12718.582546893702
80114,19612.702409317804
83911,14082.042603368793
101879,10369.870929012754
106626,10200.459940108258
89009,12842.939778689504
81989,23890.293850989896
88197,9379.091676591264
93592,22600.274779854368
103290,11744.038778402482
96988,7085.3595761096885
106777,22985.733744929355
88922,28785.497337280485
78224,16356.370138374426
79643,43462.211349853795
100066,10221.632807451575
99132,7973.4180958223415
100610,7031.83057808676
89409,12802.440045246047
105675,22506.407726138856
93304,20365.900783169058
87662,10521.360064868113
99433,7232.158726916925
100011,10732.29902656526
95327,25354.308098208265
90169,14758.769089121728
103978,11172.137706209038
95238,26021.528980088773
96242,12596.546688565337
107917,12709.45422643113
92639,20488.3016120675
88936,19024.198507520887
102923,12671.35023824992
87883,14472.061236998292
82670,17837.268655121832
104229,27136.974392626224
82031,31444.680329652136
94197,28285.294755815044
93921,20134.902051525325
96030,29620.056673557006
106335,6557.7105482586385
80671,16784.40054451894
86723,29299.820166551097
79293,30029.49983231482
97549,18375.76786913185
91837,19453.45539681563
86437,18136.792290154495
107577,24646.42935760714
88419,10345.581783862124
80746,48013.34778000459
82548,17537.744012120344
102711,11293.223133349296
80682,26123.998215004107
93204,26672.970259621958
99582,13913.652690421912
93195,34634.09485179094
89626,25004.66526739152
84713,3328.8869490289667
103182,15504.860731217264
96954,25391.048275713998
81758,30851.250652745264
91938,18009.19003675117
92961,14458.23949224648
89533,16938.853763316383
86243,14390.154209107654
104482,18319.38788842665
83198,10556.745889176187
78284,12601.806136209016
101133,15710.034825571496
94339,24739.871949818815
88631,9550.981825180075
84364,15308.822468870629
104341,16375.051892949454
84650,10089.65656831623
91140,22262.590959276036
88889,13497.97368656394
98085,9945.247788692881
78796,12167.223982258405
80524,25708.26403542977
81309,9056.632240732015
87410,13146.3395334385
96810,2192.2841557752267
89982,16256.27656681534
87326,10620.281999402925
79722,16140.843548500266
86367,11466.231293177316
105368,23997.15079099711
92505,28420.69185032761
103000,14097.923774392148
85052,11720.058786966069
76497,50109.91634571097
105312,17658.497032372303
89705,15426.918464755889
104999,26601.146833754032
107876,27410.548260358002
76095,21696.55427927426
96723,18524.63769103202
91593,30639.036225783268
85772,22071.121246410174
107199,9122.315630465664
78256,51457.69319517629
78275,30566.653368463387
87582,24381.8532506874
104231,12082.731892087382
90265,10042.770485737119
81793,14679.015056397484
90526,14495.189515991155
99086,8453.049154582935
92743,18782.8496369349
95412,12476.344536263692
91146,25372.20773027392
95923,18499.52010383124
76021,20007.18741976059
92858,14427.901025840134
90984,26445.46971220922
79158,18172.766481792947
90318,14553.568218008566
91747,19425.83618779685
96641,9989.801080538087
76202,14820.395730633687
101040,13566.321370065007
78797,28754.042686331406
84745,16146.296919398255
76942,11684.201216056625
78980,28821.8150937273
96662,14566.3064922137
107813,27716.30269410394
93431,23044.974341839705
86915,13169.36878290373
105102,29903.638198674103
104447,20142.569619079553
83183,11255.184644119481
78917,14772.58334849638
99336,7169.106354639987
86883,11813.560722070572
104155,14328.790297353073
89989,16162.243903763345
80406,31062.64549923142
103151,12206.634235917754
101077,12281.557487983393
80134,29413.611383659478
79090,29253.888932694477
93482,29397.779665072652
87205,16148.723537317734
81295,44682.61705791923
89726,9211.958455088312
107842,9673.745227165782
100351,10124.912623726237
78392,20915.456761210622
106503,13453.244531669017
103982,7970.139072233817
89276,8773.705655921323
83143,11402.032761201843
106521,22108.72236366591
100841,7369.911519832058
76990,8440.990386684962
108466,17865.537713258047
94285,21409.65579017453
76323,20563.44338231648
90868,22567.98787145977
100631,12128.31168124604
76196,10929.293719463269
98387,18807.316356069274
107494,8309.075684226755
107439,14445.893146094271
101458,19069.750075033535
78473,15064.047963197803
107016,15300.353151574876
102109,9912.438999271706
76537,13252.43837387349
106523,16090.714215881966
86340,11216.54024145576
102486,14057.986295148574
98993,21013.56556705382
79358,11619.03941028941
79906,12672.022106884593
83932,7426.747556911538
95064,5381.927420477836
108339,17501.7451528053
90489,12803.956949554187
107984,21357.6609057086
108096,26697.82407012103
98313,7768.0638279310315
79508,21073.539500347986
94289,25366.8558705408
104393,13712.025510926307
108220,10317.87715065872
104795,15230.333822852286
93178,16439.81640913972
106079,41855.79021583697
89584,7837.652527517613
102435,7497.073047620648
91967,46299.476353382976
107618,20212.672053088427
86862,6198.864699491431
87991,10584.925450720055
83618,18046.232476534
90089,15515.558835587246
90681,15037.299385702578
85562,12060.45249342968
102934,9441.89350958106
78806,28682.795404091416
104615,26228.560040047847
101221,8499.225661293076
107067,30678.77946358773
101807,16703.607407490053
85952,14351.760827259417
99387,33633.55459139926
106135,13834.906367740836
90522,13422.42788303324
80068,36916.76604714205
95046,26640.112473007997
93546,23440.826361584226
97202,24897.344221370167
97567,7614.508204173071
79963,24005.467803856867
84033,17287.52493099881
86538,13321.84050831965
104104,31408.262475348096
98033,6134.937047600056
91989,21188.649335802398
102114,16320.11700374591
102507,8085.292496972638
104663,14891.607291909913
90772,7154.731756044119
102250,7687.243188218921
78758,15917.247344214871
101421,10025.733415915078
86744,11701.414619276331
98916,8439.346386680003
86659,19174.9749040955
79853,48275.24249852619
102463,8494.586450190396
103827,12172.689472872731
106662,22795.362598549662
97291,9041.775546192768
108516,10057.4630295885
101211,9786.040196057065
94947,22447.160334754215
87948,13684.010608770064
83719,20403.53797377075
105186,9952.809860343743
97592,20733.311889976896
79918,47451.17044944548
78137,11635.994932890133
78859,9289.01845416356
86082,10352.20342076478
96316,12752.089431606244
80327,9207.740130967768
81639,13372.61782875244
76145,27009.04793966937
76612,28018.99256272105
99606,18936.29982527455
101120,7804.465386946264
98540,6636.212863955254
99667,6876.323196115448
81038,37955.3465638582
77521,17061.0062120915
83408,7505.755498490015
86905,12516.54589395638
85997,8154.419896514047
77009,19328.970850419555
103958,10164.64316262675
90392,7977.837606357761
94800,11144.763936506793
84391,6016.369591699457
94843,19901.27458088545
85555,15666.318692849847
101453,7821.078939436
86686,9659.731688717215
101665,9261.228506924788
101044,6417.961392603537
84230,8475.119579649865
88440,16420.710163301115
103253,7151.730862612896
102847,11976.429768459215
94381,50077.31345275439
94229,26479.37969871484
76327,36262.816485070216
97717,21896.382080001167
101291,12481.711983067187
81877,16782.917017198546
88927,5535.017794937202
77137,29962.89746722394
105325,8893.11791022812
79368,63583.386239694904
90769,16141.337889605697
101376,14399.602783574615
88733,11277.440307130866
104519,18770.549227323358
79100,11938.411060303099
85667,14211.56223416999
91111,28228.787745796904
84474,17652.75861231457
102166,7388.410255677021
96711,14852.203671716976
103102,8553.788741083918
102519,1680.5463453450081
92508,14501.498327926382
79560,25924.42154461189
79530,18775.23199697845
103272,7362.523070062815
86935,9122.366086255583
88977,19465.00121070906
92681,14036.723487359586
91978,13643.47298919092
81144,28483.555406280022
98005,13417.461674944501
82716,10672.223548865999
83371,8599.484577858839
95566,20827.47019132757
87240,10717.187125917295
105593,17639.5888104292
85457,11720.058786966069
89803,7979.307826602938
107934,5394.236585922522
94736,35535.757582935315
92865,19078.369099660773
89863,13917.713818070291
101109,11172.043441099851
100755,8047.1463652104385
99015,21911.449115947453
98439,8949.455950488502
84150,10289.860477664894
87593,12335.698873737565
83830,9122.722712063565
96778,13844.818712113527
93458,29128.262873705204
103141,9494.604632039653
78576,21445.190895512605
84582,8161.835105853753
84034,11760.829513231041
79223,29850.399162772377
88574,16117.535531327472
95914,17625.752501777333
91830,24217.378815761807
76682,20506.456356562543
76091,22366.986828537047
86187,4429.82949404052
80571,18416.616682641456
78015,20903.49258519667
83392,13382.628119563735
82103,14178.441127590348
93859,21230.48701872938
76290,6918.525241048311
86539,6049.065223143384
81288,18432.99696532621
103599,9335.145860834431
90430,7883.320527671641
89392,15924.181672917359
98963,2430.9926375598056
88846,12732.295541459416
90966,31946.513148454687
97360,7557.553661958695
82496,10428.113876574667
96630,15612.376160088961
81712,21323.40449702346
105871,15667.691162609055
90926,15382.903640343682
81443,20340.81550310311
98173,16198.658239562057
90309,5467.201058401174
92444,20407.748844249374
80136,43884.81146088015
95739,15229.122201480923
89153,21346.647292928097
76376,14606.417661169824
80884,15241.469939213222
87395,16744.87683256958
85338,3298.610749223071
103345,9677.893919055012
82351,16986.804582546763
94598,31189.537465182257
103500,10295.007786483553
90717,7431.360238633929
79512,20763.386339016273
82283,19870.008649846357
85192,5396.25099558043
81490,18961.692502978603
94793,26042.18717305519
97046,17448.89653479292
78567,32082.96236675801
106928,12072.688301556327
102478,8068.501561841988
99213,8390.04981211791
101949,5679.465074756853
102151,6565.296066570745
82627,11592.130462138326
90239,7525.595740371185
91840,23584.03664854994
93782,49619.76749887866
97384,12625.996148496104
108322,16353.245337942784
97638,7079.189295206966
101508,18331.955551772615
77475,28185.460259271553
106194,40810.02746035132
76651,19638.176307971768
104133,22935.384068945034
99030,8825.227158708833
81824,19033.57805677538
83167,20795.06112271771
92274,22044.919819538347
86068,9899.55383129243
78912,16654.857775138018
88363,12475.919660865531
97410,10987.137197173099
77823,21105.61516633062
98879,12769.029107592269
77043,11949.047294191436
93902,18645.949116326512
82757,11904.715827633856
90417,18992.905589592723
86645,16928.424636560114
105708,29976.390314655124
79365,21292.12039716826
93456,23670.66942998358
104676,15242.991382101796
92775,18034.501138761232
103789,10490.403897924347
98176,5506.277383869442
101278,7216.763712697596
86112,16565.539315114223
90579,19245.022117712433
102615,7445.95262424442
97093,25732.593895172206
84373,8300.068880423962
97755,12462.854994366782
100097,10207.530671109547
80866,27857.55958006585
84693,13885.099727543702
103077,3911.7297736114615
93079,76210.008177181
97533,26839.87590298332
94217,12340.446479622904
106019,25893.31106911376
107836,14421.627740737873
84471,13261.561441821399
94600,26735.518912627675
94349,17434.740293199742
95132,20652.176080708196
104772,29306.770700401634
92560,17318.389355016658
101638,8357.702014714228
100523,6669.820139332131
82090,9299.019969402381
95816,17292.81173979729
88689,12170.622718531897
82540,7764.243709957931
81643,17551.032056260967
104880,15219.676690220662
84922,20255.44809511481
97849,8678.685212291308
107366,10796.971457976044
89303,16752.429323024757
76547,45806.13030788924
105055,23138.536365113447
104312,9154.796259076687
106500,31237.624174005094
91096,13258.61872202413
92671,18833.326633158944
95982,17619.07780943412
105012,9807.49874038412
108232,29664.051121360466
84668,9692.193623221166
104903,15685.62811429546
86487,10078.759584346542
102860,5523.294151215746
93205,11568.210432565327
78221,19039.472361964738
91931,31087.892572246124
81589,16935.10440486636
106873,18095.997669461874
89482,13203.303445726184
98459,10598.160208035046
97660,9234.894245842464
96409,13916.6182072494
101480,5412.754151070499
105862,2994.342026097881
90363,11428.041553929486
96433,10655.375534440012
76970,20980.93380920783
96689,27105.197015688973
88899,12044.534539120108
87559,9485.536666275042
92908,26879.508981680792
105211,9506.715623530581
96729,9167.03286284782
95854,19156.09407353041
93767,15385.214950783527
90545,13532.749147566725
84005,7799.583107805542
77380,21927.6778390827
105877,9851.275127883182
104706,17932.320240286906
89994,8593.415388584055
90227,13952.021445223672
89814,16095.843623475535
102539,6257.6220548107085
87753,16128.220479865215
102038,11396.749037553494
76666,18087.44165324114
86698,5023.365583076188
97368,9531.586145151707
79416,25692.55008764609
85147,17998.9409706428
80148,24974.02837476416
96579,12419.16006828402
89817,9920.937709803768
86431,10444.185309537626
103566,3663.7250086525696
89355,9386.026155257421
97349,6782.421808023423
92618,20412.483546702333
98595,14140.484181755846
87502,12341.00864687705
107954,11957.701270194837
81470,46894.88942425967
79848,23195.468783578028
96373,10915.048335084859
79599,35023.40443509094
101454,10249.364256931702
92802,21632.629051282915
82725,8449.509755712283
81084,39441.61387945239
90130,14381.867159472287
91985,13572.286412539079
79528,32864.975180149304
86359,12901.718439397715
95724,19104.87464323631
102527,7748.716964026661
87032,24521.240700828
78499,12243.961959307886
107980,29838.702770673633
91005,30857.204366964263
100196,19261.483865245675
102797,6741.1647181054395
77141,19776.844927711725
92109,38071.39670943555
96501,19076.004291629884
83865,11137.359936028668
79122,30870.801114900474
87979,15851.971387799005
93237,21643.87401199491
99104,12582.92725515174
95095,18411.79345015383
89412,10584.976906051184
77440,15950.001275042068
84127,6103.899930293737
103842,13333.548626125414
89806,6221.1609001814295
98894,7731.129918626106
88126,9097.114072363504
92809,17533.872366515225
106076,13716.536819644565
80110,24911.08688909706
95396,17266.64996456334
103003,13378.203167476253
80123,29995.846424338582
82441,11875.819865811682
89990,20015.697815179516
92936,22168.20958786638
82544,9239.65969634376
91339,34688.57183616272
103929,10207.530671109547
102389,12786.95381656448
91128,18819.581099346684
89752,7474.258322208287
76840,7750.332875666805
96514,11460.16233882238
98706,18330.89537889393
107602,10065.02280465478
103844,9738.651548788515
76375,20448.632753074384
80401,16172.621131896241
79030,23161.174577774946
105766,9954.699223833655
83033,21189.092486102978
92521,13858.649021299861
90836,10042.770485737119
99168,9402.097835679742
86363,11696.261041785525
87320,14637.062367555212
88185,12443.323475584324
79290,24132.500711047225
88091,6856.11102584753
83838,6173.282807895478
88099,6858.523212150159
82824,9826.784906101077
94204,11072.423700201722
107723,11902.685057476108
93691,19292.007786536695
99317,20495.069893860258
107105,11467.670630987515
106351,20698.343477363862
82970,16318.18451266816
107261,7502.536673595835
76679,32049.192082788384
79464,17418.193283358913
91312,27996.9973857392
80546,28433.27583689098
89220,10136.376623447059
91796,27685.96580242074
106360,29991.50729871762
83027,16035.073578674246
81553,16097.495527472325
79124,19009.712308519567
82590,9077.513360241595
107515,18301.95409458491
87964,5708.016747739205
79995,15592.413403854793
101022,10281.659680331673
78580,28109.105560294458
97644,6948.999268977593
87603,18524.290744961105
85091,19777.423629517205
85155,15394.412235579646
78402,11013.24089893267
92603,26478.645014630565
79788,18855.908363249197
107769,21323.149580021436
105117,11888.520490974955
94619,50142.64008643393
76808,21387.724390948013
89229,16501.038994664777
102592,16760.735300565262
84597,7680.213135728477
77146,31218.403977566773
98794,8057.2285443957535
100453,7892.252384618439
84075,13890.31978666323
92090,29987.285039121827
97646,17380.131571752067
84071,10852.005629147076
80924,27738.23833827776
91167,26987.743736317218
92607,16896.079445806274
99654,12892.143372409842
108195,7587.994804376536
95150,30093.5988414921
99921,3954.301566829174
83768,21966.986190395077
106095,11526.77760625321
79380,22065.235697054904
106671,44494.34120141433
91757,26226.59603525242
84936,17537.744012120344
77970,21454.775635245933
103327,8044.757136036586
102169,9461.53280450198
103207,11948.77614843626
81602,10730.651797723785
79975,50396.0388651243
102385,16637.192557710358
80726,28709.857329059803
106953,15695.052963663069
92929,18675.555322928198
96553,17827.89596944488
79654,12200.950461672734
95376,23775.821757154205
96667,16158.494569158085
83421,10446.489639679514
107579,13475.664935815306
89108,19216.65242256772
79958,24629.60231647477
101980,9277.804524081967
85178,11193.466691684383
100898,9591.23745680798
94926,12618.60517046591
104484,13048.672898884719
80250,36228.219721264766
79639,52586.29910232964
84385,9399.296639465538
98249,16604.298775296713
94803,37035.833745598364
99178,10797.177753516362
99706,22158.68539554365
82493,10568.180759451594
105868,15520.83334317271
98807,9899.370498479913
95529,41835.72265517336
93580,23609.472465305505
91437,37747.78426992627
87804,6357.613463437713
92901,19319.24476614844
77177,32843.602534957696
78856,17933.675029134527
84586,2157.7054541836746
85230,8551.83861658296
83215,12336.23523091748
78610,18181.354113877846
100081,8160.153903012951
105716,13653.443823974307
95022,15492.47860407431
94225,11198.614644407897
106371,10568.536339763848
76850,26377.42775820294
108514,21643.430819445806
80352,48600.18595136569
87930,17610.603419566727
103564,13043.055328493121
79881,45802.11993729433
86736,13392.936906116756
83661,18084.813702952943
98853,24449.224555061326
107158,22462.83537997909
96809,12552.743529226043
84048,16381.220318777736
90608,10383.807097211708
89134,16795.90065566431
99321,10047.16991976447
82452,24293.41904080557
80684,21021.711998468803
99699,10506.385969316423
88449,8994.956468742515
76962,20142.77236323657
105626,15676.902076682563
78655,30633.002472106717
97115,6275.036029283813
94865,16242.440968518826
85675,16045.314989401002
96671,11719.128200316683
93365,18640.626613843164
105188,15486.275694333632
97713,13965.504691275546
98996,9013.645429125509
98329,6183.231953558157
96091,10716.148462822799
101010,10010.768136386552
87169,17825.2400703242
83760,11715.27481439302
98511,18511.87769780978
94233,51462.563596027714
92072,8355.359399536637
79796,25561.647480610653
97619,31609.31554199565
84419,11051.286348287758
101015,13415.901047621463
81132,16569.007683705477
105597,10189.226893206236
99139,13290.017869890446
93116,14256.267140757016
97838,15026.060542603185
76627,19186.03230307788
81785,19020.99827057297
97645,12496.130199506924
78865,20311.77137493318
92152,29486.599596336764
106432,27234.289616927796
81609,31901.37072884839
85585,18992.333582490493
79017,11203.765178161957
105666,9393.354083619555
97664,29558.11347757484
84418,13684.010608770064
102163,8887.86208832183
99675,6899.0477404060675
82132,27069.844145060197
89488,10545.12492071497
95516,14751.055413743672
88542,8429.594026696377
81995,19822.652669323405
81065,21621.17478241624
89542,7929.460679824319
87184,18307.062436416538
87194,17763.810515410085
101981,7087.271907274857
105620,9486.175787925205
99094,24153.463578834
101950,12505.942789818733
93488,31637.50813912649
79632,24824.22548927624
79299,17224.28491071186
85438,11480.156917191296
91006,31531.158587024544
78636,11931.206194205666
98590,12543.733190801022
97735,13435.652008511477
103694,16040.484123373764
97890,12060.21669299095
87646,6165.246937854474
107953,31394.654921947244
103882,7303.228284448832
77900,21404.229633510306
101991,12300.036170738815
90105,6374.840880167138
106516,16164.775916306491
108415,9663.62331116844
78853,13950.606621687908
98196,9396.486518922995
95738,30151.29786466133
89535,22198.16681919819
85467,11270.982857972574
100920,7506.629340017491
97314,9061.133981651765
103461,12781.036104514968
104907,11126.230051592587
92168,22344.507494619207
98077,10642.735721077972
80593,60865.79767130097
76915,15120.104427185643
106919,30510.513076701096
95592,22588.61931222207
105772,8845.476893542145
95614,14808.448393253779
92550,7018.501474605821
92495,25148.868021310333
84341,12428.122196147255
84600,21712.090911383337
92665,16034.723701704434
93922,15627.318449437631
88129,9339.584479716434
82700,13025.485608296598
94492,12804.496368146925
100974,12397.939260232315
106554,13857.420488283464
107785,19197.293505770263
107443,10386.001459628536
105470,8384.80058354381
99750,19014.532572814624
94633,16689.665459050295
99429,7434.311985272092
88790,16180.64802533754
104180,31641.835433948676
104589,32126.579757319516
106704,22926.23702253373
78596,17925.716095026077
102083,6910.284360202279
84507,15347.081411425585
94274,21657.318788078446
92588,14503.241679691311
84344,12144.882142371014
99818,32752.472366422204
76710,26106.90044391203
107923,13058.002758036047
100470,6156.664144848093
102211,18781.70749361226
90030,4982.978952050184
90852,15173.568726117299
90222,9979.245693525032
105952,12351.374989526646
100876,14756.124759422737
98062,13247.083306570372
100478,16032.011252532157
85486,9416.577573760715
98292,7942.088066781465
86160,16184.16997215304
82468,20760.003739320502
76728,15207.20131662896
97277,20351.108578321564
107553,15651.24997141951
100325,9506.180203712685
91775,34700.201806724865
104326,27701.298418693827
102909,11042.215711652754
82173,37616.60261972745
96281,9989.815851653311
92426,19339.870783863593
97724,10476.21491472462
84057,5604.810564874198
91020,14646.405081474455
100095,17487.80520718114
81655,18485.097619989563
107220,9928.16113826596
91626,30261.379968939225
108469,22957.60887869905
94037,34411.65506091273
83530,6067.204554270243
84542,11339.039386325474
85634,10852.407662065807
91707,50059.09858613668
81934,13091.243652470275
94960,9121.711513372564
105778,19816.058901775694
83841,8294.864545378614
77242,32042.96039603612
104694,8983.779464919431
89706,21025.715105181393
88670,12554.365852133968
102492,5911.606934288235
82971,12748.751974775927
87256,9695.16723754306
84642,17308.81745327248
107437,25143.966260228262
94640,16040.818676254727
96089,12896.967382187588
85018,27359.348030550394
106576,23801.18094997795
104158,10072.838820877358
98002,9272.343283667036
108045,28739.25712308896
105890,10011.910697286568
103298,7676.475995497096
98977,31978.916659870953
100431,15710.034825571496
81100,15421.98008388944
85300,19785.70660485753
77518,18786.081878719728
76712,16445.602847937545
87545,8947.31469899406
86848,15290.93247742825
77647,26692.118190909103
92094,25684.799418714185
78540,7229.013118973006
82957,18837.333264596033
82768,7857.421223843244
95875,14814.928843764694
80705,33289.71160060427
76746,43234.66171870226
93222,21877.49382984556
84494,11067.621487142755
97557,11222.968377783152
104969,20434.179487281264
92998,12792.190190633868
75991,18610.820488447553
78217,18390.385900874255
79176,41072.63166852512
83261,9631.251760459469
81177,33686.92813947571
89681,9753.665484733798
96968,13679.614950273139
82896,9163.463636962413
108357,17639.5888104292
103421,11324.419651319617
87971,11446.995674086153
87170,21159.054212946696
89941,24893.925675255483
104046,20790.363711675822
88894,13560.978903096277
82638,11097.516108122323
79213,16763.267670034
92902,24192.108884477708
79282,31133.863064572128
86331,12498.499573016055
76336,32291.99735110849
96080,10655.522680761327
86990,17455.518562224956
87762,6311.697448113852
80699,27477.00714363601
84711,9631.251760459469
95297,25992.442083597045
92828,16805.562773037396
77614,21608.219279051536
106565,12975.991644824802
96874,5646.350877980656
77145,15581.044690904117
80473,24417.562539699982
89438,16014.152560414974
98442,23086.244769962774
106213,20085.967525280594
101442,12202.119582077
79337,18562.12373943906
106021,32688.6571312612
88638,7829.496768775238
77383,11282.172170694688
88452,22336.87799906045
104464,12623.200696202617
82639,11077.904360760627
87305,11816.156286519372
93172,25661.78629652094
98857,28903.2292943445
90873,20604.66600422261
99679,7933.295828577209
78104,16320.948644340138
77770,17175.613187288935
91351,8838.875336313891
83700,12084.709002487796
80548,34073.72430924567
81163,21424.577782924647
84140,19263.20587937741
95479,19887.893488588637
91705,26090.440265485846
97722,17973.523004035873
88383,13078.672443184138
96632,9389.66419145676
76496,13492.804848980888
79062,30244.344629654057
103519,7804.769474662976
87592,8268.114136673392
97668,19100.21387404948
77969,8473.882441692276
97610,29569.934313983613
93889,19863.260243116314
87792,7054.504430639094
95078,22344.507494619207
87575,14829.638951566261
78804,13548.713737656508
84242,12953.535214154354
83462,11125.655248482219
102260,10465.475565647883
102635,16929.400338670486
104460,15461.29783340303
100463,10553.46739962469
77272,19305.51265535313
82246,16711.031506586038
81472,14992.039068501721
82420,15010.062604569268
91586,23609.472465305505
91099,18414.36218566203
103536,10908.402620013707
105169,13202.171291868246
93837,22999.235367662954
93958,18058.13413798614
86124,8507.381133016348
97448,9265.488440827805
83040,7591.47511476351
104713,19764.019636583533
101549,9615.627016696457
96018,7895.293706482123
91089,32298.778269643735
105130,14524.660452041173
84720,18059.405513999714
97182,11761.468294481618
81653,5545.4299472694665
87522,10545.442417484763
92754,13697.698257415921
77510,8754.758466768984
94863,16906.10095617743
108414,11915.431837259543
102393,10726.158568903507
81528,19699.33831164841
78983,30624.327456841722
98051,15106.718539559059
93080,18110.115449796434
92657,15778.580214330914
108070,16947.39182266612
96990,21707.18959199928
83301,17193.56444957945
88459,15642.119539316265
80158,35876.779213864174
106913,28569.306284096983
91119,14606.849430601642
85522,8905.3194679257
87469,9097.114072363504
89620,16706.97879754327
106903,5746.146038507564
104183,13219.18579711208
107015,17070.45526708707
89120,11033.055279055852
80555,25068.33934543147
107037,41855.79021583697
83340,16889.55485983908
86654,11430.223870483052
76116,18862.516030014896
108208,10907.905494232584
99790,12950.79240049593
100950,7944.126720650933
105495,15105.913803881218
85317,13261.561441821399
90114,21794.20125779814
99322,20249.132996835964
77185,23684.06278805492
99412,11626.039237452265
100021,5278.815638329812
106020,12033.932893427576
85234,16232.87809054979
90059,24037.82912578722
106902,10284.363335913164
106871,15265.063474835451
97784,19523.83413975619
96140,26507.51462582253
103840,11435.5352299084
99573,9646.28835472232
81967,19397.372292183132
96124,7298.050815468479
80245,36774.42514162255
90896,33717.32485024284
100257,7327.0166717030925
76759,26904.107740362953
87022,14211.032175649456
90758,16137.892575895434
94073,16785.55606580708
104837,13324.373127185505
103025,9918.774187841746
91765,24577.16723935304
88352,14699.696635573027
83826,15689.787604624607
106648,16431.171742963565
102967,15168.056848981298
88989,9815.040374754597
90846,15228.380005752395
90232,12076.95063024777
95262,20964.803826228992
80599,10956.927278603662
93353,18450.371498283585
100230,9900.958139934477
104516,13261.846647155497
76127,16342.522662762722
99603,10114.041760596121
87441,3504.4915110764427
98607,6752.209203402668
101385,13240.495433982538
84028,13575.745244229298
99900,11424.306998505364
97880,32029.105101656456
103005,9317.524965581637
99862,6953.122875463462
84899,7063.297803802202
76129,28434.41295339977
107674,25932.07913905399
79058,24750.09470508516
103161,14430.28541892582
77525,22342.23508297
89366,14936.954950047764
76529,20717.962221077214
78121,54165.088627717785
87960,8150.02852835443
76468,9170.144721359751
104029,17002.961236242907
78294,34836.30008584085
93269,36705.00435966029
76124,18722.041983287985
107551,18823.00761641736
103953,12965.661362561827
103212,9750.654802926125
77337,23004.148619810054
94095,22787.09012139826
95358,18511.579270678132
94772,27532.359914467495
99318,10899.001729653442
96569,19016.163500403094
91669,18880.178147032377
95240,18414.36218566203
79693,16625.37929627903
83100,11293.499973027125
85506,21041.269736715625
93245,21230.48701872938
81444,15142.111712809063
95558,18357.303895727327
105709,16340.72932220695
80796,26175.407677834293
97061,2365.48411746476
91452,23892.65483816264
88626,14124.121250579154
92700,36909.70907362256
80109,18840.505292773836
103649,11534.042013160293
95545,15498.19775306064
96879,21636.596833033906
94580,11280.980441311362
88361,11274.893366000948
78094,23959.084355863393
82831,17126.621695780916
76965,37674.752552703845
89246,24832.965988002714
91844,22223.10747493436
92122,19058.08976319325
98944,11175.179945401955
101088,8555.200331953425
107119,10007.035185382778
91603,21159.71464899948
83339,13754.311425977561
105408,18056.852779359087
97091,10713.299024592254
93822,17279.391978503125
96950,12080.427909022439
106461,12832.831426465335
79538,32976.460310242204
81813,26816.23844140434
92640,25463.10254950271
107376,23385.71149187333
88834,12791.438908474864
98532,12683.054149176649
94957,19279.50140191423
84884,13335.308733690299
80124,33122.531709102135
92048,31522.924727888312
90244,7129.745247964926
90103,6191.538837502109
108009,5083.110242466283
96435,7524.269874227
89475,14772.80414921492
86286,6639.566745494301
100193,8765.371222687216
99733,9335.733364880452
100561,13244.214288820707
98626,7490.6508747009175
89177,9669.04302233213
80294,15812.993566248857
79134,30272.165255694807
78603,29214.96094229454
108528,15829.209958467654
79147,21660.76285855785
78538,5616.305968789179
105042,20661.847532810967
93560,18734.92832263244
107122,12457.357997865156
107336,12084.686979649654
105831,17943.444826604675
92973,16652.023125404623
79087,13244.307564776569
86806,16859.398553972023
98787,10318.255871143536
99838,10933.8573156247
105442,19749.14530806084
101659,9290.739778294092
95085,23338.43700593797
89893,8545.674049972522
100412,11602.66214139438
78433,10735.28869917813
90887,15644.6033170327
87783,10961.111707256508
105572,10719.015379030203
84065,18701.707514988666
93714,22951.891592837128
96148,11454.641819228731
83771,9147.691924211595
84970,6945.4623333887475
88859,3363.5900464835586
104620,33010.25480985501
83749,6911.004866428741
90174,8382.171712040301
93947,22020.850827131817
91462,25743.606236557825
108075,8685.16908595658
79113,26197.89754436519
88445,14263.339664511415
81311,35565.964259795765
100633,9655.521086781351
92904,23669.33048695685
83091,7527.144868400495
104657,16936.38965909009
82910,22778.848275076514
92383,19695.95519306
93424,8579.570841596238
79891,32812.51682583456
98961,8925.568446831756
81502,31127.63886814529
99035,11835.376260298237
81371,12202.813249979321
87333,11458.543123420748
90353,4780.646112802943
93258,21413.177840683093
102053,7201.346969554237
86713,8483.133608626385
97203,12693.473264883753
92794,23629.09632654399
84293,15954.19804890543
91672,14612.053617590645
87085,9631.251760459469
99300,37311.43528952444
81242,21402.881562458788
77834,48412.23958176086
86864,15655.700679143332
108332,15709.188923599131
93461,22402.96631219668
85198,41863.24152467206
75974,21439.08288562265
78679,24084.468868306372
97060,14666.162342078364
89300,20314.07018554979
97682,22959.862058390394
86664,6453.796168313543
85169,32014.017368223023
82930,18466.748972667876
104583,19817.697168624378
107212,22740.565976647886
78128,19590.721064969584
101395,14050.260307035835
79984,17351.838324109653
106844,13991.18869545422
76507,15633.01613884472
87935,14385.694921188402
81796,14684.628430523744
92942,19675.943994332134
87848,11986.048035452272
88325,15053.964243312861
91296,14036.446616554564
103415,6986.337807489029
99038,21341.748805532035
101080,7012.950905457487
102789,9268.731719851456
84656,10438.235958934092
85716,15767.326449291733
90233,7961.193997631924
91097,24709.09396342156
104466,12828.692508642667
85061,11723.653462272334
92535,19852.09035742499
82437,14012.293398790192
104845,10413.553140018928
99353,14299.968701089292
94273,36227.352293214826
84080,17039.36753141879
90877,14987.094756292536
77883,11327.536087055534
106394,18755.926026720335
103042,15446.119936611
105388,15290.897485449694
93490,16949.720406501678
102852,15172.54669603107
101859,7798.761280895686
108113,15732.522379048589
77290,33348.89141854545
80341,24023.087747401263
84286,6501.049165148213
96187,22063.677287968112
100716,8774.233594458434
99682,7206.383169372081
89827,10549.060377582218
82053,13774.966876060067
101135,9750.654802926125
78574,29300.55817860187
82541,17051.684424944357
94530,32628.3507259202
107277,17376.224023826606
88719,7474.065360245406
95962,29968.31154091382
89249,10726.12096978393
98786,2711.8361413727944
83968,3265.247691326766
85115,9740.625665865624
79741,15506.698956097383
81050,32642.699869445223
106955,10552.440000388933
85572,13242.603393143458
80604,45355.17463702907
106115,19662.972435765227
76213,17275.53176382768
92026,38455.55194191848
91397,18986.63646070637
105916,11000.379788610724
100938,15997.001428340225
102187,8196.780340668442
87434,11701.414619276331
99959,10792.26007613973
83438,13573.930192671474
77840,15761.26412679621
100930,16010.914571969657
94925,18744.78026441354
78494,15185.43263946379
102418,7761.84223877174
77793,3253.918139864957
78383,25149.78044838559
84216,20029.063503310128
82610,7622.921527176586
97544,12926.257841552257
92549,31761.122207850698
80538,42857.351748746965
90890,13838.691620479403
100299,9721.97227597573
89902,7249.182410304068
105561,22333.879151047047
82364,10774.911902521408
78091,9443.63864959841
86023,17412.17358677348
79752,23241.60932190789
106315,10279.53573029006
80934,19834.897286371157
78782,28994.769536285643
76471,26804.12340389495
87418,10464.656499105446
76891,28332.914671506223
102628,5037.744366346531
89363,9082.102218819371
89237,14699.696635573027
80257,36183.440028006495
102857,5550.259124375377
76201,44167.50297799179
104887,8890.93241033981
102310,6440.803602522004
78714,57578.027938548265
89302,9999.353828703854
87676,17099.18100554353
90321,8447.03674315067
85244,14668.530052192224
101913,9344.44467269231
87086,13583.501697166459
81974,29177.26087184446
98075,20769.38813904603
80870,18005.766279254254
81556,37907.89861915405
94722,33152.057832061546
83840,9677.489729116816
100809,11774.719568050929
77101,15727.037938707674
102172,14850.698534038935
86373,19221.87094095405
77540,16276.329826376452
86271,14823.416993996707
77679,26512.914353936107
99807,15256.691565477817
79126,13961.463400745355
86337,13709.17068257696
87496,8122.789225716602
83272,15999.279122467166
103495,15815.760448634896
107915,26568.110866874424
82213,21917.25606586335
99461,9799.873686307517
85797,7401.865475263336
78898,12576.422860499895
86463,19343.35813161569
108138,21524.62447091582
88417,32796.94313262843
78694,43452.22895226805
99802,9288.16852514369
100250,17247.70220938533
83482,12463.113795673446
104457,11876.682628109613
101415,8374.261671606851
101767,15714.214263714153
108250,19259.011381694407
89772,9604.166876675503
91127,15351.221951653402
102887,9898.285896585694
90756,9494.181141278734
107554,23130.35512703114
103731,14705.78915229802
92317,15967.213662668873
86805,11915.290536777318
91722,25122.01058726664
85026,28651.77256337054
77478,17115.125266379688
82027,19097.31053121763
102742,15170.800384651218
80198,18255.608936019813
94907,27066.579819728817
106738,9635.184642127702
99797,6705.469120440901
106456,7588.817124706041
82741,6289.503929381164
79172,28316.768687519958
106696,13923.07654600846
82422,8261.758055361784
83924,11117.407963736221
90599,9022.295102021397
108095,22487.973086075628
91777,19577.956866905497
95001,15271.498499362886
80408,40273.35044259244
87330,16464.554945733766
103361,13280.017471665124
89641,10227.174005412136
90618,13940.486768620187
91679,28790.472904674927
96844,11013.24135896562
94418,23629.09632654399
97002,17720.790470614047
79748,32332.982861911845
96355,11183.070297207354
92347,17710.377092978844
81569,17856.092534602598
106924,29453.8940406449
85270,12799.543706157941
99622,6513.892111645752
106843,7725.033784142906
80147,18628.73696535926
102181,5707.401956432388
84710,7518.754994676281
85189,12106.944268732681
99281,18497.68019467996
101130,9575.287619708559
91554,22492.338956315227
86116,12849.135601746213
106899,18544.6507158738
84516,16444.76560389322
105422,29450.672038884604
76956,13508.444894670429
84006,9402.179542715367
81453,20899.36499335204
104850,16733.86346378757
90867,5469.278157633857
97154,14282.731194189271
102088,10705.78404287528
96019,20411.74249171907
100300,7362.523070062815
86459,13408.319251498695
99304,10569.070108485459
80630,34302.83830416232
82387,29913.752686009062
91359,19626.919234243036
79123,11491.142640080281
103324,9947.366915953211
101086,14202.971714689967
97170,8027.394212758603
91834,9409.678866975553
85238,7248.076781414948
81942,10279.17671776126
90971,30962.405247216113
87864,17763.520608372066
95296,60629.35060574363
91427,13265.887110754256
93697,16834.952788386363
107694,25300.088424807782
77364,20497.69725539708
102144,5587.652459241699
83410,8799.142173413145
101560,6758.618463370932
84775,10961.453945633435
103879,9504.42888086075
103933,8508.062998814712
76344,15643.65097785205
82119,17395.139407653507
102130,10025.496414226893
85748,8532.209363809681
93769,19615.889216035324
101775,7477.47408497691
94613,18988.533933618226
104021,28494.110796506633
98175,12883.262134703748
98477,10258.685262137149
78185,15607.896075447428
81576,29140.659407559346
84854,5002.400363852926
98361,12550.054846747114
81390,13890.925485990743
80911,66048.56508881772
89407,33148.36978301979
95981,23741.773963366675
79131,11525.576275756008
96624,12878.199994609471
85131,18344.33100676066
76436,14398.835916931564
94111,15163.660342685935
101518,14758.246490963538
76588,51827.084740928236
82353,28353.045828134203
96186,9274.521524997204
92735,16892.96039039227
87271,16387.705418728117
88968,10323.80652815095
84154,10038.229217110604
93692,25144.4133712806
89484,11204.018701025985
92547,19821.549791839618
78689,13520.396675426126
102058,8418.765107754678
102579,15604.238364109544
105825,10106.254151053092
96154,17328.80346998115
102183,11001.96529103971
85976,8535.683158627335
98679,7480.405535341427
89612,7523.148347271956
107988,18147.773294271163
83362,14024.530038336285
94251,19979.18375031328
97018,12970.111516863199
90329,8785.61797151363
104604,25798.07586731281
83742,9098.186482509815
99447,8966.47981407496
82194,20489.27592119634
108351,21072.03528919075
105314,26679.960405708196
97351,10951.539130339126
105861,14593.82478477766
83010,9005.284997911376
91447,22545.79133267752
87619,9151.533130294756
91870,18872.694743383086
86543,13339.365835594845
91484,14992.407389817768
100659,13404.746170918042
104491,21727.375754767592
100779,14097.923774392148
100935,9031.905985145084
82331,18448.949327031114
105140,29246.008014551422
96349,14378.527561875811
82664,15654.343583602405
104532,9108.259298409188
91854,25475.74379440014
77003,19539.583940508677
85137,6578.770560573625
94577,27994.90455855934
85461,11223.092102283032
77550,13389.407861835125
99095,10225.136817051309
91832,15627.586146297743
85920,20063.793790719355
79766,24607.958674285626
103839,9766.69671657913
98167,15721.603024860044
96684,5427.619499693582
106982,8155.109745668877
93524,20500.16765918997
108310,15957.242669367792
106569,11773.839591965994
98088,26900.4497878255
78890,18045.534814423318
81559,21188.229623889285
105178,17921.038161697885
90578,8807.389142135402
82299,22168.219786293135
103885,11386.76101962063
77488,12094.832388433275
96669,24584.08903386066
78344,29166.542825509045
79405,19338.979600965755
94620,39444.38128138142
96836,14672.744483051089
80212,14600.219302522222
95746,26370.211655213105
77363,30254.807600073695
76866,34399.69681574666
93847,18326.48801279771
105175,27351.87070292487
90010,8843.249760276067
104429,13651.22211497083
91160,29603.720278038367
78906,15220.862728015389
106414,25872.399742241247
86910,10807.16535848131
105882,9659.265762814426
107238,7549.156085959874
77102,21025.163777914408
76704,12539.385900610589
87083,17443.34758950306
79057,28263.910929951388
83270,10339.223547211062
80561,48165.83091997718
88469,2438.587317321312
78768,17672.78654571215
83574,11078.810262122332
76771,30679.608909879957
98589,20572.715535583116
93091,21230.48701872938
108358,11227.06038628954
94601,23669.33048695685
76151,15328.693768212082
87442,11340.576097227806
93531,20124.23695931583
89771,14975.571501280663
85803,18523.416821917155
93147,25345.241813149205
105196,9885.24560786871
76171,28352.973437796318
90616,14231.292605962306
100032,15809.776171601347
92905,36392.15400604284
95696,28695.503263510083
88913,12732.959292434269
101504,9742.116084859428
92241,12921.786211279476
99822,7398.72405725317
87745,10118.256291566173
105827,19338.95890080271
106620,8990.954892136218
93497,27995.30792303581
89250,13110.507332388508
105581,7994.539357757999
91076,13607.934769840296
83506,4630.147586819183
100635,12284.012475487007
91828,38738.17536849206
76039,14638.434698523617
80685,13280.599832095519
97571,25220.40927038675
87425,10026.175869338433
91662,21361.245707733015
105161,20660.99833682122
81006,46398.869717928654
82888,16455.09387809286
78545,23083.83880025624
102922,8008.23055973048
96198,10908.98972493002
92979,23446.290681857423
105623,12866.80196583767
82195,18504.263595181957
76760,16090.766308891425
79305,20345.568354353192
107942,12624.231295556448
81981,41207.92215468511
100135,9900.958139934477
84307,8296.016450315377
92628,24404.977177832647
103304,8058.055237662355
89421,9880.746238851445
103645,11389.389167176278
77164,9689.837677154661
88451,18133.03884882821
76488,19369.9087146734
92835,26097.966159233427
80449,15981.14053689237
97408,20410.778468590244
99256,20822.53971047448
86205,8351.980724483436
101002,10362.053374929023
93390,17500.69029950267
101654,7462.994153879676
90595,8305.403514993126
94955,19738.93689377352
93871,21510.007496022885
82164,37355.103229491375
99373,6815.812420295009
90148,19876.782607472345
83210,13704.391433318286
81726,15000.224277446807
78041,22902.486814301265
106229,8590.865227691267
84209,20454.500148533538
92225,27433.520155399263
91878,14753.559102098952
97878,13856.24374112732
77435,15545.12999028574
91180,22080.279967183265
100272,7982.9138853048635
94228,22472.528740314017
80549,13858.073038455563
99566,9483.883044320539
85829,9724.259017596072
102693,10418.020026405682
83322,17112.38359681785
96980,8637.676344987345
101844,10180.791768687419
80791,107830.62097604913
107384,15627.606107404832
76193,16388.746401772147
88605,13594.381191690954
95910,25254.41742254021
101217,8106.584453120837
94833,16385.94869411951
80221,14987.53346625828
104479,7754.022975675364
94405,32264.245647260683
93415,14879.58331278395
82460,18379.015419526826
83009,8147.374200430547
85429,8343.873166037001
106034,6722.972186183905
88406,10611.04794044936
81623,37343.56437456041
93605,33640.06743414254
103670,17415.08256050681
100409,6526.843503055101
107237,18200.54227427569
101669,10359.892731172884
78854,52950.936999385165
94034,23995.4917232806
101096,6849.156897181609
98417,8126.1286368281335
76874,15084.373897481597
94954,18388.47843368052
83137,21887.057822551644
94653,20798.945010942007
87567,16111.060323235037
78154,13572.723690587365
84461,16158.44497557738
85686,11067.621487142755
94342,17297.292359002517
101392,12549.072026946062
84192,19112.487722004527
106701,9402.023223231246
104013,21587.70286778146
82745,8071.363496439449
103973,6621.16949147688
90409,13413.182789425473
90651,9051.425980446797
87413,18409.089681266683
102121,8664.909494971174
92145,22990.10368598067
107141,7562.880089115357
83230,5651.682395495918
78553,5055.009712214715
83939,10105.3713518978
104875,19379.54670096793
78129,33653.93055377927
80313,25728.53347872779
85535,15855.550882512647
108311,15944.764335957108
102292,17447.6559502847
89716,15485.78018343425
77046,78065.58665049373
97611,17032.1718661807
93038,18047.58005950559
80503,13876.027013315985
79132,14891.61616089188
103759,7620.142926347605
78960,18986.150840034134
97265,19194.82049523549
77855,18855.36404106787
97371,13160.00681451393
94297,14817.608667257555
95653,7571.50966267232
95891,23751.944710038417
81947,13402.339505052947
79702,17420.89971619353
76463,27452.488419107078
98065,9076.482440201491
77154,28096.00855351533
77348,28316.768687519958
80987,30740.284747948223
92207,10690.338893676546
92983,32628.3507259202
80731,13075.573454327206
86277,18700.298515333187
103051,5684.9690299753165
82013,15929.887050265583
78814,46933.956814213925
80153,43882.92210136288
94618,21928.436436434502
80059,31354.2160432252
105557,10055.029315192847
78860,15581.011800546352
84849,11001.574523386624
96896,12462.651540295752
88244,8071.66522950669
105984,14740.079691678491
82644,13296.931704925753
90970,28731.165142965285
98810,22708.48673180147
85184,18484.24425938399
93723,36587.3282950918
105049,10337.802564957716
88554,11151.701051828983
94996,15475.330445025313
107689,9979.439399258797
81575,44368.61902095856
106988,10013.546675902777
89894,24295.720654232453
81703,28449.629118022905
90718,15041.631380284232
99561,9443.147286817442
81269,26976.726558811035
103069,6359.44879511501
88952,13062.068853433719
95295,12934.213649427023
106589,23715.536789396854
102918,7952.7498948550165
93669,25586.46454918761
86144,13728.113911524777
98336,9445.620853941738
96891,16003.823320840003
98576,8870.792071214164
86038,15500.049796732603
87511,15631.673895451599
83642,12813.039191223304
99964,7016.781676007779
82842,15642.119539316265
101714,10688.663707873737
99439,17837.266864515383
108487,18730.295408439262
88965,15266.017327475345
86445,6445.876621296564
85916,8203.27583535172
85616,8139.048839413346
90865,16065.269889852923
88634,11477.646252018865
108094,15348.882898178692
82654,14030.504636531005
81401,19313.495209785684
85163,16588.121945909355
97623,9144.090565285742
79759,26857.416626873954
108230,9635.184642127702
77757,31250.21701568336
83089,10567.485845990572
92851,30984.473574130476
80656,20566.675200261434
86019,10685.265822990787
100887,17130.963776113716
78011,37303.11213276296
96398,21672.824903810062
85254,9152.495370178354
95254,19090.178252311198
102320,9755.730751986352
88408,10915.706535120213
106594,5008.869544407459
83849,6714.732839647768
79313,16726.61601677773
95010,19661.063503132187
105546,16705.965250348203
81884,20378.03559656722
106088,23196.2231270073
100892,6382.505594107138
84487,15776.07583187793
78004,28695.98171192328
97446,23556.2912742481
93170,18373.72290058893
83208,19527.27136299048
88728,8296.016450315377
91300,19798.244942735793
98637,10561.166275308755
107267,13367.446942108825
89956,15882.692755342596
77052,17508.255386611585
94583,18697.135973069064
91424,29065.56422259741
104774,7228.444493336225
93699,25939.192834245157
102986,19395.33995239371
94176,15144.685271047045
95618,19977.985847393924
81622,25853.645005989838
91273,23483.244913902385
102725,8249.794700314162
90479,10245.217800339677
79835,24352.32188058906
78909,37388.31698881087
99437,12022.500127729745
79890,19939.844101057966
77662,12490.298431544446
90320,8825.391208969919
76278,17785.190794652473
80029,18936.309230991305
95797,18806.064545631358
95356,41329.11282431341
101962,8738.106517419925
85810,16387.705418728117
93588,15489.379134142857
85679,7928.581408220959
78286,12974.130126786178
105233,12775.243899448385
98613,6275.88753029295
101314,12204.64755296296
105749,16291.172303851936
106103,20020.641663692197
96678,10276.405273352642
85003,12575.077371960098
78035,28428.296690253344
82443,9125.163864676471
93373,46235.86714814079
99857,7801.2582944494625
82450,8061.518768118086
96256,14435.400722834536
95924,32651.79971638409
81425,16948.811920737568
87252,19272.41007939225
100379,10355.24486895523
106316,7565.476289974395
85879,15456.952305115678
108334,10902.879535795217
80243,25741.72814846072
84504,11033.055279055852
106064,8076.960135126116
96443,9551.275352176823
99020,6867.829226061554
85068,9431.212694694796
105374,9210.0211530518
101946,11306.078933805695
92945,20170.218476763366
79338,25717.026470424644
95027,36295.64350044841
81488,47639.36503321297
87754,13251.954091140393
108454,20695.88430216381
91283,19103.369653788093
106232,14937.946979015382
78368,27541.631354087724
101417,17615.267335657787
81479,28620.52410841743
94527,18056.802300419127
76897,26919.506727582735
84107,9362.711443385284
103177,11052.737324081329
88043,10761.49460606419
93710,75464.05600091949
87679,10706.582917225021
84644,8020.452504924624
79097,14687.071781977429
98030,22093.277130978113
95131,18786.95006868662
83593,16718.328405305714
82532,15074.094336411934
101675,11465.597561898983
85118,16453.044048392752
100813,12165.710685096796
88693,17180.4694689226
85819,12580.239437753411
104337,12922.777010789832
102104,9022.630033174933
107526,11271.579387559328
85600,14036.1708642969
81771,20727.989783429653
98339,7585.247532103912
81855,14171.510000504868
85755,11455.13887837806
87321,6615.483941070387
101819,8199.944433588438
101569,14986.481338000514
94538,5925.907339826804
104142,26977.46677236696
93830,23785.648444800387
82076,26942.54161376992
82721,20427.311688982714
88982,9815.040374754597
85055,8920.819550340428
101426,10267.59711249219
101136,9741.345708597788
91939,11651.984199740325
104368,25286.747822918744
81513,14438.338726648772
76394,22067.98250830437
92054,18428.24704794972
94663,29276.136976061654
106117,4540.296618190684
92528,24398.54905504773
79929,23864.768324901732
81579,41371.78223729349
107328,3923.0617302385303
105031,22952.60500147165
100819,7206.15817999669
87353,16024.102748617455
77698,24066.509720228416
77157,13503.153652366593
85947,18938.900869295663
92761,20089.461750787756
101344,7541.401549174161
76877,12715.897779584191
95851,13336.669606925723
84319,13157.29760942926
93218,14830.17147199659
83770,10566.441166152503
99753,7333.969434222204
82062,17398.380047291274
78053,37102.88237171408
83901,11175.196835961051
89826,8114.354678698971
104171,10510.865587467302
83906,14098.640891928851
86819,13251.245826832768
88150,17518.81197178109
85289,8158.947477037727
100567,3615.4387410985332
105930,12557.306042124274
107244,6857.104720668137
85900,10852.005629147076
83184,10092.200400557087
97034,11640.738812143094
82506,3315.7877961022596
81182,29716.624613792967
78619,4966.141808503432
86046,17243.75425029421
92798,16212.933566184936
86595,16468.50809972603
103854,13094.635191916554
108504,17545.920508852752
77451,16213.966831105428
76665,25285.051142473258
103434,6184.6047930742825
82338,26587.31993320934
105189,2928.4116724107844
94512,19219.541079482548
97542,11827.253922351212
83343,8669.210303242991
77274,34836.30008584085
83810,15666.318692849847
90850,14294.004765141579
79688,17395.9197399406
104038,9269.13317535847
100468,6095.687588417946
81010,21183.838997200044
80372,34847.15227736925
95979,19852.09035742499
89813,5233.232943409566
96873,12104.251739708763
87267,10001.117134993508
83327,13943.578319803273
92095,25564.281158488902
84723,8078.501411667289
101561,9930.451602923893
77409,7955.720137899773
76480,21522.967643615073
97632,11310.722483473963
91990,26335.488041928384
98020,19324.018156485075
81375,49060.30432132656
81903,19217.88859473592
107050,20472.915522534946
84920,11047.20458715098
108180,20653.91574944256
94696,20964.53603881221
88215,10818.438051305115
93276,18919.83919021017
80359,13818.632510583908
88717,3182.0309463449894
99702,7911.5482205000635
86283,11836.618716147916
100037,6172.650708899526
93640,25465.8742337107
104313,11269.851530676611
84666,16356.641600427547
93000,25922.0998702166
77512,19472.851769545607
85094,7811.3107339729195
77184,18350.133772924044
91257,21682.671364768736
103957,7054.944320563451
78533,30094.67762273667
89080,12303.22879988662
98463,21910.538999329543
89002,8535.683158627335
87542,9628.208229323092
88641,15390.963617451902
97972,9665.281533488831
76363,19305.611465882736
93821,22842.477634639516
93549,17223.527136610937
86037,12561.744896116848
79563,36694.45854252113
100014,14449.59805679965
98717,16591.426189661623
87323,10588.490529738614
101054,15709.226497033445
84408,12455.02261160907
82692,12977.210560173911
91513,52140.3173849855
92863,17290.565049634475
90666,17947.66701381028
76919,41524.41929935951
91549,38990.818834680504
90300,12893.871820547241
106228,14440.792753074236
101551,9443.375963073635
105986,14122.61178066716
78520,21891.51393787891
94130,26280.364761397108
88980,11257.710866854908
76245,21322.798962511195
96800,11254.38062953561
79591,30118.224778487915
94738,26369.37907095504
103275,10985.002871389848
82981,10679.343191799562
102017,10695.132564824327
85242,8633.476177259814
106488,12960.772803674412
80606,15491.922741364471
100861,11491.231759191303
93103,14413.50195928498
83680,16916.32906290496
95926,21276.684398073037
84955,10053.103913412675
102279,10281.659680331673
90285,15655.559001494286
86735,16750.003261318125
89918,6468.566995476868
100914,8396.929430171356
90315,8647.875796777182
98805,8876.694375974108
81572,33537.24656554585
85263,4859.578870593887
91962,12322.198703461974
86328,20752.39721244698
79610,34722.194186208544
96570,3205.800982072823
100929,7261.154020148591
107784,21567.475660493645
94269,15095.672793906022
105574,22861.112330262702
76572,15964.304633129368
96249,18645.376743441648
97897,13372.320389006467
77625,16633.619080851844
102369,12719.024923618645
84079,14678.99831563788
77866,16364.35231218502
83806,12790.161505449834
107540,19912.76772795913
103244,16697.44091760755
98859,23154.77463898753
96719,18089.83564779395
76235,48766.92932470863
76348,7721.65764294554
94323,38908.637018586036
96314,12943.951694590169
77439,15687.953008374898
88588,11612.002282236275
89516,15558.02767643466
92199,13914.165190841264
81669,28349.096043990794
93600,25864.533153137123
105605,10105.182730240871
102501,9615.215645167025
105250,20226.769427438107
103132,15195.02572864351
76914,34305.18248431854
103063,8417.979285137617
85636,20646.722438844605
95703,24556.58017955695
95014,13918.010950919846
91855,26601.62617218849
89326,16818.171775532457
86878,14105.71328164516
94159,26496.96288969461
98939,19468.986573120877
106603,29250.51688181752
97683,13697.317221507084
105057,14588.388804827655
82551,8654.88693677437
95156,15073.84334379995
96663,10864.23834826341
103966,13814.23102651682
103721,9009.98763525451
104581,9715.619414186376
99601,25256.090000604472
76271,11930.57435151862
106578,11848.386933549444
105436,7413.376247005545
96180,13694.571308116288
93214,19675.362270473415
83950,11388.169717547637
87436,8112.4985333432305
78008,34864.93322807129
96396,6928.231579487011
86423,16953.088973466485
97519,20092.924660834113
86137,17481.554131146328
94515,16221.590868668869
86264,9194.485186890426
93856,15810.60168198427
89370,27346.70037086259
95869,26801.331068720996
108411,15646.58843844069
90193,12348.949153989495
84817,6339.1195681573245
100719,9423.96310598639
82801,18190.571912846226
83103,20069.92580233854
103950,7790.1277904105955
83927,14893.996295652936
96442,19299.872340798138
92599,14203.274027543537
105284,9511.483092474613
89963,14216.16388517666
79117,16266.245601579883
94001,12417.198698752318
90520,6326.831595993652
83344,18300.63151431489
104811,25984.121532391997
81567,9881.612613870668
102778,8357.702014714228
90439,23045.82886073525
104220,5221.77020381483
102961,3693.3325671728035
97588,9149.954816485337
78049,7575.2324501583025
80076,22015.597967073663
83466,7704.493931468205
81941,23465.78456188041
105786,15963.295068282709
91443,17469.827917868453
99961,13634.127577831789
96323,8878.744763863846
107235,18077.882903409336
108199,5013.412760796939
93938,25208.339676399308
82727,19409.19952626087
78548,30231.927011983047
90362,16031.013427141314
92257,22659.616051593326
80015,15016.059143826005
93724,25494.06921773356
88826,15437.25801406873
80051,7720.847076170889
90219,20736.38424376771
83727,18341.367427484558
90139,17771.183727327487
101189,8305.578159300343
85435,17126.621695780916
91933,29266.33139794009
95135,8936.37221675065
80576,25515.184277166805
97289,13768.171606003138
90225,16451.981213752293
77958,14861.038584444492
96218,29562.433470655007
83747,17691.791100798593
85699,13621.91847911342
92682,59060.80002349263
92129,42745.7890917825
91533,27375.163803238785
86503,9958.36081115836
107555,19363.862143325376
98751,24808.584833640954
88145,16318.18451266816
104214,19262.966598512936
80027,19962.62992392693
94594,18596.093503352637
105978,9340.972163760849
81202,19779.913452484016
88343,17447.66907292207
96928,22333.697161517666
89639,9242.135598055651
83427,7021.782286506405
77241,14002.85163677267
76837,21119.771829281737
105316,24908.592275153944
80915,13195.076385957225
78226,20615.671958802715
98367,16025.876414479502
99268,10189.251735967095
102336,14756.124759422737
99355,8418.119342118234
92728,24739.871949818815
105261,21986.10874609631
86321,11821.437256248191
83913,19021.077237722606
76582,10413.767110320354
80624,17782.58366810733
105804,14008.916661661508
101229,8650.468097299125
104782,10013.546675902777
91859,47199.43886938782
81892,25617.480228314358
104257,14912.234821743654
89995,26258.644831699632
94721,22195.9421508938
100123,11014.656897761832
83121,7964.61994309804
89621,8862.986290554747
86608,13615.674257062414
106922,8865.628168023713
96146,18373.59348789396
108383,20327.45003612794
81554,48257.98734029073
101538,9243.388912239669
105248,13492.003802469364
81033,23385.96081800135
107312,15163.882980482611
85588,15919.770306260674
108227,9883.35668394874
84017,16044.594623005638
101028,9781.881532576062
93019,25687.12285204562
84359,6884.240920389526
90602,8393.701784913357
102834,7296.485900322271
85284,10446.489639679514
78749,66460.8588123015
96892,29040.921384069785
89640,10362.37755904749
102773,15710.034825571496
105779,13925.115619926093
108453,18647.303739376977
83162,11278.811284022604
89704,13157.811157680777
96488,8679.265761811757
81546,20707.212430063246
82108,16842.79342937569
96784,9630.997059618714
86526,8603.289225677832
81220,22803.00377452671
97126,10878.91006430835
79954,30466.84010288777
100182,13770.517277789382
87058,17906.675165140372
95026,19150.52716066394
96334,12495.098767951016
92636,17676.057656958463
89131,9490.996633675142
78145,14696.795342185711
106255,12274.339882090168
84691,6443.64610011981
83425,12504.99162052527
91526,21805.573672829687
81170,13365.169303168159
93766,21380.08651808993
89183,12869.821449424962
87644,17850.766048577847
105559,45069.32247802571
91968,13390.123641616146
107198,9745.098563404079
97030,8048.203081929285
96512,19314.85086806067
106506,10161.024958481274
97240,12003.948659002492
98164,4638.320815738954
79782,9972.60419049226
102498,8356.717125081752
86052,9192.295085096797
101070,13162.904887500794
88461,6267.881226256098
94238,21293.921051635538
97040,8528.939938289108
102861,15195.601352871703
81516,44825.47731135431
98512,7206.383169372081
91654,23243.566117946884
87837,7180.222371249377
97950,17857.71578894299
91492,26745.027440696416
86374,10164.825231550325
103671,6785.451537835772
99254,24329.43641224658
96920,18637.963976655043
100733,9792.913066238314
101602,6431.716143963029
101809,8823.212440855172
93626,28880.258870014546
94707,25326.940232013014
84718,6346.226803361352
77357,18923.916991578968
101735,8931.701611574705
85009,9702.936228615476
98213,18286.71730531191
89068,7034.825590381943
76270,16966.28950557355
84608,17554.02646476535
106582,11581.873956944355
102112,16078.892933326406
79840,13622.726182580654
102362,9869.954667325283
102074,14992.58545963088
78050,21419.90996189324
91002,36650.418605390725
91648,17399.313700106683
90182,15828.88003798576
101732,12086.902252021386
108023,22538.311299748326
94586,26230.95241080857
91189,20985.998421249322
95199,20598.285044884542
78510,12592.245182211147
92551,13377.192311483475
92368,18587.38809648509
83335,8254.324203660213
82609,4276.09902805463
83471,15689.787604624607
89455,9612.075116595113
84982,9161.556891378043
106978,28414.57873777856
96399,19105.240697162757
82526,13104.771342852842
86743,11365.009468659207
92104,18787.453173036294
97862,9750.097034543849
99211,8442.901290479067
99118,22126.00427476973
97657,29223.375148802028
80627,14398.582227509249
76293,17774.656615608135
83108,7502.684604324584
93728,23629.09632654399
108295,14063.206458620158
87957,10227.069214828383
78627,24572.83475038065
103227,4253.785627822765
88115,10301.00039102645
89694,14476.807684817979
95755,29444.10052245678
100889,10071.048799057195
76859,10876.308060266121
80975,20917.093148787342
104878,11560.979912864885
105859,20573.305014738824
93283,21338.70128770143
76217,14696.795342185711
90731,16891.652882871727
99826,13571.368464981491
84180,12327.937849603732
92500,22213.11190092325
81956,15423.551152752812
100508,10249.364256931702
78336,12168.819831720179
98694,14595.445654052031
92486,22589.476983578945
77134,18379.540067857368
94264,19156.938244931687
108210,6890.039622603474
98310,18625.771335147474
76260,38008.50298699304
89623,8295.606947951763
101737,12349.013466381044
97665,7973.170603420794
86041,16599.158693998932
86653,11043.388088514816
88423,15452.146491785761
103407,15469.16631988623
84654,18228.362017536998
77143,30318.309174928705
106392,19104.10702684756
86347,13981.532804337212
107230,10145.70165573589
103693,8909.17709798495
82765,17531.77035487686
103894,12149.28195402952
105668,12493.950585377463
94216,10040.195868752204
76250,31650.073784662458
102466,5998.980299676999
91919,14976.337315644076
99138,20247.892289352738
102850,15836.707424058839
79094,24596.838676340878
84552,10717.576517781245
93668,25350.0410722996
93389,14357.156412992126
84312,9729.039522775429
79379,22157.540109873607
98739,7480.405535341427
91448,31611.355680418073
89834,8154.067528751577
105359,8568.358882805454
100267,11907.102708334516
89101,17980.986540776223
76904,22276.19624448118
76664,30681.731547277774
102621,2666.671008154222
82337,30737.271468721432
94266,24706.369046531723
84994,17217.95427330673
86246,12313.243935469736
96923,10101.668152528238
107661,19153.31555649702
92401,19916.397751528366
96296,13938.842375811157
85114,11480.156917191296
83081,9083.606188698483
84948,8793.81791144823
80292,18239.5027499329
78938,13673.235422569764
79942,25814.507009029156
80899,29069.305579463155
102476,10301.164165634626
90589,13689.864318225067
89944,14009.255228207976
106241,19259.011381694407
99835,16393.923861506595
98665,11669.709323533216
96516,6087.075258398671
79065,20753.118865083758
97070,14379.46303435192
88721,17250.53890761626
100311,12353.208362946456
97912,5834.424388464016
101514,8812.863717252272
91763,16293.096053564484
88488,16844.199144271744
79955,13297.293590224612
105677,7779.680938597673
99297,6044.59609798932
77377,10884.818528447935
95552,14637.834485207073
99704,15478.280464658961
82097,48773.32267899075
77067,5664.733526855111
93326,12508.836037749626
98258,5915.985398970767
98900,19189.483617903214
101474,10349.178388445085
91945,13250.917675044191
78816,31297.045138091602
95208,11056.839826405843
80788,26675.421744501476
92446,12749.467484975828
81929,32440.24370645465
101068,14430.28541892582
105116,9935.339909442893
96828,11628.622465138531
102272,9928.515639768659
89347,22080.23109557016
105201,14312.978701888509
94146,15988.103843390661
105641,9756.870879711249
94416,25445.438708431942
89152,14888.203163345663
99500,6606.926867377772
101711,5768.720974291604
88178,15655.700679143332
94259,23711.427864011934
90380,10485.264384710228
80659,42745.763786054406
94687,14569.39577077394
100447,9159.125118169128
80895,16249.975651912107
91806,22374.58382612561
82758,9687.123983386316
81850,28398.88626621577
85521,10306.679806186597
92432,14782.334662512332
78318,61545.15443949215
98804,13310.376984880402
84403,18528.90677981628
100979,13783.221688123771
80559,21926.442501588783
104553,20074.559026143437
90570,11808.8988559429
108278,25189.319149195613
107134,9630.730495916077
84351,16890.655250698932
105418,9392.350769766306
93910,19572.985408677137
98231,24336.492057286665
100789,16593.077505598972
101332,14649.944577909386
105715,9762.58645186308
82170,9896.89950268858
101526,12145.989053759042
89070,6183.371342567342
90429,15790.555149305954
91152,18709.079412153907
82374,44547.977518811145
81668,33366.55066890934
78914,19377.333650779397
105239,12705.510238936224
107483,19170.91971287593
83354,13800.168197949377
105252,11904.331864194592
93977,19460.587765486067
89807,10061.833065764655
81551,31414.181814940293
86311,12078.238763588537
85966,11861.37194112108
83878,18260.206991653904
103342,9226.100354728003
102398,11601.920306547536
77021,50562.59170257037
82755,7842.120101708893
88635,7632.314855539018
105457,12271.658768141753
106552,19092.351090014363
102641,13943.89358533094
77582,24780.945808172582
95453,52003.29446650432
78388,10138.477249975209
99772,16578.903910530145
77990,11426.832419829112
78944,31553.57157350346
88290,13714.452135366984
90011,5483.172571507201
89540,13434.387042337416
78904,26166.197504070784
91379,16513.745679635944
105750,10347.003976079459
95603,13629.170233161736
92481,17488.553968005534
93463,19122.710996826598
88974,13363.407319234708
77787,20148.528835931997
101389,11060.453401459292
90559,33523.29897325408
90421,13399.155291200123
107190,25266.044119038892
87506,11890.61355119239
101147,13549.288494256405
78096,29735.066083445072
99840,6348.115490202602
89677,10057.93527086966
97991,8902.77752917439
103556,10273.286384056435
101327,9656.547992206766
108008,21746.586024527758
107752,17442.744492158217
94554,17125.09628616005
96408,25060.75529831951
93573,21603.831078316245
83674,9892.09594189894
104503,30284.606299221643
93082,21651.875592829867
101841,5565.748888999666
85143,29536.14438479818
76781,12248.193791442869
102153,8246.370542988298
97411,6290.188388105538
101676,8810.585329409987
103176,11931.80981656533
80879,28316.706947221304
79695,16884.62621749977
106987,16966.819630697613
89095,18869.551424878304
88707,8092.728794865712
79935,18283.47464407451
104678,10264.274083630251
78644,11270.723535978399
101947,11934.730433828125
85390,14907.711960947547
94121,12055.741163914134
80525,23196.57001153774
92964,27735.649721867187
81982,35287.02575428399
93804,20539.16458405977
95574,20266.945301690543
81710,24782.721714922463
84452,17795.388840621195
94410,20410.681174186622
79137,30650.95359765788
103270,11466.354713134604
82736,4709.176001004079
106741,18937.778959650142
77630,18802.85038165165
100426,14515.697208395824
107231,10737.844574750687
101001,13349.059633756613
95067,17566.89067197644
107197,23925.423473441584
83522,11361.202297250971
80239,9201.105766789558
106389,19512.135689667753
99072,15668.48382220883
92779,22006.71321420132
107906,22683.14336996985
81289,8405.942295081915
101206,7157.244819283912
85646,9161.924089687005
95202,26099.49683747111
96423,7249.18542300382
106597,7154.6388899930735
97601,10105.29027563705
76974,53804.40711930447
80171,35853.12060751556
78391,22124.311853930933
101424,10987.51885596836
79548,31814.446391282097
99083,10797.95895436609
96204,26798.684593300437
93318,10598.66001831441
85745,19511.965981476456
79531,45065.08059142234
106411,16325.49656335275
88431,12490.890764980266
79827,17645.347165984487
80860,17217.516396624644
93114,26532.272191787524
89031,7478.943653895794
105755,18397.87120829109
81286,16358.410352799898
94641,17576.1815553086
92196,10308.115257166975
103591,7076.119852635179
80497,10026.958485529318
89672,6729.065937691741
80800,21328.62317992158
102146,9537.343319108591
106675,22889.081175312647
76780,18407.613137046683
79880,46904.135120534185
90306,14480.24824379735
102271,9192.82711861566
82996,9704.607260837842
77929,28457.443475787448
86610,13722.243248143848
85316,12521.237493485643
91134,14100.140599080989
87377,10098.079327734466
102946,13685.901642720919
105420,13007.677451606027
78375,26003.823225901622
81157,13259.461072429036
93430,21741.335304876528
90671,10547.262024132438
98881,8271.808912440236
107152,13850.288272558317
106056,6176.340153528382
86256,10414.356303829814
88692,12591.563314526891
98622,11971.766439165784
84068,5192.785059876336
85863,7534.696214010177
104131,10221.415465892182
94296,8925.63425818305
104177,8857.067550785665
105126,8083.281484276981
93360,21844.835922282935
91059,25533.25961838839
100015,10431.980461215124
97027,9356.23597931535
106300,28451.211027484842
83539,13462.391922098821
87099,13668.037973095365
90692,6623.318973479006
107313,13960.065035255664
81341,57382.18232685671
82901,11216.22259060409
85576,16795.90065566431
98646,13384.598383391167
102552,8493.752396478292
84874,14704.365816017656
104768,10633.095848632232
87768,7127.690467145128
93342,17521.713947354096
87241,14696.187882478074
103615,9242.566662187648
98526,13969.87456648451
107464,12879.71491439631
83357,19567.610200328625
103171,9255.935982128423
100341,10890.938734557225
104547,9891.725424461669
102882,11924.4265453157
107531,20197.666157614614
85433,11234.276591227443
78435,17192.732843032518
106094,19107.08486384721
92625,45897.163346954614
100319,10436.656033105564
95937,27407.553902733627
88915,10114.070713222454
87681,10271.384131502979
92428,8989.481831490746
85427,12448.043745350786
105372,10019.481339189675
82482,20582.364810870477
95178,21719.004193221044
106881,9474.29744620333
76562,30275.685243901044
103710,9328.232798336792
89109,6289.503929381164
92522,21757.053625603738
84821,18183.650523940254
80597,35391.21857678204
104040,10406.260922446465
96115,8323.537101424723
82818,9070.924591850715
90316,15679.47491259126
94385,19964.07329774351
86823,10686.815965794376
84842,11745.64500283597
102995,6268.147714112973
85397,21640.237184375284
81427,16180.077628379315
102461,14564.771684228956
77422,32049.192082788384
102354,13083.76064743391
91822,23864.973441965572
87427,9861.60540741346
105450,19553.766920758317
94789,28229.3821221373
106631,26800.910729023333
97004,12877.604947478847
100826,16333.452259830083
97915,16188.797051644106
93253,31258.52291623527
85776,9843.38748995547
105562,15374.208181808628
77560,16380.250722738929
82659,9721.50829904036
89531,17001.10052059121
94076,19675.362270473415
98457,11262.429450771791
96163,21937.10773826251
84779,9899.076235635674
104551,18532.963026127345
79934,16349.635428195057
84896,13596.182320251104
99393,11109.72425229448
82051,17293.73194763928
93247,16808.19785433982
86929,10005.43534010713
106943,9922.295045553437
79979,24499.451609883345
80912,30213.098675900583
105006,8615.081480753724
94368,32728.457052981128
81871,22635.228097109597
90338,10978.766830335062
104271,10483.881882196663
89984,6565.011641040467
105122,9884.882629211017
104308,25806.83556179133
92941,29564.83145800287
87433,17933.489100070714
96289,24821.184758486503
89130,10885.88335201893
77233,50515.74285968319
96895,12376.3884232921
90364,11627.347331638706
76283,18893.058005574418
77689,23114.121143413307
98366,9311.70571405324
78025,23988.263653734106
96644,11538.946822858119
80641,29917.36341816598
80271,30325.564307631525
99003,7763.289610030965
79756,10026.366190679872
76981,11375.344258910767
83320,13964.075286268047
96797,4856.434430235368
86350,11365.009468659207
107535,16358.979744278968
104370,7819.1341291301405
100740,10984.2496301125
85851,11132.357745336225
89132,6756.845210392201
78746,25529.474537556685
88999,16795.90065566431
96416,18315.193778202774
88921,7468.701652259578
101078,12208.226201175463
92447,19917.646232110794
77960,17119.594568002158
106799,15065.263922816188
99888,22180.77773006443
83252,17539.48804743115
78645,14070.158697762652
92233,24706.369046531723
104026,8042.106823887615
85148,16320.12236228752
107726,14888.068992543574
93331,20749.917562871684
106236,16090.714215881966
95282,15893.379332766546
76222,25188.517328154994
84158,5580.329920930674
81857,44976.004125980675
94698,17244.834830251024
104680,4659.675114871568
104366,20932.62035420974
82562,18515.512443050753
89753,11428.041553929486
101937,14430.28541892582
76600,18852.038503063297
102683,5145.989277443991
89245,18523.416821917155
99902,12814.12216043721
106525,9635.52453214259
80738,35792.96357091716
107909,15863.906475599315
105939,15797.30013187044
92485,31134.168545424378
105128,17743.427803490602
103147,7080.372245952676
96539,7714.239371088145
99656,7937.367123923071
89755,18504.317962328165
88400,12782.47856818203
82968,19223.76992610887
103521,15150.766224252728
94755,27398.51492205728
82278,34783.2922853617
106205,8083.281484276981
102677,6968.062059654312
103577,13343.092028448638
88365,13658.659482773468
93543,15251.77146667427
103285,11068.788562866575
91445,45471.39385339636
86676,10197.44657893539
108086,10694.614182937676
97671,12879.208846814321
85193,12674.507275784094
80220,42749.73248638053
107824,13910.760131105138
87246,8575.81872433117
85080,9281.681691241034
85470,11458.725186898098
93453,24662.131313961116
87214,9083.606188698483
99010,9177.854090604777
77246,34736.482485001194
81671,18777.653503822137
83651,10853.349981613772
101085,5622.993198524077
86961,9993.823096284455
99154,7200.553303777343
85563,11390.333317568677
98972,19456.461107956053
79331,23054.768586324124
100112,11657.322789124368
92540,18609.039945165885
102135,5768.7492248864755
104980,22657.868249241677
103442,6904.968496504574
104320,12146.609233401847
91208,77086.5194399806
82486,22767.27032150082
92052,8623.510687345473
80540,21212.956147098303
89228,13560.978903096277
98960,11458.184698956262
86821,15249.812103047007
95220,14324.557023586267
104196,12528.251317559898
77934,49776.04823740916
80965,16778.41441059285
80864,19913.526214868085
90303,14145.204184153783
100396,10784.852766739796
98226,12228.568056200984
107713,8106.511776481748
82199,28195.746488006174
104715,27725.51011533121
103412,11609.413488928754
77224,11810.820791143755
79149,20726.614119929003
79332,25545.917771469827
100094,15710.034825571496
76280,31869.850031798822
104668,26565.318001235675
106239,11706.229063339177
106918,18094.37762864101
103738,15083.953208501072
99768,14975.931479097037
99895,6738.13347281316
88553,14390.154209107654
106781,11269.712604182461
104339,24333.326122373146
88198,8150.02852835443
77024,12333.351485057397
90492,15279.639865042327
87383,11420.994540270525
85194,6646.240746596532
100821,10069.638766527416
86207,9064.51549586173
80736,17101.05369569927
85035,6382.864267916332
77847,9443.63864959841
102444,8401.840606768375
101635,21058.82727040964
99639,8037.340826844849
101365,6968.062059654312
106612,25842.1125527835
89655,12407.173365451832
96679,12874.68389475089
107353,35705.62450241454
101805,10926.606848359284
81804,22783.407639530174
106783,12868.516059109257
101047,15170.800384651218
76164,41466.659011453296
106524,7639.875985802081
104745,9925.049663694193
88874,11385.465414595397
89206,5700.2410637360645
88602,18973.89620727585
80458,25064.41238996655
85756,9900.804645462938
100972,6797.956662901818
79897,32100.368869863265
85913,11862.702569109322
107705,24255.2303700718
102659,7582.658885633016
101994,11252.411507132865
104004,10216.482693977076
91171,66393.84556406655
100207,14152.406027746878
101431,8419.051795250265
92034,20198.761497817908
95470,30937.824399180437
79276,29156.73557365667
101893,13010.04539361517
91522,28401.46617456345
94047,19837.65456823853
100620,13540.075960652654
97405,11231.997555351165
89277,11857.56856354466
102728,11714.899802532776
95665,29295.61041987025
93861,13593.314281225357
77779,11661.276827278809
79844,21807.88526929297
102549,11011.857102163527
79764,24256.872455869663
106543,16389.041752948957
90127,12190.870372033058
78759,17152.421074092028
85232,16382.855678931874
103173,13118.596003520022
77690,10996.870000067944
78669,37735.56663584675
77821,13252.43837387349
96869,8348.548010313174
99426,11107.645077839394
86596,11437.046769507093
102352,7431.206533634391
88825,8098.382049326621
82595,19807.701157888958
79408,26320.62535323307
105771,20200.13137951629
92499,21179.873101078087
82744,10514.385111113255
104310,6558.49563129827
82965,11727.693244466162
108492,19856.190839365798
102748,8007.279222817539
105549,19760.115106937705
103794,13527.849689214298
87574,12509.089848817946
77090,18937.811529072016
77729,27490.666734033213
92854,19227.049462566854
82724,12144.882142371014
76843,8037.465977519555
95714,9793.391911156663
85077,17237.0881463204
100035,4550.040669779153
76694,11981.475869534388
86970,11852.808908089668
93243,21944.861667590278
95700,23392.682948746595
103907,11269.772142610102
105698,15079.728947518346
84320,11365.009468659207
91561,23146.640741040548
100459,7191.393486868822
106398,24882.227529183867
86911,3314.4365100034047
102905,11625.633148634422
103009,5885.767760670313
76287,14495.242344255563
106832,10801.715561055564
107240,21832.256940636587
104164,8520.427119344366
96561,13225.384580023632
81823,11532.867767860784
82102,25245.68879611633
81420,22805.844114559543
79102,22117.30914774262
92252,20917.99400142788
91605,21807.550759090835
94353,20666.432910129053
76883,16301.56000043255
79941,17803.931438219297
102977,8191.026694897887
104975,26721.158210430756
86138,19047.47195713364
76309,23551.968920293995
104976,16804.32502293178
105819,14361.167165960287
103115,6829.033573905068
78958,20105.38435280047
86851,7291.5466871641065
91889,14356.390503480636
96977,21410.312406122794
98888,10581.394953241404
87642,11151.701051828983
96835,21997.688482309488
95915,26441.089003110676
89880,13512.942541098224
86974,10908.317606451968
80793,13394.110885650665
95773,22608.427335928187
92664,10817.062387214068
108423,14530.85779963471
88073,16521.690462077517
97731,18501.194421802804
92705,24577.16723935304
98275,8962.761609193032
106563,7355.364220450608
83216,10643.755234452226
108252,22247.810530933948
90052,22652.9308582255
96839,14804.088521752694
87847,8002.298085256055
101778,17796.064037811968
90493,9262.180546508793
84236,8158.947477037727
94651,27068.413329604966
82828,8687.378131959282
84570,14470.26322671934
103560,6899.481980502016
105414,10265.823112262378
82874,9599.658949743625
94023,14373.245676301472
99936,8227.552301642689
97927,6207.420089279473
85922,17868.58707677028
92409,17148.466985825264
102547,7614.748536001034
98620,7947.858529796585
77418,28565.21243881464
106846,21756.6856493887
90794,17080.722457634572
102848,9148.227373149984
77668,20284.496901162056
87057,8555.74474695505
92125,36763.50680694973
89356,13895.845330853983
93931,18061.669024717492
98496,8491.763235308197
96762,11329.719799842134
77603,16039.553269082322
76242,12954.809671858795
77854,18200.832631948047
90496,7662.472909652498
89873,7805.61130845794
81047,35498.82543810647
81482,13941.30433328886
106630,20824.32254017536
102807,10322.519289121741
101397,9877.053744632118
103459,10022.071008629022
78508,34862.30884072503
87042,16569.001919747272
106348,22287.50469843422
90653,6359.856295394277
76159,21980.64757438532
87944,10492.066049797684
81531,30355.686076798782
107875,6307.782426897402
99542,13317.165646424162
107359,19867.07651146674
104564,13739.894914683278
82560,13521.824045491583
93591,27453.22304580997
103234,7391.366654176808
108458,10446.871933552438
79888,12277.739193785199
76419,24124.005758755655
106649,13122.735080355349
90004,8967.069755054623
93201,25130.58919831198
97558,17325.47806792197
83097,14407.423247711025
96492,5431.065917399409
78413,9444.220316137506
79076,14143.018704726835
87061,9651.366570947237
83665,13358.08220710921
97131,12462.651540295752
102075,6904.968496504574
99331,7893.459953325542
82067,47560.05625969502
85459,19574.585415649555
94510,40191.195512453356
97875,21076.986334872196
105176,13367.285708949154
89196,6725.729935222357
97424,19530.313955890284
92886,19914.79627348973
76660,10995.956630244107
81181,24705.280464208947
93133,12690.222564357913
84390,7558.716164557038
107413,24816.092370585666
98681,10782.755489501955
86318,3581.487904217731
80893,34946.16418671219
106409,22901.461053605773
101539,14741.133018844897
107735,14045.487897502546
103362,6758.711854640442
95493,26701.087774919994
95573,23256.228402497814
81435,32217.100159479305
89730,13847.169910045279
104812,10458.041579178118
95540,13224.981721410317
105693,9541.819571092185
99879,12442.791403855823
105045,9884.882629211017
95556,22409.980145280773
105209,12086.946369556956
77262,39443.857369458696
88746,13125.72063360834
106257,29954.929342624364
86665,14503.783862966342
99714,16552.121735659628
86308,3106.33878506288
107814,12385.001455128637
104110,14495.975093502693
107020,10301.907259750775
99899,7575.966624886878
87878,10283.513433857135
107898,9678.214274681548
91803,21543.535738893668
91708,23903.586591471743
88131,11811.959771887472
94236,26414.05679370021
94787,23786.180300110602
88426,6728.805625471159
82052,26588.585634188337
81430,26504.448120272464
103458,8670.154257475126
87322,10995.557852836308
88030,9707.733565741262
94505,29754.01263092764
80104,9632.24641262043
92324,22237.07356377391
93393,17738.954472958747
101185,5569.05652259977
99944,9270.411530366133
91381,17512.038338253624
102720,8139.767271172516
80107,34242.576009062104
93006,29426.77115747985
85248,11446.130345416737
99068,12623.931742743123
76834,53819.93356039627
89377,10995.616277487994
101452,14909.343305002036
92548,38747.99077368528
100658,14705.78915229802
98383,51769.00236239331
77915,29036.1915522049
86268,5976.760091579524
80304,5963.254156225537
106680,15465.852680635593
101132,6906.124987326268
90092,25237.58792492858
100329,15225.725929013588
79943,23049.608741471595
104189,14119.161022225115
107250,22306.78395107102
105088,7579.75519265159
88824,18532.1141339591
89166,13658.659482773468
78748,16198.298240302382
80118,26932.21625049892
106238,30948.664590306944
105638,9411.831474835775
94974,14991.931355324514
78384,15274.981807679022
93451,19101.28424744791
98422,7230.603648222579
91430,24474.513582172876
77519,21119.771829281737
96946,15951.91958891529
98391,6375.752423198389
102809,5742.139042299768
82926,13119.158635381773
79108,22680.91217500433
96213,20103.6251083961
89205,5235.159111685714
91600,46010.70976604648
107292,25412.34354312347
90688,11527.864158913637
98776,7568.971892064598
79778,14964.219211025795
106834,8390.160181425204
107835,16224.84744717673
99788,10702.68862165292
91133,21570.09538539053
82747,10648.360451742501
95651,21719.004193221044
90035,11554.644795857219
92821,15444.265833661873
93614,22487.227372366393
85993,9581.06683893819
94616,16915.60196277695
97987,12272.069053430283
79300,23869.65422768751
98588,7738.213743424126
83355,8880.261953968047
105664,22072.06919918958
106502,21466.706122249194
77235,23876.993847865946
101503,9971.602330181633
99569,24652.570188119877
93332,16995.05453519579
103565,5378.6242398737295
98223,6361.08320649857
89090,11455.13887837806
101490,5587.652459241699
89428,10698.071915808097
82555,9453.791988381354
94744,19989.31940155709
97092,8713.546542351285
80994,24541.431769948085
99486,8737.99189874873
88556,11720.058786966069
105789,26758.645779537062
90968,14753.559102098952
87386,11166.141499050105
96239,10404.395659551334
98412,8476.69297398197
107073,10618.630218272994
85775,13267.670263875909
103494,15059.230673426277
96232,8072.52776060887
95146,19116.445085131323
101493,17653.114622599074
108369,22362.36902507026
94214,24927.76222290745
95377,19962.08740987481
80081,18424.29397860488
81186,17939.75507411893
100638,11976.817793249904
79228,21992.999663092985
83296,16757.288442522746
78663,17725.683553318864
90474,10816.241404422148
99746,11311.83561248674
80600,62194.13694616156
104132,15242.97451245823
77292,12546.148643195047
104314,12842.957518674966
92563,53270.68581772585
81135,22696.80127702574
83199,14030.014979767517
103083,7251.434679902133
88165,6839.165811028442
93492,7122.226809726919
80502,24469.4735058751
87640,9161.838600891964
95862,21351.6466465307
97106,16559.20952904539
88353,5805.957211023549
99443,15988.62074028338
85914,7816.3988769188045
102522,7946.4573491757
94035,19390.955724151165
82309,15327.513767617387
103845,14307.993294619942
82955,7460.342108209729
86039,19492.991450425787
76890,8034.692631250541
94862,19101.412052351297
89261,10765.631963969177
95261,25811.93310384329
76543,28907.230782323597
93805,17290.031512099446
79387,27908.773199937183
105256,18048.010894924195
103632,15143.366249751829
101647,7821.078939436
90779,8077.3618089933925
83004,9711.150748548574
82810,4869.768526163917
89851,6526.002667453349
95583,20262.748799245466
95318,11419.060148760746
96740,14520.36977251025
89999,6159.979258160076
101586,6358.208380684598
90205,22227.23008014508
100202,13797.577066010737
95896,17466.01292431608
78190,22648.190969636926
106867,12055.833322155406
103122,6886.451738969484
78800,18480.44507877331
98137,10640.701200840456
104071,22923.771470812575
80969,15943.791206144024
93695,12767.198881134493
79235,18706.562828296843
100233,8185.849083256372
103673,7499.195322697295
82811,11137.359936028668
106273,22385.576622664572
81714,13371.978722075264
76623,17367.976046891585
98396,7521.010235154889
87067,16825.803441649576
94615,27106.805153203706
91380,26641.608069710608
81368,16891.928216126864
100189,16072.080316016501
83055,10672.137316314316
104726,10854.694200965743
79494,20471.2897580803
86895,7425.2109685236765
104253,48038.42041621054
80451,30620.167006055708
81633,28470.795093592147
85761,9160.555204278156
76040,15881.101152995754
86749,6275.946524615949
97161,20413.192313974854
89492,7745.833315202825
101063,12856.16597373085
102557,10323.311292024347
99966,6470.126025607763
93615,17941.3220359099
79812,16626.22363755701
106083,40290.42773090882
91688,19145.19174231706
93348,14345.653435387658
95861,15816.549406352653
84278,10852.005629147076
76892,16392.185857097862
86674,9499.504680594979
76138,16766.11180409034
104974,15370.884556493236
102421,12586.342239980411
82617,16430.347956009926
90307,7880.862787712296
92258,21194.632624621918
90255,21452.744124033667
101498,11720.539663981723
80567,13344.55391208328
95321,22759.260163516745
86671,2801.91315217632
89272,10643.74609547404
78823,7418.276921200905
95185,20559.35635128662
98753,7033.525738657163
88611,3162.1325236218327
108390,13806.359272157842
105366,18806.24388741829
80433,20815.620705104127
104145,12191.531999341838
90881,14847.94085039506
82596,9326.48199235948
85279,11154.184504478291
105968,12877.327470324635
84463,16011.100959234083
85840,7785.152112355255
78708,13205.422361427634
81642,28884.674385239403
88004,10635.900698380932
97345,25927.02469916326
106927,6634.469473134655
78351,13519.904535931946
91596,30772.0361558411
98390,14506.300387766676
80145,16050.300797191572
88364,7799.321772311741
88715,15762.061735250718
100449,11284.566932920538
92076,30737.16934168895
102573,14486.605106284384
89983,12620.087955553978
76338,26128.601117784056
78076,18549.801769117756
96116,13274.607697171808
76662,19160.861476136048
94194,43117.410025116566
105200,6627.508503447676
95232,17063.395194171844
85705,8760.195483067077
81683,9400.167698680696
92007,39285.476720340375
101156,7966.163074325471
96857,9039.78742011746
91201,19339.870783863593
77066,10359.061607956855
94938,23425.63286135474
82691,11875.738868952225
108279,24816.092370585666
101317,10889.08883183188
91872,19345.53291928
92517,18934.878941256044
76176,16436.998590399195
98840,21261.64259261838
96297,13147.521716631281
105077,13865.007338137862
108306,18063.380869339424
106837,12547.584786225982
80906,13449.605579722267
85979,18309.441598784433
100004,9848.591495273304
108473,19827.809483624966
77203,18679.02893444504
101523,11597.304789820651
91769,22026.415320177806
95403,23525.79339520123
83930,9546.381484243155
95272,28953.25443696618
107063,16905.53454098517
105033,7744.13394799347
105705,12879.71491439631
80224,20604.95038833289
98468,9481.18890378042
90993,17687.628467629558
89413,6329.446560207412
98561,20038.141115691567
88199,13977.648298779997
95082,16205.762719778333
96647,7546.407189572461
80307,20223.521609811112
86717,7628.315402028233
107754,27046.69729452451
92740,19805.11416282792
89653,9258.959346660455
83458,17218.387936416133
88918,7278.507451854139
80859,10214.816795235376
76830,36355.07425668431
92727,13073.127280459832
82512,9539.936188467726
94918,30984.473574130476
96158,11325.298442128966
97812,31532.308499307404
102820,11354.571474577022
88655,8698.884696805164
86512,14526.688914692215
84814,16529.913582459558
82832,18897.340738954583
86946,7659.185957304815
102885,7907.010708046294
86598,17567.525662612683
76927,50454.22180176686
83377,15061.33367884719
81917,37020.86427408779
92972,19547.475477695287
94932,16781.18813590762
76026,36448.58908853259
82383,31952.328728415592
95697,22872.522285270272
79489,22604.365733598162
102254,9813.36119616408
95248,30093.5988414921
99438,7933.008562447836
96002,24630.78585946841
107266,13972.657935305951
98233,9817.038657170928
87721,12564.20276943254
76462,51085.31601406587
101352,7804.669905982857
89118,9777.171125916486
91908,24764.969847843066
94169,19793.503900660027
105347,16497.053415182985
93347,21264.60647911939
107981,18312.804601407868
104698,13077.10442484295
87678,19601.386857036876
78945,11365.527659161882
106051,11421.031260880749
100768,16868.855112666603
78915,28570.50898169284
101837,3618.861714439697
79136,12048.788797280318
97035,7921.571755465707
78591,49859.32269082916
95969,31532.289990044388
84208,10107.676722653661
100228,7765.194658341891
97687,10896.430052013853
87591,14031.610350454934
96149,21767.985539342026
87736,9101.015605843295
87550,5070.345563407885
102052,8427.036986777925
78827,34878.18251180073
102402,15069.259331116986
79412,35498.61775389373
77865,49230.50178897691
107971,8332.47874605031
107469,17483.066739279944
97612,10799.929367587973
108451,16125.52279591015
91741,20934.6578335165
97524,6724.457723092873
88979,14034.992413159744
87740,16050.307580457393
98817,13527.267777874586
93862,14496.084279794903
99648,18794.82196985997
76643,15630.1608417654
107633,18243.301597552443
91213,24703.35903327488
90869,22177.90707162202
85444,16464.554945733766
104383,19996.356842677036
76870,20936.618917260497
79279,46268.24629805249
83999,3274.6279825902816
98596,7431.084525984184
86831,12262.942704999681
78863,31836.566426972702
98360,7301.402642564627
100096,11476.549887627667
104448,7269.070548969307
90367,9721.020684957743
103277,12631.338338705462
103728,10160.84228948159
84370,10117.863691138486
89978,7903.149911938489
92359,14881.316122063508
90135,6692.08169065339
87969,15336.650315593588
102318,13328.549324879286
76607,33683.97818525916
88481,12187.817571184945
98436,21477.032967286614
92888,69682.58362087968
106269,9247.699404469544
100538,10420.620818332582
106326,10888.712539816874
82449,5535.017794937202
91142,18067.825814642954
80150,26246.12727590252
106004,19406.413469452647
108069,16785.98078724017
87037,17691.791100798593
101280,7800.443445540565
95763,15438.567382483903
86504,12187.817571184945
81964,18241.771224514392
98685,10996.79396438813
103215,12949.105526736443
94922,33490.89330032236
78554,31266.832320728892
105764,15400.59656282428
87972,11940.50313576274
84358,12093.76883872109
94964,19839.452514632136
103241,12079.588198778722
86647,12533.107749225006
99158,18286.71730531191
85420,10370.111924939274
78077,25996.34387152478
107422,10545.00939280697
104022,23656.55858999634
79737,33449.1490231126
80207,14597.63691915062
80967,35465.3830731867
104178,14260.105937253145
81030,19898.487325837596
93015,22180.932982636477
80407,21219.44928074072
87649,16328.512969075824
76690,16839.64338429531
79789,21435.897271854243
82746,8116.9132029643215
87159,12526.290772737511
105962,12868.516059109257
86711,13025.485608296598
90644,6128.697359953469
85786,10319.882953380591
107631,20598.436696027256
99617,7678.095510647626
96261,21804.505045407182
103524,8185.640428910993
106761,5784.0971160739155
85261,11920.908426162738
82784,11679.158867885662
79866,10133.791621490658
85332,19295.898542313204
91102,19264.494791237525
86628,18007.71101883275
79673,26709.930884750695
83347,16319.813579869538
94145,28807.171372340512
106036,19334.164684281925
82287,18442.132421155686
88789,14547.954169249568
79618,35367.47378156895
94133,23629.09632654399
76165,18878.831946712875
101369,5995.745886255575
89387,8168.829372916115
76789,35081.44513110984
107309,10948.555528959585
91783,25218.443665476447
101897,5208.095580017823
97745,19823.94793088694
82133,44895.54628166724
91614,16306.948051125151
97308,9913.956488058222
95044,41968.88659207546
80363,24827.400505839894
87137,17086.53191929057
80900,14301.934512200125
81525,29937.554741784938
86772,10961.038956845774
104784,24422.218694355586
76211,33458.519266872536
88180,11137.359936028668
107375,19503.449249911042
87142,8577.140588628186
102944,7426.005505347343
99258,15293.89700472625
80209,14278.486939483235
81591,12079.16963071199
101494,9587.760870841927
103703,14756.124759422737
84613,12497.506787815606
81070,25723.602757192857
98675,22443.088237255106
90638,6400.602414733453
78215,19230.025285934338
104188,9122.315630465664
79525,23202.45823404327
95362,17159.671735130374
95717,10070.305897670938
106872,24847.902287141776
84301,12401.079041759747
81601,31773.711637834538
86575,8663.652101047834
100108,11414.491859177733
98140,10286.87283386543
80480,17596.368431445982
105961,21851.091071969568
88147,10596.039805778793
90426,12416.847654902693
92503,20790.832351083056
91066,29399.60517865139
103976,10877.040876956024
78267,22271.516429108204
99535,7960.58609569642
87776,9252.614757984751
108501,23263.037459710693
102285,9806.472850546123
105946,22505.40362912256
107799,14693.559916809158
90291,14321.304614825342
103617,11414.491859177733
97086,13230.196300939433
108058,16841.263280739724
84663,13673.98486613811
83054,7358.976170455168
80706,14999.232842304507
84885,8255.019180625195
96741,9278.01592680943
89018,14950.56328555272
102962,13288.038556893434
107208,21409.560208729465
87254,9075.943281220354
90928,31981.301360731424
107211,15973.629371548306
104636,14177.602612493287
96902,21266.648623153604
92953,18727.142200074646
107082,26797.86516210005
87483,10267.501970749474
81493,20689.814158627898
97521,6986.952889336307
107168,49898.99322901901
94004,26021.528980088773
87794,15301.915486380074
99172,10037.975025272279
78673,26041.82683520334
77673,52051.15322390345
89569,19874.00430088872
95130,11130.769138213936
82941,13330.301516453894
106278,23643.93260638463
92295,22978.610466102542
100500,6680.01118198704
82192,43438.29384752727
103583,17777.40485466002
76059,14047.494214893402
105499,7293.685053677299
107083,12335.14003059813
99563,9522.865452758546
94951,16018.876860351105
103148,14770.860222963876
91319,13046.928514152309
93386,20792.647015592032
76109,9980.514894717484
82945,6844.643864643749
101785,10249.07409982955
99381,3608.382692182634
87060,19174.251423632162
95211,31898.194318149224
91694,19577.41217042076
77173,46876.28093231506
82094,18235.80766488139
102120,13152.806026193894
91721,14709.40107454173
88100,8418.206164210373
101115,16261.39134714369
104595,10732.618588882131
90098,18831.14916841122
89595,6236.469221880624
82269,35339.52006773814
79900,20834.525401809446
90360,12841.388369268843
102462,13208.26334258245
106639,18353.59926984004
100825,8575.586617398052
79579,32110.925143776833
97198,9192.738243505746
78303,12928.946929132275
87680,6311.697448113852
78160,70027.81840753701
76168,30964.67579552185
88329,19308.582341877052
97416,16251.046885079248
93159,65016.533895690576
91927,19558.29086136608
90611,13013.664336056649
78641,35751.35178309016
92598,18265.74738312559
94425,23795.9161977831
91168,19799.62291456184
78734,21964.72452641742
78005,21493.25442104674
93001,31406.67409647401
101473,14430.28541892582
81076,44480.82269674382
89625,7746.895095151357
77610,12645.389912998518
99909,14647.590812613305
84285,5070.345563407885
87146,11885.393150831083
106204,21924.16767218523
79047,11472.662692102766
101371,17932.01099058094
83269,13146.626721027233
79251,16697.07169253229
83976,20992.27187579731
102684,6992.297981682729
97327,12163.539410653353
103469,10258.563048025724
84299,11779.93391596948
99272,13539.399765645998
89489,7302.523837287989
83325,10189.595692644172
89423,11856.38298912581
86724,7886.178427853717
83802,9365.86615435719
92419,34684.01054058345
104989,11864.288963675495
83670,17850.766048577847
90400,8144.1874955195435
107433,19554.038197625527
81641,31108.204587361368
103722,13301.072267534872
86632,11047.20458715098
93036,20338.156739569833
94398,16200.585851581778
84906,7678.589300833246
81280,28250.59600225379
104075,14050.428841783954
95998,25660.57789083282
100993,9655.521086781351
105404,20599.31422308609
95615,23889.643097842883
88828,8036.915867260169
94230,26761.33425845968
97101,32586.1522249664
102266,5963.914033164403
95269,10161.212523934848
87008,16859.398553972023
96384,20620.978469997175
81461,27772.712919599726
92651,36985.52758635627
83997,11033.055279055852
100143,15710.034825571496
86721,18342.134932981044
107348,13130.379451148352
99221,9623.51650237219
92846,20194.2624815207
101042,12455.635903053797
76663,47756.24281670232
87986,5708.016747739205
92959,16248.80011242867
86076,9649.24392902367
76987,12627.079005831634
76842,23120.698042311415
77966,12014.09937750321
86599,16315.893213264368
87922,9997.711140674333
90812,6272.95112472027
90897,17205.61710899565
86531,10284.890987596289
83583,10991.132250123597
81256,33987.686924400354
80343,18192.874394534356
102122,10758.839152771563
77334,34212.00218708758
102222,9860.80343813339
93883,15134.17597919996
101876,11417.33047552028
77602,15810.28307052903
88598,13842.571671262307
77524,27967.25450599663
96783,30645.79349276992
108041,10936.841266422347
93694,25604.212492826733
96258,17549.50779127892
97398,11511.977346363808
84225,18859.846429802215
86415,10808.837856030012
90604,11644.853530293138
103848,10278.525678881218
81012,10153.825595734956
94703,25619.658736764326
107406,10642.842661913815
97842,6529.243067357396
106706,9096.80670783616
81667,34325.655046319655
81092,25221.849983618304
97523,18880.977238164367
77107,29525.40517580015
100699,5998.533584904715
86969,3069.1802882020634
100917,10691.893741112965
86251,9683.514384602839
86424,20912.747337734483
79990,14275.394986195784
86382,12363.147608557003
101613,7846.690203728613
78397,15380.329219812127
80111,12828.563155827831
88021,11893.073700900199
76832,19243.678830374218
78935,14104.645375921364
100446,12219.273340443879
100621,9522.488221946673
78399,11737.117522223394
108515,20215.293385967507
106023,10796.971457976044
93721,56811.44972581018
83647,10521.18827936863
94136,25983.174909307232
95847,23639.764265995163
107172,9640.89261997365
94458,35518.54273269958
94175,18340.323384806197
92726,24460.36249644131
80910,43326.797041346406
86869,11768.636168523892
81258,21079.071182647775
84340,14900.239466366393
100324,5806.520835605183
99428,5516.420126998933
88878,13885.689162673105
78066,51526.2607869174
105935,19647.8081861767
87309,9583.95527409817
87656,9773.263711274569
83790,10968.771901838627
77893,6502.009742898197
76055,19741.347521254258
99688,12392.680166376902
99661,9522.865452758546
93173,29398.327844814532
89291,7963.721150910499
107766,7059.817247258726
80369,15277.218224608843
84448,21006.496653152208
98481,6250.219825463269
96477,31606.188171491063
94818,13483.15615676147
106708,11870.317650271829
77786,20686.023425984808
77244,54905.738318997435
91199,16032.596902880778
101108,7276.728084648262
78967,16735.3994439843
106914,13569.463010330588
91647,19410.818269163865
91411,26186.461282762433
98766,17606.994623363727
105906,8568.358882805454
104682,18929.326970140155
78615,37919.835769913676
85253,11258.557807714744
103137,8354.166481829066
94662,27128.409578571205
104640,7103.102805692153
97535,30895.9933374033
80168,35491.57252781546
89005,9338.249141982915
99876,18508.097948718558
88741,9386.026155257421
88333,13681.704763385898
79822,19913.151644786132
108292,15472.190908973049
106845,14394.245769532841
92167,16883.964079700254
91226,14183.338064459105
95206,14249.13507980433
92166,46075.17684457535
102963,11944.458744743553
79527,49459.94832087491
94552,21642.506843580843
89210,9007.975914058547
78573,22685.888919871122
104073,10614.106832987927
98520,13301.459686737015
77491,48806.761401544965
103333,14756.124759422737
80090,17523.713122806792
98666,8760.394593328438
86798,13392.936906116756
81728,18556.72592852615
81606,9955.273395010932
84372,10772.448788838046
105528,9316.805146885017
107436,10161.024958481274
89038,10558.40203815453
102983,17141.63274069357
83135,11694.662320935993
98165,10290.163837855824
96159,7879.851783962125
90229,8444.747749669605
87710,16319.813579869538
91414,17046.37785129328
77961,19474.169025186333
101890,14430.28541892582
83710,9000.316167800665
92874,21285.026378177896
86534,7505.755498490015
98517,21811.855235251136
76174,34862.30884072503
107068,21716.265407718744
98050,12800.738410046595
98718,14667.248486108983
101964,15101.206844803322
96813,13784.235191266362
95118,15969.241567701976
91139,26013.14480245848
98838,2549.8785881411077
98268,11416.318802391263
99553,12271.253589053675
98904,11241.255613371522
80828,38168.64771269887
100001,7031.83057808676
106691,21454.897716482617
108038,21179.72804733565
98715,7405.678881728287
85714,8038.778811178339
88475,19555.233169618954
91923,24540.342965867178
94795,17894.367404660778
79738,15285.861080912284
104213,9854.474529904455
89425,3715.042470524904
82405,16107.217501683368
101000,8386.753236736924
83819,17660.775260516533
103491,9912.430289328271
88226,9943.587686852146
102022,11095.19530740541
106889,6858.630860371833
98697,15494.230442315635
97178,9180.368554579012
92375,19552.817823860685
95917,28543.706190712124
96308,12562.497582297103
92406,15444.994702077662
108375,8088.725788186332
76860,14350.46029391025
82234,24974.02837476416
99593,11223.354340537568
82962,11966.620570619929
82016,14025.152990807124
86781,15933.20055518571
101065,15024.201367197236
95525,20345.871636222986
95306,30505.624030851217
77397,34548.42729011677
92496,27865.86869684038
102473,14756.124759422737
102927,14885.405904468345
91897,25767.306671409668
95554,12347.754026706481
97488,22277.123685770464
76085,18411.935500505857
84133,11458.549570580006
106369,20414.021059199746
92172,13574.820740005722
80532,16403.807567745796
96952,6421.084735560858
104627,26786.35625698931
87415,10726.12096978393
97047,11084.901427517381
87227,11390.333317568677
100308,6908.628363979975
105075,17844.969085465487
84539,15517.806884750165
92284,19409.683617361738
95634,34234.49981391317
86731,10653.54945915567
96425,12832.757695387994
96765,12842.10475190412
93239,12658.241912837022
95450,16440.227053670886
102086,16032.011252532157
103024,10774.413246576192
92808,24544.064398243605
99619,8107.554438736442
79704,18482.72087416973
99613,23895.54562640821
106854,9984.27869867358
80959,47419.22861232471
96020,17480.73468902516
78736,13661.69362333764
101207,14011.27822861141
89767,6480.51514353611
105747,18416.400839366135
77828,18078.586994834306
91572,26464.196446383216
88785,14280.601505824976
76972,25928.115804802128
76362,23014.78787936259
87572,18550.967708291915
82399,23826.364211162338
93833,21451.985180863114
94597,20840.379816505945
86551,9627.69910466847
107163,15214.541269930196
84085,13261.561441821399
93349,31224.387631561083
99389,21782.572149561132
80970,24450.800185879678
96279,10093.499584775816
95329,26321.83013936554
99228,10852.874896199924
90184,15849.984936319668
107226,15052.897513380884
80769,32374.12546384045
80742,23804.665629162726
93650,21230.48701872938
107530,23439.93995031765
87038,11365.478924377581
80146,39968.95673244064
94892,31542.59894005539
107150,19258.488022605816
77880,33029.33955402772
100591,7012.260632926692
80919,12766.499102935813
84533,8317.155304582666
82006,17586.107533863713
83592,15418.617983170148
77124,21621.653214968814
93924,20050.14519389844
95528,17896.997350200618
105644,14381.898601047887
85662,17608.404807129664
83079,12677.574642565382
106655,11042.447468295159
96517,12490.87718223262
80260,33657.10812518638
78203,15270.979444607136
104045,20245.240940603377
76147,29562.153124511802
94260,21744.44819326327
101648,11883.627835345771
84725,11297.524972014171
100099,11208.270658977943
79381,10774.911902521408
77511,11026.330654017322
78265,14384.301074896195
85496,10111.84966288778
77336,13166.70044033152
80330,32674.922820383246
97617,12372.291721839045
94477,41269.32280853473
94881,11294.111802060022
76653,104315.0665531312
89023,17114.617211763525
104965,17100.889929331282
79637,17097.071863166282
94018,19291.14574933804
76481,12762.092169831722
76139,17566.824688621127
89662,15640.189017499879
105654,19302.12442544169
101555,2353.346888148898
107636,15320.788032445367
99722,9800.499093438482
77887,35283.66670055014
83236,16287.285267841156
107964,22782.726911641228
108137,12845.14392856849
99718,20974.206314500392
86701,13709.17068257696
77077,19859.628961053924
88040,41241.090745411435
78583,15731.987369311111
85917,12098.005975748492
81283,24827.978925639665
104304,10736.707871015857
87081,16551.703870848363
87129,9387.969337464552
98111,7583.695059843775
76125,19942.892538523865
89395,7134.412337940267
105028,14129.229812819736
98036,12746.457707278785
78805,11005.385942763573
103101,12383.076447451795
108365,9744.963013076682
103367,15572.775524461733
79524,23938.56039133747
96079,28468.069799863566
104361,43140.61510960449
106133,28386.35585919505
88514,15689.787604624607
80511,65611.50220641617
90340,9283.345996280434
105563,17966.09062990688
85987,15601.84361815949
88251,17004.27532012218
104270,16866.012469363497
100820,6996.127295344441
91061,24019.979161536005
94348,25002.069708399347
106956,24245.181703306116
100858,9655.521086781351
81114,28367.349247889182
103100,9522.488221946673
87787,9790.800143560318
96168,21543.89226621591
107880,8991.217449324258
79423,12124.322497292582
96948,8306.280881283661
99709,10976.545214310492
92562,22606.24845269347
101684,10274.132153801329
99037,16078.563188223306
89129,11844.46325471448
78722,18721.765987880735
100854,14097.923774392148
94206,20116.867625968796
107045,7201.463418141563
102537,11551.716104357958
95597,34431.47175951659
88680,13672.90984045868
96439,17673.83616722339
95466,22796.307639222065
89104,6514.107044006981
88224,10259.854127814626
86152,9801.38942019468
98291,11969.135432128947
106901,19954.434658881048
81783,43252.78485540213
100932,6528.5470945283505
81607,13748.763800760427
96664,14948.430502728896
87553,18256.518267156363
95513,22970.48906467622
89899,17597.16586653651
98891,20999.31633620803
107167,10703.792894274808
77353,11558.6779584085
106280,20582.546920852867
90874,6744.079934909685
101248,8070.734373287136
79805,36977.35662542211
106429,8665.851443137823
80749,30546.284274553782
100354,8575.586617398052
80249,15992.582840680163
108135,40909.98128220407
80931,21267.048649574153
107899,8754.940093342759
106399,12366.260959995807
92635,30646.351449012633
99128,8264.471423656621
83388,13802.749568075888
79225,32901.87507813866
103533,7805.443083503492
103029,14286.265732726548
107588,27349.63569243192
92646,24215.156855611778
95432,23693.504268784513
105377,10053.739071489892
104914,15731.51343055945
103692,5584.741546888699
90273,16160.030691226471
91496,15668.144624970057
90243,30738.087222201415
88300,10921.802488304738
87519,11938.578885309484
91612,16660.695203857143
101939,8032.684531360101
91015,23066.06187118037
90181,21213.61430554304
78441,15601.172023254796
108389,12448.731278754381
92627,21786.667273487903
96927,9623.513914441259
87730,10685.265822990787
89842,19274.36735763348
92971,17817.03197886972
85556,9814.768556899195
82669,14111.599248172854
96673,8935.381374144663
79153,44285.070348391
104675,12635.550905233184
91062,21982.819970660497
93779,24125.244899434194
84248,20029.063503310128
85038,16197.3712120218
87003,13977.439334858884
104951,14075.099626790585
80530,12816.916477993505
83785,16927.812747503216
88812,9718.652948333613
82270,27138.665812550247
108300,12600.454604448261
103880,9946.226704308172
90507,16620.055850833982
108049,10104.408804799337
77105,22158.29901474014
86615,10048.186866075379
86494,7977.628498645918
103184,9767.993889559011
98599,22126.00427476973
104375,28984.095499017232
107205,30793.851672012403
78844,9841.867944185236
99780,20708.792493549558
88969,9166.760183660312
95137,47113.66190603329
102509,11926.874607906291
77745,30797.202145250478
86566,6718.814780456781
97877,14033.511837943775
101765,6354.384437573607
77886,10863.864172592683
90185,8385.88660928925
104203,16058.432648443606
85229,16795.90065566431
96143,18796.69443338409
88575,17468.20975857273
104096,14733.30824171075
90161,13231.252836377791
100702,7920.70881033157
91390,22583.07835889462
94518,20187.309600255678
95365,14523.981571141676
77078,9816.489136310567
103981,9747.022508189833
93049,21072.37564678936
104932,6937.458047090332
80929,25452.647549111167
84280,17131.608657446952
107619,9347.861591511388
96726,8470.40544079935
95122,12434.273380082941
96286,26078.32224752902
104463,12400.79634094507
79669,16280.169165512389
83751,12988.63326532695
103686,7946.4573491757
76601,28337.805881227563
78424,30256.923947861018
103522,16921.876618915016
96181,16524.471816654797
106896,22487.973086075628
103201,11654.17500319722
108472,21938.48823929398
96100,9800.660712586012
78149,38769.65737487993
99046,7474.25402613561
101215,9633.889256711296
95675,25682.97282919606
103753,7261.465126813683
102010,13154.548108284114
99789,7784.01070584478
78760,27638.737289805136
88270,14131.550662379314
77169,30958.39121077284
94033,31410.117957331906
96304,10450.48347696347
83591,10048.142651204229
80417,18134.717475842765
87101,20218.336595917055
91487,23629.09632654399
107256,27936.87107624591
81695,31302.050970607375
104760,6526.2975285957755
86668,11162.734411211517
106007,26657.413200149393
94726,21072.37564678936
80940,29919.38876682178
94574,17463.47863835788
100505,11104.840159069889
86383,8390.926456182147
95683,15143.8609972586
79982,14842.860150094026
91488,40045.583501590416
79556,52252.11327272599
108183,15264.248587487757
93993,23204.543498241008
95976,34670.90205570487
98574,23416.110734328242
94825,37992.53245206666
88397,12455.02261160907
84250,11631.1807972677
98593,10330.255647779608
98330,6714.2680901142
103350,6828.346496569534
79640,9865.705751443944
88447,11308.055989189397
97515,16231.515908031784
99951,12684.98178859673
99333,13341.530354137032
88755,6422.5773124219595
86184,16275.069371708023
79396,17295.606156108068
86690,13615.674257062414
84172,13795.266645422473
94766,18994.570134051497
95569,22552.587698756757
106158,15217.112707911276
81339,16147.890028067135
93286,23731.727572643933
98950,6512.048143192514
78868,15534.93355938078
100793,6879.533046058204
90095,17243.82724278364
77269,25096.195862608864
79615,26082.279734607382
104050,10052.636514544916
103961,11870.789460308033
105844,15999.51362159982
101832,6542.8773360039995
102550,15496.78040950077
101434,15710.034825571496
101418,7093.593297294995
108042,14780.74427012207
107747,11902.685057476108
84521,8396.046146115887
97615,15095.710441280997
81424,12951.075187849412
99517,8825.227158708833
86658,19057.032906487828
91422,19017.548445331286
83839,16626.02166398445
95100,16727.295206970157
108425,17738.985393866806
102439,6359.44879511501
88840,11769.996702349685
90580,11381.66692303172
85770,9560.912690599218
87728,18598.678057977442
89952,24890.898781313834
97315,16785.54022656075
85711,10814.095932710854
90358,16117.609294719183
102929,7209.535035101866
82447,8859.213928331696
100245,14297.192426894551
84784,9737.958130475288
76465,15670.123410931927
87664,10566.406819753776
105387,13923.07654600846
77089,18796.514290979252
81610,16325.662257135184
81058,16579.295709012098
77730,54833.02456210884
87459,28555.408866866946
104036,12086.946369556956
107145,16469.91437946496
82326,25479.196776502926
98946,12408.077619389416
107053,3876.2591114816746
108371,16662.912910939744
99914,7351.422939729248
103049,15194.62418673264
108509,13001.187301784974
97598,22002.510422097297
79617,25013.445247029835
95140,20214.196482868356
90323,4889.420504945991
87974,18528.78075248307
103944,7940.3485402967135
103018,15710.034825571496
87158,11033.055279055852
77669,18488.215700110515
98042,18884.48488977457
78268,48478.52480388743
90767,6659.601415368874
90669,12344.125384958288
81912,9297.329432174118
100120,10563.080370763995
102601,9635.188564403308
106911,11469.613933463073
85941,12995.25132070547
87006,19839.096571860526
79286,30997.51680288067
97138,11497.79221038385
90797,5262.190875218466
100707,10412.707006343015
107334,10934.603402959388
85757,8456.486397225644
85888,19240.24604816221
99962,22910.78673122516
76188,38218.59859116455
99064,23830.250012389854
77045,36994.18935439069
84655,9222.425225602665
107154,21701.103761265378
95840,13708.09560450233
82979,15280.952625748505
97459,8146.639942510436
89352,4145.555329695998
98956,20656.081119739254
96121,19403.982248455348
84625,13243.667518854565
98767,8057.2285443957535
104355,20536.232116166688
89678,17455.432939654434
91357,29931.598478089018
75998,15637.265466792594
107603,13466.460889179087
86574,11739.374876641425
83632,14575.782799556424
89374,16011.100959234083
81663,16947.596707215827
85717,6866.725057850929
107272,14717.645562174826
106265,3892.1493827560435
99040,17574.282768830766
88694,16795.90065566431
85144,16830.933960386654
86820,11638.138143102165
102396,9447.144222849434
87881,11244.611489302832
76603,15266.145204794611
100941,8276.324004052078
97580,24289.574393821964
106362,15094.12062935791
84680,6140.955116819307
105064,10167.67892696818
105522,17639.5888104292
82587,16045.082060140785
81216,26958.939704893164
77075,19174.347043201687
95633,17213.977478186498
97702,8345.226619828933
106735,10146.112655747867
78177,19580.370098676925
108495,10358.887870404149
100743,9859.284121470531
88876,2943.67234744664
101192,15294.219729425395
87450,11886.405421657006
87281,10728.413803147856
89740,18461.720966901445
91037,16524.32583286629
88485,19563.188853098065
103760,10537.601007485555
108527,7741.933730166693
94564,30410.97260761564
96909,13452.618171862165
96759,15231.171329998431
99752,7145.919642313167
96075,15620.741841853916
93329,16315.465706404866
96936,25925.18149583384
98873,8419.161994150185
90863,10106.59589166799
76692,44853.82963378813
89812,15779.451036909588
82128,18311.09836475825
96066,9274.521524997204
95160,26535.343630118383
94923,17307.01535341373
79998,20829.179303527333
98555,19342.69327479914
84197,9880.591656984607
93881,43151.394753300134
96420,10655.375534440012
91466,11651.323750534075
102246,9606.05435589615
95149,22713.11211207866
92066,34962.721685853
94579,28825.523828430156
81791,30552.717372123985
87929,9408.309329367305
79839,22277.392347164747
103708,10450.67671728187
78718,22081.51945226036
87840,16280.812417686488
86316,12616.916221573812
106118,25561.499621711013
87923,10012.03157749669
105417,19861.513400377986
95584,25487.191191202703
80187,13813.093818593363
96280,18337.246699164138
88069,7291.5466871641065
102826,10173.127609484876
91166,19811.376729993215
95616,29563.86553625934
77374,26059.956116056674
101288,6579.218217976618
88801,15954.19804890543
100060,8017.5653184078055
97336,9591.935113420614
79226,20148.931808381374
106287,11274.883325339018
95018,22588.63923096368
78131,16343.643732552915
84551,18442.53029203383
100445,5878.991545079104
93031,27717.068323778287
104415,15851.80625988445
82984,18289.18980733641
104242,6880.800546620795
86170,19465.00121070906
79814,20063.077705850224
94172,34591.33355062012
95530,47340.77382788862
96105,12611.30210662707
87822,8652.136727157249
78073,15523.672548133778
106610,18317.44093234414
99065,9694.892794863019
77646,54180.376072820814
86266,16992.25606080638
80186,18274.306022668945
102645,9146.803053016556
83453,16396.950492925058
93905,23864.353655869993
90535,4953.894124784456
103695,12159.409813231232
87488,16222.489292790333
84520,10288.578765373193
97541,10717.15110617085
93818,24908.858258750355
90796,23186.30336115136
92896,31126.846803552726
95577,18773.43745990629
101488,15195.601352871703
92336,25155.8575845208
98826,9472.358236740274
99527,13556.064869099273
90582,11012.633912349302
99787,20453.90979244761
107806,15459.86243115295
94108,21833.82893423769
96333,9342.679546608706
100710,13898.330665542986
94129,19679.02342473126
85361,8553.366935275753
86043,30941.545193410282
86833,10550.301600750105
94373,19863.272554537834
77978,25696.635831548934
96250,19621.754712861475
95594,25285.087813437753
96781,31972.257667349833
91860,27194.751037185062
91206,19101.412052351297
102627,7139.554742101826
89384,17197.43321376905
100945,9787.60784372555
103337,8709.746365426625
78230,20039.65581799928
103814,12230.151806565602
96429,10829.287038283668
81547,26291.84202934138
85056,24729.159939103563
107758,9249.033526933172
81328,25856.570456726964
100775,7003.744380588425
82066,24203.012862111776
83908,18454.748542587473
105323,11368.409693766313
77492,17193.853304814573
107451,8702.63378492965
77351,10879.556550154777
98029,8320.883268438702
101572,6015.839098227835
94944,47451.71817011518
91179,28255.650675152283
97780,27052.42772820567
97978,10318.081158927236
104953,12933.792735027633
89173,18982.199841189755
103406,11050.171541552594
105570,8088.748679129344
81815,15528.603776670197
83095,13335.308733690299
92184,17717.1501761568
88793,11984.024620284454
81805,13706.348487706864
85794,16676.4794559764
97245,27601.173185441723
88691,10071.993052199436
98261,22084.484957932495
76495,21905.433329919837
100400,10204.298885833385
95964,25522.768614631237
101477,9318.4651900228
91345,19158.447726359787
76207,35465.600138058086
88153,13131.92137936512
96153,17370.423916128017
82291,16044.315387200511
99451,7825.3074952648685
87965,22024.855099872053
102559,10318.571672734995
106147,10315.949980772777
77921,15390.334094979467
82334,24276.99435290845
108164,10907.905494232584
106096,10039.767971374511
87657,17271.86864518281
98448,20623.359719206514
91900,20435.17084314121
103220,11238.964694905277
107077,9554.707587894794
78197,10914.319286063183
101655,12478.37246283315
107006,11559.90711930739
101367,10982.66282546241
91219,25495.622793374212
92182,16690.713155849597
81544,24620.338350024478
80496,20990.124582553188
81766,28856.689546974747
96589,9232.279254026167
81711,20481.85157971251
94981,19957.541281137135
80701,16302.061616778014
83791,12877.63141637773
84832,15138.655133396927
108407,8911.415915971904
98308,18038.794633164256
101437,6744.667863857524
91248,25286.518892699136
104100,20104.053775864446
78410,31427.085251015535
98413,17706.948144119837
90060,12446.252962818235
101366,7249.815578691493
98709,9226.760361542962
102890,8784.665016567938
87962,13643.392360693315
79140,16107.608145802282
94166,34656.20988610342
105551,10755.231867853172
99518,11277.99440127026
101813,15181.093887554889
97443,26395.077426112377
89725,8100.430982043772
100115,15860.29608369922
91893,17122.69644496053
90000,5697.891276924189
82989,11208.400304650924
89359,16287.285267841156
91971,24585.987301639365
88614,8361.754391614519
104765,12111.922501850624
80918,25460.43816518797
91622,15814.267993991916
88210,11647.509343102261
82019,52356.41498399908
85200,12732.169516895314
81558,22700.422385755926
99276,11034.882820964689
81563,37298.35370219501
99583,9305.521132079823
77201,10731.363888956375
94664,22792.355481690614
99203,9131.396592616038
89314,11640.01334909997
89306,14236.951526214865
90716,16158.488934995225
84217,17218.387936416133
104655,21504.539893461202
92210,19546.66080768829
82528,7897.64510536323
91346,63651.50390097955
88118,18838.677657718872
76132,20914.362245707558
101208,11195.86405402353
102136,8757.056616490108
77562,31976.149973544165
108283,25920.30766954792
100008,15710.034825571496
91342,39091.41405071521
107698,11471.163382581897
81538,16008.442678170468
99044,15039.625308933188
83163,6033.307504187584
105124,7987.817913862689
86549,9643.428877105482
91034,10988.913300920301
101853,7177.965641623991
99837,19072.898830482245
89337,9831.258790783544
107369,8924.019417193434
77529,15929.37987656737
78801,16767.429164029272
76409,20770.643517562796
98146,9542.931933648273
91565,45121.485577908206
107994,20701.409596078716
93945,28962.22289914604
99755,11191.081018683162
78753,27541.951802033014
79674,19943.827332582765
101599,11014.656897761832
81659,33374.1354057735
96322,6990.958115824003
80700,38634.532827856885
101522,15710.034825571496
93595,22107.926198837587
78924,18479.382330532597
102891,11014.656897761832
107611,17233.67888100439
78528,44440.785870407206
86323,16316.53966376675
103910,10878.129282001692
93854,16126.841226704011
88710,7884.58566079234
82438,23500.993947534975
83328,13006.801083077085
91690,23899.131002597456
83796,6056.57149079469
99904,9447.595826985758
100270,10377.984535104386
88422,8898.400118011436
102971,7947.2173414305025
106161,9893.114050758384
91244,16915.136229899676
81158,21264.205271227373
98004,25208.87921588489
84522,10354.148764872254
81215,31553.16427395655
94487,18993.823744591555
78065,20732.906588520007
97766,19076.004291629884
86180,12900.528083560577
87921,10533.551473890277
76160,30381.806743756188
104197,8827.640523610133
100295,8490.529012578882
96012,13496.862466230597
95783,14936.054453295847
104527,21289.006311070294
77354,28525.398131511938
106062,8004.16567405688
84578,8913.213653320236
99784,14021.133571814735
91716,17568.881734889826
97394,13652.741296449645
97254,23017.97769175014
87501,17652.75861231457
95532,13491.19224322077
91011,16144.240018670469
106069,22961.586306603258
105103,19030.576784882735
84421,10904.545673064204
87363,6099.57590710329
108379,13326.499018288265
83268,10852.005629147076
94592,28856.73562350608
84041,13910.230991626942
88908,25291.306035752503
85932,17946.595405864067
96593,10168.47164267434
106195,10053.739071489892
107153,30068.601171143157
104500,14424.440259619489
85737,11446.130345416737
75997,10026.35734088415
79336,35065.92740598717
77061,42016.477367392414
88839,18986.54122257695
86859,9214.601454792792
101090,12461.728821427689
87563,10124.95810261616
107188,9172.654070394878
95198,18678.710768688456
86476,16189.67426494284
99894,23476.302781787363
88279,11005.492319103385
108121,13684.4309669864
99827,13705.21291427491
107457,29903.638198674103
96509,26391.071482049632
101858,9855.443397971834
93052,24196.863733357197
91879,26033.496647733973
107229,5958.606051342486
87917,9268.964920234452
82310,13347.82594481848
93584,15085.027268667502
94356,8273.369729975713
76249,47696.66622544119
88386,19100.5564769095
104406,15272.416026416462
98286,8795.93538884311
95310,26090.440265485846
95994,22293.48049109432
79879,36451.83756070393
97135,12960.976696430325
81818,31378.5508200783
108055,19727.305692960344
96474,29634.373134862763
104358,27487.895804064807
77110,11735.471954292889
95124,10237.708411352023
100539,13154.548108284114
102883,8575.586617398052
94081,5897.717974522962
100018,8028.449365514593
101491,13417.898188259673
89297,18861.421200228117
99337,24762.40933784246
78463,12967.889821127505
97799,14822.342291407758
92138,19056.049527302297
83715,14135.430912178992
90455,11115.00766023235
89100,11365.009468659207
79908,29546.802689692347
91045,16885.932947471814
78357,16983.452260080907
83989,13928.051147385146
83057,7993.1554776481
92472,14514.455720404016
77836,7926.887818479796
91661,26568.727444923203
103107,12740.206122388136
95476,26464.196446383216
96615,14316.378087698118
76337,57285.10558951865
85067,15003.191958752663
95176,15120.826169785223
104450,25971.621200412912
104227,23832.159502058097
94327,15290.5816033104
97056,22032.859060771378
79775,18465.171630026365
91282,24651.279874710992
98425,14279.73986472235
79509,13960.398272675646
79798,25897.587229319066
82615,4291.655364756515
106314,21493.741361141794
88964,11365.009468659207
94303,13570.910610735114
96851,8462.412753721299
104465,12534.704145517706
89500,11457.777032008391
100482,8599.578097349618
102159,7787.399048050118
83242,10119.654861096618
104780,18931.73021699221
83902,7692.751686612096
88955,12187.817571184945
83139,4999.649385719539
88842,28163.74212533353
99320,7731.129918626106
81840,25960.97759948106
103216,7398.8327655273815
80734,19950.879748104006
102743,18603.819210211557
76855,26030.902138670077
89866,15752.520282293373
106171,29380.920896998956
76530,13242.16748415131
77933,11975.459187201826
89304,10339.078549702615
77180,29673.045641856865
101525,13936.297779587409
83657,14062.270461647819
92832,19041.063240815936
102059,12819.374943198467
98895,3706.7607480251218
87994,19400.891627445824
86458,10259.288002567431
95568,31086.864554366264
79603,27956.275580692265
77681,17374.02633082128
105596,16759.44539425699
100815,7420.494796846852
77113,51848.89970336878
95519,12938.044356097871
82180,19526.64434704259
105893,19999.834163122912
96087,6651.023227228945
102458,9601.764720851928
104637,16340.72932220695
78633,21418.133199125434
101205,11014.656897761832
90825,9467.768454727473
77280,30935.279850338415
94924,14657.03929552858
92185,25811.93310384329
101547,16040.484123373764
88425,14602.207209224838
95191,21842.131900326007
82878,12933.920883022807
87900,14957.546268767268
90045,6481.88652564964
85402,18338.450316480623
78124,19122.94174393491
100374,10267.594320548562
96192,8427.56353196969
108050,38190.742884803985
98773,5503.794559383505
105534,9019.817080805455
89256,12600.445011737138
102735,15321.492956904001
101683,10546.327033935448
80977,33169.1782697499
98983,9523.940233904776
91969,27219.157508940993
101852,14268.926270770286
77600,15263.793940479749
95813,16507.71552628288
85687,19583.485107420354
97288,9598.353828627467
76331,15759.570584762658
76111,20455.86770067354
84464,13558.433175083788
102105,10395.020821365855
92739,43953.66495240905
87154,18354.77145481768
76313,10031.718313069849
80830,18728.08688738563
107419,43411.967262156395
103729,15572.775524461733
93796,20167.512429374416
85542,8340.989180515406
89838,17959.569082935202
93303,18065.871211978196
86555,10512.215065806831
81471,17009.233918923666
97273,27866.237743811947
84529,12141.594423747287
86886,5424.123779392911
77905,44988.023646103284
78325,13383.980726713526
91821,25540.047980903048
79209,16738.48264375011
107729,10869.80450966866
88328,10873.138230077042
85466,8081.628325661088
105634,9110.725221335211
79780,12932.499729354273
107271,11131.033716460526
77909,26003.823225901622
81592,22293.188650094085
90946,17085.44791797762
96511,11260.851497889966
101345,11334.954730902778
94773,22878.715641158968
106754,42433.61647255527
82112,23829.342138724096
76758,28578.592430086115
99146,19180.84650913763
103707,8658.24837873628
84009,17714.74857002265
84288,13965.482986329895
107688,11904.331864194592
98025,16676.907709387833
94529,25657.550769255195
78142,19778.847144406383
98985,18719.281264196445
96366,17678.335794940984
96697,8470.862757054729
93267,17416.52599486555
98625,6146.3605756328225
90111,15468.00193109959
94666,31533.906163842134
102390,7201.520877410996
87799,8905.3194679257
101806,9429.189518962734
92319,16851.9426232688
82564,9856.139314875469
80431,31978.0954188416
90298,10487.95826735484
83570,3238.7360465800193
85343,15971.811979836159
104567,19222.66401597009
107481,17132.010595876847
80625,21751.95275598526
98575,10876.533602246524
76415,18536.67460284064
95772,24960.834463820713
85564,17288.872753401894
106489,9329.76576654988
104520,9406.947303685703
85622,10488.735153268595
104842,25812.190767013206
81717,32585.644991578898
91720,12884.966643339543
93411,30350.24926265122
91818,34243.67881633214
103824,12305.958677213792
106453,20840.670765139163
96056,22495.149880512527
87924,12712.292669095204
76902,27046.69556409057
107200,32242.11343138234
98825,5594.4349507629895
84740,13577.327306868861
94186,51893.67671069567
87093,10027.819594363958
90703,9243.66813476504
87711,10395.549090087094
89763,13696.391875765952
107087,10549.986711953461
97903,12169.924139904704
105393,11417.076482995619
77984,18841.255346057522
93270,30518.670112899756
83584,13529.375015098145
95630,20538.63247342815
92001,9123.422116450034
104596,14693.142835673714
108196,13438.635803468387
94963,16420.435889653047
103813,5467.88510720489
97285,9809.000178229193
102140,7401.387426562301
82537,2329.7222403345604
105396,22893.697495129007
92363,25237.313654374975
87145,11047.20458715098
83808,7660.774249470842
98940,9639.579564541466
79334,27038.80760126594
88939,9697.410103643017
86108,10983.096393565698
107513,21080.116296468314
93992,15052.396517815734
77114,16974.513344732823
106247,11166.941079340817
106460,26885.90461429178
90980,24449.627066799476
91407,45876.92896074147
92716,14889.578399287711
94427,25789.08035999795
79107,59690.49847357409
97517,24596.148209175775
82963,10602.523521575968
95600,17273.65415207145
105627,20560.45841156767
94599,23492.239410625596
93831,25287.119231950845
77796,24649.72938324803
86054,9719.625443800234
103984,6647.921673412735
79232,28483.555406280022
86186,9768.327711947019
79993,21779.462955754265
106645,21596.24058681856
100923,10341.233210032371
79473,8639.661879049423
78631,11279.327022256415
98920,10424.00250623773
93487,18534.35063127315
89722,7625.352366174259
86489,9928.622151608994
77792,34412.611065706864
83434,20993.171390960324
81597,23110.915105386965
93788,30868.60291809474
105929,12423.448394634153
83037,15473.357333113103
96675,21361.27223400973
85315,22087.791836727316
88309,14269.889908799525
80642,23646.282632881914
85401,14911.18713476987
81449,12599.823583069418
108274,27068.371789409444
106544,7309.822184328635
91643,47557.265642590646
77829,31265.936870715665
78255,17762.868695891324
106408,11936.732111333562
96365,14206.890546384053
89365,13709.17068257696
98758,14207.50562409456
82412,16182.649340559658
103970,6049.463660554725
82004,29868.92247762894
76359,24219.391134818656
77601,22526.277198076754
87750,13338.154547984344
103263,8820.553196342027
103050,18690.251782490603
106203,29165.372760999457
107465,28764.097962878925
89824,11323.574517509607
83691,12916.088417279596
83517,12163.821091989425
87354,11216.54024145576
80631,48274.45944405191
88470,16651.046842980897
85074,10231.966779687884
106338,11133.155047671537
86031,6343.0263031588565
77815,49765.804297597504
94854,32264.388049107612
92558,11870.05975374062
105202,9006.230246545892
79841,16144.330432500232
81027,49335.46576558489
81862,21432.135061272096
90349,16127.556075859342
95059,31512.176965250797
100279,8473.775092267853
106984,23163.871305112432
92688,29743.921398701586
79781,11988.89677284207
105426,23019.93222960247
76908,20515.44214922764
86624,8084.525480480543
77747,21804.072723003468
104911,21148.79102257174
100968,10163.55331307376
103235,3911.0727467480547
79717,9717.93003490616
93346,16748.90506241403
81416,53070.502110668756
105745,16137.401943618053
89942,15538.53921350939
99350,17582.495116496695
77848,16346.072865623579
98163,8419.161994150185
79733,11698.668832443094
106417,10713.874383922303
98931,6858.5320398704225
79025,22409.32227767822
96098,22701.44802918373
89627,11910.811985673861
100722,9076.742715611927
89119,7843.79199924197
106445,19554.038197625527
80588,24616.182864251878
91785,33268.237117844306
79294,16527.536702850397
105542,16935.557615133952
98603,14470.363770770597
103921,7931.35028229293
98405,21199.24250983784
79284,22429.132720965878
104738,15971.887988112738
104623,15663.697198958758
105041,10415.146619050716
107556,15453.789608416919
103553,18408.841198995546
88716,21765.43890299233
88844,9568.733827410257
87568,2549.363945936807
84183,15663.849668956575
104240,17323.995262578173
87404,13621.532708286308
95985,15385.214950783527
95986,16052.817459035194
102723,9415.085010896508
93713,32822.29485781937
97359,8882.259570422151
91991,25212.608402669448
77490,19897.45817329664
106975,10183.941463532663
98180,13292.983641107792
80465,8477.008920300383
98027,2938.845944210033
79085,15553.679322355485
92539,28204.892547763007
92267,23795.9161977831
87807,6511.381585417077
78839,13184.375286210307
102361,9900.958139934477
76828,20384.3100987182
105914,25488.168559614383
80885,34561.86327940591
89833,19654.185664913573
81436,11919.76646233435
94157,24931.66272511639
98733,14690.98505665589
102978,5187.6125373844125
81455,19840.195357221637
88578,5375.560916932879
105743,12438.639547796402
94325,65674.50209705766
79801,22195.959173414834
105405,16612.06438510403
80670,23587.549324647734
91173,12617.376798501227
80960,17588.1844863327
80623,33747.45595328163
93516,19385.61505937034
101762,12166.368737197312
104665,18095.959164166525
93682,26927.002140773904
86261,6338.909394364669
97450,7306.194069079016
97153,9662.235333783032
82769,8972.16739802301
81781,14836.425882188663
108329,11296.116024677496
93812,25564.601457449426
81383,16617.70043776439
84306,9317.502458860996
78773,6243.993734559947
85809,12178.398261297756
86305,10848.644342985188
88701,14233.574739309217
99973,6785.451537835772
106851,12074.098953683668
89751,10419.875104340037
83788,7785.152112355255
80351,12299.66991633266
84894,12135.295173276058
97232,9522.44988832132
82689,15470.127622929176
102485,13310.282484168023
96093,10957.614252703637
78234,45405.97891997114
83402,10832.403377837372
96362,30357.667543265143
85275,10991.306964526666
106895,21398.421609546353
87163,16844.199144271744
94751,15639.479162659789
93542,20816.013518808726
77980,21355.61402679902
76166,13381.33275202009
89776,14393.036114063063
106767,19659.464978045817
84743,16490.484055275738
92273,23377.937348490883
97882,12717.957215059621
76744,17933.819208785655
86560,12442.86822867222
93835,17407.13268746688
94203,10460.864622252617
88439,10215.324383479388
96097,27692.99442011722
105131,18878.506981938885
100343,9240.711633122133
90841,11684.586639166675
90540,8467.314490173558
92762,22310.53227237699
107805,18162.990711334278
102622,7960.163988006639
108073,25336.45555555328
86061,18512.18156373944
92883,23331.120128258197
82290,8550.056758766566
87824,8357.758151444916
82554,16843.766595122906
102928,11312.62032379972
77420,15906.548947071775
76315,25568.85076257629
99825,8001.640275843304
89292,10776.012623724806
87301,5375.560916932879
103076,12084.647272701006
93084,28002.414585827963
96934,7717.879395381748
85141,7477.752332911967
101607,10402.837864304312
106992,26583.558944751632
95873,20770.430051008734
83341,6637.219268178329
78017,25332.98934400783
83129,24005.89232256587
92261,13437.547066854479
83824,16916.32906290496
86151,12158.728182746869
88105,12458.625582229131
101848,8753.915179383624
89588,7044.628262310453
93705,22440.61465109266
93017,18694.275315215982
77465,19886.10016272118
105484,12473.163212214891
76751,13008.801187410516
97511,12037.956830895799
102864,10027.548752164317
85858,16404.285432382112
94836,17067.173256722144
85250,8846.11924967014
78497,22559.571669018253
99540,11792.297621167456
97147,28420.572734591493
81347,26225.06244337091
95555,27203.482788863912
98074,20343.448275849976
104435,10060.12823045
107097,12327.8976021637
92205,12231.048215989484
90822,12066.674637135593
93344,12815.117219651673
84232,11710.891889028517
105217,32830.572046379864
76013,27770.658048540638
102818,10124.912623726237
106541,11589.939452634051
87213,9058.956258647571
94119,18771.995678763156
105753,24056.5913949606
90397,14975.571501280663
87612,6201.419991295136
82789,15355.053059011823
102916,9845.468705221198
104561,8517.449207668988
105428,12623.200696202617
86677,8805.538476317124
95080,28691.88388639662
90113,9476.228014572584
77433,21816.539854988605
106180,19259.54619684526
101692,7722.985097653141
80466,6390.922842314803
99512,18794.82196985997
104554,12204.806276801493
89047,13688.782750450042
93888,26469.5053094529
89659,8758.301515384455
89920,8402.11048287162
86975,16644.23194932799
91405,25871.388047600416
83203,28120.21217942815
104338,18025.432921654763
91659,27900.313855289925
86385,14257.031149083794
81048,17424.619242327914
102880,9906.132614327884
100237,11059.08652638062
97751,7525.8422231866325
85614,6710.49865552199
106145,10244.700392328263
105955,10319.396732122643
100146,9016.038970546535
107491,18052.875436141625
80061,23956.351385036894
94324,28396.95543304973
97114,24468.55258469736
106600,8407.482567849584
90922,21679.185049644
80222,14697.970366272104
99356,8307.477674527869
92780,19150.52716066394
107380,9297.055462076678
86069,10647.27349130613
107753,18415.775748682467
97983,11180.644170335407
88082,8283.505707895758
82115,11039.010204029526
81634,16656.61167257046
89943,11889.567822349818
104167,13605.70566995664
91010,20029.010213168825
85004,12296.101492356396
96953,21337.25315220397
78632,13305.2981360582
76114,14751.539540108568
78570,12958.429346171937
82674,12871.467258597595
91196,15092.876625575758
93734,14316.3195524377
96031,24912.50918944976
102015,9541.757995061367
108372,26580.610646143
98719,10281.06602336604
83391,9497.86224506448
97098,17473.282031112125
104357,14281.06042808874
93495,17465.599770028675
86422,16319.668821282641
99731,12621.35210390208
94144,19385.05753733912
88103,8507.049818633906
105199,24401.427068493696
97003,7378.194039196872
99925,9466.20790000241
92816,15464.969803602242
98472,11056.619625417165
91986,13434.095616440742
84152,8181.72977719582
87538,12860.21326281662
93305,21760.04225983287
104249,15532.931157986133
85501,10968.771901838627
82343,39378.034597326725
80601,35505.18672518441
99715,16639.117744459774
90451,32584.684234484735
98282,10587.882748708898
98397,20858.461246873176
76414,16328.248427120177
99016,14862.373589124283
85767,10723.146123261662
102787,9971.093910555432
101188,13989.229748224312
85019,14895.284043575592
79803,11345.373833928408
107582,9979.618855387947
98501,8814.31680208239
107021,9441.07160622472
82317,27257.799891970775
105678,2994.342026097881
77931,20182.671033236224
101619,9422.034303895136
76128,16537.626153971716
86460,17141.723786254388
106084,7697.649643359796
80551,28456.966080129812
77062,31009.550753136387
98406,17928.92555447505
103489,6377.196861064568
107191,9274.56844059773
88549,13358.08220710921
85095,15154.782813871927
83923,15899.33191926459
87074,18508.730290912787
94031,18862.042602646685
99120,6412.741166739549
105824,13962.412291031256
82389,41212.73924218538
91994,16462.171025423904
85060,9815.040374754597
87412,20660.907025598928
94683,18849.166372622596
83069,20063.793790719355
77071,29056.110257760127
81406,32998.027115235855
89203,11033.055279055852
82423,9790.800143560318
88301,11233.853287980075
86758,10457.823825534238
94072,17417.59147549112
102247,9419.851674275382
101529,7514.420251964245
100738,12174.216623513237
101790,9827.569810087893
96188,9639.892680645617
98656,15220.752656221503
79321,16743.683445563445
80052,18617.218551472928
85150,15594.294594339251
102370,8354.166481829066
107503,20602.78338481556
76560,22334.130149630735
85319,11492.922363680887
89242,18289.18980733641
89510,7132.275871271331
104922,23939.557278736633
86937,15272.8343144938
107780,47479.55752073532
102448,9580.220155448624
89648,9738.40863307536
95347,19795.87409579962
97926,9395.167864982861
104963,15366.425838237747
92272,16745.50621205419
76618,21015.835184379477
87722,11215.052428150257
85560,14944.047749826603
92621,27471.994894130523
87712,10918.641282112394
91009,28134.71030745539
76199,20833.8376905451
99145,26707.96165210583
103618,15170.800384651218
106072,13927.158776829188
102488,7556.98704831033
79837,20259.78250155187
102792,14665.285391145335
86565,6306.900989272698
98631,15939.180435854154
106374,46010.77723564639
108222,10146.112655747867
92127,17736.39504098579
96068,12083.083872435322
84411,11937.265408497324
102143,10304.972315903502
77502,20382.309614699294
105514,15643.843554538405
76896,34051.75207488995
104868,19890.199365991997
99686,13672.002758298384
96721,19609.11743279367
93026,20323.990453563692
95961,23833.195388882974
97465,12884.818743492555
86075,13953.601859267348
106946,11696.200625870655
97605,16492.970280129382
83156,19350.512687895116
88123,17593.559252808394
106817,9496.499847914682
103245,7978.088471907807
78564,35110.679626253324
81879,17139.129273332146
102330,8441.33893158625
98866,11968.125524072317
87178,19264.991815319303
83106,10521.502341453222
78280,17220.400275529693
101161,11963.866587804998
96047,13000.766136069502
93044,12132.337291213975
90176,33637.32252589586
76585,21393.733691505626
99524,22618.81774164471
97467,24802.623256446816
95557,15153.04662124545
102816,9156.43841985013
87141,13716.702758815378
82602,13816.572731568753
80108,34145.46811078585
77871,18134.546541704538
89910,7154.731756044119
76255,12130.36561497855
76231,52114.0244917307
87089,14973.938066164043
107635,15224.879828022047
80916,35159.73125220606
95179,34756.69879823585
90694,7069.937691153895
87504,18479.01285762315
95882,18310.830982327498
82944,9996.835645142583
90862,4686.85711181658
89494,11076.408870852545
81196,35756.798538856434
78258,26300.63804232278
98420,9166.968002647267
84051,13615.83185869934
97011,12462.854994366782
97357,6670.302184028188
82683,10317.193344669387
107472,9642.993729933958
101033,8179.852044590166
86376,20096.031163818374
97773,26183.2495405923
76448,22462.197270021825
94912,26703.36570018208
100444,12304.23024502729
92364,21025.024428610766
104206,24529.889442710486
82384,22651.545776027328
78524,27249.141297704304
82825,15125.597360227026
81519,23649.545277783353
89462,4783.810949907791
94783,20001.48172575606
99101,8909.626770884859
102363,7545.076781727527
107901,14787.127999609489
107950,30316.58028689131
94631,21956.188808048828
85176,9745.152297592911
93934,17449.424788761786
99621,2549.8785881411077
101616,5733.001667770645
86156,16443.822199912138
96327,8313.35467033332
89538,14081.636548561943
98236,21025.25312406948
92253,18458.82947148564
105896,18264.186764547107
97333,17914.371807816264
83166,20156.99729257377
96224,14576.537794821756
94462,20408.832640605102
82796,10428.671679348641
103597,10240.410799966496
99905,10259.637211272875
107349,13339.56634010001
76754,20943.552309417923
90912,24842.59018573136
108289,24651.856457039223
94106,29939.07264356119
86956,18210.31803812476
82492,7840.386856229297
81747,14165.280361693125
89144,10059.743999249366
85256,11888.671789388021
85342,9261.061630171182
108054,13558.139409469693
94681,27860.572702096102
86244,11225.260627694877
81028,21368.3221114204
86773,7629.562457463595
108431,20104.053775864446
102839,9619.767827803973
77700,13501.053272490766
92967,23629.09632654399
91982,20128.61585038598
80639,15851.688924751896
97770,11629.116201978077
100460,15325.880790667185
100531,9320.877444309112
84508,11476.765591823676
103706,5326.92898825793
79723,44772.18749887697
88897,9912.1367740794
88695,10451.567344285495
87380,7102.592128743589
76070,23919.34873887431
99342,24220.28320024955
79110,16949.924604559663
89341,13925.175277859504
90330,18075.423629801175
93894,25836.330760227753
104137,6380.269920907579
89113,11689.443826216277
91150,17154.114028994838
79621,27368.120577038346
86822,8621.635488123444
104869,13954.640224076622
93874,15412.535603642316
77606,29744.193677753272
96981,9020.26793301084
88437,8223.395828313382
87834,10382.348410114526
98923,9623.51650237219
108118,24427.616203870653
94447,17965.197982154095
99454,21649.960374860377
82144,17443.617547488415
83494,13998.070610786048
76545,17081.83951897191
85852,13635.552658223462
107056,24629.131526011708
95419,9389.669392666603
76570,20680.245331745242
91325,21407.507205032456
98990,9642.887323578201
107639,14110.974722371568
100232,10546.327033935448
83318,14684.124364618285
82277,50157.13691602841
105198,17047.18521854275
107660,20801.16729649002
92349,24840.563427328812
105445,15590.081599249697
98333,13076.624488491867
100919,13109.675746720557
94295,27265.260545612164
105853,6692.862448173896
100457,10898.020167792281
77726,15763.049128253342
96027,10271.32948108298
104201,11773.018950777487
105205,23990.114270890062
94718,63881.440222195335
96617,13173.401537469343
81405,10740.680385572088
98642,15428.646071052288
89156,13709.17068257696
104916,10518.096160376032
107696,31439.246446545316
87902,10954.719877032237
106870,10067.825603462048
106153,13127.053698887059
85108,14975.061590295923
106590,14710.138125723512
97948,8992.740594611156
77144,28950.279375374448
91535,13384.023274602887
83900,3516.8641933591102
107374,6005.424372113452
106805,14837.3518011183
101971,6951.691323755232
103690,8582.009985178236
107830,13096.629892503312
105302,16741.845565159983
90504,12371.204851851076
91865,17065.01306724997
107204,21060.59922638676
93231,26552.96995503968
94654,17029.526882991966
107435,9972.597666021666
78616,30505.38472860932
102268,15083.953208501072
81320,29547.26299534822
85005,12330.844283039442
98032,7769.620409972039
92938,28662.074470865427
76177,10891.44842866647
83869,22260.196821576657
85806,5955.925246583763
77987,10449.935024748545
103802,9753.65074352679
104020,22353.955004118274
93262,22921.902443553783
92988,22752.633999857764
84434,17704.394111609883
95648,33663.82106988653
77947,32049.192082788384
76135,17476.521165086408
80971,35455.53593417566
105584,11386.367982273649
85530,13064.822116387832
106515,14328.790297353073
80686,24723.43726510977
85040,17271.86864518281
77404,10034.175887183563
91234,35024.552456762816
99225,10634.70777795081
88808,11234.276591227443
89948,15903.738847235929
107161,4392.844428542616
83683,11301.661691405243
83709,16232.87809054979
80256,25870.71326671862
83504,13358.08220710921
90112,9115.074424795785
93042,39821.13782552977
89466,7183.376477395173
103405,13797.577066010737
86026,38620.49404193209
86824,15111.943210331252
79357,28692.52715320185
78812,12137.448176127877
105364,18800.681204481218
105744,7758.979235710415
99819,21388.827972446154
91051,17907.318481095786
95688,19962.08740987481
102174,16315.969065765
91914,34182.29794207343
86568,8485.507947477809
98761,2843.0897780624423
101252,9891.912759969488
91406,17660.598416623838
78069,15553.679322355485
86168,19805.229052928975
105858,11773.018950777487
83972,16030.3215390096
107196,21825.103172133717
80990,14433.501411237796
101095,14705.78915229802
93806,20545.070787778808
104535,8390.160181425204
99257,8695.238766783174
94967,14191.5116369636
94257,17567.14594486422
100543,9086.005000504476
96277,17115.46475614206
78730,13920.800605124985
82370,23345.120593705684
86050,10803.48201237921
104245,23992.250903228407
89903,11389.115635359824
106353,14409.153663535159
90055,9820.166407403032
78070,24670.917732299193
84302,11477.646252018865
101048,8475.535752130789
97981,8669.957092625267
85001,17212.067477244742
79444,27219.904165411564
88862,11813.560722070572
90445,10498.002481795915
92203,47732.60248928851
100623,8004.125994088206
94528,18577.740850382826
94482,19392.500377249024
77706,29183.3678053457
100947,10332.486060909647
94367,19051.12955069141
108205,20455.097504875474
77256,28046.718721504698
88458,16681.622196452056
102997,9403.296110517409
88421,9263.109051435122
86001,9991.139460321521
97594,12439.157531689849
76992,29425.63281997505
92157,15480.851636931522
106018,8063.923071734771
85491,13587.340789646107
103359,9658.847900207837
101024,7420.666669642109
95167,33345.46193771672
93493,21101.904751599865
77624,19874.90211059718
76803,26627.966739706055
77142,23166.731566131748
86693,18572.41915531249
101755,9100.570671059571
82229,24739.98824371829
105220,10118.146247778775
81442,47919.467826402244
92017,9828.42690092301
106471,11546.459559670488
86231,11164.408972988791
92036,23719.834067651955
93224,22944.469927610095
87139,8990.719020520055
107623,10727.590675460095
81066,35831.38171300263
97790,13596.516283489487
76514,20828.75788514715
85297,12036.991782642415
93020,10955.079952475498
88666,16289.81891673031
98711,14464.534495850101
107486,21285.99185408966
79363,28016.23777626178
88053,7658.127451266666
87127,13828.261679696261
104704,26518.336370135556
103808,7922.208815397296
90199,25833.798977015438
92950,78113.76403294885
92002,22088.401889198074
108435,14203.677814646
86748,10731.894704583416
86978,8082.870821025898
79932,38738.00994657694
107382,7046.560400076143
82616,14390.154209107654
99198,23271.448593752728
96788,7605.694679036547
92073,15948.136596208471
92060,17433.097323435075
79559,10600.54376658239
105276,20778.308759800115
78536,17560.887621577847
86795,15658.196739075149
103739,17113.79410541282
105087,20628.873069894806
106499,15268.973444140618
81009,48288.73701311181
77053,29253.888932694477
104832,7267.264320531076
81864,11893.856364384414
102634,8940.513208612363
90510,7398.540184203292
103001,6982.188800705788
97323,24620.184986677923
77996,31856.602916931246
89082,16318.740669122453
106910,19872.26277149131
83882,8260.100681926613
106459,21312.735464105655
99678,7011.81543139293
92583,34969.46816035932
76986,22327.237581845908
90844,9147.402216575345
94286,11609.816155439532
85208,12013.468641081698
81224,20525.21072493308
85569,6609.843261667749
78152,22698.19898763529
93054,17937.095823246378
93481,18955.256320376895
99735,13546.26500491599
88060,15865.498068070334
97546,12534.592712219457
81083,37177.48406767295
100259,11439.875969548877
77751,13077.924933651606
105093,7529.042722220677
94991,19045.631620396405
91352,22939.34806183596
99901,11700.71181350679
83577,14026.84726905193
95846,25585.739936415695
89917,16696.720697953984
93394,15837.33829577553
102805,6062.878763748843
105448,25297.006433955365
108444,13126.38322610064
100862,5491.892172760489
95006,45711.47180281655
86446,8687.463393357315
90906,16339.451632651773
95336,25475.74379440014
94904,11551.345330659578
81105,14002.66837660879
78132,11368.90579231322
87302,11057.69295647301
101471,9323.556179972618
90015,9826.718955312259
90539,14303.681012434081
82418,8881.582518014282
79940,20630.264376968196
77401,31506.80794330485
79054,12692.385079377993
78493,49106.201267054654
87727,8640.808570956737
100390,7862.800290478704
86020,11544.109302395771
106293,25843.354945486815
105435,12236.966844135768
81992,28460.3829137148
92805,14223.70445613874
92871,21345.951759866206
101833,12344.493593420362
98352,10537.284329254759
98629,12367.343013595822
79700,16465.865641094904
99710,14261.415866584763
84526,19907.159023607277
98636,13174.931114012075
106829,12966.683018338483
99652,18250.156596451918
85469,10892.06869279555
82224,20526.453539172235
81899,21540.821739370796
94817,21690.305694180344
92379,25544.287295178427
94423,27667.64962191204
94010,27372.349063109286
84867,13497.354808195352
84679,16660.58433490602
103292,9762.986117948174
77349,19814.596128654714
77697,12454.543537769956
103017,4172.386253183909
79727,31468.73670073207
86490,11033.428145661204
101009,7281.03708863498
96540,13909.011592360435
106974,20353.96457737438
80055,26676.925629259025
102035,9195.647552765467
87843,7912.845099668826
107868,23956.537420561162
100831,10349.555008104346
98936,10012.973486303157
96915,26926.467336745354
88473,18161.62963035993
89030,11643.866036167034
95894,18627.05517417393
92113,19951.496662845664
105809,8849.095689036905
99360,14596.234867603645
86746,9173.578758871507
101917,10275.204350966467
96687,13697.317221507084
101210,7807.262644478949
101146,9779.307076327617
104900,9741.482401620422
85924,21151.48034006607
90544,7078.23961344668
93003,18224.927508325054
98738,12611.957317797063
99884,7444.662540439887
108053,26685.148085464483
90188,6724.517441075854
91970,18942.700755654874
103257,7030.314923235731
83138,8435.637756853737
104017,28377.4553294824
105104,7128.515054476666
100054,11310.907055337977
87155,18359.01499074579
107600,11278.559694988415
80848,35772.51806202132
86709,15751.411314869161
106214,30645.749640185288
91963,25544.310062906017
97698,6970.137484766074
106109,11708.397231545394
88231,10113.313563914706
104537,10680.418581028835
99388,11062.58803774204
94517,19874.719387259316
76658,48708.19839893694
107430,23495.376803046813
87408,7726.4478507360245
105971,17250.96263842164
90264,15262.094012151732
78434,17419.702417095596
88248,19820.53591217401
103386,7206.15817999669
87862,37131.59437770251
83101,16387.705418728117
92350,29546.07690732118
98624,5917.61256796663
97298,11766.313440356005
81919,17530.624357118755
80556,25925.523152363687
98141,13288.783969012224
88205,15620.091287479472
102779,16040.484123373764
99926,9648.633427680166
101484,7191.025033530118
102869,16904.594887848543
89043,13473.21621161479
92878,26413.902381124888
101071,15824.362119211615
106583,25941.950389151443
106819,10012.598047374338
79956,18678.24899990228
90659,16757.166251138082
82276,11155.154003763506
85881,17271.07875981514
76753,33933.089864444235
102970,13087.091691173568
93126,30769.06422739719
97964,12338.86876279734
81951,14969.106732125663
101200,12746.489071101125
96104,29239.526441166963
78169,19302.325644657365
90062,11354.906026502325
100918,9930.451602923893
108353,11119.232568748415
96642,15433.261376319535
104763,10387.419131597868
100926,15206.03517849226
107597,10777.713944270501
102765,6388.889340165224
85805,12187.817571184945
102162,12682.33855002471
82952,15590.822037803691
94184,35953.782436767775
87797,14089.27681444302
101511,7514.420251964245
107686,8078.2444193606325
95366,14541.250164000872
78349,9443.63864959841
100908,3875.7123260046083
96196,6495.1146268919165
107677,21747.190472266222
93603,25728.775050927477
99861,14343.188122293479
87456,15373.274507437583
82484,12809.58838359418
89252,14203.70378635976
104243,20207.454203026162
107181,30750.31282231837
90446,4080.494822308259
81412,17864.106186946992
86732,13615.674257062414
103972,9553.703678858245
102586,9174.098928985311
82466,13534.950251213626
84937,16405.12743427787
103038,15710.034825571496
104111,19796.611940310973
101111,13615.278974341472
107812,12626.84806389202
81483,18126.06613711694
81303,21901.7907364677
105370,14199.467131508753
80504,36253.78550670842
85839,11839.756373915401
91560,18069.40497352824
92722,42694.471480310574
86115,17951.712923768955
88062,20877.115717676865
104876,16442.149886811934
98777,15853.29335850335
92504,21799.577886926785
94025,11405.712388701346
87253,15326.529287601677
106668,30369.646182839784
100007,10792.26007613973
100956,15835.096853189476
104055,14863.95708735801
83761,8710.321972011629
79429,19892.783277388917
104731,20493.570069290465
104125,12118.937554809929
95628,22067.315981187327
80913,19934.737395528933
85196,14136.517501734916
102697,12739.917821158879
98587,6257.39483557169
106771,18921.484195744888
90889,13088.63645868807
99697,8737.99189874873
101404,8573.44854100116
96283,10105.29027563705
83072,9087.749568557787
84053,8448.259574925838
92435,19010.45618181185
99445,12033.68278721049
94604,22836.723550493996
105585,19868.732672702972
106189,13277.83273899643
108456,28931.488299719433
107914,11090.16440992325
105646,11866.36468117418
99808,21225.803059963655
101337,13543.840950056478
94636,9929.681959014408
100480,7934.529121444518
104644,25922.125292503824
96254,24485.343961234743
105238,24597.560255188833
99534,6597.940540865781
85285,11895.747965154073
82145,28247.258917274947
79604,17236.95997102784
92928,22416.99550363143
82245,21381.68586880072
100973,11442.670959884104
76365,17676.752266882333
79164,18554.43815783941
75989,16443.50638456151
96557,20775.814419667124
95029,5690.639913887141
107817,7273.800091804341
98521,10543.52485743855
103150,11481.773126035467
95850,12984.400120558854
102008,10197.602197292948
106002,14881.988785298094
106077,18363.148256617256
83367,10757.293012407355
97196,14468.527761849004
76566,8370.695691075936
104384,25915.77334545698
80692,17581.17606666226
101094,11371.56859088274
81800,23443.48018577986
86722,14124.048047784258
100318,15834.185524113234
104827,22058.46417817019
98244,6854.20831874619
94712,26052.02070657646
98393,7319.116945209003
80771,8947.293975726534
86607,17594.629894639977
80768,12561.673490518016
96949,18362.790480919746
87207,10098.079327734466
84629,10298.948699740891
76136,21721.556960826165
76644,9638.802570539156
107649,17039.591149233223
90281,13215.376001500957
108187,15907.964402174555
92025,29348.39649788791
99737,22708.48673180147
90801,16354.19338651404
100790,13050.74422230699
102558,14095.513357898688
98713,9468.829495853579
103633,8038.420836824608
101449,14227.964009074532
81515,25587.72585698493
98364,10715.169783371146
83966,12807.189939631551
99995,9912.430289328271
99150,46501.764436416095
86873,13673.98486613811
83731,20930.960965621638
80810,33558.652746419255
94650,15719.134714988613
82521,17891.198457769427
100255,7618.234031270693
80454,12544.719489374616
105154,13789.87684063733
79689,21052.09693952301
86810,9997.667050745005
82113,29492.726421415697
85929,8446.086911145156
77522,26902.90944082097
103578,4586.128018234197
102688,15491.621304308082
90791,19007.66555498721
94401,29245.965446662503
76740,18609.891042639687
81666,18548.747715895475
100227,1772.9359034065687
85673,10679.343191799562
108395,25261.72234741491
100214,5239.392995566742
95659,21432.257111401697
80490,35825.42535109169
88384,11720.04911217884
107062,8897.913377177141
105277,9663.62331116844
79265,32001.24411826968
84984,10418.54058835466
77376,11934.6671785207
77355,24471.830329930763
86313,19827.201496638125
99285,24631.39227050691
98028,9631.698103152945
77611,15903.877992539683
90056,16202.197595348849
84773,9401.271102309654
99264,18704.429533637915
100948,19624.523215624933
82379,26314.376622034113
85047,17627.360058124526
104114,19049.93027861502
107632,17706.19139034116
93536,16661.92207330182
81421,33025.25731644941
104793,38783.639448811424
88141,16029.357135212362
102679,10730.786734709875
81051,29396.050365971547
101005,15665.410235608448
97532,9641.42893807946
102499,14386.95278834207
89537,13125.156426202715
93046,19048.37483587452
79823,22100.498680051365
98882,21971.898218956238
97094,15363.411829452798
82461,11140.037443942978
86118,10005.15062355434
89801,7176.931894592857
83127,16831.793959456692
107519,9885.24560786871
82583,8337.749541544867
103259,8440.380415077396
81152,22278.478257090464
106206,27815.34881303953
96706,8900.987957280577
88303,15531.628896254691
94241,26245.50460016135
95076,21052.265185617274
107546,8833.509285239565
78467,19019.31636841135
98304,19037.423778471835
95393,19023.676491305774
98134,9934.888005714947
104152,17450.26856795177
76818,21439.08288562265
84707,7534.696214010177
87889,16859.398553972023
104736,14875.88424761916
87844,15857.062247716882
88388,8681.125615789586
83940,13365.993527100025
99536,18684.812590888778
83313,16540.743384680096
89864,14843.39686103933
106944,17731.883469946657
105635,8027.652068438339
83110,9594.771551756337
78937,38218.59859116455
91724,17396.550826199487
94886,20339.650121299917
91449,14026.725978864886
81745,28296.86206094256
93405,15245.171134144988
99402,2594.242081597909
94317,13425.940678515404
78503,22370.548126280468
87111,15658.196739075149
108538,14662.979992180424
90689,7651.911697012863
84402,16637.4938812033
80890,29200.113767479994
101682,7254.2759627518135
81874,15188.269012493052
84259,5002.400363852926
96616,14815.01265230621
106173,6899.827777818267
102534,8284.280919058165
81629,53640.87162980291
104910,12999.127953927255
92100,27422.34981099537
98454,9911.18977445019
81880,27439.969441310335
83346,12164.503911162114
95335,21310.616905817762
106693,24638.979326061963
107432,9979.618855387947
82694,11193.466691684383
100199,10947.419837272122
107361,23707.13366875605
88659,10614.360772981203
84237,5375.560916932879
83666,10116.132701169436
104468,28534.248893586173
95495,15830.084054739558
84298,17271.86864518281
108427,11979.995026173123
88238,17218.387936416133
103836,15179.900016476358
87394,10491.693432073977
77799,16722.40788696535
97905,9424.165320242533
101142,15310.88004115221
103274,6587.443886656305
88302,12654.186319707485
76533,11025.178377301143
80080,31197.798114874473
105134,12141.600180696423
100792,7957.007646467025
81408,18316.581005907316
80410,21272.938022400052
86355,12867.463753466542
100954,7001.813427137683
93799,18426.903598906065
100810,8121.65539420438
80379,17514.161826457872
107796,20935.580095681093
94046,15954.139653120896
99931,17346.08978951437
85890,2950.8987421335837
106923,13640.650379564322
98319,12492.430788946216
94853,17727.531357885076
91069,49163.83981814625
78790,7392.239968965452
92697,24045.13643708734
94765,31210.69312020875
102150,9085.964698277807
105768,5569.89110206995
81755,31183.67948282227
96933,9992.499177102605
92136,50715.580435390264
96082,8863.667343779955
108457,15737.539907312257
95142,25002.038537943772
85688,18352.992161819184
86672,13929.09936488465
107583,10900.992681107035
93369,23609.472465305505
97637,11195.302653609608
80868,14003.213523630679
102315,7698.9467277315
108428,16759.44539425699
99478,11572.159047158222
98906,6854.20831874619
96394,9774.605536760904
106032,15212.380970437785
76121,19550.39731841654
92642,17254.336123266814
94725,19682.00994039866
84528,16068.466887454482
104492,11648.344160995402
98456,23832.97402509478
102089,9947.877658115285
105274,4622.289587388442
91436,30498.455543258995
99127,4624.7152371982
80416,21323.40449702346
83419,8211.630525645716
76209,19690.138027246823
91874,15224.202069766041
107892,12677.22480715235
86727,11314.209017373738
83096,8519.444749226403
107036,16783.70246665098
86096,9022.559372442907
89684,9831.167391547597
105301,11296.116024677496
79056,15434.956672313272
103508,15086.757707900577
102651,11805.59161022556
76605,17523.459361827357
99170,5849.420745336031
94850,14370.720190126289
78638,11954.033576254034
106031,16486.29223373544
104955,12224.205101079218
101565,9699.945215488235
105886,26899.635397829472
86499,12259.46944003031
91809,40516.519642456486
86033,9854.06471826421
90761,16417.39949642756
104168,28025.37499502164
88048,15159.16733475956
106343,30779.671149722573
96568,9424.437267791125
90082,34709.84417132309
85659,7844.353177338606
102950,11486.388157096928
96231,9981.346807035548
101781,15155.39334503719
103210,7505.819918346619
95174,4780.770688155798
105594,20931.997936166787
107809,22831.007101751904
81222,32789.417809886996
84506,19909.379355049372
83399,14346.829662550866
88318,20294.08068612041
106235,22108.361442386464
83952,12602.230671809264
103610,11839.105078123433
107273,18578.974385849942
102134,15710.034825571496
77708,27742.368719948918
99754,12785.425790390334
103372,13040.813058256086
90457,8431.712406897195
80228,12770.493520501146
105630,17834.102167716395
78448,23144.971393558328
86729,10167.325057941487
108510,13481.036394542218
79686,31284.111525298948
82677,17218.387936416133
94161,26314.596894387454
93064,14410.37102614606
103595,3729.401372723719
107257,6665.805250079403
81162,32069.321574560836
106410,9893.114050758384
97829,23040.988441268804
92429,20012.849168923218
90183,16520.920519169493
83816,17764.290961197075
88613,9598.543842622823
90025,6988.795112669185
89004,6931.918151364765
107997,18318.735808590074
97458,15437.67563411073
82737,9880.226203521195
101739,11459.577929128098
86766,14639.267358767724
77098,15330.488452033309
93598,17310.329729269502
108115,11769.665539355801
107653,30049.572782239356
94706,21036.380659523824
105344,10219.797665112717
87516,7571.7245979742565
98959,6993.61836755141
104557,9393.354083619555
99137,6313.217274329724
102126,5703.343668321516
104455,13351.906441785084
104278,11613.407805443141
80331,23151.78213320826
90087,18831.14916841122
93700,33651.35964112051
108517,13923.07654600846
97373,18973.25719926673
83394,20028.957672920507
100989,10420.620818332582
82625,15425.58554404908
93457,11443.989610294222
103186,9887.676069469833
85133,11920.051028702468
101198,6884.8709768435765
102095,7505.819918346619
99684,5859.881181777359
83595,13993.315025717051
76960,37490.92769900382
103015,7588.363352346621
91987,51830.581508214615
78825,25764.351522749675
87668,18371.170431583785
84826,19068.76796754075
92309,10455.04489065836
90969,15351.701883279748
92987,15851.355318029178
105317,17288.407134346475
93606,23352.740195839073
95536,35138.999836140596
92839,15637.223562560657
102133,10302.671705939974
105225,19037.671290793238
85627,9908.990751852472
79013,50225.93860574856
92008,29707.49668467067
80983,23733.420119253962
106475,26046.932122306018
99357,13184.318509594685
79246,24891.30273318672
83200,7726.954652047272
79656,26990.727629494733
99031,24825.181590261956
82780,16510.674461674756
88310,11219.251925362069
98056,26183.14211350414
77289,18063.190122802116
105503,15497.235500702487
79198,33117.27035691836
93429,24446.00966775021
97172,12274.455908930271
105958,20640.997673784528
103180,2706.5509290947202
85825,9204.891337768475
81725,32996.62595782794
86590,14648.58847138533
92366,22619.208501383095
80589,74925.2097762121
95454,19171.85723567027
104525,7615.798081872541
107646,6611.774908898212
99226,8917.403779176546
77273,20741.247699261625
99642,12215.965598515559
91195,18862.042602646685
98641,23050.159099884935
107724,23693.74035525661
89646,27351.09223335817
85873,14529.609828166955
81468,33827.57082610817
97648,7476.2892947285645
85573,11216.22259060409
102394,3988.0202280534345
77771,21647.387617103184
88122,13753.878452930689
85640,13986.6006874299
97560,6012.904690738906
100584,5889.014712962542
97404,13336.710908579227
82414,10491.693432073977
84609,11534.81780034492
100462,10034.365865725642
91573,15633.748999556607
94716,19453.45539681563
107560,26258.905712162323
79627,21660.52807745962
83025,13924.95066268087
91918,9126.598674812205
87344,13401.586026575089
91683,28824.743292821215
77259,13914.119364915943
95887,21350.961841556073
96802,15376.620539670661
103965,6075.636341869371
78110,11131.989929956364
99144,9653.102605048864
86801,11184.250635962639
88181,7808.422888107206
88262,19529.28939203669
85846,19862.864661202057
97896,14326.991035139119
92462,56232.48033530435
99668,20031.89179528625
89440,8148.207690925627
82867,26150.6709229062
85857,11480.156917191296
79583,30741.84529563501
103090,8876.890235589237
104184,30106.95148656058
100921,10928.728405237429
83124,14176.291673387246
93320,22780.54555263907
81985,33131.49342661775
89618,17361.097798503095
90086,8129.231696293754
80855,26082.904666125643
105114,10189.81990163014
92497,21522.30005625148
89049,9670.98552585674
88584,21074.207212675516
88019,15762.188724021136
80119,22123.179398715874
84879,20190.22177402612
99293,11636.405605870359
82515,15270.90659294879
97600,18419.198972013684
103737,14535.317802008456
102387,15810.595875462568
80404,35911.5705433171
105785,43154.158053316365
76379,21032.688912532827
100569,14012.92091127128
101553,10718.672800236793
105803,9928.109707599795
89151,9361.743841757087
102960,7139.554742101826
103094,7471.3157779346375
92146,10324.342925413375
97802,11272.013639938603
102939,11040.785240856403
101492,11150.282349902167
84207,9390.705610531526
86995,11884.477194843086
90024,22344.39967990519
87536,9325.398483730463
103571,8377.801739189856
87529,11216.54024145576
96756,20304.45524765006
92326,18261.30180590136
97609,6929.301006502218
75984,16239.170257741323
80733,34922.72058264306
77150,9985.51113932392
102496,7204.053175368446
86666,16448.97777252277
78836,11857.14011071858
82444,10117.863691138486
104414,20514.596735051186
98585,7779.720119413504
85191,6298.2045241632195
88013,14471.697955311603
78962,19911.046908525735
101510,15201.17475738977
103438,11418.799066105448
99474,11783.103615175289
87180,18264.842071788855
82983,24465.27527650507
87503,9466.203235294312
90410,20160.350032654536
98416,8334.616336090843
104117,11049.620292653362
84900,7062.292506571579
88565,19246.668568166726
93797,20145.493212984515
108131,44873.196212677714
78848,17048.351144706736
88151,12900.528083560577
85081,10803.48201237921
78163,9685.331592361885
106580,12979.228587112986
104638,10458.328107516061
103696,12133.246254172254
99589,6837.125013732803
79699,17943.390865304646
95129,24841.134483720525
102173,13491.052166057425
92811,21440.037853390946
84986,8052.66562624703
84162,16494.73505400928
77340,23623.103241794615
79685,34527.86797984635
81423,31424.56378066394
93745,18092.86589586796
101399,10089.843068122582
91611,21351.6466465307
76973,12400.15797205839
83734,19097.713786632587
79526,26371.001918195772
80087,8920.130194797619
102186,15419.706692001506
77640,28907.230782323597
105138,16591.264653882878
79146,29240.06226657219
91713,13339.373834089185
104230,25362.89035436333
101896,6079.729678425137
107587,29819.212073305374
76461,32049.192082788384
95587,25452.493003853306
96185,11230.92873911149
103181,9808.1286870405
107643,29547.800607820092
88948,9861.60540741346
97565,24500.39365553057
83821,11933.01520675671
103781,7561.336457015837
81677,52356.41498399908
107975,18524.09321360645
84106,10354.565642797335
93060,33562.143194027216
81078,32534.672204234714
106748,19411.952935330082
79264,40845.226014821754
84098,10096.715081929986
87838,22600.289834018356
102957,13797.577066010737
89353,11587.372369995524
85492,11717.848971794741
107957,26508.18689258688
89938,13231.252836377791
90260,11082.735695987047
89571,11243.360606412825
106963,10578.119200666266
97266,12207.959577623524
80413,12476.275657749706
86028,10442.165952160338
93343,30390.40158330046
105232,7744.570822329378
107755,10181.209201575206
107326,12087.723350715116
107571,9689.085628658093
100062,8970.462946846232
91477,26812.32292156706
104598,9164.035676604184
98614,8888.589640577911
104034,28165.23150352149
98446,8870.607825783809
103023,6062.878763748843
91550,19985.975031635542
81211,17840.647137481952
90619,10866.406815874245
91525,36937.213374630395
104422,22369.956761878344
93555,18072.255169399294
88346,10183.711171247523
102067,6829.393181709635
107051,19389.390402399247
89642,16811.318328942405
83492,15457.94195696139
99169,13709.940469838715
85964,9541.833007053085
85179,12220.552253383354
100677,2852.342501501828
85529,12718.655320045695
86198,12480.24772818274
99532,6742.207055016413
80443,22764.82996964479
93248,24104.118787110343
86958,13287.139586012547
77942,26616.455213940102
88568,16061.985214482882
81730,55818.13460800521
98884,8737.99189874873
82267,15925.767693070695
88088,11462.218353298735
89578,19988.462421235345
83568,27754.58751586159
85083,8351.980724483436
79222,20025.552387374246
82543,11051.286348287758
82611,2406.845155545615
99708,18644.469185464233
97699,6457.083962505304
91371,24133.81758922041
101757,5988.250565359066
104417,11598.817882235997
99830,9680.676047792418
88477,16890.651720180373
104614,14793.312033982538
76098,28332.25961053813
92143,17301.68227219776
81343,28134.50746030505
77212,29207.60337865403
78262,50452.137311310464
95097,26038.1812558163
84440,10540.033308981407
96942,20065.2545861837
101584,9395.487461196675
77202,8587.301969181373
85173,19264.387297823923
82953,16038.02212390059
81151,33378.11031626953
104377,16030.274694752788
86697,2801.336483164808
96650,12011.560464207643
77031,19405.95204093941
82235,52849.280192936894
91333,14811.952454061953
103393,13109.559631323356
76254,16893.752967646647
101592,13477.270520621658
101865,9793.938069293828
90819,14504.03640422776
76941,10731.363888956375
91974,16155.699499795792
102930,13380.330528931367
96310,20402.73724008744
77912,26725.723744848394
108119,13962.412291031256
93631,15621.72124937691
76592,18053.072633498992
94282,34315.092732783974
77715,24533.774777965995
93747,19072.842468566807
94560,28033.316690365653
90108,15612.95755093175
102128,7068.068708468363
85820,15790.578885849403
79541,11740.095807464055
102901,14705.78915229802
102761,10390.391074078252
91536,19446.868894189858
82089,12848.948246564903
108489,9036.895900655201
98409,7405.678881728287
79151,13772.872538162317
95549,19645.551869427778
85472,7294.407407552873
82072,23139.986684926575
99386,12966.411614221743
92932,32534.23444776022
86525,18640.1586845907
99013,9444.15355056504
99472,6704.665111268117
89967,8310.529311046628
106604,25380.959278611914
91608,14838.48512355225
82249,39991.44778503462
85445,18267.754294064907
106905,21938.48823929398
89122,15885.48457531933
87056,15633.913170410833
98254,7433.051445613354
81697,30649.309263369538
102542,10452.507095142195
86804,11137.715694528482
92626,38267.395367814235
76602,45390.533714837395
87943,12084.709002487796
95438,17792.69442091268
95823,17386.470924126166
82403,78288.4291599985
79347,25595.15318612697
99419,14016.630220483094
88561,8814.440571017134
104572,4890.856191786566
108507,23891.852352492406
97900,7295.473200878384
89733,14910.941573723483
86211,7070.43271172177
96713,15982.158034095795
107123,15776.523660597957
78086,17725.683553318864
100576,15261.078905940534
102589,17090.77497569386
104477,27831.840592078635
103487,13977.000150491094
79189,18956.12631485418
89098,16654.21699984342
79787,30975.32220103969
84294,17255.210830825905
79128,16520.866427135108
90269,8470.434099588902
78251,22942.69239012006
80572,15487.248691118195
75986,46972.1379706989
77619,33523.18635214733
105025,15769.452364364963
93882,24706.369046531723
78338,22712.692796313968
80621,27475.459585959226
103601,5170.2123028293945
88170,16430.347956009926
102889,13864.814036882328
76347,23134.147462036395
106080,6292.819060013105
98834,20820.777564844408
76498,32872.85259174149
85104,8681.125615789586
87534,10917.145725574424
89883,4992.908327678134
88738,4179.4347885140805
99252,20435.997843303903
102696,10834.189643221618
95948,20199.166775725153
105438,28014.099532049753
103463,11014.656897761832
100261,9835.25824878643
95315,19932.34040561127
104172,21989.375938703535
76502,33387.43228631191
91569,25818.04740668231
96071,13932.322065925304
105936,15884.657542990686
97089,16764.82811103025
85434,15854.578038612492
88446,10668.632757217234
93751,25263.434834752166
105399,14128.693533498972
88174,33153.77060774894
88555,10341.44038880585
102346,12906.612863805236
87144,10672.223548865999
101990,10503.199537022174
102931,10066.784969059321
108317,11991.361632600974
87976,9405.40391047764
97988,10640.701200840456
101822,10291.489710260714
82536,14614.267843293028
80676,32792.985604943024
91255,9612.166592619764
94069,15528.36718938076
91894,19821.549791839618
108147,13326.499018288265
76928,23914.068100773755
82648,13800.168197949377
79426,15020.834962104942
101936,13463.82554684268
107567,21998.2469844662
88776,11052.95648849058
91113,22647.62565347999
84568,19432.95584403504
78044,24821.071901880616
76929,44088.27541747341
102526,6104.0165440571745
92515,9811.514727174923
90009,7519.217789812142
82978,7904.15918485873
104437,15272.547707647083
101451,12669.610166658911
76325,32091.17113005786
89491,7910.832181570832
98435,13952.872913627998
92282,17649.740447172677
82209,18324.172625008447
88705,14274.749553134967
104679,8192.695285966258
84919,7778.145912148667
89998,18831.14916841122
103520,6252.826370396186
106857,10970.827295802006
108499,13248.42465541709
78893,38685.52539679971
100860,10835.68242176427
91684,11306.506992284329
80617,23049.608741471595
76634,35027.952942672906
92055,20629.645271351153
83030,2329.7222403345604
86154,7221.821747005113
96022,19397.039565370338
100336,18193.29883669219
92663,14824.104443290962
102884,10273.286384056435
80763,29659.775590306468
78329,10484.814950210974
87867,13644.411872398301
104353,26141.235698047072
94284,14196.813372011544
107996,20261.28524143455
95784,22763.338427054267
101298,16631.2579629392
95995,18232.79161814217
102718,6546.23227680383
93623,29723.350170628168
89585,16889.84739090536
77533,22439.612775611
107550,15076.288836479865
87760,15689.787604624607
86299,3298.610749223071
83152,11816.744211938367
91322,26328.63646343055
91286,5744.092204357855
89231,16293.305701705443
80082,11439.447962149115
105518,9756.39934323592
100224,12074.205862312388
97261,11817.359492947544
99651,28236.932972529645
76487,10474.724397426002
76867,25149.018515315896
84574,11632.224223704752
92378,37937.0549489982
103934,10592.00757187139
108445,9036.895900655201
76872,20979.004167252642
76180,46092.41012364162
106906,9715.619414186376
76431,17575.01925764251
102603,10587.654859232936
78403,15075.696176998117
100799,7423.254090903435
104755,15156.45271685489
89602,23452.283869955616
101656,7514.420251964245
79362,16032.71880912466
102262,14554.326890802437
79884,15980.6645761301
97740,31308.2008917422
101264,7669.844990952488
76525,12749.025938561084
101988,17699.81454343225
102819,20179.925363120947
95501,20525.83713810609
82890,13338.154547984344
94413,14007.296571404278
77898,28611.048002173327
92991,24380.283154928067
82055,12046.487939526416
100865,12612.314436114204
107388,13410.321420313556
94252,23827.84602633543
105973,7947.401185131573
100976,16071.260712730576
106212,26078.734906275135
76078,8468.702457256577
79014,17409.013203792998
104787,10284.363335913164
92342,22203.71810869887
86334,7988.458727194759
94066,12012.984327510392
76062,10076.829840946577
99371,14937.401599138451
91498,18450.057233939784
86406,18232.237170492743
95531,31447.06766745146
93274,10186.758266042683
100190,15818.116344113794
90424,20701.756792175987
99089,12479.386909908737
94306,15243.584516207811
88209,7993.1554776481
90029,8745.937981216966
103397,8972.839245185829
82341,21175.932466748927
92358,26362.022333127134
100389,11389.389167176278
104886,24262.33856284395
98404,10004.795103189683
85100,16521.690462077517
84878,19172.118600336566
78693,31573.096737158132
91992,59414.81329712209
105754,8568.442260206673
89594,16455.891192590567
84756,5636.068269568973
91795,75888.33962718662
108235,11305.53330961255
95474,22372.650326643674
103485,8905.320316921097
107700,9692.668199146889
86613,13357.344056690472
85741,8296.016450315377
89372,10860.617949109466
79735,40589.29354745452
76186,14093.5605561772
93135,28356.94262992364
108107,7220.776659689447
95853,27627.85705274517
106625,24974.36063943654
94400,17448.487110795075
84893,13240.915740251336
97777,25450.01488276608
82127,36879.7403729951
102116,15636.265460445167
84330,21411.991353877194
105251,21134.309130303096
104115,9741.049297891303
93746,13804.367130943465
104982,18663.178397002037
105988,9630.436112692081
102562,3371.6007060745965
100822,11698.366496395975
104409,23965.893515000887
80140,15707.726994915676
103317,9669.8379850912
96145,10058.632309854007
105732,25734.242248550374
100943,11640.817681416855
92940,14938.822886866656
108400,3087.842332364633
108512,12415.714269241662
92473,43228.769736657116
99001,9770.02187309469
81082,29735.33164889691
108460,13500.787593477846
108169,11986.314311051046
106864,19675.489305004245
84685,20450.257671641302
77736,29101.626350092443
94232,24703.560120097318
89520,4024.368044400098
104514,18398.74562713535
87509,12026.850117442276
102802,10094.75781286918
91042,27837.998655154188
79197,30923.426227279204
76499,15236.769303510486
100082,9457.689768019341
91224,23955.400502596294
95303,16712.14670359334
96830,13430.288604875737
88064,13857.298975507236
81628,11144.70100224134
84857,8361.754391614519
82032,21649.646312432298
93316,23675.898091729265
104993,20448.562878184366
82315,23242.624490120856
95990,29053.19953300051
89970,12142.269496520752
93407,20266.848709987567
84755,14012.691880573433
84684,16401.198463552155
79353,37413.286643126165
79649,52233.1652824279
81749,26759.252660248676
107002,6947.192483614579
82546,18517.025570368656
97536,15223.06615045469
77580,31917.935554228676
95967,23784.087803709965
108150,6516.170754963459
98992,8264.383646942655
108536,10314.833218878335
102358,6329.320797300493
91856,26633.89125970191
93148,25147.708964691752
84957,14786.997335913138
95413,13339.373834089185
102404,11902.415612572835
91495,19683.219041083317
77953,24724.410100604477
87398,9125.663453745248
95955,17875.512008425823
93290,15566.146226663956
88128,9816.31241387075
88830,19352.616575488035
83397,12139.12743641407
81599,32832.23602742633
106055,6816.3930543000715
77655,19156.958395047364
92106,25366.369993998233
96536,12199.112585564502
104575,15366.425838237747
105513,7979.631109820902
92308,17379.76387555279
82419,15079.908913100384
96473,12495.098767951016
76961,29919.02855757331
104060,39112.811911186356
91056,22590.876793767457
87618,17165.22609809285
95253,26972.387624162147
96135,9497.946015555386
98015,7769.620409972039
87695,11170.894841232317
79066,15236.769303510486
95512,37207.21622113478
89234,17483.238321987526
89971,10851.419813210585
103750,11284.566932920538
94180,31471.81252440332
107947,20423.07818511047
93455,69490.00734124842
86369,16330.049972255854
78817,20051.581288147958
85051,7519.05796292952
79315,65573.40395849632
92395,25891.920760133766
82513,14156.00006876231
107728,7316.2699849941155
90261,12192.800740656487
101064,13797.577066010737
79329,27071.09438211399
88998,11365.009468659207
102002,9566.649372703425
87718,10536.852808147833
87774,20255.44809511481
105214,12539.933332471266
103055,9535.701355649639
103543,14626.61567594288
104548,6554.944283539393
90387,9428.00047590951
83786,17608.404807129664
108102,14226.752731034478
101455,9717.136783646098
100577,16515.304763918182
97483,6837.899675877414
103056,11392.431088579087
78401,10843.87363510641
97400,10596.286629014638
97703,13008.85795763964
101311,9535.570906891662
87912,10777.930014603044
97168,9416.694366428155
100833,15443.021292099003
93043,26273.028199811844
80772,22839.07410449423
99794,5672.771713350282
78326,10129.573954329499
98710,9414.679510300157
92351,19703.161589578383
87356,6058.603530131473
96926,32479.83945753693
100570,8134.163171305381
95109,21509.58922324915
85050,7843.79199924197
84046,20497.268979519733
101466,14786.478971407052
90832,17552.182342845994
93397,33215.218980755475
107778,14995.99079744172
106710,22941.59027742807
83464,9115.982848098074
93622,16011.931966195281
88744,17193.394411818692
107378,22470.65276896903
83032,13595.816489379444
89480,38433.62638061467
92634,25697.171122131957
81057,12413.373359141995
102633,19709.773472623183
101794,9870.256231005433
78355,12937.308985044085
76544,52358.43000968987
77408,13060.252298455975
104451,31926.289183593286
89254,17235.501448670373
85412,17402.471086514393
97709,9268.948399466846
105230,24203.20626815677
87691,11895.133772957028
90722,9820.166407403032
86679,14515.899984198144
81418,30561.5706460947
76980,16561.417451380756
105319,14125.945187541116
80516,20470.02514939246
88960,9573.154329187782
82982,12400.511071284129
105004,22518.59860802893
78037,37941.105145179485
105901,20772.554781388273
77109,15221.013468647503
85855,11502.337393363556
107355,29934.059031887817
106193,11231.132619497836
97700,21958.807586587274
86150,10078.910012541828
76267,34080.02687564151
102096,14800.179511430299
102561,14203.827122233417
101137,12111.813190517027
92050,83807.18284855394
103878,9495.884901696714
94760,23530.93433867171
102678,10391.33644580584
79971,32028.173565816538
85739,15689.787604624607
79714,20873.395624296252
87673,17235.501448670373
107304,20062.467034546196
78692,30341.310757684172
107274,9392.350769766306
88686,6092.548692938018
90843,12380.565910843761
97507,8090.610439824235
92343,36984.91694336514
78781,12696.147526031751
84990,21268.658518941204
92913,37203.03158454855
92079,41054.12366018063
98507,8330.954508899897
97152,22449.619773874085
78442,29412.10871664602
79711,15322.034257954245
96643,10286.32978552092
105000,7565.649925402375
89454,5487.581875109589
102265,15710.034825571496
94961,29301.8024480556
76335,17852.70421054857
82897,10535.47147825782
94061,24348.940497862943
90661,7581.594312605944
78112,28128.62023203421
95596,18794.97902342383
94740,24083.57728590219
83287,4740.572519672977
96668,13982.946564865417
101834,17880.35179382385
77285,32338.78978646705
102545,14408.248354474297
96287,18988.52789735321
82156,78001.45982905552
87276,11776.531242088162
77564,17938.114081220065
105991,7744.470317743143
107570,22246.14871636055
94519,28490.03738630022
78369,35039.213100762
92674,10586.01652563001
90532,20705.207914377766
85489,7248.076781414948
103660,10010.9970673411
81206,16919.54066333881
106764,26422.343052737884
97425,13029.96025631098
96393,21918.966479406165
84960,10496.37133232184
78993,34692.63237291619
85876,14699.696635573027
103936,11551.356801912727
84201,5369.652723653187
105098,28045.204219730924
85078,13878.187957241867
89886,15242.21703379108
81268,39663.17820766798
79945,16606.157631507474
97727,8882.259570422151
90636,7177.355020561158
80106,10759.081802529496
76947,14020.442958974725
83264,15689.787604624607
101532,6968.062059654312
91558,27726.897852729086
93311,14756.907352696391
101967,6946.790274073566
85725,6257.388799968971
104684,22131.928660946105
89747,13540.431087069832
105165,17916.864994522784
104814,16118.094467483514
101904,8561.70938190427
99238,12392.680166376902
80989,28518.308376748602
93575,10483.048334768102
101536,10095.399434491284
86847,8532.209363809681
99847,9769.958397351695
89212,6839.165811028442
93997,24030.41933846926
93647,26812.026938093277
87846,11545.158013482333
93737,24757.070464785193
77906,26319.433660711253
80648,36476.863651798645
102925,6954.501349704935
103709,13256.600526165474
86195,13560.978903096277
76865,12183.793953438531
83260,17236.434812188403
97233,24298.75263688161
104618,22936.24065154912
83879,7562.570806275746
104804,8328.56178578288
100551,10019.901494605392
90524,20597.55798759109
99669,20218.736052232176
102658,8193.436856472063
101398,6263.351298740123
103286,11439.875969548877
94823,22885.620883335265
83630,11821.437256248191
86079,6897.6055842968
102145,7934.529121444518
94270,38197.07270921676
105688,28017.536298428335
87335,18074.079378573424
89805,13952.021445223672
95093,25810.668826550973
76699,18113.66558762222
83187,18046.232476534
84218,6581.507996182565
94153,14259.905419355466
91849,15746.958931872105
96202,14157.658756211025
90172,12709.65147440014
98759,9204.861642773569
86718,7783.431457796067
103349,9664.592049496163
93293,48641.00133786552
94622,37481.89423650211
93181,22140.558094523592
104870,12118.3987073615
83247,8803.070857853232
87566,9367.844420460688
77362,21113.9041808508
79537,28831.279720717095
85049,13885.689162673105
81402,16492.20035163033
108341,14785.739807316046
92193,26583.88277024442
100184,16102.754066263433
106252,8845.476893542145
98047,11835.376260298237
105416,9912.775388370601
90872,29807.04829834119
100235,9813.299747637366
91485,20045.381876591066
90534,22157.1749154566
77841,16098.112458072264
105730,11957.260183211478
84175,12720.04392216372
103964,8612.045357473991
105970,38770.9084105451
99843,7230.603648222579
102012,10853.017727462367
76779,26781.71424857219
80778,22706.905732377378
106638,15085.996830036202
88233,14571.239683489597
102657,23312.552177328398
107180,29343.843321525077
108468,16236.207591689996
86399,10974.094397468863
85128,22656.317001987973
99868,5229.961168453959
100413,11699.099269614957
91125,22783.500704768376
80467,39126.72687442998
78605,12151.496286989735
90259,14548.034530350053
106759,10820.81028935608
101253,8800.34809112525
100980,7558.507520956703
83805,10403.73349217522
96745,7640.979008546903
90242,15855.593120970598
76118,25866.525076254955
98824,7552.188106493221
78006,21777.30982543453
100924,13203.270629267701
77138,103750.934066101
87665,11132.434146805246
78023,15653.574356579316
96117,21488.098811497184
86789,8672.748112018417
88649,16011.100959234083
96792,9055.949464171246
79403,31230.14506046775
100547,6507.545778300505
106529,13000.96171184703
83042,10917.145725574424
80334,18527.44815400273
86589,7036.4030365744065
101811,11937.68447889845
94128,19016.6546905685
95868,6562.051217881522
76244,30067.17139473126
88957,19412.41083213068
108503,17966.09062990688
84409,8755.42672375112
104962,26305.588470314207
105121,8374.36932066332
94389,13194.126908604887
105602,14895.892436128683
88289,9283.655578802955
108168,16760.59419374227
84978,19644.831783258036
108011,11470.84509615275
79783,16995.191079395958
89892,23398.450779530376
91748,23899.131002597456
105942,12693.144664909418
106893,17027.724801351455
85969,11349.429040779096
105403,14321.679360807337
80319,29751.21700486326
103010,4701.756892500523
76518,27422.589955811796
95598,14890.216378481793
101287,14785.831053242664
84475,18647.071508009445
87686,14670.736897665764
91202,23713.091406054915
85296,16744.87683256958
89710,10421.877298254847
108409,13658.634740813352
104660,12033.932893427576
91493,15726.53097212827
103318,9535.570906891662
83537,10848.86457414614
93277,19468.733161485
91290,15979.112422159154
107127,12266.55344389008
87752,11154.184504478291
82613,15527.274158484206
104508,9065.387996775873
100051,9804.52971845847
84203,16988.007506724396
88624,12942.031439395198
99483,7291.13915012105
96635,30041.134329103243
78956,15594.87731176627
105839,22812.200828144847
92487,19646.01321175025
89382,10679.343191799562
100337,7385.7299633469465
78640,42624.143003613885
99495,7151.487035483686
95580,46235.86714814079
85347,16941.997361667643
100050,12719.658105181481
97749,11990.527638828851
76587,30503.977756744625
95918,32628.3507259202
93823,35655.52914573366
80470,22536.00671198704
95399,44218.4784122395
101483,8181.262203501338
94776,25379.199836746648
97442,6122.744716424756
79267,27236.052947891923
82710,12722.900453396913
77473,19585.64725544087
105371,13598.937197251791
84991,13968.190388672865
93878,24397.922702283035
107126,17623.605385876137
90996,5192.484227669227
87095,10111.886760082545
80205,20235.088392959882
100043,10025.496414226893
84793,16003.414731507291
80403,12442.657439813373
88018,13381.869016211578
92747,26987.743736317218
104894,13817.052200278802
108319,31267.935334814178
99481,28004.29550863518
98270,10634.70777795081
88155,18312.432572342317
84565,18911.790539488793
80779,48415.90320265695
105684,20752.206515675738
106855,14785.586720516289
103908,7879.317790062897
100595,10783.102347876376
89822,19575.31508525777
100401,10946.913528600353
101037,9524.751337066475
96350,17806.487712125883
104191,17902.978885467935
87891,11753.609428526352
97744,17208.782854260287
105757,22466.46650273645
98966,13482.63262727039
91869,4627.076702131421
81292,20627.644924023734
108284,24599.057806951507
83092,11643.155792271142
78394,21063.64241163836
97961,12557.304043220594
77723,35588.08278141234
87317,8603.289225677832
95065,44446.700621990596
88227,9771.631528767184
108087,9918.592971458465
76311,11023.811719777848
100764,8214.359259014764
87828,13204.112459106107
77314,15442.05014783552
107860,12442.670928506828
100339,6245.580675005218
106165,5925.189556681288
104443,12484.736267899692
79613,31552.772892812976
92686,18781.501659696776
97493,17741.29744717652
78977,31538.851922650414
82933,14124.048047784258
80063,23334.216453483565
92287,23629.09632654399
103664,11429.330051781517
102185,17005.649085362744
94679,16262.201115062575
99024,8594.44553960997
99366,9101.50455515384
96554,11095.321965773293
95906,23899.131002597456
85623,11502.337393363556
84336,17481.554131146328
96560,14516.447432050485
107448,8273.712860276268
104118,18495.380878958647
88391,11385.45372626038
100327,15170.800384651218
89323,6609.843261667749
106925,23656.2337747376
98542,9076.29734427762
93996,23497.465548605232
85103,11302.971134294408
76033,25204.581878950106
77213,21294.866421628285
98117,22397.091485845332
81109,24608.653956301157
78316,23143.775977027442
91021,24885.990672389966
78093,12312.101739710772
77497,13720.895466579292
83590,12868.69121534476
76126,22117.30914774262
90509,3697.496894412217
76454,21353.69362565619
82095,36335.43949795796
88625,15143.4698089761
100031,7248.673061921012
99458,8477.2061829737
88085,10647.369137015254
91823,20660.00489430398
77735,27320.306209604252
91799,7864.299577800838
91480,7806.7273692235585
84915,13822.83340921505
83688,11057.69295647301
102334,8843.81882753684
97765,10881.515970590899
99836,13358.774753865953
98569,17785.257806677346
105050,23627.397470821354
80826,16809.662475797595
78684,12167.817741689778
99123,8939.809228808474
96507,11469.032096451407
104742,22487.973086075628
93690,18496.36680710328
107606,14650.402971349182
87019,18328.87430495647
100735,9561.147705143965
101685,6679.2269694443685
82792,12215.906200996702
100036,7900.722072118589
102607,7492.853183962455
97772,16414.413873048023
96207,18114.447251566082
100697,7804.465386946264
96481,21680.07460153962
89054,16295.79349876526
97847,21756.88127801077
87528,10496.37133232184
97145,6070.051353493313
95223,38509.21080683622
104325,13317.20951143718
93743,16958.513999916522
81914,8701.407805145225
79040,25203.308696415093
107030,15635.968836067774
106244,29353.482524011786
79602,34887.30541406291
107684,7006.346327931781
105346,22887.69666683617
100000,15086.757707900577
79001,10536.334234493976
78942,26949.360245474323
87637,10787.279730178961
102257,9747.022508189833
103502,8320.986165033673
84619,5464.49148017988
91129,22179.162592753
98493,13542.430280063501
107108,30511.14683750641
101158,7083.870560032967
80236,21458.193969832166
105375,13178.583140582861
93002,29165.3352941905
91619,19813.671952457647
83965,15002.561439821675
94431,41927.6835266663
104601,9254.184035161454
92698,25746.55650388282
84014,9080.249988218184
91961,27068.413329604966
77595,54262.39568018867
88848,21067.046945737842
106046,14297.959126293877
99498,9729.685536037692
98153,6830.726426547657
83157,9215.871851313068
107475,11648.344160995402
100589,14705.78915229802
81448,15608.642965918973
102638,6681.187145466119
104473,26117.37612240431
102724,5669.935212177617
99338,8668.90974771161
92431,10324.342925413375
84969,10378.010747464738
108426,4333.984548264386
103206,15818.116344113794
87345,8640.352990106374
102625,14940.889953424972
84606,12541.74784710523
99166,7781.447820221347
94408,25533.759383378892
94898,22460.547281774205
93658,32609.671790947777
98234,15047.657853519033
99725,11969.135432128947
103979,14705.78915229802
77277,21529.305651435734
84401,11916.57138293711
80006,29642.537032488788
78572,15197.063061644498
88781,11339.039386325474
78546,16526.19180140076
103829,18230.089408492116
79159,55168.99257593512
104502,11334.447021983802
95125,28473.399924507623
80804,19391.335799797034
96580,24730.338929497397
92059,16226.699132724158
100530,18485.983977367414
78079,27611.884157168653
95036,14394.287659062124
91490,19566.835404198886
103310,15636.265460445167
88853,14737.22763175687
105948,9154.796259076687
93744,21380.452542173723
108518,51624.28566604929
107733,21061.845275981184
106813,9884.882629211017
98343,15309.03779852552
83056,9237.507939047411
105721,21548.20261902737
89165,7135.882442820396
106402,12609.096959407729
77252,48355.15784373729
89194,10432.188005727563
76777,14767.243148581376
90569,13362.08932162793
93912,8858.981452411896
96848,3566.8988489074277
87355,6960.950191681232
80539,33770.026811206466
105351,14042.858534847368
108019,6000.3546858310565
91331,15981.396771214477
80814,17423.111349924708
95951,21382.42356149716
98392,9356.411557924921
99209,19462.047805720085
86085,9471.509622949607
84678,7527.144868400495
96534,13615.034300813466
93665,27479.501000271517
89832,11167.967425172363
85079,12324.236331491178
79425,13003.58739079252
96052,4459.883386131963
96599,9937.877401062118
103705,19083.203332628014
78171,30916.4197403211
92005,19741.45669801965
101323,15012.758496278135
80398,23131.724688897833
82123,21046.852820083855
90262,6265.966794803351
93300,14418.958285431718
76795,17769.724950472693
91043,23895.80328670841
97362,14181.084633907054
98969,8347.651036539437
104826,13381.087320980803
84329,6602.717238148332
97976,11976.08932554073
96904,5520.666929645513
88148,13922.777214417798
94895,14488.171121239191
91122,19658.031830631222
108145,13443.464340172486
85476,16298.42995679116
97564,12601.482155812113
107770,41233.0214105913
106947,21840.051355043455
89548,15068.726648836675
79027,18549.942599355873
96032,20210.914051137945
100133,9897.28133953952
83191,8259.458091565735
82695,12684.063410293014
79273,49016.85525706089
95667,16614.037400787056
99578,11468.553651607219
84492,11384.709194681256
92353,15761.992290825945
106435,16498.873534511436
86655,14659.466390048618
106651,12005.556324561116
90268,8424.496454386855
98311,12861.135563220934
86971,7852.150151331657
88573,14256.153538476367
93189,18254.24636751663
87244,14132.864646143802
108207,9739.49634137718
95819,32637.054579200663
105846,27659.504068264632
102372,7908.92685907623
83616,11713.774881945681
92411,24739.871949818815
90395,12688.505231258066
104613,15845.26161833194
95808,24019.814452291666
98662,12253.245627259868
86066,12436.71504832051
77454,14772.58334849638
80846,17043.067994106055
89060,7578.027269485859
91975,14250.579212957235
84011,10983.734550549438
88315,12900.528083560577
95692,28374.56938589628
98373,8572.078211707209
97283,24996.088732649245
101495,7470.462308255971
81770,13138.89338280146
87458,15939.83223243437
102710,16125.543731269925
81205,31428.27788718888
97440,13569.853612739997
82618,6895.311857409445
104838,7704.565520560009
103606,13335.2950544658
91507,69255.32706441691
81463,17254.23108563444
76741,37671.88603178999
94422,17053.318800916244
99543,8834.846299365478
104044,19565.49708241747
83284,10339.223547211062
100834,15160.870817393505
108440,10657.157635156656
96881,7365.641885509792
103925,8938.344321198947
102881,14459.513048674104
78690,22335.404107735525
78052,26569.555833036746
103938,12142.402221815399
101271,8759.059855837499
76924,20179.28338171947
100415,12154.947146080785
78455,21490.30338962217
102811,11239.890263424157
85154,14089.27681444302
103761,7787.239292931501
77732,17600.59006811814
85957,15689.787604624607
96779,24109.8059238123
99061,12635.815724599071
106028,20180.56840565737
85889,21726.02665154942
97539,8399.483241294094
100890,14810.453800637439
96058,15795.884484267619
80216,18122.105569541367
93045,20670.517314743567
95789,15609.345851330732
89368,10721.987821786399
80917,25564.24410833814
93323,25896.13119647292
103669,15413.775317791307
81561,20792.262620373654
92214,29276.72904492715
86368,13709.17068257696
95070,17753.691352425525
80730,19798.278197384912
105647,18060.055293361682
104707,27426.87333397355
80353,20657.829319690667
98677,30049.140137214126
89445,9257.876155789976
98332,8200.406278758715
95929,9864.19006792985
88970,17843.02759097767
81272,20366.02601494583
77963,15795.410923099616
88285,17931.368557574446
88924,12330.844283039442
93562,28532.242406517526
89463,6004.355414519018
105407,13808.763821201559
80944,36090.27008351528
108099,25326.060559330836
89199,7100.7377745190215
82756,14688.098474963734
79573,16591.793436270083
98847,10603.871561702468
100966,7487.122410974077
108500,24971.98942094584
103830,11855.834891911312
84043,9876.345684226528
84550,11612.032584506795
83946,8346.721439083136
86287,10252.876441753364
77598,17586.57155894411
92893,16432.621929455712
106936,16079.01324440549
101123,9753.392333796271
83943,9876.25705520514
89197,12381.250542735668
80185,50374.99044397447
82429,16318.740669122453
95864,19267.731032066742
100750,15078.166538962658
85497,6577.240223139928
99469,16388.849891034948
87667,7946.663917969596
78681,51933.89433110867
106579,15404.10520479257
97388,8495.046880997601
82487,11216.54024145576
80635,24838.27571122349
96378,9170.407757716499
77827,29775.06738999156
79045,33439.193431152584
95229,18739.85237180455
95387,14010.953802561475
101754,7102.858540658976
90728,8352.77694904424
77618,29084.309612283552
79390,38771.871448808655
79449,17401.232965534295
107826,21789.208754389205
87026,13276.352475145513
77765,19589.636060583667
89691,15135.749184825734
91087,15166.742719701895
79770,37030.8807345058
79341,34826.701771947104
87532,14665.124307671911
104082,8714.028296231832
83169,7375.972857979495
107978,25720.689543970715
97466,10639.299397990078
98381,19494.070789605576
87614,13779.762139217337
84768,11978.775787457254
103605,6450.378470304452
107420,10149.477803134745
76099,43552.26845265388
81932,11213.07795265408
96233,10372.79946014699
103484,9261.228506924788
89608,14560.938453210261
91316,19319.096978997863
80424,11632.959448690206
83120,9872.623480738048
95888,21761.725612468344
103279,12149.189070486891
76800,12596.33015001085
102188,13736.223362757733
100147,5647.452897191563
107959,21915.916349041974
93341,16311.605768888845
87446,13113.709321197546
103554,8024.711665915118
83756,6362.511564036218
86353,9416.577573760715
107874,21988.22146025433
78416,16900.47021525346
100911,12368.025385211145
86514,11147.297952794343
92702,30841.929369194364
76787,19592.05675521079
98523,23698.98256333228
88972,18255.74136347539
87370,15537.959112226037
107060,9733.271806590425
108186,12908.388846844704
90126,16055.078772310419
103874,6156.78126745539
88271,10941.818579553468
81752,16002.958491994143
78089,48180.89240687761
102383,13697.984034846042
76766,33029.33955402772
86120,11007.144591907163
82871,20276.34333873672
78647,30047.421966618065
92451,16082.873719637078
91743,22219.09548362356
96582,12076.582351322353
79729,29410.059530110386
78864,25287.554896098078
94728,21282.27957250846
90355,7869.934886671008
103777,15170.800384651218
96076,5105.758739011051
79201,28375.09792053733
106707,15476.738657864738
83836,10580.105159149845
82332,32779.47702420236
106545,31501.98028006661
107268,25647.023282577906
105459,7512.8630824504935
99683,14261.87388106484
98385,15642.994507541207
103402,9346.434726730255
89402,13124.723498082556
87077,6856.172294706083
94222,21878.621604087974
89919,6623.318973479006
80585,34431.17981810909
102406,4680.9801424853
95002,13995.368335172816
78216,18963.764663857466
81346,30356.26639790341
78309,19401.531841366417
93307,23629.09632654399
87233,3790.211031022485
77093,9136.142125666605
86762,7150.194196730293
94561,14929.954304514802
76392,74946.15584594173
76895,27808.511856078316
85419,14785.737696646398
101026,15195.601352871703
102584,7789.353503821858
81381,29305.879803645796
81761,51767.0507940749
98099,9831.993712786581
91347,14944.802460876155
100024,8459.352756454406
97924,12392.680166376902
100492,11546.794584496232
93559,24968.951562168506
103175,13113.138038981891
98122,14417.858709288497
84362,9059.440555508605
77943,19735.637499718927
87275,11453.923712444235
79991,12347.117877459084
102700,9548.139834527155
79660,43163.600079285
105465,20148.17906827434
94354,25347.12935237359
96390,8324.830809946183
88763,35843.953182105666
87219,19162.107352977
77221,28148.26761531511
78165,11674.54205016968
95069,24283.328834665008
85157,12718.655320045695
94547,13339.373834089185
80643,15923.063512448605
97499,9024.474770523617
81957,24792.278595497588
82538,12328.048501422087
83777,28639.67613166912
87927,15301.915486380074
82916,17412.17358677348
104146,11976.457505063441
105260,9722.542366173167
85483,14229.448322187085
102412,12568.843179735617
86508,8426.982194588429
102998,11151.529276941837
94493,39515.84647310015
93422,19512.08262887484
90033,10035.81681691737
92957,21814.0832478848
96584,14130.96882721958
103170,12310.160968519951
83550,17255.287042239248
76050,12415.917280751326
99903,10160.84228948159
95255,36909.70907362256
106697,25918.213842866226
91497,30054.493135563524
97177,9338.39603278249
101863,10763.206368290885
99298,7565.975397548562
106496,6612.563512649325
98770,25073.01489910012
101801,11745.589226050983
85037,13593.62998369466
104399,18382.583054650127
83980,5104.944214605185
97825,18398.37243791663
81924,31033.82809154163
104192,9741.049297891303
87130,8487.725130694382
79364,21073.01356752012
81388,10633.741414244088
94917,17573.31648815534
102119,10421.232643007133
84135,11722.25934226451
94992,24075.136207984244
81229,23945.697605043246
79503,17590.94938582079
84540,13918.021578436494
77881,7778.200599118351
104978,2918.295547899422
107373,15974.690814982083
76208,14091.055987668353
88192,18260.206991653904
107010,47986.55076789266
93961,32731.740145806456
83957,18806.05177089347
85283,7659.576837848392
104226,7165.685367425167
79463,18653.209454843105
102587,13491.672694659419
90204,2897.951920983734
103507,11522.593815797785
94351,26645.12504157432
95181,13949.975709973896
107410,20144.09313115453
86541,18072.33901455067
106281,20069.741343949598
77315,10713.770917706612
84485,8665.909665418443
77592,11530.891497090546
104262,26444.992548974933
81260,28736.083067423526
94417,69385.36846974764
83014,13985.34078122709
78192,21486.990030619254
85838,8669.210303242991
98395,22795.227739940554
92617,23648.311366249094
107538,8971.968318546036
102588,10911.05774856778
88950,12019.834415252843
101450,8830.982409749122
96101,13348.146150321023
90567,12401.68023402384
94383,28343.161086412238
82961,3232.8917548133595
96591,9009.926774710475
77890,22728.771511864623
77801,15777.441253241906
85738,9295.454153977356
88580,22173.227109925745
88914,9740.595057311375
82206,19302.55966816707
107485,12943.668538719605
105203,24370.210435117173
82256,76655.88570340848
80181,40598.62415519636
88792,8445.142560658342
92581,18615.419253513144
101272,19596.381396075467
102359,10291.72639505482
85306,10487.839059559037
106078,19011.64996246702
82442,7533.344571246297
106313,19888.274355418027
107617,11108.457629732955
89719,18651.94513846427
91358,21030.751025843994
89676,33169.18538030745
86927,15089.122810939023
76819,27409.535032535372
96646,8503.401025591076
81533,26920.48687350348
89207,13113.709321197546
90282,6500.161865434001
94908,23228.26197125692
89890,9610.752319020467
103477,14705.78915229802
76090,19624.90828032174
84810,6021.827843611971
98323,11196.637440054757
100552,12177.787423610302
104719,10439.004338599652
90016,16964.8013543938
84632,6957.129892000559
99846,7593.404810694316
92362,28523.40868132216
81315,15178.361876663195
85084,17837.4591817397
86760,11980.946945638698
80297,22680.115816063728
93420,24982.991916184295
78563,19520.83313392229
100791,12180.429641865872
89019,9878.214085086047
101709,9815.697045525983
103419,6599.2539956081055
96092,18370.01594977376
89891,6640.138802836776
86562,12634.122550296333
95874,29800.357474517317
99343,12374.221182582134
87586,7825.913723928354
103112,8929.37539008095
82740,10312.512218001366
81595,39670.92114250803
77578,5839.542236057231
94090,15541.040452694071
102873,9261.228506924788
103258,14077.719093893036
107497,7748.1695838554915
101861,9022.630033174933
103997,23698.6506230492
79785,14789.843545386037
90250,6724.517441075854
93233,30984.473574130476
86527,12473.570059900017
86140,6334.649412238737
104063,8845.476893542145
77734,21014.470317394855
91652,22674.21145488097
97758,9064.745592286492
95096,15304.197232263516
106186,15085.86810683165
107960,23252.151703546515
78445,22590.644703415208
91886,21798.148738361833
82711,9663.743416475649
99248,8564.450194548692
91701,14405.11944829269
88172,9883.657242482512
83916,13532.6419839981
88883,11388.998811233849
90342,15068.726648836675
102042,9139.025206881548
96563,7596.321621158726
82344,24022.630219153885
102707,13697.984034846042
101718,12397.458297563575
102705,7216.374255932708
92589,24174.373443539644
84231,12168.555998933092
83534,8462.445987562938
85768,8886.395949183832
82141,16808.757198034462
87448,12313.243935469736
79569,7896.031876650612
82261,9274.227224685334
80605,12836.74353514259
91120,12008.427010730684
92482,24015.974959158677
99998,11414.491859177733
82202,20588.837340529877
105899,13706.858041030557
93653,16349.316622119046
94333,15475.979217383168
107717,12102.972308431494
107655,9109.46627401678
86240,15394.412235579646
88745,15335.746263863157
81723,34863.65298038659
84125,13989.029419747249
89476,14959.928251052512
79059,36967.26281240195
77879,12574.260131742336
82855,12778.720070760382
108513,31939.15429371449
83646,7014.532701080369
95702,32552.648488345825
84145,10399.986692832741
107629,26374.767842888912
81843,15833.192148713506
98863,9144.692906118533
95154,26108.88224717239
93275,21486.79766893756
94003,17649.14452116887
81095,24700.1844332447
81099,13208.046116983165
105527,12911.845239384802
89596,9820.166407403032
91007,23726.003687864762
80594,19283.612360451276
82782,11105.031949858652
92721,18055.08123582213
91718,18160.608105272247
87452,12611.44016579812
78098,11663.853533311045
84123,9224.376943545221
104672,13131.96927083487
105118,10279.53573029006
84690,13461.283413266217
88986,10996.676091653515
76028,24187.693771718616
92995,16885.932947471814
76275,34040.13847829882
103315,5793.747206964854
98168,18585.022348484476
93633,14064.982150805794
90151,7857.662749304043
105269,29954.800014827317
102604,2863.574552688833
89541,8084.156505117712
105694,31092.9640069955
80405,22172.33658337475
96001,15396.073118628874
96500,7866.4461849634745
95235,16686.587659703215
88367,23215.4613529894
98850,14137.576156316083
105724,22508.30468853442
86451,11753.609428526352
86426,12465.27878202105
81213,40386.72543041587
98547,17510.022445716357
86461,6362.997019358881
99294,22035.664834208448
99597,11052.232385442261
92255,9540.520339079294
90097,22140.37927704036
102302,12245.437064317632
105746,10167.67892696818
86133,25810.53685553282
94950,50068.1091077642
103666,7940.3485402967135
94750,17904.845747299605
92880,19738.93689377352
82349,18143.90041073555
107337,14791.33093122037
82954,6609.945974423544
89689,18450.445516601278
99034,13182.974965501024
79873,18782.16705536088
107966,22408.059397504247
88864,12415.813784242746
97942,25724.634548769263
97481,8435.694256109624
100313,9379.003234927473
99927,6292.644188490942
87287,9175.812753004837
99134,22475.259702535997
104705,16427.693379630993
86134,20883.49740554267
93028,24577.16723935304
80161,30086.55657597769
76639,23215.73348141239
79239,26426.11187701675
94244,18316.3001215628
103815,8797.242935660503
84445,16138.320196562849
85884,9189.33162169036
103496,10158.654654818327
88620,18468.06601879004
101448,6613.721227973617
100044,7807.386587796292
98388,15262.864711929564
87610,10098.079327734466
82063,24113.412240899957
82211,27484.454321979818
91156,16424.067948919328
83323,8150.02852835443
100187,8848.84306635139
93117,23765.300228900425
82227,37476.39720367827
94263,16121.446680204988
88207,9959.495042558663
87988,16838.518668526853
104687,20739.590410256587
79791,47509.82079444888
82242,24824.22548927624
80273,15678.904063064154
81542,31431.316622667593
90361,14138.49828493215
83914,19170.46015573366
103142,11049.026009324829
80137,36583.002789692175
103580,15017.047804807358
98328,8916.110203540466
95936,34733.758869968486
95189,27154.289548630764
97806,22418.894167821774
95829,9957.240687417945
98684,21049.395503858217
92494,18727.593030819895
83016,19900.516362457663
80865,18360.125221249466
94537,16243.179296134978
86293,11854.380936744077
100087,6266.124534676452
95534,17298.881476930044
80827,21015.92333040901
80610,16729.592716161867
97472,6102.46267452321
85523,7007.410347276205
100005,7868.899696925785
96618,33001.70660443263
104893,10315.176440600473
93688,37960.14214998711
86182,13288.268208417101
105091,21690.80332779119
103031,10244.76729670811
99359,7414.31215350465
101907,16627.167116180786
82914,13115.800099826043
83990,15655.700679143332
98598,20018.55007580019
85494,9443.588406668488
82922,10213.503989119876
82854,11491.824577908366
89024,19412.41083213068
91754,26381.442170655137
102699,4701.756892500523
96887,15118.102631525857
102671,11976.429768459215
80646,24171.171160227885
88146,12070.012210412573
82969,16396.950492925058
77225,17460.201766496317
87443,7104.010817710364
91227,13425.940678515404
95731,14329.00022996162
95171,16629.33122532047
97076,17841.056894879468
98901,9993.961509118526
86013,8434.543382124777
80831,20506.437374839847
100258,9506.180203712685
103586,15776.037589803138
84553,15209.77302225643
84400,14880.226526841889
93434,49239.19707414954
86149,6875.5360881277
80336,23516.678116030045
104511,20321.647840929767
93127,21191.761271643405
86330,10915.725207702737
105082,11893.737034310301
101222,14735.467777476975
92606,23846.164677917182
90462,11076.792137387496
102123,13832.143962900838
83212,12269.58304472677
90403,14303.681012434081
79392,25895.477191395967
102630,16515.24035112495
85988,9092.281618832316
107908,21586.515728871236
80949,22575.78496800365
80517,11867.227202131064
97922,12884.901704977194
100296,9037.12011239251
93073,21882.41117857471
97137,7762.994642497094
88311,9277.633802419972
78021,15846.669760607783
81970,24171.171160227885
98957,6867.829226061554
99602,22407.37993639089
91417,12799.05203696599
89429,13367.932069782231
96535,17551.46859536619
80782,49265.338902827774
86889,18262.273165059723
79609,23501.053631305673
99497,11434.99446109672
99547,25717.030628052933
93817,4392.952537247175
91079,24789.967265233467
81962,21530.208886884724
85833,8337.749541544867
103305,8396.929430171356
94357,18493.913614863235
88736,9307.262617591925
105162,16892.915978324858
91131,22413.93641475428
84148,7211.124419560811
76377,20215.56357579409
76357,26317.530863581087
84675,15417.18707209135
83239,24383.603235637736
86317,7936.384393520176
93990,25258.06977124138
96357,9086.93131014162
89745,21377.489302234037
97141,21245.705738823875
82911,18281.054356554665
82943,7248.076781414948
96282,4290.814642517914
105885,20506.831174796258
80131,43691.731361166014
99806,21512.744242438956
105497,26065.9087563167
106447,25165.84174431654
107746,18958.253337799248
89523,12450.065638432614
84388,13979.8246938746
78166,31554.001685697393
103685,8507.989441305295
105018,9635.184642127702
102373,4124.206965577851
76988,24324.65197883201
81097,29265.815259237235
105521,22949.051380620276
99775,12201.614578346009
99766,9770.690489509314
101346,7996.069810044217
95228,4805.140997271277
75982,25124.961325513545
107142,6354.980706690917
86109,13942.051765247963
94195,19190.05630497563
80777,36158.23317855685
92612,23663.04012177567
99383,10114.041760596121
81686,24358.436316303778
88650,10125.497087043992
95681,15264.10796546299
100071,9466.921059560304
77554,35596.375787287456
103505,4147.8464373617735
93281,17997.114356148497
107444,18647.303739376977
78752,22335.752354395492
103057,14097.923774392148
100248,12679.093355849522
98489,11778.092138419694
89189,16154.019957944933
81293,12219.276996239181
83285,9692.610499608156
99459,14171.101574161727
90810,7666.292828894001
82015,19593.209422082236
96132,16313.940490088688
80808,63006.417857512475
104685,16623.725051913094
80937,19714.728210486588
103328,9311.858639264055
76512,19176.276738943332
83456,13558.433175083788
95102,38418.31451475376
79692,24857.34665229187
107807,4672.835870998053
99176,12309.238922812134
89632,10823.729005636356
85310,17242.72189311782
105676,15664.29640579313
96825,5787.835499578075
76640,10325.9321245334
99932,15327.188923503078
103568,14705.78915229802
100906,11145.232634365471
97420,13765.459514824484
86996,16103.892787653242
86948,11166.141499050105
77326,25731.39052596554
89296,14021.770138702477
83087,7075.2698966399375
100477,9860.80343813339
84635,10454.42484341895
95060,28218.23409686821
79303,27107.534029683557
84026,8854.735100278966
87802,11365.009468659207
85561,10463.231143332698
95941,14750.999426482209
107662,21039.563066540843
105811,10115.791347899314
81618,15089.207361314711
95733,26319.158234617713
93613,13824.77922155255
82163,13001.159278404853
91734,26408.313131976407
87677,3056.730536686918
89816,7565.182140487839
106327,9256.85321302842
101799,10221.632807451575
106344,5805.955247898058
97705,24513.66940738709
86976,18667.716536726664
104847,19908.543878573724
103833,6628.550305110832
103482,9721.97227597573
96532,14160.178199478809
105817,11920.0244634501
80883,15877.46568727341
77825,52801.56240317228
98673,9390.67598017377
107364,7201.463418141563
88945,6857.794499391073
108307,17362.029015331285
78078,29673.045641856865
92490,19257.679405307514
89401,11485.178144366559
81002,14284.240995131175
93285,25821.71816668789
76796,29741.83567450508
99933,2460.3726908405924
103989,8564.526638271898
77504,17078.986587028663
77187,15553.679322355485
76477,10647.216300700662
104834,11185.946620525643
90656,20522.786256242005
86161,9433.703676822683
82503,19981.721391103376
95429,22370.2788220394
86123,22416.573094576997
85549,9631.251760459469
101443,9542.935202937177
89089,11217.977775505513
101004,9898.436650057303
98976,11082.301119052367
106328,47805.14177226774
101630,4579.77591870531
79682,16105.271613213567
107885,25400.826934092936
97206,6397.078012684121
80721,29058.265306356898
96625,26337.0759280374
87687,14726.28609442205
91458,26338.967407417313
104683,11311.64995117564
104151,10278.728575573436
108346,33281.25513849661
101262,9433.088674326127
96543,15631.876342084342
102763,8702.021052624192
81274,12327.577904786867
95280,11636.987354815323
82561,14032.805526590328
77783,15928.622965674349
95843,33094.99094067248
99776,6387.158730216398
79114,34389.43441952142
102376,13532.99012320045
101704,13371.468422159694
77297,20907.625557626965
80285,47903.711447197005
83467,7887.702051927071
101059,8991.430479964267
102229,12560.83597002571
84664,14005.35402406391
107750,20149.814399394578
102405,10027.548752164317
85553,9192.015702891926
89780,31492.330827935297
104268,10322.099356611396
102935,7101.515658959827
97898,11676.317306918545
103785,5278.84680745744
98529,20949.936334620692
93897,10645.624987232597
101766,11012.548238548028
95038,15000.061891529906
108350,19778.02627921947
103542,9809.768164186495
106061,42158.67900600095
82286,18174.46641313099
93548,30937.824399180437
89937,10086.953373742417
97650,18557.206530139785
77515,33206.04085616407
87466,15120.086277398885
87489,13580.372528747446
83029,6904.149581503292
78512,51284.06149810538
93310,20854.82468017655
99598,10411.148369182421
91341,16559.37142254807
82704,9210.66517400308
80819,4720.039849255238
82774,10923.986060009065
100367,7356.33526736052
80303,14116.895177220007
84897,10726.12096978393
81307,35466.441079218814
99687,9399.962098675189
85321,14283.62993470759
80702,20584.914230377268
103843,8817.302792734643
98898,6854.20831874619
87147,11666.91773678175
97662,9062.566924117154
97518,13683.545165916928
100217,5059.706451308114
94513,28211.612462167537
77035,13364.104815077571
103165,7442.246853951739
77140,6139.665885926713
103771,13284.84629771106
95993,21659.887916540403
83624,15840.591460741583
97945,9294.720146015865
87103,6784.910642327595
107640,13026.883689859396
99549,10884.53449467431
80464,21238.613851571474
99623,12966.411614221743
103689,15993.016333228874
97337,11489.093933550443
84308,16723.369274443136
81459,23955.733577921135
104126,30084.725151211016
97303,30893.055289405864
95139,18435.33326051565
93074,36720.19466126423
102368,9429.706176210837
78475,11696.674283508451
80333,24856.372537308434
80144,16661.29364299143
100439,7748.126639352019
108154,18760.152751251168
107137,39451.665144536884
92752,27867.85578410669
89896,10979.334422781634
90485,36494.47070737955
83159,11786.373842332652
76671,15364.966489709896
96849,13612.144102551361
93722,39450.99378672125
107787,7456.940577271317
90164,15268.420003520403
84760,15895.606243719832
90370,9787.159512179367
88117,8908.484477222013
89557,10290.661143238332
98274,2643.4649031072886
97325,8827.972238626073
78887,28652.259044979328
90525,18824.26966264226
86491,24270.96707832972
81617,15849.113881205058
96123,9405.80862882582
79413,17277.84164025478
88016,13329.9533368443
104681,21697.751807329103
83330,8158.947477037727
99163,6765.627414734523
102236,7240.874896575081
78116,16747.32551617007
81077,25318.255401506813
81046,23871.517952401296
93928,21854.702419168047
96436,8868.657110312923
93479,16010.120795284165
92021,32665.99726228538
95143,17661.236018634165
90500,12688.505231258066
78940,18024.7994579138
94861,15663.947099464553
81961,23683.936786862392
87630,9640.194335432323
101224,14149.60328228846
103357,7206.15817999669
99521,18945.56712557707
103897,16083.718394487743
76701,10277.577012238897
83560,10098.079327734466
83516,17847.99732683862
76385,15436.960728586944
87311,17327.523146876392
102065,12545.661687146117
81718,25036.331750181736
100025,14876.912854493265
93182,28479.6594281333
79240,21967.901050460907
96331,14655.578147278058
84781,11667.24815161843
100663,3907.019814009211
76390,22528.00398653582
87234,10215.324383479388
85790,18341.367427484558
91278,19865.7421418157
92254,23033.725573310476
99105,6357.867246471503
101324,11635.526725479365
104734,9765.711247033603
103445,17739.761617434368
103323,9398.097671435115
78055,23564.44721572042
101302,12974.997845905309
103095,9445.056771501364
88134,7048.210496400651
79346,12105.765838086505
81699,16225.690119653897
96464,23382.661379415065
86609,10744.921561559098
96737,23321.425651581332
100080,12910.11070259931
93423,22588.010537812355
79886,32201.226070994122
89452,10074.290796531022
81509,15799.786413447791
83975,20845.796408966005
81360,9718.801762216797
98089,9079.877752522545
104047,27121.94444952485
78711,19354.829548074413
81025,29291.500335285466
79973,17431.818706644965
102117,15849.804084756897
78400,50034.46222845816
87911,11143.315835236332
82806,15689.787604624607
102480,10218.869123002867
94044,20063.695655897023
76824,8102.001337671163
104095,17367.9892852817
98660,11761.614158887445
101444,10471.056955153235
92320,69437.90143785022
105141,14245.013756809285
106950,10895.680153345416
81851,36916.76604714205
100884,11678.339990144581
95196,18675.24252721456
103636,2649.151344348273
80584,16385.547910110632
92337,14919.14159383336
85513,7587.393139477636
85180,14021.770138702477
103365,11697.882266590042
85796,15647.559725108538
78462,30727.166438107666
87895,10667.50259269641
99262,11639.537451123984
83363,10168.173085105662
103800,12111.735201271878
78822,9892.852445949653
107816,24281.740715495616
90042,11015.074818252006
99022,13318.111840587306
81854,32673.948892115444
102619,11344.760018544655
80425,21448.283869329185
102306,15636.00244230498
99778,14574.612686782764
105957,22321.298910108584
102184,11872.749378057515
105195,10283.884273320004
98841,9831.993712786581
78452,36219.42932562276
98974,11726.734337374972
86430,12856.417014966162
87124,8886.930794547416
105872,20382.00187655275
108077,16139.196961822814
103608,9906.896855856196
89218,12023.798669643631
106418,19554.827614585643
94498,9282.993269226818
89269,15176.893962682505
87283,9736.114019473425
97545,12114.1366542063
85408,16318.18451266816
104594,8762.842350939933
103905,9499.740381074134
95101,21514.786739069328
83226,11609.600856245976
89257,15797.554308022372
79479,10633.741414244088
77652,20197.14668643788
96606,9499.361967676014
95504,3626.097505871979
84103,10398.687246523004
102843,9034.527129481603
99361,8611.323754892841
91098,18872.449151390516
92937,14590.271749892367
85635,11720.04911217884
105348,12222.505545560542
96427,21482.680050074203
89473,17548.147517845133
79316,18984.223905138726
89157,18341.367427484558
92217,14697.765936218646
99761,16909.641724872512
88748,12707.66923236741
96029,26204.63438683555
92916,29412.342144351293
81210,15585.98124399161
83778,21642.587407215393
89380,11127.742274177177
103398,2701.329452547568
92869,32013.042268015794
105278,21120.1463725318
77054,18465.163136184692
94021,23265.3729609144
85177,11511.061193546615
77904,22743.394532762413
99917,15700.800499705574
77123,27688.479587517497
95195,22103.719198260067
81922,34350.65853547338
84281,19292.32886189953
101289,13972.993386668919
108200,24180.46201927749
90235,11428.041553929486
81150,32135.131927123282
104224,16034.977576558542
90071,12381.577025922797
93187,25536.937379507664
84284,11643.866036167034
97109,7737.986801198402
102231,10656.218952327297
108093,9096.80670783616
108443,39301.89471919527
92992,13784.369772957727
80438,67726.78140373534
104913,12525.391754460194
82772,9731.391592070402
83960,13357.344056690472
83052,16196.671234670564
82939,7695.686229624349
91175,24813.939585841752
80115,26730.04224783837
99384,8869.987030820188
101540,10840.239006073016
76849,35024.17979887898
97226,12783.557781276393
97672,23155.071655627165
97579,7829.7503211701105
92361,22382.983311592143
91952,36882.34140704789
79024,17343.140345537922
98048,14668.032639374076
95481,22667.633428779547
90572,9311.937663322553
91301,18668.819877159975
103209,9894.153479254308
78464,13800.441821872406
91311,26228.31307858683
105722,19817.614443538787
96211,10573.33210443466
105482,10314.095812907211
80750,54955.24553010963
85880,16502.056125470175
106997,21302.423701208358
99866,21971.15970450313
107262,12828.595023927952
98814,2643.4649031072886
98650,6169.962774390384
93505,13547.974258078928
103810,14519.552042763074
92931,31162.126847707532
96126,8799.373948501667
104285,7514.406706459776
96503,14990.02234226713
76826,20283.652231512802
102531,10346.229430614374
86939,13974.052953655022
98276,9729.685536037692
89094,6638.461867780649
89376,8318.313498011572
101715,7296.334724216443
98971,8320.883268438702
98359,12785.967082580806
101520,9967.427000470048
86866,10846.34067796257
80468,18888.594435468967
84146,9409.458353860095
82628,10807.16535848131
88012,17282.920129204125
78341,15106.421245085476
104664,9279.487481939948
80753,26006.804988520904
88296,13715.821268320547
100349,10323.899694166925
95307,22388.993206024566
97982,16330.248633266947
99328,20791.359518289337
84689,6440.52278642479
86620,8290.935865390375
105565,11723.488452833853
94198,40631.13482093502
81959,10759.081802529496
92894,36288.54104688489
95163,20194.2624815207
81774,22832.99872143746
97953,7200.594553378477
83179,13183.833064693026
83316,13537.28894360804
88506,14536.8748364473
83533,10624.418196727434
84069,10969.011278337044
103724,8258.328908344694
76757,16103.109968030783
88222,13261.252058300215
77382,19275.148792272972
86702,16303.274980278702
92511,15643.1997906676
100163,13494.74618301758
78982,23119.356605700545
94043,14288.948774364526
87066,10278.334338579629
79987,25888.90791289991
83428,18522.866039996305
88886,19300.888276917376
79836,16839.904928639204
95090,21230.48701872938
77868,24108.25069943996
81415,15767.848913551183
76542,25271.97316128757
99066,9774.257834788812
98211,13626.671026070091
77789,12857.884556925226
102614,9783.68632806985
100676,9648.213443551555
95751,15916.169329052707
95684,20962.857995079128
108508,16119.911734257546
82075,17317.715832958438
78948,15714.015518143693
93337,21842.131900326007
86465,17235.501448670373
76163,29347.08495618727
101688,9865.189707262332
97445,19040.278231071843
76672,29735.047658106236
108153,26346.002308041927
92963,20429.79505867169
88441,12308.641305487485
76274,15286.450607670742
107189,8240.118062953057
79393,13504.55301357947
94684,25200.281474052845
77033,7233.039738922764
106413,21678.826159910157
90407,22346.16175589548
86730,11009.532337263154
79417,25965.193886693814
93426,30410.97260761564
86689,6388.523981703705
94562,23025.236047309172
101792,17379.691927722197
99696,11192.805594510986
84181,21041.269736715625
83652,19447.815821320353
87285,8195.911131668196
105860,4733.254346071495
80615,21853.57045001456
100040,7139.554742101826
88919,12475.815361097277
84980,11469.435690431343
83969,14833.631168672671
103616,6147.007807215753
105097,14004.709715527402
81573,29232.728218788994
85124,15637.0868972749
82995,15842.331711025721
106976,9275.592625003927
97250,17527.34518510549
91609,17119.713254471128
92582,29895.040501518026
106719,13099.733843578128
95711,22599.54399770945
81868,27841.808553404164
86650,10105.574867558733
84727,8872.082112500293
79409,14714.497610433158
90538,16209.926183678219
90346,7133.106598398046
94050,37406.57093415702
82866,11090.139750625061
93402,13736.617287885436
95803,67685.52831930279
88730,18678.68654851855
84023,16268.285512949173
85119,15269.839224834897
80528,37555.90915165959
103284,7970.139072233817
87269,11769.588934894991
80708,19265.897947761623
96853,18794.47634508885
77191,21539.297161941344
89419,15623.078022691445
106060,10936.841266422347
98372,4416.386027590488
102076,9328.023214840605
79960,30375.588484866108
97268,14272.264853239161
101849,15710.034825571496
96850,21086.82454663336
99301,7202.014234697873
81672,25135.259326510277
100709,14514.188085660648
104616,11781.799390516087
89965,8275.459431944486
93313,11358.217506446472
104340,12961.163654966296
103783,10207.530671109547
78842,30920.671873199364
87942,11091.608752701724
96790,6837.899675877414
97330,10935.582233701216
90180,10005.009476080324
78934,31170.857505760738
90145,24040.923932287744
78173,19308.211595513625
92455,25805.93524373569
81565,27621.181116379797
78530,28376.133777695628
103732,14168.969833221701
91559,26091.9471339925
100802,10667.593795252647
104472,28176.94232199617
96556,9397.032211516476
85610,9982.450621681335
81512,36069.49695530949
94005,22216.22487391547
88847,10240.761795906663
105272,18872.422202054546
88156,7468.701652259578
102245,11561.26275924797
103740,13889.021497487302
98554,3094.7829655289866
82268,15272.724568039326
80472,15638.81660371335
77127,23686.937893905906
94612,13352.630842839288
91124,33491.10721245121
85847,14554.999726744616
95527,25058.677460594183
83373,16275.747155295436
86221,16396.950492925058
83131,15856.086161870917
104639,19216.508446686857
108323,43170.1990832817
95465,17344.718167302624
96905,17835.975138179245
104272,15398.43179101552
90562,17188.449067845482
81396,31319.23763306479
107589,14523.006153580598
78022,16471.364349665433
89141,25276.211809818393
87808,11936.109549428602
92344,15444.994702077662
85181,14907.066902728762
101172,5517.290340954586
107038,13948.43954312846
108214,50918.52032845398
90048,9342.294909185664
92619,23141.110877556333
106279,12940.721215333157
103918,12666.560035726576
96418,28708.597063444533
97891,12490.349593329896
90459,7707.2268847876
90230,17816.575132686376
82589,13041.556054134722
84093,6552.436480929201
84128,17547.36108993506
77775,23536.801401088396
80709,15846.68958197156
87084,16529.913582459558
78358,27648.534903112915
99051,7025.749540725766
81732,17800.031460232254
94316,29304.886780177934
95333,24659.23230557243
84653,8013.102121636094
94200,22948.59551532085
77707,26088.412808394136
78884,8727.469279863277
87384,13503.201338997176
84311,11409.015723603352
106179,5034.35492704628
77959,50878.11584969791
101918,12169.329935842563
82519,13593.62998369466
90216,6501.8757090663585
99455,8610.309712638184
78784,31174.421871294388
93016,23775.821757154205
102343,7519.041798066601
91681,26253.81950546692
94868,13723.343854253617
87562,7670.836656467851
96639,18969.63405286062
85312,18992.333582490493
103821,6632.011976731307
101157,14445.525345259315
98644,7941.4365698733845
91060,17353.364365000612
87747,11377.84924069453
77903,22784.162056232253
99482,17107.91237888655
76170,17388.995954737966
83750,17733.834166179455
95288,12190.2348513921
83977,19076.395802724335
78300,23909.783115240556
80362,9001.539497612739
101315,11411.192929062583
88661,6238.074344501289
96575,26446.16076421262
87420,16168.952294553535
76175,9466.45406406581
95867,26275.991952856366
80904,37443.696142911824
106939,14324.301418367459
97892,9831.993712786581
102282,16032.011252532157
81764,21991.50116488705
103326,13022.12339405395
94064,22251.72908461961
97529,21927.1502742165
97606,6618.607881904492
89922,19456.827665164517
104023,12911.845239384802
98885,7771.004083343073
83365,12562.513523090407
81828,46450.65823072976
100521,11287.894123616114
76827,7252.649452647921
89850,8681.176359144563
90528,13201.096646271735
80710,19267.623493110175
104646,12960.772803674412
102709,10749.239899765216
93055,17579.232293830708
103701,17330.041982542138
103548,8598.651976801297
96053,8398.99278119945
77609,30289.05940376074
99637,13234.13949245814
99911,15194.233526311124
87622,13682.756785808406
95938,15198.95235279547
93648,16829.557147887328
105208,19746.01542013209
82558,24576.253894641333
89781,19391.191663728194
94210,32728.10563097815
97589,25713.80533675298
96120,14362.889406352962
79277,21962.691039712718
93852,23446.612552620416
106276,14019.077341515025
104292,22059.017391586378
103994,13091.319602375906
83967,14390.154209107654
77971,21450.10510841175
76636,26613.30528155169
105328,12842.957518674966
89518,8439.157470963892
107941,12351.374989526646
79721,24964.11607481493
96770,9531.586145151707
105293,10146.112655747867
81503,45972.735414815455
97932,12472.196499313293
101258,9176.57362387693
83499,7425.2109685236765
85447,11671.722145161448
98221,9252.811792908018
105617,25822.743770907837
103224,6828.346496569534
82749,4355.333311630996
104578,17355.126023596305
77279,29308.617153248742
106045,25708.341462230543
106053,9663.692074798802
99749,13634.576733342074
102786,13869.022826067348
87467,10759.902736717244
97949,9394.300322609397
91680,26053.511552557935
86203,17660.775260516533
102078,7049.501371905897
94020,23958.125615342044
97807,12427.23917548404
86146,12330.844283039442
92130,24335.189128991784
108463,13928.10881999694
79600,18585.05472994228
89904,9833.094098545342
105696,11973.26018374001
105440,10903.334546971551
78666,24529.496923882052
87225,9273.603330506738
92285,30715.045143258896
85762,8226.439752433718
107249,7781.419338569539
86894,8400.099677949107
86790,21838.556982280857
98272,13243.547183161985
95514,15291.887932376427
103863,12518.648619040694
85887,10986.283045064458
92171,18202.31066835305
105828,19352.24533451677
99025,6217.954213123121
77032,7168.826051304539
96993,18370.01594977376
95599,15333.76651853095
77651,37171.87666711295
99249,6920.816199815188
82347,36615.64730226193
83547,15547.477718842823
90793,7782.9488735853665
94114,7018.501474605821
98376,14824.939427090318
88356,12163.57191491127
97473,8988.451270757774
84728,15688.094601789175
99765,9640.398713112616
95147,24625.820846237137
93220,24295.96064808483
91907,28341.652395921305
100215,8117.650930980763
93841,23552.96736060993
99392,10603.876169029234
100078,10141.30314419032
98334,44896.17306308946
97491,10147.774204826053
76179,13420.388488199531
96845,18302.612668754653
99295,13496.859994989074
101419,5980.403033146539
88658,15167.345786516558
82883,20392.017208897672
76475,11013.24089893267
99742,19084.12525543607
93385,30938.66046854428
96197,7693.608630862275
103239,14756.124759422737
89746,13978.699871244065
84083,17623.1414146394
90921,29449.13758192536
81029,38315.025364836634
85735,14621.477029547672
100511,7261.154020148591
86938,10312.512218001366
106540,13001.916752012356
95088,19583.236634047273
106791,23086.62625610323
101353,6081.846300212253
90012,7879.327053189388
87810,9998.912351233912
78427,24674.12783750659
105147,22279.449043534234
99572,22129.218962566094
95461,37773.0540016158
91238,18823.877246618307
89040,21196.182980939608
106508,14408.878214725231
84365,7793.880873997564
98635,13559.594140823163
95456,21801.60224691575
82157,28010.534544906885
107710,11242.325673235668
102827,8768.519847414045
79534,23551.061154918178
81865,27146.56756933382
88639,14393.620736121557
106981,30145.401903279846
105063,9192.884878946903
89959,10440.460241506285
76364,20432.2107679788
82709,11466.231293177316
97975,7897.2489293210465
81231,27865.251697606258
91395,23335.550856463175
102044,10249.07409982955
78668,14511.172985425206
78000,17906.016640818267
105797,18774.210258629497
97820,19445.924109219246
78541,18757.546121276286
83979,19909.676493432566
92189,33039.572931765004
92421,27659.076054012923
104433,15273.879057485674
94419,24077.86413705021
81249,54599.51466761986
83181,14039.361370222112
101041,4526.8350316502965
84544,7302.221107404215
82304,18388.6851519758
97216,23272.035825467483
106909,25984.121532391997
88158,8016.352485416476
97244,26676.760176885397
85241,17986.965705352723
93235,26417.805315218546
84502,17992.195210091824
100273,9248.554877069942
99220,8231.91906824165
100249,7902.221622233862
98796,11940.786344661328
100226,9843.22440488082
76989,57285.10558951865
101824,14062.962948779243
104347,18193.559529265258
83602,12274.656350726982
105100,30229.61589763657
87507,8512.01899854701
105460,20643.33450726925
106962,16969.89022767586
76968,18637.08216129475
102530,11143.836689118953
80270,39121.98125659748
76134,15876.418675660998
81648,19815.53853221789
82846,10954.719877032237
107094,28600.041520795927
88963,11906.928305668216
85665,16314.963641424507
83962,10479.74199768693
96200,14553.310108009573
89390,7690.453960593562
86778,8082.870821025898
87626,11700.220974282132
76994,14967.122097934227
95430,13303.792437575767
99912,9643.210418048273
79916,35458.00911156576
77558,35326.490840204555
102504,4384.579180343912
79125,18387.074003236
90514,15984.964082779294
84199,12221.518887691193
88179,12834.553752575568
93132,26362.022333127134
103105,15324.034734359524
91760,26876.647018812637
102027,15303.434555324719
99456,10229.928382130835
97843,9125.470526925523
98592,23193.23308493237
101912,8218.810597786733
99398,8280.834574371062
78585,18269.544209923144
99870,12392.680166376902
86989,17811.153068431107
86206,8917.837863185665
84406,9268.964920234452
86226,5518.416689499174
86528,12656.074444410158
84765,13942.93027056528
86600,9815.040374754597
97750,31351.965144335096
90475,8768.375664065932
103437,7269.727952689746
106713,17027.724801351455
84811,16356.641600427547
79863,29769.917055691803
79529,20615.902694610075
87367,11192.497584945186
93885,26059.601779582437
107524,13177.814381509445
77240,25040.736338640763
100091,11386.76101962063
77872,21334.939486049338
97015,26291.05978959849
78978,18701.06449663841
95091,21230.48701872938
107650,17424.06532117828
76162,32226.767826615756
102355,13936.297779587409
101524,9961.513780507341
78720,29593.0803263542
108192,29946.033966364805
94404,18279.342988802495
100206,11832.95637136025
94915,22635.865878354223
101631,7261.154020148591
84639,11625.029670425392
108277,22438.148652528882
103453,13809.166032700392
105392,20196.020476622525
82369,9662.733431952656
104666,9406.947303685703
95742,26094.615214262216
96912,12419.16006828402
93541,23899.923071886853
82393,25261.94616427887
81024,12529.719965646273
81284,20017.877180049407
78406,19758.799242876976
99306,9050.527710461181
108130,7662.537488887788
106160,18765.800895041462
102940,15004.778287369301
76742,20547.34313830356
108025,13367.285708949154
77658,26897.89179603575
84295,11150.813935527267
91996,14663.202176246274
103468,11001.75130971703
87336,10722.573448401414
103993,25468.896624914032
90396,7759.094451681894
97935,10114.041760596121
80399,24331.409030571867
105883,10633.095848632232
92823,27044.28094788808
82238,19202.312013281728
98091,18869.599850677725
87257,11535.912668181265
87937,9942.570706440682
97548,15620.741841853916
105775,17409.64899970443
81363,35480.502931738934
76833,34899.06502600125
91768,21574.55526253266
99627,11514.857219405336
