,iter,n_resources,mean_fit_time,std_fit_time,mean_score_time,std_score_time,param_selector__selection_method,param_selector__n_features_to_select,param_selector__model_name,param_selector__k,param_scaler__scaler_name,param_outlier_remover__z_columns,param_outlier_remover__threshold,param_outlier_remover__sev_outliers_cols,param_outlier_remover__outlier_method,param_outlier_remover__n_neighbors,param_outlier_remover__model_columns,param_outlier_remover__mod_outliers_cols,param_outlier_remover__contamination_LOF,param_outlier_remover__contamination_IF,param_model,param_imputer__knn_scaling_method,param_imputer__knn_neighbors,param_imputer__imputation_method,param_encoder__method,params,split0_test_score,split1_test_score,split2_test_score,mean_test_score,std_test_score,rank_test_score,split0_train_score,split1_train_score,split2_train_score,mean_train_score,std_train_score
0,0,2000,0.33498549461364746,0.018644759449912528,0.0,0.0,rfe,8,hgb,7,robust,"['car_age', 'mileage', 'tax', 'mpg']",3,"['car_age', 'mileage', 'engineSize']",Isolation_Forest,50,"['car_age', 'mileage', 'tax', 'mpg', 'engineSize']","['car_age', 'mileage', 'tax', 'mpg']",0.15,0.15,"HistGradientBoostingRegressor(max_depth=5, random_state=42)",robust,14,iterative,target,"{'selector__selection_method': 'rfe', 'selector__n_features_to_select': 8, 'selector__model_name': 'hgb', 'selector__k': 7, 'scaler__scaler_name': 'robust', 'outlier_remover__z_columns': ['car_age', 'mileage', 'tax', 'mpg'], 'outlier_remover__threshold': 3, 'outlier_remover__sev_outliers_cols': ['car_age', 'mileage', 'engineSize'], 'outlier_remover__outlier_method': 'Isolation_Forest', 'outlier_remover__n_neighbors': 50, 'outlier_remover__model_columns': ['car_age', 'mileage', 'tax', 'mpg', 'engineSize'], 'outlier_remover__mod_outliers_cols': ['car_age', 'mileage', 'tax', 'mpg'], 'outlier_remover__contamination_LOF': 0.15, 'outlier_remover__contamination_IF': 0.15, 'model': HistGradientBoostingRegressor(max_depth=5, random_state=42), 'imputer__knn_scaling_method': 'robust', 'imputer__knn_neighbors': 14, 'imputer__imputation_method': 'iterative', 'encoder__method': 'target'}",,,,,,260,,,,,
1,0,2000,0.463645060857137,0.01080659956773685,0.0,0.0,rfe,7,hgb,5,minmax,"['car_age', 'mileage', 'tax', 'mpg']",2,"['car_age', 'mileage']",IQR,100,"['car_age', 'mileage', 'tax', 'mpg', 'engineSize']","['tax', 'mpg']",0.3,0.3,"HistGradientBoostingRegressor(max_depth=5, random_state=42)",minmax,20,knn_modelwise,freq,"{'selector__selection_method': 'rfe', 'selector__n_features_to_select': 7, 'selector__model_name': 'hgb', 'selector__k': 5, 'scaler__scaler_name': 'minmax', 'outlier_remover__z_columns': ['car_age', 'mileage', 'tax', 'mpg'], 'outlier_remover__threshold': 2, 'outlier_remover__sev_outliers_cols': ['car_age', 'mileage'], 'outlier_remover__outlier_method': 'IQR', 'outlier_remover__n_neighbors': 100, 'outlier_remover__model_columns': ['car_age', 'mileage', 'tax', 'mpg', 'engineSize'], 'outlier_remover__mod_outliers_cols': ['tax', 'mpg'], 'outlier_remover__contamination_LOF': 0.3, 'outlier_remover__contamination_IF': 0.3, 'model': HistGradientBoostingRegressor(max_depth=5, random_state=42), 'imputer__knn_scaling_method': 'minmax', 'imputer__knn_neighbors': 20, 'imputer__imputation_method': 'knn_modelwise', 'encoder__method': 'freq'}",,,,,,260,,,,,
2,0,2000,0.40380605061848956,0.012532314049032892,0.0,0.0,rfe,7,hgb,6,standard,"['car_age', 'mileage', 'tax', 'mpg']",3,"['car_age', 'mileage']",LOF,90,"['car_age', 'mileage', 'tax', 'mpg']","['tax', 'mpg']",0.15,0.5,"HistGradientBoostingRegressor(max_depth=5, random_state=42)",minmax,10,knn_modelwise,freq,"{'selector__selection_method': 'rfe', 'selector__n_features_to_select': 7, 'selector__model_name': 'hgb', 'selector__k': 6, 'scaler__scaler_name': 'standard', 'outlier_remover__z_columns': ['car_age', 'mileage', 'tax', 'mpg'], 'outlier_remover__threshold': 3, 'outlier_remover__sev_outliers_cols': ['car_age', 'mileage'], 'outlier_remover__outlier_method': 'LOF', 'outlier_remover__n_neighbors': 90, 'outlier_remover__model_columns': ['car_age', 'mileage', 'tax', 'mpg'], 'outlier_remover__mod_outliers_cols': ['tax', 'mpg'], 'outlier_remover__contamination_LOF': 0.15, 'outlier_remover__contamination_IF': 0.5, 'model': HistGradientBoostingRegressor(max_depth=5, random_state=42), 'imputer__knn_scaling_method': 'minmax', 'imputer__knn_neighbors': 10, 'imputer__imputation_method': 'knn_modelwise', 'encoder__method': 'freq'}",,,,,,260,,,,,
3,0,2000,0.283405860265096,0.020733489934216552,0.0,0.0,rfe,5,hgb,5,minmax,"['car_age', 'mileage', 'tax', 'mpg']",3,"['car_age', 'mileage']",z_score,100,"['car_age', 'mileage', 'tax', 'mpg']","['tax', 'mpg']",0.3,0.3,"HistGradientBoostingRegressor(max_depth=5, random_state=42)",minmax,16,iterative,freq,"{'selector__selection_method': 'rfe', 'selector__n_features_to_select': 5, 'selector__model_name': 'hgb', 'selector__k': 5, 'scaler__scaler_name': 'minmax', 'outlier_remover__z_columns': ['car_age', 'mileage', 'tax', 'mpg'], 'outlier_remover__threshold': 3, 'outlier_remover__sev_outliers_cols': ['car_age', 'mileage'], 'outlier_remover__outlier_method': 'z_score', 'outlier_remover__n_neighbors': 100, 'outlier_remover__model_columns': ['car_age', 'mileage', 'tax', 'mpg'], 'outlier_remover__mod_outliers_cols': ['tax', 'mpg'], 'outlier_remover__contamination_LOF': 0.3, 'outlier_remover__contamination_IF': 0.3, 'model': HistGradientBoostingRegressor(max_depth=5, random_state=42), 'imputer__knn_scaling_method': 'minmax', 'imputer__knn_neighbors': 16, 'imputer__imputation_method': 'iterative', 'encoder__method': 'freq'}",,,,,,260,,,,,
4,0,2000,0.41469311714172363,0.03209240747989378,0.009074926376342773,0.0005104434687669849,rfe,10,hgb,10,standard,"['car_age', 'mileage', 'tax', 'mpg']",3,"['car_age', 'mileage', 'engineSize']",Isolation_Forest,100,"['car_age', 'mileage', 'tax', 'mpg', 'engineSize']","['tax', 'mpg']",0.5,0.05,"HistGradientBoostingRegressor(max_depth=5, random_state=42)",standard,16,simple,target,"{'selector__selection_method': 'rfe', 'selector__n_features_to_select': 10, 'selector__model_name': 'hgb', 'selector__k': 10, 'scaler__scaler_name': 'standard', 'outlier_remover__z_columns': ['car_age', 'mileage', 'tax', 'mpg'], 'outlier_remover__threshold': 3, 'outlier_remover__sev_outliers_cols': ['car_age', 'mileage', 'engineSize'], 'outlier_remover__outlier_method': 'Isolation_Forest', 'outlier_remover__n_neighbors': 100, 'outlier_remover__model_columns': ['car_age', 'mileage', 'tax', 'mpg', 'engineSize'], 'outlier_remover__mod_outliers_cols': ['tax', 'mpg'], 'outlier_remover__contamination_LOF': 0.5, 'outlier_remover__contamination_IF': 0.05, 'model': HistGradientBoostingRegressor(max_depth=5, random_state=42), 'imputer__knn_scaling_method': 'standard', 'imputer__knn_neighbors': 16, 'imputer__imputation_method': 'simple', 'encoder__method': 'target'}",-2466.2954320585177,-2367.407008943719,-2320.083635400458,-2384.5953588008983,60.915525654269935,156,-1772.308178139805,-1679.2519299706032,-1766.3282878283117,-1739.2961319795734,42.52779027259609
5,0,2000,0.3552694320678711,0.09244224310260789,0.0,0.0,rfe,9,hgb,10,standard,"['car_age', 'mileage', 'tax', 'mpg']",3,"['car_age', 'mileage']",z_score,90,"['tax', 'mpg']","['tax', 'mpg']",0.05,0.15,"HistGradientBoostingRegressor(max_depth=5, random_state=42)",robust,11,iterative,freq,"{'selector__selection_method': 'rfe', 'selector__n_features_to_select': 9, 'selector__model_name': 'hgb', 'selector__k': 10, 'scaler__scaler_name': 'standard', 'outlier_remover__z_columns': ['car_age', 'mileage', 'tax', 'mpg'], 'outlier_remover__threshold': 3, 'outlier_remover__sev_outliers_cols': ['car_age', 'mileage'], 'outlier_remover__outlier_method': 'z_score', 'outlier_remover__n_neighbors': 90, 'outlier_remover__model_columns': ['tax', 'mpg'], 'outlier_remover__mod_outliers_cols': ['tax', 'mpg'], 'outlier_remover__contamination_LOF': 0.05, 'outlier_remover__contamination_IF': 0.15, 'model': HistGradientBoostingRegressor(max_depth=5, random_state=42), 'imputer__knn_scaling_method': 'robust', 'imputer__knn_neighbors': 11, 'imputer__imputation_method': 'iterative', 'encoder__method': 'freq'}",,,,,,260,,,,,
6,0,2000,0.17769233385721842,0.0179284479378027,0.011081059773763021,0.0020214282574968177,kbest,9,hgb,5,standard,"['car_age', 'mileage', 'tax', 'mpg']",2,"['car_age', 'mileage', 'engineSize']",z_score,30,"['car_age', 'mileage', 'tax', 'mpg']","['tax', 'mpg']",0.3,0.05,"HistGradientBoostingRegressor(max_depth=5, random_state=42)",robust,10,iterative,freq,"{'selector__selection_method': 'kbest', 'selector__n_features_to_select': 9, 'selector__model_name': 'hgb', 'selector__k': 5, 'scaler__scaler_name': 'standard', 'outlier_remover__z_columns': ['car_age', 'mileage', 'tax', 'mpg'], 'outlier_remover__threshold': 2, 'outlier_remover__sev_outliers_cols': ['car_age', 'mileage', 'engineSize'], 'outlier_remover__outlier_method': 'z_score', 'outlier_remover__n_neighbors': 30, 'outlier_remover__model_columns': ['car_age', 'mileage', 'tax', 'mpg'], 'outlier_remover__mod_outliers_cols': ['tax', 'mpg'], 'outlier_remover__contamination_LOF': 0.3, 'outlier_remover__contamination_IF': 0.05, 'model': HistGradientBoostingRegressor(max_depth=5, random_state=42), 'imputer__knn_scaling_method': 'robust', 'imputer__knn_neighbors': 10, 'imputer__imputation_method': 'iterative', 'encoder__method': 'freq'}",-3166.961199406698,-2957.642800207959,-2845.815824589016,-2990.1399414012244,133.10556232053483,244,-2422.8345685669765,-2411.297239951941,-2267.8849773507354,-2367.3389286232177,70.48211974524588
7,0,2000,0.3208580017089844,0.0059537606336929555,0.0,0.0,rfe,7,hgb,10,robust,"['car_age', 'mileage', 'tax', 'mpg']",3,"['car_age', 'mileage', 'engineSize']",Isolation_Forest,100,"['tax', 'mpg']","['tax', 'mpg']",0.05,0.3,"HistGradientBoostingRegressor(max_depth=5, random_state=42)",robust,16,simple,target,"{'selector__selection_method': 'rfe', 'selector__n_features_to_select': 7, 'selector__model_name': 'hgb', 'selector__k': 10, 'scaler__scaler_name': 'robust', 'outlier_remover__z_columns': ['car_age', 'mileage', 'tax', 'mpg'], 'outlier_remover__threshold': 3, 'outlier_remover__sev_outliers_cols': ['car_age', 'mileage', 'engineSize'], 'outlier_remover__outlier_method': 'Isolation_Forest', 'outlier_remover__n_neighbors': 100, 'outlier_remover__model_columns': ['tax', 'mpg'], 'outlier_remover__mod_outliers_cols': ['tax', 'mpg'], 'outlier_remover__contamination_LOF': 0.05, 'outlier_remover__contamination_IF': 0.3, 'model': HistGradientBoostingRegressor(max_depth=5, random_state=42), 'imputer__knn_scaling_method': 'robust', 'imputer__knn_neighbors': 16, 'imputer__imputation_method': 'simple', 'encoder__method': 'target'}",,,,,,260,,,,,
8,0,2000,0.3845926920572917,0.012308370699247203,0.0,0.0,rfe,6,hgb,7,robust,"['car_age', 'mileage', 'tax', 'mpg']",2,"['car_age', 'mileage', 'engineSize']",LOF,30,"['car_age', 'mileage', 'tax', 'mpg']","['car_age', 'mileage', 'tax', 'mpg']",0.05,0.15,"HistGradientBoostingRegressor(max_depth=5, random_state=42)",robust,17,knn_modelwise,freq,"{'selector__selection_method': 'rfe', 'selector__n_features_to_select': 6, 'selector__model_name': 'hgb', 'selector__k': 7, 'scaler__scaler_name': 'robust', 'outlier_remover__z_columns': ['car_age', 'mileage', 'tax', 'mpg'], 'outlier_remover__threshold': 2, 'outlier_remover__sev_outliers_cols': ['car_age', 'mileage', 'engineSize'], 'outlier_remover__outlier_method': 'LOF', 'outlier_remover__n_neighbors': 30, 'outlier_remover__model_columns': ['car_age', 'mileage', 'tax', 'mpg'], 'outlier_remover__mod_outliers_cols': ['car_age', 'mileage', 'tax', 'mpg'], 'outlier_remover__contamination_LOF': 0.05, 'outlier_remover__contamination_IF': 0.15, 'model': HistGradientBoostingRegressor(max_depth=5, random_state=42), 'imputer__knn_scaling_method': 'robust', 'imputer__knn_neighbors': 17, 'imputer__imputation_method': 'knn_modelwise', 'encoder__method': 'freq'}",,,,,,260,,,,,
9,0,2000,0.29963159561157227,0.02434320761192249,0.0,0.0,rfe,7,hgb,10,minmax,"['car_age', 'mileage', 'tax', 'mpg']",3,"['car_age', 'mileage', 'engineSize']",Isolation_Forest,100,"['car_age', 'mileage', 'tax', 'mpg', 'engineSize']","['tax', 'mpg']",0.5,0.15,"HistGradientBoostingRegressor(max_depth=5, random_state=42)",robust,16,simple,target,"{'selector__selection_method': 'rfe', 'selector__n_features_to_select': 7, 'selector__model_name': 'hgb', 'selector__k': 10, 'scaler__scaler_name': 'minmax', 'outlier_remover__z_columns': ['car_age', 'mileage', 'tax', 'mpg'], 'outlier_remover__threshold': 3, 'outlier_remover__sev_outliers_cols': ['car_age', 'mileage', 'engineSize'], 'outlier_remover__outlier_method': 'Isolation_Forest', 'outlier_remover__n_neighbors': 100, 'outlier_remover__model_columns': ['car_age', 'mileage', 'tax', 'mpg', 'engineSize'], 'outlier_remover__mod_outliers_cols': ['tax', 'mpg'], 'outlier_remover__contamination_LOF': 0.5, 'outlier_remover__contamination_IF': 0.15, 'model': HistGradientBoostingRegressor(max_depth=5, random_state=42), 'imputer__knn_scaling_method': 'robust', 'imputer__knn_neighbors': 16, 'imputer__imputation_method': 'simple', 'encoder__method': 'target'}",,,,,,260,,,,,
10,0,2000,0.2652839819590251,0.009524656395654722,0.0,0.0,model,6,hgb,6,standard,"['car_age', 'mileage', 'tax', 'mpg']",2,"['car_age', 'mileage']",IQR,100,"['car_age', 'mileage', 'tax', 'mpg', 'engineSize']","['tax', 'mpg']",0.05,0.3,"HistGradientBoostingRegressor(max_depth=5, random_state=42)",minmax,12,iterative,freq,"{'selector__selection_method': 'model', 'selector__n_features_to_select': 6, 'selector__model_name': 'hgb', 'selector__k': 6, 'scaler__scaler_name': 'standard', 'outlier_remover__z_columns': ['car_age', 'mileage', 'tax', 'mpg'], 'outlier_remover__threshold': 2, 'outlier_remover__sev_outliers_cols': ['car_age', 'mileage'], 'outlier_remover__outlier_method': 'IQR', 'outlier_remover__n_neighbors': 100, 'outlier_remover__model_columns': ['car_age', 'mileage', 'tax', 'mpg', 'engineSize'], 'outlier_remover__mod_outliers_cols': ['tax', 'mpg'], 'outlier_remover__contamination_LOF': 0.05, 'outlier_remover__contamination_IF': 0.3, 'model': HistGradientBoostingRegressor(max_depth=5, random_state=42), 'imputer__knn_scaling_method': 'minmax', 'imputer__knn_neighbors': 12, 'imputer__imputation_method': 'iterative', 'encoder__method': 'freq'}",,,,,,260,,,,,
11,0,2000,0.48765333493550617,0.05666673774209367,0.0,0.0,rfe,7,hgb,8,minmax,"['car_age', 'mileage', 'tax', 'mpg']",2,"['car_age', 'mileage', 'engineSize']",IQR,70,"['tax', 'mpg']","['car_age', 'mileage', 'tax', 'mpg']",0.05,0.15,"HistGradientBoostingRegressor(max_depth=5, random_state=42)",minmax,10,knn_modelwise,freq,"{'selector__selection_method': 'rfe', 'selector__n_features_to_select': 7, 'selector__model_name': 'hgb', 'selector__k': 8, 'scaler__scaler_name': 'minmax', 'outlier_remover__z_columns': ['car_age', 'mileage', 'tax', 'mpg'], 'outlier_remover__threshold': 2, 'outlier_remover__sev_outliers_cols': ['car_age', 'mileage', 'engineSize'], 'outlier_remover__outlier_method': 'IQR', 'outlier_remover__n_neighbors': 70, 'outlier_remover__model_columns': ['tax', 'mpg'], 'outlier_remover__mod_outliers_cols': ['car_age', 'mileage', 'tax', 'mpg'], 'outlier_remover__contamination_LOF': 0.05, 'outlier_remover__contamination_IF': 0.15, 'model': HistGradientBoostingRegressor(max_depth=5, random_state=42), 'imputer__knn_scaling_method': 'minmax', 'imputer__knn_neighbors': 10, 'imputer__imputation_method': 'knn_modelwise', 'encoder__method': 'freq'}",,,,,,260,,,,,
12,0,2000,0.16249299049377441,0.02525664079177274,0.010945717493693033,0.001570844425831631,kbest,9,hgb,10,robust,"['car_age', 'mileage', 'tax', 'mpg']",3,"['car_age', 'mileage', 'engineSize']",IQR,30,"['car_age', 'mileage', 'tax', 'mpg']","['tax', 'mpg']",0.3,0.15,"HistGradientBoostingRegressor(max_depth=5, random_state=42)",minmax,14,simple,freq,"{'selector__selection_method': 'kbest', 'selector__n_features_to_select': 9, 'selector__model_name': 'hgb', 'selector__k': 10, 'scaler__scaler_name': 'robust', 'outlier_remover__z_columns': ['car_age', 'mileage', 'tax', 'mpg'], 'outlier_remover__threshold': 3, 'outlier_remover__sev_outliers_cols': ['car_age', 'mileage', 'engineSize'], 'outlier_remover__outlier_method': 'IQR', 'outlier_remover__n_neighbors': 30, 'outlier_remover__model_columns': ['car_age', 'mileage', 'tax', 'mpg'], 'outlier_remover__mod_outliers_cols': ['tax', 'mpg'], 'outlier_remover__contamination_LOF': 0.3, 'outlier_remover__contamination_IF': 0.15, 'model': HistGradientBoostingRegressor(max_depth=5, random_state=42), 'imputer__knn_scaling_method': 'minmax', 'imputer__knn_neighbors': 14, 'imputer__imputation_method': 'simple', 'encoder__method': 'freq'}",-2745.804538407817,-2403.541794391939,-2422.2498064209426,-2523.865379740233,157.12042099628675,181,-1900.6432587882086,-1845.4783653084626,-1810.4454934034216,-1852.1890391666977,37.12756458325784
13,0,2000,0.2080085277557373,0.011556246155481958,0.01772332191467285,0.0012832903588824518,kbest,9,hgb,5,minmax,"['car_age', 'mileage', 'tax', 'mpg']",3,"['car_age', 'mileage']",z_score,70,"['car_age', 'mileage', 'tax', 'mpg']","['tax', 'mpg']",0.5,0.15,"HistGradientBoostingRegressor(max_depth=5, random_state=42)",standard,14,simple,freq,"{'selector__selection_method': 'kbest', 'selector__n_features_to_select': 9, 'selector__model_name': 'hgb', 'selector__k': 5, 'scaler__scaler_name': 'minmax', 'outlier_remover__z_columns': ['car_age', 'mileage', 'tax', 'mpg'], 'outlier_remover__threshold': 3, 'outlier_remover__sev_outliers_cols': ['car_age', 'mileage'], 'outlier_remover__outlier_method': 'z_score', 'outlier_remover__n_neighbors': 70, 'outlier_remover__model_columns': ['car_age', 'mileage', 'tax', 'mpg'], 'outlier_remover__mod_outliers_cols': ['tax', 'mpg'], 'outlier_remover__contamination_LOF': 0.5, 'outlier_remover__contamination_IF': 0.15, 'model': HistGradientBoostingRegressor(max_depth=5, random_state=42), 'imputer__knn_scaling_method': 'standard', 'imputer__knn_neighbors': 14, 'imputer__imputation_method': 'simple', 'encoder__method': 'freq'}",-3141.6880763719782,-2949.0755658232433,-2916.3072412144725,-3002.356961136564,99.42605469719533,246,-2427.4261340477833,-2430.105208949137,-2307.647949840887,-2388.3930976126026,57.10591637235071
14,0,2000,0.30030234654744464,0.02637327692378556,0.012171347935994467,0.0008509068198962794,kbest,8,hgb,8,standard,"['car_age', 'mileage', 'tax', 'mpg']",3,"['car_age', 'mileage']",Isolation_Forest,100,"['car_age', 'mileage', 'tax', 'mpg', 'engineSize']","['car_age', 'mileage', 'tax', 'mpg']",0.05,0.3,"HistGradientBoostingRegressor(max_depth=5, random_state=42)",standard,13,iterative,freq,"{'selector__selection_method': 'kbest', 'selector__n_features_to_select': 8, 'selector__model_name': 'hgb', 'selector__k': 8, 'scaler__scaler_name': 'standard', 'outlier_remover__z_columns': ['car_age', 'mileage', 'tax', 'mpg'], 'outlier_remover__threshold': 3, 'outlier_remover__sev_outliers_cols': ['car_age', 'mileage'], 'outlier_remover__outlier_method': 'Isolation_Forest', 'outlier_remover__n_neighbors': 100, 'outlier_remover__model_columns': ['car_age', 'mileage', 'tax', 'mpg', 'engineSize'], 'outlier_remover__mod_outliers_cols': ['car_age', 'mileage', 'tax', 'mpg'], 'outlier_remover__contamination_LOF': 0.05, 'outlier_remover__contamination_IF': 0.3, 'model': HistGradientBoostingRegressor(max_depth=5, random_state=42), 'imputer__knn_scaling_method': 'standard', 'imputer__knn_neighbors': 13, 'imputer__imputation_method': 'iterative', 'encoder__method': 'freq'}",-2992.4691946717285,-2806.2611158070563,-2961.6401858099593,-2920.1234987629146,81.49064828203572,232,-2575.4487128812716,-2496.3339161357662,-2667.0470318425055,-2579.609886953181,69.7554227082893
15,0,2000,0.5088562965393066,0.03832306035600613,0.0921190579732259,0.009817335503764067,rfe,10,hgb,6,standard,"['car_age', 'mileage', 'tax', 'mpg']",3,"['car_age', 'mileage']",IQR,70,"['car_age', 'mileage', 'tax', 'mpg', 'engineSize']","['car_age', 'mileage', 'tax', 'mpg']",0.15,0.5,"HistGradientBoostingRegressor(max_depth=5, random_state=42)",standard,20,knn_modelwise,target,"{'selector__selection_method': 'rfe', 'selector__n_features_to_select': 10, 'selector__model_name': 'hgb', 'selector__k': 6, 'scaler__scaler_name': 'standard', 'outlier_remover__z_columns': ['car_age', 'mileage', 'tax', 'mpg'], 'outlier_remover__threshold': 3, 'outlier_remover__sev_outliers_cols': ['car_age', 'mileage'], 'outlier_remover__outlier_method': 'IQR', 'outlier_remover__n_neighbors': 70, 'outlier_remover__model_columns': ['car_age', 'mileage', 'tax', 'mpg', 'engineSize'], 'outlier_remover__mod_outliers_cols': ['car_age', 'mileage', 'tax', 'mpg'], 'outlier_remover__contamination_LOF': 0.15, 'outlier_remover__contamination_IF': 0.5, 'model': HistGradientBoostingRegressor(max_depth=5, random_state=42), 'imputer__knn_scaling_method': 'standard', 'imputer__knn_neighbors': 20, 'imputer__imputation_method': 'knn_modelwise', 'encoder__method': 'target'}",-2581.783876599131,-2297.110938804109,-2153.2388839151436,-2344.0445664394615,178.07260081380687,146,-1657.7272335056914,-1583.1417729056643,-1543.035355430491,-1594.6347872806157,47.522792837902394
16,0,2000,0.36003732681274414,0.07068402104632054,0.0,0.0,rfe,6,hgb,6,robust,"['car_age', 'mileage', 'tax', 'mpg']",2,"['car_age', 'mileage', 'engineSize']",Isolation_Forest,50,"['car_age', 'mileage', 'tax', 'mpg']","['car_age', 'mileage', 'tax', 'mpg']",0.3,0.15,"HistGradientBoostingRegressor(max_depth=5, random_state=42)",robust,13,simple,freq,"{'selector__selection_method': 'rfe', 'selector__n_features_to_select': 6, 'selector__model_name': 'hgb', 'selector__k': 6, 'scaler__scaler_name': 'robust', 'outlier_remover__z_columns': ['car_age', 'mileage', 'tax', 'mpg'], 'outlier_remover__threshold': 2, 'outlier_remover__sev_outliers_cols': ['car_age', 'mileage', 'engineSize'], 'outlier_remover__outlier_method': 'Isolation_Forest', 'outlier_remover__n_neighbors': 50, 'outlier_remover__model_columns': ['car_age', 'mileage', 'tax', 'mpg'], 'outlier_remover__mod_outliers_cols': ['car_age', 'mileage', 'tax', 'mpg'], 'outlier_remover__contamination_LOF': 0.3, 'outlier_remover__contamination_IF': 0.15, 'model': HistGradientBoostingRegressor(max_depth=5, random_state=42), 'imputer__knn_scaling_method': 'robust', 'imputer__knn_neighbors': 13, 'imputer__imputation_method': 'simple', 'encoder__method': 'freq'}",,,,,,260,,,,,
17,0,2000,0.2219816048940023,0.005781323178954538,0.011736392974853516,0.00018594030456704137,kbest,7,hgb,7,minmax,"['car_age', 'mileage', 'tax', 'mpg']",3,"['car_age', 'mileage']",IQR,90,"['car_age', 'mileage', 'tax', 'mpg', 'engineSize']","['tax', 'mpg']",0.3,0.3,"HistGradientBoostingRegressor(max_depth=5, random_state=42)",robust,13,simple,target,"{'selector__selection_method': 'kbest', 'selector__n_features_to_select': 7, 'selector__model_name': 'hgb', 'selector__k': 7, 'scaler__scaler_name': 'minmax', 'outlier_remover__z_columns': ['car_age', 'mileage', 'tax', 'mpg'], 'outlier_remover__threshold': 3, 'outlier_remover__sev_outliers_cols': ['car_age', 'mileage'], 'outlier_remover__outlier_method': 'IQR', 'outlier_remover__n_neighbors': 90, 'outlier_remover__model_columns': ['car_age', 'mileage', 'tax', 'mpg', 'engineSize'], 'outlier_remover__mod_outliers_cols': ['tax', 'mpg'], 'outlier_remover__contamination_LOF': 0.3, 'outlier_remover__contamination_IF': 0.3, 'model': HistGradientBoostingRegressor(max_depth=5, random_state=42), 'imputer__knn_scaling_method': 'robust', 'imputer__knn_neighbors': 13, 'imputer__imputation_method': 'simple', 'encoder__method': 'target'}",-2623.364584164036,-2324.442174928406,-2240.7940115260662,-2396.2002568728362,164.21931982442192,160,-1722.6442224275954,-1654.3564049302463,-1611.0931427320054,-1662.6979233632826,45.920921467521964
18,0,2000,0.2544397513071696,0.023580603927085275,0.0,0.0,model,9,hgb,9,minmax,"['car_age', 'mileage', 'tax', 'mpg']",3,"['car_age', 'mileage', 'engineSize']",LOF,100,"['car_age', 'mileage', 'tax', 'mpg', 'engineSize']","['car_age', 'mileage', 'tax', 'mpg']",0.05,0.3,"HistGradientBoostingRegressor(max_depth=5, random_state=42)",robust,10,simple,target,"{'selector__selection_method': 'model', 'selector__n_features_to_select': 9, 'selector__model_name': 'hgb', 'selector__k': 9, 'scaler__scaler_name': 'minmax', 'outlier_remover__z_columns': ['car_age', 'mileage', 'tax', 'mpg'], 'outlier_remover__threshold': 3, 'outlier_remover__sev_outliers_cols': ['car_age', 'mileage', 'engineSize'], 'outlier_remover__outlier_method': 'LOF', 'outlier_remover__n_neighbors': 100, 'outlier_remover__model_columns': ['car_age', 'mileage', 'tax', 'mpg', 'engineSize'], 'outlier_remover__mod_outliers_cols': ['car_age', 'mileage', 'tax', 'mpg'], 'outlier_remover__contamination_LOF': 0.05, 'outlier_remover__contamination_IF': 0.3, 'model': HistGradientBoostingRegressor(max_depth=5, random_state=42), 'imputer__knn_scaling_method': 'robust', 'imputer__knn_neighbors': 10, 'imputer__imputation_method': 'simple', 'encoder__method': 'target'}",,,,,,260,,,,,
19,0,2000,0.3228923479715983,0.027323252683995148,0.0,0.0,rfe,7,hgb,9,standard,"['car_age', 'mileage', 'tax', 'mpg']",3,"['car_age', 'mileage']",Isolation_Forest,70,"['car_age', 'mileage', 'tax', 'mpg', 'engineSize']","['tax', 'mpg']",0.15,0.15,"HistGradientBoostingRegressor(max_depth=5, random_state=42)",minmax,20,iterative,target,"{'selector__selection_method': 'rfe', 'selector__n_features_to_select': 7, 'selector__model_name': 'hgb', 'selector__k': 9, 'scaler__scaler_name': 'standard', 'outlier_remover__z_columns': ['car_age', 'mileage', 'tax', 'mpg'], 'outlier_remover__threshold': 3, 'outlier_remover__sev_outliers_cols': ['car_age', 'mileage'], 'outlier_remover__outlier_method': 'Isolation_Forest', 'outlier_remover__n_neighbors': 70, 'outlier_remover__model_columns': ['car_age', 'mileage', 'tax', 'mpg', 'engineSize'], 'outlier_remover__mod_outliers_cols': ['tax', 'mpg'], 'outlier_remover__contamination_LOF': 0.15, 'outlier_remover__contamination_IF': 0.15, 'model': HistGradientBoostingRegressor(max_depth=5, random_state=42), 'imputer__knn_scaling_method': 'minmax', 'imputer__knn_neighbors': 20, 'imputer__imputation_method': 'iterative', 'encoder__method': 'target'}",,,,,,260,,,,,
20,0,2000,0.2382019360860189,0.006775490366865035,0.0,0.0,rfe,8,hgb,6,standard,"['car_age', 'mileage', 'tax', 'mpg']",3,"['car_age', 'mileage']",Isolation_Forest,90,"['tax', 'mpg']","['car_age', 'mileage', 'tax', 'mpg']",0.15,0.5,"HistGradientBoostingRegressor(max_depth=5, random_state=42)",minmax,20,simple,freq,"{'selector__selection_method': 'rfe', 'selector__n_features_to_select': 8, 'selector__model_name': 'hgb', 'selector__k': 6, 'scaler__scaler_name': 'standard', 'outlier_remover__z_columns': ['car_age', 'mileage', 'tax', 'mpg'], 'outlier_remover__threshold': 3, 'outlier_remover__sev_outliers_cols': ['car_age', 'mileage'], 'outlier_remover__outlier_method': 'Isolation_Forest', 'outlier_remover__n_neighbors': 90, 'outlier_remover__model_columns': ['tax', 'mpg'], 'outlier_remover__mod_outliers_cols': ['car_age', 'mileage', 'tax', 'mpg'], 'outlier_remover__contamination_LOF': 0.15, 'outlier_remover__contamination_IF': 0.5, 'model': HistGradientBoostingRegressor(max_depth=5, random_state=42), 'imputer__knn_scaling_method': 'minmax', 'imputer__knn_neighbors': 20, 'imputer__imputation_method': 'simple', 'encoder__method': 'freq'}",,,,,,260,,,,,
21,0,2000,0.26010847091674805,0.014272720216371397,0.0,0.0,model,7,hgb,5,standard,"['car_age', 'mileage', 'tax', 'mpg']",2,"['car_age', 'mileage']",z_score,90,"['car_age', 'mileage', 'tax', 'mpg']","['tax', 'mpg']",0.3,0.15,"HistGradientBoostingRegressor(max_depth=5, random_state=42)",robust,10,iterative,freq,"{'selector__selection_method': 'model', 'selector__n_features_to_select': 7, 'selector__model_name': 'hgb', 'selector__k': 5, 'scaler__scaler_name': 'standard', 'outlier_remover__z_columns': ['car_age', 'mileage', 'tax', 'mpg'], 'outlier_remover__threshold': 2, 'outlier_remover__sev_outliers_cols': ['car_age', 'mileage'], 'outlier_remover__outlier_method': 'z_score', 'outlier_remover__n_neighbors': 90, 'outlier_remover__model_columns': ['car_age', 'mileage', 'tax', 'mpg'], 'outlier_remover__mod_outliers_cols': ['tax', 'mpg'], 'outlier_remover__contamination_LOF': 0.3, 'outlier_remover__contamination_IF': 0.15, 'model': HistGradientBoostingRegressor(max_depth=5, random_state=42), 'imputer__knn_scaling_method': 'robust', 'imputer__knn_neighbors': 10, 'imputer__imputation_method': 'iterative', 'encoder__method': 'freq'}",,,,,,260,,,,,
22,0,2000,0.287347952524821,0.026771219885207337,0.0,0.0,rfe,6,hgb,8,minmax,"['car_age', 'mileage', 'tax', 'mpg']",3,"['car_age', 'mileage', 'engineSize']",Isolation_Forest,100,"['car_age', 'mileage', 'tax', 'mpg']","['tax', 'mpg']",0.05,0.15,"HistGradientBoostingRegressor(max_depth=5, random_state=42)",minmax,13,simple,freq,"{'selector__selection_method': 'rfe', 'selector__n_features_to_select': 6, 'selector__model_name': 'hgb', 'selector__k': 8, 'scaler__scaler_name': 'minmax', 'outlier_remover__z_columns': ['car_age', 'mileage', 'tax', 'mpg'], 'outlier_remover__threshold': 3, 'outlier_remover__sev_outliers_cols': ['car_age', 'mileage', 'engineSize'], 'outlier_remover__outlier_method': 'Isolation_Forest', 'outlier_remover__n_neighbors': 100, 'outlier_remover__model_columns': ['car_age', 'mileage', 'tax', 'mpg'], 'outlier_remover__mod_outliers_cols': ['tax', 'mpg'], 'outlier_remover__contamination_LOF': 0.05, 'outlier_remover__contamination_IF': 0.15, 'model': HistGradientBoostingRegressor(max_depth=5, random_state=42), 'imputer__knn_scaling_method': 'minmax', 'imputer__knn_neighbors': 13, 'imputer__imputation_method': 'simple', 'encoder__method': 'freq'}",,,,,,260,,,,,
23,0,2000,0.533397912979126,0.06971846387389752,0.0,0.0,rfe,6,hgb,5,minmax,"['car_age', 'mileage', 'tax', 'mpg']",3,"['car_age', 'mileage']",IQR,90,"['tax', 'mpg']","['car_age', 'mileage', 'tax', 'mpg']",0.5,0.3,"HistGradientBoostingRegressor(max_depth=5, random_state=42)",minmax,13,knn_modelwise,freq,"{'selector__selection_method': 'rfe', 'selector__n_features_to_select': 6, 'selector__model_name': 'hgb', 'selector__k': 5, 'scaler__scaler_name': 'minmax', 'outlier_remover__z_columns': ['car_age', 'mileage', 'tax', 'mpg'], 'outlier_remover__threshold': 3, 'outlier_remover__sev_outliers_cols': ['car_age', 'mileage'], 'outlier_remover__outlier_method': 'IQR', 'outlier_remover__n_neighbors': 90, 'outlier_remover__model_columns': ['tax', 'mpg'], 'outlier_remover__mod_outliers_cols': ['car_age', 'mileage', 'tax', 'mpg'], 'outlier_remover__contamination_LOF': 0.5, 'outlier_remover__contamination_IF': 0.3, 'model': HistGradientBoostingRegressor(max_depth=5, random_state=42), 'imputer__knn_scaling_method': 'minmax', 'imputer__knn_neighbors': 13, 'imputer__imputation_method': 'knn_modelwise', 'encoder__method': 'freq'}",,,,,,260,,,,,
24,0,2000,0.15918604532877603,0.030367080216499545,0.010854641596476236,0.0005646112164899934,kbest,10,hgb,8,minmax,"['car_age', 'mileage', 'tax', 'mpg']",3,"['car_age', 'mileage', 'engineSize']",z_score,30,"['tax', 'mpg']","['car_age', 'mileage', 'tax', 'mpg']",0.05,0.5,"HistGradientBoostingRegressor(max_depth=5, random_state=42)",standard,16,simple,freq,"{'selector__selection_method': 'kbest', 'selector__n_features_to_select': 10, 'selector__model_name': 'hgb', 'selector__k': 8, 'scaler__scaler_name': 'minmax', 'outlier_remover__z_columns': ['car_age', 'mileage', 'tax', 'mpg'], 'outlier_remover__threshold': 3, 'outlier_remover__sev_outliers_cols': ['car_age', 'mileage', 'engineSize'], 'outlier_remover__outlier_method': 'z_score', 'outlier_remover__n_neighbors': 30, 'outlier_remover__model_columns': ['tax', 'mpg'], 'outlier_remover__mod_outliers_cols': ['car_age', 'mileage', 'tax', 'mpg'], 'outlier_remover__contamination_LOF': 0.05, 'outlier_remover__contamination_IF': 0.5, 'model': HistGradientBoostingRegressor(max_depth=5, random_state=42), 'imputer__knn_scaling_method': 'standard', 'imputer__knn_neighbors': 16, 'imputer__imputation_method': 'simple', 'encoder__method': 'freq'}",-2781.4082414553236,-2662.799895408502,-2500.994378662635,-2648.40083850882,114.93036512392887,204,-2054.5348441111123,-2054.561015625104,-1909.9744771668147,-2006.3567789676772,68.15258002727614
25,0,2000,0.3624303340911865,0.016186085596233517,0.09742029507954915,0.00962281997962082,kbest,8,hgb,5,minmax,"['car_age', 'mileage', 'tax', 'mpg']",3,"['car_age', 'mileage']",Isolation_Forest,30,"['tax', 'mpg']","['tax', 'mpg']",0.15,0.15,"HistGradientBoostingRegressor(max_depth=5, random_state=42)",minmax,10,knn_modelwise,target,"{'selector__selection_method': 'kbest', 'selector__n_features_to_select': 8, 'selector__model_name': 'hgb', 'selector__k': 5, 'scaler__scaler_name': 'minmax', 'outlier_remover__z_columns': ['car_age', 'mileage', 'tax', 'mpg'], 'outlier_remover__threshold': 3, 'outlier_remover__sev_outliers_cols': ['car_age', 'mileage'], 'outlier_remover__outlier_method': 'Isolation_Forest', 'outlier_remover__n_neighbors': 30, 'outlier_remover__model_columns': ['tax', 'mpg'], 'outlier_remover__mod_outliers_cols': ['tax', 'mpg'], 'outlier_remover__contamination_LOF': 0.15, 'outlier_remover__contamination_IF': 0.15, 'model': HistGradientBoostingRegressor(max_depth=5, random_state=42), 'imputer__knn_scaling_method': 'minmax', 'imputer__knn_neighbors': 10, 'imputer__imputation_method': 'knn_modelwise', 'encoder__method': 'target'}",-2542.7913176237685,-3778.2729221711443,-2566.441913817038,-2962.5020512039832,576.9179162376362,237,-2213.8689099234707,-2943.320134622515,-2173.631955323449,-2443.6069999564784,353.73216407067895
26,0,2000,0.3105455239613851,0.0463625691081772,0.0,0.0,rfe,6,hgb,8,standard,"['car_age', 'mileage', 'tax', 'mpg']",3,"['car_age', 'mileage']",IQR,100,"['car_age', 'mileage', 'tax', 'mpg']","['car_age', 'mileage', 'tax', 'mpg']",0.15,0.05,"HistGradientBoostingRegressor(max_depth=5, random_state=42)",robust,20,iterative,target,"{'selector__selection_method': 'rfe', 'selector__n_features_to_select': 6, 'selector__model_name': 'hgb', 'selector__k': 8, 'scaler__scaler_name': 'standard', 'outlier_remover__z_columns': ['car_age', 'mileage', 'tax', 'mpg'], 'outlier_remover__threshold': 3, 'outlier_remover__sev_outliers_cols': ['car_age', 'mileage'], 'outlier_remover__outlier_method': 'IQR', 'outlier_remover__n_neighbors': 100, 'outlier_remover__model_columns': ['car_age', 'mileage', 'tax', 'mpg'], 'outlier_remover__mod_outliers_cols': ['car_age', 'mileage', 'tax', 'mpg'], 'outlier_remover__contamination_LOF': 0.15, 'outlier_remover__contamination_IF': 0.05, 'model': HistGradientBoostingRegressor(max_depth=5, random_state=42), 'imputer__knn_scaling_method': 'robust', 'imputer__knn_neighbors': 20, 'imputer__imputation_method': 'iterative', 'encoder__method': 'target'}",,,,,,260,,,,,
27,0,2000,0.4508935610453288,0.08284980292173204,0.0,0.0,model,10,hgb,5,minmax,"['car_age', 'mileage', 'tax', 'mpg']",2,"['car_age', 'mileage']",LOF,90,"['car_age', 'mileage', 'tax', 'mpg', 'engineSize']","['tax', 'mpg']",0.05,0.5,"HistGradientBoostingRegressor(max_depth=5, random_state=42)",minmax,10,knn_modelwise,freq,"{'selector__selection_method': 'model', 'selector__n_features_to_select': 10, 'selector__model_name': 'hgb', 'selector__k': 5, 'scaler__scaler_name': 'minmax', 'outlier_remover__z_columns': ['car_age', 'mileage', 'tax', 'mpg'], 'outlier_remover__threshold': 2, 'outlier_remover__sev_outliers_cols': ['car_age', 'mileage'], 'outlier_remover__outlier_method': 'LOF', 'outlier_remover__n_neighbors': 90, 'outlier_remover__model_columns': ['car_age', 'mileage', 'tax', 'mpg', 'engineSize'], 'outlier_remover__mod_outliers_cols': ['tax', 'mpg'], 'outlier_remover__contamination_LOF': 0.05, 'outlier_remover__contamination_IF': 0.5, 'model': HistGradientBoostingRegressor(max_depth=5, random_state=42), 'imputer__knn_scaling_method': 'minmax', 'imputer__knn_neighbors': 10, 'imputer__imputation_method': 'knn_modelwise', 'encoder__method': 'freq'}",,,,,,260,,,,,
28,0,2000,0.22063994407653809,0.05110393413154322,0.011723041534423828,0.002203734718129754,kbest,10,hgb,5,robust,"['car_age', 'mileage', 'tax', 'mpg']",3,"['car_age', 'mileage']",z_score,100,"['car_age', 'mileage', 'tax', 'mpg', 'engineSize']","['tax', 'mpg']",0.15,0.3,"HistGradientBoostingRegressor(max_depth=5, random_state=42)",standard,19,iterative,target,"{'selector__selection_method': 'kbest', 'selector__n_features_to_select': 10, 'selector__model_name': 'hgb', 'selector__k': 5, 'scaler__scaler_name': 'robust', 'outlier_remover__z_columns': ['car_age', 'mileage', 'tax', 'mpg'], 'outlier_remover__threshold': 3, 'outlier_remover__sev_outliers_cols': ['car_age', 'mileage'], 'outlier_remover__outlier_method': 'z_score', 'outlier_remover__n_neighbors': 100, 'outlier_remover__model_columns': ['car_age', 'mileage', 'tax', 'mpg', 'engineSize'], 'outlier_remover__mod_outliers_cols': ['tax', 'mpg'], 'outlier_remover__contamination_LOF': 0.15, 'outlier_remover__contamination_IF': 0.3, 'model': HistGradientBoostingRegressor(max_depth=5, random_state=42), 'imputer__knn_scaling_method': 'standard', 'imputer__knn_neighbors': 19, 'imputer__imputation_method': 'iterative', 'encoder__method': 'target'}",-2592.837020349068,-2517.3573900443844,-2539.2785861790926,-2549.8243321908485,31.703871655696137,188,-2116.9650093419673,-2108.5664698252504,-2019.533148348941,-2081.6882091720527,44.0838031930626
29,0,2000,0.34903136889139813,0.01759239557860567,0.0,0.0,rfe,6,hgb,5,minmax,"['car_age', 'mileage', 'tax', 'mpg']",2,"['car_age', 'mileage']",Isolation_Forest,30,"['tax', 'mpg']","['tax', 'mpg']",0.5,0.3,"HistGradientBoostingRegressor(max_depth=5, random_state=42)",standard,19,iterative,freq,"{'selector__selection_method': 'rfe', 'selector__n_features_to_select': 6, 'selector__model_name': 'hgb', 'selector__k': 5, 'scaler__scaler_name': 'minmax', 'outlier_remover__z_columns': ['car_age', 'mileage', 'tax', 'mpg'], 'outlier_remover__threshold': 2, 'outlier_remover__sev_outliers_cols': ['car_age', 'mileage'], 'outlier_remover__outlier_method': 'Isolation_Forest', 'outlier_remover__n_neighbors': 30, 'outlier_remover__model_columns': ['tax', 'mpg'], 'outlier_remover__mod_outliers_cols': ['tax', 'mpg'], 'outlier_remover__contamination_LOF': 0.5, 'outlier_remover__contamination_IF': 0.3, 'model': HistGradientBoostingRegressor(max_depth=5, random_state=42), 'imputer__knn_scaling_method': 'standard', 'imputer__knn_neighbors': 19, 'imputer__imputation_method': 'iterative', 'encoder__method': 'freq'}",,,,,,260,,,,,
30,0,2000,0.1730652650197347,0.03487361650761887,0.011916875839233398,0.0023233990312652043,kbest,10,hgb,6,robust,"['car_age', 'mileage', 'tax', 'mpg']",3,"['car_age', 'mileage', 'engineSize']",z_score,30,"['car_age', 'mileage', 'tax', 'mpg']","['tax', 'mpg']",0.5,0.3,"HistGradientBoostingRegressor(max_depth=5, random_state=42)",standard,13,simple,target,"{'selector__selection_method': 'kbest', 'selector__n_features_to_select': 10, 'selector__model_name': 'hgb', 'selector__k': 6, 'scaler__scaler_name': 'robust', 'outlier_remover__z_columns': ['car_age', 'mileage', 'tax', 'mpg'], 'outlier_remover__threshold': 3, 'outlier_remover__sev_outliers_cols': ['car_age', 'mileage', 'engineSize'], 'outlier_remover__outlier_method': 'z_score', 'outlier_remover__n_neighbors': 30, 'outlier_remover__model_columns': ['car_age', 'mileage', 'tax', 'mpg'], 'outlier_remover__mod_outliers_cols': ['tax', 'mpg'], 'outlier_remover__contamination_LOF': 0.5, 'outlier_remover__contamination_IF': 0.3, 'model': HistGradientBoostingRegressor(max_depth=5, random_state=42), 'imputer__knn_scaling_method': 'standard', 'imputer__knn_neighbors': 13, 'imputer__imputation_method': 'simple', 'encoder__method': 'target'}",-2621.9552417306145,-2326.2857592076653,-2402.8868262537003,-2450.3759423973265,125.29039026178151,166,-1844.792842524137,-1760.2625015878418,-1757.6817358015014,-1787.579026637827,40.46999410440157
31,0,2000,0.3739354610443115,0.03370923046235044,0.0,0.0,model,10,hgb,7,minmax,"['car_age', 'mileage', 'tax', 'mpg']",3,"['car_age', 'mileage']",LOF,100,"['tax', 'mpg']","['car_age', 'mileage', 'tax', 'mpg']",0.5,0.05,"HistGradientBoostingRegressor(max_depth=5, random_state=42)",standard,14,knn_modelwise,target,"{'selector__selection_method': 'model', 'selector__n_features_to_select': 10, 'selector__model_name': 'hgb', 'selector__k': 7, 'scaler__scaler_name': 'minmax', 'outlier_remover__z_columns': ['car_age', 'mileage', 'tax', 'mpg'], 'outlier_remover__threshold': 3, 'outlier_remover__sev_outliers_cols': ['car_age', 'mileage'], 'outlier_remover__outlier_method': 'LOF', 'outlier_remover__n_neighbors': 100, 'outlier_remover__model_columns': ['tax', 'mpg'], 'outlier_remover__mod_outliers_cols': ['car_age', 'mileage', 'tax', 'mpg'], 'outlier_remover__contamination_LOF': 0.5, 'outlier_remover__contamination_IF': 0.05, 'model': HistGradientBoostingRegressor(max_depth=5, random_state=42), 'imputer__knn_scaling_method': 'standard', 'imputer__knn_neighbors': 14, 'imputer__imputation_method': 'knn_modelwise', 'encoder__method': 'target'}",,,,,,260,,,,,
32,0,2000,0.3078780174255371,0.026705153369281247,0.0,0.0,rfe,6,hgb,10,robust,"['car_age', 'mileage', 'tax', 'mpg']",3,"['car_age', 'mileage']",Isolation_Forest,100,"['tax', 'mpg']","['tax', 'mpg']",0.05,0.15,"HistGradientBoostingRegressor(max_depth=5, random_state=42)",robust,20,iterative,target,"{'selector__selection_method': 'rfe', 'selector__n_features_to_select': 6, 'selector__model_name': 'hgb', 'selector__k': 10, 'scaler__scaler_name': 'robust', 'outlier_remover__z_columns': ['car_age', 'mileage', 'tax', 'mpg'], 'outlier_remover__threshold': 3, 'outlier_remover__sev_outliers_cols': ['car_age', 'mileage'], 'outlier_remover__outlier_method': 'Isolation_Forest', 'outlier_remover__n_neighbors': 100, 'outlier_remover__model_columns': ['tax', 'mpg'], 'outlier_remover__mod_outliers_cols': ['tax', 'mpg'], 'outlier_remover__contamination_LOF': 0.05, 'outlier_remover__contamination_IF': 0.15, 'model': HistGradientBoostingRegressor(max_depth=5, random_state=42), 'imputer__knn_scaling_method': 'robust', 'imputer__knn_neighbors': 20, 'imputer__imputation_method': 'iterative', 'encoder__method': 'target'}",,,,,,260,,,,,
33,0,2000,0.2832276026407878,0.09936018636578632,0.0,0.0,rfe,9,hgb,8,robust,"['car_age', 'mileage', 'tax', 'mpg']",3,"['car_age', 'mileage', 'engineSize']",LOF,70,"['car_age', 'mileage', 'tax', 'mpg', 'engineSize']","['tax', 'mpg']",0.05,0.5,"HistGradientBoostingRegressor(max_depth=5, random_state=42)",standard,12,simple,target,"{'selector__selection_method': 'rfe', 'selector__n_features_to_select': 9, 'selector__model_name': 'hgb', 'selector__k': 8, 'scaler__scaler_name': 'robust', 'outlier_remover__z_columns': ['car_age', 'mileage', 'tax', 'mpg'], 'outlier_remover__threshold': 3, 'outlier_remover__sev_outliers_cols': ['car_age', 'mileage', 'engineSize'], 'outlier_remover__outlier_method': 'LOF', 'outlier_remover__n_neighbors': 70, 'outlier_remover__model_columns': ['car_age', 'mileage', 'tax', 'mpg', 'engineSize'], 'outlier_remover__mod_outliers_cols': ['tax', 'mpg'], 'outlier_remover__contamination_LOF': 0.05, 'outlier_remover__contamination_IF': 0.5, 'model': HistGradientBoostingRegressor(max_depth=5, random_state=42), 'imputer__knn_scaling_method': 'standard', 'imputer__knn_neighbors': 12, 'imputer__imputation_method': 'simple', 'encoder__method': 'target'}",,,,,,260,,,,,
34,0,2000,0.24913493792215982,0.03247292191608465,0.012862284978230795,0.0003242461315015838,kbest,5,hgb,7,minmax,"['car_age', 'mileage', 'tax', 'mpg']",2,"['car_age', 'mileage', 'engineSize']",IQR,90,"['tax', 'mpg']","['tax', 'mpg']",0.3,0.05,"HistGradientBoostingRegressor(max_depth=5, random_state=42)",robust,11,iterative,target,"{'selector__selection_method': 'kbest', 'selector__n_features_to_select': 5, 'selector__model_name': 'hgb', 'selector__k': 7, 'scaler__scaler_name': 'minmax', 'outlier_remover__z_columns': ['car_age', 'mileage', 'tax', 'mpg'], 'outlier_remover__threshold': 2, 'outlier_remover__sev_outliers_cols': ['car_age', 'mileage', 'engineSize'], 'outlier_remover__outlier_method': 'IQR', 'outlier_remover__n_neighbors': 90, 'outlier_remover__model_columns': ['tax', 'mpg'], 'outlier_remover__mod_outliers_cols': ['tax', 'mpg'], 'outlier_remover__contamination_LOF': 0.3, 'outlier_remover__contamination_IF': 0.05, 'model': HistGradientBoostingRegressor(max_depth=5, random_state=42), 'imputer__knn_scaling_method': 'robust', 'imputer__knn_neighbors': 11, 'imputer__imputation_method': 'iterative', 'encoder__method': 'target'}",-2598.1355450160313,-2313.1803941645003,-2208.8244870010008,-2373.3801420605105,164.5372950797742,150,-1712.4856882303498,-1657.832841866146,-1582.683838379411,-1651.000789491969,53.21113768697947
35,0,2000,0.29097557067871094,0.028094375066081947,0.0,0.0,model,8,hgb,5,standard,"['car_age', 'mileage', 'tax', 'mpg']",2,"['car_age', 'mileage']",z_score,30,"['car_age', 'mileage', 'tax', 'mpg']","['car_age', 'mileage', 'tax', 'mpg']",0.05,0.5,"HistGradientBoostingRegressor(max_depth=5, random_state=42)",standard,13,simple,target,"{'selector__selection_method': 'model', 'selector__n_features_to_select': 8, 'selector__model_name': 'hgb', 'selector__k': 5, 'scaler__scaler_name': 'standard', 'outlier_remover__z_columns': ['car_age', 'mileage', 'tax', 'mpg'], 'outlier_remover__threshold': 2, 'outlier_remover__sev_outliers_cols': ['car_age', 'mileage'], 'outlier_remover__outlier_method': 'z_score', 'outlier_remover__n_neighbors': 30, 'outlier_remover__model_columns': ['car_age', 'mileage', 'tax', 'mpg'], 'outlier_remover__mod_outliers_cols': ['car_age', 'mileage', 'tax', 'mpg'], 'outlier_remover__contamination_LOF': 0.05, 'outlier_remover__contamination_IF': 0.5, 'model': HistGradientBoostingRegressor(max_depth=5, random_state=42), 'imputer__knn_scaling_method': 'standard', 'imputer__knn_neighbors': 13, 'imputer__imputation_method': 'simple', 'encoder__method': 'target'}",,,,,,260,,,,,
36,0,2000,0.19794368743896484,0.02955786591895547,0.014304717381795248,0.0025723778444295617,kbest,5,hgb,6,robust,"['car_age', 'mileage', 'tax', 'mpg']",2,"['car_age', 'mileage']",IQR,30,"['tax', 'mpg']","['car_age', 'mileage', 'tax', 'mpg']",0.15,0.05,"HistGradientBoostingRegressor(max_depth=5, random_state=42)",minmax,19,iterative,freq,"{'selector__selection_method': 'kbest', 'selector__n_features_to_select': 5, 'selector__model_name': 'hgb', 'selector__k': 6, 'scaler__scaler_name': 'robust', 'outlier_remover__z_columns': ['car_age', 'mileage', 'tax', 'mpg'], 'outlier_remover__threshold': 2, 'outlier_remover__sev_outliers_cols': ['car_age', 'mileage'], 'outlier_remover__outlier_method': 'IQR', 'outlier_remover__n_neighbors': 30, 'outlier_remover__model_columns': ['tax', 'mpg'], 'outlier_remover__mod_outliers_cols': ['car_age', 'mileage', 'tax', 'mpg'], 'outlier_remover__contamination_LOF': 0.15, 'outlier_remover__contamination_IF': 0.05, 'model': HistGradientBoostingRegressor(max_depth=5, random_state=42), 'imputer__knn_scaling_method': 'minmax', 'imputer__knn_neighbors': 19, 'imputer__imputation_method': 'iterative', 'encoder__method': 'freq'}",-3156.503003064176,-2908.454819209844,-2824.8657422811402,-2963.2745215183872,140.83020037339708,238,-2377.080916181823,-2342.9796821091013,-2199.3359709693927,-2306.465523086772,77.0206865890517
37,0,2000,0.26021401087443036,0.009938360877219188,0.013124783833821615,0.0024897482043472257,kbest,7,hgb,9,standard,"['car_age', 'mileage', 'tax', 'mpg']",2,"['car_age', 'mileage']",LOF,70,"['tax', 'mpg']","['tax', 'mpg']",0.3,0.5,"HistGradientBoostingRegressor(max_depth=5, random_state=42)",standard,13,simple,target,"{'selector__selection_method': 'kbest', 'selector__n_features_to_select': 7, 'selector__model_name': 'hgb', 'selector__k': 9, 'scaler__scaler_name': 'standard', 'outlier_remover__z_columns': ['car_age', 'mileage', 'tax', 'mpg'], 'outlier_remover__threshold': 2, 'outlier_remover__sev_outliers_cols': ['car_age', 'mileage'], 'outlier_remover__outlier_method': 'LOF', 'outlier_remover__n_neighbors': 70, 'outlier_remover__model_columns': ['tax', 'mpg'], 'outlier_remover__mod_outliers_cols': ['tax', 'mpg'], 'outlier_remover__contamination_LOF': 0.3, 'outlier_remover__contamination_IF': 0.5, 'model': HistGradientBoostingRegressor(max_depth=5, random_state=42), 'imputer__knn_scaling_method': 'standard', 'imputer__knn_neighbors': 13, 'imputer__imputation_method': 'simple', 'encoder__method': 'target'}",-2715.0581393612797,-2457.081729513744,-2430.812808615973,-2534.3175591636655,128.25204884370194,186,-2090.7572296211824,-1925.827334624461,-2053.250483091689,-2023.278349112444,70.5890179246968
38,0,2000,0.5123757521311442,0.030119999394119027,0.0,0.0,rfe,6,hgb,5,standard,"['car_age', 'mileage', 'tax', 'mpg']",3,"['car_age', 'mileage']",Isolation_Forest,90,"['car_age', 'mileage', 'tax', 'mpg']","['car_age', 'mileage', 'tax', 'mpg']",0.05,0.05,"HistGradientBoostingRegressor(max_depth=5, random_state=42)",minmax,18,knn_modelwise,target,"{'selector__selection_method': 'rfe', 'selector__n_features_to_select': 6, 'selector__model_name': 'hgb', 'selector__k': 5, 'scaler__scaler_name': 'standard', 'outlier_remover__z_columns': ['car_age', 'mileage', 'tax', 'mpg'], 'outlier_remover__threshold': 3, 'outlier_remover__sev_outliers_cols': ['car_age', 'mileage'], 'outlier_remover__outlier_method': 'Isolation_Forest', 'outlier_remover__n_neighbors': 90, 'outlier_remover__model_columns': ['car_age', 'mileage', 'tax', 'mpg'], 'outlier_remover__mod_outliers_cols': ['car_age', 'mileage', 'tax', 'mpg'], 'outlier_remover__contamination_LOF': 0.05, 'outlier_remover__contamination_IF': 0.05, 'model': HistGradientBoostingRegressor(max_depth=5, random_state=42), 'imputer__knn_scaling_method': 'minmax', 'imputer__knn_neighbors': 18, 'imputer__imputation_method': 'knn_modelwise', 'encoder__method': 'target'}",,,,,,260,,,,,
39,0,2000,0.14511783917744955,0.006853653799643071,0.009455283482869467,0.0017168321330797954,kbest,6,hgb,7,minmax,"['car_age', 'mileage', 'tax', 'mpg']",3,"['car_age', 'mileage']",IQR,70,"['car_age', 'mileage', 'tax', 'mpg']","['tax', 'mpg']",0.05,0.3,"HistGradientBoostingRegressor(max_depth=5, random_state=42)",robust,14,iterative,target,"{'selector__selection_method': 'kbest', 'selector__n_features_to_select': 6, 'selector__model_name': 'hgb', 'selector__k': 7, 'scaler__scaler_name': 'minmax', 'outlier_remover__z_columns': ['car_age', 'mileage', 'tax', 'mpg'], 'outlier_remover__threshold': 3, 'outlier_remover__sev_outliers_cols': ['car_age', 'mileage'], 'outlier_remover__outlier_method': 'IQR', 'outlier_remover__n_neighbors': 70, 'outlier_remover__model_columns': ['car_age', 'mileage', 'tax', 'mpg'], 'outlier_remover__mod_outliers_cols': ['tax', 'mpg'], 'outlier_remover__contamination_LOF': 0.05, 'outlier_remover__contamination_IF': 0.3, 'model': HistGradientBoostingRegressor(max_depth=5, random_state=42), 'imputer__knn_scaling_method': 'robust', 'imputer__knn_neighbors': 14, 'imputer__imputation_method': 'iterative', 'encoder__method': 'target'}",-2598.1355450160313,-2313.1803941645003,-2208.8244870010008,-2373.3801420605105,164.5372950797742,150,-1712.4856882303498,-1657.832841866146,-1582.683838379411,-1651.000789491969,53.21113768697947
40,0,2000,0.32159002621968585,0.018782664568268888,0.0,0.0,rfe,8,hgb,7,minmax,"['car_age', 'mileage', 'tax', 'mpg']",2,"['car_age', 'mileage', 'engineSize']",Isolation_Forest,70,"['car_age', 'mileage', 'tax', 'mpg', 'engineSize']","['tax', 'mpg']",0.5,0.3,"HistGradientBoostingRegressor(max_depth=5, random_state=42)",standard,12,iterative,target,"{'selector__selection_method': 'rfe', 'selector__n_features_to_select': 8, 'selector__model_name': 'hgb', 'selector__k': 7, 'scaler__scaler_name': 'minmax', 'outlier_remover__z_columns': ['car_age', 'mileage', 'tax', 'mpg'], 'outlier_remover__threshold': 2, 'outlier_remover__sev_outliers_cols': ['car_age', 'mileage', 'engineSize'], 'outlier_remover__outlier_method': 'Isolation_Forest', 'outlier_remover__n_neighbors': 70, 'outlier_remover__model_columns': ['car_age', 'mileage', 'tax', 'mpg', 'engineSize'], 'outlier_remover__mod_outliers_cols': ['tax', 'mpg'], 'outlier_remover__contamination_LOF': 0.5, 'outlier_remover__contamination_IF': 0.3, 'model': HistGradientBoostingRegressor(max_depth=5, random_state=42), 'imputer__knn_scaling_method': 'standard', 'imputer__knn_neighbors': 12, 'imputer__imputation_method': 'iterative', 'encoder__method': 'target'}",,,,,,260,,,,,
41,0,2000,0.13089187939961752,0.005409754162505733,0.008573532104492188,0.0005508281391908411,kbest,8,hgb,10,robust,"['car_age', 'mileage', 'tax', 'mpg']",2,"['car_age', 'mileage']",LOF,100,"['car_age', 'mileage', 'tax', 'mpg']","['car_age', 'mileage', 'tax', 'mpg']",0.5,0.15,"HistGradientBoostingRegressor(max_depth=5, random_state=42)",robust,11,iterative,freq,"{'selector__selection_method': 'kbest', 'selector__n_features_to_select': 8, 'selector__model_name': 'hgb', 'selector__k': 10, 'scaler__scaler_name': 'robust', 'outlier_remover__z_columns': ['car_age', 'mileage', 'tax', 'mpg'], 'outlier_remover__threshold': 2, 'outlier_remover__sev_outliers_cols': ['car_age', 'mileage'], 'outlier_remover__outlier_method': 'LOF', 'outlier_remover__n_neighbors': 100, 'outlier_remover__model_columns': ['car_age', 'mileage', 'tax', 'mpg'], 'outlier_remover__mod_outliers_cols': ['car_age', 'mileage', 'tax', 'mpg'], 'outlier_remover__contamination_LOF': 0.5, 'outlier_remover__contamination_IF': 0.15, 'model': HistGradientBoostingRegressor(max_depth=5, random_state=42), 'imputer__knn_scaling_method': 'robust', 'imputer__knn_neighbors': 11, 'imputer__imputation_method': 'iterative', 'encoder__method': 'freq'}",-3190.5021618111227,-2787.326287013094,-2701.458671045702,-2893.0957066233063,213.1998460889343,228,-2665.5862340278363,-2311.59161018073,-2338.352899524305,-2438.5102479109573,160.9382267725673
42,0,2000,0.3922610282897949,0.032544109996557,0.0,0.0,rfe,7,hgb,10,minmax,"['car_age', 'mileage', 'tax', 'mpg']",2,"['car_age', 'mileage', 'engineSize']",Isolation_Forest,100,"['car_age', 'mileage', 'tax', 'mpg']","['car_age', 'mileage', 'tax', 'mpg']",0.05,0.05,"HistGradientBoostingRegressor(max_depth=5, random_state=42)",standard,17,iterative,freq,"{'selector__selection_method': 'rfe', 'selector__n_features_to_select': 7, 'selector__model_name': 'hgb', 'selector__k': 10, 'scaler__scaler_name': 'minmax', 'outlier_remover__z_columns': ['car_age', 'mileage', 'tax', 'mpg'], 'outlier_remover__threshold': 2, 'outlier_remover__sev_outliers_cols': ['car_age', 'mileage', 'engineSize'], 'outlier_remover__outlier_method': 'Isolation_Forest', 'outlier_remover__n_neighbors': 100, 'outlier_remover__model_columns': ['car_age', 'mileage', 'tax', 'mpg'], 'outlier_remover__mod_outliers_cols': ['car_age', 'mileage', 'tax', 'mpg'], 'outlier_remover__contamination_LOF': 0.05, 'outlier_remover__contamination_IF': 0.05, 'model': HistGradientBoostingRegressor(max_depth=5, random_state=42), 'imputer__knn_scaling_method': 'standard', 'imputer__knn_neighbors': 17, 'imputer__imputation_method': 'iterative', 'encoder__method': 'freq'}",,,,,,260,,,,,
43,0,2000,0.1527573267618815,0.025131532679119675,0.008263031641642252,0.0021336644407158913,kbest,6,hgb,10,minmax,"['car_age', 'mileage', 'tax', 'mpg']",3,"['car_age', 'mileage', 'engineSize']",z_score,50,"['car_age', 'mileage', 'tax', 'mpg', 'engineSize']","['tax', 'mpg']",0.3,0.5,"HistGradientBoostingRegressor(max_depth=5, random_state=42)",minmax,12,simple,freq,"{'selector__selection_method': 'kbest', 'selector__n_features_to_select': 6, 'selector__model_name': 'hgb', 'selector__k': 10, 'scaler__scaler_name': 'minmax', 'outlier_remover__z_columns': ['car_age', 'mileage', 'tax', 'mpg'], 'outlier_remover__threshold': 3, 'outlier_remover__sev_outliers_cols': ['car_age', 'mileage', 'engineSize'], 'outlier_remover__outlier_method': 'z_score', 'outlier_remover__n_neighbors': 50, 'outlier_remover__model_columns': ['car_age', 'mileage', 'tax', 'mpg', 'engineSize'], 'outlier_remover__mod_outliers_cols': ['tax', 'mpg'], 'outlier_remover__contamination_LOF': 0.3, 'outlier_remover__contamination_IF': 0.5, 'model': HistGradientBoostingRegressor(max_depth=5, random_state=42), 'imputer__knn_scaling_method': 'minmax', 'imputer__knn_neighbors': 12, 'imputer__imputation_method': 'simple', 'encoder__method': 'freq'}",-2745.69106763675,-2423.16333927498,-2418.602289937357,-2529.152232283029,153.1274005635493,184,-1911.1474401914938,-1835.5124331991512,-1809.898436619949,-1852.1861033368648,42.983319539511534
44,0,2000,0.26543227831522626,0.01754581592614375,0.0,0.0,rfe,8,hgb,6,minmax,"['car_age', 'mileage', 'tax', 'mpg']",3,"['car_age', 'mileage', 'engineSize']",z_score,70,"['car_age', 'mileage', 'tax', 'mpg']","['car_age', 'mileage', 'tax', 'mpg']",0.3,0.15,"HistGradientBoostingRegressor(max_depth=5, random_state=42)",standard,18,simple,freq,"{'selector__selection_method': 'rfe', 'selector__n_features_to_select': 8, 'selector__model_name': 'hgb', 'selector__k': 6, 'scaler__scaler_name': 'minmax', 'outlier_remover__z_columns': ['car_age', 'mileage', 'tax', 'mpg'], 'outlier_remover__threshold': 3, 'outlier_remover__sev_outliers_cols': ['car_age', 'mileage', 'engineSize'], 'outlier_remover__outlier_method': 'z_score', 'outlier_remover__n_neighbors': 70, 'outlier_remover__model_columns': ['car_age', 'mileage', 'tax', 'mpg'], 'outlier_remover__mod_outliers_cols': ['car_age', 'mileage', 'tax', 'mpg'], 'outlier_remover__contamination_LOF': 0.3, 'outlier_remover__contamination_IF': 0.15, 'model': HistGradientBoostingRegressor(max_depth=5, random_state=42), 'imputer__knn_scaling_method': 'standard', 'imputer__knn_neighbors': 18, 'imputer__imputation_method': 'simple', 'encoder__method': 'freq'}",,,,,,260,,,,,
45,0,2000,0.12132064501444499,0.004943712828541495,0.008199612299601236,0.0008651116036749917,kbest,5,hgb,6,robust,"['car_age', 'mileage', 'tax', 'mpg']",3,"['car_age', 'mileage']",LOF,90,"['car_age', 'mileage', 'tax', 'mpg', 'engineSize']","['car_age', 'mileage', 'tax', 'mpg']",0.5,0.3,"HistGradientBoostingRegressor(max_depth=5, random_state=42)",standard,19,simple,target,"{'selector__selection_method': 'kbest', 'selector__n_features_to_select': 5, 'selector__model_name': 'hgb', 'selector__k': 6, 'scaler__scaler_name': 'robust', 'outlier_remover__z_columns': ['car_age', 'mileage', 'tax', 'mpg'], 'outlier_remover__threshold': 3, 'outlier_remover__sev_outliers_cols': ['car_age', 'mileage'], 'outlier_remover__outlier_method': 'LOF', 'outlier_remover__n_neighbors': 90, 'outlier_remover__model_columns': ['car_age', 'mileage', 'tax', 'mpg', 'engineSize'], 'outlier_remover__mod_outliers_cols': ['car_age', 'mileage', 'tax', 'mpg'], 'outlier_remover__contamination_LOF': 0.5, 'outlier_remover__contamination_IF': 0.3, 'model': HistGradientBoostingRegressor(max_depth=5, random_state=42), 'imputer__knn_scaling_method': 'standard', 'imputer__knn_neighbors': 19, 'imputer__imputation_method': 'simple', 'encoder__method': 'target'}",-2771.5177065226867,-2480.1675695868903,-2669.709653730333,-2640.464976613303,120.72741728893871,201,-2391.255186513154,-2153.726879441846,-2200.4460757160314,-2248.476047223677,102.74590920424149
46,0,2000,0.4242859681447347,0.0366151308258268,0.0,0.0,rfe,9,hgb,5,robust,"['car_age', 'mileage', 'tax', 'mpg']",3,"['car_age', 'mileage', 'engineSize']",IQR,70,"['car_age', 'mileage', 'tax', 'mpg']","['car_age', 'mileage', 'tax', 'mpg']",0.3,0.5,"HistGradientBoostingRegressor(max_depth=5, random_state=42)",robust,19,knn_modelwise,freq,"{'selector__selection_method': 'rfe', 'selector__n_features_to_select': 9, 'selector__model_name': 'hgb', 'selector__k': 5, 'scaler__scaler_name': 'robust', 'outlier_remover__z_columns': ['car_age', 'mileage', 'tax', 'mpg'], 'outlier_remover__threshold': 3, 'outlier_remover__sev_outliers_cols': ['car_age', 'mileage', 'engineSize'], 'outlier_remover__outlier_method': 'IQR', 'outlier_remover__n_neighbors': 70, 'outlier_remover__model_columns': ['car_age', 'mileage', 'tax', 'mpg'], 'outlier_remover__mod_outliers_cols': ['car_age', 'mileage', 'tax', 'mpg'], 'outlier_remover__contamination_LOF': 0.3, 'outlier_remover__contamination_IF': 0.5, 'model': HistGradientBoostingRegressor(max_depth=5, random_state=42), 'imputer__knn_scaling_method': 'robust', 'imputer__knn_neighbors': 19, 'imputer__imputation_method': 'knn_modelwise', 'encoder__method': 'freq'}",,,,,,260,,,,,
47,0,2000,0.26663994789123535,0.015394719972173338,0.09998099009195964,0.020296996798620567,kbest,6,hgb,5,standard,"['car_age', 'mileage', 'tax', 'mpg']",2,"['car_age', 'mileage', 'engineSize']",LOF,70,"['tax', 'mpg']","['car_age', 'mileage', 'tax', 'mpg']",0.3,0.5,"HistGradientBoostingRegressor(max_depth=5, random_state=42)",standard,14,knn_modelwise,target,"{'selector__selection_method': 'kbest', 'selector__n_features_to_select': 6, 'selector__model_name': 'hgb', 'selector__k': 5, 'scaler__scaler_name': 'standard', 'outlier_remover__z_columns': ['car_age', 'mileage', 'tax', 'mpg'], 'outlier_remover__threshold': 2, 'outlier_remover__sev_outliers_cols': ['car_age', 'mileage', 'engineSize'], 'outlier_remover__outlier_method': 'LOF', 'outlier_remover__n_neighbors': 70, 'outlier_remover__model_columns': ['tax', 'mpg'], 'outlier_remover__mod_outliers_cols': ['car_age', 'mileage', 'tax', 'mpg'], 'outlier_remover__contamination_LOF': 0.3, 'outlier_remover__contamination_IF': 0.5, 'model': HistGradientBoostingRegressor(max_depth=5, random_state=42), 'imputer__knn_scaling_method': 'standard', 'imputer__knn_neighbors': 14, 'imputer__imputation_method': 'knn_modelwise', 'encoder__method': 'target'}",-2707.1313216687245,-3919.011874229587,-3777.185610078383,-3467.776268658898,540.9647085451662,257,-2389.8873764928962,-3070.4661664053174,-3241.716813050787,-2900.690118649667,367.89606959962674
48,0,2000,0.42454028129577637,0.041270842160070625,0.0,0.0,rfe,9,hgb,5,standard,"['car_age', 'mileage', 'tax', 'mpg']",2,"['car_age', 'mileage', 'engineSize']",LOF,90,"['tax', 'mpg']","['car_age', 'mileage', 'tax', 'mpg']",0.15,0.3,"HistGradientBoostingRegressor(max_depth=5, random_state=42)",standard,18,knn_modelwise,target,"{'selector__selection_method': 'rfe', 'selector__n_features_to_select': 9, 'selector__model_name': 'hgb', 'selector__k': 5, 'scaler__scaler_name': 'standard', 'outlier_remover__z_columns': ['car_age', 'mileage', 'tax', 'mpg'], 'outlier_remover__threshold': 2, 'outlier_remover__sev_outliers_cols': ['car_age', 'mileage', 'engineSize'], 'outlier_remover__outlier_method': 'LOF', 'outlier_remover__n_neighbors': 90, 'outlier_remover__model_columns': ['tax', 'mpg'], 'outlier_remover__mod_outliers_cols': ['car_age', 'mileage', 'tax', 'mpg'], 'outlier_remover__contamination_LOF': 0.15, 'outlier_remover__contamination_IF': 0.3, 'model': HistGradientBoostingRegressor(max_depth=5, random_state=42), 'imputer__knn_scaling_method': 'standard', 'imputer__knn_neighbors': 18, 'imputer__imputation_method': 'knn_modelwise', 'encoder__method': 'target'}",,,,,,260,,,,,
49,0,2000,0.23441704114278158,0.006829474529049359,0.0,0.0,rfe,6,hgb,6,minmax,"['car_age', 'mileage', 'tax', 'mpg']",2,"['car_age', 'mileage', 'engineSize']",z_score,100,"['car_age', 'mileage', 'tax', 'mpg', 'engineSize']","['tax', 'mpg']",0.05,0.5,"HistGradientBoostingRegressor(max_depth=5, random_state=42)",standard,17,iterative,freq,"{'selector__selection_method': 'rfe', 'selector__n_features_to_select': 6, 'selector__model_name': 'hgb', 'selector__k': 6, 'scaler__scaler_name': 'minmax', 'outlier_remover__z_columns': ['car_age', 'mileage', 'tax', 'mpg'], 'outlier_remover__threshold': 2, 'outlier_remover__sev_outliers_cols': ['car_age', 'mileage', 'engineSize'], 'outlier_remover__outlier_method': 'z_score', 'outlier_remover__n_neighbors': 100, 'outlier_remover__model_columns': ['car_age', 'mileage', 'tax', 'mpg', 'engineSize'], 'outlier_remover__mod_outliers_cols': ['tax', 'mpg'], 'outlier_remover__contamination_LOF': 0.05, 'outlier_remover__contamination_IF': 0.5, 'model': HistGradientBoostingRegressor(max_depth=5, random_state=42), 'imputer__knn_scaling_method': 'standard', 'imputer__knn_neighbors': 17, 'imputer__imputation_method': 'iterative', 'encoder__method': 'freq'}",,,,,,260,,,,,
50,0,2000,0.32130956649780273,0.014008120788472151,0.006441354751586914,0.0009217336889202711,rfe,10,hgb,8,robust,"['car_age', 'mileage', 'tax', 'mpg']",2,"['car_age', 'mileage']",z_score,30,"['car_age', 'mileage', 'tax', 'mpg']","['car_age', 'mileage', 'tax', 'mpg']",0.05,0.3,"HistGradientBoostingRegressor(max_depth=5, random_state=42)",standard,19,simple,freq,"{'selector__selection_method': 'rfe', 'selector__n_features_to_select': 10, 'selector__model_name': 'hgb', 'selector__k': 8, 'scaler__scaler_name': 'robust', 'outlier_remover__z_columns': ['car_age', 'mileage', 'tax', 'mpg'], 'outlier_remover__threshold': 2, 'outlier_remover__sev_outliers_cols': ['car_age', 'mileage'], 'outlier_remover__outlier_method': 'z_score', 'outlier_remover__n_neighbors': 30, 'outlier_remover__model_columns': ['car_age', 'mileage', 'tax', 'mpg'], 'outlier_remover__mod_outliers_cols': ['car_age', 'mileage', 'tax', 'mpg'], 'outlier_remover__contamination_LOF': 0.05, 'outlier_remover__contamination_IF': 0.3, 'model': HistGradientBoostingRegressor(max_depth=5, random_state=42), 'imputer__knn_scaling_method': 'standard', 'imputer__knn_neighbors': 19, 'imputer__imputation_method': 'simple', 'encoder__method': 'freq'}",-2786.971039823407,-2436.077449809592,-2428.9016355093645,-2550.650041714121,167.12985707376293,189,-1925.7870252440366,-1843.3154718418912,-1829.3194349282082,-1866.1406440047122,42.56164438029805
51,0,2000,0.2168445587158203,0.02870772049408598,0.0,0.0,rfe,7,hgb,9,minmax,"['car_age', 'mileage', 'tax', 'mpg']",3,"['car_age', 'mileage']",z_score,30,"['car_age', 'mileage', 'tax', 'mpg']","['car_age', 'mileage', 'tax', 'mpg']",0.3,0.15,"HistGradientBoostingRegressor(max_depth=5, random_state=42)",robust,18,simple,freq,"{'selector__selection_method': 'rfe', 'selector__n_features_to_select': 7, 'selector__model_name': 'hgb', 'selector__k': 9, 'scaler__scaler_name': 'minmax', 'outlier_remover__z_columns': ['car_age', 'mileage', 'tax', 'mpg'], 'outlier_remover__threshold': 3, 'outlier_remover__sev_outliers_cols': ['car_age', 'mileage'], 'outlier_remover__outlier_method': 'z_score', 'outlier_remover__n_neighbors': 30, 'outlier_remover__model_columns': ['car_age', 'mileage', 'tax', 'mpg'], 'outlier_remover__mod_outliers_cols': ['car_age', 'mileage', 'tax', 'mpg'], 'outlier_remover__contamination_LOF': 0.3, 'outlier_remover__contamination_IF': 0.15, 'model': HistGradientBoostingRegressor(max_depth=5, random_state=42), 'imputer__knn_scaling_method': 'robust', 'imputer__knn_neighbors': 18, 'imputer__imputation_method': 'simple', 'encoder__method': 'freq'}",,,,,,260,,,,,
52,0,2000,0.25387001037597656,0.019776857786890017,0.0,0.0,rfe,9,hgb,9,standard,"['car_age', 'mileage', 'tax', 'mpg']",3,"['car_age', 'mileage', 'engineSize']",LOF,100,"['car_age', 'mileage', 'tax', 'mpg']","['tax', 'mpg']",0.3,0.05,"HistGradientBoostingRegressor(max_depth=5, random_state=42)",robust,14,iterative,target,"{'selector__selection_method': 'rfe', 'selector__n_features_to_select': 9, 'selector__model_name': 'hgb', 'selector__k': 9, 'scaler__scaler_name': 'standard', 'outlier_remover__z_columns': ['car_age', 'mileage', 'tax', 'mpg'], 'outlier_remover__threshold': 3, 'outlier_remover__sev_outliers_cols': ['car_age', 'mileage', 'engineSize'], 'outlier_remover__outlier_method': 'LOF', 'outlier_remover__n_neighbors': 100, 'outlier_remover__model_columns': ['car_age', 'mileage', 'tax', 'mpg'], 'outlier_remover__mod_outliers_cols': ['tax', 'mpg'], 'outlier_remover__contamination_LOF': 0.3, 'outlier_remover__contamination_IF': 0.05, 'model': HistGradientBoostingRegressor(max_depth=5, random_state=42), 'imputer__knn_scaling_method': 'robust', 'imputer__knn_neighbors': 14, 'imputer__imputation_method': 'iterative', 'encoder__method': 'target'}",,,,,,260,,,,,
53,0,2000,0.20277039210001627,0.02124843816927965,0.011194308598836264,0.002689805923645494,kbest,5,hgb,9,standard,"['car_age', 'mileage', 'tax', 'mpg']",3,"['car_age', 'mileage', 'engineSize']",Isolation_Forest,50,"['car_age', 'mileage', 'tax', 'mpg']","['car_age', 'mileage', 'tax', 'mpg']",0.05,0.5,"HistGradientBoostingRegressor(max_depth=5, random_state=42)",standard,18,iterative,freq,"{'selector__selection_method': 'kbest', 'selector__n_features_to_select': 5, 'selector__model_name': 'hgb', 'selector__k': 9, 'scaler__scaler_name': 'standard', 'outlier_remover__z_columns': ['car_age', 'mileage', 'tax', 'mpg'], 'outlier_remover__threshold': 3, 'outlier_remover__sev_outliers_cols': ['car_age', 'mileage', 'engineSize'], 'outlier_remover__outlier_method': 'Isolation_Forest', 'outlier_remover__n_neighbors': 50, 'outlier_remover__model_columns': ['car_age', 'mileage', 'tax', 'mpg'], 'outlier_remover__mod_outliers_cols': ['car_age', 'mileage', 'tax', 'mpg'], 'outlier_remover__contamination_LOF': 0.05, 'outlier_remover__contamination_IF': 0.5, 'model': HistGradientBoostingRegressor(max_depth=5, random_state=42), 'imputer__knn_scaling_method': 'standard', 'imputer__knn_neighbors': 18, 'imputer__imputation_method': 'iterative', 'encoder__method': 'freq'}",-3286.2268657570603,-3543.8689724961155,-3295.5471179486794,-3375.2143187339516,119.31753420168484,254,-2734.877458743216,-3098.509348189899,-2873.0211078194297,-2902.1359715841813,149.87282214079872
54,0,2000,0.24987006187438965,0.008425927368571954,0.01091623306274414,0.000636655645551803,kbest,5,hgb,10,robust,"['car_age', 'mileage', 'tax', 'mpg']",2,"['car_age', 'mileage']",LOF,50,"['tax', 'mpg']","['car_age', 'mileage', 'tax', 'mpg']",0.3,0.3,"HistGradientBoostingRegressor(max_depth=5, random_state=42)",robust,16,iterative,freq,"{'selector__selection_method': 'kbest', 'selector__n_features_to_select': 5, 'selector__model_name': 'hgb', 'selector__k': 10, 'scaler__scaler_name': 'robust', 'outlier_remover__z_columns': ['car_age', 'mileage', 'tax', 'mpg'], 'outlier_remover__threshold': 2, 'outlier_remover__sev_outliers_cols': ['car_age', 'mileage'], 'outlier_remover__outlier_method': 'LOF', 'outlier_remover__n_neighbors': 50, 'outlier_remover__model_columns': ['tax', 'mpg'], 'outlier_remover__mod_outliers_cols': ['car_age', 'mileage', 'tax', 'mpg'], 'outlier_remover__contamination_LOF': 0.3, 'outlier_remover__contamination_IF': 0.3, 'model': HistGradientBoostingRegressor(max_depth=5, random_state=42), 'imputer__knn_scaling_method': 'robust', 'imputer__knn_neighbors': 16, 'imputer__imputation_method': 'iterative', 'encoder__method': 'freq'}",-2667.3379792393807,-2608.6740168564725,-2578.0916659470067,-2618.0345540142866,37.030985683003884,197,-2138.629701052335,-2108.5030787449077,-2109.2827578101346,-2118.8051792024594,14.02166715701907
55,0,2000,0.3347487449645996,0.03630457499239389,0.0,0.0,rfe,9,hgb,5,standard,"['car_age', 'mileage', 'tax', 'mpg']",2,"['car_age', 'mileage', 'engineSize']",IQR,70,"['car_age', 'mileage', 'tax', 'mpg', 'engineSize']","['car_age', 'mileage', 'tax', 'mpg']",0.5,0.15,"HistGradientBoostingRegressor(max_depth=5, random_state=42)",robust,19,iterative,target,"{'selector__selection_method': 'rfe', 'selector__n_features_to_select': 9, 'selector__model_name': 'hgb', 'selector__k': 5, 'scaler__scaler_name': 'standard', 'outlier_remover__z_columns': ['car_age', 'mileage', 'tax', 'mpg'], 'outlier_remover__threshold': 2, 'outlier_remover__sev_outliers_cols': ['car_age', 'mileage', 'engineSize'], 'outlier_remover__outlier_method': 'IQR', 'outlier_remover__n_neighbors': 70, 'outlier_remover__model_columns': ['car_age', 'mileage', 'tax', 'mpg', 'engineSize'], 'outlier_remover__mod_outliers_cols': ['car_age', 'mileage', 'tax', 'mpg'], 'outlier_remover__contamination_LOF': 0.5, 'outlier_remover__contamination_IF': 0.15, 'model': HistGradientBoostingRegressor(max_depth=5, random_state=42), 'imputer__knn_scaling_method': 'robust', 'imputer__knn_neighbors': 19, 'imputer__imputation_method': 'iterative', 'encoder__method': 'target'}",,,,,,260,,,,,
56,0,2000,0.17720444997151694,0.010631768288349957,0.010329246520996094,0.0005193517755848557,kbest,7,hgb,6,robust,"['car_age', 'mileage', 'tax', 'mpg']",3,"['car_age', 'mileage']",z_score,50,"['car_age', 'mileage', 'tax', 'mpg']","['car_age', 'mileage', 'tax', 'mpg']",0.15,0.3,"HistGradientBoostingRegressor(max_depth=5, random_state=42)",standard,14,iterative,target,"{'selector__selection_method': 'kbest', 'selector__n_features_to_select': 7, 'selector__model_name': 'hgb', 'selector__k': 6, 'scaler__scaler_name': 'robust', 'outlier_remover__z_columns': ['car_age', 'mileage', 'tax', 'mpg'], 'outlier_remover__threshold': 3, 'outlier_remover__sev_outliers_cols': ['car_age', 'mileage'], 'outlier_remover__outlier_method': 'z_score', 'outlier_remover__n_neighbors': 50, 'outlier_remover__model_columns': ['car_age', 'mileage', 'tax', 'mpg'], 'outlier_remover__mod_outliers_cols': ['car_age', 'mileage', 'tax', 'mpg'], 'outlier_remover__contamination_LOF': 0.15, 'outlier_remover__contamination_IF': 0.3, 'model': HistGradientBoostingRegressor(max_depth=5, random_state=42), 'imputer__knn_scaling_method': 'standard', 'imputer__knn_neighbors': 14, 'imputer__imputation_method': 'iterative', 'encoder__method': 'target'}",-2571.5169762774367,-2369.185711824521,-2345.6046294699913,-2428.7691058573164,101.39603129433411,164,-1776.8404795140625,-1730.3736521710493,-1696.580324460011,-1734.5981520483745,32.90195456945006
57,0,2000,0.42245761553446454,0.018650160457951332,0.0,0.0,model,8,hgb,8,minmax,"['car_age', 'mileage', 'tax', 'mpg']",3,"['car_age', 'mileage']",LOF,50,"['tax', 'mpg']","['car_age', 'mileage', 'tax', 'mpg']",0.15,0.15,"HistGradientBoostingRegressor(max_depth=5, random_state=42)",minmax,20,knn_modelwise,freq,"{'selector__selection_method': 'model', 'selector__n_features_to_select': 8, 'selector__model_name': 'hgb', 'selector__k': 8, 'scaler__scaler_name': 'minmax', 'outlier_remover__z_columns': ['car_age', 'mileage', 'tax', 'mpg'], 'outlier_remover__threshold': 3, 'outlier_remover__sev_outliers_cols': ['car_age', 'mileage'], 'outlier_remover__outlier_method': 'LOF', 'outlier_remover__n_neighbors': 50, 'outlier_remover__model_columns': ['tax', 'mpg'], 'outlier_remover__mod_outliers_cols': ['car_age', 'mileage', 'tax', 'mpg'], 'outlier_remover__contamination_LOF': 0.15, 'outlier_remover__contamination_IF': 0.15, 'model': HistGradientBoostingRegressor(max_depth=5, random_state=42), 'imputer__knn_scaling_method': 'minmax', 'imputer__knn_neighbors': 20, 'imputer__imputation_method': 'knn_modelwise', 'encoder__method': 'freq'}",,,,,,260,,,,,
58,0,2000,0.3217403093973796,0.016956802504699976,0.11322442690531413,0.01232082121505022,kbest,5,hgb,10,minmax,"['car_age', 'mileage', 'tax', 'mpg']",2,"['car_age', 'mileage', 'engineSize']",IQR,30,"['tax', 'mpg']","['tax', 'mpg']",0.05,0.15,"HistGradientBoostingRegressor(max_depth=5, random_state=42)",minmax,14,knn_modelwise,freq,"{'selector__selection_method': 'kbest', 'selector__n_features_to_select': 5, 'selector__model_name': 'hgb', 'selector__k': 10, 'scaler__scaler_name': 'minmax', 'outlier_remover__z_columns': ['car_age', 'mileage', 'tax', 'mpg'], 'outlier_remover__threshold': 2, 'outlier_remover__sev_outliers_cols': ['car_age', 'mileage', 'engineSize'], 'outlier_remover__outlier_method': 'IQR', 'outlier_remover__n_neighbors': 30, 'outlier_remover__model_columns': ['tax', 'mpg'], 'outlier_remover__mod_outliers_cols': ['tax', 'mpg'], 'outlier_remover__contamination_LOF': 0.05, 'outlier_remover__contamination_IF': 0.15, 'model': HistGradientBoostingRegressor(max_depth=5, random_state=42), 'imputer__knn_scaling_method': 'minmax', 'imputer__knn_neighbors': 14, 'imputer__imputation_method': 'knn_modelwise', 'encoder__method': 'freq'}",-2700.7538815299436,-2364.5269187901404,-2325.9254139489503,-2463.735404756345,168.33664246198023,169,-1881.496907752484,-1786.3748023760702,-1752.0940542925937,-1806.6552548070492,54.740278795991834
59,0,2000,0.4939117431640625,0.02510832637475759,0.0,0.0,rfe,6,hgb,9,robust,"['car_age', 'mileage', 'tax', 'mpg']",3,"['car_age', 'mileage', 'engineSize']",Isolation_Forest,30,"['car_age', 'mileage', 'tax', 'mpg', 'engineSize']","['car_age', 'mileage', 'tax', 'mpg']",0.3,0.5,"HistGradientBoostingRegressor(max_depth=5, random_state=42)",minmax,17,knn_modelwise,target,"{'selector__selection_method': 'rfe', 'selector__n_features_to_select': 6, 'selector__model_name': 'hgb', 'selector__k': 9, 'scaler__scaler_name': 'robust', 'outlier_remover__z_columns': ['car_age', 'mileage', 'tax', 'mpg'], 'outlier_remover__threshold': 3, 'outlier_remover__sev_outliers_cols': ['car_age', 'mileage', 'engineSize'], 'outlier_remover__outlier_method': 'Isolation_Forest', 'outlier_remover__n_neighbors': 30, 'outlier_remover__model_columns': ['car_age', 'mileage', 'tax', 'mpg', 'engineSize'], 'outlier_remover__mod_outliers_cols': ['car_age', 'mileage', 'tax', 'mpg'], 'outlier_remover__contamination_LOF': 0.3, 'outlier_remover__contamination_IF': 0.5, 'model': HistGradientBoostingRegressor(max_depth=5, random_state=42), 'imputer__knn_scaling_method': 'minmax', 'imputer__knn_neighbors': 17, 'imputer__imputation_method': 'knn_modelwise', 'encoder__method': 'target'}",,,,,,260,,,,,
60,0,2000,0.45975295702616376,0.017321734791612326,0.0,0.0,model,7,hgb,9,standard,"['car_age', 'mileage', 'tax', 'mpg']",3,"['car_age', 'mileage']",LOF,100,"['car_age', 'mileage', 'tax', 'mpg', 'engineSize']","['car_age', 'mileage', 'tax', 'mpg']",0.05,0.3,"HistGradientBoostingRegressor(max_depth=5, random_state=42)",minmax,19,knn_modelwise,freq,"{'selector__selection_method': 'model', 'selector__n_features_to_select': 7, 'selector__model_name': 'hgb', 'selector__k': 9, 'scaler__scaler_name': 'standard', 'outlier_remover__z_columns': ['car_age', 'mileage', 'tax', 'mpg'], 'outlier_remover__threshold': 3, 'outlier_remover__sev_outliers_cols': ['car_age', 'mileage'], 'outlier_remover__outlier_method': 'LOF', 'outlier_remover__n_neighbors': 100, 'outlier_remover__model_columns': ['car_age', 'mileage', 'tax', 'mpg', 'engineSize'], 'outlier_remover__mod_outliers_cols': ['car_age', 'mileage', 'tax', 'mpg'], 'outlier_remover__contamination_LOF': 0.05, 'outlier_remover__contamination_IF': 0.3, 'model': HistGradientBoostingRegressor(max_depth=5, random_state=42), 'imputer__knn_scaling_method': 'minmax', 'imputer__knn_neighbors': 19, 'imputer__imputation_method': 'knn_modelwise', 'encoder__method': 'freq'}",,,,,,260,,,,,
61,0,2000,0.393290917078654,0.020162957559785075,0.0,0.0,rfe,5,hgb,10,robust,"['car_age', 'mileage', 'tax', 'mpg']",3,"['car_age', 'mileage']",z_score,50,"['car_age', 'mileage', 'tax', 'mpg', 'engineSize']","['tax', 'mpg']",0.5,0.5,"HistGradientBoostingRegressor(max_depth=5, random_state=42)",minmax,15,knn_modelwise,freq,"{'selector__selection_method': 'rfe', 'selector__n_features_to_select': 5, 'selector__model_name': 'hgb', 'selector__k': 10, 'scaler__scaler_name': 'robust', 'outlier_remover__z_columns': ['car_age', 'mileage', 'tax', 'mpg'], 'outlier_remover__threshold': 3, 'outlier_remover__sev_outliers_cols': ['car_age', 'mileage'], 'outlier_remover__outlier_method': 'z_score', 'outlier_remover__n_neighbors': 50, 'outlier_remover__model_columns': ['car_age', 'mileage', 'tax', 'mpg', 'engineSize'], 'outlier_remover__mod_outliers_cols': ['tax', 'mpg'], 'outlier_remover__contamination_LOF': 0.5, 'outlier_remover__contamination_IF': 0.5, 'model': HistGradientBoostingRegressor(max_depth=5, random_state=42), 'imputer__knn_scaling_method': 'minmax', 'imputer__knn_neighbors': 15, 'imputer__imputation_method': 'knn_modelwise', 'encoder__method': 'freq'}",,,,,,260,,,,,
62,0,2000,0.386016050974528,0.02442178570845988,0.008094549179077148,0.0016682215049379483,rfe,10,hgb,6,standard,"['car_age', 'mileage', 'tax', 'mpg']",2,"['car_age', 'mileage', 'engineSize']",Isolation_Forest,100,"['car_age', 'mileage', 'tax', 'mpg', 'engineSize']","['tax', 'mpg']",0.3,0.15,"HistGradientBoostingRegressor(max_depth=5, random_state=42)",standard,18,simple,freq,"{'selector__selection_method': 'rfe', 'selector__n_features_to_select': 10, 'selector__model_name': 'hgb', 'selector__k': 6, 'scaler__scaler_name': 'standard', 'outlier_remover__z_columns': ['car_age', 'mileage', 'tax', 'mpg'], 'outlier_remover__threshold': 2, 'outlier_remover__sev_outliers_cols': ['car_age', 'mileage', 'engineSize'], 'outlier_remover__outlier_method': 'Isolation_Forest', 'outlier_remover__n_neighbors': 100, 'outlier_remover__model_columns': ['car_age', 'mileage', 'tax', 'mpg', 'engineSize'], 'outlier_remover__mod_outliers_cols': ['tax', 'mpg'], 'outlier_remover__contamination_LOF': 0.3, 'outlier_remover__contamination_IF': 0.15, 'model': HistGradientBoostingRegressor(max_depth=5, random_state=42), 'imputer__knn_scaling_method': 'standard', 'imputer__knn_neighbors': 18, 'imputer__imputation_method': 'simple', 'encoder__method': 'freq'}",-2687.437151993269,-2461.823535825304,-2475.9481620150827,-2541.736283277885,103.18731712945903,187,-2128.370259424092,-2042.6762648167078,-1983.8921682216187,-2051.646230820806,59.3229855787427
63,0,2000,0.3860696156819661,0.005058134040049028,0.0,0.0,rfe,6,hgb,7,robust,"['car_age', 'mileage', 'tax', 'mpg']",3,"['car_age', 'mileage', 'engineSize']",IQR,100,"['car_age', 'mileage', 'tax', 'mpg']","['tax', 'mpg']",0.5,0.05,"HistGradientBoostingRegressor(max_depth=5, random_state=42)",minmax,13,knn_modelwise,freq,"{'selector__selection_method': 'rfe', 'selector__n_features_to_select': 6, 'selector__model_name': 'hgb', 'selector__k': 7, 'scaler__scaler_name': 'robust', 'outlier_remover__z_columns': ['car_age', 'mileage', 'tax', 'mpg'], 'outlier_remover__threshold': 3, 'outlier_remover__sev_outliers_cols': ['car_age', 'mileage', 'engineSize'], 'outlier_remover__outlier_method': 'IQR', 'outlier_remover__n_neighbors': 100, 'outlier_remover__model_columns': ['car_age', 'mileage', 'tax', 'mpg'], 'outlier_remover__mod_outliers_cols': ['tax', 'mpg'], 'outlier_remover__contamination_LOF': 0.5, 'outlier_remover__contamination_IF': 0.05, 'model': HistGradientBoostingRegressor(max_depth=5, random_state=42), 'imputer__knn_scaling_method': 'minmax', 'imputer__knn_neighbors': 13, 'imputer__imputation_method': 'knn_modelwise', 'encoder__method': 'freq'}",,,,,,260,,,,,
64,0,2000,0.3838839530944824,0.0086967690875553,0.0,0.0,rfe,6,hgb,7,minmax,"['car_age', 'mileage', 'tax', 'mpg']",3,"['car_age', 'mileage']",LOF,70,"['car_age', 'mileage', 'tax', 'mpg']","['tax', 'mpg']",0.05,0.5,"HistGradientBoostingRegressor(max_depth=5, random_state=42)",minmax,10,knn_modelwise,freq,"{'selector__selection_method': 'rfe', 'selector__n_features_to_select': 6, 'selector__model_name': 'hgb', 'selector__k': 7, 'scaler__scaler_name': 'minmax', 'outlier_remover__z_columns': ['car_age', 'mileage', 'tax', 'mpg'], 'outlier_remover__threshold': 3, 'outlier_remover__sev_outliers_cols': ['car_age', 'mileage'], 'outlier_remover__outlier_method': 'LOF', 'outlier_remover__n_neighbors': 70, 'outlier_remover__model_columns': ['car_age', 'mileage', 'tax', 'mpg'], 'outlier_remover__mod_outliers_cols': ['tax', 'mpg'], 'outlier_remover__contamination_LOF': 0.05, 'outlier_remover__contamination_IF': 0.5, 'model': HistGradientBoostingRegressor(max_depth=5, random_state=42), 'imputer__knn_scaling_method': 'minmax', 'imputer__knn_neighbors': 10, 'imputer__imputation_method': 'knn_modelwise', 'encoder__method': 'freq'}",,,,,,260,,,,,
65,0,2000,0.3256869316101074,0.021305908956028373,0.09990437825520833,0.012273721227825694,kbest,6,hgb,10,standard,"['car_age', 'mileage', 'tax', 'mpg']",3,"['car_age', 'mileage', 'engineSize']",Isolation_Forest,30,"['car_age', 'mileage', 'tax', 'mpg']","['tax', 'mpg']",0.5,0.5,"HistGradientBoostingRegressor(max_depth=5, random_state=42)",robust,15,knn_modelwise,target,"{'selector__selection_method': 'kbest', 'selector__n_features_to_select': 6, 'selector__model_name': 'hgb', 'selector__k': 10, 'scaler__scaler_name': 'standard', 'outlier_remover__z_columns': ['car_age', 'mileage', 'tax', 'mpg'], 'outlier_remover__threshold': 3, 'outlier_remover__sev_outliers_cols': ['car_age', 'mileage', 'engineSize'], 'outlier_remover__outlier_method': 'Isolation_Forest', 'outlier_remover__n_neighbors': 30, 'outlier_remover__model_columns': ['car_age', 'mileage', 'tax', 'mpg'], 'outlier_remover__mod_outliers_cols': ['tax', 'mpg'], 'outlier_remover__contamination_LOF': 0.5, 'outlier_remover__contamination_IF': 0.5, 'model': HistGradientBoostingRegressor(max_depth=5, random_state=42), 'imputer__knn_scaling_method': 'robust', 'imputer__knn_neighbors': 15, 'imputer__imputation_method': 'knn_modelwise', 'encoder__method': 'target'}",-3319.996215587445,-3111.2248352245747,-2805.428526475622,-3078.883192429214,211.31250643458125,248,-2777.917919356656,-2692.58948701129,-2566.0888452256586,-2678.8654171978683,87.0216514475245
66,0,2000,0.16513498624165854,0.01395469425147272,0.012618700663248697,0.0024566280661136204,kbest,7,hgb,6,robust,"['car_age', 'mileage', 'tax', 'mpg']",2,"['car_age', 'mileage', 'engineSize']",z_score,70,"['car_age', 'mileage', 'tax', 'mpg']","['car_age', 'mileage', 'tax', 'mpg']",0.05,0.15,"HistGradientBoostingRegressor(max_depth=5, random_state=42)",minmax,19,iterative,target,"{'selector__selection_method': 'kbest', 'selector__n_features_to_select': 7, 'selector__model_name': 'hgb', 'selector__k': 6, 'scaler__scaler_name': 'robust', 'outlier_remover__z_columns': ['car_age', 'mileage', 'tax', 'mpg'], 'outlier_remover__threshold': 2, 'outlier_remover__sev_outliers_cols': ['car_age', 'mileage', 'engineSize'], 'outlier_remover__outlier_method': 'z_score', 'outlier_remover__n_neighbors': 70, 'outlier_remover__model_columns': ['car_age', 'mileage', 'tax', 'mpg'], 'outlier_remover__mod_outliers_cols': ['car_age', 'mileage', 'tax', 'mpg'], 'outlier_remover__contamination_LOF': 0.05, 'outlier_remover__contamination_IF': 0.15, 'model': HistGradientBoostingRegressor(max_depth=5, random_state=42), 'imputer__knn_scaling_method': 'minmax', 'imputer__knn_neighbors': 19, 'imputer__imputation_method': 'iterative', 'encoder__method': 'target'}",-2610.4016808346123,-2467.7853052734463,-2373.5952023024615,-2483.92739613684,97.34732453704466,175,-1791.8836577913605,-1847.0193960708464,-1750.3252217662755,-1796.409425209494,39.604736788697075
67,0,2000,0.4533576965332031,0.026753631848443718,0.0,0.0,model,7,hgb,8,standard,"['car_age', 'mileage', 'tax', 'mpg']",3,"['car_age', 'mileage', 'engineSize']",Isolation_Forest,90,"['car_age', 'mileage', 'tax', 'mpg', 'engineSize']","['tax', 'mpg']",0.05,0.3,"HistGradientBoostingRegressor(max_depth=5, random_state=42)",standard,19,knn_modelwise,target,"{'selector__selection_method': 'model', 'selector__n_features_to_select': 7, 'selector__model_name': 'hgb', 'selector__k': 8, 'scaler__scaler_name': 'standard', 'outlier_remover__z_columns': ['car_age', 'mileage', 'tax', 'mpg'], 'outlier_remover__threshold': 3, 'outlier_remover__sev_outliers_cols': ['car_age', 'mileage', 'engineSize'], 'outlier_remover__outlier_method': 'Isolation_Forest', 'outlier_remover__n_neighbors': 90, 'outlier_remover__model_columns': ['car_age', 'mileage', 'tax', 'mpg', 'engineSize'], 'outlier_remover__mod_outliers_cols': ['tax', 'mpg'], 'outlier_remover__contamination_LOF': 0.05, 'outlier_remover__contamination_IF': 0.3, 'model': HistGradientBoostingRegressor(max_depth=5, random_state=42), 'imputer__knn_scaling_method': 'standard', 'imputer__knn_neighbors': 19, 'imputer__imputation_method': 'knn_modelwise', 'encoder__method': 'target'}",,,,,,260,,,,,
68,0,2000,0.3269813855489095,0.054109096998555706,0.0,0.0,model,10,hgb,9,minmax,"['car_age', 'mileage', 'tax', 'mpg']",2,"['car_age', 'mileage', 'engineSize']",z_score,50,"['car_age', 'mileage', 'tax', 'mpg', 'engineSize']","['car_age', 'mileage', 'tax', 'mpg']",0.15,0.3,"HistGradientBoostingRegressor(max_depth=5, random_state=42)",standard,11,iterative,freq,"{'selector__selection_method': 'model', 'selector__n_features_to_select': 10, 'selector__model_name': 'hgb', 'selector__k': 9, 'scaler__scaler_name': 'minmax', 'outlier_remover__z_columns': ['car_age', 'mileage', 'tax', 'mpg'], 'outlier_remover__threshold': 2, 'outlier_remover__sev_outliers_cols': ['car_age', 'mileage', 'engineSize'], 'outlier_remover__outlier_method': 'z_score', 'outlier_remover__n_neighbors': 50, 'outlier_remover__model_columns': ['car_age', 'mileage', 'tax', 'mpg', 'engineSize'], 'outlier_remover__mod_outliers_cols': ['car_age', 'mileage', 'tax', 'mpg'], 'outlier_remover__contamination_LOF': 0.15, 'outlier_remover__contamination_IF': 0.3, 'model': HistGradientBoostingRegressor(max_depth=5, random_state=42), 'imputer__knn_scaling_method': 'standard', 'imputer__knn_neighbors': 11, 'imputer__imputation_method': 'iterative', 'encoder__method': 'freq'}",,,,,,260,,,,,
69,0,2000,0.1687619686126709,0.018784207791222637,0.011704365412394205,0.0008809721104675157,kbest,10,hgb,6,robust,"['car_age', 'mileage', 'tax', 'mpg']",2,"['car_age', 'mileage', 'engineSize']",IQR,90,"['car_age', 'mileage', 'tax', 'mpg', 'engineSize']","['car_age', 'mileage', 'tax', 'mpg']",0.05,0.5,"HistGradientBoostingRegressor(max_depth=5, random_state=42)",robust,15,iterative,freq,"{'selector__selection_method': 'kbest', 'selector__n_features_to_select': 10, 'selector__model_name': 'hgb', 'selector__k': 6, 'scaler__scaler_name': 'robust', 'outlier_remover__z_columns': ['car_age', 'mileage', 'tax', 'mpg'], 'outlier_remover__threshold': 2, 'outlier_remover__sev_outliers_cols': ['car_age', 'mileage', 'engineSize'], 'outlier_remover__outlier_method': 'IQR', 'outlier_remover__n_neighbors': 90, 'outlier_remover__model_columns': ['car_age', 'mileage', 'tax', 'mpg', 'engineSize'], 'outlier_remover__mod_outliers_cols': ['car_age', 'mileage', 'tax', 'mpg'], 'outlier_remover__contamination_LOF': 0.05, 'outlier_remover__contamination_IF': 0.5, 'model': HistGradientBoostingRegressor(max_depth=5, random_state=42), 'imputer__knn_scaling_method': 'robust', 'imputer__knn_neighbors': 15, 'imputer__imputation_method': 'iterative', 'encoder__method': 'freq'}",-3156.503003064176,-2908.454819209844,-2824.8657422811402,-2963.2745215183872,140.83020037339708,238,-2377.080916181823,-2342.9796821091013,-2199.3359709693927,-2306.465523086772,77.0206865890517
70,0,2000,0.40526771545410156,0.008523523259347339,0.0,0.0,rfe,6,hgb,10,robust,"['car_age', 'mileage', 'tax', 'mpg']",3,"['car_age', 'mileage', 'engineSize']",z_score,100,"['car_age', 'mileage', 'tax', 'mpg']","['tax', 'mpg']",0.5,0.05,"HistGradientBoostingRegressor(max_depth=5, random_state=42)",standard,11,knn_modelwise,freq,"{'selector__selection_method': 'rfe', 'selector__n_features_to_select': 6, 'selector__model_name': 'hgb', 'selector__k': 10, 'scaler__scaler_name': 'robust', 'outlier_remover__z_columns': ['car_age', 'mileage', 'tax', 'mpg'], 'outlier_remover__threshold': 3, 'outlier_remover__sev_outliers_cols': ['car_age', 'mileage', 'engineSize'], 'outlier_remover__outlier_method': 'z_score', 'outlier_remover__n_neighbors': 100, 'outlier_remover__model_columns': ['car_age', 'mileage', 'tax', 'mpg'], 'outlier_remover__mod_outliers_cols': ['tax', 'mpg'], 'outlier_remover__contamination_LOF': 0.5, 'outlier_remover__contamination_IF': 0.05, 'model': HistGradientBoostingRegressor(max_depth=5, random_state=42), 'imputer__knn_scaling_method': 'standard', 'imputer__knn_neighbors': 11, 'imputer__imputation_method': 'knn_modelwise', 'encoder__method': 'freq'}",,,,,,260,,,,,
71,0,2000,0.4386940002441406,0.014807550703069659,0.0,0.0,rfe,5,hgb,7,robust,"['car_age', 'mileage', 'tax', 'mpg']",2,"['car_age', 'mileage']",Isolation_Forest,100,"['car_age', 'mileage', 'tax', 'mpg']","['car_age', 'mileage', 'tax', 'mpg']",0.5,0.15,"HistGradientBoostingRegressor(max_depth=5, random_state=42)",minmax,14,knn_modelwise,freq,"{'selector__selection_method': 'rfe', 'selector__n_features_to_select': 5, 'selector__model_name': 'hgb', 'selector__k': 7, 'scaler__scaler_name': 'robust', 'outlier_remover__z_columns': ['car_age', 'mileage', 'tax', 'mpg'], 'outlier_remover__threshold': 2, 'outlier_remover__sev_outliers_cols': ['car_age', 'mileage'], 'outlier_remover__outlier_method': 'Isolation_Forest', 'outlier_remover__n_neighbors': 100, 'outlier_remover__model_columns': ['car_age', 'mileage', 'tax', 'mpg'], 'outlier_remover__mod_outliers_cols': ['car_age', 'mileage', 'tax', 'mpg'], 'outlier_remover__contamination_LOF': 0.5, 'outlier_remover__contamination_IF': 0.15, 'model': HistGradientBoostingRegressor(max_depth=5, random_state=42), 'imputer__knn_scaling_method': 'minmax', 'imputer__knn_neighbors': 14, 'imputer__imputation_method': 'knn_modelwise', 'encoder__method': 'freq'}",,,,,,260,,,,,
72,0,2000,0.37316028277079266,0.022530445749809443,0.0,0.0,model,7,hgb,7,minmax,"['car_age', 'mileage', 'tax', 'mpg']",3,"['car_age', 'mileage', 'engineSize']",IQR,50,"['tax', 'mpg']","['car_age', 'mileage', 'tax', 'mpg']",0.15,0.3,"HistGradientBoostingRegressor(max_depth=5, random_state=42)",minmax,10,knn_modelwise,freq,"{'selector__selection_method': 'model', 'selector__n_features_to_select': 7, 'selector__model_name': 'hgb', 'selector__k': 7, 'scaler__scaler_name': 'minmax', 'outlier_remover__z_columns': ['car_age', 'mileage', 'tax', 'mpg'], 'outlier_remover__threshold': 3, 'outlier_remover__sev_outliers_cols': ['car_age', 'mileage', 'engineSize'], 'outlier_remover__outlier_method': 'IQR', 'outlier_remover__n_neighbors': 50, 'outlier_remover__model_columns': ['tax', 'mpg'], 'outlier_remover__mod_outliers_cols': ['car_age', 'mileage', 'tax', 'mpg'], 'outlier_remover__contamination_LOF': 0.15, 'outlier_remover__contamination_IF': 0.3, 'model': HistGradientBoostingRegressor(max_depth=5, random_state=42), 'imputer__knn_scaling_method': 'minmax', 'imputer__knn_neighbors': 10, 'imputer__imputation_method': 'knn_modelwise', 'encoder__method': 'freq'}",,,,,,260,,,,,
73,0,2000,0.2592872778574626,0.02430946220435657,0.0,0.0,rfe,8,hgb,9,minmax,"['car_age', 'mileage', 'tax', 'mpg']",3,"['car_age', 'mileage']",IQR,70,"['car_age', 'mileage', 'tax', 'mpg']","['tax', 'mpg']",0.15,0.5,"HistGradientBoostingRegressor(max_depth=5, random_state=42)",standard,18,iterative,freq,"{'selector__selection_method': 'rfe', 'selector__n_features_to_select': 8, 'selector__model_name': 'hgb', 'selector__k': 9, 'scaler__scaler_name': 'minmax', 'outlier_remover__z_columns': ['car_age', 'mileage', 'tax', 'mpg'], 'outlier_remover__threshold': 3, 'outlier_remover__sev_outliers_cols': ['car_age', 'mileage'], 'outlier_remover__outlier_method': 'IQR', 'outlier_remover__n_neighbors': 70, 'outlier_remover__model_columns': ['car_age', 'mileage', 'tax', 'mpg'], 'outlier_remover__mod_outliers_cols': ['tax', 'mpg'], 'outlier_remover__contamination_LOF': 0.15, 'outlier_remover__contamination_IF': 0.5, 'model': HistGradientBoostingRegressor(max_depth=5, random_state=42), 'imputer__knn_scaling_method': 'standard', 'imputer__knn_neighbors': 18, 'imputer__imputation_method': 'iterative', 'encoder__method': 'freq'}",,,,,,260,,,,,
74,0,2000,0.1763130029042562,0.03571391242045909,0.00963592529296875,0.0017028432428741194,kbest,8,hgb,6,standard,"['car_age', 'mileage', 'tax', 'mpg']",3,"['car_age', 'mileage', 'engineSize']",LOF,70,"['tax', 'mpg']","['tax', 'mpg']",0.15,0.3,"HistGradientBoostingRegressor(max_depth=5, random_state=42)",robust,13,simple,freq,"{'selector__selection_method': 'kbest', 'selector__n_features_to_select': 8, 'selector__model_name': 'hgb', 'selector__k': 6, 'scaler__scaler_name': 'standard', 'outlier_remover__z_columns': ['car_age', 'mileage', 'tax', 'mpg'], 'outlier_remover__threshold': 3, 'outlier_remover__sev_outliers_cols': ['car_age', 'mileage', 'engineSize'], 'outlier_remover__outlier_method': 'LOF', 'outlier_remover__n_neighbors': 70, 'outlier_remover__model_columns': ['tax', 'mpg'], 'outlier_remover__mod_outliers_cols': ['tax', 'mpg'], 'outlier_remover__contamination_LOF': 0.15, 'outlier_remover__contamination_IF': 0.3, 'model': HistGradientBoostingRegressor(max_depth=5, random_state=42), 'imputer__knn_scaling_method': 'robust', 'imputer__knn_neighbors': 13, 'imputer__imputation_method': 'simple', 'encoder__method': 'freq'}",-3108.1430123080777,-2897.105894282287,-2892.6580717229845,-2965.9689927711165,100.54861064795791,241,-2536.5862303412396,-2422.7879597332776,-2424.1746745005466,-2461.1829548583546,53.3211728404538
75,0,2000,0.32725803057352704,0.04254683159307863,0.0,0.0,model,6,hgb,6,standard,"['car_age', 'mileage', 'tax', 'mpg']",2,"['car_age', 'mileage', 'engineSize']",Isolation_Forest,50,"['car_age', 'mileage', 'tax', 'mpg']","['tax', 'mpg']",0.15,0.15,"HistGradientBoostingRegressor(max_depth=5, random_state=42)",robust,18,simple,target,"{'selector__selection_method': 'model', 'selector__n_features_to_select': 6, 'selector__model_name': 'hgb', 'selector__k': 6, 'scaler__scaler_name': 'standard', 'outlier_remover__z_columns': ['car_age', 'mileage', 'tax', 'mpg'], 'outlier_remover__threshold': 2, 'outlier_remover__sev_outliers_cols': ['car_age', 'mileage', 'engineSize'], 'outlier_remover__outlier_method': 'Isolation_Forest', 'outlier_remover__n_neighbors': 50, 'outlier_remover__model_columns': ['car_age', 'mileage', 'tax', 'mpg'], 'outlier_remover__mod_outliers_cols': ['tax', 'mpg'], 'outlier_remover__contamination_LOF': 0.15, 'outlier_remover__contamination_IF': 0.15, 'model': HistGradientBoostingRegressor(max_depth=5, random_state=42), 'imputer__knn_scaling_method': 'robust', 'imputer__knn_neighbors': 18, 'imputer__imputation_method': 'simple', 'encoder__method': 'target'}",,,,,,260,,,,,
76,0,2000,0.12522522608439127,0.006037173106067577,0.00873271624247233,0.0006257792489731104,kbest,7,hgb,9,robust,"['car_age', 'mileage', 'tax', 'mpg']",3,"['car_age', 'mileage', 'engineSize']",LOF,30,"['car_age', 'mileage', 'tax', 'mpg']","['tax', 'mpg']",0.5,0.15,"HistGradientBoostingRegressor(max_depth=5, random_state=42)",robust,15,iterative,target,"{'selector__selection_method': 'kbest', 'selector__n_features_to_select': 7, 'selector__model_name': 'hgb', 'selector__k': 9, 'scaler__scaler_name': 'robust', 'outlier_remover__z_columns': ['car_age', 'mileage', 'tax', 'mpg'], 'outlier_remover__threshold': 3, 'outlier_remover__sev_outliers_cols': ['car_age', 'mileage', 'engineSize'], 'outlier_remover__outlier_method': 'LOF', 'outlier_remover__n_neighbors': 30, 'outlier_remover__model_columns': ['car_age', 'mileage', 'tax', 'mpg'], 'outlier_remover__mod_outliers_cols': ['tax', 'mpg'], 'outlier_remover__contamination_LOF': 0.5, 'outlier_remover__contamination_IF': 0.15, 'model': HistGradientBoostingRegressor(max_depth=5, random_state=42), 'imputer__knn_scaling_method': 'robust', 'imputer__knn_neighbors': 15, 'imputer__imputation_method': 'iterative', 'encoder__method': 'target'}",-2632.494245402566,-2534.9758176019614,-2538.3080980063805,-2568.5927203369693,45.20567591542183,193,-2103.7977538606506,-2002.4869202656873,-2056.430468751438,-2054.238380959259,41.389009713473854
77,0,2000,0.3357217311859131,0.013653795009011952,0.007753690083821614,0.0009133927958822898,rfe,10,hgb,5,standard,"['car_age', 'mileage', 'tax', 'mpg']",3,"['car_age', 'mileage', 'engineSize']",IQR,100,"['car_age', 'mileage', 'tax', 'mpg']","['tax', 'mpg']",0.5,0.05,"HistGradientBoostingRegressor(max_depth=5, random_state=42)",robust,18,simple,target,"{'selector__selection_method': 'rfe', 'selector__n_features_to_select': 10, 'selector__model_name': 'hgb', 'selector__k': 5, 'scaler__scaler_name': 'standard', 'outlier_remover__z_columns': ['car_age', 'mileage', 'tax', 'mpg'], 'outlier_remover__threshold': 3, 'outlier_remover__sev_outliers_cols': ['car_age', 'mileage', 'engineSize'], 'outlier_remover__outlier_method': 'IQR', 'outlier_remover__n_neighbors': 100, 'outlier_remover__model_columns': ['car_age', 'mileage', 'tax', 'mpg'], 'outlier_remover__mod_outliers_cols': ['tax', 'mpg'], 'outlier_remover__contamination_LOF': 0.5, 'outlier_remover__contamination_IF': 0.05, 'model': HistGradientBoostingRegressor(max_depth=5, random_state=42), 'imputer__knn_scaling_method': 'robust', 'imputer__knn_neighbors': 18, 'imputer__imputation_method': 'simple', 'encoder__method': 'target'}",-2617.0580193850847,-2299.190423327297,-2222.098644388114,-2379.4490290334984,170.93723958795925,152,-1678.4324285598998,-1615.9888266219693,-1584.347367626589,-1626.2562076028196,39.09018638022118
78,0,2000,0.25704534848531085,0.01145421212517258,0.0885765552520752,0.005588752864390537,kbest,9,hgb,9,minmax,"['car_age', 'mileage', 'tax', 'mpg']",2,"['car_age', 'mileage', 'engineSize']",LOF,50,"['tax', 'mpg']","['tax', 'mpg']",0.5,0.3,"HistGradientBoostingRegressor(max_depth=5, random_state=42)",standard,19,knn_modelwise,target,"{'selector__selection_method': 'kbest', 'selector__n_features_to_select': 9, 'selector__model_name': 'hgb', 'selector__k': 9, 'scaler__scaler_name': 'minmax', 'outlier_remover__z_columns': ['car_age', 'mileage', 'tax', 'mpg'], 'outlier_remover__threshold': 2, 'outlier_remover__sev_outliers_cols': ['car_age', 'mileage', 'engineSize'], 'outlier_remover__outlier_method': 'LOF', 'outlier_remover__n_neighbors': 50, 'outlier_remover__model_columns': ['tax', 'mpg'], 'outlier_remover__mod_outliers_cols': ['tax', 'mpg'], 'outlier_remover__contamination_LOF': 0.5, 'outlier_remover__contamination_IF': 0.3, 'model': HistGradientBoostingRegressor(max_depth=5, random_state=42), 'imputer__knn_scaling_method': 'standard', 'imputer__knn_neighbors': 19, 'imputer__imputation_method': 'knn_modelwise', 'encoder__method': 'target'}",-2755.1829030184967,-2558.8505181385212,-2596.5507863934904,-2636.861402516836,85.06981708121674,200,-2489.6751442116774,-2298.6325783599295,-2361.5086430917268,-2383.2721218877778,79.4965502345206
79,0,2000,0.37770239512125653,0.005228416541927456,0.0,0.0,model,5,hgb,6,robust,"['car_age', 'mileage', 'tax', 'mpg']",2,"['car_age', 'mileage', 'engineSize']",LOF,100,"['car_age', 'mileage', 'tax', 'mpg', 'engineSize']","['car_age', 'mileage', 'tax', 'mpg']",0.3,0.05,"HistGradientBoostingRegressor(max_depth=5, random_state=42)",standard,15,knn_modelwise,target,"{'selector__selection_method': 'model', 'selector__n_features_to_select': 5, 'selector__model_name': 'hgb', 'selector__k': 6, 'scaler__scaler_name': 'robust', 'outlier_remover__z_columns': ['car_age', 'mileage', 'tax', 'mpg'], 'outlier_remover__threshold': 2, 'outlier_remover__sev_outliers_cols': ['car_age', 'mileage', 'engineSize'], 'outlier_remover__outlier_method': 'LOF', 'outlier_remover__n_neighbors': 100, 'outlier_remover__model_columns': ['car_age', 'mileage', 'tax', 'mpg', 'engineSize'], 'outlier_remover__mod_outliers_cols': ['car_age', 'mileage', 'tax', 'mpg'], 'outlier_remover__contamination_LOF': 0.3, 'outlier_remover__contamination_IF': 0.05, 'model': HistGradientBoostingRegressor(max_depth=5, random_state=42), 'imputer__knn_scaling_method': 'standard', 'imputer__knn_neighbors': 15, 'imputer__imputation_method': 'knn_modelwise', 'encoder__method': 'target'}",,,,,,260,,,,,
80,0,2000,0.2597030798594157,0.008368249176745802,0.0,0.0,rfe,6,hgb,5,standard,"['car_age', 'mileage', 'tax', 'mpg']",3,"['car_age', 'mileage', 'engineSize']",LOF,30,"['car_age', 'mileage', 'tax', 'mpg']","['tax', 'mpg']",0.05,0.5,"HistGradientBoostingRegressor(max_depth=5, random_state=42)",robust,20,iterative,target,"{'selector__selection_method': 'rfe', 'selector__n_features_to_select': 6, 'selector__model_name': 'hgb', 'selector__k': 5, 'scaler__scaler_name': 'standard', 'outlier_remover__z_columns': ['car_age', 'mileage', 'tax', 'mpg'], 'outlier_remover__threshold': 3, 'outlier_remover__sev_outliers_cols': ['car_age', 'mileage', 'engineSize'], 'outlier_remover__outlier_method': 'LOF', 'outlier_remover__n_neighbors': 30, 'outlier_remover__model_columns': ['car_age', 'mileage', 'tax', 'mpg'], 'outlier_remover__mod_outliers_cols': ['tax', 'mpg'], 'outlier_remover__contamination_LOF': 0.05, 'outlier_remover__contamination_IF': 0.5, 'model': HistGradientBoostingRegressor(max_depth=5, random_state=42), 'imputer__knn_scaling_method': 'robust', 'imputer__knn_neighbors': 20, 'imputer__imputation_method': 'iterative', 'encoder__method': 'target'}",,,,,,260,,,,,
81,0,2000,0.225201686223348,0.015498936372502258,0.01294724146525065,0.003951325913780064,kbest,10,hgb,5,robust,"['car_age', 'mileage', 'tax', 'mpg']",2,"['car_age', 'mileage']",LOF,70,"['car_age', 'mileage', 'tax', 'mpg']","['car_age', 'mileage', 'tax', 'mpg']",0.05,0.5,"HistGradientBoostingRegressor(max_depth=5, random_state=42)",minmax,20,simple,target,"{'selector__selection_method': 'kbest', 'selector__n_features_to_select': 10, 'selector__model_name': 'hgb', 'selector__k': 5, 'scaler__scaler_name': 'robust', 'outlier_remover__z_columns': ['car_age', 'mileage', 'tax', 'mpg'], 'outlier_remover__threshold': 2, 'outlier_remover__sev_outliers_cols': ['car_age', 'mileage'], 'outlier_remover__outlier_method': 'LOF', 'outlier_remover__n_neighbors': 70, 'outlier_remover__model_columns': ['car_age', 'mileage', 'tax', 'mpg'], 'outlier_remover__mod_outliers_cols': ['car_age', 'mileage', 'tax', 'mpg'], 'outlier_remover__contamination_LOF': 0.05, 'outlier_remover__contamination_IF': 0.5, 'model': HistGradientBoostingRegressor(max_depth=5, random_state=42), 'imputer__knn_scaling_method': 'minmax', 'imputer__knn_neighbors': 20, 'imputer__imputation_method': 'simple', 'encoder__method': 'target'}",-2657.538034683413,-2649.566447435872,-2618.457004935379,-2641.853829018221,16.861100867260483,202,-2221.848939474807,-2206.0236153480287,-2095.8326113569246,-2174.568388726587,56.04820662865824
82,0,2000,0.5095542271931967,0.011832237455567158,0.09920883178710938,0.018514229048422766,rfe,10,hgb,8,robust,"['car_age', 'mileage', 'tax', 'mpg']",3,"['car_age', 'mileage']",z_score,50,"['tax', 'mpg']","['car_age', 'mileage', 'tax', 'mpg']",0.05,0.15,"HistGradientBoostingRegressor(max_depth=5, random_state=42)",standard,13,knn_modelwise,target,"{'selector__selection_method': 'rfe', 'selector__n_features_to_select': 10, 'selector__model_name': 'hgb', 'selector__k': 8, 'scaler__scaler_name': 'robust', 'outlier_remover__z_columns': ['car_age', 'mileage', 'tax', 'mpg'], 'outlier_remover__threshold': 3, 'outlier_remover__sev_outliers_cols': ['car_age', 'mileage'], 'outlier_remover__outlier_method': 'z_score', 'outlier_remover__n_neighbors': 50, 'outlier_remover__model_columns': ['tax', 'mpg'], 'outlier_remover__mod_outliers_cols': ['car_age', 'mileage', 'tax', 'mpg'], 'outlier_remover__contamination_LOF': 0.05, 'outlier_remover__contamination_IF': 0.15, 'model': HistGradientBoostingRegressor(max_depth=5, random_state=42), 'imputer__knn_scaling_method': 'standard', 'imputer__knn_neighbors': 13, 'imputer__imputation_method': 'knn_modelwise', 'encoder__method': 'target'}",-2579.1931027247656,-2332.7067379333457,-2156.8646774171702,-2356.254839358427,173.21703056424664,147,-1680.5050771597575,-1593.0110080242891,-1513.50658860485,-1595.674224596299,68.2028510488526
83,0,2000,0.4262419541676839,0.07340761813064872,0.0,0.0,rfe,8,hgb,6,minmax,"['car_age', 'mileage', 'tax', 'mpg']",2,"['car_age', 'mileage']",z_score,70,"['car_age', 'mileage', 'tax', 'mpg']","['car_age', 'mileage', 'tax', 'mpg']",0.05,0.3,"HistGradientBoostingRegressor(max_depth=5, random_state=42)",minmax,12,knn_modelwise,freq,"{'selector__selection_method': 'rfe', 'selector__n_features_to_select': 8, 'selector__model_name': 'hgb', 'selector__k': 6, 'scaler__scaler_name': 'minmax', 'outlier_remover__z_columns': ['car_age', 'mileage', 'tax', 'mpg'], 'outlier_remover__threshold': 2, 'outlier_remover__sev_outliers_cols': ['car_age', 'mileage'], 'outlier_remover__outlier_method': 'z_score', 'outlier_remover__n_neighbors': 70, 'outlier_remover__model_columns': ['car_age', 'mileage', 'tax', 'mpg'], 'outlier_remover__mod_outliers_cols': ['car_age', 'mileage', 'tax', 'mpg'], 'outlier_remover__contamination_LOF': 0.05, 'outlier_remover__contamination_IF': 0.3, 'model': HistGradientBoostingRegressor(max_depth=5, random_state=42), 'imputer__knn_scaling_method': 'minmax', 'imputer__knn_neighbors': 12, 'imputer__imputation_method': 'knn_modelwise', 'encoder__method': 'freq'}",,,,,,260,,,,,
84,0,2000,0.23355301221211752,0.03979697699485353,0.01174306869506836,0.0011496071355510536,kbest,8,hgb,9,standard,"['car_age', 'mileage', 'tax', 'mpg']",3,"['car_age', 'mileage', 'engineSize']",LOF,100,"['tax', 'mpg']","['car_age', 'mileage', 'tax', 'mpg']",0.15,0.3,"HistGradientBoostingRegressor(max_depth=5, random_state=42)",robust,16,iterative,target,"{'selector__selection_method': 'kbest', 'selector__n_features_to_select': 8, 'selector__model_name': 'hgb', 'selector__k': 9, 'scaler__scaler_name': 'standard', 'outlier_remover__z_columns': ['car_age', 'mileage', 'tax', 'mpg'], 'outlier_remover__threshold': 3, 'outlier_remover__sev_outliers_cols': ['car_age', 'mileage', 'engineSize'], 'outlier_remover__outlier_method': 'LOF', 'outlier_remover__n_neighbors': 100, 'outlier_remover__model_columns': ['tax', 'mpg'], 'outlier_remover__mod_outliers_cols': ['car_age', 'mileage', 'tax', 'mpg'], 'outlier_remover__contamination_LOF': 0.15, 'outlier_remover__contamination_IF': 0.3, 'model': HistGradientBoostingRegressor(max_depth=5, random_state=42), 'imputer__knn_scaling_method': 'robust', 'imputer__knn_neighbors': 16, 'imputer__imputation_method': 'iterative', 'encoder__method': 'target'}",-2589.140787358705,-2486.402522596547,-2298.8574582125934,-2458.1335893892815,120.1816742368127,168,-1953.2641707324715,-1847.7336815223455,-1817.1643109238719,-1872.7207210595632,58.30412831927638
85,0,2000,0.3343222141265869,0.034623251163958126,0.0,0.0,rfe,6,hgb,7,robust,"['car_age', 'mileage', 'tax', 'mpg']",3,"['car_age', 'mileage']",LOF,50,"['car_age', 'mileage', 'tax', 'mpg']","['car_age', 'mileage', 'tax', 'mpg']",0.3,0.3,"HistGradientBoostingRegressor(max_depth=5, random_state=42)",minmax,10,simple,target,"{'selector__selection_method': 'rfe', 'selector__n_features_to_select': 6, 'selector__model_name': 'hgb', 'selector__k': 7, 'scaler__scaler_name': 'robust', 'outlier_remover__z_columns': ['car_age', 'mileage', 'tax', 'mpg'], 'outlier_remover__threshold': 3, 'outlier_remover__sev_outliers_cols': ['car_age', 'mileage'], 'outlier_remover__outlier_method': 'LOF', 'outlier_remover__n_neighbors': 50, 'outlier_remover__model_columns': ['car_age', 'mileage', 'tax', 'mpg'], 'outlier_remover__mod_outliers_cols': ['car_age', 'mileage', 'tax', 'mpg'], 'outlier_remover__contamination_LOF': 0.3, 'outlier_remover__contamination_IF': 0.3, 'model': HistGradientBoostingRegressor(max_depth=5, random_state=42), 'imputer__knn_scaling_method': 'minmax', 'imputer__knn_neighbors': 10, 'imputer__imputation_method': 'simple', 'encoder__method': 'target'}",,,,,,260,,,,,
86,0,2000,0.16896796226501465,0.03752163616782109,0.009750445683797201,0.001186419246784559,kbest,10,hgb,10,minmax,"['car_age', 'mileage', 'tax', 'mpg']",2,"['car_age', 'mileage', 'engineSize']",IQR,70,"['tax', 'mpg']","['tax', 'mpg']",0.3,0.05,"HistGradientBoostingRegressor(max_depth=5, random_state=42)",robust,13,simple,freq,"{'selector__selection_method': 'kbest', 'selector__n_features_to_select': 10, 'selector__model_name': 'hgb', 'selector__k': 10, 'scaler__scaler_name': 'minmax', 'outlier_remover__z_columns': ['car_age', 'mileage', 'tax', 'mpg'], 'outlier_remover__threshold': 2, 'outlier_remover__sev_outliers_cols': ['car_age', 'mileage', 'engineSize'], 'outlier_remover__outlier_method': 'IQR', 'outlier_remover__n_neighbors': 70, 'outlier_remover__model_columns': ['tax', 'mpg'], 'outlier_remover__mod_outliers_cols': ['tax', 'mpg'], 'outlier_remover__contamination_LOF': 0.3, 'outlier_remover__contamination_IF': 0.05, 'model': HistGradientBoostingRegressor(max_depth=5, random_state=42), 'imputer__knn_scaling_method': 'robust', 'imputer__knn_neighbors': 13, 'imputer__imputation_method': 'simple', 'encoder__method': 'freq'}",-2745.804538407817,-2403.541794391939,-2422.2498064209426,-2523.865379740233,157.12042099628675,181,-1900.6432587882086,-1845.4783653084626,-1810.4454934034216,-1852.1890391666977,37.12756458325784
87,0,2000,0.27428722381591797,0.03721008834881049,0.0,0.0,rfe,6,hgb,7,standard,"['car_age', 'mileage', 'tax', 'mpg']",2,"['car_age', 'mileage']",IQR,100,"['car_age', 'mileage', 'tax', 'mpg', 'engineSize']","['tax', 'mpg']",0.15,0.3,"HistGradientBoostingRegressor(max_depth=5, random_state=42)",robust,14,iterative,target,"{'selector__selection_method': 'rfe', 'selector__n_features_to_select': 6, 'selector__model_name': 'hgb', 'selector__k': 7, 'scaler__scaler_name': 'standard', 'outlier_remover__z_columns': ['car_age', 'mileage', 'tax', 'mpg'], 'outlier_remover__threshold': 2, 'outlier_remover__sev_outliers_cols': ['car_age', 'mileage'], 'outlier_remover__outlier_method': 'IQR', 'outlier_remover__n_neighbors': 100, 'outlier_remover__model_columns': ['car_age', 'mileage', 'tax', 'mpg', 'engineSize'], 'outlier_remover__mod_outliers_cols': ['tax', 'mpg'], 'outlier_remover__contamination_LOF': 0.15, 'outlier_remover__contamination_IF': 0.3, 'model': HistGradientBoostingRegressor(max_depth=5, random_state=42), 'imputer__knn_scaling_method': 'robust', 'imputer__knn_neighbors': 14, 'imputer__imputation_method': 'iterative', 'encoder__method': 'target'}",,,,,,260,,,,,
88,0,2000,0.44205602010091144,0.016750423954575957,0.0,0.0,rfe,6,hgb,6,minmax,"['car_age', 'mileage', 'tax', 'mpg']",2,"['car_age', 'mileage', 'engineSize']",Isolation_Forest,30,"['car_age', 'mileage', 'tax', 'mpg']","['tax', 'mpg']",0.15,0.5,"HistGradientBoostingRegressor(max_depth=5, random_state=42)",robust,15,knn_modelwise,freq,"{'selector__selection_method': 'rfe', 'selector__n_features_to_select': 6, 'selector__model_name': 'hgb', 'selector__k': 6, 'scaler__scaler_name': 'minmax', 'outlier_remover__z_columns': ['car_age', 'mileage', 'tax', 'mpg'], 'outlier_remover__threshold': 2, 'outlier_remover__sev_outliers_cols': ['car_age', 'mileage', 'engineSize'], 'outlier_remover__outlier_method': 'Isolation_Forest', 'outlier_remover__n_neighbors': 30, 'outlier_remover__model_columns': ['car_age', 'mileage', 'tax', 'mpg'], 'outlier_remover__mod_outliers_cols': ['tax', 'mpg'], 'outlier_remover__contamination_LOF': 0.15, 'outlier_remover__contamination_IF': 0.5, 'model': HistGradientBoostingRegressor(max_depth=5, random_state=42), 'imputer__knn_scaling_method': 'robust', 'imputer__knn_neighbors': 15, 'imputer__imputation_method': 'knn_modelwise', 'encoder__method': 'freq'}",,,,,,260,,,,,
89,0,2000,0.28368576367696124,0.022577716681640877,0.09292904535929362,0.002228910850015059,kbest,8,hgb,5,robust,"['car_age', 'mileage', 'tax', 'mpg']",3,"['car_age', 'mileage']",IQR,100,"['car_age', 'mileage', 'tax', 'mpg', 'engineSize']","['tax', 'mpg']",0.05,0.15,"HistGradientBoostingRegressor(max_depth=5, random_state=42)",minmax,11,knn_modelwise,freq,"{'selector__selection_method': 'kbest', 'selector__n_features_to_select': 8, 'selector__model_name': 'hgb', 'selector__k': 5, 'scaler__scaler_name': 'robust', 'outlier_remover__z_columns': ['car_age', 'mileage', 'tax', 'mpg'], 'outlier_remover__threshold': 3, 'outlier_remover__sev_outliers_cols': ['car_age', 'mileage'], 'outlier_remover__outlier_method': 'IQR', 'outlier_remover__n_neighbors': 100, 'outlier_remover__model_columns': ['car_age', 'mileage', 'tax', 'mpg', 'engineSize'], 'outlier_remover__mod_outliers_cols': ['tax', 'mpg'], 'outlier_remover__contamination_LOF': 0.05, 'outlier_remover__contamination_IF': 0.15, 'model': HistGradientBoostingRegressor(max_depth=5, random_state=42), 'imputer__knn_scaling_method': 'minmax', 'imputer__knn_neighbors': 11, 'imputer__imputation_method': 'knn_modelwise', 'encoder__method': 'freq'}",-3080.9376679547277,-2866.999332817992,-2797.1833904210307,-2915.0401303979165,120.72023077831392,231,-2366.623067264979,-2348.066696287266,-2258.498951600952,-2324.396238384399,47.20821983532482
90,0,2000,0.3349057038625081,0.024833643224549416,0.0,0.0,rfe,7,hgb,9,robust,"['car_age', 'mileage', 'tax', 'mpg']",3,"['car_age', 'mileage']",Isolation_Forest,90,"['car_age', 'mileage', 'tax', 'mpg']","['tax', 'mpg']",0.05,0.05,"HistGradientBoostingRegressor(max_depth=5, random_state=42)",standard,17,simple,target,"{'selector__selection_method': 'rfe', 'selector__n_features_to_select': 7, 'selector__model_name': 'hgb', 'selector__k': 9, 'scaler__scaler_name': 'robust', 'outlier_remover__z_columns': ['car_age', 'mileage', 'tax', 'mpg'], 'outlier_remover__threshold': 3, 'outlier_remover__sev_outliers_cols': ['car_age', 'mileage'], 'outlier_remover__outlier_method': 'Isolation_Forest', 'outlier_remover__n_neighbors': 90, 'outlier_remover__model_columns': ['car_age', 'mileage', 'tax', 'mpg'], 'outlier_remover__mod_outliers_cols': ['tax', 'mpg'], 'outlier_remover__contamination_LOF': 0.05, 'outlier_remover__contamination_IF': 0.05, 'model': HistGradientBoostingRegressor(max_depth=5, random_state=42), 'imputer__knn_scaling_method': 'standard', 'imputer__knn_neighbors': 17, 'imputer__imputation_method': 'simple', 'encoder__method': 'target'}",,,,,,260,,,,,
91,0,2000,0.2896436055501302,0.04926251252777282,0.0,0.0,rfe,7,hgb,10,minmax,"['car_age', 'mileage', 'tax', 'mpg']",2,"['car_age', 'mileage', 'engineSize']",z_score,90,"['tax', 'mpg']","['car_age', 'mileage', 'tax', 'mpg']",0.05,0.15,"HistGradientBoostingRegressor(max_depth=5, random_state=42)",minmax,20,simple,freq,"{'selector__selection_method': 'rfe', 'selector__n_features_to_select': 7, 'selector__model_name': 'hgb', 'selector__k': 10, 'scaler__scaler_name': 'minmax', 'outlier_remover__z_columns': ['car_age', 'mileage', 'tax', 'mpg'], 'outlier_remover__threshold': 2, 'outlier_remover__sev_outliers_cols': ['car_age', 'mileage', 'engineSize'], 'outlier_remover__outlier_method': 'z_score', 'outlier_remover__n_neighbors': 90, 'outlier_remover__model_columns': ['tax', 'mpg'], 'outlier_remover__mod_outliers_cols': ['car_age', 'mileage', 'tax', 'mpg'], 'outlier_remover__contamination_LOF': 0.05, 'outlier_remover__contamination_IF': 0.15, 'model': HistGradientBoostingRegressor(max_depth=5, random_state=42), 'imputer__knn_scaling_method': 'minmax', 'imputer__knn_neighbors': 20, 'imputer__imputation_method': 'simple', 'encoder__method': 'freq'}",,,,,,260,,,,,
92,0,2000,0.22930121421813965,0.03727593376729812,0.01277772585550944,0.002521204438870139,kbest,8,hgb,9,minmax,"['car_age', 'mileage', 'tax', 'mpg']",3,"['car_age', 'mileage', 'engineSize']",LOF,90,"['tax', 'mpg']","['tax', 'mpg']",0.05,0.15,"HistGradientBoostingRegressor(max_depth=5, random_state=42)",standard,19,simple,freq,"{'selector__selection_method': 'kbest', 'selector__n_features_to_select': 8, 'selector__model_name': 'hgb', 'selector__k': 9, 'scaler__scaler_name': 'minmax', 'outlier_remover__z_columns': ['car_age', 'mileage', 'tax', 'mpg'], 'outlier_remover__threshold': 3, 'outlier_remover__sev_outliers_cols': ['car_age', 'mileage', 'engineSize'], 'outlier_remover__outlier_method': 'LOF', 'outlier_remover__n_neighbors': 90, 'outlier_remover__model_columns': ['tax', 'mpg'], 'outlier_remover__mod_outliers_cols': ['tax', 'mpg'], 'outlier_remover__contamination_LOF': 0.05, 'outlier_remover__contamination_IF': 0.15, 'model': HistGradientBoostingRegressor(max_depth=5, random_state=42), 'imputer__knn_scaling_method': 'standard', 'imputer__knn_neighbors': 19, 'imputer__imputation_method': 'simple', 'encoder__method': 'freq'}",-2739.783438670636,-2474.568694429264,-2448.0370024766016,-2554.1297118588336,131.7230994138871,191,-1949.7805935188803,-1921.3925777030079,-1859.578470812633,-1910.2505473448402,37.65823828022202
93,0,2000,0.2653333346048991,0.01124914661395653,0.009605884552001953,0.0013451140547805762,kbest,10,hgb,8,minmax,"['car_age', 'mileage', 'tax', 'mpg']",2,"['car_age', 'mileage']",IQR,70,"['tax', 'mpg']","['car_age', 'mileage', 'tax', 'mpg']",0.3,0.15,"HistGradientBoostingRegressor(max_depth=5, random_state=42)",minmax,13,simple,target,"{'selector__selection_method': 'kbest', 'selector__n_features_to_select': 10, 'selector__model_name': 'hgb', 'selector__k': 8, 'scaler__scaler_name': 'minmax', 'outlier_remover__z_columns': ['car_age', 'mileage', 'tax', 'mpg'], 'outlier_remover__threshold': 2, 'outlier_remover__sev_outliers_cols': ['car_age', 'mileage'], 'outlier_remover__outlier_method': 'IQR', 'outlier_remover__n_neighbors': 70, 'outlier_remover__model_columns': ['tax', 'mpg'], 'outlier_remover__mod_outliers_cols': ['car_age', 'mileage', 'tax', 'mpg'], 'outlier_remover__contamination_LOF': 0.3, 'outlier_remover__contamination_IF': 0.15, 'model': HistGradientBoostingRegressor(max_depth=5, random_state=42), 'imputer__knn_scaling_method': 'minmax', 'imputer__knn_neighbors': 13, 'imputer__imputation_method': 'simple', 'encoder__method': 'target'}",-2635.531469666512,-2319.2434598432205,-2217.1265434745724,-2390.633824328102,178.1162703992043,157,-1701.1567202792528,-1648.684737914697,-1611.1143311255723,-1653.6519297731738,36.92706963141356
94,0,2000,0.5363814830780029,0.01957103549829317,0.09263030687967937,0.0061992236353570224,rfe,10,hgb,6,robust,"['car_age', 'mileage', 'tax', 'mpg']",2,"['car_age', 'mileage']",Isolation_Forest,100,"['car_age', 'mileage', 'tax', 'mpg', 'engineSize']","['car_age', 'mileage', 'tax', 'mpg']",0.05,0.05,"HistGradientBoostingRegressor(max_depth=5, random_state=42)",standard,20,knn_modelwise,freq,"{'selector__selection_method': 'rfe', 'selector__n_features_to_select': 10, 'selector__model_name': 'hgb', 'selector__k': 6, 'scaler__scaler_name': 'robust', 'outlier_remover__z_columns': ['car_age', 'mileage', 'tax', 'mpg'], 'outlier_remover__threshold': 2, 'outlier_remover__sev_outliers_cols': ['car_age', 'mileage'], 'outlier_remover__outlier_method': 'Isolation_Forest', 'outlier_remover__n_neighbors': 100, 'outlier_remover__model_columns': ['car_age', 'mileage', 'tax', 'mpg', 'engineSize'], 'outlier_remover__mod_outliers_cols': ['car_age', 'mileage', 'tax', 'mpg'], 'outlier_remover__contamination_LOF': 0.05, 'outlier_remover__contamination_IF': 0.05, 'model': HistGradientBoostingRegressor(max_depth=5, random_state=42), 'imputer__knn_scaling_method': 'standard', 'imputer__knn_neighbors': 20, 'imputer__imputation_method': 'knn_modelwise', 'encoder__method': 'freq'}",-2500.373684493391,-2433.775034352572,-2362.5963273040993,-2432.248348716688,56.257729041080985,165,-1856.6497335000647,-1920.0646924989246,-1742.0911939411703,-1839.6018733133867,73.65058813944908
95,0,2000,0.4460025628407796,0.06284569631081367,0.0,0.0,rfe,6,hgb,9,minmax,"['car_age', 'mileage', 'tax', 'mpg']",2,"['car_age', 'mileage']",IQR,70,"['car_age', 'mileage', 'tax', 'mpg']","['car_age', 'mileage', 'tax', 'mpg']",0.15,0.15,"HistGradientBoostingRegressor(max_depth=5, random_state=42)",standard,14,knn_modelwise,freq,"{'selector__selection_method': 'rfe', 'selector__n_features_to_select': 6, 'selector__model_name': 'hgb', 'selector__k': 9, 'scaler__scaler_name': 'minmax', 'outlier_remover__z_columns': ['car_age', 'mileage', 'tax', 'mpg'], 'outlier_remover__threshold': 2, 'outlier_remover__sev_outliers_cols': ['car_age', 'mileage'], 'outlier_remover__outlier_method': 'IQR', 'outlier_remover__n_neighbors': 70, 'outlier_remover__model_columns': ['car_age', 'mileage', 'tax', 'mpg'], 'outlier_remover__mod_outliers_cols': ['car_age', 'mileage', 'tax', 'mpg'], 'outlier_remover__contamination_LOF': 0.15, 'outlier_remover__contamination_IF': 0.15, 'model': HistGradientBoostingRegressor(max_depth=5, random_state=42), 'imputer__knn_scaling_method': 'standard', 'imputer__knn_neighbors': 14, 'imputer__imputation_method': 'knn_modelwise', 'encoder__method': 'freq'}",,,,,,260,,,,,
96,0,2000,0.19463872909545898,0.009224434066108888,0.010492086410522461,0.0020693091504699747,kbest,8,hgb,9,standard,"['car_age', 'mileage', 'tax', 'mpg']",2,"['car_age', 'mileage', 'engineSize']",IQR,100,"['car_age', 'mileage', 'tax', 'mpg', 'engineSize']","['car_age', 'mileage', 'tax', 'mpg']",0.05,0.5,"HistGradientBoostingRegressor(max_depth=5, random_state=42)",minmax,10,simple,target,"{'selector__selection_method': 'kbest', 'selector__n_features_to_select': 8, 'selector__model_name': 'hgb', 'selector__k': 9, 'scaler__scaler_name': 'standard', 'outlier_remover__z_columns': ['car_age', 'mileage', 'tax', 'mpg'], 'outlier_remover__threshold': 2, 'outlier_remover__sev_outliers_cols': ['car_age', 'mileage', 'engineSize'], 'outlier_remover__outlier_method': 'IQR', 'outlier_remover__n_neighbors': 100, 'outlier_remover__model_columns': ['car_age', 'mileage', 'tax', 'mpg', 'engineSize'], 'outlier_remover__mod_outliers_cols': ['car_age', 'mileage', 'tax', 'mpg'], 'outlier_remover__contamination_LOF': 0.05, 'outlier_remover__contamination_IF': 0.5, 'model': HistGradientBoostingRegressor(max_depth=5, random_state=42), 'imputer__knn_scaling_method': 'minmax', 'imputer__knn_neighbors': 10, 'imputer__imputation_method': 'simple', 'encoder__method': 'target'}",-2614.7122624893277,-2324.956280406004,-2237.9732302253815,-2392.5472577069045,161.0579187066189,159,-1708.0598344840676,-1631.1690242407915,-1592.1865799530976,-1643.8051462259855,48.14150297486403
97,0,2000,0.2986750602722168,0.021728960594684838,0.0,0.0,model,5,hgb,7,standard,"['car_age', 'mileage', 'tax', 'mpg']",2,"['car_age', 'mileage', 'engineSize']",Isolation_Forest,70,"['tax', 'mpg']","['tax', 'mpg']",0.5,0.05,"HistGradientBoostingRegressor(max_depth=5, random_state=42)",minmax,10,simple,target,"{'selector__selection_method': 'model', 'selector__n_features_to_select': 5, 'selector__model_name': 'hgb', 'selector__k': 7, 'scaler__scaler_name': 'standard', 'outlier_remover__z_columns': ['car_age', 'mileage', 'tax', 'mpg'], 'outlier_remover__threshold': 2, 'outlier_remover__sev_outliers_cols': ['car_age', 'mileage', 'engineSize'], 'outlier_remover__outlier_method': 'Isolation_Forest', 'outlier_remover__n_neighbors': 70, 'outlier_remover__model_columns': ['tax', 'mpg'], 'outlier_remover__mod_outliers_cols': ['tax', 'mpg'], 'outlier_remover__contamination_LOF': 0.5, 'outlier_remover__contamination_IF': 0.05, 'model': HistGradientBoostingRegressor(max_depth=5, random_state=42), 'imputer__knn_scaling_method': 'minmax', 'imputer__knn_neighbors': 10, 'imputer__imputation_method': 'simple', 'encoder__method': 'target'}",,,,,,260,,,,,
98,0,2000,0.235821803410848,0.021608067213322042,0.0,0.0,rfe,8,hgb,9,minmax,"['car_age', 'mileage', 'tax', 'mpg']",3,"['car_age', 'mileage', 'engineSize']",IQR,100,"['tax', 'mpg']","['tax', 'mpg']",0.3,0.05,"HistGradientBoostingRegressor(max_depth=5, random_state=42)",robust,17,iterative,target,"{'selector__selection_method': 'rfe', 'selector__n_features_to_select': 8, 'selector__model_name': 'hgb', 'selector__k': 9, 'scaler__scaler_name': 'minmax', 'outlier_remover__z_columns': ['car_age', 'mileage', 'tax', 'mpg'], 'outlier_remover__threshold': 3, 'outlier_remover__sev_outliers_cols': ['car_age', 'mileage', 'engineSize'], 'outlier_remover__outlier_method': 'IQR', 'outlier_remover__n_neighbors': 100, 'outlier_remover__model_columns': ['tax', 'mpg'], 'outlier_remover__mod_outliers_cols': ['tax', 'mpg'], 'outlier_remover__contamination_LOF': 0.3, 'outlier_remover__contamination_IF': 0.05, 'model': HistGradientBoostingRegressor(max_depth=5, random_state=42), 'imputer__knn_scaling_method': 'robust', 'imputer__knn_neighbors': 17, 'imputer__imputation_method': 'iterative', 'encoder__method': 'target'}",,,,,,260,,,,,
99,0,2000,0.2353379726409912,0.00722873222079761,0.0,0.0,rfe,6,hgb,7,robust,"['car_age', 'mileage', 'tax', 'mpg']",3,"['car_age', 'mileage', 'engineSize']",IQR,30,"['car_age', 'mileage', 'tax', 'mpg']","['tax', 'mpg']",0.5,0.5,"HistGradientBoostingRegressor(max_depth=5, random_state=42)",standard,11,iterative,freq,"{'selector__selection_method': 'rfe', 'selector__n_features_to_select': 6, 'selector__model_name': 'hgb', 'selector__k': 7, 'scaler__scaler_name': 'robust', 'outlier_remover__z_columns': ['car_age', 'mileage', 'tax', 'mpg'], 'outlier_remover__threshold': 3, 'outlier_remover__sev_outliers_cols': ['car_age', 'mileage', 'engineSize'], 'outlier_remover__outlier_method': 'IQR', 'outlier_remover__n_neighbors': 30, 'outlier_remover__model_columns': ['car_age', 'mileage', 'tax', 'mpg'], 'outlier_remover__mod_outliers_cols': ['tax', 'mpg'], 'outlier_remover__contamination_LOF': 0.5, 'outlier_remover__contamination_IF': 0.5, 'model': HistGradientBoostingRegressor(max_depth=5, random_state=42), 'imputer__knn_scaling_method': 'standard', 'imputer__knn_neighbors': 11, 'imputer__imputation_method': 'iterative', 'encoder__method': 'freq'}",,,,,,260,,,,,
100,0,2000,0.2530527114868164,0.016441266160132854,0.0,0.0,rfe,9,hgb,9,standard,"['car_age', 'mileage', 'tax', 'mpg']",2,"['car_age', 'mileage', 'engineSize']",z_score,70,"['car_age', 'mileage', 'tax', 'mpg', 'engineSize']","['car_age', 'mileage', 'tax', 'mpg']",0.05,0.3,"HistGradientBoostingRegressor(max_depth=5, random_state=42)",robust,13,iterative,freq,"{'selector__selection_method': 'rfe', 'selector__n_features_to_select': 9, 'selector__model_name': 'hgb', 'selector__k': 9, 'scaler__scaler_name': 'standard', 'outlier_remover__z_columns': ['car_age', 'mileage', 'tax', 'mpg'], 'outlier_remover__threshold': 2, 'outlier_remover__sev_outliers_cols': ['car_age', 'mileage', 'engineSize'], 'outlier_remover__outlier_method': 'z_score', 'outlier_remover__n_neighbors': 70, 'outlier_remover__model_columns': ['car_age', 'mileage', 'tax', 'mpg', 'engineSize'], 'outlier_remover__mod_outliers_cols': ['car_age', 'mileage', 'tax', 'mpg'], 'outlier_remover__contamination_LOF': 0.05, 'outlier_remover__contamination_IF': 0.3, 'model': HistGradientBoostingRegressor(max_depth=5, random_state=42), 'imputer__knn_scaling_method': 'robust', 'imputer__knn_neighbors': 13, 'imputer__imputation_method': 'iterative', 'encoder__method': 'freq'}",,,,,,260,,,,,
101,0,2000,0.2438360055287679,0.02279353660156948,0.0,0.0,model,7,hgb,9,robust,"['car_age', 'mileage', 'tax', 'mpg']",2,"['car_age', 'mileage', 'engineSize']",IQR,30,"['tax', 'mpg']","['tax', 'mpg']",0.3,0.5,"HistGradientBoostingRegressor(max_depth=5, random_state=42)",robust,14,iterative,target,"{'selector__selection_method': 'model', 'selector__n_features_to_select': 7, 'selector__model_name': 'hgb', 'selector__k': 9, 'scaler__scaler_name': 'robust', 'outlier_remover__z_columns': ['car_age', 'mileage', 'tax', 'mpg'], 'outlier_remover__threshold': 2, 'outlier_remover__sev_outliers_cols': ['car_age', 'mileage', 'engineSize'], 'outlier_remover__outlier_method': 'IQR', 'outlier_remover__n_neighbors': 30, 'outlier_remover__model_columns': ['tax', 'mpg'], 'outlier_remover__mod_outliers_cols': ['tax', 'mpg'], 'outlier_remover__contamination_LOF': 0.3, 'outlier_remover__contamination_IF': 0.5, 'model': HistGradientBoostingRegressor(max_depth=5, random_state=42), 'imputer__knn_scaling_method': 'robust', 'imputer__knn_neighbors': 14, 'imputer__imputation_method': 'iterative', 'encoder__method': 'target'}",,,,,,260,,,,,
102,0,2000,0.23181962966918945,0.032188686313633176,0.0,0.0,rfe,7,hgb,10,standard,"['car_age', 'mileage', 'tax', 'mpg']",3,"['car_age', 'mileage', 'engineSize']",LOF,100,"['car_age', 'mileage', 'tax', 'mpg']","['tax', 'mpg']",0.15,0.05,"HistGradientBoostingRegressor(max_depth=5, random_state=42)",standard,10,simple,freq,"{'selector__selection_method': 'rfe', 'selector__n_features_to_select': 7, 'selector__model_name': 'hgb', 'selector__k': 10, 'scaler__scaler_name': 'standard', 'outlier_remover__z_columns': ['car_age', 'mileage', 'tax', 'mpg'], 'outlier_remover__threshold': 3, 'outlier_remover__sev_outliers_cols': ['car_age', 'mileage', 'engineSize'], 'outlier_remover__outlier_method': 'LOF', 'outlier_remover__n_neighbors': 100, 'outlier_remover__model_columns': ['car_age', 'mileage', 'tax', 'mpg'], 'outlier_remover__mod_outliers_cols': ['tax', 'mpg'], 'outlier_remover__contamination_LOF': 0.15, 'outlier_remover__contamination_IF': 0.05, 'model': HistGradientBoostingRegressor(max_depth=5, random_state=42), 'imputer__knn_scaling_method': 'standard', 'imputer__knn_neighbors': 10, 'imputer__imputation_method': 'simple', 'encoder__method': 'freq'}",,,,,,260,,,,,
103,0,2000,0.1114802360534668,0.008557519921801367,0.007267475128173828,0.0014313272031266913,kbest,10,hgb,9,standard,"['car_age', 'mileage', 'tax', 'mpg']",2,"['car_age', 'mileage']",LOF,50,"['car_age', 'mileage', 'tax', 'mpg', 'engineSize']","['tax', 'mpg']",0.5,0.3,"HistGradientBoostingRegressor(max_depth=5, random_state=42)",robust,16,simple,freq,"{'selector__selection_method': 'kbest', 'selector__n_features_to_select': 10, 'selector__model_name': 'hgb', 'selector__k': 9, 'scaler__scaler_name': 'standard', 'outlier_remover__z_columns': ['car_age', 'mileage', 'tax', 'mpg'], 'outlier_remover__threshold': 2, 'outlier_remover__sev_outliers_cols': ['car_age', 'mileage'], 'outlier_remover__outlier_method': 'LOF', 'outlier_remover__n_neighbors': 50, 'outlier_remover__model_columns': ['car_age', 'mileage', 'tax', 'mpg', 'engineSize'], 'outlier_remover__mod_outliers_cols': ['tax', 'mpg'], 'outlier_remover__contamination_LOF': 0.5, 'outlier_remover__contamination_IF': 0.3, 'model': HistGradientBoostingRegressor(max_depth=5, random_state=42), 'imputer__knn_scaling_method': 'robust', 'imputer__knn_neighbors': 16, 'imputer__imputation_method': 'simple', 'encoder__method': 'freq'}",-3061.432590657683,-2684.698389231057,-2665.5956877434733,-2803.9088892107375,182.2636751270577,222,-2378.5770989146713,-2230.5526131299607,-2228.163899792427,-2279.0978706123533,70.34919632599842
104,0,2000,0.49028770128885907,0.022962713405117442,0.0,0.0,model,7,hgb,6,minmax,"['car_age', 'mileage', 'tax', 'mpg']",2,"['car_age', 'mileage']",Isolation_Forest,90,"['car_age', 'mileage', 'tax', 'mpg', 'engineSize']","['car_age', 'mileage', 'tax', 'mpg']",0.15,0.3,"HistGradientBoostingRegressor(max_depth=5, random_state=42)",minmax,17,knn_modelwise,freq,"{'selector__selection_method': 'model', 'selector__n_features_to_select': 7, 'selector__model_name': 'hgb', 'selector__k': 6, 'scaler__scaler_name': 'minmax', 'outlier_remover__z_columns': ['car_age', 'mileage', 'tax', 'mpg'], 'outlier_remover__threshold': 2, 'outlier_remover__sev_outliers_cols': ['car_age', 'mileage'], 'outlier_remover__outlier_method': 'Isolation_Forest', 'outlier_remover__n_neighbors': 90, 'outlier_remover__model_columns': ['car_age', 'mileage', 'tax', 'mpg', 'engineSize'], 'outlier_remover__mod_outliers_cols': ['car_age', 'mileage', 'tax', 'mpg'], 'outlier_remover__contamination_LOF': 0.15, 'outlier_remover__contamination_IF': 0.3, 'model': HistGradientBoostingRegressor(max_depth=5, random_state=42), 'imputer__knn_scaling_method': 'minmax', 'imputer__knn_neighbors': 17, 'imputer__imputation_method': 'knn_modelwise', 'encoder__method': 'freq'}",,,,,,260,,,,,
105,0,2000,0.336899201075236,0.02687435143756836,0.1064763863881429,0.009345952427003968,kbest,5,hgb,10,standard,"['car_age', 'mileage', 'tax', 'mpg']",3,"['car_age', 'mileage', 'engineSize']",IQR,100,"['car_age', 'mileage', 'tax', 'mpg']","['car_age', 'mileage', 'tax', 'mpg']",0.05,0.3,"HistGradientBoostingRegressor(max_depth=5, random_state=42)",robust,17,knn_modelwise,freq,"{'selector__selection_method': 'kbest', 'selector__n_features_to_select': 5, 'selector__model_name': 'hgb', 'selector__k': 10, 'scaler__scaler_name': 'standard', 'outlier_remover__z_columns': ['car_age', 'mileage', 'tax', 'mpg'], 'outlier_remover__threshold': 3, 'outlier_remover__sev_outliers_cols': ['car_age', 'mileage', 'engineSize'], 'outlier_remover__outlier_method': 'IQR', 'outlier_remover__n_neighbors': 100, 'outlier_remover__model_columns': ['car_age', 'mileage', 'tax', 'mpg'], 'outlier_remover__mod_outliers_cols': ['car_age', 'mileage', 'tax', 'mpg'], 'outlier_remover__contamination_LOF': 0.05, 'outlier_remover__contamination_IF': 0.3, 'model': HistGradientBoostingRegressor(max_depth=5, random_state=42), 'imputer__knn_scaling_method': 'robust', 'imputer__knn_neighbors': 17, 'imputer__imputation_method': 'knn_modelwise', 'encoder__method': 'freq'}",-2701.998035995698,-2347.6213173662727,-2398.6502359622605,-2482.7565297747437,156.4206213404391,174,-1874.552052477226,-1816.6983213411418,-1780.8055196633152,-1824.018631160561,38.62031680818295
106,0,2000,0.1529818375905355,0.020622995153463896,0.009239594141642252,0.0017599215058484512,kbest,8,hgb,8,minmax,"['car_age', 'mileage', 'tax', 'mpg']",2,"['car_age', 'mileage', 'engineSize']",LOF,50,"['car_age', 'mileage', 'tax', 'mpg', 'engineSize']","['car_age', 'mileage', 'tax', 'mpg']",0.5,0.5,"HistGradientBoostingRegressor(max_depth=5, random_state=42)",robust,10,simple,target,"{'selector__selection_method': 'kbest', 'selector__n_features_to_select': 8, 'selector__model_name': 'hgb', 'selector__k': 8, 'scaler__scaler_name': 'minmax', 'outlier_remover__z_columns': ['car_age', 'mileage', 'tax', 'mpg'], 'outlier_remover__threshold': 2, 'outlier_remover__sev_outliers_cols': ['car_age', 'mileage', 'engineSize'], 'outlier_remover__outlier_method': 'LOF', 'outlier_remover__n_neighbors': 50, 'outlier_remover__model_columns': ['car_age', 'mileage', 'tax', 'mpg', 'engineSize'], 'outlier_remover__mod_outliers_cols': ['car_age', 'mileage', 'tax', 'mpg'], 'outlier_remover__contamination_LOF': 0.5, 'outlier_remover__contamination_IF': 0.5, 'model': HistGradientBoostingRegressor(max_depth=5, random_state=42), 'imputer__knn_scaling_method': 'robust', 'imputer__knn_neighbors': 10, 'imputer__imputation_method': 'simple', 'encoder__method': 'target'}",-2762.51903218433,-2571.074791032186,-2562.8340319903054,-2632.142618402274,92.25141184248997,199,-2135.640029734877,-2046.0024145942457,-2022.7563838952221,-2068.132942741448,48.66894685230506
107,0,2000,0.34058213233947754,0.023527798192107787,0.0,0.0,rfe,5,hgb,8,robust,"['car_age', 'mileage', 'tax', 'mpg']",2,"['car_age', 'mileage', 'engineSize']",Isolation_Forest,50,"['tax', 'mpg']","['car_age', 'mileage', 'tax', 'mpg']",0.15,0.05,"HistGradientBoostingRegressor(max_depth=5, random_state=42)",standard,14,iterative,target,"{'selector__selection_method': 'rfe', 'selector__n_features_to_select': 5, 'selector__model_name': 'hgb', 'selector__k': 8, 'scaler__scaler_name': 'robust', 'outlier_remover__z_columns': ['car_age', 'mileage', 'tax', 'mpg'], 'outlier_remover__threshold': 2, 'outlier_remover__sev_outliers_cols': ['car_age', 'mileage', 'engineSize'], 'outlier_remover__outlier_method': 'Isolation_Forest', 'outlier_remover__n_neighbors': 50, 'outlier_remover__model_columns': ['tax', 'mpg'], 'outlier_remover__mod_outliers_cols': ['car_age', 'mileage', 'tax', 'mpg'], 'outlier_remover__contamination_LOF': 0.15, 'outlier_remover__contamination_IF': 0.05, 'model': HistGradientBoostingRegressor(max_depth=5, random_state=42), 'imputer__knn_scaling_method': 'standard', 'imputer__knn_neighbors': 14, 'imputer__imputation_method': 'iterative', 'encoder__method': 'target'}",,,,,,260,,,,,
108,0,2000,0.309214989344279,0.024116548723855193,0.006959120432535808,0.0015966986801840611,rfe,10,hgb,9,minmax,"['car_age', 'mileage', 'tax', 'mpg']",2,"['car_age', 'mileage']",z_score,90,"['car_age', 'mileage', 'tax', 'mpg']","['tax', 'mpg']",0.5,0.3,"HistGradientBoostingRegressor(max_depth=5, random_state=42)",minmax,15,simple,freq,"{'selector__selection_method': 'rfe', 'selector__n_features_to_select': 10, 'selector__model_name': 'hgb', 'selector__k': 9, 'scaler__scaler_name': 'minmax', 'outlier_remover__z_columns': ['car_age', 'mileage', 'tax', 'mpg'], 'outlier_remover__threshold': 2, 'outlier_remover__sev_outliers_cols': ['car_age', 'mileage'], 'outlier_remover__outlier_method': 'z_score', 'outlier_remover__n_neighbors': 90, 'outlier_remover__model_columns': ['car_age', 'mileage', 'tax', 'mpg'], 'outlier_remover__mod_outliers_cols': ['tax', 'mpg'], 'outlier_remover__contamination_LOF': 0.5, 'outlier_remover__contamination_IF': 0.3, 'model': HistGradientBoostingRegressor(max_depth=5, random_state=42), 'imputer__knn_scaling_method': 'minmax', 'imputer__knn_neighbors': 15, 'imputer__imputation_method': 'simple', 'encoder__method': 'freq'}",-2786.971039823407,-2436.077449809592,-2428.9016355093645,-2550.650041714121,167.12985707376293,189,-1925.7870252440366,-1843.3154718418912,-1829.3194349282082,-1866.1406440047122,42.56164438029805
109,0,2000,0.6966726779937744,0.0037323282948760403,0.09404691060384114,0.011873622908600943,rfe,10,hgb,8,robust,"['car_age', 'mileage', 'tax', 'mpg']",2,"['car_age', 'mileage', 'engineSize']",IQR,50,"['car_age', 'mileage', 'tax', 'mpg', 'engineSize']","['car_age', 'mileage', 'tax', 'mpg']",0.05,0.05,"HistGradientBoostingRegressor(max_depth=5, random_state=42)",minmax,20,knn_modelwise,freq,"{'selector__selection_method': 'rfe', 'selector__n_features_to_select': 10, 'selector__model_name': 'hgb', 'selector__k': 8, 'scaler__scaler_name': 'robust', 'outlier_remover__z_columns': ['car_age', 'mileage', 'tax', 'mpg'], 'outlier_remover__threshold': 2, 'outlier_remover__sev_outliers_cols': ['car_age', 'mileage', 'engineSize'], 'outlier_remover__outlier_method': 'IQR', 'outlier_remover__n_neighbors': 50, 'outlier_remover__model_columns': ['car_age', 'mileage', 'tax', 'mpg', 'engineSize'], 'outlier_remover__mod_outliers_cols': ['car_age', 'mileage', 'tax', 'mpg'], 'outlier_remover__contamination_LOF': 0.05, 'outlier_remover__contamination_IF': 0.05, 'model': HistGradientBoostingRegressor(max_depth=5, random_state=42), 'imputer__knn_scaling_method': 'minmax', 'imputer__knn_neighbors': 20, 'imputer__imputation_method': 'knn_modelwise', 'encoder__method': 'freq'}",-2711.2475974844133,-2401.0711239593224,-2323.31804892252,-2478.5455901220853,167.57894327204392,173,-1892.845048702128,-1822.940789991478,-1753.139584194799,-1822.9751409628016,57.03452222583596
110,0,2000,0.1860020955403646,0.07455367081340616,0.007234652837117513,0.0018796779484032064,kbest,7,hgb,8,minmax,"['car_age', 'mileage', 'tax', 'mpg']",3,"['car_age', 'mileage']",IQR,50,"['car_age', 'mileage', 'tax', 'mpg']","['tax', 'mpg']",0.3,0.05,"HistGradientBoostingRegressor(max_depth=5, random_state=42)",minmax,20,simple,freq,"{'selector__selection_method': 'kbest', 'selector__n_features_to_select': 7, 'selector__model_name': 'hgb', 'selector__k': 8, 'scaler__scaler_name': 'minmax', 'outlier_remover__z_columns': ['car_age', 'mileage', 'tax', 'mpg'], 'outlier_remover__threshold': 3, 'outlier_remover__sev_outliers_cols': ['car_age', 'mileage'], 'outlier_remover__outlier_method': 'IQR', 'outlier_remover__n_neighbors': 50, 'outlier_remover__model_columns': ['car_age', 'mileage', 'tax', 'mpg'], 'outlier_remover__mod_outliers_cols': ['tax', 'mpg'], 'outlier_remover__contamination_LOF': 0.3, 'outlier_remover__contamination_IF': 0.05, 'model': HistGradientBoostingRegressor(max_depth=5, random_state=42), 'imputer__knn_scaling_method': 'minmax', 'imputer__knn_neighbors': 20, 'imputer__imputation_method': 'simple', 'encoder__method': 'freq'}",-2756.5546875689347,-2656.7979580099545,-2479.743411691253,-2631.0320190900475,114.46697724547974,198,-2033.9294675411873,-2052.6513805691584,-1926.4583858650929,-2004.3464113251464,55.60297287859204
111,0,2000,0.47271203994750977,0.010590555743735743,0.0900103251139323,0.004518557823802144,rfe,10,hgb,6,robust,"['car_age', 'mileage', 'tax', 'mpg']",3,"['car_age', 'mileage']",IQR,50,"['car_age', 'mileage', 'tax', 'mpg']","['tax', 'mpg']",0.15,0.3,"HistGradientBoostingRegressor(max_depth=5, random_state=42)",robust,17,knn_modelwise,target,"{'selector__selection_method': 'rfe', 'selector__n_features_to_select': 10, 'selector__model_name': 'hgb', 'selector__k': 6, 'scaler__scaler_name': 'robust', 'outlier_remover__z_columns': ['car_age', 'mileage', 'tax', 'mpg'], 'outlier_remover__threshold': 3, 'outlier_remover__sev_outliers_cols': ['car_age', 'mileage'], 'outlier_remover__outlier_method': 'IQR', 'outlier_remover__n_neighbors': 50, 'outlier_remover__model_columns': ['car_age', 'mileage', 'tax', 'mpg'], 'outlier_remover__mod_outliers_cols': ['tax', 'mpg'], 'outlier_remover__contamination_LOF': 0.15, 'outlier_remover__contamination_IF': 0.3, 'model': HistGradientBoostingRegressor(max_depth=5, random_state=42), 'imputer__knn_scaling_method': 'robust', 'imputer__knn_neighbors': 17, 'imputer__imputation_method': 'knn_modelwise', 'encoder__method': 'target'}",-2569.2082045364414,-2265.794602788771,-2172.00100695821,-2335.667938094474,169.51912712541804,143,-1667.4348873581475,-1612.6926084487802,-1549.3043731839064,-1609.8106229969446,48.26961760000516
112,0,2000,0.28229228655497235,0.052881657055975057,0.0,0.0,model,7,hgb,10,robust,"['car_age', 'mileage', 'tax', 'mpg']",2,"['car_age', 'mileage', 'engineSize']",z_score,70,"['tax', 'mpg']","['tax', 'mpg']",0.15,0.5,"HistGradientBoostingRegressor(max_depth=5, random_state=42)",standard,11,simple,target,"{'selector__selection_method': 'model', 'selector__n_features_to_select': 7, 'selector__model_name': 'hgb', 'selector__k': 10, 'scaler__scaler_name': 'robust', 'outlier_remover__z_columns': ['car_age', 'mileage', 'tax', 'mpg'], 'outlier_remover__threshold': 2, 'outlier_remover__sev_outliers_cols': ['car_age', 'mileage', 'engineSize'], 'outlier_remover__outlier_method': 'z_score', 'outlier_remover__n_neighbors': 70, 'outlier_remover__model_columns': ['tax', 'mpg'], 'outlier_remover__mod_outliers_cols': ['tax', 'mpg'], 'outlier_remover__contamination_LOF': 0.15, 'outlier_remover__contamination_IF': 0.5, 'model': HistGradientBoostingRegressor(max_depth=5, random_state=42), 'imputer__knn_scaling_method': 'standard', 'imputer__knn_neighbors': 11, 'imputer__imputation_method': 'simple', 'encoder__method': 'target'}",,,,,,260,,,,,
113,0,2000,0.30913424491882324,0.03221545619608235,0.012068827946980795,0.001650266173097109,kbest,5,hgb,6,standard,"['car_age', 'mileage', 'tax', 'mpg']",3,"['car_age', 'mileage', 'engineSize']",Isolation_Forest,30,"['car_age', 'mileage', 'tax', 'mpg']","['car_age', 'mileage', 'tax', 'mpg']",0.05,0.3,"HistGradientBoostingRegressor(max_depth=5, random_state=42)",robust,10,iterative,target,"{'selector__selection_method': 'kbest', 'selector__n_features_to_select': 5, 'selector__model_name': 'hgb', 'selector__k': 6, 'scaler__scaler_name': 'standard', 'outlier_remover__z_columns': ['car_age', 'mileage', 'tax', 'mpg'], 'outlier_remover__threshold': 3, 'outlier_remover__sev_outliers_cols': ['car_age', 'mileage', 'engineSize'], 'outlier_remover__outlier_method': 'Isolation_Forest', 'outlier_remover__n_neighbors': 30, 'outlier_remover__model_columns': ['car_age', 'mileage', 'tax', 'mpg'], 'outlier_remover__mod_outliers_cols': ['car_age', 'mileage', 'tax', 'mpg'], 'outlier_remover__contamination_LOF': 0.05, 'outlier_remover__contamination_IF': 0.3, 'model': HistGradientBoostingRegressor(max_depth=5, random_state=42), 'imputer__knn_scaling_method': 'robust', 'imputer__knn_neighbors': 10, 'imputer__imputation_method': 'iterative', 'encoder__method': 'target'}",-2941.577155505193,-2789.1092969204483,-2718.0980898845214,-2816.2615141033875,93.23323930206516,223,-2368.3661244347104,-2380.9319870689646,-2210.7528886424,-2320.017000048692,77.43151708441297
114,0,2000,0.23816132545471191,0.02568244226336721,0.0,0.0,model,8,hgb,6,robust,"['car_age', 'mileage', 'tax', 'mpg']",2,"['car_age', 'mileage']",LOF,100,"['car_age', 'mileage', 'tax', 'mpg', 'engineSize']","['car_age', 'mileage', 'tax', 'mpg']",0.3,0.5,"HistGradientBoostingRegressor(max_depth=5, random_state=42)",standard,11,simple,freq,"{'selector__selection_method': 'model', 'selector__n_features_to_select': 8, 'selector__model_name': 'hgb', 'selector__k': 6, 'scaler__scaler_name': 'robust', 'outlier_remover__z_columns': ['car_age', 'mileage', 'tax', 'mpg'], 'outlier_remover__threshold': 2, 'outlier_remover__sev_outliers_cols': ['car_age', 'mileage'], 'outlier_remover__outlier_method': 'LOF', 'outlier_remover__n_neighbors': 100, 'outlier_remover__model_columns': ['car_age', 'mileage', 'tax', 'mpg', 'engineSize'], 'outlier_remover__mod_outliers_cols': ['car_age', 'mileage', 'tax', 'mpg'], 'outlier_remover__contamination_LOF': 0.3, 'outlier_remover__contamination_IF': 0.5, 'model': HistGradientBoostingRegressor(max_depth=5, random_state=42), 'imputer__knn_scaling_method': 'standard', 'imputer__knn_neighbors': 11, 'imputer__imputation_method': 'simple', 'encoder__method': 'freq'}",,,,,,260,,,,,
115,0,2000,0.21348039309183756,0.01712285358654257,0.0,0.0,model,5,hgb,6,standard,"['car_age', 'mileage', 'tax', 'mpg']",3,"['car_age', 'mileage']",IQR,90,"['car_age', 'mileage', 'tax', 'mpg']","['tax', 'mpg']",0.5,0.3,"HistGradientBoostingRegressor(max_depth=5, random_state=42)",robust,15,simple,freq,"{'selector__selection_method': 'model', 'selector__n_features_to_select': 5, 'selector__model_name': 'hgb', 'selector__k': 6, 'scaler__scaler_name': 'standard', 'outlier_remover__z_columns': ['car_age', 'mileage', 'tax', 'mpg'], 'outlier_remover__threshold': 3, 'outlier_remover__sev_outliers_cols': ['car_age', 'mileage'], 'outlier_remover__outlier_method': 'IQR', 'outlier_remover__n_neighbors': 90, 'outlier_remover__model_columns': ['car_age', 'mileage', 'tax', 'mpg'], 'outlier_remover__mod_outliers_cols': ['tax', 'mpg'], 'outlier_remover__contamination_LOF': 0.5, 'outlier_remover__contamination_IF': 0.3, 'model': HistGradientBoostingRegressor(max_depth=5, random_state=42), 'imputer__knn_scaling_method': 'robust', 'imputer__knn_neighbors': 15, 'imputer__imputation_method': 'simple', 'encoder__method': 'freq'}",,,,,,260,,,,,
116,0,2000,0.3059508800506592,0.06670314946928844,0.0,0.0,rfe,8,hgb,6,standard,"['car_age', 'mileage', 'tax', 'mpg']",3,"['car_age', 'mileage', 'engineSize']",IQR,30,"['car_age', 'mileage', 'tax', 'mpg']","['car_age', 'mileage', 'tax', 'mpg']",0.05,0.15,"HistGradientBoostingRegressor(max_depth=5, random_state=42)",minmax,16,iterative,freq,"{'selector__selection_method': 'rfe', 'selector__n_features_to_select': 8, 'selector__model_name': 'hgb', 'selector__k': 6, 'scaler__scaler_name': 'standard', 'outlier_remover__z_columns': ['car_age', 'mileage', 'tax', 'mpg'], 'outlier_remover__threshold': 3, 'outlier_remover__sev_outliers_cols': ['car_age', 'mileage', 'engineSize'], 'outlier_remover__outlier_method': 'IQR', 'outlier_remover__n_neighbors': 30, 'outlier_remover__model_columns': ['car_age', 'mileage', 'tax', 'mpg'], 'outlier_remover__mod_outliers_cols': ['car_age', 'mileage', 'tax', 'mpg'], 'outlier_remover__contamination_LOF': 0.05, 'outlier_remover__contamination_IF': 0.15, 'model': HistGradientBoostingRegressor(max_depth=5, random_state=42), 'imputer__knn_scaling_method': 'minmax', 'imputer__knn_neighbors': 16, 'imputer__imputation_method': 'iterative', 'encoder__method': 'freq'}",,,,,,260,,,,,
117,0,2000,0.2232059637705485,0.008677314725419896,0.010053793589274088,0.000990699826627501,kbest,5,hgb,9,standard,"['car_age', 'mileage', 'tax', 'mpg']",2,"['car_age', 'mileage']",z_score,50,"['tax', 'mpg']","['tax', 'mpg']",0.05,0.5,"HistGradientBoostingRegressor(max_depth=5, random_state=42)",robust,17,simple,freq,"{'selector__selection_method': 'kbest', 'selector__n_features_to_select': 5, 'selector__model_name': 'hgb', 'selector__k': 9, 'scaler__scaler_name': 'standard', 'outlier_remover__z_columns': ['car_age', 'mileage', 'tax', 'mpg'], 'outlier_remover__threshold': 2, 'outlier_remover__sev_outliers_cols': ['car_age', 'mileage'], 'outlier_remover__outlier_method': 'z_score', 'outlier_remover__n_neighbors': 50, 'outlier_remover__model_columns': ['tax', 'mpg'], 'outlier_remover__mod_outliers_cols': ['tax', 'mpg'], 'outlier_remover__contamination_LOF': 0.05, 'outlier_remover__contamination_IF': 0.5, 'model': HistGradientBoostingRegressor(max_depth=5, random_state=42), 'imputer__knn_scaling_method': 'robust', 'imputer__knn_neighbors': 17, 'imputer__imputation_method': 'simple', 'encoder__method': 'freq'}",-2743.6521236361646,-2442.929838287468,-2405.126808980325,-2530.5695903013193,151.4604277591912,185,-1908.6909044397892,-1858.6493384160544,-1836.5214887597397,-1867.9539105385277,30.188711319373166
118,0,2000,0.35861659049987793,0.003987518416379715,0.009824752807617188,0.0004446985229207094,rfe,10,hgb,6,robust,"['car_age', 'mileage', 'tax', 'mpg']",2,"['car_age', 'mileage']",LOF,100,"['car_age', 'mileage', 'tax', 'mpg']","['car_age', 'mileage', 'tax', 'mpg']",0.3,0.15,"HistGradientBoostingRegressor(max_depth=5, random_state=42)",robust,16,simple,target,"{'selector__selection_method': 'rfe', 'selector__n_features_to_select': 10, 'selector__model_name': 'hgb', 'selector__k': 6, 'scaler__scaler_name': 'robust', 'outlier_remover__z_columns': ['car_age', 'mileage', 'tax', 'mpg'], 'outlier_remover__threshold': 2, 'outlier_remover__sev_outliers_cols': ['car_age', 'mileage'], 'outlier_remover__outlier_method': 'LOF', 'outlier_remover__n_neighbors': 100, 'outlier_remover__model_columns': ['car_age', 'mileage', 'tax', 'mpg'], 'outlier_remover__mod_outliers_cols': ['car_age', 'mileage', 'tax', 'mpg'], 'outlier_remover__contamination_LOF': 0.3, 'outlier_remover__contamination_IF': 0.15, 'model': HistGradientBoostingRegressor(max_depth=5, random_state=42), 'imputer__knn_scaling_method': 'robust', 'imputer__knn_neighbors': 16, 'imputer__imputation_method': 'simple', 'encoder__method': 'target'}",-2714.4815160263456,-2394.4408685398107,-2437.479521268513,-2515.4673019448896,141.81695822907335,180,-1979.9857926182883,-1853.374498980542,-1782.8027818936953,-1872.0543578308418,81.57609034761794
119,0,2000,0.1406874656677246,0.022790704775523512,0.00972310702006022,0.0004211235415213145,kbest,10,hgb,5,standard,"['car_age', 'mileage', 'tax', 'mpg']",3,"['car_age', 'mileage', 'engineSize']",LOF,90,"['car_age', 'mileage', 'tax', 'mpg', 'engineSize']","['tax', 'mpg']",0.5,0.3,"HistGradientBoostingRegressor(max_depth=5, random_state=42)",minmax,16,iterative,freq,"{'selector__selection_method': 'kbest', 'selector__n_features_to_select': 10, 'selector__model_name': 'hgb', 'selector__k': 5, 'scaler__scaler_name': 'standard', 'outlier_remover__z_columns': ['car_age', 'mileage', 'tax', 'mpg'], 'outlier_remover__threshold': 3, 'outlier_remover__sev_outliers_cols': ['car_age', 'mileage', 'engineSize'], 'outlier_remover__outlier_method': 'LOF', 'outlier_remover__n_neighbors': 90, 'outlier_remover__model_columns': ['car_age', 'mileage', 'tax', 'mpg', 'engineSize'], 'outlier_remover__mod_outliers_cols': ['tax', 'mpg'], 'outlier_remover__contamination_LOF': 0.5, 'outlier_remover__contamination_IF': 0.3, 'model': HistGradientBoostingRegressor(max_depth=5, random_state=42), 'imputer__knn_scaling_method': 'minmax', 'imputer__knn_neighbors': 16, 'imputer__imputation_method': 'iterative', 'encoder__method': 'freq'}",-3433.1461088981778,-3133.4489387534018,-3088.100420634937,-3218.231822762172,153.09089851652803,253,-3037.186958457579,-2697.682042570835,-2679.2799631449443,-2804.716321391119,164.55314633954046
120,0,2000,0.26306502024332684,0.016799264376560107,0.0,0.0,rfe,6,hgb,6,minmax,"['car_age', 'mileage', 'tax', 'mpg']",2,"['car_age', 'mileage']",z_score,90,"['tax', 'mpg']","['car_age', 'mileage', 'tax', 'mpg']",0.5,0.3,"HistGradientBoostingRegressor(max_depth=5, random_state=42)",minmax,12,iterative,target,"{'selector__selection_method': 'rfe', 'selector__n_features_to_select': 6, 'selector__model_name': 'hgb', 'selector__k': 6, 'scaler__scaler_name': 'minmax', 'outlier_remover__z_columns': ['car_age', 'mileage', 'tax', 'mpg'], 'outlier_remover__threshold': 2, 'outlier_remover__sev_outliers_cols': ['car_age', 'mileage'], 'outlier_remover__outlier_method': 'z_score', 'outlier_remover__n_neighbors': 90, 'outlier_remover__model_columns': ['tax', 'mpg'], 'outlier_remover__mod_outliers_cols': ['car_age', 'mileage', 'tax', 'mpg'], 'outlier_remover__contamination_LOF': 0.5, 'outlier_remover__contamination_IF': 0.3, 'model': HistGradientBoostingRegressor(max_depth=5, random_state=42), 'imputer__knn_scaling_method': 'minmax', 'imputer__knn_neighbors': 12, 'imputer__imputation_method': 'iterative', 'encoder__method': 'target'}",,,,,,260,,,,,
121,0,2000,0.22776436805725098,0.013446610785510113,0.0,0.0,model,10,hgb,5,robust,"['car_age', 'mileage', 'tax', 'mpg']",3,"['car_age', 'mileage']",LOF,30,"['tax', 'mpg']","['car_age', 'mileage', 'tax', 'mpg']",0.3,0.5,"HistGradientBoostingRegressor(max_depth=5, random_state=42)",robust,13,simple,target,"{'selector__selection_method': 'model', 'selector__n_features_to_select': 10, 'selector__model_name': 'hgb', 'selector__k': 5, 'scaler__scaler_name': 'robust', 'outlier_remover__z_columns': ['car_age', 'mileage', 'tax', 'mpg'], 'outlier_remover__threshold': 3, 'outlier_remover__sev_outliers_cols': ['car_age', 'mileage'], 'outlier_remover__outlier_method': 'LOF', 'outlier_remover__n_neighbors': 30, 'outlier_remover__model_columns': ['tax', 'mpg'], 'outlier_remover__mod_outliers_cols': ['car_age', 'mileage', 'tax', 'mpg'], 'outlier_remover__contamination_LOF': 0.3, 'outlier_remover__contamination_IF': 0.5, 'model': HistGradientBoostingRegressor(max_depth=5, random_state=42), 'imputer__knn_scaling_method': 'robust', 'imputer__knn_neighbors': 13, 'imputer__imputation_method': 'simple', 'encoder__method': 'target'}",,,,,,260,,,,,
122,0,2000,0.269570271174113,0.003467369533006399,0.09955668449401855,0.010329743999505833,kbest,5,hgb,5,standard,"['car_age', 'mileage', 'tax', 'mpg']",2,"['car_age', 'mileage', 'engineSize']",LOF,90,"['car_age', 'mileage', 'tax', 'mpg']","['tax', 'mpg']",0.5,0.15,"HistGradientBoostingRegressor(max_depth=5, random_state=42)",standard,19,knn_modelwise,target,"{'selector__selection_method': 'kbest', 'selector__n_features_to_select': 5, 'selector__model_name': 'hgb', 'selector__k': 5, 'scaler__scaler_name': 'standard', 'outlier_remover__z_columns': ['car_age', 'mileage', 'tax', 'mpg'], 'outlier_remover__threshold': 2, 'outlier_remover__sev_outliers_cols': ['car_age', 'mileage', 'engineSize'], 'outlier_remover__outlier_method': 'LOF', 'outlier_remover__n_neighbors': 90, 'outlier_remover__model_columns': ['car_age', 'mileage', 'tax', 'mpg'], 'outlier_remover__mod_outliers_cols': ['tax', 'mpg'], 'outlier_remover__contamination_LOF': 0.5, 'outlier_remover__contamination_IF': 0.15, 'model': HistGradientBoostingRegressor(max_depth=5, random_state=42), 'imputer__knn_scaling_method': 'standard', 'imputer__knn_neighbors': 19, 'imputer__imputation_method': 'knn_modelwise', 'encoder__method': 'target'}",-2820.825459767544,-3029.5370629815275,-2987.5998479042864,-2945.987456884453,90.14368768371403,234,-2608.9149686086134,-2508.5373202302135,-2562.5779552835206,-2560.010081374116,41.01921139990688
123,0,2000,0.17217540740966797,0.024195352317189094,0.009256203969319662,0.0015043615128488442,kbest,9,hgb,9,standard,"['car_age', 'mileage', 'tax', 'mpg']",2,"['car_age', 'mileage', 'engineSize']",z_score,70,"['car_age', 'mileage', 'tax', 'mpg', 'engineSize']","['tax', 'mpg']",0.15,0.5,"HistGradientBoostingRegressor(max_depth=5, random_state=42)",minmax,14,iterative,target,"{'selector__selection_method': 'kbest', 'selector__n_features_to_select': 9, 'selector__model_name': 'hgb', 'selector__k': 9, 'scaler__scaler_name': 'standard', 'outlier_remover__z_columns': ['car_age', 'mileage', 'tax', 'mpg'], 'outlier_remover__threshold': 2, 'outlier_remover__sev_outliers_cols': ['car_age', 'mileage', 'engineSize'], 'outlier_remover__outlier_method': 'z_score', 'outlier_remover__n_neighbors': 70, 'outlier_remover__model_columns': ['car_age', 'mileage', 'tax', 'mpg', 'engineSize'], 'outlier_remover__mod_outliers_cols': ['tax', 'mpg'], 'outlier_remover__contamination_LOF': 0.15, 'outlier_remover__contamination_IF': 0.5, 'model': HistGradientBoostingRegressor(max_depth=5, random_state=42), 'imputer__knn_scaling_method': 'minmax', 'imputer__knn_neighbors': 14, 'imputer__imputation_method': 'iterative', 'encoder__method': 'target'}",-2587.5945861683585,-2359.3987562215348,-2197.3664215869585,-2381.4532546589503,160.07145442819495,154,-1691.8203433532442,-1639.5366571276104,-1532.0657306653688,-1621.1409103820745,66.50406850966682
124,0,2000,0.3131607373555501,0.02805211296694993,0.0,0.0,model,6,hgb,10,standard,"['car_age', 'mileage', 'tax', 'mpg']",2,"['car_age', 'mileage']",LOF,30,"['tax', 'mpg']","['tax', 'mpg']",0.15,0.05,"HistGradientBoostingRegressor(max_depth=5, random_state=42)",standard,18,iterative,target,"{'selector__selection_method': 'model', 'selector__n_features_to_select': 6, 'selector__model_name': 'hgb', 'selector__k': 10, 'scaler__scaler_name': 'standard', 'outlier_remover__z_columns': ['car_age', 'mileage', 'tax', 'mpg'], 'outlier_remover__threshold': 2, 'outlier_remover__sev_outliers_cols': ['car_age', 'mileage'], 'outlier_remover__outlier_method': 'LOF', 'outlier_remover__n_neighbors': 30, 'outlier_remover__model_columns': ['tax', 'mpg'], 'outlier_remover__mod_outliers_cols': ['tax', 'mpg'], 'outlier_remover__contamination_LOF': 0.15, 'outlier_remover__contamination_IF': 0.05, 'model': HistGradientBoostingRegressor(max_depth=5, random_state=42), 'imputer__knn_scaling_method': 'standard', 'imputer__knn_neighbors': 18, 'imputer__imputation_method': 'iterative', 'encoder__method': 'target'}",,,,,,260,,,,,
125,0,2000,0.2830673058827718,0.006766064733871997,0.0,0.0,rfe,7,hgb,7,minmax,"['car_age', 'mileage', 'tax', 'mpg']",3,"['car_age', 'mileage', 'engineSize']",LOF,50,"['tax', 'mpg']","['car_age', 'mileage', 'tax', 'mpg']",0.05,0.3,"HistGradientBoostingRegressor(max_depth=5, random_state=42)",standard,11,iterative,target,"{'selector__selection_method': 'rfe', 'selector__n_features_to_select': 7, 'selector__model_name': 'hgb', 'selector__k': 7, 'scaler__scaler_name': 'minmax', 'outlier_remover__z_columns': ['car_age', 'mileage', 'tax', 'mpg'], 'outlier_remover__threshold': 3, 'outlier_remover__sev_outliers_cols': ['car_age', 'mileage', 'engineSize'], 'outlier_remover__outlier_method': 'LOF', 'outlier_remover__n_neighbors': 50, 'outlier_remover__model_columns': ['tax', 'mpg'], 'outlier_remover__mod_outliers_cols': ['car_age', 'mileage', 'tax', 'mpg'], 'outlier_remover__contamination_LOF': 0.05, 'outlier_remover__contamination_IF': 0.3, 'model': HistGradientBoostingRegressor(max_depth=5, random_state=42), 'imputer__knn_scaling_method': 'standard', 'imputer__knn_neighbors': 11, 'imputer__imputation_method': 'iterative', 'encoder__method': 'target'}",,,,,,260,,,,,
126,0,2000,0.41405200958251953,0.013648529834259971,0.0,0.0,rfe,7,hgb,5,standard,"['car_age', 'mileage', 'tax', 'mpg']",2,"['car_age', 'mileage', 'engineSize']",IQR,30,"['car_age', 'mileage', 'tax', 'mpg', 'engineSize']","['tax', 'mpg']",0.3,0.3,"HistGradientBoostingRegressor(max_depth=5, random_state=42)",robust,19,knn_modelwise,freq,"{'selector__selection_method': 'rfe', 'selector__n_features_to_select': 7, 'selector__model_name': 'hgb', 'selector__k': 5, 'scaler__scaler_name': 'standard', 'outlier_remover__z_columns': ['car_age', 'mileage', 'tax', 'mpg'], 'outlier_remover__threshold': 2, 'outlier_remover__sev_outliers_cols': ['car_age', 'mileage', 'engineSize'], 'outlier_remover__outlier_method': 'IQR', 'outlier_remover__n_neighbors': 30, 'outlier_remover__model_columns': ['car_age', 'mileage', 'tax', 'mpg', 'engineSize'], 'outlier_remover__mod_outliers_cols': ['tax', 'mpg'], 'outlier_remover__contamination_LOF': 0.3, 'outlier_remover__contamination_IF': 0.3, 'model': HistGradientBoostingRegressor(max_depth=5, random_state=42), 'imputer__knn_scaling_method': 'robust', 'imputer__knn_neighbors': 19, 'imputer__imputation_method': 'knn_modelwise', 'encoder__method': 'freq'}",,,,,,260,,,,,
127,0,2000,0.39385827382405597,0.01510555403787779,0.0,0.0,model,8,hgb,10,robust,"['car_age', 'mileage', 'tax', 'mpg']",3,"['car_age', 'mileage', 'engineSize']",z_score,100,"['car_age', 'mileage', 'tax', 'mpg']","['tax', 'mpg']",0.5,0.5,"HistGradientBoostingRegressor(max_depth=5, random_state=42)",robust,18,knn_modelwise,target,"{'selector__selection_method': 'model', 'selector__n_features_to_select': 8, 'selector__model_name': 'hgb', 'selector__k': 10, 'scaler__scaler_name': 'robust', 'outlier_remover__z_columns': ['car_age', 'mileage', 'tax', 'mpg'], 'outlier_remover__threshold': 3, 'outlier_remover__sev_outliers_cols': ['car_age', 'mileage', 'engineSize'], 'outlier_remover__outlier_method': 'z_score', 'outlier_remover__n_neighbors': 100, 'outlier_remover__model_columns': ['car_age', 'mileage', 'tax', 'mpg'], 'outlier_remover__mod_outliers_cols': ['tax', 'mpg'], 'outlier_remover__contamination_LOF': 0.5, 'outlier_remover__contamination_IF': 0.5, 'model': HistGradientBoostingRegressor(max_depth=5, random_state=42), 'imputer__knn_scaling_method': 'robust', 'imputer__knn_neighbors': 18, 'imputer__imputation_method': 'knn_modelwise', 'encoder__method': 'target'}",,,,,,260,,,,,
128,0,2000,0.24894237518310547,0.004869861337453454,0.0,0.0,model,8,hgb,9,robust,"['car_age', 'mileage', 'tax', 'mpg']",3,"['car_age', 'mileage', 'engineSize']",z_score,90,"['car_age', 'mileage', 'tax', 'mpg', 'engineSize']","['tax', 'mpg']",0.15,0.05,"HistGradientBoostingRegressor(max_depth=5, random_state=42)",minmax,19,iterative,freq,"{'selector__selection_method': 'model', 'selector__n_features_to_select': 8, 'selector__model_name': 'hgb', 'selector__k': 9, 'scaler__scaler_name': 'robust', 'outlier_remover__z_columns': ['car_age', 'mileage', 'tax', 'mpg'], 'outlier_remover__threshold': 3, 'outlier_remover__sev_outliers_cols': ['car_age', 'mileage', 'engineSize'], 'outlier_remover__outlier_method': 'z_score', 'outlier_remover__n_neighbors': 90, 'outlier_remover__model_columns': ['car_age', 'mileage', 'tax', 'mpg', 'engineSize'], 'outlier_remover__mod_outliers_cols': ['tax', 'mpg'], 'outlier_remover__contamination_LOF': 0.15, 'outlier_remover__contamination_IF': 0.05, 'model': HistGradientBoostingRegressor(max_depth=5, random_state=42), 'imputer__knn_scaling_method': 'minmax', 'imputer__knn_neighbors': 19, 'imputer__imputation_method': 'iterative', 'encoder__method': 'freq'}",,,,,,260,,,,,
129,0,2000,0.2515707810719808,0.02078990235906633,0.0,0.0,model,6,hgb,7,minmax,"['car_age', 'mileage', 'tax', 'mpg']",3,"['car_age', 'mileage', 'engineSize']",z_score,30,"['car_age', 'mileage', 'tax', 'mpg']","['tax', 'mpg']",0.05,0.3,"HistGradientBoostingRegressor(max_depth=5, random_state=42)",robust,15,iterative,target,"{'selector__selection_method': 'model', 'selector__n_features_to_select': 6, 'selector__model_name': 'hgb', 'selector__k': 7, 'scaler__scaler_name': 'minmax', 'outlier_remover__z_columns': ['car_age', 'mileage', 'tax', 'mpg'], 'outlier_remover__threshold': 3, 'outlier_remover__sev_outliers_cols': ['car_age', 'mileage', 'engineSize'], 'outlier_remover__outlier_method': 'z_score', 'outlier_remover__n_neighbors': 30, 'outlier_remover__model_columns': ['car_age', 'mileage', 'tax', 'mpg'], 'outlier_remover__mod_outliers_cols': ['tax', 'mpg'], 'outlier_remover__contamination_LOF': 0.05, 'outlier_remover__contamination_IF': 0.3, 'model': HistGradientBoostingRegressor(max_depth=5, random_state=42), 'imputer__knn_scaling_method': 'robust', 'imputer__knn_neighbors': 15, 'imputer__imputation_method': 'iterative', 'encoder__method': 'target'}",,,,,,260,,,,,
130,0,2000,0.3715752760569255,0.08571786711103108,0.0,0.0,rfe,6,hgb,10,robust,"['car_age', 'mileage', 'tax', 'mpg']",2,"['car_age', 'mileage']",z_score,100,"['car_age', 'mileage', 'tax', 'mpg']","['car_age', 'mileage', 'tax', 'mpg']",0.3,0.15,"HistGradientBoostingRegressor(max_depth=5, random_state=42)",robust,11,simple,target,"{'selector__selection_method': 'rfe', 'selector__n_features_to_select': 6, 'selector__model_name': 'hgb', 'selector__k': 10, 'scaler__scaler_name': 'robust', 'outlier_remover__z_columns': ['car_age', 'mileage', 'tax', 'mpg'], 'outlier_remover__threshold': 2, 'outlier_remover__sev_outliers_cols': ['car_age', 'mileage'], 'outlier_remover__outlier_method': 'z_score', 'outlier_remover__n_neighbors': 100, 'outlier_remover__model_columns': ['car_age', 'mileage', 'tax', 'mpg'], 'outlier_remover__mod_outliers_cols': ['car_age', 'mileage', 'tax', 'mpg'], 'outlier_remover__contamination_LOF': 0.3, 'outlier_remover__contamination_IF': 0.15, 'model': HistGradientBoostingRegressor(max_depth=5, random_state=42), 'imputer__knn_scaling_method': 'robust', 'imputer__knn_neighbors': 11, 'imputer__imputation_method': 'simple', 'encoder__method': 'target'}",,,,,,260,,,,,
131,0,2000,0.2124946117401123,0.026656732908061042,0.009516080220540365,0.0008968789012290016,kbest,9,hgb,7,standard,"['car_age', 'mileage', 'tax', 'mpg']",2,"['car_age', 'mileage']",z_score,50,"['tax', 'mpg']","['car_age', 'mileage', 'tax', 'mpg']",0.15,0.15,"HistGradientBoostingRegressor(max_depth=5, random_state=42)",minmax,10,simple,target,"{'selector__selection_method': 'kbest', 'selector__n_features_to_select': 9, 'selector__model_name': 'hgb', 'selector__k': 7, 'scaler__scaler_name': 'standard', 'outlier_remover__z_columns': ['car_age', 'mileage', 'tax', 'mpg'], 'outlier_remover__threshold': 2, 'outlier_remover__sev_outliers_cols': ['car_age', 'mileage'], 'outlier_remover__outlier_method': 'z_score', 'outlier_remover__n_neighbors': 50, 'outlier_remover__model_columns': ['tax', 'mpg'], 'outlier_remover__mod_outliers_cols': ['car_age', 'mileage', 'tax', 'mpg'], 'outlier_remover__contamination_LOF': 0.15, 'outlier_remover__contamination_IF': 0.15, 'model': HistGradientBoostingRegressor(max_depth=5, random_state=42), 'imputer__knn_scaling_method': 'minmax', 'imputer__knn_neighbors': 10, 'imputer__imputation_method': 'simple', 'encoder__method': 'target'}",-2619.6789843093616,-2346.523613062098,-2236.4826899370837,-2400.8950957695142,161.09426557973964,162,-1713.4307480782243,-1699.5575895568738,-1614.3239743805073,-1675.7707706718684,43.817026467600925
132,0,2000,0.362639586130778,0.013893725259330837,0.10293698310852051,0.007385476853299179,kbest,10,hgb,5,minmax,"['car_age', 'mileage', 'tax', 'mpg']",2,"['car_age', 'mileage', 'engineSize']",z_score,90,"['car_age', 'mileage', 'tax', 'mpg']","['tax', 'mpg']",0.5,0.05,"HistGradientBoostingRegressor(max_depth=5, random_state=42)",minmax,19,knn_modelwise,freq,"{'selector__selection_method': 'kbest', 'selector__n_features_to_select': 10, 'selector__model_name': 'hgb', 'selector__k': 5, 'scaler__scaler_name': 'minmax', 'outlier_remover__z_columns': ['car_age', 'mileage', 'tax', 'mpg'], 'outlier_remover__threshold': 2, 'outlier_remover__sev_outliers_cols': ['car_age', 'mileage', 'engineSize'], 'outlier_remover__outlier_method': 'z_score', 'outlier_remover__n_neighbors': 90, 'outlier_remover__model_columns': ['car_age', 'mileage', 'tax', 'mpg'], 'outlier_remover__mod_outliers_cols': ['tax', 'mpg'], 'outlier_remover__contamination_LOF': 0.5, 'outlier_remover__contamination_IF': 0.05, 'model': HistGradientBoostingRegressor(max_depth=5, random_state=42), 'imputer__knn_scaling_method': 'minmax', 'imputer__knn_neighbors': 19, 'imputer__imputation_method': 'knn_modelwise', 'encoder__method': 'freq'}",-3089.4996784960867,-2921.2012730441847,-2801.605952249311,-2937.4356345965275,118.09139193670438,233,-2395.3133800245196,-2332.0164733696247,-2261.213759918597,-2329.5145377709136,54.77451834228061
133,0,2000,0.3715957800547282,0.07903984796422522,0.0,0.0,model,5,hgb,6,minmax,"['car_age', 'mileage', 'tax', 'mpg']",2,"['car_age', 'mileage']",Isolation_Forest,30,"['tax', 'mpg']","['car_age', 'mileage', 'tax', 'mpg']",0.15,0.05,"HistGradientBoostingRegressor(max_depth=5, random_state=42)",standard,13,iterative,target,"{'selector__selection_method': 'model', 'selector__n_features_to_select': 5, 'selector__model_name': 'hgb', 'selector__k': 6, 'scaler__scaler_name': 'minmax', 'outlier_remover__z_columns': ['car_age', 'mileage', 'tax', 'mpg'], 'outlier_remover__threshold': 2, 'outlier_remover__sev_outliers_cols': ['car_age', 'mileage'], 'outlier_remover__outlier_method': 'Isolation_Forest', 'outlier_remover__n_neighbors': 30, 'outlier_remover__model_columns': ['tax', 'mpg'], 'outlier_remover__mod_outliers_cols': ['car_age', 'mileage', 'tax', 'mpg'], 'outlier_remover__contamination_LOF': 0.15, 'outlier_remover__contamination_IF': 0.05, 'model': HistGradientBoostingRegressor(max_depth=5, random_state=42), 'imputer__knn_scaling_method': 'standard', 'imputer__knn_neighbors': 13, 'imputer__imputation_method': 'iterative', 'encoder__method': 'target'}",,,,,,260,,,,,
134,0,2000,0.43997613588968915,0.015802770032161777,0.0,0.0,model,9,hgb,10,minmax,"['car_age', 'mileage', 'tax', 'mpg']",3,"['car_age', 'mileage', 'engineSize']",Isolation_Forest,30,"['tax', 'mpg']","['tax', 'mpg']",0.05,0.3,"HistGradientBoostingRegressor(max_depth=5, random_state=42)",standard,13,knn_modelwise,target,"{'selector__selection_method': 'model', 'selector__n_features_to_select': 9, 'selector__model_name': 'hgb', 'selector__k': 10, 'scaler__scaler_name': 'minmax', 'outlier_remover__z_columns': ['car_age', 'mileage', 'tax', 'mpg'], 'outlier_remover__threshold': 3, 'outlier_remover__sev_outliers_cols': ['car_age', 'mileage', 'engineSize'], 'outlier_remover__outlier_method': 'Isolation_Forest', 'outlier_remover__n_neighbors': 30, 'outlier_remover__model_columns': ['tax', 'mpg'], 'outlier_remover__mod_outliers_cols': ['tax', 'mpg'], 'outlier_remover__contamination_LOF': 0.05, 'outlier_remover__contamination_IF': 0.3, 'model': HistGradientBoostingRegressor(max_depth=5, random_state=42), 'imputer__knn_scaling_method': 'standard', 'imputer__knn_neighbors': 13, 'imputer__imputation_method': 'knn_modelwise', 'encoder__method': 'target'}",,,,,,260,,,,,
135,0,2000,0.45080868403116864,0.02143444069986846,0.0,0.0,rfe,9,hgb,7,robust,"['car_age', 'mileage', 'tax', 'mpg']",3,"['car_age', 'mileage']",Isolation_Forest,30,"['car_age', 'mileage', 'tax', 'mpg', 'engineSize']","['tax', 'mpg']",0.05,0.15,"HistGradientBoostingRegressor(max_depth=5, random_state=42)",standard,18,knn_modelwise,target,"{'selector__selection_method': 'rfe', 'selector__n_features_to_select': 9, 'selector__model_name': 'hgb', 'selector__k': 7, 'scaler__scaler_name': 'robust', 'outlier_remover__z_columns': ['car_age', 'mileage', 'tax', 'mpg'], 'outlier_remover__threshold': 3, 'outlier_remover__sev_outliers_cols': ['car_age', 'mileage'], 'outlier_remover__outlier_method': 'Isolation_Forest', 'outlier_remover__n_neighbors': 30, 'outlier_remover__model_columns': ['car_age', 'mileage', 'tax', 'mpg', 'engineSize'], 'outlier_remover__mod_outliers_cols': ['tax', 'mpg'], 'outlier_remover__contamination_LOF': 0.05, 'outlier_remover__contamination_IF': 0.15, 'model': HistGradientBoostingRegressor(max_depth=5, random_state=42), 'imputer__knn_scaling_method': 'standard', 'imputer__knn_neighbors': 18, 'imputer__imputation_method': 'knn_modelwise', 'encoder__method': 'target'}",,,,,,260,,,,,
136,0,2000,0.40676673253377277,0.02754307504352858,0.0,0.0,rfe,7,hgb,6,minmax,"['car_age', 'mileage', 'tax', 'mpg']",3,"['car_age', 'mileage', 'engineSize']",Isolation_Forest,30,"['car_age', 'mileage', 'tax', 'mpg', 'engineSize']","['tax', 'mpg']",0.5,0.5,"HistGradientBoostingRegressor(max_depth=5, random_state=42)",minmax,14,knn_modelwise,freq,"{'selector__selection_method': 'rfe', 'selector__n_features_to_select': 7, 'selector__model_name': 'hgb', 'selector__k': 6, 'scaler__scaler_name': 'minmax', 'outlier_remover__z_columns': ['car_age', 'mileage', 'tax', 'mpg'], 'outlier_remover__threshold': 3, 'outlier_remover__sev_outliers_cols': ['car_age', 'mileage', 'engineSize'], 'outlier_remover__outlier_method': 'Isolation_Forest', 'outlier_remover__n_neighbors': 30, 'outlier_remover__model_columns': ['car_age', 'mileage', 'tax', 'mpg', 'engineSize'], 'outlier_remover__mod_outliers_cols': ['tax', 'mpg'], 'outlier_remover__contamination_LOF': 0.5, 'outlier_remover__contamination_IF': 0.5, 'model': HistGradientBoostingRegressor(max_depth=5, random_state=42), 'imputer__knn_scaling_method': 'minmax', 'imputer__knn_neighbors': 14, 'imputer__imputation_method': 'knn_modelwise', 'encoder__method': 'freq'}",,,,,,260,,,,,
137,0,2000,0.32749470074971515,0.034588701441332706,0.10370707511901855,0.016067187520086845,kbest,9,hgb,8,robust,"['car_age', 'mileage', 'tax', 'mpg']",2,"['car_age', 'mileage', 'engineSize']",z_score,90,"['car_age', 'mileage', 'tax', 'mpg']","['car_age', 'mileage', 'tax', 'mpg']",0.5,0.15,"HistGradientBoostingRegressor(max_depth=5, random_state=42)",minmax,19,knn_modelwise,freq,"{'selector__selection_method': 'kbest', 'selector__n_features_to_select': 9, 'selector__model_name': 'hgb', 'selector__k': 8, 'scaler__scaler_name': 'robust', 'outlier_remover__z_columns': ['car_age', 'mileage', 'tax', 'mpg'], 'outlier_remover__threshold': 2, 'outlier_remover__sev_outliers_cols': ['car_age', 'mileage', 'engineSize'], 'outlier_remover__outlier_method': 'z_score', 'outlier_remover__n_neighbors': 90, 'outlier_remover__model_columns': ['car_age', 'mileage', 'tax', 'mpg'], 'outlier_remover__mod_outliers_cols': ['car_age', 'mileage', 'tax', 'mpg'], 'outlier_remover__contamination_LOF': 0.5, 'outlier_remover__contamination_IF': 0.15, 'model': HistGradientBoostingRegressor(max_depth=5, random_state=42), 'imputer__knn_scaling_method': 'minmax', 'imputer__knn_neighbors': 19, 'imputer__imputation_method': 'knn_modelwise', 'encoder__method': 'freq'}",-2732.566325969266,-2587.6938092628648,-2381.442645705498,-2567.234260312543,144.07383423770648,192,-2039.79413960091,-2005.9648782628387,-1834.352831098745,-1960.0372829874977,89.93901939870919
138,0,2000,0.2738700707753499,0.04491989061539316,0.013908942540486654,0.0032592492068349303,kbest,9,hgb,7,standard,"['car_age', 'mileage', 'tax', 'mpg']",2,"['car_age', 'mileage']",Isolation_Forest,100,"['tax', 'mpg']","['tax', 'mpg']",0.05,0.15,"HistGradientBoostingRegressor(max_depth=5, random_state=42)",standard,13,simple,freq,"{'selector__selection_method': 'kbest', 'selector__n_features_to_select': 9, 'selector__model_name': 'hgb', 'selector__k': 7, 'scaler__scaler_name': 'standard', 'outlier_remover__z_columns': ['car_age', 'mileage', 'tax', 'mpg'], 'outlier_remover__threshold': 2, 'outlier_remover__sev_outliers_cols': ['car_age', 'mileage'], 'outlier_remover__outlier_method': 'Isolation_Forest', 'outlier_remover__n_neighbors': 100, 'outlier_remover__model_columns': ['tax', 'mpg'], 'outlier_remover__mod_outliers_cols': ['tax', 'mpg'], 'outlier_remover__contamination_LOF': 0.05, 'outlier_remover__contamination_IF': 0.15, 'model': HistGradientBoostingRegressor(max_depth=5, random_state=42), 'imputer__knn_scaling_method': 'standard', 'imputer__knn_neighbors': 13, 'imputer__imputation_method': 'simple', 'encoder__method': 'freq'}",-3206.7519640542682,-3011.9456634336016,-2899.0139186274555,-3039.237182038442,127.10703204149779,247,-2540.5482076452627,-2494.1197635644403,-2417.038190761829,-2483.9020539905105,50.93775455945818
139,0,2000,0.24131925900777182,0.021331763674260203,0.01237034797668457,0.00033221984322295964,kbest,8,hgb,6,robust,"['car_age', 'mileage', 'tax', 'mpg']",3,"['car_age', 'mileage']",IQR,100,"['car_age', 'mileage', 'tax', 'mpg', 'engineSize']","['car_age', 'mileage', 'tax', 'mpg']",0.05,0.05,"HistGradientBoostingRegressor(max_depth=5, random_state=42)",robust,15,simple,freq,"{'selector__selection_method': 'kbest', 'selector__n_features_to_select': 8, 'selector__model_name': 'hgb', 'selector__k': 6, 'scaler__scaler_name': 'robust', 'outlier_remover__z_columns': ['car_age', 'mileage', 'tax', 'mpg'], 'outlier_remover__threshold': 3, 'outlier_remover__sev_outliers_cols': ['car_age', 'mileage'], 'outlier_remover__outlier_method': 'IQR', 'outlier_remover__n_neighbors': 100, 'outlier_remover__model_columns': ['car_age', 'mileage', 'tax', 'mpg', 'engineSize'], 'outlier_remover__mod_outliers_cols': ['car_age', 'mileage', 'tax', 'mpg'], 'outlier_remover__contamination_LOF': 0.05, 'outlier_remover__contamination_IF': 0.05, 'model': HistGradientBoostingRegressor(max_depth=5, random_state=42), 'imputer__knn_scaling_method': 'robust', 'imputer__knn_neighbors': 15, 'imputer__imputation_method': 'simple', 'encoder__method': 'freq'}",-3125.270467823864,-2911.6171278497063,-2901.680438934258,-2979.5226782026093,103.13905849632229,242,-2408.3510596958204,-2401.131120554567,-2288.1208951857507,-2365.867691812046,55.0542470026231
140,0,2000,0.21217560768127441,0.007688487863912869,0.010542074839274088,0.0015616741411625247,kbest,9,hgb,6,minmax,"['car_age', 'mileage', 'tax', 'mpg']",2,"['car_age', 'mileage']",LOF,30,"['car_age', 'mileage', 'tax', 'mpg', 'engineSize']","['car_age', 'mileage', 'tax', 'mpg']",0.05,0.3,"HistGradientBoostingRegressor(max_depth=5, random_state=42)",robust,14,iterative,freq,"{'selector__selection_method': 'kbest', 'selector__n_features_to_select': 9, 'selector__model_name': 'hgb', 'selector__k': 6, 'scaler__scaler_name': 'minmax', 'outlier_remover__z_columns': ['car_age', 'mileage', 'tax', 'mpg'], 'outlier_remover__threshold': 2, 'outlier_remover__sev_outliers_cols': ['car_age', 'mileage'], 'outlier_remover__outlier_method': 'LOF', 'outlier_remover__n_neighbors': 30, 'outlier_remover__model_columns': ['car_age', 'mileage', 'tax', 'mpg', 'engineSize'], 'outlier_remover__mod_outliers_cols': ['car_age', 'mileage', 'tax', 'mpg'], 'outlier_remover__contamination_LOF': 0.05, 'outlier_remover__contamination_IF': 0.3, 'model': HistGradientBoostingRegressor(max_depth=5, random_state=42), 'imputer__knn_scaling_method': 'robust', 'imputer__knn_neighbors': 14, 'imputer__imputation_method': 'iterative', 'encoder__method': 'freq'}",-3110.523613253582,-2886.824944235432,-2859.9369451543885,-2952.4285008811344,112.32776308846718,235,-2411.836179308206,-2280.105484242537,-2329.5699983255895,-2340.5038872921104,54.33173689824528
141,0,2000,0.3733893235524495,0.04724456191955634,0.0,0.0,rfe,5,hgb,7,standard,"['car_age', 'mileage', 'tax', 'mpg']",3,"['car_age', 'mileage', 'engineSize']",IQR,30,"['tax', 'mpg']","['tax', 'mpg']",0.15,0.15,"HistGradientBoostingRegressor(max_depth=5, random_state=42)",standard,11,iterative,target,"{'selector__selection_method': 'rfe', 'selector__n_features_to_select': 5, 'selector__model_name': 'hgb', 'selector__k': 7, 'scaler__scaler_name': 'standard', 'outlier_remover__z_columns': ['car_age', 'mileage', 'tax', 'mpg'], 'outlier_remover__threshold': 3, 'outlier_remover__sev_outliers_cols': ['car_age', 'mileage', 'engineSize'], 'outlier_remover__outlier_method': 'IQR', 'outlier_remover__n_neighbors': 30, 'outlier_remover__model_columns': ['tax', 'mpg'], 'outlier_remover__mod_outliers_cols': ['tax', 'mpg'], 'outlier_remover__contamination_LOF': 0.15, 'outlier_remover__contamination_IF': 0.15, 'model': HistGradientBoostingRegressor(max_depth=5, random_state=42), 'imputer__knn_scaling_method': 'standard', 'imputer__knn_neighbors': 11, 'imputer__imputation_method': 'iterative', 'encoder__method': 'target'}",,,,,,260,,,,,
142,0,2000,0.16251691182454428,0.03695874293261297,0.008247454961140951,0.0019335782467461199,kbest,7,hgb,8,robust,"['car_age', 'mileage', 'tax', 'mpg']",3,"['car_age', 'mileage', 'engineSize']",IQR,70,"['car_age', 'mileage', 'tax', 'mpg', 'engineSize']","['car_age', 'mileage', 'tax', 'mpg']",0.5,0.3,"HistGradientBoostingRegressor(max_depth=5, random_state=42)",standard,11,simple,target,"{'selector__selection_method': 'kbest', 'selector__n_features_to_select': 7, 'selector__model_name': 'hgb', 'selector__k': 8, 'scaler__scaler_name': 'robust', 'outlier_remover__z_columns': ['car_age', 'mileage', 'tax', 'mpg'], 'outlier_remover__threshold': 3, 'outlier_remover__sev_outliers_cols': ['car_age', 'mileage', 'engineSize'], 'outlier_remover__outlier_method': 'IQR', 'outlier_remover__n_neighbors': 70, 'outlier_remover__model_columns': ['car_age', 'mileage', 'tax', 'mpg', 'engineSize'], 'outlier_remover__mod_outliers_cols': ['car_age', 'mileage', 'tax', 'mpg'], 'outlier_remover__contamination_LOF': 0.5, 'outlier_remover__contamination_IF': 0.3, 'model': HistGradientBoostingRegressor(max_depth=5, random_state=42), 'imputer__knn_scaling_method': 'standard', 'imputer__knn_neighbors': 11, 'imputer__imputation_method': 'simple', 'encoder__method': 'target'}",-2635.531469666512,-2319.2434598432205,-2217.1265434745724,-2390.633824328102,178.1162703992043,157,-1701.1567202792528,-1648.684737914697,-1611.1143311255723,-1653.6519297731738,36.92706963141356
143,0,2000,0.30266626675923664,0.014629136035570095,0.0,0.0,rfe,5,hgb,7,robust,"['car_age', 'mileage', 'tax', 'mpg']",3,"['car_age', 'mileage', 'engineSize']",LOF,90,"['car_age', 'mileage', 'tax', 'mpg']","['car_age', 'mileage', 'tax', 'mpg']",0.3,0.5,"HistGradientBoostingRegressor(max_depth=5, random_state=42)",robust,15,iterative,freq,"{'selector__selection_method': 'rfe', 'selector__n_features_to_select': 5, 'selector__model_name': 'hgb', 'selector__k': 7, 'scaler__scaler_name': 'robust', 'outlier_remover__z_columns': ['car_age', 'mileage', 'tax', 'mpg'], 'outlier_remover__threshold': 3, 'outlier_remover__sev_outliers_cols': ['car_age', 'mileage', 'engineSize'], 'outlier_remover__outlier_method': 'LOF', 'outlier_remover__n_neighbors': 90, 'outlier_remover__model_columns': ['car_age', 'mileage', 'tax', 'mpg'], 'outlier_remover__mod_outliers_cols': ['car_age', 'mileage', 'tax', 'mpg'], 'outlier_remover__contamination_LOF': 0.3, 'outlier_remover__contamination_IF': 0.5, 'model': HistGradientBoostingRegressor(max_depth=5, random_state=42), 'imputer__knn_scaling_method': 'robust', 'imputer__knn_neighbors': 15, 'imputer__imputation_method': 'iterative', 'encoder__method': 'freq'}",,,,,,260,,,,,
144,0,2000,0.32154417037963867,0.016086056598598502,0.09700711568196614,0.012739878473038384,kbest,9,hgb,7,robust,"['car_age', 'mileage', 'tax', 'mpg']",3,"['car_age', 'mileage', 'engineSize']",LOF,50,"['car_age', 'mileage', 'tax', 'mpg', 'engineSize']","['tax', 'mpg']",0.05,0.5,"HistGradientBoostingRegressor(max_depth=5, random_state=42)",minmax,19,knn_modelwise,freq,"{'selector__selection_method': 'kbest', 'selector__n_features_to_select': 9, 'selector__model_name': 'hgb', 'selector__k': 7, 'scaler__scaler_name': 'robust', 'outlier_remover__z_columns': ['car_age', 'mileage', 'tax', 'mpg'], 'outlier_remover__threshold': 3, 'outlier_remover__sev_outliers_cols': ['car_age', 'mileage', 'engineSize'], 'outlier_remover__outlier_method': 'LOF', 'outlier_remover__n_neighbors': 50, 'outlier_remover__model_columns': ['car_age', 'mileage', 'tax', 'mpg', 'engineSize'], 'outlier_remover__mod_outliers_cols': ['tax', 'mpg'], 'outlier_remover__contamination_LOF': 0.05, 'outlier_remover__contamination_IF': 0.5, 'model': HistGradientBoostingRegressor(max_depth=5, random_state=42), 'imputer__knn_scaling_method': 'minmax', 'imputer__knn_neighbors': 19, 'imputer__imputation_method': 'knn_modelwise', 'encoder__method': 'freq'}",-3075.6944936554073,-2841.8044519858677,-2798.2081130664324,-2905.2356862359024,121.83955012489295,229,-2405.622614842319,-2286.7875830462604,-2239.302780125582,-2310.570992671387,69.95145833646876
145,0,2000,0.3739316463470459,0.04247367851292835,0.0,0.0,rfe,6,hgb,7,robust,"['car_age', 'mileage', 'tax', 'mpg']",2,"['car_age', 'mileage', 'engineSize']",Isolation_Forest,90,"['car_age', 'mileage', 'tax', 'mpg']","['tax', 'mpg']",0.05,0.3,"HistGradientBoostingRegressor(max_depth=5, random_state=42)",minmax,17,iterative,target,"{'selector__selection_method': 'rfe', 'selector__n_features_to_select': 6, 'selector__model_name': 'hgb', 'selector__k': 7, 'scaler__scaler_name': 'robust', 'outlier_remover__z_columns': ['car_age', 'mileage', 'tax', 'mpg'], 'outlier_remover__threshold': 2, 'outlier_remover__sev_outliers_cols': ['car_age', 'mileage', 'engineSize'], 'outlier_remover__outlier_method': 'Isolation_Forest', 'outlier_remover__n_neighbors': 90, 'outlier_remover__model_columns': ['car_age', 'mileage', 'tax', 'mpg'], 'outlier_remover__mod_outliers_cols': ['tax', 'mpg'], 'outlier_remover__contamination_LOF': 0.05, 'outlier_remover__contamination_IF': 0.3, 'model': HistGradientBoostingRegressor(max_depth=5, random_state=42), 'imputer__knn_scaling_method': 'minmax', 'imputer__knn_neighbors': 17, 'imputer__imputation_method': 'iterative', 'encoder__method': 'target'}",,,,,,260,,,,,
146,0,2000,0.24248027801513672,0.024360990089396847,0.0,0.0,rfe,5,hgb,7,minmax,"['car_age', 'mileage', 'tax', 'mpg']",3,"['car_age', 'mileage', 'engineSize']",LOF,100,"['car_age', 'mileage', 'tax', 'mpg', 'engineSize']","['car_age', 'mileage', 'tax', 'mpg']",0.5,0.05,"HistGradientBoostingRegressor(max_depth=5, random_state=42)",minmax,17,iterative,freq,"{'selector__selection_method': 'rfe', 'selector__n_features_to_select': 5, 'selector__model_name': 'hgb', 'selector__k': 7, 'scaler__scaler_name': 'minmax', 'outlier_remover__z_columns': ['car_age', 'mileage', 'tax', 'mpg'], 'outlier_remover__threshold': 3, 'outlier_remover__sev_outliers_cols': ['car_age', 'mileage', 'engineSize'], 'outlier_remover__outlier_method': 'LOF', 'outlier_remover__n_neighbors': 100, 'outlier_remover__model_columns': ['car_age', 'mileage', 'tax', 'mpg', 'engineSize'], 'outlier_remover__mod_outliers_cols': ['car_age', 'mileage', 'tax', 'mpg'], 'outlier_remover__contamination_LOF': 0.5, 'outlier_remover__contamination_IF': 0.05, 'model': HistGradientBoostingRegressor(max_depth=5, random_state=42), 'imputer__knn_scaling_method': 'minmax', 'imputer__knn_neighbors': 17, 'imputer__imputation_method': 'iterative', 'encoder__method': 'freq'}",,,,,,260,,,,,
147,0,2000,0.16289703051249185,0.04179286658708714,0.009241422017415365,0.0027125555046786124,kbest,10,hgb,10,standard,"['car_age', 'mileage', 'tax', 'mpg']",2,"['car_age', 'mileage']",z_score,100,"['tax', 'mpg']","['car_age', 'mileage', 'tax', 'mpg']",0.05,0.05,"HistGradientBoostingRegressor(max_depth=5, random_state=42)",standard,14,simple,target,"{'selector__selection_method': 'kbest', 'selector__n_features_to_select': 10, 'selector__model_name': 'hgb', 'selector__k': 10, 'scaler__scaler_name': 'standard', 'outlier_remover__z_columns': ['car_age', 'mileage', 'tax', 'mpg'], 'outlier_remover__threshold': 2, 'outlier_remover__sev_outliers_cols': ['car_age', 'mileage'], 'outlier_remover__outlier_method': 'z_score', 'outlier_remover__n_neighbors': 100, 'outlier_remover__model_columns': ['tax', 'mpg'], 'outlier_remover__mod_outliers_cols': ['car_age', 'mileage', 'tax', 'mpg'], 'outlier_remover__contamination_LOF': 0.05, 'outlier_remover__contamination_IF': 0.05, 'model': HistGradientBoostingRegressor(max_depth=5, random_state=42), 'imputer__knn_scaling_method': 'standard', 'imputer__knn_neighbors': 14, 'imputer__imputation_method': 'simple', 'encoder__method': 'target'}",-2623.6344428722336,-2371.806974412453,-2250.6839319641313,-2415.3751164162727,155.34189850112855,163,-1708.1241160928869,-1655.8315855951687,-1597.2941647587506,-1653.7499554822687,45.27007411912753
148,0,2000,0.41016260782877606,0.04452788906864582,0.008969306945800781,0.001311426604755034,rfe,10,hgb,10,robust,"['car_age', 'mileage', 'tax', 'mpg']",2,"['car_age', 'mileage', 'engineSize']",z_score,50,"['tax', 'mpg']","['tax', 'mpg']",0.5,0.5,"HistGradientBoostingRegressor(max_depth=5, random_state=42)",robust,10,iterative,target,"{'selector__selection_method': 'rfe', 'selector__n_features_to_select': 10, 'selector__model_name': 'hgb', 'selector__k': 10, 'scaler__scaler_name': 'robust', 'outlier_remover__z_columns': ['car_age', 'mileage', 'tax', 'mpg'], 'outlier_remover__threshold': 2, 'outlier_remover__sev_outliers_cols': ['car_age', 'mileage', 'engineSize'], 'outlier_remover__outlier_method': 'z_score', 'outlier_remover__n_neighbors': 50, 'outlier_remover__model_columns': ['tax', 'mpg'], 'outlier_remover__mod_outliers_cols': ['tax', 'mpg'], 'outlier_remover__contamination_LOF': 0.5, 'outlier_remover__contamination_IF': 0.5, 'model': HistGradientBoostingRegressor(max_depth=5, random_state=42), 'imputer__knn_scaling_method': 'robust', 'imputer__knn_neighbors': 10, 'imputer__imputation_method': 'iterative', 'encoder__method': 'target'}",-2589.5340779982166,-2345.9063960607336,-2208.5431277752655,-2381.327867278072,157.54266407410057,153,-1661.3908537759082,-1633.817283568544,-1555.3353970310202,-1616.8478447918242,44.9289169365665
149,0,2000,0.2371999422709147,0.01742323053917081,0.0,0.0,rfe,7,hgb,6,robust,"['car_age', 'mileage', 'tax', 'mpg']",3,"['car_age', 'mileage']",IQR,50,"['tax', 'mpg']","['tax', 'mpg']",0.5,0.05,"HistGradientBoostingRegressor(max_depth=5, random_state=42)",standard,20,iterative,freq,"{'selector__selection_method': 'rfe', 'selector__n_features_to_select': 7, 'selector__model_name': 'hgb', 'selector__k': 6, 'scaler__scaler_name': 'robust', 'outlier_remover__z_columns': ['car_age', 'mileage', 'tax', 'mpg'], 'outlier_remover__threshold': 3, 'outlier_remover__sev_outliers_cols': ['car_age', 'mileage'], 'outlier_remover__outlier_method': 'IQR', 'outlier_remover__n_neighbors': 50, 'outlier_remover__model_columns': ['tax', 'mpg'], 'outlier_remover__mod_outliers_cols': ['tax', 'mpg'], 'outlier_remover__contamination_LOF': 0.5, 'outlier_remover__contamination_IF': 0.05, 'model': HistGradientBoostingRegressor(max_depth=5, random_state=42), 'imputer__knn_scaling_method': 'standard', 'imputer__knn_neighbors': 20, 'imputer__imputation_method': 'iterative', 'encoder__method': 'freq'}",,,,,,260,,,,,
150,0,2000,0.24344587326049805,0.018562718181384014,0.0,0.0,rfe,9,hgb,8,minmax,"['car_age', 'mileage', 'tax', 'mpg']",2,"['car_age', 'mileage']",LOF,70,"['car_age', 'mileage', 'tax', 'mpg']","['tax', 'mpg']",0.3,0.3,"HistGradientBoostingRegressor(max_depth=5, random_state=42)",minmax,12,iterative,freq,"{'selector__selection_method': 'rfe', 'selector__n_features_to_select': 9, 'selector__model_name': 'hgb', 'selector__k': 8, 'scaler__scaler_name': 'minmax', 'outlier_remover__z_columns': ['car_age', 'mileage', 'tax', 'mpg'], 'outlier_remover__threshold': 2, 'outlier_remover__sev_outliers_cols': ['car_age', 'mileage'], 'outlier_remover__outlier_method': 'LOF', 'outlier_remover__n_neighbors': 70, 'outlier_remover__model_columns': ['car_age', 'mileage', 'tax', 'mpg'], 'outlier_remover__mod_outliers_cols': ['tax', 'mpg'], 'outlier_remover__contamination_LOF': 0.3, 'outlier_remover__contamination_IF': 0.3, 'model': HistGradientBoostingRegressor(max_depth=5, random_state=42), 'imputer__knn_scaling_method': 'minmax', 'imputer__knn_neighbors': 12, 'imputer__imputation_method': 'iterative', 'encoder__method': 'freq'}",,,,,,260,,,,,
151,0,2000,0.3808434009552002,0.020584787105441732,0.10353628794352214,0.010467210809275087,kbest,10,hgb,7,minmax,"['car_age', 'mileage', 'tax', 'mpg']",3,"['car_age', 'mileage']",IQR,70,"['tax', 'mpg']","['car_age', 'mileage', 'tax', 'mpg']",0.05,0.3,"HistGradientBoostingRegressor(max_depth=5, random_state=42)",robust,19,knn_modelwise,freq,"{'selector__selection_method': 'kbest', 'selector__n_features_to_select': 10, 'selector__model_name': 'hgb', 'selector__k': 7, 'scaler__scaler_name': 'minmax', 'outlier_remover__z_columns': ['car_age', 'mileage', 'tax', 'mpg'], 'outlier_remover__threshold': 3, 'outlier_remover__sev_outliers_cols': ['car_age', 'mileage'], 'outlier_remover__outlier_method': 'IQR', 'outlier_remover__n_neighbors': 70, 'outlier_remover__model_columns': ['tax', 'mpg'], 'outlier_remover__mod_outliers_cols': ['car_age', 'mileage', 'tax', 'mpg'], 'outlier_remover__contamination_LOF': 0.05, 'outlier_remover__contamination_IF': 0.3, 'model': HistGradientBoostingRegressor(max_depth=5, random_state=42), 'imputer__knn_scaling_method': 'robust', 'imputer__knn_neighbors': 19, 'imputer__imputation_method': 'knn_modelwise', 'encoder__method': 'freq'}",-3054.4482904647366,-2863.523500412429,-2806.646777804301,-2908.206189560489,105.98366053729418,230,-2361.482788517425,-2261.630056773139,-2228.6390207978015,-2283.917288696122,56.47658621398153
152,0,2000,0.19177937507629395,0.04375132144208109,0.010721683502197266,9.450061572456e-05,kbest,8,hgb,5,robust,"['car_age', 'mileage', 'tax', 'mpg']",2,"['car_age', 'mileage']",LOF,100,"['tax', 'mpg']","['car_age', 'mileage', 'tax', 'mpg']",0.3,0.3,"HistGradientBoostingRegressor(max_depth=5, random_state=42)",minmax,12,simple,freq,"{'selector__selection_method': 'kbest', 'selector__n_features_to_select': 8, 'selector__model_name': 'hgb', 'selector__k': 5, 'scaler__scaler_name': 'robust', 'outlier_remover__z_columns': ['car_age', 'mileage', 'tax', 'mpg'], 'outlier_remover__threshold': 2, 'outlier_remover__sev_outliers_cols': ['car_age', 'mileage'], 'outlier_remover__outlier_method': 'LOF', 'outlier_remover__n_neighbors': 100, 'outlier_remover__model_columns': ['tax', 'mpg'], 'outlier_remover__mod_outliers_cols': ['car_age', 'mileage', 'tax', 'mpg'], 'outlier_remover__contamination_LOF': 0.3, 'outlier_remover__contamination_IF': 0.3, 'model': HistGradientBoostingRegressor(max_depth=5, random_state=42), 'imputer__knn_scaling_method': 'minmax', 'imputer__knn_neighbors': 12, 'imputer__imputation_method': 'simple', 'encoder__method': 'freq'}",-3339.9983770588024,-3070.581310199636,-2940.029514106575,-3116.8697337883373,166.53475403364456,252,-2739.40298686721,-2611.350433102582,-2529.6080741731175,-2626.7871647143033,86.3411677020092
153,0,2000,0.30216455459594727,0.008347638237831682,0.0,0.0,rfe,7,hgb,5,minmax,"['car_age', 'mileage', 'tax', 'mpg']",3,"['car_age', 'mileage']",IQR,70,"['car_age', 'mileage', 'tax', 'mpg', 'engineSize']","['tax', 'mpg']",0.3,0.3,"HistGradientBoostingRegressor(max_depth=5, random_state=42)",robust,20,simple,freq,"{'selector__selection_method': 'rfe', 'selector__n_features_to_select': 7, 'selector__model_name': 'hgb', 'selector__k': 5, 'scaler__scaler_name': 'minmax', 'outlier_remover__z_columns': ['car_age', 'mileage', 'tax', 'mpg'], 'outlier_remover__threshold': 3, 'outlier_remover__sev_outliers_cols': ['car_age', 'mileage'], 'outlier_remover__outlier_method': 'IQR', 'outlier_remover__n_neighbors': 70, 'outlier_remover__model_columns': ['car_age', 'mileage', 'tax', 'mpg', 'engineSize'], 'outlier_remover__mod_outliers_cols': ['tax', 'mpg'], 'outlier_remover__contamination_LOF': 0.3, 'outlier_remover__contamination_IF': 0.3, 'model': HistGradientBoostingRegressor(max_depth=5, random_state=42), 'imputer__knn_scaling_method': 'robust', 'imputer__knn_neighbors': 20, 'imputer__imputation_method': 'simple', 'encoder__method': 'freq'}",,,,,,260,,,,,
154,0,2000,0.37599889437357586,0.014490475262655457,0.0,0.0,rfe,6,hgb,6,robust,"['car_age', 'mileage', 'tax', 'mpg']",2,"['car_age', 'mileage']",LOF,90,"['car_age', 'mileage', 'tax', 'mpg']","['car_age', 'mileage', 'tax', 'mpg']",0.5,0.3,"HistGradientBoostingRegressor(max_depth=5, random_state=42)",minmax,13,knn_modelwise,freq,"{'selector__selection_method': 'rfe', 'selector__n_features_to_select': 6, 'selector__model_name': 'hgb', 'selector__k': 6, 'scaler__scaler_name': 'robust', 'outlier_remover__z_columns': ['car_age', 'mileage', 'tax', 'mpg'], 'outlier_remover__threshold': 2, 'outlier_remover__sev_outliers_cols': ['car_age', 'mileage'], 'outlier_remover__outlier_method': 'LOF', 'outlier_remover__n_neighbors': 90, 'outlier_remover__model_columns': ['car_age', 'mileage', 'tax', 'mpg'], 'outlier_remover__mod_outliers_cols': ['car_age', 'mileage', 'tax', 'mpg'], 'outlier_remover__contamination_LOF': 0.5, 'outlier_remover__contamination_IF': 0.3, 'model': HistGradientBoostingRegressor(max_depth=5, random_state=42), 'imputer__knn_scaling_method': 'minmax', 'imputer__knn_neighbors': 13, 'imputer__imputation_method': 'knn_modelwise', 'encoder__method': 'freq'}",,,,,,260,,,,,
155,0,2000,0.4374690850575765,0.019473403032542514,0.0,0.0,rfe,9,hgb,5,robust,"['car_age', 'mileage', 'tax', 'mpg']",2,"['car_age', 'mileage']",Isolation_Forest,100,"['tax', 'mpg']","['car_age', 'mileage', 'tax', 'mpg']",0.05,0.15,"HistGradientBoostingRegressor(max_depth=5, random_state=42)",standard,12,knn_modelwise,freq,"{'selector__selection_method': 'rfe', 'selector__n_features_to_select': 9, 'selector__model_name': 'hgb', 'selector__k': 5, 'scaler__scaler_name': 'robust', 'outlier_remover__z_columns': ['car_age', 'mileage', 'tax', 'mpg'], 'outlier_remover__threshold': 2, 'outlier_remover__sev_outliers_cols': ['car_age', 'mileage'], 'outlier_remover__outlier_method': 'Isolation_Forest', 'outlier_remover__n_neighbors': 100, 'outlier_remover__model_columns': ['tax', 'mpg'], 'outlier_remover__mod_outliers_cols': ['car_age', 'mileage', 'tax', 'mpg'], 'outlier_remover__contamination_LOF': 0.05, 'outlier_remover__contamination_IF': 0.15, 'model': HistGradientBoostingRegressor(max_depth=5, random_state=42), 'imputer__knn_scaling_method': 'standard', 'imputer__knn_neighbors': 12, 'imputer__imputation_method': 'knn_modelwise', 'encoder__method': 'freq'}",,,,,,260,,,,,
156,0,2000,0.25811322530110675,0.020782426145772855,0.0,0.0,model,7,hgb,8,standard,"['car_age', 'mileage', 'tax', 'mpg']",2,"['car_age', 'mileage']",IQR,70,"['car_age', 'mileage', 'tax', 'mpg']","['tax', 'mpg']",0.3,0.3,"HistGradientBoostingRegressor(max_depth=5, random_state=42)",standard,13,iterative,target,"{'selector__selection_method': 'model', 'selector__n_features_to_select': 7, 'selector__model_name': 'hgb', 'selector__k': 8, 'scaler__scaler_name': 'standard', 'outlier_remover__z_columns': ['car_age', 'mileage', 'tax', 'mpg'], 'outlier_remover__threshold': 2, 'outlier_remover__sev_outliers_cols': ['car_age', 'mileage'], 'outlier_remover__outlier_method': 'IQR', 'outlier_remover__n_neighbors': 70, 'outlier_remover__model_columns': ['car_age', 'mileage', 'tax', 'mpg'], 'outlier_remover__mod_outliers_cols': ['tax', 'mpg'], 'outlier_remover__contamination_LOF': 0.3, 'outlier_remover__contamination_IF': 0.3, 'model': HistGradientBoostingRegressor(max_depth=5, random_state=42), 'imputer__knn_scaling_method': 'standard', 'imputer__knn_neighbors': 13, 'imputer__imputation_method': 'iterative', 'encoder__method': 'target'}",,,,,,260,,,,,
157,0,2000,0.3148786226908366,0.012803895763065535,0.09218772252400716,0.009043663375204174,kbest,8,hgb,8,minmax,"['car_age', 'mileage', 'tax', 'mpg']",3,"['car_age', 'mileage']",IQR,100,"['car_age', 'mileage', 'tax', 'mpg']","['car_age', 'mileage', 'tax', 'mpg']",0.05,0.5,"HistGradientBoostingRegressor(max_depth=5, random_state=42)",standard,20,knn_modelwise,freq,"{'selector__selection_method': 'kbest', 'selector__n_features_to_select': 8, 'selector__model_name': 'hgb', 'selector__k': 8, 'scaler__scaler_name': 'minmax', 'outlier_remover__z_columns': ['car_age', 'mileage', 'tax', 'mpg'], 'outlier_remover__threshold': 3, 'outlier_remover__sev_outliers_cols': ['car_age', 'mileage'], 'outlier_remover__outlier_method': 'IQR', 'outlier_remover__n_neighbors': 100, 'outlier_remover__model_columns': ['car_age', 'mileage', 'tax', 'mpg'], 'outlier_remover__mod_outliers_cols': ['car_age', 'mileage', 'tax', 'mpg'], 'outlier_remover__contamination_LOF': 0.05, 'outlier_remover__contamination_IF': 0.5, 'model': HistGradientBoostingRegressor(max_depth=5, random_state=42), 'imputer__knn_scaling_method': 'standard', 'imputer__knn_neighbors': 20, 'imputer__imputation_method': 'knn_modelwise', 'encoder__method': 'freq'}",-2731.5806132153643,-2615.5634121833114,-2405.805060911015,-2584.3163621032304,134.82015483309925,194,-2000.9077343601018,-1989.2455179599106,-1864.3726890229332,-1951.508647114315,61.798102544865316
158,0,2000,0.3019275665283203,0.03897147708513985,0.0,0.0,model,8,hgb,10,minmax,"['car_age', 'mileage', 'tax', 'mpg']",3,"['car_age', 'mileage', 'engineSize']",LOF,100,"['tax', 'mpg']","['car_age', 'mileage', 'tax', 'mpg']",0.3,0.3,"HistGradientBoostingRegressor(max_depth=5, random_state=42)",minmax,11,iterative,target,"{'selector__selection_method': 'model', 'selector__n_features_to_select': 8, 'selector__model_name': 'hgb', 'selector__k': 10, 'scaler__scaler_name': 'minmax', 'outlier_remover__z_columns': ['car_age', 'mileage', 'tax', 'mpg'], 'outlier_remover__threshold': 3, 'outlier_remover__sev_outliers_cols': ['car_age', 'mileage', 'engineSize'], 'outlier_remover__outlier_method': 'LOF', 'outlier_remover__n_neighbors': 100, 'outlier_remover__model_columns': ['tax', 'mpg'], 'outlier_remover__mod_outliers_cols': ['car_age', 'mileage', 'tax', 'mpg'], 'outlier_remover__contamination_LOF': 0.3, 'outlier_remover__contamination_IF': 0.3, 'model': HistGradientBoostingRegressor(max_depth=5, random_state=42), 'imputer__knn_scaling_method': 'minmax', 'imputer__knn_neighbors': 11, 'imputer__imputation_method': 'iterative', 'encoder__method': 'target'}",,,,,,260,,,,,
159,0,2000,0.31450899442036945,0.04573236345456548,0.0,0.0,rfe,7,hgb,10,standard,"['car_age', 'mileage', 'tax', 'mpg']",2,"['car_age', 'mileage']",IQR,50,"['car_age', 'mileage', 'tax', 'mpg', 'engineSize']","['tax', 'mpg']",0.05,0.3,"HistGradientBoostingRegressor(max_depth=5, random_state=42)",standard,15,iterative,freq,"{'selector__selection_method': 'rfe', 'selector__n_features_to_select': 7, 'selector__model_name': 'hgb', 'selector__k': 10, 'scaler__scaler_name': 'standard', 'outlier_remover__z_columns': ['car_age', 'mileage', 'tax', 'mpg'], 'outlier_remover__threshold': 2, 'outlier_remover__sev_outliers_cols': ['car_age', 'mileage'], 'outlier_remover__outlier_method': 'IQR', 'outlier_remover__n_neighbors': 50, 'outlier_remover__model_columns': ['car_age', 'mileage', 'tax', 'mpg', 'engineSize'], 'outlier_remover__mod_outliers_cols': ['tax', 'mpg'], 'outlier_remover__contamination_LOF': 0.05, 'outlier_remover__contamination_IF': 0.3, 'model': HistGradientBoostingRegressor(max_depth=5, random_state=42), 'imputer__knn_scaling_method': 'standard', 'imputer__knn_neighbors': 15, 'imputer__imputation_method': 'iterative', 'encoder__method': 'freq'}",,,,,,260,,,,,
160,0,2000,0.15645567576090494,0.01913175965896681,0.009036540985107422,0.0014106688116562222,kbest,6,hgb,5,robust,"['car_age', 'mileage', 'tax', 'mpg']",2,"['car_age', 'mileage']",IQR,30,"['car_age', 'mileage', 'tax', 'mpg', 'engineSize']","['car_age', 'mileage', 'tax', 'mpg']",0.15,0.3,"HistGradientBoostingRegressor(max_depth=5, random_state=42)",minmax,18,simple,freq,"{'selector__selection_method': 'kbest', 'selector__n_features_to_select': 6, 'selector__model_name': 'hgb', 'selector__k': 5, 'scaler__scaler_name': 'robust', 'outlier_remover__z_columns': ['car_age', 'mileage', 'tax', 'mpg'], 'outlier_remover__threshold': 2, 'outlier_remover__sev_outliers_cols': ['car_age', 'mileage'], 'outlier_remover__outlier_method': 'IQR', 'outlier_remover__n_neighbors': 30, 'outlier_remover__model_columns': ['car_age', 'mileage', 'tax', 'mpg', 'engineSize'], 'outlier_remover__mod_outliers_cols': ['car_age', 'mileage', 'tax', 'mpg'], 'outlier_remover__contamination_LOF': 0.15, 'outlier_remover__contamination_IF': 0.3, 'model': HistGradientBoostingRegressor(max_depth=5, random_state=42), 'imputer__knn_scaling_method': 'minmax', 'imputer__knn_neighbors': 18, 'imputer__imputation_method': 'simple', 'encoder__method': 'freq'}",-3132.3684235762053,-2969.8134046180444,-2898.21714405387,-3000.132990749373,97.96653647332165,245,-2432.448290301788,-2417.5166641090914,-2326.371806943373,-2392.112253784751,46.88349480977724
161,0,2000,0.45369505882263184,0.012588366776591534,0.0,0.0,rfe,6,hgb,6,standard,"['car_age', 'mileage', 'tax', 'mpg']",2,"['car_age', 'mileage']",z_score,90,"['car_age', 'mileage', 'tax', 'mpg']","['tax', 'mpg']",0.3,0.3,"HistGradientBoostingRegressor(max_depth=5, random_state=42)",standard,17,knn_modelwise,target,"{'selector__selection_method': 'rfe', 'selector__n_features_to_select': 6, 'selector__model_name': 'hgb', 'selector__k': 6, 'scaler__scaler_name': 'standard', 'outlier_remover__z_columns': ['car_age', 'mileage', 'tax', 'mpg'], 'outlier_remover__threshold': 2, 'outlier_remover__sev_outliers_cols': ['car_age', 'mileage'], 'outlier_remover__outlier_method': 'z_score', 'outlier_remover__n_neighbors': 90, 'outlier_remover__model_columns': ['car_age', 'mileage', 'tax', 'mpg'], 'outlier_remover__mod_outliers_cols': ['tax', 'mpg'], 'outlier_remover__contamination_LOF': 0.3, 'outlier_remover__contamination_IF': 0.3, 'model': HistGradientBoostingRegressor(max_depth=5, random_state=42), 'imputer__knn_scaling_method': 'standard', 'imputer__knn_neighbors': 17, 'imputer__imputation_method': 'knn_modelwise', 'encoder__method': 'target'}",,,,,,260,,,,,
162,0,2000,0.19777472813924155,0.014571808039781621,0.009772539138793945,0.0009729213614307172,kbest,6,hgb,8,standard,"['car_age', 'mileage', 'tax', 'mpg']",3,"['car_age', 'mileage', 'engineSize']",Isolation_Forest,70,"['car_age', 'mileage', 'tax', 'mpg']","['tax', 'mpg']",0.3,0.3,"HistGradientBoostingRegressor(max_depth=5, random_state=42)",standard,13,simple,target,"{'selector__selection_method': 'kbest', 'selector__n_features_to_select': 6, 'selector__model_name': 'hgb', 'selector__k': 8, 'scaler__scaler_name': 'standard', 'outlier_remover__z_columns': ['car_age', 'mileage', 'tax', 'mpg'], 'outlier_remover__threshold': 3, 'outlier_remover__sev_outliers_cols': ['car_age', 'mileage', 'engineSize'], 'outlier_remover__outlier_method': 'Isolation_Forest', 'outlier_remover__n_neighbors': 70, 'outlier_remover__model_columns': ['car_age', 'mileage', 'tax', 'mpg'], 'outlier_remover__mod_outliers_cols': ['tax', 'mpg'], 'outlier_remover__contamination_LOF': 0.3, 'outlier_remover__contamination_IF': 0.3, 'model': HistGradientBoostingRegressor(max_depth=5, random_state=42), 'imputer__knn_scaling_method': 'standard', 'imputer__knn_neighbors': 13, 'imputer__imputation_method': 'simple', 'encoder__method': 'target'}",-2919.0856111393523,-2604.952492688939,-2596.247387783719,-2706.7618305373367,150.17764052326459,211,-2157.197197206341,-2100.7390682308446,-2137.1751432372416,-2131.703802891476,23.37137502356038
163,0,2000,0.37178921699523926,0.013029844569792528,0.11074272791544597,0.011009976978734222,kbest,7,hgb,5,robust,"['car_age', 'mileage', 'tax', 'mpg']",3,"['car_age', 'mileage', 'engineSize']",LOF,90,"['car_age', 'mileage', 'tax', 'mpg']","['car_age', 'mileage', 'tax', 'mpg']",0.15,0.05,"HistGradientBoostingRegressor(max_depth=5, random_state=42)",standard,17,knn_modelwise,target,"{'selector__selection_method': 'kbest', 'selector__n_features_to_select': 7, 'selector__model_name': 'hgb', 'selector__k': 5, 'scaler__scaler_name': 'robust', 'outlier_remover__z_columns': ['car_age', 'mileage', 'tax', 'mpg'], 'outlier_remover__threshold': 3, 'outlier_remover__sev_outliers_cols': ['car_age', 'mileage', 'engineSize'], 'outlier_remover__outlier_method': 'LOF', 'outlier_remover__n_neighbors': 90, 'outlier_remover__model_columns': ['car_age', 'mileage', 'tax', 'mpg'], 'outlier_remover__mod_outliers_cols': ['car_age', 'mileage', 'tax', 'mpg'], 'outlier_remover__contamination_LOF': 0.15, 'outlier_remover__contamination_IF': 0.05, 'model': HistGradientBoostingRegressor(max_depth=5, random_state=42), 'imputer__knn_scaling_method': 'standard', 'imputer__knn_neighbors': 17, 'imputer__imputation_method': 'knn_modelwise', 'encoder__method': 'target'}",-2713.2253522239075,-2846.5487236729687,-2694.6074584773028,-2751.4605114580595,67.66575977336763,218,-2278.16476198029,-2134.14581377877,-2167.2974035865427,-2193.2026597818676,61.582876863497866
164,0,2000,0.36995331446329754,0.026648610091284403,0.0,0.0,model,10,hgb,8,robust,"['car_age', 'mileage', 'tax', 'mpg']",3,"['car_age', 'mileage']",LOF,30,"['car_age', 'mileage', 'tax', 'mpg', 'engineSize']","['car_age', 'mileage', 'tax', 'mpg']",0.5,0.3,"HistGradientBoostingRegressor(max_depth=5, random_state=42)",standard,12,knn_modelwise,freq,"{'selector__selection_method': 'model', 'selector__n_features_to_select': 10, 'selector__model_name': 'hgb', 'selector__k': 8, 'scaler__scaler_name': 'robust', 'outlier_remover__z_columns': ['car_age', 'mileage', 'tax', 'mpg'], 'outlier_remover__threshold': 3, 'outlier_remover__sev_outliers_cols': ['car_age', 'mileage'], 'outlier_remover__outlier_method': 'LOF', 'outlier_remover__n_neighbors': 30, 'outlier_remover__model_columns': ['car_age', 'mileage', 'tax', 'mpg', 'engineSize'], 'outlier_remover__mod_outliers_cols': ['car_age', 'mileage', 'tax', 'mpg'], 'outlier_remover__contamination_LOF': 0.5, 'outlier_remover__contamination_IF': 0.3, 'model': HistGradientBoostingRegressor(max_depth=5, random_state=42), 'imputer__knn_scaling_method': 'standard', 'imputer__knn_neighbors': 12, 'imputer__imputation_method': 'knn_modelwise', 'encoder__method': 'freq'}",,,,,,260,,,,,
165,0,2000,0.1739842096964518,0.006857705475456733,0.008202075958251953,0.0004904942187523185,kbest,5,hgb,5,robust,"['car_age', 'mileage', 'tax', 'mpg']",2,"['car_age', 'mileage', 'engineSize']",Isolation_Forest,90,"['car_age', 'mileage', 'tax', 'mpg']","['tax', 'mpg']",0.05,0.5,"HistGradientBoostingRegressor(max_depth=5, random_state=42)",robust,10,iterative,freq,"{'selector__selection_method': 'kbest', 'selector__n_features_to_select': 5, 'selector__model_name': 'hgb', 'selector__k': 5, 'scaler__scaler_name': 'robust', 'outlier_remover__z_columns': ['car_age', 'mileage', 'tax', 'mpg'], 'outlier_remover__threshold': 2, 'outlier_remover__sev_outliers_cols': ['car_age', 'mileage', 'engineSize'], 'outlier_remover__outlier_method': 'Isolation_Forest', 'outlier_remover__n_neighbors': 90, 'outlier_remover__model_columns': ['car_age', 'mileage', 'tax', 'mpg'], 'outlier_remover__mod_outliers_cols': ['tax', 'mpg'], 'outlier_remover__contamination_LOF': 0.05, 'outlier_remover__contamination_IF': 0.5, 'model': HistGradientBoostingRegressor(max_depth=5, random_state=42), 'imputer__knn_scaling_method': 'robust', 'imputer__knn_neighbors': 10, 'imputer__imputation_method': 'iterative', 'encoder__method': 'freq'}",-3857.439449426255,-3866.4232660431617,-3629.227560582044,-3784.3634253504874,109.75891654998844,259,-3480.964747452507,-3525.976229378498,-3356.1791625545316,-3454.373379795179,71.82426052953147
166,0,2000,0.4736429850260417,0.0442898284671752,0.0,0.0,model,10,hgb,8,robust,"['car_age', 'mileage', 'tax', 'mpg']",3,"['car_age', 'mileage']",LOF,70,"['car_age', 'mileage', 'tax', 'mpg', 'engineSize']","['tax', 'mpg']",0.3,0.3,"HistGradientBoostingRegressor(max_depth=5, random_state=42)",minmax,14,knn_modelwise,target,"{'selector__selection_method': 'model', 'selector__n_features_to_select': 10, 'selector__model_name': 'hgb', 'selector__k': 8, 'scaler__scaler_name': 'robust', 'outlier_remover__z_columns': ['car_age', 'mileage', 'tax', 'mpg'], 'outlier_remover__threshold': 3, 'outlier_remover__sev_outliers_cols': ['car_age', 'mileage'], 'outlier_remover__outlier_method': 'LOF', 'outlier_remover__n_neighbors': 70, 'outlier_remover__model_columns': ['car_age', 'mileage', 'tax', 'mpg', 'engineSize'], 'outlier_remover__mod_outliers_cols': ['tax', 'mpg'], 'outlier_remover__contamination_LOF': 0.3, 'outlier_remover__contamination_IF': 0.3, 'model': HistGradientBoostingRegressor(max_depth=5, random_state=42), 'imputer__knn_scaling_method': 'minmax', 'imputer__knn_neighbors': 14, 'imputer__imputation_method': 'knn_modelwise', 'encoder__method': 'target'}",,,,,,260,,,,,
167,0,2000,0.15686734517415366,0.01569980809520513,0.010429779688517252,0.001129874296835653,kbest,7,hgb,7,minmax,"['car_age', 'mileage', 'tax', 'mpg']",2,"['car_age', 'mileage']",LOF,50,"['car_age', 'mileage', 'tax', 'mpg', 'engineSize']","['tax', 'mpg']",0.3,0.5,"HistGradientBoostingRegressor(max_depth=5, random_state=42)",minmax,10,iterative,freq,"{'selector__selection_method': 'kbest', 'selector__n_features_to_select': 7, 'selector__model_name': 'hgb', 'selector__k': 7, 'scaler__scaler_name': 'minmax', 'outlier_remover__z_columns': ['car_age', 'mileage', 'tax', 'mpg'], 'outlier_remover__threshold': 2, 'outlier_remover__sev_outliers_cols': ['car_age', 'mileage'], 'outlier_remover__outlier_method': 'LOF', 'outlier_remover__n_neighbors': 50, 'outlier_remover__model_columns': ['car_age', 'mileage', 'tax', 'mpg', 'engineSize'], 'outlier_remover__mod_outliers_cols': ['tax', 'mpg'], 'outlier_remover__contamination_LOF': 0.3, 'outlier_remover__contamination_IF': 0.5, 'model': HistGradientBoostingRegressor(max_depth=5, random_state=42), 'imputer__knn_scaling_method': 'minmax', 'imputer__knn_neighbors': 10, 'imputer__imputation_method': 'iterative', 'encoder__method': 'freq'}",-3305.270486568094,-3051.4166999952904,-2912.2661528918725,-3089.6511131517523,162.70526386513944,250,-2604.5462230357894,-2491.069635284861,-2437.1429177159994,-2510.9195920122165,69.76858053381969
168,0,2000,0.3219919999440511,0.009187702904070246,0.0,0.0,rfe,8,hgb,8,robust,"['car_age', 'mileage', 'tax', 'mpg']",3,"['car_age', 'mileage']",Isolation_Forest,50,"['tax', 'mpg']","['car_age', 'mileage', 'tax', 'mpg']",0.15,0.15,"HistGradientBoostingRegressor(max_depth=5, random_state=42)",robust,16,simple,freq,"{'selector__selection_method': 'rfe', 'selector__n_features_to_select': 8, 'selector__model_name': 'hgb', 'selector__k': 8, 'scaler__scaler_name': 'robust', 'outlier_remover__z_columns': ['car_age', 'mileage', 'tax', 'mpg'], 'outlier_remover__threshold': 3, 'outlier_remover__sev_outliers_cols': ['car_age', 'mileage'], 'outlier_remover__outlier_method': 'Isolation_Forest', 'outlier_remover__n_neighbors': 50, 'outlier_remover__model_columns': ['tax', 'mpg'], 'outlier_remover__mod_outliers_cols': ['car_age', 'mileage', 'tax', 'mpg'], 'outlier_remover__contamination_LOF': 0.15, 'outlier_remover__contamination_IF': 0.15, 'model': HistGradientBoostingRegressor(max_depth=5, random_state=42), 'imputer__knn_scaling_method': 'robust', 'imputer__knn_neighbors': 16, 'imputer__imputation_method': 'simple', 'encoder__method': 'freq'}",,,,,,260,,,,,
169,0,2000,0.3839563528696696,0.09603600902587782,0.0,0.0,model,8,hgb,5,standard,"['car_age', 'mileage', 'tax', 'mpg']",2,"['car_age', 'mileage', 'engineSize']",IQR,30,"['car_age', 'mileage', 'tax', 'mpg']","['tax', 'mpg']",0.5,0.3,"HistGradientBoostingRegressor(max_depth=5, random_state=42)",robust,11,iterative,freq,"{'selector__selection_method': 'model', 'selector__n_features_to_select': 8, 'selector__model_name': 'hgb', 'selector__k': 5, 'scaler__scaler_name': 'standard', 'outlier_remover__z_columns': ['car_age', 'mileage', 'tax', 'mpg'], 'outlier_remover__threshold': 2, 'outlier_remover__sev_outliers_cols': ['car_age', 'mileage', 'engineSize'], 'outlier_remover__outlier_method': 'IQR', 'outlier_remover__n_neighbors': 30, 'outlier_remover__model_columns': ['car_age', 'mileage', 'tax', 'mpg'], 'outlier_remover__mod_outliers_cols': ['tax', 'mpg'], 'outlier_remover__contamination_LOF': 0.5, 'outlier_remover__contamination_IF': 0.3, 'model': HistGradientBoostingRegressor(max_depth=5, random_state=42), 'imputer__knn_scaling_method': 'robust', 'imputer__knn_neighbors': 11, 'imputer__imputation_method': 'iterative', 'encoder__method': 'freq'}",,,,,,260,,,,,
170,0,2000,0.4809106985727946,0.08818324003239518,0.0,0.0,model,8,hgb,10,robust,"['car_age', 'mileage', 'tax', 'mpg']",3,"['car_age', 'mileage']",LOF,30,"['car_age', 'mileage', 'tax', 'mpg', 'engineSize']","['tax', 'mpg']",0.15,0.3,"HistGradientBoostingRegressor(max_depth=5, random_state=42)",standard,16,knn_modelwise,target,"{'selector__selection_method': 'model', 'selector__n_features_to_select': 8, 'selector__model_name': 'hgb', 'selector__k': 10, 'scaler__scaler_name': 'robust', 'outlier_remover__z_columns': ['car_age', 'mileage', 'tax', 'mpg'], 'outlier_remover__threshold': 3, 'outlier_remover__sev_outliers_cols': ['car_age', 'mileage'], 'outlier_remover__outlier_method': 'LOF', 'outlier_remover__n_neighbors': 30, 'outlier_remover__model_columns': ['car_age', 'mileage', 'tax', 'mpg', 'engineSize'], 'outlier_remover__mod_outliers_cols': ['tax', 'mpg'], 'outlier_remover__contamination_LOF': 0.15, 'outlier_remover__contamination_IF': 0.3, 'model': HistGradientBoostingRegressor(max_depth=5, random_state=42), 'imputer__knn_scaling_method': 'standard', 'imputer__knn_neighbors': 16, 'imputer__imputation_method': 'knn_modelwise', 'encoder__method': 'target'}",,,,,,260,,,,,
171,0,2000,0.24309698740641275,0.015267044757555635,0.013869206110636393,0.002082451838354481,kbest,5,hgb,7,minmax,"['car_age', 'mileage', 'tax', 'mpg']",3,"['car_age', 'mileage', 'engineSize']",z_score,30,"['car_age', 'mileage', 'tax', 'mpg', 'engineSize']","['car_age', 'mileage', 'tax', 'mpg']",0.5,0.5,"HistGradientBoostingRegressor(max_depth=5, random_state=42)",minmax,10,iterative,freq,"{'selector__selection_method': 'kbest', 'selector__n_features_to_select': 5, 'selector__model_name': 'hgb', 'selector__k': 7, 'scaler__scaler_name': 'minmax', 'outlier_remover__z_columns': ['car_age', 'mileage', 'tax', 'mpg'], 'outlier_remover__threshold': 3, 'outlier_remover__sev_outliers_cols': ['car_age', 'mileage', 'engineSize'], 'outlier_remover__outlier_method': 'z_score', 'outlier_remover__n_neighbors': 30, 'outlier_remover__model_columns': ['car_age', 'mileage', 'tax', 'mpg', 'engineSize'], 'outlier_remover__mod_outliers_cols': ['car_age', 'mileage', 'tax', 'mpg'], 'outlier_remover__contamination_LOF': 0.5, 'outlier_remover__contamination_IF': 0.5, 'model': HistGradientBoostingRegressor(max_depth=5, random_state=42), 'imputer__knn_scaling_method': 'minmax', 'imputer__knn_neighbors': 10, 'imputer__imputation_method': 'iterative', 'encoder__method': 'freq'}",-3213.285213468974,-2907.131223312385,-2837.9917304398837,-2986.1360557404146,163.07998499971768,243,-2380.4798929579397,-2292.8588379353764,-2209.108565655863,-2294.149098849726,69.96799999637547
172,0,2000,0.3859492937723796,0.015817072946447082,0.09062965710957845,0.002353903740350549,kbest,10,hgb,10,standard,"['car_age', 'mileage', 'tax', 'mpg']",2,"['car_age', 'mileage']",LOF,90,"['car_age', 'mileage', 'tax', 'mpg']","['car_age', 'mileage', 'tax', 'mpg']",0.05,0.5,"HistGradientBoostingRegressor(max_depth=5, random_state=42)",standard,12,knn_modelwise,freq,"{'selector__selection_method': 'kbest', 'selector__n_features_to_select': 10, 'selector__model_name': 'hgb', 'selector__k': 10, 'scaler__scaler_name': 'standard', 'outlier_remover__z_columns': ['car_age', 'mileage', 'tax', 'mpg'], 'outlier_remover__threshold': 2, 'outlier_remover__sev_outliers_cols': ['car_age', 'mileage'], 'outlier_remover__outlier_method': 'LOF', 'outlier_remover__n_neighbors': 90, 'outlier_remover__model_columns': ['car_age', 'mileage', 'tax', 'mpg'], 'outlier_remover__mod_outliers_cols': ['car_age', 'mileage', 'tax', 'mpg'], 'outlier_remover__contamination_LOF': 0.05, 'outlier_remover__contamination_IF': 0.5, 'model': HistGradientBoostingRegressor(max_depth=5, random_state=42), 'imputer__knn_scaling_method': 'standard', 'imputer__knn_neighbors': 12, 'imputer__imputation_method': 'knn_modelwise', 'encoder__method': 'freq'}",-2736.2246536433013,-2386.190883481073,-2343.613447125893,-2488.6763280834225,175.9040261757714,178,-1942.9440874633312,-1823.8619052203874,-1748.4993429411481,-1838.4351118749555,80.04779169230436
173,0,2000,0.28455090522766113,0.046418408646176156,0.0,0.0,model,6,hgb,6,robust,"['car_age', 'mileage', 'tax', 'mpg']",2,"['car_age', 'mileage', 'engineSize']",IQR,50,"['tax', 'mpg']","['car_age', 'mileage', 'tax', 'mpg']",0.15,0.3,"HistGradientBoostingRegressor(max_depth=5, random_state=42)",robust,18,iterative,freq,"{'selector__selection_method': 'model', 'selector__n_features_to_select': 6, 'selector__model_name': 'hgb', 'selector__k': 6, 'scaler__scaler_name': 'robust', 'outlier_remover__z_columns': ['car_age', 'mileage', 'tax', 'mpg'], 'outlier_remover__threshold': 2, 'outlier_remover__sev_outliers_cols': ['car_age', 'mileage', 'engineSize'], 'outlier_remover__outlier_method': 'IQR', 'outlier_remover__n_neighbors': 50, 'outlier_remover__model_columns': ['tax', 'mpg'], 'outlier_remover__mod_outliers_cols': ['car_age', 'mileage', 'tax', 'mpg'], 'outlier_remover__contamination_LOF': 0.15, 'outlier_remover__contamination_IF': 0.3, 'model': HistGradientBoostingRegressor(max_depth=5, random_state=42), 'imputer__knn_scaling_method': 'robust', 'imputer__knn_neighbors': 18, 'imputer__imputation_method': 'iterative', 'encoder__method': 'freq'}",,,,,,260,,,,,
174,0,2000,0.19896904627482095,0.010116923866695379,0.0,0.0,model,6,hgb,8,minmax,"['car_age', 'mileage', 'tax', 'mpg']",2,"['car_age', 'mileage']",LOF,50,"['tax', 'mpg']","['car_age', 'mileage', 'tax', 'mpg']",0.5,0.05,"HistGradientBoostingRegressor(max_depth=5, random_state=42)",standard,11,simple,target,"{'selector__selection_method': 'model', 'selector__n_features_to_select': 6, 'selector__model_name': 'hgb', 'selector__k': 8, 'scaler__scaler_name': 'minmax', 'outlier_remover__z_columns': ['car_age', 'mileage', 'tax', 'mpg'], 'outlier_remover__threshold': 2, 'outlier_remover__sev_outliers_cols': ['car_age', 'mileage'], 'outlier_remover__outlier_method': 'LOF', 'outlier_remover__n_neighbors': 50, 'outlier_remover__model_columns': ['tax', 'mpg'], 'outlier_remover__mod_outliers_cols': ['car_age', 'mileage', 'tax', 'mpg'], 'outlier_remover__contamination_LOF': 0.5, 'outlier_remover__contamination_IF': 0.05, 'model': HistGradientBoostingRegressor(max_depth=5, random_state=42), 'imputer__knn_scaling_method': 'standard', 'imputer__knn_neighbors': 11, 'imputer__imputation_method': 'simple', 'encoder__method': 'target'}",,,,,,260,,,,,
175,0,2000,0.3704532782236735,0.022430285652493404,0.0,0.0,model,5,hgb,7,robust,"['car_age', 'mileage', 'tax', 'mpg']",2,"['car_age', 'mileage']",IQR,70,"['tax', 'mpg']","['tax', 'mpg']",0.5,0.15,"HistGradientBoostingRegressor(max_depth=5, random_state=42)",minmax,13,knn_modelwise,target,"{'selector__selection_method': 'model', 'selector__n_features_to_select': 5, 'selector__model_name': 'hgb', 'selector__k': 7, 'scaler__scaler_name': 'robust', 'outlier_remover__z_columns': ['car_age', 'mileage', 'tax', 'mpg'], 'outlier_remover__threshold': 2, 'outlier_remover__sev_outliers_cols': ['car_age', 'mileage'], 'outlier_remover__outlier_method': 'IQR', 'outlier_remover__n_neighbors': 70, 'outlier_remover__model_columns': ['tax', 'mpg'], 'outlier_remover__mod_outliers_cols': ['tax', 'mpg'], 'outlier_remover__contamination_LOF': 0.5, 'outlier_remover__contamination_IF': 0.15, 'model': HistGradientBoostingRegressor(max_depth=5, random_state=42), 'imputer__knn_scaling_method': 'minmax', 'imputer__knn_neighbors': 13, 'imputer__imputation_method': 'knn_modelwise', 'encoder__method': 'target'}",,,,,,260,,,,,
176,0,2000,0.26980892817179364,0.013136824122490601,0.0,0.0,rfe,9,hgb,9,minmax,"['car_age', 'mileage', 'tax', 'mpg']",2,"['car_age', 'mileage']",LOF,100,"['tax', 'mpg']","['tax', 'mpg']",0.05,0.5,"HistGradientBoostingRegressor(max_depth=5, random_state=42)",standard,11,iterative,target,"{'selector__selection_method': 'rfe', 'selector__n_features_to_select': 9, 'selector__model_name': 'hgb', 'selector__k': 9, 'scaler__scaler_name': 'minmax', 'outlier_remover__z_columns': ['car_age', 'mileage', 'tax', 'mpg'], 'outlier_remover__threshold': 2, 'outlier_remover__sev_outliers_cols': ['car_age', 'mileage'], 'outlier_remover__outlier_method': 'LOF', 'outlier_remover__n_neighbors': 100, 'outlier_remover__model_columns': ['tax', 'mpg'], 'outlier_remover__mod_outliers_cols': ['tax', 'mpg'], 'outlier_remover__contamination_LOF': 0.05, 'outlier_remover__contamination_IF': 0.5, 'model': HistGradientBoostingRegressor(max_depth=5, random_state=42), 'imputer__knn_scaling_method': 'standard', 'imputer__knn_neighbors': 11, 'imputer__imputation_method': 'iterative', 'encoder__method': 'target'}",,,,,,260,,,,,
177,0,2000,0.2728407382965088,0.007292954285668291,0.0,0.0,model,8,hgb,10,standard,"['car_age', 'mileage', 'tax', 'mpg']",3,"['car_age', 'mileage']",Isolation_Forest,100,"['car_age', 'mileage', 'tax', 'mpg']","['tax', 'mpg']",0.5,0.05,"HistGradientBoostingRegressor(max_depth=5, random_state=42)",standard,12,simple,target,"{'selector__selection_method': 'model', 'selector__n_features_to_select': 8, 'selector__model_name': 'hgb', 'selector__k': 10, 'scaler__scaler_name': 'standard', 'outlier_remover__z_columns': ['car_age', 'mileage', 'tax', 'mpg'], 'outlier_remover__threshold': 3, 'outlier_remover__sev_outliers_cols': ['car_age', 'mileage'], 'outlier_remover__outlier_method': 'Isolation_Forest', 'outlier_remover__n_neighbors': 100, 'outlier_remover__model_columns': ['car_age', 'mileage', 'tax', 'mpg'], 'outlier_remover__mod_outliers_cols': ['tax', 'mpg'], 'outlier_remover__contamination_LOF': 0.5, 'outlier_remover__contamination_IF': 0.05, 'model': HistGradientBoostingRegressor(max_depth=5, random_state=42), 'imputer__knn_scaling_method': 'standard', 'imputer__knn_neighbors': 12, 'imputer__imputation_method': 'simple', 'encoder__method': 'target'}",,,,,,260,,,,,
178,0,2000,0.15838328997294107,0.006040663120306424,0.009133736292521158,0.001603970641715079,kbest,9,hgb,6,minmax,"['car_age', 'mileage', 'tax', 'mpg']",3,"['car_age', 'mileage', 'engineSize']",Isolation_Forest,70,"['car_age', 'mileage', 'tax', 'mpg']","['tax', 'mpg']",0.15,0.5,"HistGradientBoostingRegressor(max_depth=5, random_state=42)",standard,15,simple,freq,"{'selector__selection_method': 'kbest', 'selector__n_features_to_select': 9, 'selector__model_name': 'hgb', 'selector__k': 6, 'scaler__scaler_name': 'minmax', 'outlier_remover__z_columns': ['car_age', 'mileage', 'tax', 'mpg'], 'outlier_remover__threshold': 3, 'outlier_remover__sev_outliers_cols': ['car_age', 'mileage', 'engineSize'], 'outlier_remover__outlier_method': 'Isolation_Forest', 'outlier_remover__n_neighbors': 70, 'outlier_remover__model_columns': ['car_age', 'mileage', 'tax', 'mpg'], 'outlier_remover__mod_outliers_cols': ['tax', 'mpg'], 'outlier_remover__contamination_LOF': 0.15, 'outlier_remover__contamination_IF': 0.5, 'model': HistGradientBoostingRegressor(max_depth=5, random_state=42), 'imputer__knn_scaling_method': 'standard', 'imputer__knn_neighbors': 15, 'imputer__imputation_method': 'simple', 'encoder__method': 'freq'}",-3697.075729490204,-3508.118977852323,-3327.3184638572075,-3510.8377237332447,150.9650126275873,258,-3176.991621741087,-3218.806776900546,-3086.7265874840173,-3160.8416620418834,55.117510876253924
179,0,2000,0.23914011319478354,0.02248342711262423,0.0,0.0,model,10,hgb,8,minmax,"['car_age', 'mileage', 'tax', 'mpg']",3,"['car_age', 'mileage']",LOF,30,"['tax', 'mpg']","['car_age', 'mileage', 'tax', 'mpg']",0.5,0.3,"HistGradientBoostingRegressor(max_depth=5, random_state=42)",standard,18,iterative,target,"{'selector__selection_method': 'model', 'selector__n_features_to_select': 10, 'selector__model_name': 'hgb', 'selector__k': 8, 'scaler__scaler_name': 'minmax', 'outlier_remover__z_columns': ['car_age', 'mileage', 'tax', 'mpg'], 'outlier_remover__threshold': 3, 'outlier_remover__sev_outliers_cols': ['car_age', 'mileage'], 'outlier_remover__outlier_method': 'LOF', 'outlier_remover__n_neighbors': 30, 'outlier_remover__model_columns': ['tax', 'mpg'], 'outlier_remover__mod_outliers_cols': ['car_age', 'mileage', 'tax', 'mpg'], 'outlier_remover__contamination_LOF': 0.5, 'outlier_remover__contamination_IF': 0.3, 'model': HistGradientBoostingRegressor(max_depth=5, random_state=42), 'imputer__knn_scaling_method': 'standard', 'imputer__knn_neighbors': 18, 'imputer__imputation_method': 'iterative', 'encoder__method': 'target'}",,,,,,260,,,,,
180,0,2000,0.16977636019388834,0.01964679081599056,0.010642608006795248,0.0015659926414898998,kbest,10,hgb,6,standard,"['car_age', 'mileage', 'tax', 'mpg']",2,"['car_age', 'mileage', 'engineSize']",IQR,90,"['car_age', 'mileage', 'tax', 'mpg', 'engineSize']","['car_age', 'mileage', 'tax', 'mpg']",0.3,0.15,"HistGradientBoostingRegressor(max_depth=5, random_state=42)",robust,18,iterative,freq,"{'selector__selection_method': 'kbest', 'selector__n_features_to_select': 10, 'selector__model_name': 'hgb', 'selector__k': 6, 'scaler__scaler_name': 'standard', 'outlier_remover__z_columns': ['car_age', 'mileage', 'tax', 'mpg'], 'outlier_remover__threshold': 2, 'outlier_remover__sev_outliers_cols': ['car_age', 'mileage', 'engineSize'], 'outlier_remover__outlier_method': 'IQR', 'outlier_remover__n_neighbors': 90, 'outlier_remover__model_columns': ['car_age', 'mileage', 'tax', 'mpg', 'engineSize'], 'outlier_remover__mod_outliers_cols': ['car_age', 'mileage', 'tax', 'mpg'], 'outlier_remover__contamination_LOF': 0.3, 'outlier_remover__contamination_IF': 0.15, 'model': HistGradientBoostingRegressor(max_depth=5, random_state=42), 'imputer__knn_scaling_method': 'robust', 'imputer__knn_neighbors': 18, 'imputer__imputation_method': 'iterative', 'encoder__method': 'freq'}",-3156.503003064176,-2908.636333025202,-2824.8657422811402,-2963.3350261235064,140.80667232039744,240,-2377.080916181823,-2342.9796821091013,-2199.3359709693927,-2306.465523086772,77.0206865890517
181,0,2000,0.30939475695292157,0.038272302023446496,0.0,0.0,rfe,8,hgb,6,standard,"['car_age', 'mileage', 'tax', 'mpg']",3,"['car_age', 'mileage', 'engineSize']",z_score,100,"['car_age', 'mileage', 'tax', 'mpg', 'engineSize']","['tax', 'mpg']",0.15,0.5,"HistGradientBoostingRegressor(max_depth=5, random_state=42)",minmax,13,simple,target,"{'selector__selection_method': 'rfe', 'selector__n_features_to_select': 8, 'selector__model_name': 'hgb', 'selector__k': 6, 'scaler__scaler_name': 'standard', 'outlier_remover__z_columns': ['car_age', 'mileage', 'tax', 'mpg'], 'outlier_remover__threshold': 3, 'outlier_remover__sev_outliers_cols': ['car_age', 'mileage', 'engineSize'], 'outlier_remover__outlier_method': 'z_score', 'outlier_remover__n_neighbors': 100, 'outlier_remover__model_columns': ['car_age', 'mileage', 'tax', 'mpg', 'engineSize'], 'outlier_remover__mod_outliers_cols': ['tax', 'mpg'], 'outlier_remover__contamination_LOF': 0.15, 'outlier_remover__contamination_IF': 0.5, 'model': HistGradientBoostingRegressor(max_depth=5, random_state=42), 'imputer__knn_scaling_method': 'minmax', 'imputer__knn_neighbors': 13, 'imputer__imputation_method': 'simple', 'encoder__method': 'target'}",,,,,,260,,,,,
182,0,2000,0.4175559679667155,0.015751742020755806,0.0,0.0,rfe,8,hgb,5,minmax,"['car_age', 'mileage', 'tax', 'mpg']",3,"['car_age', 'mileage', 'engineSize']",Isolation_Forest,90,"['car_age', 'mileage', 'tax', 'mpg']","['tax', 'mpg']",0.05,0.05,"HistGradientBoostingRegressor(max_depth=5, random_state=42)",standard,14,knn_modelwise,freq,"{'selector__selection_method': 'rfe', 'selector__n_features_to_select': 8, 'selector__model_name': 'hgb', 'selector__k': 5, 'scaler__scaler_name': 'minmax', 'outlier_remover__z_columns': ['car_age', 'mileage', 'tax', 'mpg'], 'outlier_remover__threshold': 3, 'outlier_remover__sev_outliers_cols': ['car_age', 'mileage', 'engineSize'], 'outlier_remover__outlier_method': 'Isolation_Forest', 'outlier_remover__n_neighbors': 90, 'outlier_remover__model_columns': ['car_age', 'mileage', 'tax', 'mpg'], 'outlier_remover__mod_outliers_cols': ['tax', 'mpg'], 'outlier_remover__contamination_LOF': 0.05, 'outlier_remover__contamination_IF': 0.05, 'model': HistGradientBoostingRegressor(max_depth=5, random_state=42), 'imputer__knn_scaling_method': 'standard', 'imputer__knn_neighbors': 14, 'imputer__imputation_method': 'knn_modelwise', 'encoder__method': 'freq'}",,,,,,260,,,,,
183,0,2000,0.28046401341756183,0.03381473089420123,0.0,0.0,model,8,hgb,8,minmax,"['car_age', 'mileage', 'tax', 'mpg']",2,"['car_age', 'mileage', 'engineSize']",IQR,90,"['tax', 'mpg']","['tax', 'mpg']",0.5,0.05,"HistGradientBoostingRegressor(max_depth=5, random_state=42)",standard,17,iterative,freq,"{'selector__selection_method': 'model', 'selector__n_features_to_select': 8, 'selector__model_name': 'hgb', 'selector__k': 8, 'scaler__scaler_name': 'minmax', 'outlier_remover__z_columns': ['car_age', 'mileage', 'tax', 'mpg'], 'outlier_remover__threshold': 2, 'outlier_remover__sev_outliers_cols': ['car_age', 'mileage', 'engineSize'], 'outlier_remover__outlier_method': 'IQR', 'outlier_remover__n_neighbors': 90, 'outlier_remover__model_columns': ['tax', 'mpg'], 'outlier_remover__mod_outliers_cols': ['tax', 'mpg'], 'outlier_remover__contamination_LOF': 0.5, 'outlier_remover__contamination_IF': 0.05, 'model': HistGradientBoostingRegressor(max_depth=5, random_state=42), 'imputer__knn_scaling_method': 'standard', 'imputer__knn_neighbors': 17, 'imputer__imputation_method': 'iterative', 'encoder__method': 'freq'}",,,,,,260,,,,,
184,0,2000,0.2635289827982585,0.01767917628475402,0.010951995849609375,0.0009057525480965342,kbest,9,hgb,10,robust,"['car_age', 'mileage', 'tax', 'mpg']",3,"['car_age', 'mileage']",Isolation_Forest,70,"['car_age', 'mileage', 'tax', 'mpg']","['tax', 'mpg']",0.3,0.15,"HistGradientBoostingRegressor(max_depth=5, random_state=42)",standard,10,simple,freq,"{'selector__selection_method': 'kbest', 'selector__n_features_to_select': 9, 'selector__model_name': 'hgb', 'selector__k': 10, 'scaler__scaler_name': 'robust', 'outlier_remover__z_columns': ['car_age', 'mileage', 'tax', 'mpg'], 'outlier_remover__threshold': 3, 'outlier_remover__sev_outliers_cols': ['car_age', 'mileage'], 'outlier_remover__outlier_method': 'Isolation_Forest', 'outlier_remover__n_neighbors': 70, 'outlier_remover__model_columns': ['car_age', 'mileage', 'tax', 'mpg'], 'outlier_remover__mod_outliers_cols': ['tax', 'mpg'], 'outlier_remover__contamination_LOF': 0.3, 'outlier_remover__contamination_IF': 0.15, 'model': HistGradientBoostingRegressor(max_depth=5, random_state=42), 'imputer__knn_scaling_method': 'standard', 'imputer__knn_neighbors': 10, 'imputer__imputation_method': 'simple', 'encoder__method': 'freq'}",-2855.0353871989164,-2577.620008336322,-2530.3538460059494,-2654.3364138470624,143.22146243662033,207,-2119.0364698717303,-2075.3008399750806,-2000.32786195736,-2064.8883906013903,49.01868844098593
185,0,2000,0.36580149332682294,0.014924452317953828,0.0,0.0,model,10,hgb,8,minmax,"['car_age', 'mileage', 'tax', 'mpg']",3,"['car_age', 'mileage']",Isolation_Forest,100,"['car_age', 'mileage', 'tax', 'mpg', 'engineSize']","['tax', 'mpg']",0.5,0.05,"HistGradientBoostingRegressor(max_depth=5, random_state=42)",standard,17,simple,target,"{'selector__selection_method': 'model', 'selector__n_features_to_select': 10, 'selector__model_name': 'hgb', 'selector__k': 8, 'scaler__scaler_name': 'minmax', 'outlier_remover__z_columns': ['car_age', 'mileage', 'tax', 'mpg'], 'outlier_remover__threshold': 3, 'outlier_remover__sev_outliers_cols': ['car_age', 'mileage'], 'outlier_remover__outlier_method': 'Isolation_Forest', 'outlier_remover__n_neighbors': 100, 'outlier_remover__model_columns': ['car_age', 'mileage', 'tax', 'mpg', 'engineSize'], 'outlier_remover__mod_outliers_cols': ['tax', 'mpg'], 'outlier_remover__contamination_LOF': 0.5, 'outlier_remover__contamination_IF': 0.05, 'model': HistGradientBoostingRegressor(max_depth=5, random_state=42), 'imputer__knn_scaling_method': 'standard', 'imputer__knn_neighbors': 17, 'imputer__imputation_method': 'simple', 'encoder__method': 'target'}",,,,,,260,,,,,
186,0,2000,0.16931541760762533,0.017566498242998538,0.009425163269042969,0.00031162521335775274,kbest,8,hgb,6,standard,"['car_age', 'mileage', 'tax', 'mpg']",3,"['car_age', 'mileage']",IQR,70,"['car_age', 'mileage', 'tax', 'mpg', 'engineSize']","['car_age', 'mileage', 'tax', 'mpg']",0.15,0.5,"HistGradientBoostingRegressor(max_depth=5, random_state=42)",robust,10,simple,target,"{'selector__selection_method': 'kbest', 'selector__n_features_to_select': 8, 'selector__model_name': 'hgb', 'selector__k': 6, 'scaler__scaler_name': 'standard', 'outlier_remover__z_columns': ['car_age', 'mileage', 'tax', 'mpg'], 'outlier_remover__threshold': 3, 'outlier_remover__sev_outliers_cols': ['car_age', 'mileage'], 'outlier_remover__outlier_method': 'IQR', 'outlier_remover__n_neighbors': 70, 'outlier_remover__model_columns': ['car_age', 'mileage', 'tax', 'mpg', 'engineSize'], 'outlier_remover__mod_outliers_cols': ['car_age', 'mileage', 'tax', 'mpg'], 'outlier_remover__contamination_LOF': 0.15, 'outlier_remover__contamination_IF': 0.5, 'model': HistGradientBoostingRegressor(max_depth=5, random_state=42), 'imputer__knn_scaling_method': 'robust', 'imputer__knn_neighbors': 10, 'imputer__imputation_method': 'simple', 'encoder__method': 'target'}",-2625.0720826764773,-2345.661009684979,-2386.983789410434,-2452.5722939239636,123.13685034899464,167,-1825.1219149577548,-1757.2583079237158,-1804.5236758855608,-1795.634632922344,28.40925440203191
187,0,2000,0.353285551071167,0.015831479161833865,0.0949101448059082,0.00457948190534888,kbest,9,hgb,8,robust,"['car_age', 'mileage', 'tax', 'mpg']",3,"['car_age', 'mileage', 'engineSize']",IQR,90,"['tax', 'mpg']","['car_age', 'mileage', 'tax', 'mpg']",0.5,0.3,"HistGradientBoostingRegressor(max_depth=5, random_state=42)",minmax,16,knn_modelwise,target,"{'selector__selection_method': 'kbest', 'selector__n_features_to_select': 9, 'selector__model_name': 'hgb', 'selector__k': 8, 'scaler__scaler_name': 'robust', 'outlier_remover__z_columns': ['car_age', 'mileage', 'tax', 'mpg'], 'outlier_remover__threshold': 3, 'outlier_remover__sev_outliers_cols': ['car_age', 'mileage', 'engineSize'], 'outlier_remover__outlier_method': 'IQR', 'outlier_remover__n_neighbors': 90, 'outlier_remover__model_columns': ['tax', 'mpg'], 'outlier_remover__mod_outliers_cols': ['car_age', 'mileage', 'tax', 'mpg'], 'outlier_remover__contamination_LOF': 0.5, 'outlier_remover__contamination_IF': 0.3, 'model': HistGradientBoostingRegressor(max_depth=5, random_state=42), 'imputer__knn_scaling_method': 'minmax', 'imputer__knn_neighbors': 16, 'imputer__imputation_method': 'knn_modelwise', 'encoder__method': 'target'}",-2591.09758408877,-2285.2258666628604,-2126.2703810834664,-2334.197943945032,192.89855784570926,142,-1663.0376916982555,-1596.2867343346759,-1533.2051911504143,-1597.5098723944484,53.010952325352804
188,0,2000,0.37012362480163574,0.059430845168634644,0.0,0.0,rfe,7,hgb,9,standard,"['car_age', 'mileage', 'tax', 'mpg']",2,"['car_age', 'mileage']",Isolation_Forest,70,"['car_age', 'mileage', 'tax', 'mpg', 'engineSize']","['tax', 'mpg']",0.5,0.05,"HistGradientBoostingRegressor(max_depth=5, random_state=42)",robust,12,iterative,freq,"{'selector__selection_method': 'rfe', 'selector__n_features_to_select': 7, 'selector__model_name': 'hgb', 'selector__k': 9, 'scaler__scaler_name': 'standard', 'outlier_remover__z_columns': ['car_age', 'mileage', 'tax', 'mpg'], 'outlier_remover__threshold': 2, 'outlier_remover__sev_outliers_cols': ['car_age', 'mileage'], 'outlier_remover__outlier_method': 'Isolation_Forest', 'outlier_remover__n_neighbors': 70, 'outlier_remover__model_columns': ['car_age', 'mileage', 'tax', 'mpg', 'engineSize'], 'outlier_remover__mod_outliers_cols': ['tax', 'mpg'], 'outlier_remover__contamination_LOF': 0.5, 'outlier_remover__contamination_IF': 0.05, 'model': HistGradientBoostingRegressor(max_depth=5, random_state=42), 'imputer__knn_scaling_method': 'robust', 'imputer__knn_neighbors': 12, 'imputer__imputation_method': 'iterative', 'encoder__method': 'freq'}",,,,,,260,,,,,
189,0,2000,0.4370092550913493,0.014569621199561658,0.0,0.0,rfe,6,hgb,8,minmax,"['car_age', 'mileage', 'tax', 'mpg']",3,"['car_age', 'mileage']",Isolation_Forest,100,"['car_age', 'mileage', 'tax', 'mpg']","['car_age', 'mileage', 'tax', 'mpg']",0.15,0.05,"HistGradientBoostingRegressor(max_depth=5, random_state=42)",standard,14,knn_modelwise,freq,"{'selector__selection_method': 'rfe', 'selector__n_features_to_select': 6, 'selector__model_name': 'hgb', 'selector__k': 8, 'scaler__scaler_name': 'minmax', 'outlier_remover__z_columns': ['car_age', 'mileage', 'tax', 'mpg'], 'outlier_remover__threshold': 3, 'outlier_remover__sev_outliers_cols': ['car_age', 'mileage'], 'outlier_remover__outlier_method': 'Isolation_Forest', 'outlier_remover__n_neighbors': 100, 'outlier_remover__model_columns': ['car_age', 'mileage', 'tax', 'mpg'], 'outlier_remover__mod_outliers_cols': ['car_age', 'mileage', 'tax', 'mpg'], 'outlier_remover__contamination_LOF': 0.15, 'outlier_remover__contamination_IF': 0.05, 'model': HistGradientBoostingRegressor(max_depth=5, random_state=42), 'imputer__knn_scaling_method': 'standard', 'imputer__knn_neighbors': 14, 'imputer__imputation_method': 'knn_modelwise', 'encoder__method': 'freq'}",,,,,,260,,,,,
190,0,2000,0.4397970835367839,0.016593957648785906,0.0,0.0,model,6,hgb,9,minmax,"['car_age', 'mileage', 'tax', 'mpg']",3,"['car_age', 'mileage', 'engineSize']",Isolation_Forest,100,"['car_age', 'mileage', 'tax', 'mpg', 'engineSize']","['car_age', 'mileage', 'tax', 'mpg']",0.5,0.05,"HistGradientBoostingRegressor(max_depth=5, random_state=42)",minmax,13,knn_modelwise,freq,"{'selector__selection_method': 'model', 'selector__n_features_to_select': 6, 'selector__model_name': 'hgb', 'selector__k': 9, 'scaler__scaler_name': 'minmax', 'outlier_remover__z_columns': ['car_age', 'mileage', 'tax', 'mpg'], 'outlier_remover__threshold': 3, 'outlier_remover__sev_outliers_cols': ['car_age', 'mileage', 'engineSize'], 'outlier_remover__outlier_method': 'Isolation_Forest', 'outlier_remover__n_neighbors': 100, 'outlier_remover__model_columns': ['car_age', 'mileage', 'tax', 'mpg', 'engineSize'], 'outlier_remover__mod_outliers_cols': ['car_age', 'mileage', 'tax', 'mpg'], 'outlier_remover__contamination_LOF': 0.5, 'outlier_remover__contamination_IF': 0.05, 'model': HistGradientBoostingRegressor(max_depth=5, random_state=42), 'imputer__knn_scaling_method': 'minmax', 'imputer__knn_neighbors': 13, 'imputer__imputation_method': 'knn_modelwise', 'encoder__method': 'freq'}",,,,,,260,,,,,
191,0,2000,0.484192689259847,0.06798036384513043,0.0,0.0,model,5,hgb,6,standard,"['car_age', 'mileage', 'tax', 'mpg']",3,"['car_age', 'mileage', 'engineSize']",z_score,30,"['car_age', 'mileage', 'tax', 'mpg']","['tax', 'mpg']",0.05,0.5,"HistGradientBoostingRegressor(max_depth=5, random_state=42)",robust,14,knn_modelwise,target,"{'selector__selection_method': 'model', 'selector__n_features_to_select': 5, 'selector__model_name': 'hgb', 'selector__k': 6, 'scaler__scaler_name': 'standard', 'outlier_remover__z_columns': ['car_age', 'mileage', 'tax', 'mpg'], 'outlier_remover__threshold': 3, 'outlier_remover__sev_outliers_cols': ['car_age', 'mileage', 'engineSize'], 'outlier_remover__outlier_method': 'z_score', 'outlier_remover__n_neighbors': 30, 'outlier_remover__model_columns': ['car_age', 'mileage', 'tax', 'mpg'], 'outlier_remover__mod_outliers_cols': ['tax', 'mpg'], 'outlier_remover__contamination_LOF': 0.05, 'outlier_remover__contamination_IF': 0.5, 'model': HistGradientBoostingRegressor(max_depth=5, random_state=42), 'imputer__knn_scaling_method': 'robust', 'imputer__knn_neighbors': 14, 'imputer__imputation_method': 'knn_modelwise', 'encoder__method': 'target'}",,,,,,260,,,,,
192,0,2000,0.3287923336029053,0.007941697205179768,0.0908668041229248,0.0040915150433118,kbest,6,hgb,9,robust,"['car_age', 'mileage', 'tax', 'mpg']",2,"['car_age', 'mileage']",z_score,70,"['car_age', 'mileage', 'tax', 'mpg', 'engineSize']","['car_age', 'mileage', 'tax', 'mpg']",0.5,0.3,"HistGradientBoostingRegressor(max_depth=5, random_state=42)",minmax,17,knn_modelwise,freq,"{'selector__selection_method': 'kbest', 'selector__n_features_to_select': 6, 'selector__model_name': 'hgb', 'selector__k': 9, 'scaler__scaler_name': 'robust', 'outlier_remover__z_columns': ['car_age', 'mileage', 'tax', 'mpg'], 'outlier_remover__threshold': 2, 'outlier_remover__sev_outliers_cols': ['car_age', 'mileage'], 'outlier_remover__outlier_method': 'z_score', 'outlier_remover__n_neighbors': 70, 'outlier_remover__model_columns': ['car_age', 'mileage', 'tax', 'mpg', 'engineSize'], 'outlier_remover__mod_outliers_cols': ['car_age', 'mileage', 'tax', 'mpg'], 'outlier_remover__contamination_LOF': 0.5, 'outlier_remover__contamination_IF': 0.3, 'model': HistGradientBoostingRegressor(max_depth=5, random_state=42), 'imputer__knn_scaling_method': 'minmax', 'imputer__knn_neighbors': 17, 'imputer__imputation_method': 'knn_modelwise', 'encoder__method': 'freq'}",-2696.1006129639472,-2391.403289720406,-2313.204196481902,-2466.902699722085,165.18179302745853,171,-1894.720236827305,-1832.5482406985861,-1772.3596561078978,-1833.2093778779297,49.955685397327045
193,0,2000,0.2257535457611084,0.01885740254336841,0.0,0.0,model,9,hgb,9,minmax,"['car_age', 'mileage', 'tax', 'mpg']",3,"['car_age', 'mileage']",LOF,50,"['car_age', 'mileage', 'tax', 'mpg', 'engineSize']","['car_age', 'mileage', 'tax', 'mpg']",0.5,0.05,"HistGradientBoostingRegressor(max_depth=5, random_state=42)",robust,17,simple,target,"{'selector__selection_method': 'model', 'selector__n_features_to_select': 9, 'selector__model_name': 'hgb', 'selector__k': 9, 'scaler__scaler_name': 'minmax', 'outlier_remover__z_columns': ['car_age', 'mileage', 'tax', 'mpg'], 'outlier_remover__threshold': 3, 'outlier_remover__sev_outliers_cols': ['car_age', 'mileage'], 'outlier_remover__outlier_method': 'LOF', 'outlier_remover__n_neighbors': 50, 'outlier_remover__model_columns': ['car_age', 'mileage', 'tax', 'mpg', 'engineSize'], 'outlier_remover__mod_outliers_cols': ['car_age', 'mileage', 'tax', 'mpg'], 'outlier_remover__contamination_LOF': 0.5, 'outlier_remover__contamination_IF': 0.05, 'model': HistGradientBoostingRegressor(max_depth=5, random_state=42), 'imputer__knn_scaling_method': 'robust', 'imputer__knn_neighbors': 17, 'imputer__imputation_method': 'simple', 'encoder__method': 'target'}",,,,,,260,,,,,
194,0,2000,0.39970914522806805,0.0038959320471289656,0.10989665985107422,0.012727376660058808,kbest,5,hgb,7,standard,"['car_age', 'mileage', 'tax', 'mpg']",2,"['car_age', 'mileage']",IQR,90,"['car_age', 'mileage', 'tax', 'mpg']","['tax', 'mpg']",0.5,0.3,"HistGradientBoostingRegressor(max_depth=5, random_state=42)",standard,18,knn_modelwise,target,"{'selector__selection_method': 'kbest', 'selector__n_features_to_select': 5, 'selector__model_name': 'hgb', 'selector__k': 7, 'scaler__scaler_name': 'standard', 'outlier_remover__z_columns': ['car_age', 'mileage', 'tax', 'mpg'], 'outlier_remover__threshold': 2, 'outlier_remover__sev_outliers_cols': ['car_age', 'mileage'], 'outlier_remover__outlier_method': 'IQR', 'outlier_remover__n_neighbors': 90, 'outlier_remover__model_columns': ['car_age', 'mileage', 'tax', 'mpg'], 'outlier_remover__mod_outliers_cols': ['tax', 'mpg'], 'outlier_remover__contamination_LOF': 0.5, 'outlier_remover__contamination_IF': 0.3, 'model': HistGradientBoostingRegressor(max_depth=5, random_state=42), 'imputer__knn_scaling_method': 'standard', 'imputer__knn_neighbors': 18, 'imputer__imputation_method': 'knn_modelwise', 'encoder__method': 'target'}",-2591.1278175843945,-2302.592226267668,-2134.9983117875245,-2342.9061185465293,188.38336612278684,145,-1708.6892056507606,-1609.1851199988757,-1569.6106964026062,-1629.161674017414,58.50928682134676
195,0,2000,0.3343457380930583,0.078347132800259,0.0,0.0,rfe,9,hgb,9,robust,"['car_age', 'mileage', 'tax', 'mpg']",2,"['car_age', 'mileage', 'engineSize']",LOF,30,"['car_age', 'mileage', 'tax', 'mpg']","['tax', 'mpg']",0.5,0.05,"HistGradientBoostingRegressor(max_depth=5, random_state=42)",standard,15,iterative,freq,"{'selector__selection_method': 'rfe', 'selector__n_features_to_select': 9, 'selector__model_name': 'hgb', 'selector__k': 9, 'scaler__scaler_name': 'robust', 'outlier_remover__z_columns': ['car_age', 'mileage', 'tax', 'mpg'], 'outlier_remover__threshold': 2, 'outlier_remover__sev_outliers_cols': ['car_age', 'mileage', 'engineSize'], 'outlier_remover__outlier_method': 'LOF', 'outlier_remover__n_neighbors': 30, 'outlier_remover__model_columns': ['car_age', 'mileage', 'tax', 'mpg'], 'outlier_remover__mod_outliers_cols': ['tax', 'mpg'], 'outlier_remover__contamination_LOF': 0.5, 'outlier_remover__contamination_IF': 0.05, 'model': HistGradientBoostingRegressor(max_depth=5, random_state=42), 'imputer__knn_scaling_method': 'standard', 'imputer__knn_neighbors': 15, 'imputer__imputation_method': 'iterative', 'encoder__method': 'freq'}",,,,,,260,,,,,
196,0,2000,0.2331226666768392,0.011428084994668295,0.011708339055379232,0.0005946552040501005,kbest,5,hgb,9,minmax,"['car_age', 'mileage', 'tax', 'mpg']",2,"['car_age', 'mileage']",z_score,100,"['tax', 'mpg']","['car_age', 'mileage', 'tax', 'mpg']",0.15,0.05,"HistGradientBoostingRegressor(max_depth=5, random_state=42)",minmax,19,simple,target,"{'selector__selection_method': 'kbest', 'selector__n_features_to_select': 5, 'selector__model_name': 'hgb', 'selector__k': 9, 'scaler__scaler_name': 'minmax', 'outlier_remover__z_columns': ['car_age', 'mileage', 'tax', 'mpg'], 'outlier_remover__threshold': 2, 'outlier_remover__sev_outliers_cols': ['car_age', 'mileage'], 'outlier_remover__outlier_method': 'z_score', 'outlier_remover__n_neighbors': 100, 'outlier_remover__model_columns': ['tax', 'mpg'], 'outlier_remover__mod_outliers_cols': ['car_age', 'mileage', 'tax', 'mpg'], 'outlier_remover__contamination_LOF': 0.15, 'outlier_remover__contamination_IF': 0.05, 'model': HistGradientBoostingRegressor(max_depth=5, random_state=42), 'imputer__knn_scaling_method': 'minmax', 'imputer__knn_neighbors': 19, 'imputer__imputation_method': 'simple', 'encoder__method': 'target'}",-2593.5155912949,-2359.196553132036,-2249.2565165718024,-2400.6562203329127,143.56823148038097,161,-1709.0179173993847,-1666.2247427281416,-1591.560701040082,-1655.6011203892028,48.53655277155773
197,0,2000,0.25743738810221356,0.014515229295779895,0.0,0.0,rfe,5,hgb,5,minmax,"['car_age', 'mileage', 'tax', 'mpg']",2,"['car_age', 'mileage', 'engineSize']",IQR,90,"['car_age', 'mileage', 'tax', 'mpg']","['car_age', 'mileage', 'tax', 'mpg']",0.05,0.5,"HistGradientBoostingRegressor(max_depth=5, random_state=42)",robust,10,iterative,target,"{'selector__selection_method': 'rfe', 'selector__n_features_to_select': 5, 'selector__model_name': 'hgb', 'selector__k': 5, 'scaler__scaler_name': 'minmax', 'outlier_remover__z_columns': ['car_age', 'mileage', 'tax', 'mpg'], 'outlier_remover__threshold': 2, 'outlier_remover__sev_outliers_cols': ['car_age', 'mileage', 'engineSize'], 'outlier_remover__outlier_method': 'IQR', 'outlier_remover__n_neighbors': 90, 'outlier_remover__model_columns': ['car_age', 'mileage', 'tax', 'mpg'], 'outlier_remover__mod_outliers_cols': ['car_age', 'mileage', 'tax', 'mpg'], 'outlier_remover__contamination_LOF': 0.05, 'outlier_remover__contamination_IF': 0.5, 'model': HistGradientBoostingRegressor(max_depth=5, random_state=42), 'imputer__knn_scaling_method': 'robust', 'imputer__knn_neighbors': 10, 'imputer__imputation_method': 'iterative', 'encoder__method': 'target'}",,,,,,260,,,,,
198,0,2000,0.4127819538116455,0.00887184622502184,0.0,0.0,rfe,7,hgb,10,robust,"['car_age', 'mileage', 'tax', 'mpg']",2,"['car_age', 'mileage']",Isolation_Forest,100,"['car_age', 'mileage', 'tax', 'mpg']","['car_age', 'mileage', 'tax', 'mpg']",0.15,0.3,"HistGradientBoostingRegressor(max_depth=5, random_state=42)",standard,13,knn_modelwise,target,"{'selector__selection_method': 'rfe', 'selector__n_features_to_select': 7, 'selector__model_name': 'hgb', 'selector__k': 10, 'scaler__scaler_name': 'robust', 'outlier_remover__z_columns': ['car_age', 'mileage', 'tax', 'mpg'], 'outlier_remover__threshold': 2, 'outlier_remover__sev_outliers_cols': ['car_age', 'mileage'], 'outlier_remover__outlier_method': 'Isolation_Forest', 'outlier_remover__n_neighbors': 100, 'outlier_remover__model_columns': ['car_age', 'mileage', 'tax', 'mpg'], 'outlier_remover__mod_outliers_cols': ['car_age', 'mileage', 'tax', 'mpg'], 'outlier_remover__contamination_LOF': 0.15, 'outlier_remover__contamination_IF': 0.3, 'model': HistGradientBoostingRegressor(max_depth=5, random_state=42), 'imputer__knn_scaling_method': 'standard', 'imputer__knn_neighbors': 13, 'imputer__imputation_method': 'knn_modelwise', 'encoder__method': 'target'}",,,,,,260,,,,,
199,0,2000,0.24354235331217447,0.03441091206693167,0.0,0.0,model,10,hgb,9,robust,"['car_age', 'mileage', 'tax', 'mpg']",3,"['car_age', 'mileage', 'engineSize']",Isolation_Forest,100,"['car_age', 'mileage', 'tax', 'mpg']","['tax', 'mpg']",0.5,0.3,"HistGradientBoostingRegressor(max_depth=5, random_state=42)",robust,10,simple,freq,"{'selector__selection_method': 'model', 'selector__n_features_to_select': 10, 'selector__model_name': 'hgb', 'selector__k': 9, 'scaler__scaler_name': 'robust', 'outlier_remover__z_columns': ['car_age', 'mileage', 'tax', 'mpg'], 'outlier_remover__threshold': 3, 'outlier_remover__sev_outliers_cols': ['car_age', 'mileage', 'engineSize'], 'outlier_remover__outlier_method': 'Isolation_Forest', 'outlier_remover__n_neighbors': 100, 'outlier_remover__model_columns': ['car_age', 'mileage', 'tax', 'mpg'], 'outlier_remover__mod_outliers_cols': ['tax', 'mpg'], 'outlier_remover__contamination_LOF': 0.5, 'outlier_remover__contamination_IF': 0.3, 'model': HistGradientBoostingRegressor(max_depth=5, random_state=42), 'imputer__knn_scaling_method': 'robust', 'imputer__knn_neighbors': 10, 'imputer__imputation_method': 'simple', 'encoder__method': 'freq'}",,,,,,260,,,,,
200,1,4000,0.3520846366882324,0.04121617455134411,0.0,0.0,rfe,7,hgb,9,robust,"['car_age', 'mileage', 'tax', 'mpg']",3,"['car_age', 'mileage']",Isolation_Forest,90,"['car_age', 'mileage', 'tax', 'mpg']","['tax', 'mpg']",0.05,0.05,"HistGradientBoostingRegressor(max_depth=5, random_state=42)",standard,17,simple,target,"{'selector__selection_method': 'rfe', 'selector__n_features_to_select': 7, 'selector__model_name': 'hgb', 'selector__k': 9, 'scaler__scaler_name': 'robust', 'outlier_remover__z_columns': ['car_age', 'mileage', 'tax', 'mpg'], 'outlier_remover__threshold': 3, 'outlier_remover__sev_outliers_cols': ['car_age', 'mileage'], 'outlier_remover__outlier_method': 'Isolation_Forest', 'outlier_remover__n_neighbors': 90, 'outlier_remover__model_columns': ['car_age', 'mileage', 'tax', 'mpg'], 'outlier_remover__mod_outliers_cols': ['tax', 'mpg'], 'outlier_remover__contamination_LOF': 0.05, 'outlier_remover__contamination_IF': 0.05, 'model': HistGradientBoostingRegressor(max_depth=5, random_state=42), 'imputer__knn_scaling_method': 'standard', 'imputer__knn_neighbors': 17, 'imputer__imputation_method': 'simple', 'encoder__method': 'target'}",,,,,,260,,,,,
201,1,4000,0.6027872562408447,0.043869224616530804,0.0,0.0,rfe,6,hgb,7,robust,"['car_age', 'mileage', 'tax', 'mpg']",3,"['car_age', 'mileage', 'engineSize']",IQR,100,"['car_age', 'mileage', 'tax', 'mpg']","['tax', 'mpg']",0.5,0.05,"HistGradientBoostingRegressor(max_depth=5, random_state=42)",minmax,13,knn_modelwise,freq,"{'selector__selection_method': 'rfe', 'selector__n_features_to_select': 6, 'selector__model_name': 'hgb', 'selector__k': 7, 'scaler__scaler_name': 'robust', 'outlier_remover__z_columns': ['car_age', 'mileage', 'tax', 'mpg'], 'outlier_remover__threshold': 3, 'outlier_remover__sev_outliers_cols': ['car_age', 'mileage', 'engineSize'], 'outlier_remover__outlier_method': 'IQR', 'outlier_remover__n_neighbors': 100, 'outlier_remover__model_columns': ['car_age', 'mileage', 'tax', 'mpg'], 'outlier_remover__mod_outliers_cols': ['tax', 'mpg'], 'outlier_remover__contamination_LOF': 0.5, 'outlier_remover__contamination_IF': 0.05, 'model': HistGradientBoostingRegressor(max_depth=5, random_state=42), 'imputer__knn_scaling_method': 'minmax', 'imputer__knn_neighbors': 13, 'imputer__imputation_method': 'knn_modelwise', 'encoder__method': 'freq'}",,,,,,260,,,,,
202,1,4000,0.581443707148234,0.06306952371216928,0.0,0.0,rfe,6,hgb,7,minmax,"['car_age', 'mileage', 'tax', 'mpg']",3,"['car_age', 'mileage']",LOF,70,"['car_age', 'mileage', 'tax', 'mpg']","['tax', 'mpg']",0.05,0.5,"HistGradientBoostingRegressor(max_depth=5, random_state=42)",minmax,10,knn_modelwise,freq,"{'selector__selection_method': 'rfe', 'selector__n_features_to_select': 6, 'selector__model_name': 'hgb', 'selector__k': 7, 'scaler__scaler_name': 'minmax', 'outlier_remover__z_columns': ['car_age', 'mileage', 'tax', 'mpg'], 'outlier_remover__threshold': 3, 'outlier_remover__sev_outliers_cols': ['car_age', 'mileage'], 'outlier_remover__outlier_method': 'LOF', 'outlier_remover__n_neighbors': 70, 'outlier_remover__model_columns': ['car_age', 'mileage', 'tax', 'mpg'], 'outlier_remover__mod_outliers_cols': ['tax', 'mpg'], 'outlier_remover__contamination_LOF': 0.05, 'outlier_remover__contamination_IF': 0.5, 'model': HistGradientBoostingRegressor(max_depth=5, random_state=42), 'imputer__knn_scaling_method': 'minmax', 'imputer__knn_neighbors': 10, 'imputer__imputation_method': 'knn_modelwise', 'encoder__method': 'freq'}",,,,,,260,,,,,
203,1,4000,0.6727210680643717,0.023046635861704762,0.0,0.0,model,7,hgb,8,standard,"['car_age', 'mileage', 'tax', 'mpg']",3,"['car_age', 'mileage', 'engineSize']",Isolation_Forest,90,"['car_age', 'mileage', 'tax', 'mpg', 'engineSize']","['tax', 'mpg']",0.05,0.3,"HistGradientBoostingRegressor(max_depth=5, random_state=42)",standard,19,knn_modelwise,target,"{'selector__selection_method': 'model', 'selector__n_features_to_select': 7, 'selector__model_name': 'hgb', 'selector__k': 8, 'scaler__scaler_name': 'standard', 'outlier_remover__z_columns': ['car_age', 'mileage', 'tax', 'mpg'], 'outlier_remover__threshold': 3, 'outlier_remover__sev_outliers_cols': ['car_age', 'mileage', 'engineSize'], 'outlier_remover__outlier_method': 'Isolation_Forest', 'outlier_remover__n_neighbors': 90, 'outlier_remover__model_columns': ['car_age', 'mileage', 'tax', 'mpg', 'engineSize'], 'outlier_remover__mod_outliers_cols': ['tax', 'mpg'], 'outlier_remover__contamination_LOF': 0.05, 'outlier_remover__contamination_IF': 0.3, 'model': HistGradientBoostingRegressor(max_depth=5, random_state=42), 'imputer__knn_scaling_method': 'standard', 'imputer__knn_neighbors': 19, 'imputer__imputation_method': 'knn_modelwise', 'encoder__method': 'target'}",,,,,,260,,,,,
204,1,4000,0.46591560045878094,0.022963515432229333,0.0,0.0,model,10,hgb,9,minmax,"['car_age', 'mileage', 'tax', 'mpg']",2,"['car_age', 'mileage', 'engineSize']",z_score,50,"['car_age', 'mileage', 'tax', 'mpg', 'engineSize']","['car_age', 'mileage', 'tax', 'mpg']",0.15,0.3,"HistGradientBoostingRegressor(max_depth=5, random_state=42)",standard,11,iterative,freq,"{'selector__selection_method': 'model', 'selector__n_features_to_select': 10, 'selector__model_name': 'hgb', 'selector__k': 9, 'scaler__scaler_name': 'minmax', 'outlier_remover__z_columns': ['car_age', 'mileage', 'tax', 'mpg'], 'outlier_remover__threshold': 2, 'outlier_remover__sev_outliers_cols': ['car_age', 'mileage', 'engineSize'], 'outlier_remover__outlier_method': 'z_score', 'outlier_remover__n_neighbors': 50, 'outlier_remover__model_columns': ['car_age', 'mileage', 'tax', 'mpg', 'engineSize'], 'outlier_remover__mod_outliers_cols': ['car_age', 'mileage', 'tax', 'mpg'], 'outlier_remover__contamination_LOF': 0.15, 'outlier_remover__contamination_IF': 0.3, 'model': HistGradientBoostingRegressor(max_depth=5, random_state=42), 'imputer__knn_scaling_method': 'standard', 'imputer__knn_neighbors': 11, 'imputer__imputation_method': 'iterative', 'encoder__method': 'freq'}",,,,,,260,,,,,
205,1,4000,0.5851377646128336,0.05497612350763032,0.0,0.0,rfe,6,hgb,10,robust,"['car_age', 'mileage', 'tax', 'mpg']",3,"['car_age', 'mileage', 'engineSize']",z_score,100,"['car_age', 'mileage', 'tax', 'mpg']","['tax', 'mpg']",0.5,0.05,"HistGradientBoostingRegressor(max_depth=5, random_state=42)",standard,11,knn_modelwise,freq,"{'selector__selection_method': 'rfe', 'selector__n_features_to_select': 6, 'selector__model_name': 'hgb', 'selector__k': 10, 'scaler__scaler_name': 'robust', 'outlier_remover__z_columns': ['car_age', 'mileage', 'tax', 'mpg'], 'outlier_remover__threshold': 3, 'outlier_remover__sev_outliers_cols': ['car_age', 'mileage', 'engineSize'], 'outlier_remover__outlier_method': 'z_score', 'outlier_remover__n_neighbors': 100, 'outlier_remover__model_columns': ['car_age', 'mileage', 'tax', 'mpg'], 'outlier_remover__mod_outliers_cols': ['tax', 'mpg'], 'outlier_remover__contamination_LOF': 0.5, 'outlier_remover__contamination_IF': 0.05, 'model': HistGradientBoostingRegressor(max_depth=5, random_state=42), 'imputer__knn_scaling_method': 'standard', 'imputer__knn_neighbors': 11, 'imputer__imputation_method': 'knn_modelwise', 'encoder__method': 'freq'}",,,,,,260,,,,,
206,1,4000,0.630679210027059,0.0529531406535547,0.0,0.0,rfe,5,hgb,7,robust,"['car_age', 'mileage', 'tax', 'mpg']",2,"['car_age', 'mileage']",Isolation_Forest,100,"['car_age', 'mileage', 'tax', 'mpg']","['car_age', 'mileage', 'tax', 'mpg']",0.5,0.15,"HistGradientBoostingRegressor(max_depth=5, random_state=42)",minmax,14,knn_modelwise,freq,"{'selector__selection_method': 'rfe', 'selector__n_features_to_select': 5, 'selector__model_name': 'hgb', 'selector__k': 7, 'scaler__scaler_name': 'robust', 'outlier_remover__z_columns': ['car_age', 'mileage', 'tax', 'mpg'], 'outlier_remover__threshold': 2, 'outlier_remover__sev_outliers_cols': ['car_age', 'mileage'], 'outlier_remover__outlier_method': 'Isolation_Forest', 'outlier_remover__n_neighbors': 100, 'outlier_remover__model_columns': ['car_age', 'mileage', 'tax', 'mpg'], 'outlier_remover__mod_outliers_cols': ['car_age', 'mileage', 'tax', 'mpg'], 'outlier_remover__contamination_LOF': 0.5, 'outlier_remover__contamination_IF': 0.15, 'model': HistGradientBoostingRegressor(max_depth=5, random_state=42), 'imputer__knn_scaling_method': 'minmax', 'imputer__knn_neighbors': 14, 'imputer__imputation_method': 'knn_modelwise', 'encoder__method': 'freq'}",,,,,,260,,,,,
207,1,4000,0.6272452672322592,0.0116182023212565,0.0,0.0,model,7,hgb,7,minmax,"['car_age', 'mileage', 'tax', 'mpg']",3,"['car_age', 'mileage', 'engineSize']",IQR,50,"['tax', 'mpg']","['car_age', 'mileage', 'tax', 'mpg']",0.15,0.3,"HistGradientBoostingRegressor(max_depth=5, random_state=42)",minmax,10,knn_modelwise,freq,"{'selector__selection_method': 'model', 'selector__n_features_to_select': 7, 'selector__model_name': 'hgb', 'selector__k': 7, 'scaler__scaler_name': 'minmax', 'outlier_remover__z_columns': ['car_age', 'mileage', 'tax', 'mpg'], 'outlier_remover__threshold': 3, 'outlier_remover__sev_outliers_cols': ['car_age', 'mileage', 'engineSize'], 'outlier_remover__outlier_method': 'IQR', 'outlier_remover__n_neighbors': 50, 'outlier_remover__model_columns': ['tax', 'mpg'], 'outlier_remover__mod_outliers_cols': ['car_age', 'mileage', 'tax', 'mpg'], 'outlier_remover__contamination_LOF': 0.15, 'outlier_remover__contamination_IF': 0.3, 'model': HistGradientBoostingRegressor(max_depth=5, random_state=42), 'imputer__knn_scaling_method': 'minmax', 'imputer__knn_neighbors': 10, 'imputer__imputation_method': 'knn_modelwise', 'encoder__method': 'freq'}",,,,,,260,,,,,
208,1,4000,0.44258666038513184,0.015256742266875596,0.0,0.0,rfe,8,hgb,9,minmax,"['car_age', 'mileage', 'tax', 'mpg']",3,"['car_age', 'mileage']",IQR,70,"['car_age', 'mileage', 'tax', 'mpg']","['tax', 'mpg']",0.15,0.5,"HistGradientBoostingRegressor(max_depth=5, random_state=42)",standard,18,iterative,freq,"{'selector__selection_method': 'rfe', 'selector__n_features_to_select': 8, 'selector__model_name': 'hgb', 'selector__k': 9, 'scaler__scaler_name': 'minmax', 'outlier_remover__z_columns': ['car_age', 'mileage', 'tax', 'mpg'], 'outlier_remover__threshold': 3, 'outlier_remover__sev_outliers_cols': ['car_age', 'mileage'], 'outlier_remover__outlier_method': 'IQR', 'outlier_remover__n_neighbors': 70, 'outlier_remover__model_columns': ['car_age', 'mileage', 'tax', 'mpg'], 'outlier_remover__mod_outliers_cols': ['tax', 'mpg'], 'outlier_remover__contamination_LOF': 0.15, 'outlier_remover__contamination_IF': 0.5, 'model': HistGradientBoostingRegressor(max_depth=5, random_state=42), 'imputer__knn_scaling_method': 'standard', 'imputer__knn_neighbors': 18, 'imputer__imputation_method': 'iterative', 'encoder__method': 'freq'}",,,,,,260,,,,,
209,1,4000,0.38247132301330566,0.030503345685532084,0.0,0.0,model,6,hgb,6,standard,"['car_age', 'mileage', 'tax', 'mpg']",2,"['car_age', 'mileage', 'engineSize']",Isolation_Forest,50,"['car_age', 'mileage', 'tax', 'mpg']","['tax', 'mpg']",0.15,0.15,"HistGradientBoostingRegressor(max_depth=5, random_state=42)",robust,18,simple,target,"{'selector__selection_method': 'model', 'selector__n_features_to_select': 6, 'selector__model_name': 'hgb', 'selector__k': 6, 'scaler__scaler_name': 'standard', 'outlier_remover__z_columns': ['car_age', 'mileage', 'tax', 'mpg'], 'outlier_remover__threshold': 2, 'outlier_remover__sev_outliers_cols': ['car_age', 'mileage', 'engineSize'], 'outlier_remover__outlier_method': 'Isolation_Forest', 'outlier_remover__n_neighbors': 50, 'outlier_remover__model_columns': ['car_age', 'mileage', 'tax', 'mpg'], 'outlier_remover__mod_outliers_cols': ['tax', 'mpg'], 'outlier_remover__contamination_LOF': 0.15, 'outlier_remover__contamination_IF': 0.15, 'model': HistGradientBoostingRegressor(max_depth=5, random_state=42), 'imputer__knn_scaling_method': 'robust', 'imputer__knn_neighbors': 18, 'imputer__imputation_method': 'simple', 'encoder__method': 'target'}",,,,,,260,,,,,
210,1,4000,0.6428699493408203,0.009917677467899205,0.0,0.0,model,5,hgb,6,robust,"['car_age', 'mileage', 'tax', 'mpg']",2,"['car_age', 'mileage', 'engineSize']",LOF,100,"['car_age', 'mileage', 'tax', 'mpg', 'engineSize']","['car_age', 'mileage', 'tax', 'mpg']",0.3,0.05,"HistGradientBoostingRegressor(max_depth=5, random_state=42)",standard,15,knn_modelwise,target,"{'selector__selection_method': 'model', 'selector__n_features_to_select': 5, 'selector__model_name': 'hgb', 'selector__k': 6, 'scaler__scaler_name': 'robust', 'outlier_remover__z_columns': ['car_age', 'mileage', 'tax', 'mpg'], 'outlier_remover__threshold': 2, 'outlier_remover__sev_outliers_cols': ['car_age', 'mileage', 'engineSize'], 'outlier_remover__outlier_method': 'LOF', 'outlier_remover__n_neighbors': 100, 'outlier_remover__model_columns': ['car_age', 'mileage', 'tax', 'mpg', 'engineSize'], 'outlier_remover__mod_outliers_cols': ['car_age', 'mileage', 'tax', 'mpg'], 'outlier_remover__contamination_LOF': 0.3, 'outlier_remover__contamination_IF': 0.05, 'model': HistGradientBoostingRegressor(max_depth=5, random_state=42), 'imputer__knn_scaling_method': 'standard', 'imputer__knn_neighbors': 15, 'imputer__imputation_method': 'knn_modelwise', 'encoder__method': 'target'}",,,,,,260,,,,,
211,1,4000,0.4700826009114583,0.04165191955878581,0.0,0.0,rfe,6,hgb,5,standard,"['car_age', 'mileage', 'tax', 'mpg']",3,"['car_age', 'mileage', 'engineSize']",LOF,30,"['car_age', 'mileage', 'tax', 'mpg']","['tax', 'mpg']",0.05,0.5,"HistGradientBoostingRegressor(max_depth=5, random_state=42)",robust,20,iterative,target,"{'selector__selection_method': 'rfe', 'selector__n_features_to_select': 6, 'selector__model_name': 'hgb', 'selector__k': 5, 'scaler__scaler_name': 'standard', 'outlier_remover__z_columns': ['car_age', 'mileage', 'tax', 'mpg'], 'outlier_remover__threshold': 3, 'outlier_remover__sev_outliers_cols': ['car_age', 'mileage', 'engineSize'], 'outlier_remover__outlier_method': 'LOF', 'outlier_remover__n_neighbors': 30, 'outlier_remover__model_columns': ['car_age', 'mileage', 'tax', 'mpg'], 'outlier_remover__mod_outliers_cols': ['tax', 'mpg'], 'outlier_remover__contamination_LOF': 0.05, 'outlier_remover__contamination_IF': 0.5, 'model': HistGradientBoostingRegressor(max_depth=5, random_state=42), 'imputer__knn_scaling_method': 'robust', 'imputer__knn_neighbors': 20, 'imputer__imputation_method': 'iterative', 'encoder__method': 'target'}",,,,,,260,,,,,
212,1,4000,0.5857032934824625,0.026540681682432794,0.0,0.0,rfe,8,hgb,6,minmax,"['car_age', 'mileage', 'tax', 'mpg']",2,"['car_age', 'mileage']",z_score,70,"['car_age', 'mileage', 'tax', 'mpg']","['car_age', 'mileage', 'tax', 'mpg']",0.05,0.3,"HistGradientBoostingRegressor(max_depth=5, random_state=42)",minmax,12,knn_modelwise,freq,"{'selector__selection_method': 'rfe', 'selector__n_features_to_select': 8, 'selector__model_name': 'hgb', 'selector__k': 6, 'scaler__scaler_name': 'minmax', 'outlier_remover__z_columns': ['car_age', 'mileage', 'tax', 'mpg'], 'outlier_remover__threshold': 2, 'outlier_remover__sev_outliers_cols': ['car_age', 'mileage'], 'outlier_remover__outlier_method': 'z_score', 'outlier_remover__n_neighbors': 70, 'outlier_remover__model_columns': ['car_age', 'mileage', 'tax', 'mpg'], 'outlier_remover__mod_outliers_cols': ['car_age', 'mileage', 'tax', 'mpg'], 'outlier_remover__contamination_LOF': 0.05, 'outlier_remover__contamination_IF': 0.3, 'model': HistGradientBoostingRegressor(max_depth=5, random_state=42), 'imputer__knn_scaling_method': 'minmax', 'imputer__knn_neighbors': 12, 'imputer__imputation_method': 'knn_modelwise', 'encoder__method': 'freq'}",,,,,,260,,,,,
213,1,4000,0.38779838879903156,0.0037521748602392067,0.0,0.0,rfe,6,hgb,7,robust,"['car_age', 'mileage', 'tax', 'mpg']",3,"['car_age', 'mileage']",LOF,50,"['car_age', 'mileage', 'tax', 'mpg']","['car_age', 'mileage', 'tax', 'mpg']",0.3,0.3,"HistGradientBoostingRegressor(max_depth=5, random_state=42)",minmax,10,simple,target,"{'selector__selection_method': 'rfe', 'selector__n_features_to_select': 6, 'selector__model_name': 'hgb', 'selector__k': 7, 'scaler__scaler_name': 'robust', 'outlier_remover__z_columns': ['car_age', 'mileage', 'tax', 'mpg'], 'outlier_remover__threshold': 3, 'outlier_remover__sev_outliers_cols': ['car_age', 'mileage'], 'outlier_remover__outlier_method': 'LOF', 'outlier_remover__n_neighbors': 50, 'outlier_remover__model_columns': ['car_age', 'mileage', 'tax', 'mpg'], 'outlier_remover__mod_outliers_cols': ['car_age', 'mileage', 'tax', 'mpg'], 'outlier_remover__contamination_LOF': 0.3, 'outlier_remover__contamination_IF': 0.3, 'model': HistGradientBoostingRegressor(max_depth=5, random_state=42), 'imputer__knn_scaling_method': 'minmax', 'imputer__knn_neighbors': 10, 'imputer__imputation_method': 'simple', 'encoder__method': 'target'}",,,,,,260,,,,,
214,1,4000,0.41733113924662274,0.02245163552608332,0.0,0.0,rfe,6,hgb,7,standard,"['car_age', 'mileage', 'tax', 'mpg']",2,"['car_age', 'mileage']",IQR,100,"['car_age', 'mileage', 'tax', 'mpg', 'engineSize']","['tax', 'mpg']",0.15,0.3,"HistGradientBoostingRegressor(max_depth=5, random_state=42)",robust,14,iterative,target,"{'selector__selection_method': 'rfe', 'selector__n_features_to_select': 6, 'selector__model_name': 'hgb', 'selector__k': 7, 'scaler__scaler_name': 'standard', 'outlier_remover__z_columns': ['car_age', 'mileage', 'tax', 'mpg'], 'outlier_remover__threshold': 2, 'outlier_remover__sev_outliers_cols': ['car_age', 'mileage'], 'outlier_remover__outlier_method': 'IQR', 'outlier_remover__n_neighbors': 100, 'outlier_remover__model_columns': ['car_age', 'mileage', 'tax', 'mpg', 'engineSize'], 'outlier_remover__mod_outliers_cols': ['tax', 'mpg'], 'outlier_remover__contamination_LOF': 0.15, 'outlier_remover__contamination_IF': 0.3, 'model': HistGradientBoostingRegressor(max_depth=5, random_state=42), 'imputer__knn_scaling_method': 'robust', 'imputer__knn_neighbors': 14, 'imputer__imputation_method': 'iterative', 'encoder__method': 'target'}",,,,,,260,,,,,
215,1,4000,0.6598933537801107,0.014510613928344815,0.0,0.0,rfe,6,hgb,6,minmax,"['car_age', 'mileage', 'tax', 'mpg']",2,"['car_age', 'mileage', 'engineSize']",Isolation_Forest,30,"['car_age', 'mileage', 'tax', 'mpg']","['tax', 'mpg']",0.15,0.5,"HistGradientBoostingRegressor(max_depth=5, random_state=42)",robust,15,knn_modelwise,freq,"{'selector__selection_method': 'rfe', 'selector__n_features_to_select': 6, 'selector__model_name': 'hgb', 'selector__k': 6, 'scaler__scaler_name': 'minmax', 'outlier_remover__z_columns': ['car_age', 'mileage', 'tax', 'mpg'], 'outlier_remover__threshold': 2, 'outlier_remover__sev_outliers_cols': ['car_age', 'mileage', 'engineSize'], 'outlier_remover__outlier_method': 'Isolation_Forest', 'outlier_remover__n_neighbors': 30, 'outlier_remover__model_columns': ['car_age', 'mileage', 'tax', 'mpg'], 'outlier_remover__mod_outliers_cols': ['tax', 'mpg'], 'outlier_remover__contamination_LOF': 0.15, 'outlier_remover__contamination_IF': 0.5, 'model': HistGradientBoostingRegressor(max_depth=5, random_state=42), 'imputer__knn_scaling_method': 'robust', 'imputer__knn_neighbors': 15, 'imputer__imputation_method': 'knn_modelwise', 'encoder__method': 'freq'}",,,,,,260,,,,,
216,1,4000,0.5428016185760498,0.040209352424160516,0.0,0.0,model,7,hgb,9,standard,"['car_age', 'mileage', 'tax', 'mpg']",3,"['car_age', 'mileage']",LOF,100,"['car_age', 'mileage', 'tax', 'mpg', 'engineSize']","['car_age', 'mileage', 'tax', 'mpg']",0.05,0.3,"HistGradientBoostingRegressor(max_depth=5, random_state=42)",minmax,19,knn_modelwise,freq,"{'selector__selection_method': 'model', 'selector__n_features_to_select': 7, 'selector__model_name': 'hgb', 'selector__k': 9, 'scaler__scaler_name': 'standard', 'outlier_remover__z_columns': ['car_age', 'mileage', 'tax', 'mpg'], 'outlier_remover__threshold': 3, 'outlier_remover__sev_outliers_cols': ['car_age', 'mileage'], 'outlier_remover__outlier_method': 'LOF', 'outlier_remover__n_neighbors': 100, 'outlier_remover__model_columns': ['car_age', 'mileage', 'tax', 'mpg', 'engineSize'], 'outlier_remover__mod_outliers_cols': ['car_age', 'mileage', 'tax', 'mpg'], 'outlier_remover__contamination_LOF': 0.05, 'outlier_remover__contamination_IF': 0.3, 'model': HistGradientBoostingRegressor(max_depth=5, random_state=42), 'imputer__knn_scaling_method': 'minmax', 'imputer__knn_neighbors': 19, 'imputer__imputation_method': 'knn_modelwise', 'encoder__method': 'freq'}",,,,,,260,,,,,
217,1,4000,0.45317618052164715,0.1227140738779114,0.0,0.0,model,10,hgb,9,robust,"['car_age', 'mileage', 'tax', 'mpg']",3,"['car_age', 'mileage', 'engineSize']",Isolation_Forest,100,"['car_age', 'mileage', 'tax', 'mpg']","['tax', 'mpg']",0.5,0.3,"HistGradientBoostingRegressor(max_depth=5, random_state=42)",robust,10,simple,freq,"{'selector__selection_method': 'model', 'selector__n_features_to_select': 10, 'selector__model_name': 'hgb', 'selector__k': 9, 'scaler__scaler_name': 'robust', 'outlier_remover__z_columns': ['car_age', 'mileage', 'tax', 'mpg'], 'outlier_remover__threshold': 3, 'outlier_remover__sev_outliers_cols': ['car_age', 'mileage', 'engineSize'], 'outlier_remover__outlier_method': 'Isolation_Forest', 'outlier_remover__n_neighbors': 100, 'outlier_remover__model_columns': ['car_age', 'mileage', 'tax', 'mpg'], 'outlier_remover__mod_outliers_cols': ['tax', 'mpg'], 'outlier_remover__contamination_LOF': 0.5, 'outlier_remover__contamination_IF': 0.3, 'model': HistGradientBoostingRegressor(max_depth=5, random_state=42), 'imputer__knn_scaling_method': 'robust', 'imputer__knn_neighbors': 10, 'imputer__imputation_method': 'simple', 'encoder__method': 'freq'}",,,,,,260,,,,,
218,1,4000,0.3500956694285075,0.029258966739173067,0.014474312464396158,0.001483129683352417,kbest,5,hgb,5,robust,"['car_age', 'mileage', 'tax', 'mpg']",2,"['car_age', 'mileage', 'engineSize']",Isolation_Forest,90,"['car_age', 'mileage', 'tax', 'mpg']","['tax', 'mpg']",0.05,0.5,"HistGradientBoostingRegressor(max_depth=5, random_state=42)",robust,10,iterative,freq,"{'selector__selection_method': 'kbest', 'selector__n_features_to_select': 5, 'selector__model_name': 'hgb', 'selector__k': 5, 'scaler__scaler_name': 'robust', 'outlier_remover__z_columns': ['car_age', 'mileage', 'tax', 'mpg'], 'outlier_remover__threshold': 2, 'outlier_remover__sev_outliers_cols': ['car_age', 'mileage', 'engineSize'], 'outlier_remover__outlier_method': 'Isolation_Forest', 'outlier_remover__n_neighbors': 90, 'outlier_remover__model_columns': ['car_age', 'mileage', 'tax', 'mpg'], 'outlier_remover__mod_outliers_cols': ['tax', 'mpg'], 'outlier_remover__contamination_LOF': 0.05, 'outlier_remover__contamination_IF': 0.5, 'model': HistGradientBoostingRegressor(max_depth=5, random_state=42), 'imputer__knn_scaling_method': 'robust', 'imputer__knn_neighbors': 10, 'imputer__imputation_method': 'iterative', 'encoder__method': 'freq'}",-3530.4262875468685,-3474.578160226174,-3396.4000498744026,-3467.1348325491485,54.96853913127496,256,-3469.7045316894155,-3250.2330829599796,-3095.7960574090907,-3271.9112240194954,153.4152168343746
219,1,4000,0.37176958719889325,0.01159674604703906,0.012681404749552408,0.0025882743885258445,kbest,9,hgb,6,minmax,"['car_age', 'mileage', 'tax', 'mpg']",3,"['car_age', 'mileage', 'engineSize']",Isolation_Forest,70,"['car_age', 'mileage', 'tax', 'mpg']","['tax', 'mpg']",0.15,0.5,"HistGradientBoostingRegressor(max_depth=5, random_state=42)",standard,15,simple,freq,"{'selector__selection_method': 'kbest', 'selector__n_features_to_select': 9, 'selector__model_name': 'hgb', 'selector__k': 6, 'scaler__scaler_name': 'minmax', 'outlier_remover__z_columns': ['car_age', 'mileage', 'tax', 'mpg'], 'outlier_remover__threshold': 3, 'outlier_remover__sev_outliers_cols': ['car_age', 'mileage', 'engineSize'], 'outlier_remover__outlier_method': 'Isolation_Forest', 'outlier_remover__n_neighbors': 70, 'outlier_remover__model_columns': ['car_age', 'mileage', 'tax', 'mpg'], 'outlier_remover__mod_outliers_cols': ['tax', 'mpg'], 'outlier_remover__contamination_LOF': 0.15, 'outlier_remover__contamination_IF': 0.5, 'model': HistGradientBoostingRegressor(max_depth=5, random_state=42), 'imputer__knn_scaling_method': 'standard', 'imputer__knn_neighbors': 15, 'imputer__imputation_method': 'simple', 'encoder__method': 'freq'}",-3355.1749160904733,-3487.6474223359764,-3338.9768833509875,-3393.9330739258126,66.59518696128912,255,-3164.865045744139,-3174.0039552510043,-3075.562785381161,-3138.1439287921016,44.40855435393186
220,1,4000,0.5362536907196045,0.07546386683702623,0.13494237263997397,0.01070487437279103,kbest,6,hgb,5,standard,"['car_age', 'mileage', 'tax', 'mpg']",2,"['car_age', 'mileage', 'engineSize']",LOF,70,"['tax', 'mpg']","['car_age', 'mileage', 'tax', 'mpg']",0.3,0.5,"HistGradientBoostingRegressor(max_depth=5, random_state=42)",standard,14,knn_modelwise,target,"{'selector__selection_method': 'kbest', 'selector__n_features_to_select': 6, 'selector__model_name': 'hgb', 'selector__k': 5, 'scaler__scaler_name': 'standard', 'outlier_remover__z_columns': ['car_age', 'mileage', 'tax', 'mpg'], 'outlier_remover__threshold': 2, 'outlier_remover__sev_outliers_cols': ['car_age', 'mileage', 'engineSize'], 'outlier_remover__outlier_method': 'LOF', 'outlier_remover__n_neighbors': 70, 'outlier_remover__model_columns': ['tax', 'mpg'], 'outlier_remover__mod_outliers_cols': ['car_age', 'mileage', 'tax', 'mpg'], 'outlier_remover__contamination_LOF': 0.3, 'outlier_remover__contamination_IF': 0.5, 'model': HistGradientBoostingRegressor(max_depth=5, random_state=42), 'imputer__knn_scaling_method': 'standard', 'imputer__knn_neighbors': 14, 'imputer__imputation_method': 'knn_modelwise', 'encoder__method': 'target'}",-2482.3975062605828,-2517.273913693514,-2397.561644830858,-2465.744354928318,50.270948641885845,170,-2340.1923643517116,-2345.0787998397686,-2247.7546588220084,-2311.0086076711627,44.7717607925898
221,1,4000,0.4819777011871338,0.00795855787011285,0.017050743103027344,0.0034025464507323445,kbest,5,hgb,9,standard,"['car_age', 'mileage', 'tax', 'mpg']",3,"['car_age', 'mileage', 'engineSize']",Isolation_Forest,50,"['car_age', 'mileage', 'tax', 'mpg']","['car_age', 'mileage', 'tax', 'mpg']",0.05,0.5,"HistGradientBoostingRegressor(max_depth=5, random_state=42)",standard,18,iterative,freq,"{'selector__selection_method': 'kbest', 'selector__n_features_to_select': 5, 'selector__model_name': 'hgb', 'selector__k': 9, 'scaler__scaler_name': 'standard', 'outlier_remover__z_columns': ['car_age', 'mileage', 'tax', 'mpg'], 'outlier_remover__threshold': 3, 'outlier_remover__sev_outliers_cols': ['car_age', 'mileage', 'engineSize'], 'outlier_remover__outlier_method': 'Isolation_Forest', 'outlier_remover__n_neighbors': 50, 'outlier_remover__model_columns': ['car_age', 'mileage', 'tax', 'mpg'], 'outlier_remover__mod_outliers_cols': ['car_age', 'mileage', 'tax', 'mpg'], 'outlier_remover__contamination_LOF': 0.05, 'outlier_remover__contamination_IF': 0.5, 'model': HistGradientBoostingRegressor(max_depth=5, random_state=42), 'imputer__knn_scaling_method': 'standard', 'imputer__knn_neighbors': 18, 'imputer__imputation_method': 'iterative', 'encoder__method': 'freq'}",-3126.1804963798077,-3159.4578813051326,-2953.4586250972025,-3079.699000927381,90.2933015388391,249,-2845.3176225199863,-2806.541459926085,-2602.459282447538,-2751.4394549645367,106.52766948473409
222,1,4000,0.27600598335266113,0.017082843501434013,0.016582647959391277,0.0006223296220032995,kbest,10,hgb,5,standard,"['car_age', 'mileage', 'tax', 'mpg']",3,"['car_age', 'mileage', 'engineSize']",LOF,90,"['car_age', 'mileage', 'tax', 'mpg', 'engineSize']","['tax', 'mpg']",0.5,0.3,"HistGradientBoostingRegressor(max_depth=5, random_state=42)",minmax,16,iterative,freq,"{'selector__selection_method': 'kbest', 'selector__n_features_to_select': 10, 'selector__model_name': 'hgb', 'selector__k': 5, 'scaler__scaler_name': 'standard', 'outlier_remover__z_columns': ['car_age', 'mileage', 'tax', 'mpg'], 'outlier_remover__threshold': 3, 'outlier_remover__sev_outliers_cols': ['car_age', 'mileage', 'engineSize'], 'outlier_remover__outlier_method': 'LOF', 'outlier_remover__n_neighbors': 90, 'outlier_remover__model_columns': ['car_age', 'mileage', 'tax', 'mpg', 'engineSize'], 'outlier_remover__mod_outliers_cols': ['tax', 'mpg'], 'outlier_remover__contamination_LOF': 0.5, 'outlier_remover__contamination_IF': 0.3, 'model': HistGradientBoostingRegressor(max_depth=5, random_state=42), 'imputer__knn_scaling_method': 'minmax', 'imputer__knn_neighbors': 16, 'imputer__imputation_method': 'iterative', 'encoder__method': 'freq'}",-3004.9625708690796,-2963.398997676698,-2905.539640981703,-2957.967069842494,40.77057048774726,236,-2739.8771780892007,-2614.605772542007,-2558.488485577943,-2637.65714540305,75.8243091443197
223,1,4000,0.35939661661783856,0.019522347467066558,0.013844648996988932,0.0009737468621830143,kbest,8,hgb,5,robust,"['car_age', 'mileage', 'tax', 'mpg']",2,"['car_age', 'mileage']",LOF,100,"['tax', 'mpg']","['car_age', 'mileage', 'tax', 'mpg']",0.3,0.3,"HistGradientBoostingRegressor(max_depth=5, random_state=42)",minmax,12,simple,freq,"{'selector__selection_method': 'kbest', 'selector__n_features_to_select': 8, 'selector__model_name': 'hgb', 'selector__k': 5, 'scaler__scaler_name': 'robust', 'outlier_remover__z_columns': ['car_age', 'mileage', 'tax', 'mpg'], 'outlier_remover__threshold': 2, 'outlier_remover__sev_outliers_cols': ['car_age', 'mileage'], 'outlier_remover__outlier_method': 'LOF', 'outlier_remover__n_neighbors': 100, 'outlier_remover__model_columns': ['tax', 'mpg'], 'outlier_remover__mod_outliers_cols': ['car_age', 'mileage', 'tax', 'mpg'], 'outlier_remover__contamination_LOF': 0.3, 'outlier_remover__contamination_IF': 0.3, 'model': HistGradientBoostingRegressor(max_depth=5, random_state=42), 'imputer__knn_scaling_method': 'minmax', 'imputer__knn_neighbors': 12, 'imputer__imputation_method': 'simple', 'encoder__method': 'freq'}",-2896.0011721251517,-2867.6741856481067,-2761.6182173952748,-2841.7645250561777,57.839879636082436,225,-2665.628355300477,-2533.3029731777265,-2477.6993664557813,-2558.876898311328,78.82404644566162
224,1,4000,0.3249626159667969,0.01648840970756066,0.015394051869710287,0.0014786911759552567,kbest,7,hgb,7,minmax,"['car_age', 'mileage', 'tax', 'mpg']",2,"['car_age', 'mileage']",LOF,50,"['car_age', 'mileage', 'tax', 'mpg', 'engineSize']","['tax', 'mpg']",0.3,0.5,"HistGradientBoostingRegressor(max_depth=5, random_state=42)",minmax,10,iterative,freq,"{'selector__selection_method': 'kbest', 'selector__n_features_to_select': 7, 'selector__model_name': 'hgb', 'selector__k': 7, 'scaler__scaler_name': 'minmax', 'outlier_remover__z_columns': ['car_age', 'mileage', 'tax', 'mpg'], 'outlier_remover__threshold': 2, 'outlier_remover__sev_outliers_cols': ['car_age', 'mileage'], 'outlier_remover__outlier_method': 'LOF', 'outlier_remover__n_neighbors': 50, 'outlier_remover__model_columns': ['car_age', 'mileage', 'tax', 'mpg', 'engineSize'], 'outlier_remover__mod_outliers_cols': ['tax', 'mpg'], 'outlier_remover__contamination_LOF': 0.3, 'outlier_remover__contamination_IF': 0.5, 'model': HistGradientBoostingRegressor(max_depth=5, random_state=42), 'imputer__knn_scaling_method': 'minmax', 'imputer__knn_neighbors': 10, 'imputer__imputation_method': 'iterative', 'encoder__method': 'freq'}",-2941.1951631595475,-2863.3830190206563,-2664.2803547360577,-2822.952845638754,116.60875316150882,224,-2562.4553852428116,-2437.0161973159807,-2342.3507160278427,-2447.274099528878,90.14963402001788
225,1,4000,0.5689819653828939,0.04521513476171032,0.1359992822011312,0.013680356371925476,kbest,6,hgb,10,standard,"['car_age', 'mileage', 'tax', 'mpg']",3,"['car_age', 'mileage', 'engineSize']",Isolation_Forest,30,"['car_age', 'mileage', 'tax', 'mpg']","['tax', 'mpg']",0.5,0.5,"HistGradientBoostingRegressor(max_depth=5, random_state=42)",robust,15,knn_modelwise,target,"{'selector__selection_method': 'kbest', 'selector__n_features_to_select': 6, 'selector__model_name': 'hgb', 'selector__k': 10, 'scaler__scaler_name': 'standard', 'outlier_remover__z_columns': ['car_age', 'mileage', 'tax', 'mpg'], 'outlier_remover__threshold': 3, 'outlier_remover__sev_outliers_cols': ['car_age', 'mileage', 'engineSize'], 'outlier_remover__outlier_method': 'Isolation_Forest', 'outlier_remover__n_neighbors': 30, 'outlier_remover__model_columns': ['car_age', 'mileage', 'tax', 'mpg'], 'outlier_remover__mod_outliers_cols': ['tax', 'mpg'], 'outlier_remover__contamination_LOF': 0.5, 'outlier_remover__contamination_IF': 0.5, 'model': HistGradientBoostingRegressor(max_depth=5, random_state=42), 'imputer__knn_scaling_method': 'robust', 'imputer__knn_neighbors': 15, 'imputer__imputation_method': 'knn_modelwise', 'encoder__method': 'target'}",-2796.636910100078,-2756.7728177171075,-2623.951643562734,-2725.7871237933064,73.8247259424781,212,-2502.4446586834806,-2450.4081398270246,-2383.587928814997,-2445.480242441834,48.64801255437974
226,1,4000,0.4370427926381429,0.06487016491906512,0.013672590255737305,0.00038965663868229883,kbest,9,hgb,7,standard,"['car_age', 'mileage', 'tax', 'mpg']",2,"['car_age', 'mileage']",Isolation_Forest,100,"['tax', 'mpg']","['tax', 'mpg']",0.05,0.15,"HistGradientBoostingRegressor(max_depth=5, random_state=42)",standard,13,simple,freq,"{'selector__selection_method': 'kbest', 'selector__n_features_to_select': 9, 'selector__model_name': 'hgb', 'selector__k': 7, 'scaler__scaler_name': 'standard', 'outlier_remover__z_columns': ['car_age', 'mileage', 'tax', 'mpg'], 'outlier_remover__threshold': 2, 'outlier_remover__sev_outliers_cols': ['car_age', 'mileage'], 'outlier_remover__outlier_method': 'Isolation_Forest', 'outlier_remover__n_neighbors': 100, 'outlier_remover__model_columns': ['tax', 'mpg'], 'outlier_remover__mod_outliers_cols': ['tax', 'mpg'], 'outlier_remover__contamination_LOF': 0.05, 'outlier_remover__contamination_IF': 0.15, 'model': HistGradientBoostingRegressor(max_depth=5, random_state=42), 'imputer__knn_scaling_method': 'standard', 'imputer__knn_neighbors': 13, 'imputer__imputation_method': 'simple', 'encoder__method': 'freq'}",-2918.9846119961103,-2826.944337381667,-2849.8635454173427,-2865.264164931707,39.12149749046924,226,-2552.0615800725595,-2391.929581528895,-2454.5575643549496,-2466.1829086521343,65.88841937659002
227,1,4000,0.2551920413970947,0.031850648665467364,0.014708518981933594,0.0012630460900289588,kbest,9,hgb,5,minmax,"['car_age', 'mileage', 'tax', 'mpg']",3,"['car_age', 'mileage']",z_score,70,"['car_age', 'mileage', 'tax', 'mpg']","['tax', 'mpg']",0.5,0.15,"HistGradientBoostingRegressor(max_depth=5, random_state=42)",standard,14,simple,freq,"{'selector__selection_method': 'kbest', 'selector__n_features_to_select': 9, 'selector__model_name': 'hgb', 'selector__k': 5, 'scaler__scaler_name': 'minmax', 'outlier_remover__z_columns': ['car_age', 'mileage', 'tax', 'mpg'], 'outlier_remover__threshold': 3, 'outlier_remover__sev_outliers_cols': ['car_age', 'mileage'], 'outlier_remover__outlier_method': 'z_score', 'outlier_remover__n_neighbors': 70, 'outlier_remover__model_columns': ['car_age', 'mileage', 'tax', 'mpg'], 'outlier_remover__mod_outliers_cols': ['tax', 'mpg'], 'outlier_remover__contamination_LOF': 0.5, 'outlier_remover__contamination_IF': 0.15, 'model': HistGradientBoostingRegressor(max_depth=5, random_state=42), 'imputer__knn_scaling_method': 'standard', 'imputer__knn_neighbors': 14, 'imputer__imputation_method': 'simple', 'encoder__method': 'freq'}",-2774.55521760483,-2810.8197221882083,-2686.7432482576955,-2757.3727293502448,52.09076228226732,221,-2452.5601582474364,-2371.8917016859327,-2341.906251977573,-2388.7860373036474,46.72712042749135
228,1,4000,0.2924615542093913,0.007630800466172056,0.012810707092285156,0.0011650694289356285,kbest,6,hgb,5,robust,"['car_age', 'mileage', 'tax', 'mpg']",2,"['car_age', 'mileage']",IQR,30,"['car_age', 'mileage', 'tax', 'mpg', 'engineSize']","['car_age', 'mileage', 'tax', 'mpg']",0.15,0.3,"HistGradientBoostingRegressor(max_depth=5, random_state=42)",minmax,18,simple,freq,"{'selector__selection_method': 'kbest', 'selector__n_features_to_select': 6, 'selector__model_name': 'hgb', 'selector__k': 5, 'scaler__scaler_name': 'robust', 'outlier_remover__z_columns': ['car_age', 'mileage', 'tax', 'mpg'], 'outlier_remover__threshold': 2, 'outlier_remover__sev_outliers_cols': ['car_age', 'mileage'], 'outlier_remover__outlier_method': 'IQR', 'outlier_remover__n_neighbors': 30, 'outlier_remover__model_columns': ['car_age', 'mileage', 'tax', 'mpg', 'engineSize'], 'outlier_remover__mod_outliers_cols': ['car_age', 'mileage', 'tax', 'mpg'], 'outlier_remover__contamination_LOF': 0.15, 'outlier_remover__contamination_IF': 0.3, 'model': HistGradientBoostingRegressor(max_depth=5, random_state=42), 'imputer__knn_scaling_method': 'minmax', 'imputer__knn_neighbors': 18, 'imputer__imputation_method': 'simple', 'encoder__method': 'freq'}",-2757.6328410489864,-2805.2872131615345,-2674.945078919397,-2745.9550443766398,53.84883899113244,217,-2427.9051097652223,-2365.916723445265,-2353.886492398171,-2382.5694418695525,32.431195911975976
229,1,4000,0.36638442675272626,0.038174975352455204,0.01699233055114746,0.005783130223723428,kbest,9,hgb,5,standard,"['car_age', 'mileage', 'tax', 'mpg']",2,"['car_age', 'mileage', 'engineSize']",z_score,30,"['car_age', 'mileage', 'tax', 'mpg']","['tax', 'mpg']",0.3,0.05,"HistGradientBoostingRegressor(max_depth=5, random_state=42)",robust,10,iterative,freq,"{'selector__selection_method': 'kbest', 'selector__n_features_to_select': 9, 'selector__model_name': 'hgb', 'selector__k': 5, 'scaler__scaler_name': 'standard', 'outlier_remover__z_columns': ['car_age', 'mileage', 'tax', 'mpg'], 'outlier_remover__threshold': 2, 'outlier_remover__sev_outliers_cols': ['car_age', 'mileage', 'engineSize'], 'outlier_remover__outlier_method': 'z_score', 'outlier_remover__n_neighbors': 30, 'outlier_remover__model_columns': ['car_age', 'mileage', 'tax', 'mpg'], 'outlier_remover__mod_outliers_cols': ['tax', 'mpg'], 'outlier_remover__contamination_LOF': 0.3, 'outlier_remover__contamination_IF': 0.05, 'model': HistGradientBoostingRegressor(max_depth=5, random_state=42), 'imputer__knn_scaling_method': 'robust', 'imputer__knn_neighbors': 10, 'imputer__imputation_method': 'iterative', 'encoder__method': 'freq'}",-2794.497130783824,-2786.3176929598053,-2647.21710738355,-2742.677310375726,67.58310226311467,213,-2439.3652629100943,-2353.7044926345293,-2271.9291770537,-2354.9996441994413,68.36163044139852
230,1,4000,0.33119702339172363,0.03131239624704514,0.017471710840861004,0.0031784316650090424,kbest,5,hgb,7,minmax,"['car_age', 'mileage', 'tax', 'mpg']",3,"['car_age', 'mileage', 'engineSize']",z_score,30,"['car_age', 'mileage', 'tax', 'mpg', 'engineSize']","['car_age', 'mileage', 'tax', 'mpg']",0.5,0.5,"HistGradientBoostingRegressor(max_depth=5, random_state=42)",minmax,10,iterative,freq,"{'selector__selection_method': 'kbest', 'selector__n_features_to_select': 5, 'selector__model_name': 'hgb', 'selector__k': 7, 'scaler__scaler_name': 'minmax', 'outlier_remover__z_columns': ['car_age', 'mileage', 'tax', 'mpg'], 'outlier_remover__threshold': 3, 'outlier_remover__sev_outliers_cols': ['car_age', 'mileage', 'engineSize'], 'outlier_remover__outlier_method': 'z_score', 'outlier_remover__n_neighbors': 30, 'outlier_remover__model_columns': ['car_age', 'mileage', 'tax', 'mpg', 'engineSize'], 'outlier_remover__mod_outliers_cols': ['car_age', 'mileage', 'tax', 'mpg'], 'outlier_remover__contamination_LOF': 0.5, 'outlier_remover__contamination_IF': 0.5, 'model': HistGradientBoostingRegressor(max_depth=5, random_state=42), 'imputer__knn_scaling_method': 'minmax', 'imputer__knn_neighbors': 10, 'imputer__imputation_method': 'iterative', 'encoder__method': 'freq'}",-2770.62728525241,-2743.335332464448,-2605.107009702714,-2706.3565424731905,72.45602614195244,210,-2335.2136407168964,-2286.9801816206905,-2213.4805595745124,-2278.5581273040334,50.05286545436472
231,1,4000,0.2672375837961833,0.020518452493550055,0.014444748560587565,0.0014124928960882333,kbest,8,hgb,6,robust,"['car_age', 'mileage', 'tax', 'mpg']",3,"['car_age', 'mileage']",IQR,100,"['car_age', 'mileage', 'tax', 'mpg', 'engineSize']","['car_age', 'mileage', 'tax', 'mpg']",0.05,0.05,"HistGradientBoostingRegressor(max_depth=5, random_state=42)",robust,15,simple,freq,"{'selector__selection_method': 'kbest', 'selector__n_features_to_select': 8, 'selector__model_name': 'hgb', 'selector__k': 6, 'scaler__scaler_name': 'robust', 'outlier_remover__z_columns': ['car_age', 'mileage', 'tax', 'mpg'], 'outlier_remover__threshold': 3, 'outlier_remover__sev_outliers_cols': ['car_age', 'mileage'], 'outlier_remover__outlier_method': 'IQR', 'outlier_remover__n_neighbors': 100, 'outlier_remover__model_columns': ['car_age', 'mileage', 'tax', 'mpg', 'engineSize'], 'outlier_remover__mod_outliers_cols': ['car_age', 'mileage', 'tax', 'mpg'], 'outlier_remover__contamination_LOF': 0.05, 'outlier_remover__contamination_IF': 0.05, 'model': HistGradientBoostingRegressor(max_depth=5, random_state=42), 'imputer__knn_scaling_method': 'robust', 'imputer__knn_neighbors': 15, 'imputer__imputation_method': 'simple', 'encoder__method': 'freq'}",-2788.360260415658,-2807.4168638969554,-2658.9330189895345,-2751.570047767383,65.9646514412669,219,-2424.790604401446,-2358.9157960770403,-2327.223933166099,-2370.3101112148615,40.63813190491229
232,1,4000,0.3342023690541585,0.01912205584390898,0.013939460118611654,0.0005174754047070216,kbest,8,hgb,6,standard,"['car_age', 'mileage', 'tax', 'mpg']",3,"['car_age', 'mileage', 'engineSize']",LOF,70,"['tax', 'mpg']","['tax', 'mpg']",0.15,0.3,"HistGradientBoostingRegressor(max_depth=5, random_state=42)",robust,13,simple,freq,"{'selector__selection_method': 'kbest', 'selector__n_features_to_select': 8, 'selector__model_name': 'hgb', 'selector__k': 6, 'scaler__scaler_name': 'standard', 'outlier_remover__z_columns': ['car_age', 'mileage', 'tax', 'mpg'], 'outlier_remover__threshold': 3, 'outlier_remover__sev_outliers_cols': ['car_age', 'mileage', 'engineSize'], 'outlier_remover__outlier_method': 'LOF', 'outlier_remover__n_neighbors': 70, 'outlier_remover__model_columns': ['tax', 'mpg'], 'outlier_remover__mod_outliers_cols': ['tax', 'mpg'], 'outlier_remover__contamination_LOF': 0.15, 'outlier_remover__contamination_IF': 0.3, 'model': HistGradientBoostingRegressor(max_depth=5, random_state=42), 'imputer__knn_scaling_method': 'robust', 'imputer__knn_neighbors': 13, 'imputer__imputation_method': 'simple', 'encoder__method': 'freq'}",-2908.413508912547,-2882.253888957785,-2808.1633464373385,-2866.2769147692234,42.45759882708784,227,-2588.281641342021,-2507.135155254599,-2448.650685479303,-2514.6891606919744,57.25381039660158
233,1,4000,0.32472729682922363,0.021416439838109542,0.014819860458374023,0.0013474102056114888,kbest,10,hgb,6,standard,"['car_age', 'mileage', 'tax', 'mpg']",2,"['car_age', 'mileage', 'engineSize']",IQR,90,"['car_age', 'mileage', 'tax', 'mpg', 'engineSize']","['car_age', 'mileage', 'tax', 'mpg']",0.3,0.15,"HistGradientBoostingRegressor(max_depth=5, random_state=42)",robust,18,iterative,freq,"{'selector__selection_method': 'kbest', 'selector__n_features_to_select': 10, 'selector__model_name': 'hgb', 'selector__k': 6, 'scaler__scaler_name': 'standard', 'outlier_remover__z_columns': ['car_age', 'mileage', 'tax', 'mpg'], 'outlier_remover__threshold': 2, 'outlier_remover__sev_outliers_cols': ['car_age', 'mileage', 'engineSize'], 'outlier_remover__outlier_method': 'IQR', 'outlier_remover__n_neighbors': 90, 'outlier_remover__model_columns': ['car_age', 'mileage', 'tax', 'mpg', 'engineSize'], 'outlier_remover__mod_outliers_cols': ['car_age', 'mileage', 'tax', 'mpg'], 'outlier_remover__contamination_LOF': 0.3, 'outlier_remover__contamination_IF': 0.15, 'model': HistGradientBoostingRegressor(max_depth=5, random_state=42), 'imputer__knn_scaling_method': 'robust', 'imputer__knn_neighbors': 18, 'imputer__imputation_method': 'iterative', 'encoder__method': 'freq'}",-2823.149258095632,-2766.565246180612,-2640.8966319819447,-2743.5370454193962,76.16529592081517,214,-2394.2916632095726,-2306.5294031391063,-2264.1244079255007,-2321.6484914247267,54.20528086197548
234,1,4000,0.3339739640553792,0.007498214405980659,0.014012654622395834,0.0008853637758143457,kbest,10,hgb,6,robust,"['car_age', 'mileage', 'tax', 'mpg']",2,"['car_age', 'mileage', 'engineSize']",IQR,90,"['car_age', 'mileage', 'tax', 'mpg', 'engineSize']","['car_age', 'mileage', 'tax', 'mpg']",0.05,0.5,"HistGradientBoostingRegressor(max_depth=5, random_state=42)",robust,15,iterative,freq,"{'selector__selection_method': 'kbest', 'selector__n_features_to_select': 10, 'selector__model_name': 'hgb', 'selector__k': 6, 'scaler__scaler_name': 'robust', 'outlier_remover__z_columns': ['car_age', 'mileage', 'tax', 'mpg'], 'outlier_remover__threshold': 2, 'outlier_remover__sev_outliers_cols': ['car_age', 'mileage', 'engineSize'], 'outlier_remover__outlier_method': 'IQR', 'outlier_remover__n_neighbors': 90, 'outlier_remover__model_columns': ['car_age', 'mileage', 'tax', 'mpg', 'engineSize'], 'outlier_remover__mod_outliers_cols': ['car_age', 'mileage', 'tax', 'mpg'], 'outlier_remover__contamination_LOF': 0.05, 'outlier_remover__contamination_IF': 0.5, 'model': HistGradientBoostingRegressor(max_depth=5, random_state=42), 'imputer__knn_scaling_method': 'robust', 'imputer__knn_neighbors': 15, 'imputer__imputation_method': 'iterative', 'encoder__method': 'freq'}",-2823.149258095632,-2766.565246180612,-2640.8966319819447,-2743.5370454193962,76.16529592081517,214,-2394.2916632095726,-2306.5294031391063,-2264.1244079255007,-2321.6484914247267,54.20528086197548
235,1,4000,0.29250001907348633,0.020976960767334515,0.01481469472249349,0.000556178588328222,kbest,5,hgb,6,robust,"['car_age', 'mileage', 'tax', 'mpg']",2,"['car_age', 'mileage']",IQR,30,"['tax', 'mpg']","['car_age', 'mileage', 'tax', 'mpg']",0.15,0.05,"HistGradientBoostingRegressor(max_depth=5, random_state=42)",minmax,19,iterative,freq,"{'selector__selection_method': 'kbest', 'selector__n_features_to_select': 5, 'selector__model_name': 'hgb', 'selector__k': 6, 'scaler__scaler_name': 'robust', 'outlier_remover__z_columns': ['car_age', 'mileage', 'tax', 'mpg'], 'outlier_remover__threshold': 2, 'outlier_remover__sev_outliers_cols': ['car_age', 'mileage'], 'outlier_remover__outlier_method': 'IQR', 'outlier_remover__n_neighbors': 30, 'outlier_remover__model_columns': ['tax', 'mpg'], 'outlier_remover__mod_outliers_cols': ['car_age', 'mileage', 'tax', 'mpg'], 'outlier_remover__contamination_LOF': 0.15, 'outlier_remover__contamination_IF': 0.05, 'model': HistGradientBoostingRegressor(max_depth=5, random_state=42), 'imputer__knn_scaling_method': 'minmax', 'imputer__knn_neighbors': 19, 'imputer__imputation_method': 'iterative', 'encoder__method': 'freq'}",-2823.149258095632,-2766.565246180612,-2640.8966319819447,-2743.5370454193962,76.16529592081517,214,-2394.2916632095726,-2306.5294031391063,-2264.1244079255007,-2321.6484914247267,54.20528086197548
236,1,4000,1.0876115957895915,0.1384706356467682,0.22973140080769858,0.06825962904080671,kbest,8,hgb,5,minmax,"['car_age', 'mileage', 'tax', 'mpg']",3,"['car_age', 'mileage']",Isolation_Forest,30,"['tax', 'mpg']","['tax', 'mpg']",0.15,0.15,"HistGradientBoostingRegressor(max_depth=5, random_state=42)",minmax,10,knn_modelwise,target,"{'selector__selection_method': 'kbest', 'selector__n_features_to_select': 8, 'selector__model_name': 'hgb', 'selector__k': 5, 'scaler__scaler_name': 'minmax', 'outlier_remover__z_columns': ['car_age', 'mileage', 'tax', 'mpg'], 'outlier_remover__threshold': 3, 'outlier_remover__sev_outliers_cols': ['car_age', 'mileage'], 'outlier_remover__outlier_method': 'Isolation_Forest', 'outlier_remover__n_neighbors': 30, 'outlier_remover__model_columns': ['tax', 'mpg'], 'outlier_remover__mod_outliers_cols': ['tax', 'mpg'], 'outlier_remover__contamination_LOF': 0.15, 'outlier_remover__contamination_IF': 0.15, 'model': HistGradientBoostingRegressor(max_depth=5, random_state=42), 'imputer__knn_scaling_method': 'minmax', 'imputer__knn_neighbors': 10, 'imputer__imputation_method': 'knn_modelwise', 'encoder__method': 'target'}",-2495.076914346612,-3501.854896747209,-3320.725229095618,-3105.885680063146,438.19135875627904,251,-2228.3056467152755,-2977.720814087418,-2918.5195006111953,-2708.181987137963,340.18345585133005
237,1,4000,0.5835500558217367,0.25593397323842204,0.016962289810180664,0.0025891362251455018,kbest,9,hgb,6,minmax,"['car_age', 'mileage', 'tax', 'mpg']",2,"['car_age', 'mileage']",LOF,30,"['car_age', 'mileage', 'tax', 'mpg', 'engineSize']","['car_age', 'mileage', 'tax', 'mpg']",0.05,0.3,"HistGradientBoostingRegressor(max_depth=5, random_state=42)",robust,14,iterative,freq,"{'selector__selection_method': 'kbest', 'selector__n_features_to_select': 9, 'selector__model_name': 'hgb', 'selector__k': 6, 'scaler__scaler_name': 'minmax', 'outlier_remover__z_columns': ['car_age', 'mileage', 'tax', 'mpg'], 'outlier_remover__threshold': 2, 'outlier_remover__sev_outliers_cols': ['car_age', 'mileage'], 'outlier_remover__outlier_method': 'LOF', 'outlier_remover__n_neighbors': 30, 'outlier_remover__model_columns': ['car_age', 'mileage', 'tax', 'mpg', 'engineSize'], 'outlier_remover__mod_outliers_cols': ['car_age', 'mileage', 'tax', 'mpg'], 'outlier_remover__contamination_LOF': 0.05, 'outlier_remover__contamination_IF': 0.3, 'model': HistGradientBoostingRegressor(max_depth=5, random_state=42), 'imputer__knn_scaling_method': 'robust', 'imputer__knn_neighbors': 14, 'imputer__imputation_method': 'iterative', 'encoder__method': 'freq'}",-2824.1487131155554,-2823.730555003476,-2619.934523530531,-2755.9379305498537,96.16908288599289,220,-2457.7610491498517,-2359.5585063962594,-2261.9628638017684,-2359.7608064492933,79.93440244093564
238,1,4000,0.6001266638437907,0.03556675055214557,0.1377562681833903,0.015583089472206105,kbest,5,hgb,5,standard,"['car_age', 'mileage', 'tax', 'mpg']",2,"['car_age', 'mileage', 'engineSize']",LOF,90,"['car_age', 'mileage', 'tax', 'mpg']","['tax', 'mpg']",0.5,0.15,"HistGradientBoostingRegressor(max_depth=5, random_state=42)",standard,19,knn_modelwise,target,"{'selector__selection_method': 'kbest', 'selector__n_features_to_select': 5, 'selector__model_name': 'hgb', 'selector__k': 5, 'scaler__scaler_name': 'standard', 'outlier_remover__z_columns': ['car_age', 'mileage', 'tax', 'mpg'], 'outlier_remover__threshold': 2, 'outlier_remover__sev_outliers_cols': ['car_age', 'mileage', 'engineSize'], 'outlier_remover__outlier_method': 'LOF', 'outlier_remover__n_neighbors': 90, 'outlier_remover__model_columns': ['car_age', 'mileage', 'tax', 'mpg'], 'outlier_remover__mod_outliers_cols': ['tax', 'mpg'], 'outlier_remover__contamination_LOF': 0.5, 'outlier_remover__contamination_IF': 0.15, 'model': HistGradientBoostingRegressor(max_depth=5, random_state=42), 'imputer__knn_scaling_method': 'standard', 'imputer__knn_neighbors': 19, 'imputer__imputation_method': 'knn_modelwise', 'encoder__method': 'target'}",-2711.84604309623,-2728.342797706458,-2505.823619367798,-2648.6708200568287,101.23249737341153,205,-2554.399658538671,-2373.8693520134266,-2298.040438988204,-2408.769816513434,107.5284278035915
239,1,4000,0.6541923681894938,0.06644489040826859,0.1343251864115397,0.014699347440889313,kbest,10,hgb,5,minmax,"['car_age', 'mileage', 'tax', 'mpg']",2,"['car_age', 'mileage', 'engineSize']",z_score,90,"['car_age', 'mileage', 'tax', 'mpg']","['tax', 'mpg']",0.5,0.05,"HistGradientBoostingRegressor(max_depth=5, random_state=42)",minmax,19,knn_modelwise,freq,"{'selector__selection_method': 'kbest', 'selector__n_features_to_select': 10, 'selector__model_name': 'hgb', 'selector__k': 5, 'scaler__scaler_name': 'minmax', 'outlier_remover__z_columns': ['car_age', 'mileage', 'tax', 'mpg'], 'outlier_remover__threshold': 2, 'outlier_remover__sev_outliers_cols': ['car_age', 'mileage', 'engineSize'], 'outlier_remover__outlier_method': 'z_score', 'outlier_remover__n_neighbors': 90, 'outlier_remover__model_columns': ['car_age', 'mileage', 'tax', 'mpg'], 'outlier_remover__mod_outliers_cols': ['tax', 'mpg'], 'outlier_remover__contamination_LOF': 0.5, 'outlier_remover__contamination_IF': 0.05, 'model': HistGradientBoostingRegressor(max_depth=5, random_state=42), 'imputer__knn_scaling_method': 'minmax', 'imputer__knn_neighbors': 19, 'imputer__imputation_method': 'knn_modelwise', 'encoder__method': 'freq'}",-2729.6020542398437,-2724.2646190081973,-2572.057709149702,-2675.3081274659144,73.04158046650609,209,-2350.858337848467,-2253.305773252406,-2204.285989781456,-2269.4833669607765,60.9215299004332
240,1,4000,0.4938813845316569,0.02589861992328162,0.013719638188680014,0.0008553423798858208,kbest,8,hgb,8,standard,"['car_age', 'mileage', 'tax', 'mpg']",3,"['car_age', 'mileage']",Isolation_Forest,100,"['car_age', 'mileage', 'tax', 'mpg', 'engineSize']","['car_age', 'mileage', 'tax', 'mpg']",0.05,0.3,"HistGradientBoostingRegressor(max_depth=5, random_state=42)",standard,13,iterative,freq,"{'selector__selection_method': 'kbest', 'selector__n_features_to_select': 8, 'selector__model_name': 'hgb', 'selector__k': 8, 'scaler__scaler_name': 'standard', 'outlier_remover__z_columns': ['car_age', 'mileage', 'tax', 'mpg'], 'outlier_remover__threshold': 3, 'outlier_remover__sev_outliers_cols': ['car_age', 'mileage'], 'outlier_remover__outlier_method': 'Isolation_Forest', 'outlier_remover__n_neighbors': 100, 'outlier_remover__model_columns': ['car_age', 'mileage', 'tax', 'mpg', 'engineSize'], 'outlier_remover__mod_outliers_cols': ['car_age', 'mileage', 'tax', 'mpg'], 'outlier_remover__contamination_LOF': 0.05, 'outlier_remover__contamination_IF': 0.3, 'model': HistGradientBoostingRegressor(max_depth=5, random_state=42), 'imputer__knn_scaling_method': 'standard', 'imputer__knn_neighbors': 13, 'imputer__imputation_method': 'iterative', 'encoder__method': 'freq'}",-2695.509305008279,-2505.817652789952,-2555.811983006621,-2585.7129802682844,80.27570391370476,195,-2469.267007854549,-2269.8369318944274,-2243.1715780301597,-2327.4251725930458,100.88637155050655
241,1,4000,0.4604247411092122,0.08399100227955986,0.1430350144704183,0.013198599403996748,kbest,8,hgb,5,robust,"['car_age', 'mileage', 'tax', 'mpg']",3,"['car_age', 'mileage']",IQR,100,"['car_age', 'mileage', 'tax', 'mpg', 'engineSize']","['tax', 'mpg']",0.05,0.15,"HistGradientBoostingRegressor(max_depth=5, random_state=42)",minmax,11,knn_modelwise,freq,"{'selector__selection_method': 'kbest', 'selector__n_features_to_select': 8, 'selector__model_name': 'hgb', 'selector__k': 5, 'scaler__scaler_name': 'robust', 'outlier_remover__z_columns': ['car_age', 'mileage', 'tax', 'mpg'], 'outlier_remover__threshold': 3, 'outlier_remover__sev_outliers_cols': ['car_age', 'mileage'], 'outlier_remover__outlier_method': 'IQR', 'outlier_remover__n_neighbors': 100, 'outlier_remover__model_columns': ['car_age', 'mileage', 'tax', 'mpg', 'engineSize'], 'outlier_remover__mod_outliers_cols': ['tax', 'mpg'], 'outlier_remover__contamination_LOF': 0.05, 'outlier_remover__contamination_IF': 0.15, 'model': HistGradientBoostingRegressor(max_depth=5, random_state=42), 'imputer__knn_scaling_method': 'minmax', 'imputer__knn_neighbors': 11, 'imputer__imputation_method': 'knn_modelwise', 'encoder__method': 'freq'}",-2747.307824367765,-2719.643484319774,-2552.584387517746,-2673.1785654017617,86.01761731263319,208,-2377.9208587961425,-2252.217570758664,-2201.726947935208,-2277.2884591633383,74.08322185293802
242,1,4000,0.6096123854319254,0.015063045818862373,0.14697885513305664,0.011860472237990156,kbest,10,hgb,7,minmax,"['car_age', 'mileage', 'tax', 'mpg']",3,"['car_age', 'mileage']",IQR,70,"['tax', 'mpg']","['car_age', 'mileage', 'tax', 'mpg']",0.05,0.3,"HistGradientBoostingRegressor(max_depth=5, random_state=42)",robust,19,knn_modelwise,freq,"{'selector__selection_method': 'kbest', 'selector__n_features_to_select': 10, 'selector__model_name': 'hgb', 'selector__k': 7, 'scaler__scaler_name': 'minmax', 'outlier_remover__z_columns': ['car_age', 'mileage', 'tax', 'mpg'], 'outlier_remover__threshold': 3, 'outlier_remover__sev_outliers_cols': ['car_age', 'mileage'], 'outlier_remover__outlier_method': 'IQR', 'outlier_remover__n_neighbors': 70, 'outlier_remover__model_columns': ['tax', 'mpg'], 'outlier_remover__mod_outliers_cols': ['car_age', 'mileage', 'tax', 'mpg'], 'outlier_remover__contamination_LOF': 0.05, 'outlier_remover__contamination_IF': 0.3, 'model': HistGradientBoostingRegressor(max_depth=5, random_state=42), 'imputer__knn_scaling_method': 'robust', 'imputer__knn_neighbors': 19, 'imputer__imputation_method': 'knn_modelwise', 'encoder__method': 'freq'}",-2670.3269997121906,-2719.241398251781,-2544.4526859550497,-2644.6736946396736,73.62672763086827,203,-2322.4543277272373,-2233.1793791209248,-2179.145929297845,-2244.9265453820026,59.09213823329012
243,1,4000,0.619326670964559,0.01019775118665493,0.1406569480895996,0.007380381104496601,kbest,9,hgb,7,robust,"['car_age', 'mileage', 'tax', 'mpg']",3,"['car_age', 'mileage', 'engineSize']",LOF,50,"['car_age', 'mileage', 'tax', 'mpg', 'engineSize']","['tax', 'mpg']",0.05,0.5,"HistGradientBoostingRegressor(max_depth=5, random_state=42)",minmax,19,knn_modelwise,freq,"{'selector__selection_method': 'kbest', 'selector__n_features_to_select': 9, 'selector__model_name': 'hgb', 'selector__k': 7, 'scaler__scaler_name': 'robust', 'outlier_remover__z_columns': ['car_age', 'mileage', 'tax', 'mpg'], 'outlier_remover__threshold': 3, 'outlier_remover__sev_outliers_cols': ['car_age', 'mileage', 'engineSize'], 'outlier_remover__outlier_method': 'LOF', 'outlier_remover__n_neighbors': 50, 'outlier_remover__model_columns': ['car_age', 'mileage', 'tax', 'mpg', 'engineSize'], 'outlier_remover__mod_outliers_cols': ['tax', 'mpg'], 'outlier_remover__contamination_LOF': 0.05, 'outlier_remover__contamination_IF': 0.5, 'model': HistGradientBoostingRegressor(max_depth=5, random_state=42), 'imputer__knn_scaling_method': 'minmax', 'imputer__knn_neighbors': 19, 'imputer__imputation_method': 'knn_modelwise', 'encoder__method': 'freq'}",-2724.1030667466716,-2693.672690888729,-2540.8428749835048,-2652.8728775396353,80.18538124562292,206,-2287.0162425687004,-2212.784486694268,-2196.080502581943,-2231.9604106149704,39.52310923492912
244,1,4000,0.4019614060719808,0.004875729685229913,0.014799674352010092,0.0017784096850707732,kbest,8,hgb,10,robust,"['car_age', 'mileage', 'tax', 'mpg']",2,"['car_age', 'mileage']",LOF,100,"['car_age', 'mileage', 'tax', 'mpg']","['car_age', 'mileage', 'tax', 'mpg']",0.5,0.15,"HistGradientBoostingRegressor(max_depth=5, random_state=42)",robust,11,iterative,freq,"{'selector__selection_method': 'kbest', 'selector__n_features_to_select': 8, 'selector__model_name': 'hgb', 'selector__k': 10, 'scaler__scaler_name': 'robust', 'outlier_remover__z_columns': ['car_age', 'mileage', 'tax', 'mpg'], 'outlier_remover__threshold': 2, 'outlier_remover__sev_outliers_cols': ['car_age', 'mileage'], 'outlier_remover__outlier_method': 'LOF', 'outlier_remover__n_neighbors': 100, 'outlier_remover__model_columns': ['car_age', 'mileage', 'tax', 'mpg'], 'outlier_remover__mod_outliers_cols': ['car_age', 'mileage', 'tax', 'mpg'], 'outlier_remover__contamination_LOF': 0.5, 'outlier_remover__contamination_IF': 0.15, 'model': HistGradientBoostingRegressor(max_depth=5, random_state=42), 'imputer__knn_scaling_method': 'robust', 'imputer__knn_neighbors': 11, 'imputer__imputation_method': 'iterative', 'encoder__method': 'freq'}",-2630.723799540401,-2453.4333010421324,-2444.335696043357,-2509.497598875297,85.80029292860071,179,-2210.244349949333,-2100.4292855305503,-2059.517242793231,-2123.3969594243713,63.641185516830376
245,1,4000,0.4120306173960368,0.010620893934456758,0.01552144686381022,0.004934793564734895,kbest,5,hgb,6,standard,"['car_age', 'mileage', 'tax', 'mpg']",3,"['car_age', 'mileage', 'engineSize']",Isolation_Forest,30,"['car_age', 'mileage', 'tax', 'mpg']","['car_age', 'mileage', 'tax', 'mpg']",0.05,0.3,"HistGradientBoostingRegressor(max_depth=5, random_state=42)",robust,10,iterative,target,"{'selector__selection_method': 'kbest', 'selector__n_features_to_select': 5, 'selector__model_name': 'hgb', 'selector__k': 6, 'scaler__scaler_name': 'standard', 'outlier_remover__z_columns': ['car_age', 'mileage', 'tax', 'mpg'], 'outlier_remover__threshold': 3, 'outlier_remover__sev_outliers_cols': ['car_age', 'mileage', 'engineSize'], 'outlier_remover__outlier_method': 'Isolation_Forest', 'outlier_remover__n_neighbors': 30, 'outlier_remover__model_columns': ['car_age', 'mileage', 'tax', 'mpg'], 'outlier_remover__mod_outliers_cols': ['car_age', 'mileage', 'tax', 'mpg'], 'outlier_remover__contamination_LOF': 0.05, 'outlier_remover__contamination_IF': 0.3, 'model': HistGradientBoostingRegressor(max_depth=5, random_state=42), 'imputer__knn_scaling_method': 'robust', 'imputer__knn_neighbors': 10, 'imputer__imputation_method': 'iterative', 'encoder__method': 'target'}",-2736.6026584105107,-2613.4635018792223,-2495.7452204355004,-2615.2704602417443,98.33793835837858,196,-2434.3116175541772,-2332.6637218661335,-2212.59496533636,-2326.5234349188904,90.61951890740757
246,1,4000,0.3054646650950114,0.039486131384472066,0.012945175170898438,0.005056667980025005,kbest,10,hgb,9,standard,"['car_age', 'mileage', 'tax', 'mpg']",2,"['car_age', 'mileage']",LOF,50,"['car_age', 'mileage', 'tax', 'mpg', 'engineSize']","['tax', 'mpg']",0.5,0.3,"HistGradientBoostingRegressor(max_depth=5, random_state=42)",robust,16,simple,freq,"{'selector__selection_method': 'kbest', 'selector__n_features_to_select': 10, 'selector__model_name': 'hgb', 'selector__k': 9, 'scaler__scaler_name': 'standard', 'outlier_remover__z_columns': ['car_age', 'mileage', 'tax', 'mpg'], 'outlier_remover__threshold': 2, 'outlier_remover__sev_outliers_cols': ['car_age', 'mileage'], 'outlier_remover__outlier_method': 'LOF', 'outlier_remover__n_neighbors': 50, 'outlier_remover__model_columns': ['car_age', 'mileage', 'tax', 'mpg', 'engineSize'], 'outlier_remover__mod_outliers_cols': ['tax', 'mpg'], 'outlier_remover__contamination_LOF': 0.5, 'outlier_remover__contamination_IF': 0.3, 'model': HistGradientBoostingRegressor(max_depth=5, random_state=42), 'imputer__knn_scaling_method': 'robust', 'imputer__knn_neighbors': 16, 'imputer__imputation_method': 'simple', 'encoder__method': 'freq'}",-2486.058105502669,-2544.582194470417,-2432.26361591504,-2487.6346386293753,45.867416646240976,177,-2135.4064497476984,-2159.7071279009388,-2134.8806464234895,-2143.331408024042,11.581372066062988
247,1,4000,0.5454067389170328,0.010169219811531828,0.15283934275309244,0.0198623836619403,kbest,7,hgb,5,robust,"['car_age', 'mileage', 'tax', 'mpg']",3,"['car_age', 'mileage', 'engineSize']",LOF,90,"['car_age', 'mileage', 'tax', 'mpg']","['car_age', 'mileage', 'tax', 'mpg']",0.15,0.05,"HistGradientBoostingRegressor(max_depth=5, random_state=42)",standard,17,knn_modelwise,target,"{'selector__selection_method': 'kbest', 'selector__n_features_to_select': 7, 'selector__model_name': 'hgb', 'selector__k': 5, 'scaler__scaler_name': 'robust', 'outlier_remover__z_columns': ['car_age', 'mileage', 'tax', 'mpg'], 'outlier_remover__threshold': 3, 'outlier_remover__sev_outliers_cols': ['car_age', 'mileage', 'engineSize'], 'outlier_remover__outlier_method': 'LOF', 'outlier_remover__n_neighbors': 90, 'outlier_remover__model_columns': ['car_age', 'mileage', 'tax', 'mpg'], 'outlier_remover__mod_outliers_cols': ['car_age', 'mileage', 'tax', 'mpg'], 'outlier_remover__contamination_LOF': 0.15, 'outlier_remover__contamination_IF': 0.05, 'model': HistGradientBoostingRegressor(max_depth=5, random_state=42), 'imputer__knn_scaling_method': 'standard', 'imputer__knn_neighbors': 17, 'imputer__imputation_method': 'knn_modelwise', 'encoder__method': 'target'}",-2457.710225173746,-2578.009828004399,-2374.3998697196853,-2470.039974299277,83.57938666640878,172,-2192.9591912333485,-2093.2215704948753,-2060.8114851311034,-2115.6640822864424,56.23465010505717
248,1,4000,0.44078628222147626,0.06406116911701605,0.011907656987508139,0.003169356383603407,kbest,6,hgb,8,standard,"['car_age', 'mileage', 'tax', 'mpg']",3,"['car_age', 'mileage', 'engineSize']",Isolation_Forest,70,"['car_age', 'mileage', 'tax', 'mpg']","['tax', 'mpg']",0.3,0.3,"HistGradientBoostingRegressor(max_depth=5, random_state=42)",standard,13,simple,target,"{'selector__selection_method': 'kbest', 'selector__n_features_to_select': 6, 'selector__model_name': 'hgb', 'selector__k': 8, 'scaler__scaler_name': 'standard', 'outlier_remover__z_columns': ['car_age', 'mileage', 'tax', 'mpg'], 'outlier_remover__threshold': 3, 'outlier_remover__sev_outliers_cols': ['car_age', 'mileage', 'engineSize'], 'outlier_remover__outlier_method': 'Isolation_Forest', 'outlier_remover__n_neighbors': 70, 'outlier_remover__model_columns': ['car_age', 'mileage', 'tax', 'mpg'], 'outlier_remover__mod_outliers_cols': ['tax', 'mpg'], 'outlier_remover__contamination_LOF': 0.3, 'outlier_remover__contamination_IF': 0.3, 'model': HistGradientBoostingRegressor(max_depth=5, random_state=42), 'imputer__knn_scaling_method': 'standard', 'imputer__knn_neighbors': 13, 'imputer__imputation_method': 'simple', 'encoder__method': 'target'}",-2499.2445736649674,-2546.3758344199928,-2407.816651358619,-2484.479019814526,57.522042082674936,176,-2141.413679524016,-2084.6529565734927,-2069.1429667281755,-2098.4032009418947,31.065156227385465
249,1,4000,0.39406538009643555,0.012670625949383563,0.010867436726888021,0.0009018931324870055,kbest,9,hgb,10,robust,"['car_age', 'mileage', 'tax', 'mpg']",3,"['car_age', 'mileage']",Isolation_Forest,70,"['car_age', 'mileage', 'tax', 'mpg']","['tax', 'mpg']",0.3,0.15,"HistGradientBoostingRegressor(max_depth=5, random_state=42)",standard,10,simple,freq,"{'selector__selection_method': 'kbest', 'selector__n_features_to_select': 9, 'selector__model_name': 'hgb', 'selector__k': 10, 'scaler__scaler_name': 'robust', 'outlier_remover__z_columns': ['car_age', 'mileage', 'tax', 'mpg'], 'outlier_remover__threshold': 3, 'outlier_remover__sev_outliers_cols': ['car_age', 'mileage'], 'outlier_remover__outlier_method': 'Isolation_Forest', 'outlier_remover__n_neighbors': 70, 'outlier_remover__model_columns': ['car_age', 'mileage', 'tax', 'mpg'], 'outlier_remover__mod_outliers_cols': ['tax', 'mpg'], 'outlier_remover__contamination_LOF': 0.3, 'outlier_remover__contamination_IF': 0.15, 'model': HistGradientBoostingRegressor(max_depth=5, random_state=42), 'imputer__knn_scaling_method': 'standard', 'imputer__knn_neighbors': 10, 'imputer__imputation_method': 'simple', 'encoder__method': 'freq'}",-2434.285919572272,-2364.5107538067145,-2312.2742424112907,-2370.3569719300926,49.98230380623709,149,-1967.913610823705,-1940.5161307352105,-1877.3542078060873,-1928.5946497883342,37.91958728416296
250,1,4000,0.3128839333852132,0.0058267910418909365,0.012047290802001953,0.0019465854321630027,kbest,10,hgb,8,minmax,"['car_age', 'mileage', 'tax', 'mpg']",3,"['car_age', 'mileage', 'engineSize']",z_score,30,"['tax', 'mpg']","['car_age', 'mileage', 'tax', 'mpg']",0.05,0.5,"HistGradientBoostingRegressor(max_depth=5, random_state=42)",standard,16,simple,freq,"{'selector__selection_method': 'kbest', 'selector__n_features_to_select': 10, 'selector__model_name': 'hgb', 'selector__k': 8, 'scaler__scaler_name': 'minmax', 'outlier_remover__z_columns': ['car_age', 'mileage', 'tax', 'mpg'], 'outlier_remover__threshold': 3, 'outlier_remover__sev_outliers_cols': ['car_age', 'mileage', 'engineSize'], 'outlier_remover__outlier_method': 'z_score', 'outlier_remover__n_neighbors': 30, 'outlier_remover__model_columns': ['tax', 'mpg'], 'outlier_remover__mod_outliers_cols': ['car_age', 'mileage', 'tax', 'mpg'], 'outlier_remover__contamination_LOF': 0.05, 'outlier_remover__contamination_IF': 0.5, 'model': HistGradientBoostingRegressor(max_depth=5, random_state=42), 'imputer__knn_scaling_method': 'standard', 'imputer__knn_neighbors': 16, 'imputer__imputation_method': 'simple', 'encoder__method': 'freq'}",-2371.4347214765326,-2367.632367107321,-2234.852538579639,-2324.639875721164,63.50820895974375,140,-1952.287889285693,-1858.5895989768394,-1858.6754392008363,-1889.8509758211228,44.14957881545168
251,1,4000,0.32665149370829266,0.015615376574116106,0.012836297353108725,0.001670997251421295,kbest,10,hgb,5,robust,"['car_age', 'mileage', 'tax', 'mpg']",2,"['car_age', 'mileage']",LOF,70,"['car_age', 'mileage', 'tax', 'mpg']","['car_age', 'mileage', 'tax', 'mpg']",0.05,0.5,"HistGradientBoostingRegressor(max_depth=5, random_state=42)",minmax,20,simple,target,"{'selector__selection_method': 'kbest', 'selector__n_features_to_select': 10, 'selector__model_name': 'hgb', 'selector__k': 5, 'scaler__scaler_name': 'robust', 'outlier_remover__z_columns': ['car_age', 'mileage', 'tax', 'mpg'], 'outlier_remover__threshold': 2, 'outlier_remover__sev_outliers_cols': ['car_age', 'mileage'], 'outlier_remover__outlier_method': 'LOF', 'outlier_remover__n_neighbors': 70, 'outlier_remover__model_columns': ['car_age', 'mileage', 'tax', 'mpg'], 'outlier_remover__mod_outliers_cols': ['car_age', 'mileage', 'tax', 'mpg'], 'outlier_remover__contamination_LOF': 0.05, 'outlier_remover__contamination_IF': 0.5, 'model': HistGradientBoostingRegressor(max_depth=5, random_state=42), 'imputer__knn_scaling_method': 'minmax', 'imputer__knn_neighbors': 20, 'imputer__imputation_method': 'simple', 'encoder__method': 'target'}",-2399.338186118883,-2417.4633787050816,-2331.08576290857,-2382.6291092441784,37.19021435069577,155,-2083.0185619484128,-2154.8708175053434,-2061.054795157736,-2099.6480582038307,40.06466956944665
252,1,4000,0.2660619417826335,0.04905417327023535,0.012644131978352865,0.0036810083892167356,kbest,5,hgb,6,robust,"['car_age', 'mileage', 'tax', 'mpg']",3,"['car_age', 'mileage']",LOF,90,"['car_age', 'mileage', 'tax', 'mpg', 'engineSize']","['car_age', 'mileage', 'tax', 'mpg']",0.5,0.3,"HistGradientBoostingRegressor(max_depth=5, random_state=42)",standard,19,simple,target,"{'selector__selection_method': 'kbest', 'selector__n_features_to_select': 5, 'selector__model_name': 'hgb', 'selector__k': 6, 'scaler__scaler_name': 'robust', 'outlier_remover__z_columns': ['car_age', 'mileage', 'tax', 'mpg'], 'outlier_remover__threshold': 3, 'outlier_remover__sev_outliers_cols': ['car_age', 'mileage'], 'outlier_remover__outlier_method': 'LOF', 'outlier_remover__n_neighbors': 90, 'outlier_remover__model_columns': ['car_age', 'mileage', 'tax', 'mpg', 'engineSize'], 'outlier_remover__mod_outliers_cols': ['car_age', 'mileage', 'tax', 'mpg'], 'outlier_remover__contamination_LOF': 0.5, 'outlier_remover__contamination_IF': 0.3, 'model': HistGradientBoostingRegressor(max_depth=5, random_state=42), 'imputer__knn_scaling_method': 'standard', 'imputer__knn_neighbors': 19, 'imputer__imputation_method': 'simple', 'encoder__method': 'target'}",-2529.1560261719324,-2542.220867120153,-2507.637371460733,-2526.338088250939,14.258567567167145,183,-2236.919245705651,-2053.305795866639,-2191.6976458744766,-2160.640895815589,78.1104603904454
253,1,4000,0.5349552631378174,0.018428541214775745,0.14404034614562988,0.024401186021452848,kbest,9,hgb,9,minmax,"['car_age', 'mileage', 'tax', 'mpg']",2,"['car_age', 'mileage', 'engineSize']",LOF,50,"['tax', 'mpg']","['tax', 'mpg']",0.5,0.3,"HistGradientBoostingRegressor(max_depth=5, random_state=42)",standard,19,knn_modelwise,target,"{'selector__selection_method': 'kbest', 'selector__n_features_to_select': 9, 'selector__model_name': 'hgb', 'selector__k': 9, 'scaler__scaler_name': 'minmax', 'outlier_remover__z_columns': ['car_age', 'mileage', 'tax', 'mpg'], 'outlier_remover__threshold': 2, 'outlier_remover__sev_outliers_cols': ['car_age', 'mileage', 'engineSize'], 'outlier_remover__outlier_method': 'LOF', 'outlier_remover__n_neighbors': 50, 'outlier_remover__model_columns': ['tax', 'mpg'], 'outlier_remover__mod_outliers_cols': ['tax', 'mpg'], 'outlier_remover__contamination_LOF': 0.5, 'outlier_remover__contamination_IF': 0.3, 'model': HistGradientBoostingRegressor(max_depth=5, random_state=42), 'imputer__knn_scaling_method': 'standard', 'imputer__knn_neighbors': 19, 'imputer__imputation_method': 'knn_modelwise', 'encoder__method': 'target'}",-2409.39581638033,-2428.6744735751226,-2231.2910883320155,-2356.4537927624892,88.85266302920134,148,-2147.8028598752944,-2102.4329907801457,-2069.5701919084,-2106.6020141879467,32.07411366856128
254,1,4000,0.32627129554748535,0.04338271534331446,0.014836390813191732,0.0004765955524826752,kbest,8,hgb,8,minmax,"['car_age', 'mileage', 'tax', 'mpg']",2,"['car_age', 'mileage', 'engineSize']",LOF,50,"['car_age', 'mileage', 'tax', 'mpg', 'engineSize']","['car_age', 'mileage', 'tax', 'mpg']",0.5,0.5,"HistGradientBoostingRegressor(max_depth=5, random_state=42)",robust,10,simple,target,"{'selector__selection_method': 'kbest', 'selector__n_features_to_select': 8, 'selector__model_name': 'hgb', 'selector__k': 8, 'scaler__scaler_name': 'minmax', 'outlier_remover__z_columns': ['car_age', 'mileage', 'tax', 'mpg'], 'outlier_remover__threshold': 2, 'outlier_remover__sev_outliers_cols': ['car_age', 'mileage', 'engineSize'], 'outlier_remover__outlier_method': 'LOF', 'outlier_remover__n_neighbors': 50, 'outlier_remover__model_columns': ['car_age', 'mileage', 'tax', 'mpg', 'engineSize'], 'outlier_remover__mod_outliers_cols': ['car_age', 'mileage', 'tax', 'mpg'], 'outlier_remover__contamination_LOF': 0.5, 'outlier_remover__contamination_IF': 0.5, 'model': HistGradientBoostingRegressor(max_depth=5, random_state=42), 'imputer__knn_scaling_method': 'robust', 'imputer__knn_neighbors': 10, 'imputer__imputation_method': 'simple', 'encoder__method': 'target'}",-2324.1721147518842,-2333.1332561774993,-2201.0206983982985,-2286.108689775894,60.277415457852314,134,-1984.3594287801877,-1957.800741011884,-1973.2989719312593,-1971.8197139077768,10.892876180286823
255,1,4000,0.32846657435099286,0.0110324010761546,0.013853867848714193,0.0004791770717441921,kbest,7,hgb,8,minmax,"['car_age', 'mileage', 'tax', 'mpg']",3,"['car_age', 'mileage']",IQR,50,"['car_age', 'mileage', 'tax', 'mpg']","['tax', 'mpg']",0.3,0.05,"HistGradientBoostingRegressor(max_depth=5, random_state=42)",minmax,20,simple,freq,"{'selector__selection_method': 'kbest', 'selector__n_features_to_select': 7, 'selector__model_name': 'hgb', 'selector__k': 8, 'scaler__scaler_name': 'minmax', 'outlier_remover__z_columns': ['car_age', 'mileage', 'tax', 'mpg'], 'outlier_remover__threshold': 3, 'outlier_remover__sev_outliers_cols': ['car_age', 'mileage'], 'outlier_remover__outlier_method': 'IQR', 'outlier_remover__n_neighbors': 50, 'outlier_remover__model_columns': ['car_age', 'mileage', 'tax', 'mpg'], 'outlier_remover__mod_outliers_cols': ['tax', 'mpg'], 'outlier_remover__contamination_LOF': 0.3, 'outlier_remover__contamination_IF': 0.05, 'model': HistGradientBoostingRegressor(max_depth=5, random_state=42), 'imputer__knn_scaling_method': 'minmax', 'imputer__knn_neighbors': 20, 'imputer__imputation_method': 'simple', 'encoder__method': 'freq'}",-2362.550896467412,-2360.1302304062406,-2254.495826131208,-2325.72565100162,50.376786117861236,141,-1933.9712260732895,-1861.3107702968816,-1877.596901080497,-1890.9596324835559,31.13205637625581
256,1,4000,0.33947324752807617,0.0017022139191646367,0.015998284022013348,0.004114651684221564,kbest,5,hgb,10,robust,"['car_age', 'mileage', 'tax', 'mpg']",2,"['car_age', 'mileage']",LOF,50,"['tax', 'mpg']","['car_age', 'mileage', 'tax', 'mpg']",0.3,0.3,"HistGradientBoostingRegressor(max_depth=5, random_state=42)",robust,16,iterative,freq,"{'selector__selection_method': 'kbest', 'selector__n_features_to_select': 5, 'selector__model_name': 'hgb', 'selector__k': 10, 'scaler__scaler_name': 'robust', 'outlier_remover__z_columns': ['car_age', 'mileage', 'tax', 'mpg'], 'outlier_remover__threshold': 2, 'outlier_remover__sev_outliers_cols': ['car_age', 'mileage'], 'outlier_remover__outlier_method': 'LOF', 'outlier_remover__n_neighbors': 50, 'outlier_remover__model_columns': ['tax', 'mpg'], 'outlier_remover__mod_outliers_cols': ['car_age', 'mileage', 'tax', 'mpg'], 'outlier_remover__contamination_LOF': 0.3, 'outlier_remover__contamination_IF': 0.3, 'model': HistGradientBoostingRegressor(max_depth=5, random_state=42), 'imputer__knn_scaling_method': 'robust', 'imputer__knn_neighbors': 16, 'imputer__imputation_method': 'iterative', 'encoder__method': 'freq'}",-2365.0707688821926,-2347.5647578579606,-2223.9211976456777,-2312.1855747952773,62.82019479275837,138,-1988.7479228023171,-1936.9580260761563,-1925.0604275566343,-1950.2554588117025,27.648273613187275
257,1,4000,0.5304884115854899,0.028949930557285352,0.1430055300394694,0.014059613795870125,kbest,8,hgb,8,minmax,"['car_age', 'mileage', 'tax', 'mpg']",3,"['car_age', 'mileage']",IQR,100,"['car_age', 'mileage', 'tax', 'mpg']","['car_age', 'mileage', 'tax', 'mpg']",0.05,0.5,"HistGradientBoostingRegressor(max_depth=5, random_state=42)",standard,20,knn_modelwise,freq,"{'selector__selection_method': 'kbest', 'selector__n_features_to_select': 8, 'selector__model_name': 'hgb', 'selector__k': 8, 'scaler__scaler_name': 'minmax', 'outlier_remover__z_columns': ['car_age', 'mileage', 'tax', 'mpg'], 'outlier_remover__threshold': 3, 'outlier_remover__sev_outliers_cols': ['car_age', 'mileage'], 'outlier_remover__outlier_method': 'IQR', 'outlier_remover__n_neighbors': 100, 'outlier_remover__model_columns': ['car_age', 'mileage', 'tax', 'mpg'], 'outlier_remover__mod_outliers_cols': ['car_age', 'mileage', 'tax', 'mpg'], 'outlier_remover__contamination_LOF': 0.05, 'outlier_remover__contamination_IF': 0.5, 'model': HistGradientBoostingRegressor(max_depth=5, random_state=42), 'imputer__knn_scaling_method': 'standard', 'imputer__knn_neighbors': 20, 'imputer__imputation_method': 'knn_modelwise', 'encoder__method': 'freq'}",-2324.1545583420866,-2312.1729267984488,-2176.9161152850643,-2271.0812001418667,66.7641983809609,133,-1896.6317702540387,-1793.6593583762856,-1748.7753263724746,-1813.0221516675995,61.89545121874003
258,1,4000,0.3860639731089274,0.018363642441215067,0.014816999435424805,0.0009672804244126754,kbest,7,hgb,9,robust,"['car_age', 'mileage', 'tax', 'mpg']",3,"['car_age', 'mileage', 'engineSize']",LOF,30,"['car_age', 'mileage', 'tax', 'mpg']","['tax', 'mpg']",0.5,0.15,"HistGradientBoostingRegressor(max_depth=5, random_state=42)",robust,15,iterative,target,"{'selector__selection_method': 'kbest', 'selector__n_features_to_select': 7, 'selector__model_name': 'hgb', 'selector__k': 9, 'scaler__scaler_name': 'robust', 'outlier_remover__z_columns': ['car_age', 'mileage', 'tax', 'mpg'], 'outlier_remover__threshold': 3, 'outlier_remover__sev_outliers_cols': ['car_age', 'mileage', 'engineSize'], 'outlier_remover__outlier_method': 'LOF', 'outlier_remover__n_neighbors': 30, 'outlier_remover__model_columns': ['car_age', 'mileage', 'tax', 'mpg'], 'outlier_remover__mod_outliers_cols': ['tax', 'mpg'], 'outlier_remover__contamination_LOF': 0.5, 'outlier_remover__contamination_IF': 0.15, 'model': HistGradientBoostingRegressor(max_depth=5, random_state=42), 'imputer__knn_scaling_method': 'robust', 'imputer__knn_neighbors': 15, 'imputer__imputation_method': 'iterative', 'encoder__method': 'target'}",-2227.315613873002,-2265.539046235174,-2172.7391043728326,-2221.8645881603366,38.08098881247341,128,-1851.1149588234196,-1925.5710590571684,-1926.3211222275363,-1901.0023800360414,35.27706285132076
259,1,4000,0.513957659403483,0.021984311180135965,0.13192995389302573,0.012935936805410494,kbest,9,hgb,8,robust,"['car_age', 'mileage', 'tax', 'mpg']",2,"['car_age', 'mileage', 'engineSize']",z_score,90,"['car_age', 'mileage', 'tax', 'mpg']","['car_age', 'mileage', 'tax', 'mpg']",0.5,0.15,"HistGradientBoostingRegressor(max_depth=5, random_state=42)",minmax,19,knn_modelwise,freq,"{'selector__selection_method': 'kbest', 'selector__n_features_to_select': 9, 'selector__model_name': 'hgb', 'selector__k': 8, 'scaler__scaler_name': 'robust', 'outlier_remover__z_columns': ['car_age', 'mileage', 'tax', 'mpg'], 'outlier_remover__threshold': 2, 'outlier_remover__sev_outliers_cols': ['car_age', 'mileage', 'engineSize'], 'outlier_remover__outlier_method': 'z_score', 'outlier_remover__n_neighbors': 90, 'outlier_remover__model_columns': ['car_age', 'mileage', 'tax', 'mpg'], 'outlier_remover__mod_outliers_cols': ['car_age', 'mileage', 'tax', 'mpg'], 'outlier_remover__contamination_LOF': 0.5, 'outlier_remover__contamination_IF': 0.15, 'model': HistGradientBoostingRegressor(max_depth=5, random_state=42), 'imputer__knn_scaling_method': 'minmax', 'imputer__knn_neighbors': 19, 'imputer__imputation_method': 'knn_modelwise', 'encoder__method': 'freq'}",-2329.998864470502,-2349.8185298384556,-2181.911393304171,-2287.242929204376,74.91886333515124,135,-1869.0913626899205,-1829.7539808380293,-1758.298748067072,-1819.048030531674,45.860032655268
260,1,4000,0.3817595640818278,0.054755636157157554,0.013346989949544271,0.0009804889850342023,kbest,8,hgb,9,minmax,"['car_age', 'mileage', 'tax', 'mpg']",3,"['car_age', 'mileage', 'engineSize']",LOF,90,"['tax', 'mpg']","['tax', 'mpg']",0.05,0.15,"HistGradientBoostingRegressor(max_depth=5, random_state=42)",standard,19,simple,freq,"{'selector__selection_method': 'kbest', 'selector__n_features_to_select': 8, 'selector__model_name': 'hgb', 'selector__k': 9, 'scaler__scaler_name': 'minmax', 'outlier_remover__z_columns': ['car_age', 'mileage', 'tax', 'mpg'], 'outlier_remover__threshold': 3, 'outlier_remover__sev_outliers_cols': ['car_age', 'mileage', 'engineSize'], 'outlier_remover__outlier_method': 'LOF', 'outlier_remover__n_neighbors': 90, 'outlier_remover__model_columns': ['tax', 'mpg'], 'outlier_remover__mod_outliers_cols': ['tax', 'mpg'], 'outlier_remover__contamination_LOF': 0.05, 'outlier_remover__contamination_IF': 0.15, 'model': HistGradientBoostingRegressor(max_depth=5, random_state=42), 'imputer__knn_scaling_method': 'standard', 'imputer__knn_neighbors': 19, 'imputer__imputation_method': 'simple', 'encoder__method': 'freq'}",-2250.588297986077,-2223.753532335456,-2246.009648629531,-2240.117159650355,11.72084273586235,131,-1828.4399103727822,-1750.3982532234375,-1867.943300333978,-1815.593821310066,48.839710811389445
261,1,4000,0.4324335257212321,0.04270993391589103,0.008265813191731771,0.0008244355502758605,rfe,10,hgb,9,minmax,"['car_age', 'mileage', 'tax', 'mpg']",2,"['car_age', 'mileage']",z_score,90,"['car_age', 'mileage', 'tax', 'mpg']","['tax', 'mpg']",0.5,0.3,"HistGradientBoostingRegressor(max_depth=5, random_state=42)",minmax,15,simple,freq,"{'selector__selection_method': 'rfe', 'selector__n_features_to_select': 10, 'selector__model_name': 'hgb', 'selector__k': 9, 'scaler__scaler_name': 'minmax', 'outlier_remover__z_columns': ['car_age', 'mileage', 'tax', 'mpg'], 'outlier_remover__threshold': 2, 'outlier_remover__sev_outliers_cols': ['car_age', 'mileage'], 'outlier_remover__outlier_method': 'z_score', 'outlier_remover__n_neighbors': 90, 'outlier_remover__model_columns': ['car_age', 'mileage', 'tax', 'mpg'], 'outlier_remover__mod_outliers_cols': ['tax', 'mpg'], 'outlier_remover__contamination_LOF': 0.5, 'outlier_remover__contamination_IF': 0.3, 'model': HistGradientBoostingRegressor(max_depth=5, random_state=42), 'imputer__knn_scaling_method': 'minmax', 'imputer__knn_neighbors': 15, 'imputer__imputation_method': 'simple', 'encoder__method': 'freq'}",-2243.9434894677315,-2228.6995518535186,-2161.23330105908,-2211.2921141267766,35.93983846009377,124,-1814.1601185168727,-1732.7445500605709,-1734.4209267769816,-1760.4418651181415,37.99070606417254
262,1,4000,0.4936806360880534,0.08956397109414625,0.010112285614013672,0.0015595689636511885,rfe,10,hgb,8,robust,"['car_age', 'mileage', 'tax', 'mpg']",2,"['car_age', 'mileage']",z_score,30,"['car_age', 'mileage', 'tax', 'mpg']","['car_age', 'mileage', 'tax', 'mpg']",0.05,0.3,"HistGradientBoostingRegressor(max_depth=5, random_state=42)",standard,19,simple,freq,"{'selector__selection_method': 'rfe', 'selector__n_features_to_select': 10, 'selector__model_name': 'hgb', 'selector__k': 8, 'scaler__scaler_name': 'robust', 'outlier_remover__z_columns': ['car_age', 'mileage', 'tax', 'mpg'], 'outlier_remover__threshold': 2, 'outlier_remover__sev_outliers_cols': ['car_age', 'mileage'], 'outlier_remover__outlier_method': 'z_score', 'outlier_remover__n_neighbors': 30, 'outlier_remover__model_columns': ['car_age', 'mileage', 'tax', 'mpg'], 'outlier_remover__mod_outliers_cols': ['car_age', 'mileage', 'tax', 'mpg'], 'outlier_remover__contamination_LOF': 0.05, 'outlier_remover__contamination_IF': 0.3, 'model': HistGradientBoostingRegressor(max_depth=5, random_state=42), 'imputer__knn_scaling_method': 'standard', 'imputer__knn_neighbors': 19, 'imputer__imputation_method': 'simple', 'encoder__method': 'freq'}",-2243.9434894677315,-2228.6995518535186,-2161.23330105908,-2211.2921141267766,35.93983846009377,124,-1814.1601185168727,-1732.7445500605709,-1734.4209267769816,-1760.4418651181415,37.99070606417254
263,1,4000,0.22811388969421387,0.04518413765661236,0.0129240353902181,0.0012563213494043125,kbest,10,hgb,5,robust,"['car_age', 'mileage', 'tax', 'mpg']",3,"['car_age', 'mileage']",z_score,100,"['car_age', 'mileage', 'tax', 'mpg', 'engineSize']","['tax', 'mpg']",0.15,0.3,"HistGradientBoostingRegressor(max_depth=5, random_state=42)",standard,19,iterative,target,"{'selector__selection_method': 'kbest', 'selector__n_features_to_select': 10, 'selector__model_name': 'hgb', 'selector__k': 5, 'scaler__scaler_name': 'robust', 'outlier_remover__z_columns': ['car_age', 'mileage', 'tax', 'mpg'], 'outlier_remover__threshold': 3, 'outlier_remover__sev_outliers_cols': ['car_age', 'mileage'], 'outlier_remover__outlier_method': 'z_score', 'outlier_remover__n_neighbors': 100, 'outlier_remover__model_columns': ['car_age', 'mileage', 'tax', 'mpg', 'engineSize'], 'outlier_remover__mod_outliers_cols': ['tax', 'mpg'], 'outlier_remover__contamination_LOF': 0.15, 'outlier_remover__contamination_IF': 0.3, 'model': HistGradientBoostingRegressor(max_depth=5, random_state=42), 'imputer__knn_scaling_method': 'standard', 'imputer__knn_neighbors': 19, 'imputer__imputation_method': 'iterative', 'encoder__method': 'target'}",-2377.41712249385,-2352.4193393510645,-2284.83674629945,-2338.224402714788,39.10587069017535,144,-2018.8326937306535,-2047.7586553321376,-1980.4405260654796,-2015.6772917094233,27.572934234224494
264,1,4000,0.5630013147989908,0.0407281254146714,0.010824362436930338,0.0028918820303462187,rfe,10,hgb,6,standard,"['car_age', 'mileage', 'tax', 'mpg']",2,"['car_age', 'mileage', 'engineSize']",Isolation_Forest,100,"['car_age', 'mileage', 'tax', 'mpg', 'engineSize']","['tax', 'mpg']",0.3,0.15,"HistGradientBoostingRegressor(max_depth=5, random_state=42)",standard,18,simple,freq,"{'selector__selection_method': 'rfe', 'selector__n_features_to_select': 10, 'selector__model_name': 'hgb', 'selector__k': 6, 'scaler__scaler_name': 'standard', 'outlier_remover__z_columns': ['car_age', 'mileage', 'tax', 'mpg'], 'outlier_remover__threshold': 2, 'outlier_remover__sev_outliers_cols': ['car_age', 'mileage', 'engineSize'], 'outlier_remover__outlier_method': 'Isolation_Forest', 'outlier_remover__n_neighbors': 100, 'outlier_remover__model_columns': ['car_age', 'mileage', 'tax', 'mpg', 'engineSize'], 'outlier_remover__mod_outliers_cols': ['tax', 'mpg'], 'outlier_remover__contamination_LOF': 0.3, 'outlier_remover__contamination_IF': 0.15, 'model': HistGradientBoostingRegressor(max_depth=5, random_state=42), 'imputer__knn_scaling_method': 'standard', 'imputer__knn_neighbors': 18, 'imputer__imputation_method': 'simple', 'encoder__method': 'freq'}",-2330.6136065005007,-2355.05892122722,-2246.9085766751105,-2310.860368134277,46.30886938913273,137,-1974.7466241628053,-1967.0819529047535,-1883.8839832752071,-1941.904186780922,41.1456340940885
265,1,4000,0.24239134788513184,0.0434325397895692,0.012033541997273764,0.0031830604933529155,kbest,7,hgb,9,standard,"['car_age', 'mileage', 'tax', 'mpg']",2,"['car_age', 'mileage']",LOF,70,"['tax', 'mpg']","['tax', 'mpg']",0.3,0.5,"HistGradientBoostingRegressor(max_depth=5, random_state=42)",standard,13,simple,target,"{'selector__selection_method': 'kbest', 'selector__n_features_to_select': 7, 'selector__model_name': 'hgb', 'selector__k': 9, 'scaler__scaler_name': 'standard', 'outlier_remover__z_columns': ['car_age', 'mileage', 'tax', 'mpg'], 'outlier_remover__threshold': 2, 'outlier_remover__sev_outliers_cols': ['car_age', 'mileage'], 'outlier_remover__outlier_method': 'LOF', 'outlier_remover__n_neighbors': 70, 'outlier_remover__model_columns': ['tax', 'mpg'], 'outlier_remover__mod_outliers_cols': ['tax', 'mpg'], 'outlier_remover__contamination_LOF': 0.3, 'outlier_remover__contamination_IF': 0.5, 'model': HistGradientBoostingRegressor(max_depth=5, random_state=42), 'imputer__knn_scaling_method': 'standard', 'imputer__knn_neighbors': 13, 'imputer__imputation_method': 'simple', 'encoder__method': 'target'}",-2377.6620008203236,-2317.9012305135398,-2182.968899442271,-2292.8440435920443,81.43401375086961,136,-2001.1945155021208,-1871.6878172912582,-1971.649378937113,-1948.177237243497,55.41481328509998
266,1,4000,0.32753650347391766,0.008081953268379493,0.013444105784098307,0.0005184788048990982,kbest,5,hgb,9,standard,"['car_age', 'mileage', 'tax', 'mpg']",2,"['car_age', 'mileage']",z_score,50,"['tax', 'mpg']","['tax', 'mpg']",0.05,0.5,"HistGradientBoostingRegressor(max_depth=5, random_state=42)",robust,17,simple,freq,"{'selector__selection_method': 'kbest', 'selector__n_features_to_select': 5, 'selector__model_name': 'hgb', 'selector__k': 9, 'scaler__scaler_name': 'standard', 'outlier_remover__z_columns': ['car_age', 'mileage', 'tax', 'mpg'], 'outlier_remover__threshold': 2, 'outlier_remover__sev_outliers_cols': ['car_age', 'mileage'], 'outlier_remover__outlier_method': 'z_score', 'outlier_remover__n_neighbors': 50, 'outlier_remover__model_columns': ['tax', 'mpg'], 'outlier_remover__mod_outliers_cols': ['tax', 'mpg'], 'outlier_remover__contamination_LOF': 0.05, 'outlier_remover__contamination_IF': 0.5, 'model': HistGradientBoostingRegressor(max_depth=5, random_state=42), 'imputer__knn_scaling_method': 'robust', 'imputer__knn_neighbors': 17, 'imputer__imputation_method': 'simple', 'encoder__method': 'freq'}",-2253.7067406808824,-2220.931521807925,-2252.497878287318,-2242.3787135920415,15.173482650996977,132,-1820.7851468183758,-1722.4443910906025,-1863.867268180767,-1802.365602029915,59.186525852739656
267,1,4000,0.3177183469136556,0.01889433943651995,0.011482318242390951,0.0017195423225153472,kbest,6,hgb,10,minmax,"['car_age', 'mileage', 'tax', 'mpg']",3,"['car_age', 'mileage', 'engineSize']",z_score,50,"['car_age', 'mileage', 'tax', 'mpg', 'engineSize']","['tax', 'mpg']",0.3,0.5,"HistGradientBoostingRegressor(max_depth=5, random_state=42)",minmax,12,simple,freq,"{'selector__selection_method': 'kbest', 'selector__n_features_to_select': 6, 'selector__model_name': 'hgb', 'selector__k': 10, 'scaler__scaler_name': 'minmax', 'outlier_remover__z_columns': ['car_age', 'mileage', 'tax', 'mpg'], 'outlier_remover__threshold': 3, 'outlier_remover__sev_outliers_cols': ['car_age', 'mileage', 'engineSize'], 'outlier_remover__outlier_method': 'z_score', 'outlier_remover__n_neighbors': 50, 'outlier_remover__model_columns': ['car_age', 'mileage', 'tax', 'mpg', 'engineSize'], 'outlier_remover__mod_outliers_cols': ['tax', 'mpg'], 'outlier_remover__contamination_LOF': 0.3, 'outlier_remover__contamination_IF': 0.5, 'model': HistGradientBoostingRegressor(max_depth=5, random_state=42), 'imputer__knn_scaling_method': 'minmax', 'imputer__knn_neighbors': 12, 'imputer__imputation_method': 'simple', 'encoder__method': 'freq'}",-2262.5280843030255,-2258.5634010721633,-2132.646674826582,-2217.912720067257,60.31392062378791,126,-1819.2144259974655,-1754.6183256500578,-1712.6774575871852,-1762.170069744903,43.82010983303428
268,1,4000,0.314547061920166,0.004165690874199364,0.01212159792582194,0.001304787801814017,kbest,10,hgb,10,minmax,"['car_age', 'mileage', 'tax', 'mpg']",2,"['car_age', 'mileage', 'engineSize']",IQR,70,"['tax', 'mpg']","['tax', 'mpg']",0.3,0.05,"HistGradientBoostingRegressor(max_depth=5, random_state=42)",robust,13,simple,freq,"{'selector__selection_method': 'kbest', 'selector__n_features_to_select': 10, 'selector__model_name': 'hgb', 'selector__k': 10, 'scaler__scaler_name': 'minmax', 'outlier_remover__z_columns': ['car_age', 'mileage', 'tax', 'mpg'], 'outlier_remover__threshold': 2, 'outlier_remover__sev_outliers_cols': ['car_age', 'mileage', 'engineSize'], 'outlier_remover__outlier_method': 'IQR', 'outlier_remover__n_neighbors': 70, 'outlier_remover__model_columns': ['tax', 'mpg'], 'outlier_remover__mod_outliers_cols': ['tax', 'mpg'], 'outlier_remover__contamination_LOF': 0.3, 'outlier_remover__contamination_IF': 0.05, 'model': HistGradientBoostingRegressor(max_depth=5, random_state=42), 'imputer__knn_scaling_method': 'robust', 'imputer__knn_neighbors': 13, 'imputer__imputation_method': 'simple', 'encoder__method': 'freq'}",-2246.768259519795,-2242.70493486738,-2140.525337717773,-2209.9995107016493,49.15365829486764,121,-1800.0984713055113,-1716.2709888680101,-1728.6493628290052,-1748.339607667509,36.94627639607325
269,1,4000,0.3186682065327962,0.010479217144556203,0.01136310895284017,0.0006494573539876185,kbest,9,hgb,10,robust,"['car_age', 'mileage', 'tax', 'mpg']",3,"['car_age', 'mileage', 'engineSize']",IQR,30,"['car_age', 'mileage', 'tax', 'mpg']","['tax', 'mpg']",0.3,0.15,"HistGradientBoostingRegressor(max_depth=5, random_state=42)",minmax,14,simple,freq,"{'selector__selection_method': 'kbest', 'selector__n_features_to_select': 9, 'selector__model_name': 'hgb', 'selector__k': 10, 'scaler__scaler_name': 'robust', 'outlier_remover__z_columns': ['car_age', 'mileage', 'tax', 'mpg'], 'outlier_remover__threshold': 3, 'outlier_remover__sev_outliers_cols': ['car_age', 'mileage', 'engineSize'], 'outlier_remover__outlier_method': 'IQR', 'outlier_remover__n_neighbors': 30, 'outlier_remover__model_columns': ['car_age', 'mileage', 'tax', 'mpg'], 'outlier_remover__mod_outliers_cols': ['tax', 'mpg'], 'outlier_remover__contamination_LOF': 0.3, 'outlier_remover__contamination_IF': 0.15, 'model': HistGradientBoostingRegressor(max_depth=5, random_state=42), 'imputer__knn_scaling_method': 'minmax', 'imputer__knn_neighbors': 14, 'imputer__imputation_method': 'simple', 'encoder__method': 'freq'}",-2246.768259519795,-2242.70493486738,-2140.525337717773,-2209.9995107016493,49.15365829486764,121,-1800.0984713055113,-1716.2709888680101,-1728.6493628290052,-1748.339607667509,36.94627639607325
270,1,4000,0.4515494505564372,0.013380192385972956,0.014204899470011393,0.002682836080177979,rfe,10,hgb,6,robust,"['car_age', 'mileage', 'tax', 'mpg']",2,"['car_age', 'mileage']",LOF,100,"['car_age', 'mileage', 'tax', 'mpg']","['car_age', 'mileage', 'tax', 'mpg']",0.3,0.15,"HistGradientBoostingRegressor(max_depth=5, random_state=42)",robust,16,simple,target,"{'selector__selection_method': 'rfe', 'selector__n_features_to_select': 10, 'selector__model_name': 'hgb', 'selector__k': 6, 'scaler__scaler_name': 'robust', 'outlier_remover__z_columns': ['car_age', 'mileage', 'tax', 'mpg'], 'outlier_remover__threshold': 2, 'outlier_remover__sev_outliers_cols': ['car_age', 'mileage'], 'outlier_remover__outlier_method': 'LOF', 'outlier_remover__n_neighbors': 100, 'outlier_remover__model_columns': ['car_age', 'mileage', 'tax', 'mpg'], 'outlier_remover__mod_outliers_cols': ['car_age', 'mileage', 'tax', 'mpg'], 'outlier_remover__contamination_LOF': 0.3, 'outlier_remover__contamination_IF': 0.15, 'model': HistGradientBoostingRegressor(max_depth=5, random_state=42), 'imputer__knn_scaling_method': 'robust', 'imputer__knn_neighbors': 16, 'imputer__imputation_method': 'simple', 'encoder__method': 'target'}",-2372.216469225093,-2318.063050741994,-2247.172923562074,-2312.484147843054,51.201010381708464,139,-1885.0173584106803,-1796.7962629716023,-1830.7802246513638,-1837.5312820112156,36.33109780637641
271,1,4000,0.5116515954335531,0.11168908098679213,0.1325348218282064,0.02593064362592295,kbest,10,hgb,10,standard,"['car_age', 'mileage', 'tax', 'mpg']",2,"['car_age', 'mileage']",LOF,90,"['car_age', 'mileage', 'tax', 'mpg']","['car_age', 'mileage', 'tax', 'mpg']",0.05,0.5,"HistGradientBoostingRegressor(max_depth=5, random_state=42)",standard,12,knn_modelwise,freq,"{'selector__selection_method': 'kbest', 'selector__n_features_to_select': 10, 'selector__model_name': 'hgb', 'selector__k': 10, 'scaler__scaler_name': 'standard', 'outlier_remover__z_columns': ['car_age', 'mileage', 'tax', 'mpg'], 'outlier_remover__threshold': 2, 'outlier_remover__sev_outliers_cols': ['car_age', 'mileage'], 'outlier_remover__outlier_method': 'LOF', 'outlier_remover__n_neighbors': 90, 'outlier_remover__model_columns': ['car_age', 'mileage', 'tax', 'mpg'], 'outlier_remover__mod_outliers_cols': ['car_age', 'mileage', 'tax', 'mpg'], 'outlier_remover__contamination_LOF': 0.05, 'outlier_remover__contamination_IF': 0.5, 'model': HistGradientBoostingRegressor(max_depth=5, random_state=42), 'imputer__knn_scaling_method': 'standard', 'imputer__knn_neighbors': 12, 'imputer__imputation_method': 'knn_modelwise', 'encoder__method': 'freq'}",-2288.772846630662,-2227.860653221909,-2051.3576183855207,-2189.33037274603,100.6807976919649,116,-1820.3074443465516,-1713.388784767315,-1677.9716727591197,-1737.222633957662,60.5029324014881
272,1,4000,0.33028332392374676,0.02170701059638777,0.017935434977213543,0.005239162436529393,kbest,7,hgb,6,robust,"['car_age', 'mileage', 'tax', 'mpg']",2,"['car_age', 'mileage', 'engineSize']",z_score,70,"['car_age', 'mileage', 'tax', 'mpg']","['car_age', 'mileage', 'tax', 'mpg']",0.05,0.15,"HistGradientBoostingRegressor(max_depth=5, random_state=42)",minmax,19,iterative,target,"{'selector__selection_method': 'kbest', 'selector__n_features_to_select': 7, 'selector__model_name': 'hgb', 'selector__k': 6, 'scaler__scaler_name': 'robust', 'outlier_remover__z_columns': ['car_age', 'mileage', 'tax', 'mpg'], 'outlier_remover__threshold': 2, 'outlier_remover__sev_outliers_cols': ['car_age', 'mileage', 'engineSize'], 'outlier_remover__outlier_method': 'z_score', 'outlier_remover__n_neighbors': 70, 'outlier_remover__model_columns': ['car_age', 'mileage', 'tax', 'mpg'], 'outlier_remover__mod_outliers_cols': ['car_age', 'mileage', 'tax', 'mpg'], 'outlier_remover__contamination_LOF': 0.05, 'outlier_remover__contamination_IF': 0.15, 'model': HistGradientBoostingRegressor(max_depth=5, random_state=42), 'imputer__knn_scaling_method': 'minmax', 'imputer__knn_neighbors': 19, 'imputer__imputation_method': 'iterative', 'encoder__method': 'target'}",-2185.983082908303,-2274.42530330113,-2171.5648003899996,-2210.6577288664776,45.473064405598855,123,-1734.5265164594714,-1900.3790703694426,-1786.5592911361366,-1807.1549593216835,69.25750775486048
273,1,4000,0.5837876796722412,0.01929045596327046,0.1345373789469401,0.01636027898607424,kbest,5,hgb,10,standard,"['car_age', 'mileage', 'tax', 'mpg']",3,"['car_age', 'mileage', 'engineSize']",IQR,100,"['car_age', 'mileage', 'tax', 'mpg']","['car_age', 'mileage', 'tax', 'mpg']",0.05,0.3,"HistGradientBoostingRegressor(max_depth=5, random_state=42)",robust,17,knn_modelwise,freq,"{'selector__selection_method': 'kbest', 'selector__n_features_to_select': 5, 'selector__model_name': 'hgb', 'selector__k': 10, 'scaler__scaler_name': 'standard', 'outlier_remover__z_columns': ['car_age', 'mileage', 'tax', 'mpg'], 'outlier_remover__threshold': 3, 'outlier_remover__sev_outliers_cols': ['car_age', 'mileage', 'engineSize'], 'outlier_remover__outlier_method': 'IQR', 'outlier_remover__n_neighbors': 100, 'outlier_remover__model_columns': ['car_age', 'mileage', 'tax', 'mpg'], 'outlier_remover__mod_outliers_cols': ['car_age', 'mileage', 'tax', 'mpg'], 'outlier_remover__contamination_LOF': 0.05, 'outlier_remover__contamination_IF': 0.3, 'model': HistGradientBoostingRegressor(max_depth=5, random_state=42), 'imputer__knn_scaling_method': 'robust', 'imputer__knn_neighbors': 17, 'imputer__imputation_method': 'knn_modelwise', 'encoder__method': 'freq'}",-2260.4619366275965,-2192.50328642037,-2071.8979234014255,-2174.9543821497973,77.97465315435605,112,-1781.8356798044458,-1655.0844456982602,-1644.276721901175,-1693.7322824679604,62.454560495833
274,1,4000,0.9790619214375814,0.0720419471407075,0.13065695762634277,0.020554295671021173,rfe,10,hgb,8,robust,"['car_age', 'mileage', 'tax', 'mpg']",2,"['car_age', 'mileage', 'engineSize']",IQR,50,"['car_age', 'mileage', 'tax', 'mpg', 'engineSize']","['car_age', 'mileage', 'tax', 'mpg']",0.05,0.05,"HistGradientBoostingRegressor(max_depth=5, random_state=42)",minmax,20,knn_modelwise,freq,"{'selector__selection_method': 'rfe', 'selector__n_features_to_select': 10, 'selector__model_name': 'hgb', 'selector__k': 8, 'scaler__scaler_name': 'robust', 'outlier_remover__z_columns': ['car_age', 'mileage', 'tax', 'mpg'], 'outlier_remover__threshold': 2, 'outlier_remover__sev_outliers_cols': ['car_age', 'mileage', 'engineSize'], 'outlier_remover__outlier_method': 'IQR', 'outlier_remover__n_neighbors': 50, 'outlier_remover__model_columns': ['car_age', 'mileage', 'tax', 'mpg', 'engineSize'], 'outlier_remover__mod_outliers_cols': ['car_age', 'mileage', 'tax', 'mpg'], 'outlier_remover__contamination_LOF': 0.05, 'outlier_remover__contamination_IF': 0.05, 'model': HistGradientBoostingRegressor(max_depth=5, random_state=42), 'imputer__knn_scaling_method': 'minmax', 'imputer__knn_neighbors': 20, 'imputer__imputation_method': 'knn_modelwise', 'encoder__method': 'freq'}",-2236.226619721332,-2198.278254995835,-2070.3159519371607,-2168.273608884776,70.97791446327912,107,-1764.4680640905674,-1678.4007348700718,-1621.2192708339726,-1688.029356598204,58.876067348599605
275,1,4000,0.5561838150024414,0.08815288080478463,0.1385502815246582,0.014224481985109,kbest,6,hgb,9,robust,"['car_age', 'mileage', 'tax', 'mpg']",2,"['car_age', 'mileage']",z_score,70,"['car_age', 'mileage', 'tax', 'mpg', 'engineSize']","['car_age', 'mileage', 'tax', 'mpg']",0.5,0.3,"HistGradientBoostingRegressor(max_depth=5, random_state=42)",minmax,17,knn_modelwise,freq,"{'selector__selection_method': 'kbest', 'selector__n_features_to_select': 6, 'selector__model_name': 'hgb', 'selector__k': 9, 'scaler__scaler_name': 'robust', 'outlier_remover__z_columns': ['car_age', 'mileage', 'tax', 'mpg'], 'outlier_remover__threshold': 2, 'outlier_remover__sev_outliers_cols': ['car_age', 'mileage'], 'outlier_remover__outlier_method': 'z_score', 'outlier_remover__n_neighbors': 70, 'outlier_remover__model_columns': ['car_age', 'mileage', 'tax', 'mpg', 'engineSize'], 'outlier_remover__mod_outliers_cols': ['car_age', 'mileage', 'tax', 'mpg'], 'outlier_remover__contamination_LOF': 0.5, 'outlier_remover__contamination_IF': 0.3, 'model': HistGradientBoostingRegressor(max_depth=5, random_state=42), 'imputer__knn_scaling_method': 'minmax', 'imputer__knn_neighbors': 17, 'imputer__imputation_method': 'knn_modelwise', 'encoder__method': 'freq'}",-2237.9947739088484,-2153.418340883821,-2169.551951027272,-2186.9883552733136,36.66346410786236,115,-1781.1101444436363,-1655.096897537275,-1755.7286349244116,-1730.6452256351076,54.41640478845784
276,1,4000,0.5953412850697836,0.020904022441834345,0.1440282662709554,0.0026845098469932935,kbest,5,hgb,10,minmax,"['car_age', 'mileage', 'tax', 'mpg']",2,"['car_age', 'mileage', 'engineSize']",IQR,30,"['tax', 'mpg']","['tax', 'mpg']",0.05,0.15,"HistGradientBoostingRegressor(max_depth=5, random_state=42)",minmax,14,knn_modelwise,freq,"{'selector__selection_method': 'kbest', 'selector__n_features_to_select': 5, 'selector__model_name': 'hgb', 'selector__k': 10, 'scaler__scaler_name': 'minmax', 'outlier_remover__z_columns': ['car_age', 'mileage', 'tax', 'mpg'], 'outlier_remover__threshold': 2, 'outlier_remover__sev_outliers_cols': ['car_age', 'mileage', 'engineSize'], 'outlier_remover__outlier_method': 'IQR', 'outlier_remover__n_neighbors': 30, 'outlier_remover__model_columns': ['tax', 'mpg'], 'outlier_remover__mod_outliers_cols': ['tax', 'mpg'], 'outlier_remover__contamination_LOF': 0.05, 'outlier_remover__contamination_IF': 0.15, 'model': HistGradientBoostingRegressor(max_depth=5, random_state=42), 'imputer__knn_scaling_method': 'minmax', 'imputer__knn_neighbors': 14, 'imputer__imputation_method': 'knn_modelwise', 'encoder__method': 'freq'}",-2231.6828515893985,-2171.814562218725,-2048.1009951542997,-2150.5328029874745,76.44283031574206,104,-1744.6473947150769,-1670.77934093207,-1647.8140732085358,-1687.7469362852273,41.31260911270439
277,1,4000,0.41885995864868164,0.027505982477300385,0.01410969098409017,0.00036702805480139073,kbest,8,hgb,9,standard,"['car_age', 'mileage', 'tax', 'mpg']",3,"['car_age', 'mileage', 'engineSize']",LOF,100,"['tax', 'mpg']","['car_age', 'mileage', 'tax', 'mpg']",0.15,0.3,"HistGradientBoostingRegressor(max_depth=5, random_state=42)",robust,16,iterative,target,"{'selector__selection_method': 'kbest', 'selector__n_features_to_select': 8, 'selector__model_name': 'hgb', 'selector__k': 9, 'scaler__scaler_name': 'standard', 'outlier_remover__z_columns': ['car_age', 'mileage', 'tax', 'mpg'], 'outlier_remover__threshold': 3, 'outlier_remover__sev_outliers_cols': ['car_age', 'mileage', 'engineSize'], 'outlier_remover__outlier_method': 'LOF', 'outlier_remover__n_neighbors': 100, 'outlier_remover__model_columns': ['tax', 'mpg'], 'outlier_remover__mod_outliers_cols': ['car_age', 'mileage', 'tax', 'mpg'], 'outlier_remover__contamination_LOF': 0.15, 'outlier_remover__contamination_IF': 0.3, 'model': HistGradientBoostingRegressor(max_depth=5, random_state=42), 'imputer__knn_scaling_method': 'robust', 'imputer__knn_neighbors': 16, 'imputer__imputation_method': 'iterative', 'encoder__method': 'target'}",-2159.870435302629,-2223.9972013613965,-2050.4734896448294,-2144.780375436285,71.63984953478966,103,-1706.1119046759839,-1672.489562698137,-1711.1236561680857,-1696.5750411807355,17.153466482637157
278,1,4000,0.32465465863545734,0.0228874277002743,0.009963432947794596,0.0023079447531130968,kbest,8,hgb,6,standard,"['car_age', 'mileage', 'tax', 'mpg']",3,"['car_age', 'mileage']",IQR,70,"['car_age', 'mileage', 'tax', 'mpg', 'engineSize']","['car_age', 'mileage', 'tax', 'mpg']",0.15,0.5,"HistGradientBoostingRegressor(max_depth=5, random_state=42)",robust,10,simple,target,"{'selector__selection_method': 'kbest', 'selector__n_features_to_select': 8, 'selector__model_name': 'hgb', 'selector__k': 6, 'scaler__scaler_name': 'standard', 'outlier_remover__z_columns': ['car_age', 'mileage', 'tax', 'mpg'], 'outlier_remover__threshold': 3, 'outlier_remover__sev_outliers_cols': ['car_age', 'mileage'], 'outlier_remover__outlier_method': 'IQR', 'outlier_remover__n_neighbors': 70, 'outlier_remover__model_columns': ['car_age', 'mileage', 'tax', 'mpg', 'engineSize'], 'outlier_remover__mod_outliers_cols': ['car_age', 'mileage', 'tax', 'mpg'], 'outlier_remover__contamination_LOF': 0.15, 'outlier_remover__contamination_IF': 0.5, 'model': HistGradientBoostingRegressor(max_depth=5, random_state=42), 'imputer__knn_scaling_method': 'robust', 'imputer__knn_neighbors': 10, 'imputer__imputation_method': 'simple', 'encoder__method': 'target'}",-2206.331515328976,-2186.716024597765,-2182.1940521051215,-2191.7471973439547,10.476602729327453,117,-1737.7575443903324,-1738.334650239678,-1848.897318437293,-1774.9965043557677,52.256297893009695
279,1,4000,0.2716865539550781,0.006758470317190176,0.013705094655354818,0.0024163930618961564,kbest,10,hgb,6,robust,"['car_age', 'mileage', 'tax', 'mpg']",3,"['car_age', 'mileage', 'engineSize']",z_score,30,"['car_age', 'mileage', 'tax', 'mpg']","['tax', 'mpg']",0.5,0.3,"HistGradientBoostingRegressor(max_depth=5, random_state=42)",standard,13,simple,target,"{'selector__selection_method': 'kbest', 'selector__n_features_to_select': 10, 'selector__model_name': 'hgb', 'selector__k': 6, 'scaler__scaler_name': 'robust', 'outlier_remover__z_columns': ['car_age', 'mileage', 'tax', 'mpg'], 'outlier_remover__threshold': 3, 'outlier_remover__sev_outliers_cols': ['car_age', 'mileage', 'engineSize'], 'outlier_remover__outlier_method': 'z_score', 'outlier_remover__n_neighbors': 30, 'outlier_remover__model_columns': ['car_age', 'mileage', 'tax', 'mpg'], 'outlier_remover__mod_outliers_cols': ['tax', 'mpg'], 'outlier_remover__contamination_LOF': 0.5, 'outlier_remover__contamination_IF': 0.3, 'model': HistGradientBoostingRegressor(max_depth=5, random_state=42), 'imputer__knn_scaling_method': 'standard', 'imputer__knn_neighbors': 13, 'imputer__imputation_method': 'simple', 'encoder__method': 'target'}",-2196.8701621627697,-2160.3580413361383,-2185.84280696511,-2181.0236701546723,15.290559211768914,113,-1744.6970942132405,-1733.1729271260463,-1851.396460884237,-1776.4221607411746,53.223183345981255
280,1,4000,0.9464160601298014,0.019832658082568788,0.12957843144734701,0.015721647655188256,rfe,10,hgb,6,robust,"['car_age', 'mileage', 'tax', 'mpg']",2,"['car_age', 'mileage']",Isolation_Forest,100,"['car_age', 'mileage', 'tax', 'mpg', 'engineSize']","['car_age', 'mileage', 'tax', 'mpg']",0.05,0.05,"HistGradientBoostingRegressor(max_depth=5, random_state=42)",standard,20,knn_modelwise,freq,"{'selector__selection_method': 'rfe', 'selector__n_features_to_select': 10, 'selector__model_name': 'hgb', 'selector__k': 6, 'scaler__scaler_name': 'robust', 'outlier_remover__z_columns': ['car_age', 'mileage', 'tax', 'mpg'], 'outlier_remover__threshold': 2, 'outlier_remover__sev_outliers_cols': ['car_age', 'mileage'], 'outlier_remover__outlier_method': 'Isolation_Forest', 'outlier_remover__n_neighbors': 100, 'outlier_remover__model_columns': ['car_age', 'mileage', 'tax', 'mpg', 'engineSize'], 'outlier_remover__mod_outliers_cols': ['car_age', 'mileage', 'tax', 'mpg'], 'outlier_remover__contamination_LOF': 0.05, 'outlier_remover__contamination_IF': 0.05, 'model': HistGradientBoostingRegressor(max_depth=5, random_state=42), 'imputer__knn_scaling_method': 'standard', 'imputer__knn_neighbors': 20, 'imputer__imputation_method': 'knn_modelwise', 'encoder__method': 'freq'}",-2265.4760099703394,-2230.6060474035835,-2189.9169962859614,-2228.6663512199616,30.87731587214767,129,-1873.7384282215223,-1779.2098433730778,-1722.574369752373,-1791.8408804489911,62.355435295975695
281,1,4000,0.2052462895711263,0.030327930921600986,0.01517502466837565,0.003182864780396666,kbest,7,hgb,6,robust,"['car_age', 'mileage', 'tax', 'mpg']",3,"['car_age', 'mileage']",z_score,50,"['car_age', 'mileage', 'tax', 'mpg']","['car_age', 'mileage', 'tax', 'mpg']",0.15,0.3,"HistGradientBoostingRegressor(max_depth=5, random_state=42)",standard,14,iterative,target,"{'selector__selection_method': 'kbest', 'selector__n_features_to_select': 7, 'selector__model_name': 'hgb', 'selector__k': 6, 'scaler__scaler_name': 'robust', 'outlier_remover__z_columns': ['car_age', 'mileage', 'tax', 'mpg'], 'outlier_remover__threshold': 3, 'outlier_remover__sev_outliers_cols': ['car_age', 'mileage'], 'outlier_remover__outlier_method': 'z_score', 'outlier_remover__n_neighbors': 50, 'outlier_remover__model_columns': ['car_age', 'mileage', 'tax', 'mpg'], 'outlier_remover__mod_outliers_cols': ['car_age', 'mileage', 'tax', 'mpg'], 'outlier_remover__contamination_LOF': 0.15, 'outlier_remover__contamination_IF': 0.3, 'model': HistGradientBoostingRegressor(max_depth=5, random_state=42), 'imputer__knn_scaling_method': 'standard', 'imputer__knn_neighbors': 14, 'imputer__imputation_method': 'iterative', 'encoder__method': 'target'}",-2185.2656498695596,-2141.4539812495464,-2185.0204955858135,-2170.580042234973,20.595478412357256,109,-1719.3419748820174,-1692.9895119776436,-1801.945751040057,-1738.0924126332393,46.41515337727027
282,1,4000,0.31834014256795246,0.034564989329799435,0.01477829615275065,0.0017792500298217519,kbest,10,hgb,10,standard,"['car_age', 'mileage', 'tax', 'mpg']",2,"['car_age', 'mileage']",z_score,100,"['tax', 'mpg']","['car_age', 'mileage', 'tax', 'mpg']",0.05,0.05,"HistGradientBoostingRegressor(max_depth=5, random_state=42)",standard,14,simple,target,"{'selector__selection_method': 'kbest', 'selector__n_features_to_select': 10, 'selector__model_name': 'hgb', 'selector__k': 10, 'scaler__scaler_name': 'standard', 'outlier_remover__z_columns': ['car_age', 'mileage', 'tax', 'mpg'], 'outlier_remover__threshold': 2, 'outlier_remover__sev_outliers_cols': ['car_age', 'mileage'], 'outlier_remover__outlier_method': 'z_score', 'outlier_remover__n_neighbors': 100, 'outlier_remover__model_columns': ['tax', 'mpg'], 'outlier_remover__mod_outliers_cols': ['car_age', 'mileage', 'tax', 'mpg'], 'outlier_remover__contamination_LOF': 0.05, 'outlier_remover__contamination_IF': 0.05, 'model': HistGradientBoostingRegressor(max_depth=5, random_state=42), 'imputer__knn_scaling_method': 'standard', 'imputer__knn_neighbors': 14, 'imputer__imputation_method': 'simple', 'encoder__method': 'target'}",-2155.842574031992,-2141.6556779751295,-1993.2631204269587,-2096.920457478027,73.52527750518232,94,-1638.2956796332478,-1630.264529052261,-1587.4643907641625,-1618.6748664832237,22.311360198655212
283,1,4000,0.3097035090128581,0.003901550286718057,0.013704856236775717,0.0006172417832549702,kbest,9,hgb,7,standard,"['car_age', 'mileage', 'tax', 'mpg']",2,"['car_age', 'mileage']",z_score,50,"['tax', 'mpg']","['car_age', 'mileage', 'tax', 'mpg']",0.15,0.15,"HistGradientBoostingRegressor(max_depth=5, random_state=42)",minmax,10,simple,target,"{'selector__selection_method': 'kbest', 'selector__n_features_to_select': 9, 'selector__model_name': 'hgb', 'selector__k': 7, 'scaler__scaler_name': 'standard', 'outlier_remover__z_columns': ['car_age', 'mileage', 'tax', 'mpg'], 'outlier_remover__threshold': 2, 'outlier_remover__sev_outliers_cols': ['car_age', 'mileage'], 'outlier_remover__outlier_method': 'z_score', 'outlier_remover__n_neighbors': 50, 'outlier_remover__model_columns': ['tax', 'mpg'], 'outlier_remover__mod_outliers_cols': ['car_age', 'mileage', 'tax', 'mpg'], 'outlier_remover__contamination_LOF': 0.15, 'outlier_remover__contamination_IF': 0.15, 'model': HistGradientBoostingRegressor(max_depth=5, random_state=42), 'imputer__knn_scaling_method': 'minmax', 'imputer__knn_neighbors': 10, 'imputer__imputation_method': 'simple', 'encoder__method': 'target'}",-2183.03236997586,-2132.7115096861367,-1999.7971926418004,-2105.180357434599,77.29707114496247,97,-1695.797552103828,-1646.6707290243755,-1631.0593215492156,-1657.8425342258063,27.584615850501066
284,1,4000,0.2990322907765706,0.010439804053628246,0.01258993148803711,0.0004490801539619289,kbest,5,hgb,9,minmax,"['car_age', 'mileage', 'tax', 'mpg']",2,"['car_age', 'mileage']",z_score,100,"['tax', 'mpg']","['car_age', 'mileage', 'tax', 'mpg']",0.15,0.05,"HistGradientBoostingRegressor(max_depth=5, random_state=42)",minmax,19,simple,target,"{'selector__selection_method': 'kbest', 'selector__n_features_to_select': 5, 'selector__model_name': 'hgb', 'selector__k': 9, 'scaler__scaler_name': 'minmax', 'outlier_remover__z_columns': ['car_age', 'mileage', 'tax', 'mpg'], 'outlier_remover__threshold': 2, 'outlier_remover__sev_outliers_cols': ['car_age', 'mileage'], 'outlier_remover__outlier_method': 'z_score', 'outlier_remover__n_neighbors': 100, 'outlier_remover__model_columns': ['tax', 'mpg'], 'outlier_remover__mod_outliers_cols': ['car_age', 'mileage', 'tax', 'mpg'], 'outlier_remover__contamination_LOF': 0.15, 'outlier_remover__contamination_IF': 0.05, 'model': HistGradientBoostingRegressor(max_depth=5, random_state=42), 'imputer__knn_scaling_method': 'minmax', 'imputer__knn_neighbors': 19, 'imputer__imputation_method': 'simple', 'encoder__method': 'target'}",-2174.2785475392207,-2137.09227939348,-2003.4874611617179,-2104.9527626981394,73.33534935058927,96,-1671.237855584492,-1659.2784557203215,-1615.7483886322332,-1648.7548999790158,23.84434460889679
285,1,4000,0.30378929773966473,0.004880680680926009,0.013171037038167318,0.0010902632205949366,kbest,7,hgb,7,minmax,"['car_age', 'mileage', 'tax', 'mpg']",3,"['car_age', 'mileage']",IQR,90,"['car_age', 'mileage', 'tax', 'mpg', 'engineSize']","['tax', 'mpg']",0.3,0.3,"HistGradientBoostingRegressor(max_depth=5, random_state=42)",robust,13,simple,target,"{'selector__selection_method': 'kbest', 'selector__n_features_to_select': 7, 'selector__model_name': 'hgb', 'selector__k': 7, 'scaler__scaler_name': 'minmax', 'outlier_remover__z_columns': ['car_age', 'mileage', 'tax', 'mpg'], 'outlier_remover__threshold': 3, 'outlier_remover__sev_outliers_cols': ['car_age', 'mileage'], 'outlier_remover__outlier_method': 'IQR', 'outlier_remover__n_neighbors': 90, 'outlier_remover__model_columns': ['car_age', 'mileage', 'tax', 'mpg', 'engineSize'], 'outlier_remover__mod_outliers_cols': ['tax', 'mpg'], 'outlier_remover__contamination_LOF': 0.3, 'outlier_remover__contamination_IF': 0.3, 'model': HistGradientBoostingRegressor(max_depth=5, random_state=42), 'imputer__knn_scaling_method': 'robust', 'imputer__knn_neighbors': 13, 'imputer__imputation_method': 'simple', 'encoder__method': 'target'}",-2186.2437990315675,-2125.777356453643,-1998.61563291556,-2103.54559613359,78.19535602242306,95,-1671.4128640940405,-1643.6454506274977,-1642.0994174544692,-1652.3859107253359,13.46888440107233
286,1,4000,0.32146533330281574,0.016625288449138558,0.014393488566080729,0.00204941648678633,kbest,8,hgb,9,standard,"['car_age', 'mileage', 'tax', 'mpg']",2,"['car_age', 'mileage', 'engineSize']",IQR,100,"['car_age', 'mileage', 'tax', 'mpg', 'engineSize']","['car_age', 'mileage', 'tax', 'mpg']",0.05,0.5,"HistGradientBoostingRegressor(max_depth=5, random_state=42)",minmax,10,simple,target,"{'selector__selection_method': 'kbest', 'selector__n_features_to_select': 8, 'selector__model_name': 'hgb', 'selector__k': 9, 'scaler__scaler_name': 'standard', 'outlier_remover__z_columns': ['car_age', 'mileage', 'tax', 'mpg'], 'outlier_remover__threshold': 2, 'outlier_remover__sev_outliers_cols': ['car_age', 'mileage', 'engineSize'], 'outlier_remover__outlier_method': 'IQR', 'outlier_remover__n_neighbors': 100, 'outlier_remover__model_columns': ['car_age', 'mileage', 'tax', 'mpg', 'engineSize'], 'outlier_remover__mod_outliers_cols': ['car_age', 'mileage', 'tax', 'mpg'], 'outlier_remover__contamination_LOF': 0.05, 'outlier_remover__contamination_IF': 0.5, 'model': HistGradientBoostingRegressor(max_depth=5, random_state=42), 'imputer__knn_scaling_method': 'minmax', 'imputer__knn_neighbors': 10, 'imputer__imputation_method': 'simple', 'encoder__method': 'target'}",-2154.707765279107,-2127.123285416821,-1964.2222939939081,-2082.0177815632787,84.05180367328053,88,-1651.2798398937168,-1599.697520333233,-1570.989308187233,-1607.3222228047277,33.218914654772426
287,1,4000,0.3474725087483724,0.03701374803688706,0.012877384821573893,0.0016868432678138832,kbest,7,hgb,8,robust,"['car_age', 'mileage', 'tax', 'mpg']",3,"['car_age', 'mileage', 'engineSize']",IQR,70,"['car_age', 'mileage', 'tax', 'mpg', 'engineSize']","['car_age', 'mileage', 'tax', 'mpg']",0.5,0.3,"HistGradientBoostingRegressor(max_depth=5, random_state=42)",standard,11,simple,target,"{'selector__selection_method': 'kbest', 'selector__n_features_to_select': 7, 'selector__model_name': 'hgb', 'selector__k': 8, 'scaler__scaler_name': 'robust', 'outlier_remover__z_columns': ['car_age', 'mileage', 'tax', 'mpg'], 'outlier_remover__threshold': 3, 'outlier_remover__sev_outliers_cols': ['car_age', 'mileage', 'engineSize'], 'outlier_remover__outlier_method': 'IQR', 'outlier_remover__n_neighbors': 70, 'outlier_remover__model_columns': ['car_age', 'mileage', 'tax', 'mpg', 'engineSize'], 'outlier_remover__mod_outliers_cols': ['car_age', 'mileage', 'tax', 'mpg'], 'outlier_remover__contamination_LOF': 0.5, 'outlier_remover__contamination_IF': 0.3, 'model': HistGradientBoostingRegressor(max_depth=5, random_state=42), 'imputer__knn_scaling_method': 'standard', 'imputer__knn_neighbors': 11, 'imputer__imputation_method': 'simple', 'encoder__method': 'target'}",-2153.587476389436,-2122.2877866519434,-1984.2394813783123,-2086.704914806564,73.57214794628649,91,-1672.728250254666,-1612.9322082811163,-1591.5737852174657,-1625.7447479177492,34.34756350236755
288,1,4000,0.26041849454243976,0.07077673945310926,0.01214273770650228,0.002626327561861617,kbest,10,hgb,8,minmax,"['car_age', 'mileage', 'tax', 'mpg']",2,"['car_age', 'mileage']",IQR,70,"['tax', 'mpg']","['car_age', 'mileage', 'tax', 'mpg']",0.3,0.15,"HistGradientBoostingRegressor(max_depth=5, random_state=42)",minmax,13,simple,target,"{'selector__selection_method': 'kbest', 'selector__n_features_to_select': 10, 'selector__model_name': 'hgb', 'selector__k': 8, 'scaler__scaler_name': 'minmax', 'outlier_remover__z_columns': ['car_age', 'mileage', 'tax', 'mpg'], 'outlier_remover__threshold': 2, 'outlier_remover__sev_outliers_cols': ['car_age', 'mileage'], 'outlier_remover__outlier_method': 'IQR', 'outlier_remover__n_neighbors': 70, 'outlier_remover__model_columns': ['tax', 'mpg'], 'outlier_remover__mod_outliers_cols': ['car_age', 'mileage', 'tax', 'mpg'], 'outlier_remover__contamination_LOF': 0.3, 'outlier_remover__contamination_IF': 0.15, 'model': HistGradientBoostingRegressor(max_depth=5, random_state=42), 'imputer__knn_scaling_method': 'minmax', 'imputer__knn_neighbors': 13, 'imputer__imputation_method': 'simple', 'encoder__method': 'target'}",-2153.587476389436,-2122.2877866519434,-1984.2394813783123,-2086.704914806564,73.57214794628649,91,-1672.728250254666,-1612.9322082811163,-1591.5737852174657,-1625.7447479177492,34.34756350236755
289,1,4000,0.5154417355855306,0.027642969639776364,0.01262203852335612,0.0013139722737605815,rfe,10,hgb,10,standard,"['car_age', 'mileage', 'tax', 'mpg']",3,"['car_age', 'mileage', 'engineSize']",Isolation_Forest,100,"['car_age', 'mileage', 'tax', 'mpg', 'engineSize']","['tax', 'mpg']",0.5,0.05,"HistGradientBoostingRegressor(max_depth=5, random_state=42)",standard,16,simple,target,"{'selector__selection_method': 'rfe', 'selector__n_features_to_select': 10, 'selector__model_name': 'hgb', 'selector__k': 10, 'scaler__scaler_name': 'standard', 'outlier_remover__z_columns': ['car_age', 'mileage', 'tax', 'mpg'], 'outlier_remover__threshold': 3, 'outlier_remover__sev_outliers_cols': ['car_age', 'mileage', 'engineSize'], 'outlier_remover__outlier_method': 'Isolation_Forest', 'outlier_remover__n_neighbors': 100, 'outlier_remover__model_columns': ['car_age', 'mileage', 'tax', 'mpg', 'engineSize'], 'outlier_remover__mod_outliers_cols': ['tax', 'mpg'], 'outlier_remover__contamination_LOF': 0.5, 'outlier_remover__contamination_IF': 0.05, 'model': HistGradientBoostingRegressor(max_depth=5, random_state=42), 'imputer__knn_scaling_method': 'standard', 'imputer__knn_neighbors': 16, 'imputer__imputation_method': 'simple', 'encoder__method': 'target'}",-2126.6918488587576,-2194.3937876733394,-2112.03721596238,-2144.3742841648254,35.871554327076176,102,-1739.197518723933,-1719.5688237656734,-1735.181238322382,-1731.3158602706626,8.466690697595874
290,1,4000,0.27994489669799805,0.07887753939298363,0.01537934939066569,0.004148175423320791,kbest,9,hgb,9,standard,"['car_age', 'mileage', 'tax', 'mpg']",2,"['car_age', 'mileage', 'engineSize']",z_score,70,"['car_age', 'mileage', 'tax', 'mpg', 'engineSize']","['tax', 'mpg']",0.15,0.5,"HistGradientBoostingRegressor(max_depth=5, random_state=42)",minmax,14,iterative,target,"{'selector__selection_method': 'kbest', 'selector__n_features_to_select': 9, 'selector__model_name': 'hgb', 'selector__k': 9, 'scaler__scaler_name': 'standard', 'outlier_remover__z_columns': ['car_age', 'mileage', 'tax', 'mpg'], 'outlier_remover__threshold': 2, 'outlier_remover__sev_outliers_cols': ['car_age', 'mileage', 'engineSize'], 'outlier_remover__outlier_method': 'z_score', 'outlier_remover__n_neighbors': 70, 'outlier_remover__model_columns': ['car_age', 'mileage', 'tax', 'mpg', 'engineSize'], 'outlier_remover__mod_outliers_cols': ['tax', 'mpg'], 'outlier_remover__contamination_LOF': 0.15, 'outlier_remover__contamination_IF': 0.5, 'model': HistGradientBoostingRegressor(max_depth=5, random_state=42), 'imputer__knn_scaling_method': 'minmax', 'imputer__knn_neighbors': 14, 'imputer__imputation_method': 'iterative', 'encoder__method': 'target'}",-2115.1325288771454,-2102.3123330352305,-1926.5668894863868,-2048.003917132921,86.02830200220964,75,-1615.1718162027344,-1596.1057118014694,-1528.5068390078197,-1579.9281223373412,37.18413970768696
291,1,4000,0.5764363606770834,0.03821957657686126,0.008562008539835611,0.0008502713050637891,rfe,10,hgb,10,robust,"['car_age', 'mileage', 'tax', 'mpg']",2,"['car_age', 'mileage', 'engineSize']",z_score,50,"['tax', 'mpg']","['tax', 'mpg']",0.5,0.5,"HistGradientBoostingRegressor(max_depth=5, random_state=42)",robust,10,iterative,target,"{'selector__selection_method': 'rfe', 'selector__n_features_to_select': 10, 'selector__model_name': 'hgb', 'selector__k': 10, 'scaler__scaler_name': 'robust', 'outlier_remover__z_columns': ['car_age', 'mileage', 'tax', 'mpg'], 'outlier_remover__threshold': 2, 'outlier_remover__sev_outliers_cols': ['car_age', 'mileage', 'engineSize'], 'outlier_remover__outlier_method': 'z_score', 'outlier_remover__n_neighbors': 50, 'outlier_remover__model_columns': ['tax', 'mpg'], 'outlier_remover__mod_outliers_cols': ['tax', 'mpg'], 'outlier_remover__contamination_LOF': 0.5, 'outlier_remover__contamination_IF': 0.5, 'model': HistGradientBoostingRegressor(max_depth=5, random_state=42), 'imputer__knn_scaling_method': 'robust', 'imputer__knn_neighbors': 10, 'imputer__imputation_method': 'iterative', 'encoder__method': 'target'}",-2120.5855048577623,-2107.933020977059,-1939.5146304711095,-2056.011052101977,82.53719778251703,78,-1593.0587838340787,-1579.021594224099,-1542.7733384230708,-1571.6179054937495,21.185961706718174
292,1,4000,0.5510783990224203,0.1378400570299687,0.011292060216267904,0.0025805389541135697,rfe,10,hgb,5,standard,"['car_age', 'mileage', 'tax', 'mpg']",3,"['car_age', 'mileage', 'engineSize']",IQR,100,"['car_age', 'mileage', 'tax', 'mpg']","['tax', 'mpg']",0.5,0.05,"HistGradientBoostingRegressor(max_depth=5, random_state=42)",robust,18,simple,target,"{'selector__selection_method': 'rfe', 'selector__n_features_to_select': 10, 'selector__model_name': 'hgb', 'selector__k': 5, 'scaler__scaler_name': 'standard', 'outlier_remover__z_columns': ['car_age', 'mileage', 'tax', 'mpg'], 'outlier_remover__threshold': 3, 'outlier_remover__sev_outliers_cols': ['car_age', 'mileage', 'engineSize'], 'outlier_remover__outlier_method': 'IQR', 'outlier_remover__n_neighbors': 100, 'outlier_remover__model_columns': ['car_age', 'mileage', 'tax', 'mpg'], 'outlier_remover__mod_outliers_cols': ['tax', 'mpg'], 'outlier_remover__contamination_LOF': 0.5, 'outlier_remover__contamination_IF': 0.05, 'model': HistGradientBoostingRegressor(max_depth=5, random_state=42), 'imputer__knn_scaling_method': 'robust', 'imputer__knn_neighbors': 18, 'imputer__imputation_method': 'simple', 'encoder__method': 'target'}",-2155.291446513782,-2129.5522845548167,-2004.7334804267953,-2096.5257371651314,65.75200839733544,93,-1650.6512577772833,-1592.5404106657986,-1615.987997890687,-1619.7265554445894,23.870487321397075
293,1,4000,0.23694070180257162,0.014248251716777387,0.014039119084676107,0.00015758444075821348,kbest,5,hgb,7,minmax,"['car_age', 'mileage', 'tax', 'mpg']",2,"['car_age', 'mileage', 'engineSize']",IQR,90,"['tax', 'mpg']","['tax', 'mpg']",0.3,0.05,"HistGradientBoostingRegressor(max_depth=5, random_state=42)",robust,11,iterative,target,"{'selector__selection_method': 'kbest', 'selector__n_features_to_select': 5, 'selector__model_name': 'hgb', 'selector__k': 7, 'scaler__scaler_name': 'minmax', 'outlier_remover__z_columns': ['car_age', 'mileage', 'tax', 'mpg'], 'outlier_remover__threshold': 2, 'outlier_remover__sev_outliers_cols': ['car_age', 'mileage', 'engineSize'], 'outlier_remover__outlier_method': 'IQR', 'outlier_remover__n_neighbors': 90, 'outlier_remover__model_columns': ['tax', 'mpg'], 'outlier_remover__mod_outliers_cols': ['tax', 'mpg'], 'outlier_remover__contamination_LOF': 0.3, 'outlier_remover__contamination_IF': 0.05, 'model': HistGradientBoostingRegressor(max_depth=5, random_state=42), 'imputer__knn_scaling_method': 'robust', 'imputer__knn_neighbors': 11, 'imputer__imputation_method': 'iterative', 'encoder__method': 'target'}",-2122.4608256991864,-2133.5404869467866,-1944.2534752393983,-2066.7515959617904,86.73727345160869,82,-1637.6667470880711,-1621.7271504018013,-1580.1818191562577,-1613.1919055487099,24.231756551518806
294,1,4000,0.26901960372924805,0.010966772982829068,0.016029993693033855,0.0016720190223463648,kbest,6,hgb,7,minmax,"['car_age', 'mileage', 'tax', 'mpg']",3,"['car_age', 'mileage']",IQR,70,"['car_age', 'mileage', 'tax', 'mpg']","['tax', 'mpg']",0.05,0.3,"HistGradientBoostingRegressor(max_depth=5, random_state=42)",robust,14,iterative,target,"{'selector__selection_method': 'kbest', 'selector__n_features_to_select': 6, 'selector__model_name': 'hgb', 'selector__k': 7, 'scaler__scaler_name': 'minmax', 'outlier_remover__z_columns': ['car_age', 'mileage', 'tax', 'mpg'], 'outlier_remover__threshold': 3, 'outlier_remover__sev_outliers_cols': ['car_age', 'mileage'], 'outlier_remover__outlier_method': 'IQR', 'outlier_remover__n_neighbors': 70, 'outlier_remover__model_columns': ['car_age', 'mileage', 'tax', 'mpg'], 'outlier_remover__mod_outliers_cols': ['tax', 'mpg'], 'outlier_remover__contamination_LOF': 0.05, 'outlier_remover__contamination_IF': 0.3, 'model': HistGradientBoostingRegressor(max_depth=5, random_state=42), 'imputer__knn_scaling_method': 'robust', 'imputer__knn_neighbors': 14, 'imputer__imputation_method': 'iterative', 'encoder__method': 'target'}",-2122.4608256991864,-2133.5404869467866,-1944.2534752393983,-2066.7515959617904,86.73727345160869,82,-1637.6667470880711,-1621.7271504018013,-1580.1818191562577,-1613.1919055487099,24.231756551518806
295,1,4000,0.7741952737172445,0.03674023869398329,0.12114699681599934,0.01380785018694305,rfe,10,hgb,8,robust,"['car_age', 'mileage', 'tax', 'mpg']",3,"['car_age', 'mileage']",z_score,50,"['tax', 'mpg']","['car_age', 'mileage', 'tax', 'mpg']",0.05,0.15,"HistGradientBoostingRegressor(max_depth=5, random_state=42)",standard,13,knn_modelwise,target,"{'selector__selection_method': 'rfe', 'selector__n_features_to_select': 10, 'selector__model_name': 'hgb', 'selector__k': 8, 'scaler__scaler_name': 'robust', 'outlier_remover__z_columns': ['car_age', 'mileage', 'tax', 'mpg'], 'outlier_remover__threshold': 3, 'outlier_remover__sev_outliers_cols': ['car_age', 'mileage'], 'outlier_remover__outlier_method': 'z_score', 'outlier_remover__n_neighbors': 50, 'outlier_remover__model_columns': ['tax', 'mpg'], 'outlier_remover__mod_outliers_cols': ['car_age', 'mileage', 'tax', 'mpg'], 'outlier_remover__contamination_LOF': 0.05, 'outlier_remover__contamination_IF': 0.15, 'model': HistGradientBoostingRegressor(max_depth=5, random_state=42), 'imputer__knn_scaling_method': 'standard', 'imputer__knn_neighbors': 13, 'imputer__imputation_method': 'knn_modelwise', 'encoder__method': 'target'}",-2120.920455721893,-2056.6378343415804,-1883.1749040269092,-2020.2443980301275,100.4128095832562,65,-1581.509785766496,-1533.9144435194396,-1509.5467392650737,-1541.656989517003,29.884558770204997
296,1,4000,0.9397428830464681,0.10938092843188062,0.16142376263936362,0.01376472691049736,rfe,10,hgb,6,standard,"['car_age', 'mileage', 'tax', 'mpg']",3,"['car_age', 'mileage']",IQR,70,"['car_age', 'mileage', 'tax', 'mpg', 'engineSize']","['car_age', 'mileage', 'tax', 'mpg']",0.15,0.5,"HistGradientBoostingRegressor(max_depth=5, random_state=42)",standard,20,knn_modelwise,target,"{'selector__selection_method': 'rfe', 'selector__n_features_to_select': 10, 'selector__model_name': 'hgb', 'selector__k': 6, 'scaler__scaler_name': 'standard', 'outlier_remover__z_columns': ['car_age', 'mileage', 'tax', 'mpg'], 'outlier_remover__threshold': 3, 'outlier_remover__sev_outliers_cols': ['car_age', 'mileage'], 'outlier_remover__outlier_method': 'IQR', 'outlier_remover__n_neighbors': 70, 'outlier_remover__model_columns': ['car_age', 'mileage', 'tax', 'mpg', 'engineSize'], 'outlier_remover__mod_outliers_cols': ['car_age', 'mileage', 'tax', 'mpg'], 'outlier_remover__contamination_LOF': 0.15, 'outlier_remover__contamination_IF': 0.5, 'model': HistGradientBoostingRegressor(max_depth=5, random_state=42), 'imputer__knn_scaling_method': 'standard', 'imputer__knn_neighbors': 20, 'imputer__imputation_method': 'knn_modelwise', 'encoder__method': 'target'}",-2131.671863221642,-2074.1331097711122,-1928.405380786913,-2044.7367845932224,85.54696047910446,73,-1587.5880222867315,-1525.328840083367,-1504.5561177328077,-1539.1576600343021,35.27984778301928
297,1,4000,0.5420633951822916,0.11146940160940152,0.11968628565470378,0.013784237973432706,kbest,5,hgb,7,standard,"['car_age', 'mileage', 'tax', 'mpg']",2,"['car_age', 'mileage']",IQR,90,"['car_age', 'mileage', 'tax', 'mpg']","['tax', 'mpg']",0.5,0.3,"HistGradientBoostingRegressor(max_depth=5, random_state=42)",standard,18,knn_modelwise,target,"{'selector__selection_method': 'kbest', 'selector__n_features_to_select': 5, 'selector__model_name': 'hgb', 'selector__k': 7, 'scaler__scaler_name': 'standard', 'outlier_remover__z_columns': ['car_age', 'mileage', 'tax', 'mpg'], 'outlier_remover__threshold': 2, 'outlier_remover__sev_outliers_cols': ['car_age', 'mileage'], 'outlier_remover__outlier_method': 'IQR', 'outlier_remover__n_neighbors': 90, 'outlier_remover__model_columns': ['car_age', 'mileage', 'tax', 'mpg'], 'outlier_remover__mod_outliers_cols': ['tax', 'mpg'], 'outlier_remover__contamination_LOF': 0.5, 'outlier_remover__contamination_IF': 0.3, 'model': HistGradientBoostingRegressor(max_depth=5, random_state=42), 'imputer__knn_scaling_method': 'standard', 'imputer__knn_neighbors': 18, 'imputer__imputation_method': 'knn_modelwise', 'encoder__method': 'target'}",-2140.1847087008205,-2088.299197514259,-1892.0617673068114,-2040.1818911739635,106.85724086708115,71,-1658.0745113870662,-1567.2386359158393,-1547.8832145034153,-1591.06545393544,48.036919273475554
298,1,4000,0.9286397298177084,0.020030054290502166,0.16007486979166666,0.03570462268027965,rfe,10,hgb,6,robust,"['car_age', 'mileage', 'tax', 'mpg']",3,"['car_age', 'mileage']",IQR,50,"['car_age', 'mileage', 'tax', 'mpg']","['tax', 'mpg']",0.15,0.3,"HistGradientBoostingRegressor(max_depth=5, random_state=42)",robust,17,knn_modelwise,target,"{'selector__selection_method': 'rfe', 'selector__n_features_to_select': 10, 'selector__model_name': 'hgb', 'selector__k': 6, 'scaler__scaler_name': 'robust', 'outlier_remover__z_columns': ['car_age', 'mileage', 'tax', 'mpg'], 'outlier_remover__threshold': 3, 'outlier_remover__sev_outliers_cols': ['car_age', 'mileage'], 'outlier_remover__outlier_method': 'IQR', 'outlier_remover__n_neighbors': 50, 'outlier_remover__model_columns': ['car_age', 'mileage', 'tax', 'mpg'], 'outlier_remover__mod_outliers_cols': ['tax', 'mpg'], 'outlier_remover__contamination_LOF': 0.15, 'outlier_remover__contamination_IF': 0.3, 'model': HistGradientBoostingRegressor(max_depth=5, random_state=42), 'imputer__knn_scaling_method': 'robust', 'imputer__knn_neighbors': 17, 'imputer__imputation_method': 'knn_modelwise', 'encoder__method': 'target'}",-2127.114710498506,-2020.9176860919197,-1908.4852334275563,-2018.8392100059943,89.26720976263371,64,-1587.4248489881045,-1515.0508050665098,-1507.1578295167644,-1536.544494523793,36.12185505173392
299,1,4000,0.46385931968688965,0.10028270140759547,0.13720067342122397,0.01896380267744949,kbest,9,hgb,8,robust,"['car_age', 'mileage', 'tax', 'mpg']",3,"['car_age', 'mileage', 'engineSize']",IQR,90,"['tax', 'mpg']","['car_age', 'mileage', 'tax', 'mpg']",0.5,0.3,"HistGradientBoostingRegressor(max_depth=5, random_state=42)",minmax,16,knn_modelwise,target,"{'selector__selection_method': 'kbest', 'selector__n_features_to_select': 9, 'selector__model_name': 'hgb', 'selector__k': 8, 'scaler__scaler_name': 'robust', 'outlier_remover__z_columns': ['car_age', 'mileage', 'tax', 'mpg'], 'outlier_remover__threshold': 3, 'outlier_remover__sev_outliers_cols': ['car_age', 'mileage', 'engineSize'], 'outlier_remover__outlier_method': 'IQR', 'outlier_remover__n_neighbors': 90, 'outlier_remover__model_columns': ['tax', 'mpg'], 'outlier_remover__mod_outliers_cols': ['car_age', 'mileage', 'tax', 'mpg'], 'outlier_remover__contamination_LOF': 0.5, 'outlier_remover__contamination_IF': 0.3, 'model': HistGradientBoostingRegressor(max_depth=5, random_state=42), 'imputer__knn_scaling_method': 'minmax', 'imputer__knn_neighbors': 16, 'imputer__imputation_method': 'knn_modelwise', 'encoder__method': 'target'}",-2160.7237934982663,-2085.699493779827,-1897.239834789136,-2047.8877073557433,110.83996727623142,74,-1638.007579790526,-1561.2990445531284,-1506.8742106816935,-1568.7269450084493,53.792009334342254
300,2,8000,0.3638741970062256,0.003387991245573556,0.016588528951009113,0.003941501185385417,kbest,10,hgb,5,robust,"['car_age', 'mileage', 'tax', 'mpg']",2,"['car_age', 'mileage']",LOF,70,"['car_age', 'mileage', 'tax', 'mpg']","['car_age', 'mileage', 'tax', 'mpg']",0.05,0.5,"HistGradientBoostingRegressor(max_depth=5, random_state=42)",minmax,20,simple,target,"{'selector__selection_method': 'kbest', 'selector__n_features_to_select': 10, 'selector__model_name': 'hgb', 'selector__k': 5, 'scaler__scaler_name': 'robust', 'outlier_remover__z_columns': ['car_age', 'mileage', 'tax', 'mpg'], 'outlier_remover__threshold': 2, 'outlier_remover__sev_outliers_cols': ['car_age', 'mileage'], 'outlier_remover__outlier_method': 'LOF', 'outlier_remover__n_neighbors': 70, 'outlier_remover__model_columns': ['car_age', 'mileage', 'tax', 'mpg'], 'outlier_remover__mod_outliers_cols': ['car_age', 'mileage', 'tax', 'mpg'], 'outlier_remover__contamination_LOF': 0.05, 'outlier_remover__contamination_IF': 0.5, 'model': HistGradientBoostingRegressor(max_depth=5, random_state=42), 'imputer__knn_scaling_method': 'minmax', 'imputer__knn_neighbors': 20, 'imputer__imputation_method': 'simple', 'encoder__method': 'target'}",-2237.611320802456,-2219.8038692370437,-2236.568925469789,-2231.328038503096,8.159922587944184,130,-2025.5363210275445,-2067.3499577948724,-2087.6223260015017,-2060.169534941306,25.8500400731291
301,2,8000,0.4412861665089925,0.015547934036841586,0.01711885134379069,0.00150267466798593,kbest,9,hgb,10,robust,"['car_age', 'mileage', 'tax', 'mpg']",3,"['car_age', 'mileage']",Isolation_Forest,70,"['car_age', 'mileage', 'tax', 'mpg']","['tax', 'mpg']",0.3,0.15,"HistGradientBoostingRegressor(max_depth=5, random_state=42)",standard,10,simple,freq,"{'selector__selection_method': 'kbest', 'selector__n_features_to_select': 9, 'selector__model_name': 'hgb', 'selector__k': 10, 'scaler__scaler_name': 'robust', 'outlier_remover__z_columns': ['car_age', 'mileage', 'tax', 'mpg'], 'outlier_remover__threshold': 3, 'outlier_remover__sev_outliers_cols': ['car_age', 'mileage'], 'outlier_remover__outlier_method': 'Isolation_Forest', 'outlier_remover__n_neighbors': 70, 'outlier_remover__model_columns': ['car_age', 'mileage', 'tax', 'mpg'], 'outlier_remover__mod_outliers_cols': ['tax', 'mpg'], 'outlier_remover__contamination_LOF': 0.3, 'outlier_remover__contamination_IF': 0.15, 'model': HistGradientBoostingRegressor(max_depth=5, random_state=42), 'imputer__knn_scaling_method': 'standard', 'imputer__knn_neighbors': 10, 'imputer__imputation_method': 'simple', 'encoder__method': 'freq'}",-2213.7984733111566,-2219.015391008355,-2144.9008989862477,-2192.5715877685866,33.77548405082973,118,-1937.7142631333575,-1908.7834217480404,-1848.0342526846493,-1898.1773125220159,37.371943426460746
302,2,8000,0.6807270050048828,0.061035050587016276,0.18407630920410156,0.004255856625325414,kbest,9,hgb,9,minmax,"['car_age', 'mileage', 'tax', 'mpg']",2,"['car_age', 'mileage', 'engineSize']",LOF,50,"['tax', 'mpg']","['tax', 'mpg']",0.5,0.3,"HistGradientBoostingRegressor(max_depth=5, random_state=42)",standard,19,knn_modelwise,target,"{'selector__selection_method': 'kbest', 'selector__n_features_to_select': 9, 'selector__model_name': 'hgb', 'selector__k': 9, 'scaler__scaler_name': 'minmax', 'outlier_remover__z_columns': ['car_age', 'mileage', 'tax', 'mpg'], 'outlier_remover__threshold': 2, 'outlier_remover__sev_outliers_cols': ['car_age', 'mileage', 'engineSize'], 'outlier_remover__outlier_method': 'LOF', 'outlier_remover__n_neighbors': 50, 'outlier_remover__model_columns': ['tax', 'mpg'], 'outlier_remover__mod_outliers_cols': ['tax', 'mpg'], 'outlier_remover__contamination_LOF': 0.5, 'outlier_remover__contamination_IF': 0.3, 'model': HistGradientBoostingRegressor(max_depth=5, random_state=42), 'imputer__knn_scaling_method': 'standard', 'imputer__knn_neighbors': 19, 'imputer__imputation_method': 'knn_modelwise', 'encoder__method': 'target'}",-2156.508629783493,-2147.928891639044,-2126.9930135982336,-2143.8101783402567,12.39665947280663,101,-1910.918421548424,-1926.0607354863234,-1956.5334920056487,-1931.1708830134655,18.969604968936636
303,2,8000,0.4126720428466797,0.0180561987716069,0.01962391535441081,0.00028070804064389874,kbest,10,hgb,5,robust,"['car_age', 'mileage', 'tax', 'mpg']",3,"['car_age', 'mileage']",z_score,100,"['car_age', 'mileage', 'tax', 'mpg', 'engineSize']","['tax', 'mpg']",0.15,0.3,"HistGradientBoostingRegressor(max_depth=5, random_state=42)",standard,19,iterative,target,"{'selector__selection_method': 'kbest', 'selector__n_features_to_select': 10, 'selector__model_name': 'hgb', 'selector__k': 5, 'scaler__scaler_name': 'robust', 'outlier_remover__z_columns': ['car_age', 'mileage', 'tax', 'mpg'], 'outlier_remover__threshold': 3, 'outlier_remover__sev_outliers_cols': ['car_age', 'mileage'], 'outlier_remover__outlier_method': 'z_score', 'outlier_remover__n_neighbors': 100, 'outlier_remover__model_columns': ['car_age', 'mileage', 'tax', 'mpg', 'engineSize'], 'outlier_remover__mod_outliers_cols': ['tax', 'mpg'], 'outlier_remover__contamination_LOF': 0.15, 'outlier_remover__contamination_IF': 0.3, 'model': HistGradientBoostingRegressor(max_depth=5, random_state=42), 'imputer__knn_scaling_method': 'standard', 'imputer__knn_neighbors': 19, 'imputer__imputation_method': 'iterative', 'encoder__method': 'target'}",-2219.3613843212565,-2198.9181053057323,-2183.4645632512334,-2200.5813509594077,14.701932533098425,120,-2000.8926243585786,-2020.356518108186,-2032.4226432251617,-2017.890595230642,12.989639568011299
304,2,8000,0.375136137008667,0.016127231264811484,0.016700188318888348,0.00043365712937090483,kbest,7,hgb,8,minmax,"['car_age', 'mileage', 'tax', 'mpg']",3,"['car_age', 'mileage']",IQR,50,"['car_age', 'mileage', 'tax', 'mpg']","['tax', 'mpg']",0.3,0.05,"HistGradientBoostingRegressor(max_depth=5, random_state=42)",minmax,20,simple,freq,"{'selector__selection_method': 'kbest', 'selector__n_features_to_select': 7, 'selector__model_name': 'hgb', 'selector__k': 8, 'scaler__scaler_name': 'minmax', 'outlier_remover__z_columns': ['car_age', 'mileage', 'tax', 'mpg'], 'outlier_remover__threshold': 3, 'outlier_remover__sev_outliers_cols': ['car_age', 'mileage'], 'outlier_remover__outlier_method': 'IQR', 'outlier_remover__n_neighbors': 50, 'outlier_remover__model_columns': ['car_age', 'mileage', 'tax', 'mpg'], 'outlier_remover__mod_outliers_cols': ['tax', 'mpg'], 'outlier_remover__contamination_LOF': 0.3, 'outlier_remover__contamination_IF': 0.05, 'model': HistGradientBoostingRegressor(max_depth=5, random_state=42), 'imputer__knn_scaling_method': 'minmax', 'imputer__knn_neighbors': 20, 'imputer__imputation_method': 'simple', 'encoder__method': 'freq'}",-2213.7110569987726,-2223.2423361306805,-2147.176138592201,-2194.7098439072183,33.835889980943314,119,-1905.5887854481516,-1872.391472236045,-1869.648855564681,-1882.543037749626,16.334224842123934
305,2,8000,0.29772194226582843,0.040037303269829655,0.014493147532145182,0.002524610280029178,kbest,10,hgb,8,minmax,"['car_age', 'mileage', 'tax', 'mpg']",3,"['car_age', 'mileage', 'engineSize']",z_score,30,"['tax', 'mpg']","['car_age', 'mileage', 'tax', 'mpg']",0.05,0.5,"HistGradientBoostingRegressor(max_depth=5, random_state=42)",standard,16,simple,freq,"{'selector__selection_method': 'kbest', 'selector__n_features_to_select': 10, 'selector__model_name': 'hgb', 'selector__k': 8, 'scaler__scaler_name': 'minmax', 'outlier_remover__z_columns': ['car_age', 'mileage', 'tax', 'mpg'], 'outlier_remover__threshold': 3, 'outlier_remover__sev_outliers_cols': ['car_age', 'mileage', 'engineSize'], 'outlier_remover__outlier_method': 'z_score', 'outlier_remover__n_neighbors': 30, 'outlier_remover__model_columns': ['tax', 'mpg'], 'outlier_remover__mod_outliers_cols': ['car_age', 'mileage', 'tax', 'mpg'], 'outlier_remover__contamination_LOF': 0.05, 'outlier_remover__contamination_IF': 0.5, 'model': HistGradientBoostingRegressor(max_depth=5, random_state=42), 'imputer__knn_scaling_method': 'standard', 'imputer__knn_neighbors': 16, 'imputer__imputation_method': 'simple', 'encoder__method': 'freq'}",-2259.9642866514914,-2232.9913340169974,-2170.356800390503,-2221.104140352997,37.53535602963685,127,-1987.8749570119526,-1862.2701737561054,-1888.625397581441,-1912.9235094498329,54.079811849178135
306,2,8000,0.5436133543650309,0.041105742897473416,0.014224688212076822,0.003868888145462424,rfe,10,hgb,6,robust,"['car_age', 'mileage', 'tax', 'mpg']",2,"['car_age', 'mileage']",LOF,100,"['car_age', 'mileage', 'tax', 'mpg']","['car_age', 'mileage', 'tax', 'mpg']",0.3,0.15,"HistGradientBoostingRegressor(max_depth=5, random_state=42)",robust,16,simple,target,"{'selector__selection_method': 'rfe', 'selector__n_features_to_select': 10, 'selector__model_name': 'hgb', 'selector__k': 6, 'scaler__scaler_name': 'robust', 'outlier_remover__z_columns': ['car_age', 'mileage', 'tax', 'mpg'], 'outlier_remover__threshold': 2, 'outlier_remover__sev_outliers_cols': ['car_age', 'mileage'], 'outlier_remover__outlier_method': 'LOF', 'outlier_remover__n_neighbors': 100, 'outlier_remover__model_columns': ['car_age', 'mileage', 'tax', 'mpg'], 'outlier_remover__mod_outliers_cols': ['car_age', 'mileage', 'tax', 'mpg'], 'outlier_remover__contamination_LOF': 0.3, 'outlier_remover__contamination_IF': 0.15, 'model': HistGradientBoostingRegressor(max_depth=5, random_state=42), 'imputer__knn_scaling_method': 'robust', 'imputer__knn_neighbors': 16, 'imputer__imputation_method': 'simple', 'encoder__method': 'target'}",-2045.641133540026,-2066.153363829866,-2000.7088986080798,-2037.5011319926573,27.33055952512706,69,-1832.916015900958,-1787.250247556896,-1749.9038961608435,-1790.0233865395658,33.94623917117259
307,2,8000,0.37446967760721844,0.024056187034965173,0.017626285552978516,0.002390109293391072,kbest,5,hgb,10,robust,"['car_age', 'mileage', 'tax', 'mpg']",2,"['car_age', 'mileage']",LOF,50,"['tax', 'mpg']","['car_age', 'mileage', 'tax', 'mpg']",0.3,0.3,"HistGradientBoostingRegressor(max_depth=5, random_state=42)",robust,16,iterative,freq,"{'selector__selection_method': 'kbest', 'selector__n_features_to_select': 5, 'selector__model_name': 'hgb', 'selector__k': 10, 'scaler__scaler_name': 'robust', 'outlier_remover__z_columns': ['car_age', 'mileage', 'tax', 'mpg'], 'outlier_remover__threshold': 2, 'outlier_remover__sev_outliers_cols': ['car_age', 'mileage'], 'outlier_remover__outlier_method': 'LOF', 'outlier_remover__n_neighbors': 50, 'outlier_remover__model_columns': ['tax', 'mpg'], 'outlier_remover__mod_outliers_cols': ['car_age', 'mileage', 'tax', 'mpg'], 'outlier_remover__contamination_LOF': 0.3, 'outlier_remover__contamination_IF': 0.3, 'model': HistGradientBoostingRegressor(max_depth=5, random_state=42), 'imputer__knn_scaling_method': 'robust', 'imputer__knn_neighbors': 16, 'imputer__imputation_method': 'iterative', 'encoder__method': 'freq'}",-2153.0323276898907,-2124.326757727841,-2063.5566783423296,-2113.6385879200207,37.30192744727395,99,-1881.3516243127758,-1862.302930372163,-1873.7449007272821,-1872.466485137407,7.828960979428091
308,2,8000,0.6703953742980957,0.02864697249369648,0.014391660690307617,0.002605252350349933,rfe,10,hgb,6,standard,"['car_age', 'mileage', 'tax', 'mpg']",2,"['car_age', 'mileage', 'engineSize']",Isolation_Forest,100,"['car_age', 'mileage', 'tax', 'mpg', 'engineSize']","['tax', 'mpg']",0.3,0.15,"HistGradientBoostingRegressor(max_depth=5, random_state=42)",standard,18,simple,freq,"{'selector__selection_method': 'rfe', 'selector__n_features_to_select': 10, 'selector__model_name': 'hgb', 'selector__k': 6, 'scaler__scaler_name': 'standard', 'outlier_remover__z_columns': ['car_age', 'mileage', 'tax', 'mpg'], 'outlier_remover__threshold': 2, 'outlier_remover__sev_outliers_cols': ['car_age', 'mileage', 'engineSize'], 'outlier_remover__outlier_method': 'Isolation_Forest', 'outlier_remover__n_neighbors': 100, 'outlier_remover__model_columns': ['car_age', 'mileage', 'tax', 'mpg', 'engineSize'], 'outlier_remover__mod_outliers_cols': ['tax', 'mpg'], 'outlier_remover__contamination_LOF': 0.3, 'outlier_remover__contamination_IF': 0.15, 'model': HistGradientBoostingRegressor(max_depth=5, random_state=42), 'imputer__knn_scaling_method': 'standard', 'imputer__knn_neighbors': 18, 'imputer__imputation_method': 'simple', 'encoder__method': 'freq'}",-2172.235044702516,-2190.5658222833295,-2153.785569525085,-2172.1954788369767,15.015501375431388,110,-1968.4348273481196,-1927.6522251521087,-1911.363441334571,-1935.8168312782664,24.003907602351422
309,2,8000,0.34492842356363934,0.04894238862299424,0.014625310897827148,0.002266206215103548,kbest,7,hgb,9,standard,"['car_age', 'mileage', 'tax', 'mpg']",2,"['car_age', 'mileage']",LOF,70,"['tax', 'mpg']","['tax', 'mpg']",0.3,0.5,"HistGradientBoostingRegressor(max_depth=5, random_state=42)",standard,13,simple,target,"{'selector__selection_method': 'kbest', 'selector__n_features_to_select': 7, 'selector__model_name': 'hgb', 'selector__k': 9, 'scaler__scaler_name': 'standard', 'outlier_remover__z_columns': ['car_age', 'mileage', 'tax', 'mpg'], 'outlier_remover__threshold': 2, 'outlier_remover__sev_outliers_cols': ['car_age', 'mileage'], 'outlier_remover__outlier_method': 'LOF', 'outlier_remover__n_neighbors': 70, 'outlier_remover__model_columns': ['tax', 'mpg'], 'outlier_remover__mod_outliers_cols': ['tax', 'mpg'], 'outlier_remover__contamination_LOF': 0.3, 'outlier_remover__contamination_IF': 0.5, 'model': HistGradientBoostingRegressor(max_depth=5, random_state=42), 'imputer__knn_scaling_method': 'standard', 'imputer__knn_neighbors': 13, 'imputer__imputation_method': 'simple', 'encoder__method': 'target'}",-2055.52333937528,-2110.950318948194,-2053.187289808778,-2073.220316044084,26.69618101592299,86,-1842.5816053977942,-1793.1713267744183,-1865.5141460078432,-1833.755692726685,30.18601690097068
310,2,8000,0.6323607762654623,0.07968053498418176,0.1956960360209147,0.01094777147408635,kbest,9,hgb,8,robust,"['car_age', 'mileage', 'tax', 'mpg']",2,"['car_age', 'mileage', 'engineSize']",z_score,90,"['car_age', 'mileage', 'tax', 'mpg']","['car_age', 'mileage', 'tax', 'mpg']",0.5,0.15,"HistGradientBoostingRegressor(max_depth=5, random_state=42)",minmax,19,knn_modelwise,freq,"{'selector__selection_method': 'kbest', 'selector__n_features_to_select': 9, 'selector__model_name': 'hgb', 'selector__k': 8, 'scaler__scaler_name': 'robust', 'outlier_remover__z_columns': ['car_age', 'mileage', 'tax', 'mpg'], 'outlier_remover__threshold': 2, 'outlier_remover__sev_outliers_cols': ['car_age', 'mileage', 'engineSize'], 'outlier_remover__outlier_method': 'z_score', 'outlier_remover__n_neighbors': 90, 'outlier_remover__model_columns': ['car_age', 'mileage', 'tax', 'mpg'], 'outlier_remover__mod_outliers_cols': ['car_age', 'mileage', 'tax', 'mpg'], 'outlier_remover__contamination_LOF': 0.5, 'outlier_remover__contamination_IF': 0.15, 'model': HistGradientBoostingRegressor(max_depth=5, random_state=42), 'imputer__knn_scaling_method': 'minmax', 'imputer__knn_neighbors': 19, 'imputer__imputation_method': 'knn_modelwise', 'encoder__method': 'freq'}",-2200.8644840057227,-2192.9946813668603,-2091.6489917330005,-2161.836052368528,49.73363086741913,106,-1875.3209924723756,-1822.9332782322635,-1852.3753010045382,-1850.2098572363923,21.44193727038456
311,2,8000,0.37174399693806964,0.03116378603181624,0.02158808708190918,0.00232879201040899,kbest,8,hgb,8,minmax,"['car_age', 'mileage', 'tax', 'mpg']",2,"['car_age', 'mileage', 'engineSize']",LOF,50,"['car_age', 'mileage', 'tax', 'mpg', 'engineSize']","['car_age', 'mileage', 'tax', 'mpg']",0.5,0.5,"HistGradientBoostingRegressor(max_depth=5, random_state=42)",robust,10,simple,target,"{'selector__selection_method': 'kbest', 'selector__n_features_to_select': 8, 'selector__model_name': 'hgb', 'selector__k': 8, 'scaler__scaler_name': 'minmax', 'outlier_remover__z_columns': ['car_age', 'mileage', 'tax', 'mpg'], 'outlier_remover__threshold': 2, 'outlier_remover__sev_outliers_cols': ['car_age', 'mileage', 'engineSize'], 'outlier_remover__outlier_method': 'LOF', 'outlier_remover__n_neighbors': 50, 'outlier_remover__model_columns': ['car_age', 'mileage', 'tax', 'mpg', 'engineSize'], 'outlier_remover__mod_outliers_cols': ['car_age', 'mileage', 'tax', 'mpg'], 'outlier_remover__contamination_LOF': 0.5, 'outlier_remover__contamination_IF': 0.5, 'model': HistGradientBoostingRegressor(max_depth=5, random_state=42), 'imputer__knn_scaling_method': 'robust', 'imputer__knn_neighbors': 10, 'imputer__imputation_method': 'simple', 'encoder__method': 'target'}",-2182.914276242862,-2124.9179976781493,-2158.0602764993578,-2155.2975168067896,23.75733869324165,105,-1932.2279810781286,-1887.3486130412293,-1924.5335345515405,-1914.7033762236326,19.596146362855166
312,2,8000,0.6751746336619059,0.019982906463286678,0.18536933263142905,0.017539435255798125,kbest,8,hgb,8,minmax,"['car_age', 'mileage', 'tax', 'mpg']",3,"['car_age', 'mileage']",IQR,100,"['car_age', 'mileage', 'tax', 'mpg']","['car_age', 'mileage', 'tax', 'mpg']",0.05,0.5,"HistGradientBoostingRegressor(max_depth=5, random_state=42)",standard,20,knn_modelwise,freq,"{'selector__selection_method': 'kbest', 'selector__n_features_to_select': 8, 'selector__model_name': 'hgb', 'selector__k': 8, 'scaler__scaler_name': 'minmax', 'outlier_remover__z_columns': ['car_age', 'mileage', 'tax', 'mpg'], 'outlier_remover__threshold': 3, 'outlier_remover__sev_outliers_cols': ['car_age', 'mileage'], 'outlier_remover__outlier_method': 'IQR', 'outlier_remover__n_neighbors': 100, 'outlier_remover__model_columns': ['car_age', 'mileage', 'tax', 'mpg'], 'outlier_remover__mod_outliers_cols': ['car_age', 'mileage', 'tax', 'mpg'], 'outlier_remover__contamination_LOF': 0.05, 'outlier_remover__contamination_IF': 0.5, 'model': HistGradientBoostingRegressor(max_depth=5, random_state=42), 'imputer__knn_scaling_method': 'standard', 'imputer__knn_neighbors': 20, 'imputer__imputation_method': 'knn_modelwise', 'encoder__method': 'freq'}",-2201.6091304830657,-2196.9033380349833,-2125.7695079381606,-2174.760658818737,34.695203982622004,111,-1896.723751429645,-1815.9011967905885,-1846.3763999727578,-1853.000449397664,33.32646453579615
313,2,8000,0.39887436230977374,0.034639081864456515,0.014998197555541992,0.0029354711315547352,kbest,5,hgb,9,standard,"['car_age', 'mileage', 'tax', 'mpg']",2,"['car_age', 'mileage']",z_score,50,"['tax', 'mpg']","['tax', 'mpg']",0.05,0.5,"HistGradientBoostingRegressor(max_depth=5, random_state=42)",robust,17,simple,freq,"{'selector__selection_method': 'kbest', 'selector__n_features_to_select': 5, 'selector__model_name': 'hgb', 'selector__k': 9, 'scaler__scaler_name': 'standard', 'outlier_remover__z_columns': ['car_age', 'mileage', 'tax', 'mpg'], 'outlier_remover__threshold': 2, 'outlier_remover__sev_outliers_cols': ['car_age', 'mileage'], 'outlier_remover__outlier_method': 'z_score', 'outlier_remover__n_neighbors': 50, 'outlier_remover__model_columns': ['tax', 'mpg'], 'outlier_remover__mod_outliers_cols': ['tax', 'mpg'], 'outlier_remover__contamination_LOF': 0.05, 'outlier_remover__contamination_IF': 0.5, 'model': HistGradientBoostingRegressor(max_depth=5, random_state=42), 'imputer__knn_scaling_method': 'robust', 'imputer__knn_neighbors': 17, 'imputer__imputation_method': 'simple', 'encoder__method': 'freq'}",-2141.669498975396,-2239.1332162723447,-2167.4347843860605,-2182.745833211267,41.23602962968817,114,-1859.8673598703117,-1879.7663227061591,-1895.1328913039747,-1878.2555246268155,14.436673438436348
314,2,8000,0.4218382040659587,0.019031023188577637,0.0158694585164388,0.0024289663002916954,kbest,8,hgb,9,minmax,"['car_age', 'mileage', 'tax', 'mpg']",3,"['car_age', 'mileage', 'engineSize']",LOF,90,"['tax', 'mpg']","['tax', 'mpg']",0.05,0.15,"HistGradientBoostingRegressor(max_depth=5, random_state=42)",standard,19,simple,freq,"{'selector__selection_method': 'kbest', 'selector__n_features_to_select': 8, 'selector__model_name': 'hgb', 'selector__k': 9, 'scaler__scaler_name': 'minmax', 'outlier_remover__z_columns': ['car_age', 'mileage', 'tax', 'mpg'], 'outlier_remover__threshold': 3, 'outlier_remover__sev_outliers_cols': ['car_age', 'mileage', 'engineSize'], 'outlier_remover__outlier_method': 'LOF', 'outlier_remover__n_neighbors': 90, 'outlier_remover__model_columns': ['tax', 'mpg'], 'outlier_remover__mod_outliers_cols': ['tax', 'mpg'], 'outlier_remover__contamination_LOF': 0.05, 'outlier_remover__contamination_IF': 0.15, 'model': HistGradientBoostingRegressor(max_depth=5, random_state=42), 'imputer__knn_scaling_method': 'standard', 'imputer__knn_neighbors': 19, 'imputer__imputation_method': 'simple', 'encoder__method': 'freq'}",-2257.096089204862,-2254.4060353526797,-1999.9833258179829,-2170.495150125175,120.57506864703815,108,-1986.7308723373576,-1881.5507194109518,-1758.4751508103825,-1875.5855808528975,93.28042224376486
315,2,8000,1.0667595863342285,0.045198146607785226,0.19432171185811362,0.03216236620439289,rfe,10,hgb,6,robust,"['car_age', 'mileage', 'tax', 'mpg']",2,"['car_age', 'mileage']",Isolation_Forest,100,"['car_age', 'mileage', 'tax', 'mpg', 'engineSize']","['car_age', 'mileage', 'tax', 'mpg']",0.05,0.05,"HistGradientBoostingRegressor(max_depth=5, random_state=42)",standard,20,knn_modelwise,freq,"{'selector__selection_method': 'rfe', 'selector__n_features_to_select': 10, 'selector__model_name': 'hgb', 'selector__k': 6, 'scaler__scaler_name': 'robust', 'outlier_remover__z_columns': ['car_age', 'mileage', 'tax', 'mpg'], 'outlier_remover__threshold': 2, 'outlier_remover__sev_outliers_cols': ['car_age', 'mileage'], 'outlier_remover__outlier_method': 'Isolation_Forest', 'outlier_remover__n_neighbors': 100, 'outlier_remover__model_columns': ['car_age', 'mileage', 'tax', 'mpg', 'engineSize'], 'outlier_remover__mod_outliers_cols': ['car_age', 'mileage', 'tax', 'mpg'], 'outlier_remover__contamination_LOF': 0.05, 'outlier_remover__contamination_IF': 0.05, 'model': HistGradientBoostingRegressor(max_depth=5, random_state=42), 'imputer__knn_scaling_method': 'standard', 'imputer__knn_neighbors': 20, 'imputer__imputation_method': 'knn_modelwise', 'encoder__method': 'freq'}",-2118.961092008513,-2126.347278489216,-2084.4661764750404,-2109.924848990923,18.25279781997183,98,-1835.628191386355,-1840.3186943107933,-1813.1658227560854,-1829.7042361510778,11.850162942305648
316,2,8000,0.3240969181060791,0.034028851193006734,0.01945010821024577,0.003551799816975372,kbest,7,hgb,9,robust,"['car_age', 'mileage', 'tax', 'mpg']",3,"['car_age', 'mileage', 'engineSize']",LOF,30,"['car_age', 'mileage', 'tax', 'mpg']","['tax', 'mpg']",0.5,0.15,"HistGradientBoostingRegressor(max_depth=5, random_state=42)",robust,15,iterative,target,"{'selector__selection_method': 'kbest', 'selector__n_features_to_select': 7, 'selector__model_name': 'hgb', 'selector__k': 9, 'scaler__scaler_name': 'robust', 'outlier_remover__z_columns': ['car_age', 'mileage', 'tax', 'mpg'], 'outlier_remover__threshold': 3, 'outlier_remover__sev_outliers_cols': ['car_age', 'mileage', 'engineSize'], 'outlier_remover__outlier_method': 'LOF', 'outlier_remover__n_neighbors': 30, 'outlier_remover__model_columns': ['car_age', 'mileage', 'tax', 'mpg'], 'outlier_remover__mod_outliers_cols': ['tax', 'mpg'], 'outlier_remover__contamination_LOF': 0.5, 'outlier_remover__contamination_IF': 0.15, 'model': HistGradientBoostingRegressor(max_depth=5, random_state=42), 'imputer__knn_scaling_method': 'robust', 'imputer__knn_neighbors': 15, 'imputer__imputation_method': 'iterative', 'encoder__method': 'target'}",-2033.6435021659722,-2078.7152205832735,-2116.9078028634813,-2076.4221752042426,34.03115715041167,87,-1815.207268711225,-1832.618443412591,-1871.017971286749,-1839.614561136855,23.315486668767583
317,2,8000,0.4063376585642497,0.03471187386316932,0.012892643610636393,0.0017652464511130053,kbest,6,hgb,10,minmax,"['car_age', 'mileage', 'tax', 'mpg']",3,"['car_age', 'mileage', 'engineSize']",z_score,50,"['car_age', 'mileage', 'tax', 'mpg', 'engineSize']","['tax', 'mpg']",0.3,0.5,"HistGradientBoostingRegressor(max_depth=5, random_state=42)",minmax,12,simple,freq,"{'selector__selection_method': 'kbest', 'selector__n_features_to_select': 6, 'selector__model_name': 'hgb', 'selector__k': 10, 'scaler__scaler_name': 'minmax', 'outlier_remover__z_columns': ['car_age', 'mileage', 'tax', 'mpg'], 'outlier_remover__threshold': 3, 'outlier_remover__sev_outliers_cols': ['car_age', 'mileage', 'engineSize'], 'outlier_remover__outlier_method': 'z_score', 'outlier_remover__n_neighbors': 50, 'outlier_remover__model_columns': ['car_age', 'mileage', 'tax', 'mpg', 'engineSize'], 'outlier_remover__mod_outliers_cols': ['tax', 'mpg'], 'outlier_remover__contamination_LOF': 0.3, 'outlier_remover__contamination_IF': 0.5, 'model': HistGradientBoostingRegressor(max_depth=5, random_state=42), 'imputer__knn_scaling_method': 'minmax', 'imputer__knn_neighbors': 12, 'imputer__imputation_method': 'simple', 'encoder__method': 'freq'}",-2139.7535378731727,-2056.1080813677136,-2007.357550501313,-2067.7397232474,54.67263598093269,84,-1848.36803838487,-1731.920570102482,-1750.3063586877033,-1776.8649890583517,51.11440666268814
318,2,8000,0.4444739023844401,0.012340355744535104,0.011122385660807291,0.0018735916919490742,rfe,10,hgb,8,robust,"['car_age', 'mileage', 'tax', 'mpg']",2,"['car_age', 'mileage']",z_score,30,"['car_age', 'mileage', 'tax', 'mpg']","['car_age', 'mileage', 'tax', 'mpg']",0.05,0.3,"HistGradientBoostingRegressor(max_depth=5, random_state=42)",standard,19,simple,freq,"{'selector__selection_method': 'rfe', 'selector__n_features_to_select': 10, 'selector__model_name': 'hgb', 'selector__k': 8, 'scaler__scaler_name': 'robust', 'outlier_remover__z_columns': ['car_age', 'mileage', 'tax', 'mpg'], 'outlier_remover__threshold': 2, 'outlier_remover__sev_outliers_cols': ['car_age', 'mileage'], 'outlier_remover__outlier_method': 'z_score', 'outlier_remover__n_neighbors': 30, 'outlier_remover__model_columns': ['car_age', 'mileage', 'tax', 'mpg'], 'outlier_remover__mod_outliers_cols': ['car_age', 'mileage', 'tax', 'mpg'], 'outlier_remover__contamination_LOF': 0.05, 'outlier_remover__contamination_IF': 0.3, 'model': HistGradientBoostingRegressor(max_depth=5, random_state=42), 'imputer__knn_scaling_method': 'standard', 'imputer__knn_neighbors': 19, 'imputer__imputation_method': 'simple', 'encoder__method': 'freq'}",-2135.4077727535564,-2093.156009052738,-2021.4149788500586,-2083.3262535521176,47.05356759682038,90,-1856.0438741398236,-1754.8718510269448,-1751.3299062750687,-1787.4152104806124,48.54933195484908
319,2,8000,0.5959294637044271,0.14942124028155446,0.012563387552897135,0.0013559774417990149,rfe,10,hgb,9,minmax,"['car_age', 'mileage', 'tax', 'mpg']",2,"['car_age', 'mileage']",z_score,90,"['car_age', 'mileage', 'tax', 'mpg']","['tax', 'mpg']",0.5,0.3,"HistGradientBoostingRegressor(max_depth=5, random_state=42)",minmax,15,simple,freq,"{'selector__selection_method': 'rfe', 'selector__n_features_to_select': 10, 'selector__model_name': 'hgb', 'selector__k': 9, 'scaler__scaler_name': 'minmax', 'outlier_remover__z_columns': ['car_age', 'mileage', 'tax', 'mpg'], 'outlier_remover__threshold': 2, 'outlier_remover__sev_outliers_cols': ['car_age', 'mileage'], 'outlier_remover__outlier_method': 'z_score', 'outlier_remover__n_neighbors': 90, 'outlier_remover__model_columns': ['car_age', 'mileage', 'tax', 'mpg'], 'outlier_remover__mod_outliers_cols': ['tax', 'mpg'], 'outlier_remover__contamination_LOF': 0.5, 'outlier_remover__contamination_IF': 0.3, 'model': HistGradientBoostingRegressor(max_depth=5, random_state=42), 'imputer__knn_scaling_method': 'minmax', 'imputer__knn_neighbors': 15, 'imputer__imputation_method': 'simple', 'encoder__method': 'freq'}",-2135.4077727535564,-2093.156009052738,-2021.411888174663,-2083.3252233269864,47.054923130460594,89,-1856.0438741398236,-1754.8718510269448,-1751.3299062750687,-1787.4152104806124,48.54933195484908
320,2,8000,0.3176865577697754,0.025000475043032162,0.01810940106709798,0.0008667766893745759,kbest,7,hgb,6,robust,"['car_age', 'mileage', 'tax', 'mpg']",2,"['car_age', 'mileage', 'engineSize']",z_score,70,"['car_age', 'mileage', 'tax', 'mpg']","['car_age', 'mileage', 'tax', 'mpg']",0.05,0.15,"HistGradientBoostingRegressor(max_depth=5, random_state=42)",minmax,19,iterative,target,"{'selector__selection_method': 'kbest', 'selector__n_features_to_select': 7, 'selector__model_name': 'hgb', 'selector__k': 6, 'scaler__scaler_name': 'robust', 'outlier_remover__z_columns': ['car_age', 'mileage', 'tax', 'mpg'], 'outlier_remover__threshold': 2, 'outlier_remover__sev_outliers_cols': ['car_age', 'mileage', 'engineSize'], 'outlier_remover__outlier_method': 'z_score', 'outlier_remover__n_neighbors': 70, 'outlier_remover__model_columns': ['car_age', 'mileage', 'tax', 'mpg'], 'outlier_remover__mod_outliers_cols': ['car_age', 'mileage', 'tax', 'mpg'], 'outlier_remover__contamination_LOF': 0.05, 'outlier_remover__contamination_IF': 0.15, 'model': HistGradientBoostingRegressor(max_depth=5, random_state=42), 'imputer__knn_scaling_method': 'minmax', 'imputer__knn_neighbors': 19, 'imputer__imputation_method': 'iterative', 'encoder__method': 'target'}",-2047.6906388331856,-2122.415909156065,-2028.31333513797,-2066.139961042407,40.571802414094726,81,-1753.7976010050131,-1888.6468507438908,-1791.0713590237858,-1811.1719369242298,56.85715998730748
321,2,8000,0.33854929606119794,0.03943837671206706,0.016890446345011394,0.00019808230449053723,kbest,9,hgb,10,robust,"['car_age', 'mileage', 'tax', 'mpg']",3,"['car_age', 'mileage', 'engineSize']",IQR,30,"['car_age', 'mileage', 'tax', 'mpg']","['tax', 'mpg']",0.3,0.15,"HistGradientBoostingRegressor(max_depth=5, random_state=42)",minmax,14,simple,freq,"{'selector__selection_method': 'kbest', 'selector__n_features_to_select': 9, 'selector__model_name': 'hgb', 'selector__k': 10, 'scaler__scaler_name': 'robust', 'outlier_remover__z_columns': ['car_age', 'mileage', 'tax', 'mpg'], 'outlier_remover__threshold': 3, 'outlier_remover__sev_outliers_cols': ['car_age', 'mileage', 'engineSize'], 'outlier_remover__outlier_method': 'IQR', 'outlier_remover__n_neighbors': 30, 'outlier_remover__model_columns': ['car_age', 'mileage', 'tax', 'mpg'], 'outlier_remover__mod_outliers_cols': ['tax', 'mpg'], 'outlier_remover__contamination_LOF': 0.3, 'outlier_remover__contamination_IF': 0.15, 'model': HistGradientBoostingRegressor(max_depth=5, random_state=42), 'imputer__knn_scaling_method': 'minmax', 'imputer__knn_neighbors': 14, 'imputer__imputation_method': 'simple', 'encoder__method': 'freq'}",-2087.0694331621207,-2090.058052637482,-2011.2784106751676,-2062.80196549159,36.45307931467334,80,-1761.4558707025844,-1761.3214046992923,-1727.7590370401185,-1750.1787708139984,15.853240828407895
322,2,8000,0.36105648676554364,0.005040785854619131,0.013653278350830078,0.0026637417798484526,kbest,10,hgb,10,minmax,"['car_age', 'mileage', 'tax', 'mpg']",2,"['car_age', 'mileage', 'engineSize']",IQR,70,"['tax', 'mpg']","['tax', 'mpg']",0.3,0.05,"HistGradientBoostingRegressor(max_depth=5, random_state=42)",robust,13,simple,freq,"{'selector__selection_method': 'kbest', 'selector__n_features_to_select': 10, 'selector__model_name': 'hgb', 'selector__k': 10, 'scaler__scaler_name': 'minmax', 'outlier_remover__z_columns': ['car_age', 'mileage', 'tax', 'mpg'], 'outlier_remover__threshold': 2, 'outlier_remover__sev_outliers_cols': ['car_age', 'mileage', 'engineSize'], 'outlier_remover__outlier_method': 'IQR', 'outlier_remover__n_neighbors': 70, 'outlier_remover__model_columns': ['tax', 'mpg'], 'outlier_remover__mod_outliers_cols': ['tax', 'mpg'], 'outlier_remover__contamination_LOF': 0.3, 'outlier_remover__contamination_IF': 0.05, 'model': HistGradientBoostingRegressor(max_depth=5, random_state=42), 'imputer__knn_scaling_method': 'robust', 'imputer__knn_neighbors': 13, 'imputer__imputation_method': 'simple', 'encoder__method': 'freq'}",-2087.0694331621207,-2089.9788653735413,-2011.2784106751676,-2062.7755697369435,36.43335690017759,79,-1761.4558707025844,-1761.3214046992923,-1727.7590370401185,-1750.1787708139984,15.853240828407895
323,2,8000,0.3250389099121094,0.02514577699014064,0.015176693598429361,0.0012444251487141132,kbest,8,hgb,6,standard,"['car_age', 'mileage', 'tax', 'mpg']",3,"['car_age', 'mileage']",IQR,70,"['car_age', 'mileage', 'tax', 'mpg', 'engineSize']","['car_age', 'mileage', 'tax', 'mpg']",0.15,0.5,"HistGradientBoostingRegressor(max_depth=5, random_state=42)",robust,10,simple,target,"{'selector__selection_method': 'kbest', 'selector__n_features_to_select': 8, 'selector__model_name': 'hgb', 'selector__k': 6, 'scaler__scaler_name': 'standard', 'outlier_remover__z_columns': ['car_age', 'mileage', 'tax', 'mpg'], 'outlier_remover__threshold': 3, 'outlier_remover__sev_outliers_cols': ['car_age', 'mileage'], 'outlier_remover__outlier_method': 'IQR', 'outlier_remover__n_neighbors': 70, 'outlier_remover__model_columns': ['car_age', 'mileage', 'tax', 'mpg', 'engineSize'], 'outlier_remover__mod_outliers_cols': ['car_age', 'mileage', 'tax', 'mpg'], 'outlier_remover__contamination_LOF': 0.15, 'outlier_remover__contamination_IF': 0.5, 'model': HistGradientBoostingRegressor(max_depth=5, random_state=42), 'imputer__knn_scaling_method': 'robust', 'imputer__knn_neighbors': 10, 'imputer__imputation_method': 'simple', 'encoder__method': 'target'}",-2056.106608823051,-2089.482817500223,-2014.939185147651,-2053.509537156975,30.487668184671097,77,-1772.6798714170816,-1787.4208328030109,-1795.6602166979453,-1785.2536403060128,9.506019489292497
324,2,8000,0.7627182801564535,0.024335239302530027,0.21307730674743652,0.03591492755258298,kbest,10,hgb,10,standard,"['car_age', 'mileage', 'tax', 'mpg']",2,"['car_age', 'mileage']",LOF,90,"['car_age', 'mileage', 'tax', 'mpg']","['car_age', 'mileage', 'tax', 'mpg']",0.05,0.5,"HistGradientBoostingRegressor(max_depth=5, random_state=42)",standard,12,knn_modelwise,freq,"{'selector__selection_method': 'kbest', 'selector__n_features_to_select': 10, 'selector__model_name': 'hgb', 'selector__k': 10, 'scaler__scaler_name': 'standard', 'outlier_remover__z_columns': ['car_age', 'mileage', 'tax', 'mpg'], 'outlier_remover__threshold': 2, 'outlier_remover__sev_outliers_cols': ['car_age', 'mileage'], 'outlier_remover__outlier_method': 'LOF', 'outlier_remover__n_neighbors': 90, 'outlier_remover__model_columns': ['car_age', 'mileage', 'tax', 'mpg'], 'outlier_remover__mod_outliers_cols': ['car_age', 'mileage', 'tax', 'mpg'], 'outlier_remover__contamination_LOF': 0.05, 'outlier_remover__contamination_IF': 0.5, 'model': HistGradientBoostingRegressor(max_depth=5, random_state=42), 'imputer__knn_scaling_method': 'standard', 'imputer__knn_neighbors': 12, 'imputer__imputation_method': 'knn_modelwise', 'encoder__method': 'freq'}",-2114.2843434529036,-2073.8034248404315,-2026.3668730051809,-2071.484880432839,35.929580557984394,85,-1780.0963054891902,-1735.9416896220866,-1751.746034852262,-1755.9280099878463,18.266986845469823
325,2,8000,0.7021503448486328,0.021099955009911107,0.21481196085611978,0.030596001364923447,kbest,6,hgb,9,robust,"['car_age', 'mileage', 'tax', 'mpg']",2,"['car_age', 'mileage']",z_score,70,"['car_age', 'mileage', 'tax', 'mpg', 'engineSize']","['car_age', 'mileage', 'tax', 'mpg']",0.5,0.3,"HistGradientBoostingRegressor(max_depth=5, random_state=42)",minmax,17,knn_modelwise,freq,"{'selector__selection_method': 'kbest', 'selector__n_features_to_select': 6, 'selector__model_name': 'hgb', 'selector__k': 9, 'scaler__scaler_name': 'robust', 'outlier_remover__z_columns': ['car_age', 'mileage', 'tax', 'mpg'], 'outlier_remover__threshold': 2, 'outlier_remover__sev_outliers_cols': ['car_age', 'mileage'], 'outlier_remover__outlier_method': 'z_score', 'outlier_remover__n_neighbors': 70, 'outlier_remover__model_columns': ['car_age', 'mileage', 'tax', 'mpg', 'engineSize'], 'outlier_remover__mod_outliers_cols': ['car_age', 'mileage', 'tax', 'mpg'], 'outlier_remover__contamination_LOF': 0.5, 'outlier_remover__contamination_IF': 0.3, 'model': HistGradientBoostingRegressor(max_depth=5, random_state=42), 'imputer__knn_scaling_method': 'minmax', 'imputer__knn_neighbors': 17, 'imputer__imputation_method': 'knn_modelwise', 'encoder__method': 'freq'}",-2086.852913373844,-2203.1503618385664,-2100.6406696613535,-2130.2146482912544,51.879599644128454,100,-1747.2074136532565,-1820.4272730846162,-1830.4157712335546,-1799.3501526571424,37.09529572096137
326,2,8000,0.35579729080200195,0.017970441358637214,0.016935427983601887,0.00032701947110262144,kbest,10,hgb,6,robust,"['car_age', 'mileage', 'tax', 'mpg']",3,"['car_age', 'mileage', 'engineSize']",z_score,30,"['car_age', 'mileage', 'tax', 'mpg']","['tax', 'mpg']",0.5,0.3,"HistGradientBoostingRegressor(max_depth=5, random_state=42)",standard,13,simple,target,"{'selector__selection_method': 'kbest', 'selector__n_features_to_select': 10, 'selector__model_name': 'hgb', 'selector__k': 6, 'scaler__scaler_name': 'robust', 'outlier_remover__z_columns': ['car_age', 'mileage', 'tax', 'mpg'], 'outlier_remover__threshold': 3, 'outlier_remover__sev_outliers_cols': ['car_age', 'mileage', 'engineSize'], 'outlier_remover__outlier_method': 'z_score', 'outlier_remover__n_neighbors': 30, 'outlier_remover__model_columns': ['car_age', 'mileage', 'tax', 'mpg'], 'outlier_remover__mod_outliers_cols': ['tax', 'mpg'], 'outlier_remover__contamination_LOF': 0.5, 'outlier_remover__contamination_IF': 0.3, 'model': HistGradientBoostingRegressor(max_depth=5, random_state=42), 'imputer__knn_scaling_method': 'standard', 'imputer__knn_neighbors': 13, 'imputer__imputation_method': 'simple', 'encoder__method': 'target'}",-2049.0257981671275,-2073.5331013296486,-2009.7061544133617,-2044.0883513033793,26.29009413337884,72,-1779.9328229533369,-1776.357458610548,-1784.2765826183265,-1780.1889547274038,3.238037870574125
327,2,8000,0.7999329566955566,0.07270076495356947,0.17366544405619302,0.018252724250038134,kbest,5,hgb,10,standard,"['car_age', 'mileage', 'tax', 'mpg']",3,"['car_age', 'mileage', 'engineSize']",IQR,100,"['car_age', 'mileage', 'tax', 'mpg']","['car_age', 'mileage', 'tax', 'mpg']",0.05,0.3,"HistGradientBoostingRegressor(max_depth=5, random_state=42)",robust,17,knn_modelwise,freq,"{'selector__selection_method': 'kbest', 'selector__n_features_to_select': 5, 'selector__model_name': 'hgb', 'selector__k': 10, 'scaler__scaler_name': 'standard', 'outlier_remover__z_columns': ['car_age', 'mileage', 'tax', 'mpg'], 'outlier_remover__threshold': 3, 'outlier_remover__sev_outliers_cols': ['car_age', 'mileage', 'engineSize'], 'outlier_remover__outlier_method': 'IQR', 'outlier_remover__n_neighbors': 100, 'outlier_remover__model_columns': ['car_age', 'mileage', 'tax', 'mpg'], 'outlier_remover__mod_outliers_cols': ['car_age', 'mileage', 'tax', 'mpg'], 'outlier_remover__contamination_LOF': 0.05, 'outlier_remover__contamination_IF': 0.3, 'model': HistGradientBoostingRegressor(max_depth=5, random_state=42), 'imputer__knn_scaling_method': 'robust', 'imputer__knn_neighbors': 17, 'imputer__imputation_method': 'knn_modelwise', 'encoder__method': 'freq'}",-2059.0370393474227,-2048.5181818113806,-2009.5281494056767,-2039.02779018816,21.29684163888395,70,-1741.1699730613745,-1687.7926939238494,-1715.3538870978332,-1714.7721846943525,21.79506465993287
328,2,8000,0.5055247942606608,0.019654814778066482,0.021619002024332683,0.0011195685848559573,kbest,7,hgb,6,robust,"['car_age', 'mileage', 'tax', 'mpg']",3,"['car_age', 'mileage']",z_score,50,"['car_age', 'mileage', 'tax', 'mpg']","['car_age', 'mileage', 'tax', 'mpg']",0.15,0.3,"HistGradientBoostingRegressor(max_depth=5, random_state=42)",standard,14,iterative,target,"{'selector__selection_method': 'kbest', 'selector__n_features_to_select': 7, 'selector__model_name': 'hgb', 'selector__k': 6, 'scaler__scaler_name': 'robust', 'outlier_remover__z_columns': ['car_age', 'mileage', 'tax', 'mpg'], 'outlier_remover__threshold': 3, 'outlier_remover__sev_outliers_cols': ['car_age', 'mileage'], 'outlier_remover__outlier_method': 'z_score', 'outlier_remover__n_neighbors': 50, 'outlier_remover__model_columns': ['car_age', 'mileage', 'tax', 'mpg'], 'outlier_remover__mod_outliers_cols': ['car_age', 'mileage', 'tax', 'mpg'], 'outlier_remover__contamination_LOF': 0.15, 'outlier_remover__contamination_IF': 0.3, 'model': HistGradientBoostingRegressor(max_depth=5, random_state=42), 'imputer__knn_scaling_method': 'standard', 'imputer__knn_neighbors': 14, 'imputer__imputation_method': 'iterative', 'encoder__method': 'target'}",-2027.2802514582138,-2047.7746475317413,-1995.3258018501085,-2023.4602336133546,21.581855891546397,66,-1747.1368892738417,-1757.375616928861,-1775.4935998837664,-1760.0020353621564,11.724598486197547
329,2,8000,1.3093976179758708,0.35362036697490484,0.2244256337483724,0.02724378367756458,rfe,10,hgb,8,robust,"['car_age', 'mileage', 'tax', 'mpg']",2,"['car_age', 'mileage', 'engineSize']",IQR,50,"['car_age', 'mileage', 'tax', 'mpg', 'engineSize']","['car_age', 'mileage', 'tax', 'mpg']",0.05,0.05,"HistGradientBoostingRegressor(max_depth=5, random_state=42)",minmax,20,knn_modelwise,freq,"{'selector__selection_method': 'rfe', 'selector__n_features_to_select': 10, 'selector__model_name': 'hgb', 'selector__k': 8, 'scaler__scaler_name': 'robust', 'outlier_remover__z_columns': ['car_age', 'mileage', 'tax', 'mpg'], 'outlier_remover__threshold': 2, 'outlier_remover__sev_outliers_cols': ['car_age', 'mileage', 'engineSize'], 'outlier_remover__outlier_method': 'IQR', 'outlier_remover__n_neighbors': 50, 'outlier_remover__model_columns': ['car_age', 'mileage', 'tax', 'mpg', 'engineSize'], 'outlier_remover__mod_outliers_cols': ['car_age', 'mileage', 'tax', 'mpg'], 'outlier_remover__contamination_LOF': 0.05, 'outlier_remover__contamination_IF': 0.05, 'model': HistGradientBoostingRegressor(max_depth=5, random_state=42), 'imputer__knn_scaling_method': 'minmax', 'imputer__knn_neighbors': 20, 'imputer__imputation_method': 'knn_modelwise', 'encoder__method': 'freq'}",-2075.7656110970147,-2058.789177318626,-2009.5778074559357,-2048.044198623859,28.068930190642686,76,-1737.7567564273518,-1709.3966986529292,-1724.6202246321689,-1723.9245599041499,11.588390204640262
330,2,8000,0.6564475695292155,0.1828454521174678,0.20211172103881836,0.014979085528109868,kbest,5,hgb,10,minmax,"['car_age', 'mileage', 'tax', 'mpg']",2,"['car_age', 'mileage', 'engineSize']",IQR,30,"['tax', 'mpg']","['tax', 'mpg']",0.05,0.15,"HistGradientBoostingRegressor(max_depth=5, random_state=42)",minmax,14,knn_modelwise,freq,"{'selector__selection_method': 'kbest', 'selector__n_features_to_select': 5, 'selector__model_name': 'hgb', 'selector__k': 10, 'scaler__scaler_name': 'minmax', 'outlier_remover__z_columns': ['car_age', 'mileage', 'tax', 'mpg'], 'outlier_remover__threshold': 2, 'outlier_remover__sev_outliers_cols': ['car_age', 'mileage', 'engineSize'], 'outlier_remover__outlier_method': 'IQR', 'outlier_remover__n_neighbors': 30, 'outlier_remover__model_columns': ['tax', 'mpg'], 'outlier_remover__mod_outliers_cols': ['tax', 'mpg'], 'outlier_remover__contamination_LOF': 0.05, 'outlier_remover__contamination_IF': 0.15, 'model': HistGradientBoostingRegressor(max_depth=5, random_state=42), 'imputer__knn_scaling_method': 'minmax', 'imputer__knn_neighbors': 14, 'imputer__imputation_method': 'knn_modelwise', 'encoder__method': 'freq'}",-2062.1535266897426,-2040.8952021646862,-1971.1114417816343,-2024.7200568786877,38.88780271388593,67,-1730.684536354634,-1691.847011621169,-1690.8374479284594,-1704.4563319680874,18.550720268482912
331,2,8000,0.5486123561859131,0.037168344557412324,0.01913293202718099,0.0016203736819228518,kbest,8,hgb,9,standard,"['car_age', 'mileage', 'tax', 'mpg']",3,"['car_age', 'mileage', 'engineSize']",LOF,100,"['tax', 'mpg']","['car_age', 'mileage', 'tax', 'mpg']",0.15,0.3,"HistGradientBoostingRegressor(max_depth=5, random_state=42)",robust,16,iterative,target,"{'selector__selection_method': 'kbest', 'selector__n_features_to_select': 8, 'selector__model_name': 'hgb', 'selector__k': 9, 'scaler__scaler_name': 'standard', 'outlier_remover__z_columns': ['car_age', 'mileage', 'tax', 'mpg'], 'outlier_remover__threshold': 3, 'outlier_remover__sev_outliers_cols': ['car_age', 'mileage', 'engineSize'], 'outlier_remover__outlier_method': 'LOF', 'outlier_remover__n_neighbors': 100, 'outlier_remover__model_columns': ['tax', 'mpg'], 'outlier_remover__mod_outliers_cols': ['car_age', 'mileage', 'tax', 'mpg'], 'outlier_remover__contamination_LOF': 0.15, 'outlier_remover__contamination_IF': 0.3, 'model': HistGradientBoostingRegressor(max_depth=5, random_state=42), 'imputer__knn_scaling_method': 'robust', 'imputer__knn_neighbors': 16, 'imputer__imputation_method': 'iterative', 'encoder__method': 'target'}",-1998.4829654718517,-1999.2081385623128,-1916.8719006033953,-1971.5210015458533,38.643883900448415,62,-1697.9978292494889,-1685.9532752052696,-1691.6832187344653,-1691.8781077297415,4.919099295696944
332,2,8000,0.6680120627085367,0.011388751445197236,0.015120665232340494,0.003287912279290375,rfe,10,hgb,10,standard,"['car_age', 'mileage', 'tax', 'mpg']",3,"['car_age', 'mileage', 'engineSize']",Isolation_Forest,100,"['car_age', 'mileage', 'tax', 'mpg', 'engineSize']","['tax', 'mpg']",0.5,0.05,"HistGradientBoostingRegressor(max_depth=5, random_state=42)",standard,16,simple,target,"{'selector__selection_method': 'rfe', 'selector__n_features_to_select': 10, 'selector__model_name': 'hgb', 'selector__k': 10, 'scaler__scaler_name': 'standard', 'outlier_remover__z_columns': ['car_age', 'mileage', 'tax', 'mpg'], 'outlier_remover__threshold': 3, 'outlier_remover__sev_outliers_cols': ['car_age', 'mileage', 'engineSize'], 'outlier_remover__outlier_method': 'Isolation_Forest', 'outlier_remover__n_neighbors': 100, 'outlier_remover__model_columns': ['car_age', 'mileage', 'tax', 'mpg', 'engineSize'], 'outlier_remover__mod_outliers_cols': ['tax', 'mpg'], 'outlier_remover__contamination_LOF': 0.5, 'outlier_remover__contamination_IF': 0.05, 'model': HistGradientBoostingRegressor(max_depth=5, random_state=42), 'imputer__knn_scaling_method': 'standard', 'imputer__knn_neighbors': 16, 'imputer__imputation_method': 'simple', 'encoder__method': 'target'}",-2057.455919317566,-2041.7058743908433,-1976.4632823245315,-2025.2083586776469,35.062590038403556,68,-1766.001683686815,-1732.6362105052706,-1735.708686106997,-1744.7821934330277,15.056783666147288
333,2,8000,0.20111838976542154,0.04583711977983039,0.014970223108927408,0.0051539934542117905,kbest,9,hgb,7,standard,"['car_age', 'mileage', 'tax', 'mpg']",2,"['car_age', 'mileage']",z_score,50,"['tax', 'mpg']","['car_age', 'mileage', 'tax', 'mpg']",0.15,0.15,"HistGradientBoostingRegressor(max_depth=5, random_state=42)",minmax,10,simple,target,"{'selector__selection_method': 'kbest', 'selector__n_features_to_select': 9, 'selector__model_name': 'hgb', 'selector__k': 7, 'scaler__scaler_name': 'standard', 'outlier_remover__z_columns': ['car_age', 'mileage', 'tax', 'mpg'], 'outlier_remover__threshold': 2, 'outlier_remover__sev_outliers_cols': ['car_age', 'mileage'], 'outlier_remover__outlier_method': 'z_score', 'outlier_remover__n_neighbors': 50, 'outlier_remover__model_columns': ['tax', 'mpg'], 'outlier_remover__mod_outliers_cols': ['car_age', 'mileage', 'tax', 'mpg'], 'outlier_remover__contamination_LOF': 0.15, 'outlier_remover__contamination_IF': 0.15, 'model': HistGradientBoostingRegressor(max_depth=5, random_state=42), 'imputer__knn_scaling_method': 'minmax', 'imputer__knn_neighbors': 10, 'imputer__imputation_method': 'simple', 'encoder__method': 'target'}",-1998.7598525673322,-2015.1294995578571,-1929.0319754702275,-1980.973775865139,37.33143721536597,63,-1729.9288754066795,-1686.1862761179884,-1674.4415071596334,-1696.852219561434,23.87514427041794
334,2,8000,0.3436295986175537,0.021405782736094423,0.016011397043863933,0.0013915087671812207,kbest,5,hgb,9,minmax,"['car_age', 'mileage', 'tax', 'mpg']",2,"['car_age', 'mileage']",z_score,100,"['tax', 'mpg']","['car_age', 'mileage', 'tax', 'mpg']",0.15,0.05,"HistGradientBoostingRegressor(max_depth=5, random_state=42)",minmax,19,simple,target,"{'selector__selection_method': 'kbest', 'selector__n_features_to_select': 5, 'selector__model_name': 'hgb', 'selector__k': 9, 'scaler__scaler_name': 'minmax', 'outlier_remover__z_columns': ['car_age', 'mileage', 'tax', 'mpg'], 'outlier_remover__threshold': 2, 'outlier_remover__sev_outliers_cols': ['car_age', 'mileage'], 'outlier_remover__outlier_method': 'z_score', 'outlier_remover__n_neighbors': 100, 'outlier_remover__model_columns': ['tax', 'mpg'], 'outlier_remover__mod_outliers_cols': ['car_age', 'mileage', 'tax', 'mpg'], 'outlier_remover__contamination_LOF': 0.15, 'outlier_remover__contamination_IF': 0.05, 'model': HistGradientBoostingRegressor(max_depth=5, random_state=42), 'imputer__knn_scaling_method': 'minmax', 'imputer__knn_neighbors': 19, 'imputer__imputation_method': 'simple', 'encoder__method': 'target'}",-1975.613691820031,-1987.3152996519243,-1906.2612972482711,-1956.3967629067422,35.771549160905785,60,-1705.6288722834702,-1659.1141334030453,-1652.0236957545956,-1672.255567147037,23.775361172282885
335,2,8000,0.3455804983774821,0.02167692632695045,0.017725149790445965,0.0005690272626907972,kbest,7,hgb,7,minmax,"['car_age', 'mileage', 'tax', 'mpg']",3,"['car_age', 'mileage']",IQR,90,"['car_age', 'mileage', 'tax', 'mpg', 'engineSize']","['tax', 'mpg']",0.3,0.3,"HistGradientBoostingRegressor(max_depth=5, random_state=42)",robust,13,simple,target,"{'selector__selection_method': 'kbest', 'selector__n_features_to_select': 7, 'selector__model_name': 'hgb', 'selector__k': 7, 'scaler__scaler_name': 'minmax', 'outlier_remover__z_columns': ['car_age', 'mileage', 'tax', 'mpg'], 'outlier_remover__threshold': 3, 'outlier_remover__sev_outliers_cols': ['car_age', 'mileage'], 'outlier_remover__outlier_method': 'IQR', 'outlier_remover__n_neighbors': 90, 'outlier_remover__model_columns': ['car_age', 'mileage', 'tax', 'mpg', 'engineSize'], 'outlier_remover__mod_outliers_cols': ['tax', 'mpg'], 'outlier_remover__contamination_LOF': 0.3, 'outlier_remover__contamination_IF': 0.3, 'model': HistGradientBoostingRegressor(max_depth=5, random_state=42), 'imputer__knn_scaling_method': 'robust', 'imputer__knn_neighbors': 13, 'imputer__imputation_method': 'simple', 'encoder__method': 'target'}",-1949.2571016598454,-1983.7872564833638,-1912.3804978863868,-1948.4749520098655,29.15693298786137,57,-1663.361111681793,-1665.274590889614,-1648.8242326053291,-1659.1533117255785,7.345418403057932
336,2,8000,0.3155454794565837,0.022606520371382298,0.014320929845174154,0.002637449545604339,kbest,10,hgb,10,standard,"['car_age', 'mileage', 'tax', 'mpg']",2,"['car_age', 'mileage']",z_score,100,"['tax', 'mpg']","['car_age', 'mileage', 'tax', 'mpg']",0.05,0.05,"HistGradientBoostingRegressor(max_depth=5, random_state=42)",standard,14,simple,target,"{'selector__selection_method': 'kbest', 'selector__n_features_to_select': 10, 'selector__model_name': 'hgb', 'selector__k': 10, 'scaler__scaler_name': 'standard', 'outlier_remover__z_columns': ['car_age', 'mileage', 'tax', 'mpg'], 'outlier_remover__threshold': 2, 'outlier_remover__sev_outliers_cols': ['car_age', 'mileage'], 'outlier_remover__outlier_method': 'z_score', 'outlier_remover__n_neighbors': 100, 'outlier_remover__model_columns': ['tax', 'mpg'], 'outlier_remover__mod_outliers_cols': ['car_age', 'mileage', 'tax', 'mpg'], 'outlier_remover__contamination_LOF': 0.05, 'outlier_remover__contamination_IF': 0.05, 'model': HistGradientBoostingRegressor(max_depth=5, random_state=42), 'imputer__knn_scaling_method': 'standard', 'imputer__knn_neighbors': 14, 'imputer__imputation_method': 'simple', 'encoder__method': 'target'}",-1969.35856774748,-1993.3054623546243,-1923.8659238778523,-1962.176651326652,28.79985322385737,61,-1691.1686868542574,-1648.1937869731332,-1646.0350275960664,-1661.799167141152,20.78607830008457
337,2,8000,0.5998626550038656,0.046629228334225704,0.01699995994567871,0.0007301712391541445,rfe,10,hgb,5,standard,"['car_age', 'mileage', 'tax', 'mpg']",3,"['car_age', 'mileage', 'engineSize']",IQR,100,"['car_age', 'mileage', 'tax', 'mpg']","['tax', 'mpg']",0.5,0.05,"HistGradientBoostingRegressor(max_depth=5, random_state=42)",robust,18,simple,target,"{'selector__selection_method': 'rfe', 'selector__n_features_to_select': 10, 'selector__model_name': 'hgb', 'selector__k': 5, 'scaler__scaler_name': 'standard', 'outlier_remover__z_columns': ['car_age', 'mileage', 'tax', 'mpg'], 'outlier_remover__threshold': 3, 'outlier_remover__sev_outliers_cols': ['car_age', 'mileage', 'engineSize'], 'outlier_remover__outlier_method': 'IQR', 'outlier_remover__n_neighbors': 100, 'outlier_remover__model_columns': ['car_age', 'mileage', 'tax', 'mpg'], 'outlier_remover__mod_outliers_cols': ['tax', 'mpg'], 'outlier_remover__contamination_LOF': 0.5, 'outlier_remover__contamination_IF': 0.05, 'model': HistGradientBoostingRegressor(max_depth=5, random_state=42), 'imputer__knn_scaling_method': 'robust', 'imputer__knn_neighbors': 18, 'imputer__imputation_method': 'simple', 'encoder__method': 'target'}",-1928.0022518801113,-1962.189002010862,-1888.4338812664796,-1926.2083783858177,30.137108306203405,48,-1635.6816856083128,-1622.5909642296906,-1627.1353166959984,-1628.4693221780005,5.426872919259496
338,2,8000,0.2574835618336995,0.07070245258739571,0.014586528142293295,0.0025372575111860763,kbest,10,hgb,8,minmax,"['car_age', 'mileage', 'tax', 'mpg']",2,"['car_age', 'mileage']",IQR,70,"['tax', 'mpg']","['car_age', 'mileage', 'tax', 'mpg']",0.3,0.15,"HistGradientBoostingRegressor(max_depth=5, random_state=42)",minmax,13,simple,target,"{'selector__selection_method': 'kbest', 'selector__n_features_to_select': 10, 'selector__model_name': 'hgb', 'selector__k': 8, 'scaler__scaler_name': 'minmax', 'outlier_remover__z_columns': ['car_age', 'mileage', 'tax', 'mpg'], 'outlier_remover__threshold': 2, 'outlier_remover__sev_outliers_cols': ['car_age', 'mileage'], 'outlier_remover__outlier_method': 'IQR', 'outlier_remover__n_neighbors': 70, 'outlier_remover__model_columns': ['tax', 'mpg'], 'outlier_remover__mod_outliers_cols': ['car_age', 'mileage', 'tax', 'mpg'], 'outlier_remover__contamination_LOF': 0.3, 'outlier_remover__contamination_IF': 0.15, 'model': HistGradientBoostingRegressor(max_depth=5, random_state=42), 'imputer__knn_scaling_method': 'minmax', 'imputer__knn_neighbors': 13, 'imputer__imputation_method': 'simple', 'encoder__method': 'target'}",-1965.314984946309,-1987.5301582860095,-1902.6092241708775,-1951.8181224677319,35.95845042379574,58,-1654.8502237453508,-1640.7926611438688,-1630.3060575115119,-1641.982980800244,10.055402186282574
339,2,8000,0.3602426052093506,0.00553865283596772,0.0157926082611084,0.0030340632104485566,kbest,7,hgb,8,robust,"['car_age', 'mileage', 'tax', 'mpg']",3,"['car_age', 'mileage', 'engineSize']",IQR,70,"['car_age', 'mileage', 'tax', 'mpg', 'engineSize']","['car_age', 'mileage', 'tax', 'mpg']",0.5,0.3,"HistGradientBoostingRegressor(max_depth=5, random_state=42)",standard,11,simple,target,"{'selector__selection_method': 'kbest', 'selector__n_features_to_select': 7, 'selector__model_name': 'hgb', 'selector__k': 8, 'scaler__scaler_name': 'robust', 'outlier_remover__z_columns': ['car_age', 'mileage', 'tax', 'mpg'], 'outlier_remover__threshold': 3, 'outlier_remover__sev_outliers_cols': ['car_age', 'mileage', 'engineSize'], 'outlier_remover__outlier_method': 'IQR', 'outlier_remover__n_neighbors': 70, 'outlier_remover__model_columns': ['car_age', 'mileage', 'tax', 'mpg', 'engineSize'], 'outlier_remover__mod_outliers_cols': ['car_age', 'mileage', 'tax', 'mpg'], 'outlier_remover__contamination_LOF': 0.5, 'outlier_remover__contamination_IF': 0.3, 'model': HistGradientBoostingRegressor(max_depth=5, random_state=42), 'imputer__knn_scaling_method': 'standard', 'imputer__knn_neighbors': 11, 'imputer__imputation_method': 'simple', 'encoder__method': 'target'}",-1965.314984946309,-1987.8885110841427,-1902.6092241708775,-1951.9375734004432,36.07728323898898,59,-1654.8502237453508,-1640.7926611438688,-1630.3060575115119,-1641.982980800244,10.055402186282574
340,2,8000,0.36551912625630695,0.014124482417849716,0.01775662104288737,0.0010444372688168187,kbest,8,hgb,9,standard,"['car_age', 'mileage', 'tax', 'mpg']",2,"['car_age', 'mileage', 'engineSize']",IQR,100,"['car_age', 'mileage', 'tax', 'mpg', 'engineSize']","['car_age', 'mileage', 'tax', 'mpg']",0.05,0.5,"HistGradientBoostingRegressor(max_depth=5, random_state=42)",minmax,10,simple,target,"{'selector__selection_method': 'kbest', 'selector__n_features_to_select': 8, 'selector__model_name': 'hgb', 'selector__k': 9, 'scaler__scaler_name': 'standard', 'outlier_remover__z_columns': ['car_age', 'mileage', 'tax', 'mpg'], 'outlier_remover__threshold': 2, 'outlier_remover__sev_outliers_cols': ['car_age', 'mileage', 'engineSize'], 'outlier_remover__outlier_method': 'IQR', 'outlier_remover__n_neighbors': 100, 'outlier_remover__model_columns': ['car_age', 'mileage', 'tax', 'mpg', 'engineSize'], 'outlier_remover__mod_outliers_cols': ['car_age', 'mileage', 'tax', 'mpg'], 'outlier_remover__contamination_LOF': 0.05, 'outlier_remover__contamination_IF': 0.5, 'model': HistGradientBoostingRegressor(max_depth=5, random_state=42), 'imputer__knn_scaling_method': 'minmax', 'imputer__knn_neighbors': 10, 'imputer__imputation_method': 'simple', 'encoder__method': 'target'}",-1948.2022582607658,-1984.827157287213,-1900.2728032867606,-1944.4340729449132,34.621853508436054,56,-1651.1948383801914,-1647.5512357548316,-1615.4549309837932,-1638.067001706272,16.05819140483907
341,2,8000,0.42395202318827313,0.008500065424895478,0.0185543696085612,0.0037714508251983432,kbest,6,hgb,7,minmax,"['car_age', 'mileage', 'tax', 'mpg']",3,"['car_age', 'mileage']",IQR,70,"['car_age', 'mileage', 'tax', 'mpg']","['tax', 'mpg']",0.05,0.3,"HistGradientBoostingRegressor(max_depth=5, random_state=42)",robust,14,iterative,target,"{'selector__selection_method': 'kbest', 'selector__n_features_to_select': 6, 'selector__model_name': 'hgb', 'selector__k': 7, 'scaler__scaler_name': 'minmax', 'outlier_remover__z_columns': ['car_age', 'mileage', 'tax', 'mpg'], 'outlier_remover__threshold': 3, 'outlier_remover__sev_outliers_cols': ['car_age', 'mileage'], 'outlier_remover__outlier_method': 'IQR', 'outlier_remover__n_neighbors': 70, 'outlier_remover__model_columns': ['car_age', 'mileage', 'tax', 'mpg'], 'outlier_remover__mod_outliers_cols': ['tax', 'mpg'], 'outlier_remover__contamination_LOF': 0.05, 'outlier_remover__contamination_IF': 0.3, 'model': HistGradientBoostingRegressor(max_depth=5, random_state=42), 'imputer__knn_scaling_method': 'robust', 'imputer__knn_neighbors': 14, 'imputer__imputation_method': 'iterative', 'encoder__method': 'target'}",-1956.1026977783279,-1985.088000148307,-1881.8401525949819,-1941.0102835072057,43.48076381188235,54,-1645.1233617609705,-1627.0353081808557,-1616.54720317645,-1629.5686243727587,11.802894505389618
342,2,8000,0.41484983762105304,0.020255447467646,0.019060611724853516,0.0016764249537931958,kbest,5,hgb,7,minmax,"['car_age', 'mileage', 'tax', 'mpg']",2,"['car_age', 'mileage', 'engineSize']",IQR,90,"['tax', 'mpg']","['tax', 'mpg']",0.3,0.05,"HistGradientBoostingRegressor(max_depth=5, random_state=42)",robust,11,iterative,target,"{'selector__selection_method': 'kbest', 'selector__n_features_to_select': 5, 'selector__model_name': 'hgb', 'selector__k': 7, 'scaler__scaler_name': 'minmax', 'outlier_remover__z_columns': ['car_age', 'mileage', 'tax', 'mpg'], 'outlier_remover__threshold': 2, 'outlier_remover__sev_outliers_cols': ['car_age', 'mileage', 'engineSize'], 'outlier_remover__outlier_method': 'IQR', 'outlier_remover__n_neighbors': 90, 'outlier_remover__model_columns': ['tax', 'mpg'], 'outlier_remover__mod_outliers_cols': ['tax', 'mpg'], 'outlier_remover__contamination_LOF': 0.3, 'outlier_remover__contamination_IF': 0.05, 'model': HistGradientBoostingRegressor(max_depth=5, random_state=42), 'imputer__knn_scaling_method': 'robust', 'imputer__knn_neighbors': 11, 'imputer__imputation_method': 'iterative', 'encoder__method': 'target'}",-1956.1026977783279,-1985.088000148307,-1881.8401525949819,-1941.0102835072057,43.48076381188235,54,-1645.1233617609705,-1627.0353081808557,-1616.54720317645,-1629.5686243727587,11.802894505389618
343,2,8000,0.7380873362223307,0.03319748011547694,0.017764727274576824,0.00174993371056743,rfe,10,hgb,10,robust,"['car_age', 'mileage', 'tax', 'mpg']",2,"['car_age', 'mileage', 'engineSize']",z_score,50,"['tax', 'mpg']","['tax', 'mpg']",0.5,0.5,"HistGradientBoostingRegressor(max_depth=5, random_state=42)",robust,10,iterative,target,"{'selector__selection_method': 'rfe', 'selector__n_features_to_select': 10, 'selector__model_name': 'hgb', 'selector__k': 10, 'scaler__scaler_name': 'robust', 'outlier_remover__z_columns': ['car_age', 'mileage', 'tax', 'mpg'], 'outlier_remover__threshold': 2, 'outlier_remover__sev_outliers_cols': ['car_age', 'mileage', 'engineSize'], 'outlier_remover__outlier_method': 'z_score', 'outlier_remover__n_neighbors': 50, 'outlier_remover__model_columns': ['tax', 'mpg'], 'outlier_remover__mod_outliers_cols': ['tax', 'mpg'], 'outlier_remover__contamination_LOF': 0.5, 'outlier_remover__contamination_IF': 0.5, 'model': HistGradientBoostingRegressor(max_depth=5, random_state=42), 'imputer__knn_scaling_method': 'robust', 'imputer__knn_neighbors': 10, 'imputer__imputation_method': 'iterative', 'encoder__method': 'target'}",-1951.6901509725724,-1967.9100716793414,-1878.5211087536438,-1932.7071104685192,38.88327441044393,52,-1632.956699893839,-1602.4012410366918,-1599.8751994120528,-1611.7443801141944,15.034784210795394
344,2,8000,0.30024902025858563,0.07608188765852705,0.018613417943318684,0.003320205595306367,kbest,9,hgb,9,standard,"['car_age', 'mileage', 'tax', 'mpg']",2,"['car_age', 'mileage', 'engineSize']",z_score,70,"['car_age', 'mileage', 'tax', 'mpg', 'engineSize']","['tax', 'mpg']",0.15,0.5,"HistGradientBoostingRegressor(max_depth=5, random_state=42)",minmax,14,iterative,target,"{'selector__selection_method': 'kbest', 'selector__n_features_to_select': 9, 'selector__model_name': 'hgb', 'selector__k': 9, 'scaler__scaler_name': 'standard', 'outlier_remover__z_columns': ['car_age', 'mileage', 'tax', 'mpg'], 'outlier_remover__threshold': 2, 'outlier_remover__sev_outliers_cols': ['car_age', 'mileage', 'engineSize'], 'outlier_remover__outlier_method': 'z_score', 'outlier_remover__n_neighbors': 70, 'outlier_remover__model_columns': ['car_age', 'mileage', 'tax', 'mpg', 'engineSize'], 'outlier_remover__mod_outliers_cols': ['tax', 'mpg'], 'outlier_remover__contamination_LOF': 0.15, 'outlier_remover__contamination_IF': 0.5, 'model': HistGradientBoostingRegressor(max_depth=5, random_state=42), 'imputer__knn_scaling_method': 'minmax', 'imputer__knn_neighbors': 14, 'imputer__imputation_method': 'iterative', 'encoder__method': 'target'}",-1956.2793814699737,-1958.7184668034756,-1869.2539320380504,-1928.0839267704998,41.61100410933831,50,-1634.9797908453947,-1609.1076076875945,-1601.4094674369649,-1615.1656219899844,14.35888357783239
345,2,8000,0.6936226685841879,0.07935924596236783,0.1963367462158203,0.013095552253209745,kbest,9,hgb,8,robust,"['car_age', 'mileage', 'tax', 'mpg']",3,"['car_age', 'mileage', 'engineSize']",IQR,90,"['tax', 'mpg']","['car_age', 'mileage', 'tax', 'mpg']",0.5,0.3,"HistGradientBoostingRegressor(max_depth=5, random_state=42)",minmax,16,knn_modelwise,target,"{'selector__selection_method': 'kbest', 'selector__n_features_to_select': 9, 'selector__model_name': 'hgb', 'selector__k': 8, 'scaler__scaler_name': 'robust', 'outlier_remover__z_columns': ['car_age', 'mileage', 'tax', 'mpg'], 'outlier_remover__threshold': 3, 'outlier_remover__sev_outliers_cols': ['car_age', 'mileage', 'engineSize'], 'outlier_remover__outlier_method': 'IQR', 'outlier_remover__n_neighbors': 90, 'outlier_remover__model_columns': ['tax', 'mpg'], 'outlier_remover__mod_outliers_cols': ['car_age', 'mileage', 'tax', 'mpg'], 'outlier_remover__contamination_LOF': 0.5, 'outlier_remover__contamination_IF': 0.3, 'model': HistGradientBoostingRegressor(max_depth=5, random_state=42), 'imputer__knn_scaling_method': 'minmax', 'imputer__knn_neighbors': 16, 'imputer__imputation_method': 'knn_modelwise', 'encoder__method': 'target'}",-1976.013971206716,-1962.9859954519443,-1871.9860454865166,-1936.9953373817254,46.27517738200542,53,-1634.835367294853,-1614.8503977087498,-1603.4078108426104,-1617.6978586154044,12.987272008930388
346,2,8000,1.099778652191162,0.07773953022287901,0.19772259394327799,0.010566537533238527,rfe,10,hgb,6,standard,"['car_age', 'mileage', 'tax', 'mpg']",3,"['car_age', 'mileage']",IQR,70,"['car_age', 'mileage', 'tax', 'mpg', 'engineSize']","['car_age', 'mileage', 'tax', 'mpg']",0.15,0.5,"HistGradientBoostingRegressor(max_depth=5, random_state=42)",standard,20,knn_modelwise,target,"{'selector__selection_method': 'rfe', 'selector__n_features_to_select': 10, 'selector__model_name': 'hgb', 'selector__k': 6, 'scaler__scaler_name': 'standard', 'outlier_remover__z_columns': ['car_age', 'mileage', 'tax', 'mpg'], 'outlier_remover__threshold': 3, 'outlier_remover__sev_outliers_cols': ['car_age', 'mileage'], 'outlier_remover__outlier_method': 'IQR', 'outlier_remover__n_neighbors': 70, 'outlier_remover__model_columns': ['car_age', 'mileage', 'tax', 'mpg', 'engineSize'], 'outlier_remover__mod_outliers_cols': ['car_age', 'mileage', 'tax', 'mpg'], 'outlier_remover__contamination_LOF': 0.15, 'outlier_remover__contamination_IF': 0.5, 'model': HistGradientBoostingRegressor(max_depth=5, random_state=42), 'imputer__knn_scaling_method': 'standard', 'imputer__knn_neighbors': 20, 'imputer__imputation_method': 'knn_modelwise', 'encoder__method': 'target'}",-1956.332130401318,-1950.705155308807,-1873.8972467321435,-1926.9781774807561,37.60411873742197,49,-1619.570644091992,-1603.727717045316,-1594.303526920539,-1605.8672960192825,10.425614328129974
347,2,8000,0.6527012983957926,0.10251348352793499,0.17484704653422037,0.02487789452014167,kbest,5,hgb,7,standard,"['car_age', 'mileage', 'tax', 'mpg']",2,"['car_age', 'mileage']",IQR,90,"['car_age', 'mileage', 'tax', 'mpg']","['tax', 'mpg']",0.5,0.3,"HistGradientBoostingRegressor(max_depth=5, random_state=42)",standard,18,knn_modelwise,target,"{'selector__selection_method': 'kbest', 'selector__n_features_to_select': 5, 'selector__model_name': 'hgb', 'selector__k': 7, 'scaler__scaler_name': 'standard', 'outlier_remover__z_columns': ['car_age', 'mileage', 'tax', 'mpg'], 'outlier_remover__threshold': 2, 'outlier_remover__sev_outliers_cols': ['car_age', 'mileage'], 'outlier_remover__outlier_method': 'IQR', 'outlier_remover__n_neighbors': 90, 'outlier_remover__model_columns': ['car_age', 'mileage', 'tax', 'mpg'], 'outlier_remover__mod_outliers_cols': ['tax', 'mpg'], 'outlier_remover__contamination_LOF': 0.5, 'outlier_remover__contamination_IF': 0.3, 'model': HistGradientBoostingRegressor(max_depth=5, random_state=42), 'imputer__knn_scaling_method': 'standard', 'imputer__knn_neighbors': 18, 'imputer__imputation_method': 'knn_modelwise', 'encoder__method': 'target'}",-1947.0549832322806,-1942.296352256587,-1871.889143897018,-1920.4134931286283,34.36684927323799,46,-1656.0255395244408,-1625.6409650438152,-1619.273141704497,-1633.6465487575842,16.036452523910977
348,2,8000,0.9988577365875244,0.021177920665716433,0.1886740525563558,0.02505623151189061,rfe,10,hgb,8,robust,"['car_age', 'mileage', 'tax', 'mpg']",3,"['car_age', 'mileage']",z_score,50,"['tax', 'mpg']","['car_age', 'mileage', 'tax', 'mpg']",0.05,0.15,"HistGradientBoostingRegressor(max_depth=5, random_state=42)",standard,13,knn_modelwise,target,"{'selector__selection_method': 'rfe', 'selector__n_features_to_select': 10, 'selector__model_name': 'hgb', 'selector__k': 8, 'scaler__scaler_name': 'robust', 'outlier_remover__z_columns': ['car_age', 'mileage', 'tax', 'mpg'], 'outlier_remover__threshold': 3, 'outlier_remover__sev_outliers_cols': ['car_age', 'mileage'], 'outlier_remover__outlier_method': 'z_score', 'outlier_remover__n_neighbors': 50, 'outlier_remover__model_columns': ['tax', 'mpg'], 'outlier_remover__mod_outliers_cols': ['car_age', 'mileage', 'tax', 'mpg'], 'outlier_remover__contamination_LOF': 0.05, 'outlier_remover__contamination_IF': 0.15, 'model': HistGradientBoostingRegressor(max_depth=5, random_state=42), 'imputer__knn_scaling_method': 'standard', 'imputer__knn_neighbors': 13, 'imputer__imputation_method': 'knn_modelwise', 'encoder__method': 'target'}",-1960.680241686955,-1935.1247037814876,-1870.14464562383,-1921.9831970307575,38.111222654977865,47,-1634.6285914584896,-1575.5797612143274,-1592.3578943867533,-1600.8554156865237,24.844140683885033
349,2,8000,0.9202648003896078,0.037381278015935916,0.15449857711791992,0.003955509594328337,rfe,10,hgb,6,robust,"['car_age', 'mileage', 'tax', 'mpg']",3,"['car_age', 'mileage']",IQR,50,"['car_age', 'mileage', 'tax', 'mpg']","['tax', 'mpg']",0.15,0.3,"HistGradientBoostingRegressor(max_depth=5, random_state=42)",robust,17,knn_modelwise,target,"{'selector__selection_method': 'rfe', 'selector__n_features_to_select': 10, 'selector__model_name': 'hgb', 'selector__k': 6, 'scaler__scaler_name': 'robust', 'outlier_remover__z_columns': ['car_age', 'mileage', 'tax', 'mpg'], 'outlier_remover__threshold': 3, 'outlier_remover__sev_outliers_cols': ['car_age', 'mileage'], 'outlier_remover__outlier_method': 'IQR', 'outlier_remover__n_neighbors': 50, 'outlier_remover__model_columns': ['car_age', 'mileage', 'tax', 'mpg'], 'outlier_remover__mod_outliers_cols': ['tax', 'mpg'], 'outlier_remover__contamination_LOF': 0.15, 'outlier_remover__contamination_IF': 0.3, 'model': HistGradientBoostingRegressor(max_depth=5, random_state=42), 'imputer__knn_scaling_method': 'robust', 'imputer__knn_neighbors': 17, 'imputer__imputation_method': 'knn_modelwise', 'encoder__method': 'target'}",-1944.977631950656,-1929.3166611317758,-1864.8491529076628,-1913.0478153300317,34.676118546982245,45,-1609.2360670910546,-1576.434542363982,-1583.624886270741,-1589.7651652419256,14.077458944193245
350,3,16000,1.1497724056243896,0.011268077948069452,0.304409662882487,0.021671966891115287,rfe,10,hgb,8,robust,"['car_age', 'mileage', 'tax', 'mpg']",2,"['car_age', 'mileage', 'engineSize']",IQR,50,"['car_age', 'mileage', 'tax', 'mpg', 'engineSize']","['car_age', 'mileage', 'tax', 'mpg']",0.05,0.05,"HistGradientBoostingRegressor(max_depth=5, random_state=42)",minmax,20,knn_modelwise,freq,"{'selector__selection_method': 'rfe', 'selector__n_features_to_select': 10, 'selector__model_name': 'hgb', 'selector__k': 8, 'scaler__scaler_name': 'robust', 'outlier_remover__z_columns': ['car_age', 'mileage', 'tax', 'mpg'], 'outlier_remover__threshold': 2, 'outlier_remover__sev_outliers_cols': ['car_age', 'mileage', 'engineSize'], 'outlier_remover__outlier_method': 'IQR', 'outlier_remover__n_neighbors': 50, 'outlier_remover__model_columns': ['car_age', 'mileage', 'tax', 'mpg', 'engineSize'], 'outlier_remover__mod_outliers_cols': ['car_age', 'mileage', 'tax', 'mpg'], 'outlier_remover__contamination_LOF': 0.05, 'outlier_remover__contamination_IF': 0.05, 'model': HistGradientBoostingRegressor(max_depth=5, random_state=42), 'imputer__knn_scaling_method': 'minmax', 'imputer__knn_neighbors': 20, 'imputer__imputation_method': 'knn_modelwise', 'encoder__method': 'freq'}",-1874.7349088402127,-1901.0921514931404,-1898.4543420666982,-1891.4271341333504,11.852209317822197,40,-1747.368514046462,-1743.007339279959,-1738.1400463817972,-1742.8386332360726,3.769394306461244
351,3,16000,0.3212442398071289,0.07246490503830691,0.020560661951700848,0.005593894899247723,kbest,10,hgb,6,robust,"['car_age', 'mileage', 'tax', 'mpg']",3,"['car_age', 'mileage', 'engineSize']",z_score,30,"['car_age', 'mileage', 'tax', 'mpg']","['tax', 'mpg']",0.5,0.3,"HistGradientBoostingRegressor(max_depth=5, random_state=42)",standard,13,simple,target,"{'selector__selection_method': 'kbest', 'selector__n_features_to_select': 10, 'selector__model_name': 'hgb', 'selector__k': 6, 'scaler__scaler_name': 'robust', 'outlier_remover__z_columns': ['car_age', 'mileage', 'tax', 'mpg'], 'outlier_remover__threshold': 3, 'outlier_remover__sev_outliers_cols': ['car_age', 'mileage', 'engineSize'], 'outlier_remover__outlier_method': 'z_score', 'outlier_remover__n_neighbors': 30, 'outlier_remover__model_columns': ['car_age', 'mileage', 'tax', 'mpg'], 'outlier_remover__mod_outliers_cols': ['tax', 'mpg'], 'outlier_remover__contamination_LOF': 0.5, 'outlier_remover__contamination_IF': 0.3, 'model': HistGradientBoostingRegressor(max_depth=5, random_state=42), 'imputer__knn_scaling_method': 'standard', 'imputer__knn_neighbors': 13, 'imputer__imputation_method': 'simple', 'encoder__method': 'target'}",-1883.2412909374602,-1909.988742242518,-1925.6946661574,-1906.3082331124594,17.525826228427988,44,-1773.3564377126413,-1769.1253747286926,-1755.5234358163832,-1766.001749419239,7.607967992544853
352,3,16000,0.8773235479990641,0.0579235226607002,0.25641560554504395,0.0017235912249012066,kbest,5,hgb,10,standard,"['car_age', 'mileage', 'tax', 'mpg']",3,"['car_age', 'mileage', 'engineSize']",IQR,100,"['car_age', 'mileage', 'tax', 'mpg']","['car_age', 'mileage', 'tax', 'mpg']",0.05,0.3,"HistGradientBoostingRegressor(max_depth=5, random_state=42)",robust,17,knn_modelwise,freq,"{'selector__selection_method': 'kbest', 'selector__n_features_to_select': 5, 'selector__model_name': 'hgb', 'selector__k': 10, 'scaler__scaler_name': 'standard', 'outlier_remover__z_columns': ['car_age', 'mileage', 'tax', 'mpg'], 'outlier_remover__threshold': 3, 'outlier_remover__sev_outliers_cols': ['car_age', 'mileage', 'engineSize'], 'outlier_remover__outlier_method': 'IQR', 'outlier_remover__n_neighbors': 100, 'outlier_remover__model_columns': ['car_age', 'mileage', 'tax', 'mpg'], 'outlier_remover__mod_outliers_cols': ['car_age', 'mileage', 'tax', 'mpg'], 'outlier_remover__contamination_LOF': 0.05, 'outlier_remover__contamination_IF': 0.3, 'model': HistGradientBoostingRegressor(max_depth=5, random_state=42), 'imputer__knn_scaling_method': 'robust', 'imputer__knn_neighbors': 17, 'imputer__imputation_method': 'knn_modelwise', 'encoder__method': 'freq'}",-1862.906087594805,-1905.67317395458,-1877.095971355418,-1881.891744301601,17.785865128234455,39,-1739.7869271972424,-1752.204189027768,-1725.2574294494623,-1739.0828485581576,11.01222829374283
353,3,16000,0.7628693580627441,0.07024069402445668,0.03162153561909994,0.020203579000452755,rfe,10,hgb,6,robust,"['car_age', 'mileage', 'tax', 'mpg']",2,"['car_age', 'mileage']",LOF,100,"['car_age', 'mileage', 'tax', 'mpg']","['car_age', 'mileage', 'tax', 'mpg']",0.3,0.15,"HistGradientBoostingRegressor(max_depth=5, random_state=42)",robust,16,simple,target,"{'selector__selection_method': 'rfe', 'selector__n_features_to_select': 10, 'selector__model_name': 'hgb', 'selector__k': 6, 'scaler__scaler_name': 'robust', 'outlier_remover__z_columns': ['car_age', 'mileage', 'tax', 'mpg'], 'outlier_remover__threshold': 2, 'outlier_remover__sev_outliers_cols': ['car_age', 'mileage'], 'outlier_remover__outlier_method': 'LOF', 'outlier_remover__n_neighbors': 100, 'outlier_remover__model_columns': ['car_age', 'mileage', 'tax', 'mpg'], 'outlier_remover__mod_outliers_cols': ['car_age', 'mileage', 'tax', 'mpg'], 'outlier_remover__contamination_LOF': 0.3, 'outlier_remover__contamination_IF': 0.15, 'model': HistGradientBoostingRegressor(max_depth=5, random_state=42), 'imputer__knn_scaling_method': 'robust', 'imputer__knn_neighbors': 16, 'imputer__imputation_method': 'simple', 'encoder__method': 'target'}",-1838.9183650062398,-1973.8605557066187,-1879.5890052746947,-1897.4559753291844,56.5200269636075,43,-1755.7373785619163,-1812.962060553347,-1737.1015777924795,-1768.6003389692476,32.2779080694356
354,3,16000,0.6987407207489014,0.050223234308368,0.023016055425008137,0.0010200497607860254,rfe,10,hgb,10,standard,"['car_age', 'mileage', 'tax', 'mpg']",3,"['car_age', 'mileage', 'engineSize']",Isolation_Forest,100,"['car_age', 'mileage', 'tax', 'mpg', 'engineSize']","['tax', 'mpg']",0.5,0.05,"HistGradientBoostingRegressor(max_depth=5, random_state=42)",standard,16,simple,target,"{'selector__selection_method': 'rfe', 'selector__n_features_to_select': 10, 'selector__model_name': 'hgb', 'selector__k': 10, 'scaler__scaler_name': 'standard', 'outlier_remover__z_columns': ['car_age', 'mileage', 'tax', 'mpg'], 'outlier_remover__threshold': 3, 'outlier_remover__sev_outliers_cols': ['car_age', 'mileage', 'engineSize'], 'outlier_remover__outlier_method': 'Isolation_Forest', 'outlier_remover__n_neighbors': 100, 'outlier_remover__model_columns': ['car_age', 'mileage', 'tax', 'mpg', 'engineSize'], 'outlier_remover__mod_outliers_cols': ['tax', 'mpg'], 'outlier_remover__contamination_LOF': 0.5, 'outlier_remover__contamination_IF': 0.05, 'model': HistGradientBoostingRegressor(max_depth=5, random_state=42), 'imputer__knn_scaling_method': 'standard', 'imputer__knn_neighbors': 16, 'imputer__imputation_method': 'simple', 'encoder__method': 'target'}",-1875.0859892127685,-1981.4000542718297,-1931.541960966442,-1929.3426681503468,43.430387011966424,51,-1762.0496646242966,-1823.6296594355201,-1765.0334892489939,-1783.5709377696037,28.35197451652199
355,3,16000,0.7688066959381104,0.059568196780943695,0.2788217067718506,0.013797319003326102,kbest,5,hgb,10,minmax,"['car_age', 'mileage', 'tax', 'mpg']",2,"['car_age', 'mileage', 'engineSize']",IQR,30,"['tax', 'mpg']","['tax', 'mpg']",0.05,0.15,"HistGradientBoostingRegressor(max_depth=5, random_state=42)",minmax,14,knn_modelwise,freq,"{'selector__selection_method': 'kbest', 'selector__n_features_to_select': 5, 'selector__model_name': 'hgb', 'selector__k': 10, 'scaler__scaler_name': 'minmax', 'outlier_remover__z_columns': ['car_age', 'mileage', 'tax', 'mpg'], 'outlier_remover__threshold': 2, 'outlier_remover__sev_outliers_cols': ['car_age', 'mileage', 'engineSize'], 'outlier_remover__outlier_method': 'IQR', 'outlier_remover__n_neighbors': 30, 'outlier_remover__model_columns': ['tax', 'mpg'], 'outlier_remover__mod_outliers_cols': ['tax', 'mpg'], 'outlier_remover__contamination_LOF': 0.05, 'outlier_remover__contamination_IF': 0.15, 'model': HistGradientBoostingRegressor(max_depth=5, random_state=42), 'imputer__knn_scaling_method': 'minmax', 'imputer__knn_neighbors': 14, 'imputer__imputation_method': 'knn_modelwise', 'encoder__method': 'freq'}",-1866.404645523492,-1922.0516178810597,-1890.3281403260476,-1892.9281345768661,22.79205067151253,42,-1737.0254657632663,-1763.2768630153619,-1744.6560538568328,-1748.319460878487,11.025708674927623
356,3,16000,0.5577050050099691,0.053741144881175006,0.027608950932820637,0.0015803289916631498,kbest,7,hgb,6,robust,"['car_age', 'mileage', 'tax', 'mpg']",3,"['car_age', 'mileage']",z_score,50,"['car_age', 'mileage', 'tax', 'mpg']","['car_age', 'mileage', 'tax', 'mpg']",0.15,0.3,"HistGradientBoostingRegressor(max_depth=5, random_state=42)",standard,14,iterative,target,"{'selector__selection_method': 'kbest', 'selector__n_features_to_select': 7, 'selector__model_name': 'hgb', 'selector__k': 6, 'scaler__scaler_name': 'robust', 'outlier_remover__z_columns': ['car_age', 'mileage', 'tax', 'mpg'], 'outlier_remover__threshold': 3, 'outlier_remover__sev_outliers_cols': ['car_age', 'mileage'], 'outlier_remover__outlier_method': 'z_score', 'outlier_remover__n_neighbors': 50, 'outlier_remover__model_columns': ['car_age', 'mileage', 'tax', 'mpg'], 'outlier_remover__mod_outliers_cols': ['car_age', 'mileage', 'tax', 'mpg'], 'outlier_remover__contamination_LOF': 0.15, 'outlier_remover__contamination_IF': 0.3, 'model': HistGradientBoostingRegressor(max_depth=5, random_state=42), 'imputer__knn_scaling_method': 'standard', 'imputer__knn_neighbors': 14, 'imputer__imputation_method': 'iterative', 'encoder__method': 'target'}",-1864.9569067220218,-1889.0430639278554,-1920.2866737875743,-1891.4288814791507,22.65119385997309,41,-1755.0957676448688,-1755.2626044980625,-1741.9081941874924,-1750.755522110141,6.256376329370278
357,3,16000,0.41381096839904785,0.011802604329060629,0.026207923889160156,0.0008589478148337461,kbest,9,hgb,7,standard,"['car_age', 'mileage', 'tax', 'mpg']",2,"['car_age', 'mileage']",z_score,50,"['tax', 'mpg']","['car_age', 'mileage', 'tax', 'mpg']",0.15,0.15,"HistGradientBoostingRegressor(max_depth=5, random_state=42)",minmax,10,simple,target,"{'selector__selection_method': 'kbest', 'selector__n_features_to_select': 9, 'selector__model_name': 'hgb', 'selector__k': 7, 'scaler__scaler_name': 'standard', 'outlier_remover__z_columns': ['car_age', 'mileage', 'tax', 'mpg'], 'outlier_remover__threshold': 2, 'outlier_remover__sev_outliers_cols': ['car_age', 'mileage'], 'outlier_remover__outlier_method': 'z_score', 'outlier_remover__n_neighbors': 50, 'outlier_remover__model_columns': ['tax', 'mpg'], 'outlier_remover__mod_outliers_cols': ['car_age', 'mileage', 'tax', 'mpg'], 'outlier_remover__contamination_LOF': 0.15, 'outlier_remover__contamination_IF': 0.15, 'model': HistGradientBoostingRegressor(max_depth=5, random_state=42), 'imputer__knn_scaling_method': 'minmax', 'imputer__knn_neighbors': 10, 'imputer__imputation_method': 'simple', 'encoder__method': 'target'}",-1822.160546007336,-1863.9108217237506,-1847.0664649105572,-1844.3792775472148,17.15006535543309,38,-1688.8491231484663,-1683.0414378306307,-1666.3529083698195,-1679.4144897829722,9.535407138556893
358,3,16000,0.7162520090738932,0.046697838348412735,0.02663731575012207,0.0013163487830208907,kbest,8,hgb,9,standard,"['car_age', 'mileage', 'tax', 'mpg']",3,"['car_age', 'mileage', 'engineSize']",LOF,100,"['tax', 'mpg']","['car_age', 'mileage', 'tax', 'mpg']",0.15,0.3,"HistGradientBoostingRegressor(max_depth=5, random_state=42)",robust,16,iterative,target,"{'selector__selection_method': 'kbest', 'selector__n_features_to_select': 8, 'selector__model_name': 'hgb', 'selector__k': 9, 'scaler__scaler_name': 'standard', 'outlier_remover__z_columns': ['car_age', 'mileage', 'tax', 'mpg'], 'outlier_remover__threshold': 3, 'outlier_remover__sev_outliers_cols': ['car_age', 'mileage', 'engineSize'], 'outlier_remover__outlier_method': 'LOF', 'outlier_remover__n_neighbors': 100, 'outlier_remover__model_columns': ['tax', 'mpg'], 'outlier_remover__mod_outliers_cols': ['car_age', 'mileage', 'tax', 'mpg'], 'outlier_remover__contamination_LOF': 0.15, 'outlier_remover__contamination_IF': 0.3, 'model': HistGradientBoostingRegressor(max_depth=5, random_state=42), 'imputer__knn_scaling_method': 'robust', 'imputer__knn_neighbors': 16, 'imputer__imputation_method': 'iterative', 'encoder__method': 'target'}",-1779.7586475166552,-1806.9548303363479,-1806.2662071141995,-1797.6598949890674,12.6612149571551,26,-1632.5691592381525,-1617.278693856954,-1641.0582424827066,-1630.302031859271,9.839432000042413
359,3,16000,0.3934369881947835,0.023937817462951386,0.023494720458984375,0.0036284731776839853,kbest,10,hgb,10,standard,"['car_age', 'mileage', 'tax', 'mpg']",2,"['car_age', 'mileage']",z_score,100,"['tax', 'mpg']","['car_age', 'mileage', 'tax', 'mpg']",0.05,0.05,"HistGradientBoostingRegressor(max_depth=5, random_state=42)",standard,14,simple,target,"{'selector__selection_method': 'kbest', 'selector__n_features_to_select': 10, 'selector__model_name': 'hgb', 'selector__k': 10, 'scaler__scaler_name': 'standard', 'outlier_remover__z_columns': ['car_age', 'mileage', 'tax', 'mpg'], 'outlier_remover__threshold': 2, 'outlier_remover__sev_outliers_cols': ['car_age', 'mileage'], 'outlier_remover__outlier_method': 'z_score', 'outlier_remover__n_neighbors': 100, 'outlier_remover__model_columns': ['tax', 'mpg'], 'outlier_remover__mod_outliers_cols': ['car_age', 'mileage', 'tax', 'mpg'], 'outlier_remover__contamination_LOF': 0.05, 'outlier_remover__contamination_IF': 0.05, 'model': HistGradientBoostingRegressor(max_depth=5, random_state=42), 'imputer__knn_scaling_method': 'standard', 'imputer__knn_neighbors': 14, 'imputer__imputation_method': 'simple', 'encoder__method': 'target'}",-1781.772007527211,-1831.542805518239,-1843.5041742145993,-1818.9396624200165,26.73131139002328,34,-1636.4078751644174,-1639.146061231073,-1662.5475197130525,-1646.0338187028476,11.730335503151275
360,3,16000,0.3953855832417806,0.014775529171545461,0.024144649505615234,0.0025632915848147583,kbest,5,hgb,9,minmax,"['car_age', 'mileage', 'tax', 'mpg']",2,"['car_age', 'mileage']",z_score,100,"['tax', 'mpg']","['car_age', 'mileage', 'tax', 'mpg']",0.15,0.05,"HistGradientBoostingRegressor(max_depth=5, random_state=42)",minmax,19,simple,target,"{'selector__selection_method': 'kbest', 'selector__n_features_to_select': 5, 'selector__model_name': 'hgb', 'selector__k': 9, 'scaler__scaler_name': 'minmax', 'outlier_remover__z_columns': ['car_age', 'mileage', 'tax', 'mpg'], 'outlier_remover__threshold': 2, 'outlier_remover__sev_outliers_cols': ['car_age', 'mileage'], 'outlier_remover__outlier_method': 'z_score', 'outlier_remover__n_neighbors': 100, 'outlier_remover__model_columns': ['tax', 'mpg'], 'outlier_remover__mod_outliers_cols': ['car_age', 'mileage', 'tax', 'mpg'], 'outlier_remover__contamination_LOF': 0.15, 'outlier_remover__contamination_IF': 0.05, 'model': HistGradientBoostingRegressor(max_depth=5, random_state=42), 'imputer__knn_scaling_method': 'minmax', 'imputer__knn_neighbors': 19, 'imputer__imputation_method': 'simple', 'encoder__method': 'target'}",-1771.1443304861264,-1835.2213979465644,-1839.1039140526505,-1815.1565474951137,31.16167429565953,33,-1629.5407514224476,-1644.5205173789361,-1649.7292119997212,-1641.263493600368,8.557633552980645
361,3,16000,0.3995729287465413,0.022381049879074553,0.024727582931518555,0.002582737073272826,kbest,7,hgb,8,robust,"['car_age', 'mileage', 'tax', 'mpg']",3,"['car_age', 'mileage', 'engineSize']",IQR,70,"['car_age', 'mileage', 'tax', 'mpg', 'engineSize']","['car_age', 'mileage', 'tax', 'mpg']",0.5,0.3,"HistGradientBoostingRegressor(max_depth=5, random_state=42)",standard,11,simple,target,"{'selector__selection_method': 'kbest', 'selector__n_features_to_select': 7, 'selector__model_name': 'hgb', 'selector__k': 8, 'scaler__scaler_name': 'robust', 'outlier_remover__z_columns': ['car_age', 'mileage', 'tax', 'mpg'], 'outlier_remover__threshold': 3, 'outlier_remover__sev_outliers_cols': ['car_age', 'mileage', 'engineSize'], 'outlier_remover__outlier_method': 'IQR', 'outlier_remover__n_neighbors': 70, 'outlier_remover__model_columns': ['car_age', 'mileage', 'tax', 'mpg', 'engineSize'], 'outlier_remover__mod_outliers_cols': ['car_age', 'mileage', 'tax', 'mpg'], 'outlier_remover__contamination_LOF': 0.5, 'outlier_remover__contamination_IF': 0.3, 'model': HistGradientBoostingRegressor(max_depth=5, random_state=42), 'imputer__knn_scaling_method': 'standard', 'imputer__knn_neighbors': 11, 'imputer__imputation_method': 'simple', 'encoder__method': 'target'}",-1816.8773661871326,-1856.6850816051308,-1842.4723218622573,-1838.6782565515068,16.471384284808675,37,-1665.5801330459567,-1666.8986562546238,-1659.8186256616464,-1664.0991383207422,3.0742714401365396
362,3,16000,0.39937559763590497,0.025802834027412888,0.02460304896036784,0.004107917599586211,kbest,10,hgb,8,minmax,"['car_age', 'mileage', 'tax', 'mpg']",2,"['car_age', 'mileage']",IQR,70,"['tax', 'mpg']","['car_age', 'mileage', 'tax', 'mpg']",0.3,0.15,"HistGradientBoostingRegressor(max_depth=5, random_state=42)",minmax,13,simple,target,"{'selector__selection_method': 'kbest', 'selector__n_features_to_select': 10, 'selector__model_name': 'hgb', 'selector__k': 8, 'scaler__scaler_name': 'minmax', 'outlier_remover__z_columns': ['car_age', 'mileage', 'tax', 'mpg'], 'outlier_remover__threshold': 2, 'outlier_remover__sev_outliers_cols': ['car_age', 'mileage'], 'outlier_remover__outlier_method': 'IQR', 'outlier_remover__n_neighbors': 70, 'outlier_remover__model_columns': ['tax', 'mpg'], 'outlier_remover__mod_outliers_cols': ['car_age', 'mileage', 'tax', 'mpg'], 'outlier_remover__contamination_LOF': 0.3, 'outlier_remover__contamination_IF': 0.15, 'model': HistGradientBoostingRegressor(max_depth=5, random_state=42), 'imputer__knn_scaling_method': 'minmax', 'imputer__knn_neighbors': 13, 'imputer__imputation_method': 'simple', 'encoder__method': 'target'}",-1811.0194364082774,-1856.6850816051308,-1842.4723218622573,-1836.7256132918885,19.080640841016262,36,-1660.7991390571074,-1666.8986562546238,-1659.8186256616464,-1662.5054736577924,3.1321336313015773
363,3,16000,0.3751913706461589,0.03370248341892098,0.024079640706380207,0.0024376077700979048,kbest,7,hgb,7,minmax,"['car_age', 'mileage', 'tax', 'mpg']",3,"['car_age', 'mileage']",IQR,90,"['car_age', 'mileage', 'tax', 'mpg', 'engineSize']","['tax', 'mpg']",0.3,0.3,"HistGradientBoostingRegressor(max_depth=5, random_state=42)",robust,13,simple,target,"{'selector__selection_method': 'kbest', 'selector__n_features_to_select': 7, 'selector__model_name': 'hgb', 'selector__k': 7, 'scaler__scaler_name': 'minmax', 'outlier_remover__z_columns': ['car_age', 'mileage', 'tax', 'mpg'], 'outlier_remover__threshold': 3, 'outlier_remover__sev_outliers_cols': ['car_age', 'mileage'], 'outlier_remover__outlier_method': 'IQR', 'outlier_remover__n_neighbors': 90, 'outlier_remover__model_columns': ['car_age', 'mileage', 'tax', 'mpg', 'engineSize'], 'outlier_remover__mod_outliers_cols': ['tax', 'mpg'], 'outlier_remover__contamination_LOF': 0.3, 'outlier_remover__contamination_IF': 0.3, 'model': HistGradientBoostingRegressor(max_depth=5, random_state=42), 'imputer__knn_scaling_method': 'robust', 'imputer__knn_neighbors': 13, 'imputer__imputation_method': 'simple', 'encoder__method': 'target'}",-1803.9304028722102,-1844.7872086140567,-1841.2008286367252,-1829.9728133743308,18.472879019545907,35,-1670.531443315378,-1662.0345775664548,-1651.1445533337032,-1661.2368580718455,7.934739780839308
364,3,16000,0.4096943537394206,0.01707370972314523,0.019635915756225586,0.004061811898188606,kbest,8,hgb,9,standard,"['car_age', 'mileage', 'tax', 'mpg']",2,"['car_age', 'mileage', 'engineSize']",IQR,100,"['car_age', 'mileage', 'tax', 'mpg', 'engineSize']","['car_age', 'mileage', 'tax', 'mpg']",0.05,0.5,"HistGradientBoostingRegressor(max_depth=5, random_state=42)",minmax,10,simple,target,"{'selector__selection_method': 'kbest', 'selector__n_features_to_select': 8, 'selector__model_name': 'hgb', 'selector__k': 9, 'scaler__scaler_name': 'standard', 'outlier_remover__z_columns': ['car_age', 'mileage', 'tax', 'mpg'], 'outlier_remover__threshold': 2, 'outlier_remover__sev_outliers_cols': ['car_age', 'mileage', 'engineSize'], 'outlier_remover__outlier_method': 'IQR', 'outlier_remover__n_neighbors': 100, 'outlier_remover__model_columns': ['car_age', 'mileage', 'tax', 'mpg', 'engineSize'], 'outlier_remover__mod_outliers_cols': ['car_age', 'mileage', 'tax', 'mpg'], 'outlier_remover__contamination_LOF': 0.05, 'outlier_remover__contamination_IF': 0.5, 'model': HistGradientBoostingRegressor(max_depth=5, random_state=42), 'imputer__knn_scaling_method': 'minmax', 'imputer__knn_neighbors': 10, 'imputer__imputation_method': 'simple', 'encoder__method': 'target'}",-1785.5312851271062,-1826.0088864731028,-1833.8676139290876,-1815.1359285097653,21.178071704283944,32,-1645.5739733072826,-1637.3902489965656,-1637.0228844135127,-1639.9957022391202,3.947283476573307
365,3,16000,0.49368031819661456,0.02320680495969277,0.025229215621948242,0.0030230034817408484,kbest,6,hgb,7,minmax,"['car_age', 'mileage', 'tax', 'mpg']",3,"['car_age', 'mileage']",IQR,70,"['car_age', 'mileage', 'tax', 'mpg']","['tax', 'mpg']",0.05,0.3,"HistGradientBoostingRegressor(max_depth=5, random_state=42)",robust,14,iterative,target,"{'selector__selection_method': 'kbest', 'selector__n_features_to_select': 6, 'selector__model_name': 'hgb', 'selector__k': 7, 'scaler__scaler_name': 'minmax', 'outlier_remover__z_columns': ['car_age', 'mileage', 'tax', 'mpg'], 'outlier_remover__threshold': 3, 'outlier_remover__sev_outliers_cols': ['car_age', 'mileage'], 'outlier_remover__outlier_method': 'IQR', 'outlier_remover__n_neighbors': 70, 'outlier_remover__model_columns': ['car_age', 'mileage', 'tax', 'mpg'], 'outlier_remover__mod_outliers_cols': ['tax', 'mpg'], 'outlier_remover__contamination_LOF': 0.05, 'outlier_remover__contamination_IF': 0.3, 'model': HistGradientBoostingRegressor(max_depth=5, random_state=42), 'imputer__knn_scaling_method': 'robust', 'imputer__knn_neighbors': 14, 'imputer__imputation_method': 'iterative', 'encoder__method': 'target'}",-1774.80365965388,-1829.1888729486243,-1808.341146860192,-1804.1112264875653,22.403229321503023,29,-1648.210770101679,-1649.360336217089,-1634.2680754136786,-1643.9463939108155,6.859677459008393
366,3,16000,0.42769455909729004,0.02660203541487636,0.029545704523722332,0.010527461807238535,kbest,5,hgb,7,minmax,"['car_age', 'mileage', 'tax', 'mpg']",2,"['car_age', 'mileage', 'engineSize']",IQR,90,"['tax', 'mpg']","['tax', 'mpg']",0.3,0.05,"HistGradientBoostingRegressor(max_depth=5, random_state=42)",robust,11,iterative,target,"{'selector__selection_method': 'kbest', 'selector__n_features_to_select': 5, 'selector__model_name': 'hgb', 'selector__k': 7, 'scaler__scaler_name': 'minmax', 'outlier_remover__z_columns': ['car_age', 'mileage', 'tax', 'mpg'], 'outlier_remover__threshold': 2, 'outlier_remover__sev_outliers_cols': ['car_age', 'mileage', 'engineSize'], 'outlier_remover__outlier_method': 'IQR', 'outlier_remover__n_neighbors': 90, 'outlier_remover__model_columns': ['tax', 'mpg'], 'outlier_remover__mod_outliers_cols': ['tax', 'mpg'], 'outlier_remover__contamination_LOF': 0.3, 'outlier_remover__contamination_IF': 0.05, 'model': HistGradientBoostingRegressor(max_depth=5, random_state=42), 'imputer__knn_scaling_method': 'robust', 'imputer__knn_neighbors': 11, 'imputer__imputation_method': 'iterative', 'encoder__method': 'target'}",-1765.719618306909,-1829.1888729486243,-1814.985347752133,-1803.2979463358888,27.197219037885027,28,-1634.8559123508687,-1649.360336217089,-1638.3575446562975,-1640.8579310747518,6.179726374953214
367,3,16000,0.8407038847605387,0.020395420433682147,0.27247269948323566,0.04722948902058601,kbest,9,hgb,8,robust,"['car_age', 'mileage', 'tax', 'mpg']",3,"['car_age', 'mileage', 'engineSize']",IQR,90,"['tax', 'mpg']","['car_age', 'mileage', 'tax', 'mpg']",0.5,0.3,"HistGradientBoostingRegressor(max_depth=5, random_state=42)",minmax,16,knn_modelwise,target,"{'selector__selection_method': 'kbest', 'selector__n_features_to_select': 9, 'selector__model_name': 'hgb', 'selector__k': 8, 'scaler__scaler_name': 'robust', 'outlier_remover__z_columns': ['car_age', 'mileage', 'tax', 'mpg'], 'outlier_remover__threshold': 3, 'outlier_remover__sev_outliers_cols': ['car_age', 'mileage', 'engineSize'], 'outlier_remover__outlier_method': 'IQR', 'outlier_remover__n_neighbors': 90, 'outlier_remover__model_columns': ['tax', 'mpg'], 'outlier_remover__mod_outliers_cols': ['car_age', 'mileage', 'tax', 'mpg'], 'outlier_remover__contamination_LOF': 0.5, 'outlier_remover__contamination_IF': 0.3, 'model': HistGradientBoostingRegressor(max_depth=5, random_state=42), 'imputer__knn_scaling_method': 'minmax', 'imputer__knn_neighbors': 16, 'imputer__imputation_method': 'knn_modelwise', 'encoder__method': 'target'}",-1776.706487189969,-1818.2431026288948,-1806.5564286606007,-1800.5020061598216,17.489323017082114,27,-1627.4152765332117,-1642.3241612816041,-1625.2550217481796,-1631.6648198543317,7.588712887415376
368,3,16000,1.2357182502746582,0.2152807775153847,0.021395762761433918,0.003595224768081455,rfe,10,hgb,10,robust,"['car_age', 'mileage', 'tax', 'mpg']",2,"['car_age', 'mileage', 'engineSize']",z_score,50,"['tax', 'mpg']","['tax', 'mpg']",0.5,0.5,"HistGradientBoostingRegressor(max_depth=5, random_state=42)",robust,10,iterative,target,"{'selector__selection_method': 'rfe', 'selector__n_features_to_select': 10, 'selector__model_name': 'hgb', 'selector__k': 10, 'scaler__scaler_name': 'robust', 'outlier_remover__z_columns': ['car_age', 'mileage', 'tax', 'mpg'], 'outlier_remover__threshold': 2, 'outlier_remover__sev_outliers_cols': ['car_age', 'mileage', 'engineSize'], 'outlier_remover__outlier_method': 'z_score', 'outlier_remover__n_neighbors': 50, 'outlier_remover__model_columns': ['tax', 'mpg'], 'outlier_remover__mod_outliers_cols': ['tax', 'mpg'], 'outlier_remover__contamination_LOF': 0.5, 'outlier_remover__contamination_IF': 0.5, 'model': HistGradientBoostingRegressor(max_depth=5, random_state=42), 'imputer__knn_scaling_method': 'robust', 'imputer__knn_neighbors': 10, 'imputer__imputation_method': 'iterative', 'encoder__method': 'target'}",-1758.3124447341143,-1813.474637735744,-1803.9801608598407,-1791.922414443233,24.079850784043124,25,-1610.670394326838,-1631.450720873249,-1618.6172148953144,-1620.2461100318005,8.561365442814214
369,3,16000,0.42996970812479657,0.020175529334347467,0.02142922083536784,0.003908734411898055,kbest,9,hgb,9,standard,"['car_age', 'mileage', 'tax', 'mpg']",2,"['car_age', 'mileage', 'engineSize']",z_score,70,"['car_age', 'mileage', 'tax', 'mpg', 'engineSize']","['tax', 'mpg']",0.15,0.5,"HistGradientBoostingRegressor(max_depth=5, random_state=42)",minmax,14,iterative,target,"{'selector__selection_method': 'kbest', 'selector__n_features_to_select': 9, 'selector__model_name': 'hgb', 'selector__k': 9, 'scaler__scaler_name': 'standard', 'outlier_remover__z_columns': ['car_age', 'mileage', 'tax', 'mpg'], 'outlier_remover__threshold': 2, 'outlier_remover__sev_outliers_cols': ['car_age', 'mileage', 'engineSize'], 'outlier_remover__outlier_method': 'z_score', 'outlier_remover__n_neighbors': 70, 'outlier_remover__model_columns': ['car_age', 'mileage', 'tax', 'mpg', 'engineSize'], 'outlier_remover__mod_outliers_cols': ['tax', 'mpg'], 'outlier_remover__contamination_LOF': 0.15, 'outlier_remover__contamination_IF': 0.5, 'model': HistGradientBoostingRegressor(max_depth=5, random_state=42), 'imputer__knn_scaling_method': 'minmax', 'imputer__knn_neighbors': 14, 'imputer__imputation_method': 'iterative', 'encoder__method': 'target'}",-1751.4844088532725,-1814.654748236572,-1794.2431601572998,-1786.794105749048,26.321591303631713,23,-1605.7636114820589,-1637.0215157365453,-1613.2218504105183,-1618.668992543041,13.329607712521954
370,3,16000,1.1416779359181721,0.07338768439850782,0.33210325241088867,0.02892515694822618,rfe,10,hgb,6,standard,"['car_age', 'mileage', 'tax', 'mpg']",3,"['car_age', 'mileage']",IQR,70,"['car_age', 'mileage', 'tax', 'mpg', 'engineSize']","['car_age', 'mileage', 'tax', 'mpg']",0.15,0.5,"HistGradientBoostingRegressor(max_depth=5, random_state=42)",standard,20,knn_modelwise,target,"{'selector__selection_method': 'rfe', 'selector__n_features_to_select': 10, 'selector__model_name': 'hgb', 'selector__k': 6, 'scaler__scaler_name': 'standard', 'outlier_remover__z_columns': ['car_age', 'mileage', 'tax', 'mpg'], 'outlier_remover__threshold': 3, 'outlier_remover__sev_outliers_cols': ['car_age', 'mileage'], 'outlier_remover__outlier_method': 'IQR', 'outlier_remover__n_neighbors': 70, 'outlier_remover__model_columns': ['car_age', 'mileage', 'tax', 'mpg', 'engineSize'], 'outlier_remover__mod_outliers_cols': ['car_age', 'mileage', 'tax', 'mpg'], 'outlier_remover__contamination_LOF': 0.15, 'outlier_remover__contamination_IF': 0.5, 'model': HistGradientBoostingRegressor(max_depth=5, random_state=42), 'imputer__knn_scaling_method': 'standard', 'imputer__knn_neighbors': 20, 'imputer__imputation_method': 'knn_modelwise', 'encoder__method': 'target'}",-1752.2530956432886,-1804.4328139585318,-1782.2648330481559,-1779.6502475499922,21.382357117647853,22,-1605.853285336104,-1628.8130473190736,-1595.7065219834199,-1610.1242848795325,13.848985107822772
371,3,16000,0.9557339350382487,0.17252527783359092,0.026538769404093426,0.008878413149077431,rfe,10,hgb,5,standard,"['car_age', 'mileage', 'tax', 'mpg']",3,"['car_age', 'mileage', 'engineSize']",IQR,100,"['car_age', 'mileage', 'tax', 'mpg']","['tax', 'mpg']",0.5,0.05,"HistGradientBoostingRegressor(max_depth=5, random_state=42)",robust,18,simple,target,"{'selector__selection_method': 'rfe', 'selector__n_features_to_select': 10, 'selector__model_name': 'hgb', 'selector__k': 5, 'scaler__scaler_name': 'standard', 'outlier_remover__z_columns': ['car_age', 'mileage', 'tax', 'mpg'], 'outlier_remover__threshold': 3, 'outlier_remover__sev_outliers_cols': ['car_age', 'mileage', 'engineSize'], 'outlier_remover__outlier_method': 'IQR', 'outlier_remover__n_neighbors': 100, 'outlier_remover__model_columns': ['car_age', 'mileage', 'tax', 'mpg'], 'outlier_remover__mod_outliers_cols': ['tax', 'mpg'], 'outlier_remover__contamination_LOF': 0.5, 'outlier_remover__contamination_IF': 0.05, 'model': HistGradientBoostingRegressor(max_depth=5, random_state=42), 'imputer__knn_scaling_method': 'robust', 'imputer__knn_neighbors': 18, 'imputer__imputation_method': 'simple', 'encoder__method': 'target'}",-1767.0487995461194,-1825.2777812675288,-1830.5777557145593,-1807.6347788427358,28.78007086954242,31,-1632.604200984043,-1638.6258940371292,-1639.9391845805121,-1637.0564265338946,3.1935265014191243
372,3,16000,1.2044397989908855,0.022596943093966197,0.2504919370015462,0.037803938612033024,rfe,10,hgb,8,robust,"['car_age', 'mileage', 'tax', 'mpg']",3,"['car_age', 'mileage']",z_score,50,"['tax', 'mpg']","['car_age', 'mileage', 'tax', 'mpg']",0.05,0.15,"HistGradientBoostingRegressor(max_depth=5, random_state=42)",standard,13,knn_modelwise,target,"{'selector__selection_method': 'rfe', 'selector__n_features_to_select': 10, 'selector__model_name': 'hgb', 'selector__k': 8, 'scaler__scaler_name': 'robust', 'outlier_remover__z_columns': ['car_age', 'mileage', 'tax', 'mpg'], 'outlier_remover__threshold': 3, 'outlier_remover__sev_outliers_cols': ['car_age', 'mileage'], 'outlier_remover__outlier_method': 'z_score', 'outlier_remover__n_neighbors': 50, 'outlier_remover__model_columns': ['tax', 'mpg'], 'outlier_remover__mod_outliers_cols': ['car_age', 'mileage', 'tax', 'mpg'], 'outlier_remover__contamination_LOF': 0.05, 'outlier_remover__contamination_IF': 0.15, 'model': HistGradientBoostingRegressor(max_depth=5, random_state=42), 'imputer__knn_scaling_method': 'standard', 'imputer__knn_neighbors': 13, 'imputer__imputation_method': 'knn_modelwise', 'encoder__method': 'target'}",-1761.9757453304762,-1816.0067498261826,-1797.469060073128,-1791.8171850765957,22.417182843168646,24,-1615.2285625355853,-1628.2060427996284,-1595.7373671667926,-1613.0573241673355,13.343898265409466
373,3,16000,0.8675030867258707,0.1027126862387205,0.30589811007181805,0.015883348905115544,kbest,5,hgb,7,standard,"['car_age', 'mileage', 'tax', 'mpg']",2,"['car_age', 'mileage']",IQR,90,"['car_age', 'mileage', 'tax', 'mpg']","['tax', 'mpg']",0.5,0.3,"HistGradientBoostingRegressor(max_depth=5, random_state=42)",standard,18,knn_modelwise,target,"{'selector__selection_method': 'kbest', 'selector__n_features_to_select': 5, 'selector__model_name': 'hgb', 'selector__k': 7, 'scaler__scaler_name': 'standard', 'outlier_remover__z_columns': ['car_age', 'mileage', 'tax', 'mpg'], 'outlier_remover__threshold': 2, 'outlier_remover__sev_outliers_cols': ['car_age', 'mileage'], 'outlier_remover__outlier_method': 'IQR', 'outlier_remover__n_neighbors': 90, 'outlier_remover__model_columns': ['car_age', 'mileage', 'tax', 'mpg'], 'outlier_remover__mod_outliers_cols': ['tax', 'mpg'], 'outlier_remover__contamination_LOF': 0.5, 'outlier_remover__contamination_IF': 0.3, 'model': HistGradientBoostingRegressor(max_depth=5, random_state=42), 'imputer__knn_scaling_method': 'standard', 'imputer__knn_neighbors': 18, 'imputer__imputation_method': 'knn_modelwise', 'encoder__method': 'target'}",-1774.735067355821,-1838.0252493679022,-1807.452595679535,-1806.7376374677526,25.843053982505484,30,-1641.9813627594795,-1651.9745577310096,-1630.4589742753928,-1641.4716315886271,8.791092167977219
374,3,16000,1.2838232517242432,0.17581122319603915,0.23062904675801596,0.027474090913172825,rfe,10,hgb,6,robust,"['car_age', 'mileage', 'tax', 'mpg']",3,"['car_age', 'mileage']",IQR,50,"['car_age', 'mileage', 'tax', 'mpg']","['tax', 'mpg']",0.15,0.3,"HistGradientBoostingRegressor(max_depth=5, random_state=42)",robust,17,knn_modelwise,target,"{'selector__selection_method': 'rfe', 'selector__n_features_to_select': 10, 'selector__model_name': 'hgb', 'selector__k': 6, 'scaler__scaler_name': 'robust', 'outlier_remover__z_columns': ['car_age', 'mileage', 'tax', 'mpg'], 'outlier_remover__threshold': 3, 'outlier_remover__sev_outliers_cols': ['car_age', 'mileage'], 'outlier_remover__outlier_method': 'IQR', 'outlier_remover__n_neighbors': 50, 'outlier_remover__model_columns': ['car_age', 'mileage', 'tax', 'mpg'], 'outlier_remover__mod_outliers_cols': ['tax', 'mpg'], 'outlier_remover__contamination_LOF': 0.15, 'outlier_remover__contamination_IF': 0.3, 'model': HistGradientBoostingRegressor(max_depth=5, random_state=42), 'imputer__knn_scaling_method': 'robust', 'imputer__knn_neighbors': 17, 'imputer__imputation_method': 'knn_modelwise', 'encoder__method': 'target'}",-1746.4795270087313,-1797.2370597058284,-1782.0030666781743,-1775.2398844642446,21.266362431757965,21,-1611.1003771630903,-1619.90089972316,-1598.2199413369144,-1609.7404060743884,8.903300143134434
375,4,32000,0.4868463675181071,0.015742153153479915,0.03628126780192057,0.002946354770391116,kbest,5,hgb,9,minmax,"['car_age', 'mileage', 'tax', 'mpg']",2,"['car_age', 'mileage']",z_score,100,"['tax', 'mpg']","['car_age', 'mileage', 'tax', 'mpg']",0.15,0.05,"HistGradientBoostingRegressor(max_depth=5, random_state=42)",minmax,19,simple,target,"{'selector__selection_method': 'kbest', 'selector__n_features_to_select': 5, 'selector__model_name': 'hgb', 'selector__k': 9, 'scaler__scaler_name': 'minmax', 'outlier_remover__z_columns': ['car_age', 'mileage', 'tax', 'mpg'], 'outlier_remover__threshold': 2, 'outlier_remover__sev_outliers_cols': ['car_age', 'mileage'], 'outlier_remover__outlier_method': 'z_score', 'outlier_remover__n_neighbors': 100, 'outlier_remover__model_columns': ['tax', 'mpg'], 'outlier_remover__mod_outliers_cols': ['car_age', 'mileage', 'tax', 'mpg'], 'outlier_remover__contamination_LOF': 0.15, 'outlier_remover__contamination_IF': 0.05, 'model': HistGradientBoostingRegressor(max_depth=5, random_state=42), 'imputer__knn_scaling_method': 'minmax', 'imputer__knn_neighbors': 19, 'imputer__imputation_method': 'simple', 'encoder__method': 'target'}",-1751.1283558701525,-1760.7760312763667,-1797.8257833581863,-1769.910056834902,20.128507987065234,20,-1645.065256574841,-1679.2329885461054,-1668.392909015689,-1664.2303847122118,14.256073172460441
376,4,32000,0.4604032834370931,0.032500320261946464,0.05100909868876139,0.02988759888434959,kbest,8,hgb,9,standard,"['car_age', 'mileage', 'tax', 'mpg']",2,"['car_age', 'mileage', 'engineSize']",IQR,100,"['car_age', 'mileage', 'tax', 'mpg', 'engineSize']","['car_age', 'mileage', 'tax', 'mpg']",0.05,0.5,"HistGradientBoostingRegressor(max_depth=5, random_state=42)",minmax,10,simple,target,"{'selector__selection_method': 'kbest', 'selector__n_features_to_select': 8, 'selector__model_name': 'hgb', 'selector__k': 9, 'scaler__scaler_name': 'standard', 'outlier_remover__z_columns': ['car_age', 'mileage', 'tax', 'mpg'], 'outlier_remover__threshold': 2, 'outlier_remover__sev_outliers_cols': ['car_age', 'mileage', 'engineSize'], 'outlier_remover__outlier_method': 'IQR', 'outlier_remover__n_neighbors': 100, 'outlier_remover__model_columns': ['car_age', 'mileage', 'tax', 'mpg', 'engineSize'], 'outlier_remover__mod_outliers_cols': ['car_age', 'mileage', 'tax', 'mpg'], 'outlier_remover__contamination_LOF': 0.05, 'outlier_remover__contamination_IF': 0.5, 'model': HistGradientBoostingRegressor(max_depth=5, random_state=42), 'imputer__knn_scaling_method': 'minmax', 'imputer__knn_neighbors': 10, 'imputer__imputation_method': 'simple', 'encoder__method': 'target'}",-1731.3676928308275,-1740.259093111504,-1778.2556068646263,-1749.9607976023192,20.334067032618858,16,-1623.020065175475,-1655.5367524248359,-1642.983777804179,-1640.5135318014966,13.389307273679524
377,4,32000,0.9618329207102457,0.03671330941714364,0.03865194320678711,0.004946625953649631,rfe,10,hgb,5,standard,"['car_age', 'mileage', 'tax', 'mpg']",3,"['car_age', 'mileage', 'engineSize']",IQR,100,"['car_age', 'mileage', 'tax', 'mpg']","['tax', 'mpg']",0.5,0.05,"HistGradientBoostingRegressor(max_depth=5, random_state=42)",robust,18,simple,target,"{'selector__selection_method': 'rfe', 'selector__n_features_to_select': 10, 'selector__model_name': 'hgb', 'selector__k': 5, 'scaler__scaler_name': 'standard', 'outlier_remover__z_columns': ['car_age', 'mileage', 'tax', 'mpg'], 'outlier_remover__threshold': 3, 'outlier_remover__sev_outliers_cols': ['car_age', 'mileage', 'engineSize'], 'outlier_remover__outlier_method': 'IQR', 'outlier_remover__n_neighbors': 100, 'outlier_remover__model_columns': ['car_age', 'mileage', 'tax', 'mpg'], 'outlier_remover__mod_outliers_cols': ['tax', 'mpg'], 'outlier_remover__contamination_LOF': 0.5, 'outlier_remover__contamination_IF': 0.05, 'model': HistGradientBoostingRegressor(max_depth=5, random_state=42), 'imputer__knn_scaling_method': 'robust', 'imputer__knn_neighbors': 18, 'imputer__imputation_method': 'simple', 'encoder__method': 'target'}",-1737.4748487485917,-1724.0584339953064,-1762.1334325424466,-1741.2222384287816,15.768292565622057,12,-1634.0483258203708,-1646.4357679429265,-1621.3167349196374,-1633.933609560978,10.255123105758717
378,4,32000,1.0925297737121582,0.07008057036125885,0.4321526686350505,0.021896780689586965,kbest,5,hgb,7,standard,"['car_age', 'mileage', 'tax', 'mpg']",2,"['car_age', 'mileage']",IQR,90,"['car_age', 'mileage', 'tax', 'mpg']","['tax', 'mpg']",0.5,0.3,"HistGradientBoostingRegressor(max_depth=5, random_state=42)",standard,18,knn_modelwise,target,"{'selector__selection_method': 'kbest', 'selector__n_features_to_select': 5, 'selector__model_name': 'hgb', 'selector__k': 7, 'scaler__scaler_name': 'standard', 'outlier_remover__z_columns': ['car_age', 'mileage', 'tax', 'mpg'], 'outlier_remover__threshold': 2, 'outlier_remover__sev_outliers_cols': ['car_age', 'mileage'], 'outlier_remover__outlier_method': 'IQR', 'outlier_remover__n_neighbors': 90, 'outlier_remover__model_columns': ['car_age', 'mileage', 'tax', 'mpg'], 'outlier_remover__mod_outliers_cols': ['tax', 'mpg'], 'outlier_remover__contamination_LOF': 0.5, 'outlier_remover__contamination_IF': 0.3, 'model': HistGradientBoostingRegressor(max_depth=5, random_state=42), 'imputer__knn_scaling_method': 'standard', 'imputer__knn_neighbors': 18, 'imputer__imputation_method': 'knn_modelwise', 'encoder__method': 'target'}",-1749.402344580631,-1735.4182873546054,-1760.9329884746726,-1748.5845401366362,10.432372577480578,15,-1647.5664930800242,-1671.2210603469712,-1635.5345809784503,-1651.4407114684818,14.824267908198454
379,4,32000,0.6659607887268066,0.009772784806675613,0.05901892979939779,0.00957885321804304,kbest,6,hgb,7,minmax,"['car_age', 'mileage', 'tax', 'mpg']",3,"['car_age', 'mileage']",IQR,70,"['car_age', 'mileage', 'tax', 'mpg']","['tax', 'mpg']",0.05,0.3,"HistGradientBoostingRegressor(max_depth=5, random_state=42)",robust,14,iterative,target,"{'selector__selection_method': 'kbest', 'selector__n_features_to_select': 6, 'selector__model_name': 'hgb', 'selector__k': 7, 'scaler__scaler_name': 'minmax', 'outlier_remover__z_columns': ['car_age', 'mileage', 'tax', 'mpg'], 'outlier_remover__threshold': 3, 'outlier_remover__sev_outliers_cols': ['car_age', 'mileage'], 'outlier_remover__outlier_method': 'IQR', 'outlier_remover__n_neighbors': 70, 'outlier_remover__model_columns': ['car_age', 'mileage', 'tax', 'mpg'], 'outlier_remover__mod_outliers_cols': ['tax', 'mpg'], 'outlier_remover__contamination_LOF': 0.05, 'outlier_remover__contamination_IF': 0.3, 'model': HistGradientBoostingRegressor(max_depth=5, random_state=42), 'imputer__knn_scaling_method': 'robust', 'imputer__knn_neighbors': 14, 'imputer__imputation_method': 'iterative', 'encoder__method': 'target'}",-1744.673127711056,-1747.6743562852616,-1768.699039171369,-1753.6821743892287,10.688982307418739,17,-1642.468782193992,-1668.9279933518173,-1640.2070670368914,-1650.5346141942337,13.038817341281183
380,4,32000,0.6583926677703857,0.0082409977123267,0.0497736930847168,0.013475932774621604,kbest,5,hgb,7,minmax,"['car_age', 'mileage', 'tax', 'mpg']",2,"['car_age', 'mileage', 'engineSize']",IQR,90,"['tax', 'mpg']","['tax', 'mpg']",0.3,0.05,"HistGradientBoostingRegressor(max_depth=5, random_state=42)",robust,11,iterative,target,"{'selector__selection_method': 'kbest', 'selector__n_features_to_select': 5, 'selector__model_name': 'hgb', 'selector__k': 7, 'scaler__scaler_name': 'minmax', 'outlier_remover__z_columns': ['car_age', 'mileage', 'tax', 'mpg'], 'outlier_remover__threshold': 2, 'outlier_remover__sev_outliers_cols': ['car_age', 'mileage', 'engineSize'], 'outlier_remover__outlier_method': 'IQR', 'outlier_remover__n_neighbors': 90, 'outlier_remover__model_columns': ['tax', 'mpg'], 'outlier_remover__mod_outliers_cols': ['tax', 'mpg'], 'outlier_remover__contamination_LOF': 0.3, 'outlier_remover__contamination_IF': 0.05, 'model': HistGradientBoostingRegressor(max_depth=5, random_state=42), 'imputer__knn_scaling_method': 'robust', 'imputer__knn_neighbors': 11, 'imputer__imputation_method': 'iterative', 'encoder__method': 'target'}",-1744.673127711056,-1747.6743562852616,-1768.699039171369,-1753.6821743892287,10.688982307418739,17,-1642.468782193992,-1668.9279933518173,-1640.2070670368914,-1650.5346141942337,13.038817341281183
381,4,32000,1.170294205347697,0.011601765411026053,0.49713460604349774,0.03434720074022278,kbest,9,hgb,8,robust,"['car_age', 'mileage', 'tax', 'mpg']",3,"['car_age', 'mileage', 'engineSize']",IQR,90,"['tax', 'mpg']","['car_age', 'mileage', 'tax', 'mpg']",0.5,0.3,"HistGradientBoostingRegressor(max_depth=5, random_state=42)",minmax,16,knn_modelwise,target,"{'selector__selection_method': 'kbest', 'selector__n_features_to_select': 9, 'selector__model_name': 'hgb', 'selector__k': 8, 'scaler__scaler_name': 'robust', 'outlier_remover__z_columns': ['car_age', 'mileage', 'tax', 'mpg'], 'outlier_remover__threshold': 3, 'outlier_remover__sev_outliers_cols': ['car_age', 'mileage', 'engineSize'], 'outlier_remover__outlier_method': 'IQR', 'outlier_remover__n_neighbors': 90, 'outlier_remover__model_columns': ['tax', 'mpg'], 'outlier_remover__mod_outliers_cols': ['car_age', 'mileage', 'tax', 'mpg'], 'outlier_remover__contamination_LOF': 0.5, 'outlier_remover__contamination_IF': 0.3, 'model': HistGradientBoostingRegressor(max_depth=5, random_state=42), 'imputer__knn_scaling_method': 'minmax', 'imputer__knn_neighbors': 16, 'imputer__imputation_method': 'knn_modelwise', 'encoder__method': 'target'}",-1742.4740220121735,-1741.8334956691758,-1754.7033648374384,-1746.3369608395958,5.921717396744204,14,-1634.8510280053174,-1666.741273747904,-1621.7798000228486,-1641.1240339253566,18.883793445471472
382,4,32000,1.3101859887440999,0.016284718336966784,0.041618665059407554,0.012904644264018808,kbest,8,hgb,9,standard,"['car_age', 'mileage', 'tax', 'mpg']",3,"['car_age', 'mileage', 'engineSize']",LOF,100,"['tax', 'mpg']","['car_age', 'mileage', 'tax', 'mpg']",0.15,0.3,"HistGradientBoostingRegressor(max_depth=5, random_state=42)",robust,16,iterative,target,"{'selector__selection_method': 'kbest', 'selector__n_features_to_select': 8, 'selector__model_name': 'hgb', 'selector__k': 9, 'scaler__scaler_name': 'standard', 'outlier_remover__z_columns': ['car_age', 'mileage', 'tax', 'mpg'], 'outlier_remover__threshold': 3, 'outlier_remover__sev_outliers_cols': ['car_age', 'mileage', 'engineSize'], 'outlier_remover__outlier_method': 'LOF', 'outlier_remover__n_neighbors': 100, 'outlier_remover__model_columns': ['tax', 'mpg'], 'outlier_remover__mod_outliers_cols': ['car_age', 'mileage', 'tax', 'mpg'], 'outlier_remover__contamination_LOF': 0.15, 'outlier_remover__contamination_IF': 0.3, 'model': HistGradientBoostingRegressor(max_depth=5, random_state=42), 'imputer__knn_scaling_method': 'robust', 'imputer__knn_neighbors': 16, 'imputer__imputation_method': 'iterative', 'encoder__method': 'target'}",-1737.4385346875347,-1747.5979512913207,-1783.251871035927,-1756.0961190049275,19.6448396567508,19,-1639.3396714249188,-1684.1372378745127,-1634.6472814637843,-1652.7080635877385,22.306193133270636
383,4,32000,1.1936779816945393,0.08415728936976484,0.044513702392578125,0.007880137763114506,rfe,10,hgb,10,robust,"['car_age', 'mileage', 'tax', 'mpg']",2,"['car_age', 'mileage', 'engineSize']",z_score,50,"['tax', 'mpg']","['tax', 'mpg']",0.5,0.5,"HistGradientBoostingRegressor(max_depth=5, random_state=42)",robust,10,iterative,target,"{'selector__selection_method': 'rfe', 'selector__n_features_to_select': 10, 'selector__model_name': 'hgb', 'selector__k': 10, 'scaler__scaler_name': 'robust', 'outlier_remover__z_columns': ['car_age', 'mileage', 'tax', 'mpg'], 'outlier_remover__threshold': 2, 'outlier_remover__sev_outliers_cols': ['car_age', 'mileage', 'engineSize'], 'outlier_remover__outlier_method': 'z_score', 'outlier_remover__n_neighbors': 50, 'outlier_remover__model_columns': ['tax', 'mpg'], 'outlier_remover__mod_outliers_cols': ['tax', 'mpg'], 'outlier_remover__contamination_LOF': 0.5, 'outlier_remover__contamination_IF': 0.5, 'model': HistGradientBoostingRegressor(max_depth=5, random_state=42), 'imputer__knn_scaling_method': 'robust', 'imputer__knn_neighbors': 10, 'imputer__imputation_method': 'iterative', 'encoder__method': 'target'}",-1723.1565560506015,-1725.6414141166174,-1752.0323102219875,-1733.6100934630688,13.065914501391262,11,-1612.7851252437679,-1644.0786627538546,-1616.0570734600867,-1624.3069538192365,14.044376500436364
384,4,32000,1.5474592049916585,0.008260916280889591,0.3977309862772624,0.06498528276668519,rfe,10,hgb,8,robust,"['car_age', 'mileage', 'tax', 'mpg']",3,"['car_age', 'mileage']",z_score,50,"['tax', 'mpg']","['car_age', 'mileage', 'tax', 'mpg']",0.05,0.15,"HistGradientBoostingRegressor(max_depth=5, random_state=42)",standard,13,knn_modelwise,target,"{'selector__selection_method': 'rfe', 'selector__n_features_to_select': 10, 'selector__model_name': 'hgb', 'selector__k': 8, 'scaler__scaler_name': 'robust', 'outlier_remover__z_columns': ['car_age', 'mileage', 'tax', 'mpg'], 'outlier_remover__threshold': 3, 'outlier_remover__sev_outliers_cols': ['car_age', 'mileage'], 'outlier_remover__outlier_method': 'z_score', 'outlier_remover__n_neighbors': 50, 'outlier_remover__model_columns': ['tax', 'mpg'], 'outlier_remover__mod_outliers_cols': ['car_age', 'mileage', 'tax', 'mpg'], 'outlier_remover__contamination_LOF': 0.05, 'outlier_remover__contamination_IF': 0.15, 'model': HistGradientBoostingRegressor(max_depth=5, random_state=42), 'imputer__knn_scaling_method': 'standard', 'imputer__knn_neighbors': 13, 'imputer__imputation_method': 'knn_modelwise', 'encoder__method': 'target'}",-1710.3672160127967,-1714.8400597127254,-1761.8702915801732,-1729.025855768565,23.296198624498548,9,-1611.2799921595429,-1650.5087428886238,-1622.061647688111,-1627.9501275787595,16.547494624222708
385,4,32000,0.6291539669036865,0.08616891220524281,0.04966203371683756,0.00466951971940603,kbest,9,hgb,9,standard,"['car_age', 'mileage', 'tax', 'mpg']",2,"['car_age', 'mileage', 'engineSize']",z_score,70,"['car_age', 'mileage', 'tax', 'mpg', 'engineSize']","['tax', 'mpg']",0.15,0.5,"HistGradientBoostingRegressor(max_depth=5, random_state=42)",minmax,14,iterative,target,"{'selector__selection_method': 'kbest', 'selector__n_features_to_select': 9, 'selector__model_name': 'hgb', 'selector__k': 9, 'scaler__scaler_name': 'standard', 'outlier_remover__z_columns': ['car_age', 'mileage', 'tax', 'mpg'], 'outlier_remover__threshold': 2, 'outlier_remover__sev_outliers_cols': ['car_age', 'mileage', 'engineSize'], 'outlier_remover__outlier_method': 'z_score', 'outlier_remover__n_neighbors': 70, 'outlier_remover__model_columns': ['car_age', 'mileage', 'tax', 'mpg', 'engineSize'], 'outlier_remover__mod_outliers_cols': ['tax', 'mpg'], 'outlier_remover__contamination_LOF': 0.15, 'outlier_remover__contamination_IF': 0.5, 'model': HistGradientBoostingRegressor(max_depth=5, random_state=42), 'imputer__knn_scaling_method': 'minmax', 'imputer__knn_neighbors': 14, 'imputer__imputation_method': 'iterative', 'encoder__method': 'target'}",-1721.0227603119467,-1737.3315235155208,-1765.9831912387565,-1741.4458250220748,18.58414548203623,13,-1615.5839434558993,-1655.0024893428476,-1627.5293147416778,-1632.7052491801417,16.503497870528722
386,4,32000,1.632792313893636,0.03137231739003709,0.41074347496032715,0.028359694572423304,rfe,10,hgb,6,standard,"['car_age', 'mileage', 'tax', 'mpg']",3,"['car_age', 'mileage']",IQR,70,"['car_age', 'mileage', 'tax', 'mpg', 'engineSize']","['car_age', 'mileage', 'tax', 'mpg']",0.15,0.5,"HistGradientBoostingRegressor(max_depth=5, random_state=42)",standard,20,knn_modelwise,target,"{'selector__selection_method': 'rfe', 'selector__n_features_to_select': 10, 'selector__model_name': 'hgb', 'selector__k': 6, 'scaler__scaler_name': 'standard', 'outlier_remover__z_columns': ['car_age', 'mileage', 'tax', 'mpg'], 'outlier_remover__threshold': 3, 'outlier_remover__sev_outliers_cols': ['car_age', 'mileage'], 'outlier_remover__outlier_method': 'IQR', 'outlier_remover__n_neighbors': 70, 'outlier_remover__model_columns': ['car_age', 'mileage', 'tax', 'mpg', 'engineSize'], 'outlier_remover__mod_outliers_cols': ['car_age', 'mileage', 'tax', 'mpg'], 'outlier_remover__contamination_LOF': 0.15, 'outlier_remover__contamination_IF': 0.5, 'model': HistGradientBoostingRegressor(max_depth=5, random_state=42), 'imputer__knn_scaling_method': 'standard', 'imputer__knn_neighbors': 20, 'imputer__imputation_method': 'knn_modelwise', 'encoder__method': 'target'}",-1730.3620399703218,-1708.871533993661,-1752.1155722106344,-1730.449715391539,17.654413528678482,10,-1621.9033334310902,-1645.1992219255117,-1615.0147033135456,-1627.3724195567158,12.915351801794223
387,4,32000,1.4091033935546875,0.16497232740308548,0.4036903381347656,0.04779292275996051,rfe,10,hgb,6,robust,"['car_age', 'mileage', 'tax', 'mpg']",3,"['car_age', 'mileage']",IQR,50,"['car_age', 'mileage', 'tax', 'mpg']","['tax', 'mpg']",0.15,0.3,"HistGradientBoostingRegressor(max_depth=5, random_state=42)",robust,17,knn_modelwise,target,"{'selector__selection_method': 'rfe', 'selector__n_features_to_select': 10, 'selector__model_name': 'hgb', 'selector__k': 6, 'scaler__scaler_name': 'robust', 'outlier_remover__z_columns': ['car_age', 'mileage', 'tax', 'mpg'], 'outlier_remover__threshold': 3, 'outlier_remover__sev_outliers_cols': ['car_age', 'mileage'], 'outlier_remover__outlier_method': 'IQR', 'outlier_remover__n_neighbors': 50, 'outlier_remover__model_columns': ['car_age', 'mileage', 'tax', 'mpg'], 'outlier_remover__mod_outliers_cols': ['tax', 'mpg'], 'outlier_remover__contamination_LOF': 0.15, 'outlier_remover__contamination_IF': 0.3, 'model': HistGradientBoostingRegressor(max_depth=5, random_state=42), 'imputer__knn_scaling_method': 'robust', 'imputer__knn_neighbors': 17, 'imputer__imputation_method': 'knn_modelwise', 'encoder__method': 'target'}",-1721.8396164256183,-1712.8726050272594,-1741.8682284027436,-1725.5268166185404,12.121142071610409,8,-1613.406491547924,-1650.3407622828715,-1597.41635232277,-1620.387868717855,22.163077596125945
388,5,64000,2.56423552831014,0.05793891452472417,0.9229866663614908,0.03146064596809752,kbest,9,hgb,8,robust,"['car_age', 'mileage', 'tax', 'mpg']",3,"['car_age', 'mileage', 'engineSize']",IQR,90,"['tax', 'mpg']","['car_age', 'mileage', 'tax', 'mpg']",0.5,0.3,"HistGradientBoostingRegressor(max_depth=5, random_state=42)",minmax,16,knn_modelwise,target,"{'selector__selection_method': 'kbest', 'selector__n_features_to_select': 9, 'selector__model_name': 'hgb', 'selector__k': 8, 'scaler__scaler_name': 'robust', 'outlier_remover__z_columns': ['car_age', 'mileage', 'tax', 'mpg'], 'outlier_remover__threshold': 3, 'outlier_remover__sev_outliers_cols': ['car_age', 'mileage', 'engineSize'], 'outlier_remover__outlier_method': 'IQR', 'outlier_remover__n_neighbors': 90, 'outlier_remover__model_columns': ['tax', 'mpg'], 'outlier_remover__mod_outliers_cols': ['car_age', 'mileage', 'tax', 'mpg'], 'outlier_remover__contamination_LOF': 0.5, 'outlier_remover__contamination_IF': 0.3, 'model': HistGradientBoostingRegressor(max_depth=5, random_state=42), 'imputer__knn_scaling_method': 'minmax', 'imputer__knn_neighbors': 16, 'imputer__imputation_method': 'knn_modelwise', 'encoder__method': 'target'}",-1683.614563169299,-1687.2151609068237,-1718.696692253937,-1696.5088054433534,15.757914770178765,6,-1628.8862387044505,-1640.7987577606502,-1615.8334580943158,-1628.5061515198056,10.195583898872362
389,5,64000,1.4291915098826091,0.16086369599965572,0.1408867041269938,0.03225755430158789,kbest,9,hgb,9,standard,"['car_age', 'mileage', 'tax', 'mpg']",2,"['car_age', 'mileage', 'engineSize']",z_score,70,"['car_age', 'mileage', 'tax', 'mpg', 'engineSize']","['tax', 'mpg']",0.15,0.5,"HistGradientBoostingRegressor(max_depth=5, random_state=42)",minmax,14,iterative,target,"{'selector__selection_method': 'kbest', 'selector__n_features_to_select': 9, 'selector__model_name': 'hgb', 'selector__k': 9, 'scaler__scaler_name': 'standard', 'outlier_remover__z_columns': ['car_age', 'mileage', 'tax', 'mpg'], 'outlier_remover__threshold': 2, 'outlier_remover__sev_outliers_cols': ['car_age', 'mileage', 'engineSize'], 'outlier_remover__outlier_method': 'z_score', 'outlier_remover__n_neighbors': 70, 'outlier_remover__model_columns': ['car_age', 'mileage', 'tax', 'mpg', 'engineSize'], 'outlier_remover__mod_outliers_cols': ['tax', 'mpg'], 'outlier_remover__contamination_LOF': 0.15, 'outlier_remover__contamination_IF': 0.5, 'model': HistGradientBoostingRegressor(max_depth=5, random_state=42), 'imputer__knn_scaling_method': 'minmax', 'imputer__knn_neighbors': 14, 'imputer__imputation_method': 'iterative', 'encoder__method': 'target'}",-1682.3547571989318,-1698.5860022729755,-1714.9014748261625,-1698.6140780993567,13.287156662624563,7,-1626.0159330764436,-1646.1868113360351,-1625.1604683307057,-1632.4544042477282,9.716556602419669
390,5,64000,1.2111780643463135,0.04365269899969276,0.09130819638570149,0.04254757855086242,rfe,10,hgb,5,standard,"['car_age', 'mileage', 'tax', 'mpg']",3,"['car_age', 'mileage', 'engineSize']",IQR,100,"['car_age', 'mileage', 'tax', 'mpg']","['tax', 'mpg']",0.5,0.05,"HistGradientBoostingRegressor(max_depth=5, random_state=42)",robust,18,simple,target,"{'selector__selection_method': 'rfe', 'selector__n_features_to_select': 10, 'selector__model_name': 'hgb', 'selector__k': 5, 'scaler__scaler_name': 'standard', 'outlier_remover__z_columns': ['car_age', 'mileage', 'tax', 'mpg'], 'outlier_remover__threshold': 3, 'outlier_remover__sev_outliers_cols': ['car_age', 'mileage', 'engineSize'], 'outlier_remover__outlier_method': 'IQR', 'outlier_remover__n_neighbors': 100, 'outlier_remover__model_columns': ['car_age', 'mileage', 'tax', 'mpg'], 'outlier_remover__mod_outliers_cols': ['tax', 'mpg'], 'outlier_remover__contamination_LOF': 0.5, 'outlier_remover__contamination_IF': 0.05, 'model': HistGradientBoostingRegressor(max_depth=5, random_state=42), 'imputer__knn_scaling_method': 'robust', 'imputer__knn_neighbors': 18, 'imputer__imputation_method': 'simple', 'encoder__method': 'target'}",-1679.8295020063333,-1692.9206088769224,-1716.7659977385842,-1696.5053695406132,15.29082646570828,5,-1628.718269986433,-1647.7491044419655,-1624.319376433897,-1633.595583620765,10.167896532674103
391,5,64000,1.8918951352437336,0.10261476315752668,0.1316072940826416,0.028731262373394083,rfe,10,hgb,10,robust,"['car_age', 'mileage', 'tax', 'mpg']",2,"['car_age', 'mileage', 'engineSize']",z_score,50,"['tax', 'mpg']","['tax', 'mpg']",0.5,0.5,"HistGradientBoostingRegressor(max_depth=5, random_state=42)",robust,10,iterative,target,"{'selector__selection_method': 'rfe', 'selector__n_features_to_select': 10, 'selector__model_name': 'hgb', 'selector__k': 10, 'scaler__scaler_name': 'robust', 'outlier_remover__z_columns': ['car_age', 'mileage', 'tax', 'mpg'], 'outlier_remover__threshold': 2, 'outlier_remover__sev_outliers_cols': ['car_age', 'mileage', 'engineSize'], 'outlier_remover__outlier_method': 'z_score', 'outlier_remover__n_neighbors': 50, 'outlier_remover__model_columns': ['tax', 'mpg'], 'outlier_remover__mod_outliers_cols': ['tax', 'mpg'], 'outlier_remover__contamination_LOF': 0.5, 'outlier_remover__contamination_IF': 0.5, 'model': HistGradientBoostingRegressor(max_depth=5, random_state=42), 'imputer__knn_scaling_method': 'robust', 'imputer__knn_neighbors': 10, 'imputer__imputation_method': 'iterative', 'encoder__method': 'target'}",-1675.798261049382,-1695.8494119353552,-1713.0586252999333,-1694.9020994282237,15.226221609678591,4,-1619.6851924047369,-1645.5905821057443,-1621.558930848513,-1628.9449017863315,11.795104320889186
392,5,64000,2.9617792765299478,0.11981167076221423,0.8819809754689535,0.05785286543007929,rfe,10,hgb,6,standard,"['car_age', 'mileage', 'tax', 'mpg']",3,"['car_age', 'mileage']",IQR,70,"['car_age', 'mileage', 'tax', 'mpg', 'engineSize']","['car_age', 'mileage', 'tax', 'mpg']",0.15,0.5,"HistGradientBoostingRegressor(max_depth=5, random_state=42)",standard,20,knn_modelwise,target,"{'selector__selection_method': 'rfe', 'selector__n_features_to_select': 10, 'selector__model_name': 'hgb', 'selector__k': 6, 'scaler__scaler_name': 'standard', 'outlier_remover__z_columns': ['car_age', 'mileage', 'tax', 'mpg'], 'outlier_remover__threshold': 3, 'outlier_remover__sev_outliers_cols': ['car_age', 'mileage'], 'outlier_remover__outlier_method': 'IQR', 'outlier_remover__n_neighbors': 70, 'outlier_remover__model_columns': ['car_age', 'mileage', 'tax', 'mpg', 'engineSize'], 'outlier_remover__mod_outliers_cols': ['car_age', 'mileage', 'tax', 'mpg'], 'outlier_remover__contamination_LOF': 0.15, 'outlier_remover__contamination_IF': 0.5, 'model': HistGradientBoostingRegressor(max_depth=5, random_state=42), 'imputer__knn_scaling_method': 'standard', 'imputer__knn_neighbors': 20, 'imputer__imputation_method': 'knn_modelwise', 'encoder__method': 'target'}",-1659.7579559233125,-1681.0045474829572,-1689.234355992434,-1676.6656197995678,12.418648888935525,1,-1604.0765098541192,-1635.5574072251961,-1592.07681711817,-1610.570244732495,18.335155185540515
393,5,64000,2.726434310277303,0.19548360925539773,0.9637980461120605,0.05185427676338616,rfe,10,hgb,8,robust,"['car_age', 'mileage', 'tax', 'mpg']",3,"['car_age', 'mileage']",z_score,50,"['tax', 'mpg']","['car_age', 'mileage', 'tax', 'mpg']",0.05,0.15,"HistGradientBoostingRegressor(max_depth=5, random_state=42)",standard,13,knn_modelwise,target,"{'selector__selection_method': 'rfe', 'selector__n_features_to_select': 10, 'selector__model_name': 'hgb', 'selector__k': 8, 'scaler__scaler_name': 'robust', 'outlier_remover__z_columns': ['car_age', 'mileage', 'tax', 'mpg'], 'outlier_remover__threshold': 3, 'outlier_remover__sev_outliers_cols': ['car_age', 'mileage'], 'outlier_remover__outlier_method': 'z_score', 'outlier_remover__n_neighbors': 50, 'outlier_remover__model_columns': ['tax', 'mpg'], 'outlier_remover__mod_outliers_cols': ['car_age', 'mileage', 'tax', 'mpg'], 'outlier_remover__contamination_LOF': 0.05, 'outlier_remover__contamination_IF': 0.15, 'model': HistGradientBoostingRegressor(max_depth=5, random_state=42), 'imputer__knn_scaling_method': 'standard', 'imputer__knn_neighbors': 13, 'imputer__imputation_method': 'knn_modelwise', 'encoder__method': 'target'}",-1666.3242432230288,-1675.072014951167,-1693.5939812852755,-1678.3300798198236,11.368696598178946,2,-1609.2336214033476,-1625.3932810770837,-1596.021916756128,-1610.2162730788532,12.010924575987994
394,5,64000,2.559889872868856,0.3592259875626802,0.7737976710001627,0.1677340843391146,rfe,10,hgb,6,robust,"['car_age', 'mileage', 'tax', 'mpg']",3,"['car_age', 'mileage']",IQR,50,"['car_age', 'mileage', 'tax', 'mpg']","['tax', 'mpg']",0.15,0.3,"HistGradientBoostingRegressor(max_depth=5, random_state=42)",robust,17,knn_modelwise,target,"{'selector__selection_method': 'rfe', 'selector__n_features_to_select': 10, 'selector__model_name': 'hgb', 'selector__k': 6, 'scaler__scaler_name': 'robust', 'outlier_remover__z_columns': ['car_age', 'mileage', 'tax', 'mpg'], 'outlier_remover__threshold': 3, 'outlier_remover__sev_outliers_cols': ['car_age', 'mileage'], 'outlier_remover__outlier_method': 'IQR', 'outlier_remover__n_neighbors': 50, 'outlier_remover__model_columns': ['car_age', 'mileage', 'tax', 'mpg'], 'outlier_remover__mod_outliers_cols': ['tax', 'mpg'], 'outlier_remover__contamination_LOF': 0.15, 'outlier_remover__contamination_IF': 0.3, 'model': HistGradientBoostingRegressor(max_depth=5, random_state=42), 'imputer__knn_scaling_method': 'robust', 'imputer__knn_neighbors': 17, 'imputer__imputation_method': 'knn_modelwise', 'encoder__method': 'target'}",-1670.950410761233,-1681.4597619214628,-1699.1137468968116,-1683.8413065265024,11.620303828521951,3,-1616.059244796327,-1635.6643636519882,-1604.76649165701,-1618.8300333684417,12.765254284920875
