,iter,n_resources,mean_fit_time,std_fit_time,mean_score_time,std_score_time,param_selector__selection_method,param_selector__n_features_to_select,param_selector__model_name,param_selector__k,param_scaler__scaler_name,param_outlier_remover__z_columns,param_outlier_remover__threshold,param_outlier_remover__sev_outliers_cols,param_outlier_remover__outlier_method,param_outlier_remover__n_neighbors,param_outlier_remover__model_columns,param_outlier_remover__mod_outliers_cols,param_outlier_remover__contamination_LOF,param_outlier_remover__contamination_IF,param_model,param_imputer__knn_scaling_method,param_imputer__knn_neighbors,param_imputer__imputation_method,param_encoder__method,params,split0_test_score,split1_test_score,split2_test_score,mean_test_score,std_test_score,rank_test_score,split0_train_score,split1_train_score,split2_train_score,mean_train_score,std_train_score
0,0,2000,0.4909979502360026,0.00878832456475494,0.09858075777689616,0.0033135036218344626,model,11,rf,9,standard,"['car_age', 'mileage', 'tax', 'mpg']",3,"['car_age', 'mileage', 'engineSize']",LOF,30,"['car_age', 'mileage', 'tax', 'mpg', 'engineSize']","['car_age', 'mileage', 'tax', 'mpg']",0.3,0.05,"GradientBoostingRegressor(max_depth=5, max_features='sqrt', min_samples_leaf=4,
                          min_samples_split=10, random_state=42, subsample=0.8)",robust,15,knn_modelwise,target,"{'selector__selection_method': 'model', 'selector__n_features_to_select': 11, 'selector__model_name': 'rf', 'selector__k': 9, 'scaler__scaler_name': 'standard', 'outlier_remover__z_columns': ['car_age', 'mileage', 'tax', 'mpg'], 'outlier_remover__threshold': 3, 'outlier_remover__sev_outliers_cols': ['car_age', 'mileage', 'engineSize'], 'outlier_remover__outlier_method': 'LOF', 'outlier_remover__n_neighbors': 30, 'outlier_remover__model_columns': ['car_age', 'mileage', 'tax', 'mpg', 'engineSize'], 'outlier_remover__mod_outliers_cols': ['car_age', 'mileage', 'tax', 'mpg'], 'outlier_remover__contamination_LOF': 0.3, 'outlier_remover__contamination_IF': 0.05, 'model': GradientBoostingRegressor(max_depth=5, max_features='sqrt', min_samples_leaf=4,
                          min_samples_split=10, random_state=42, subsample=0.8), 'imputer__knn_scaling_method': 'robust', 'imputer__knn_neighbors': 15, 'imputer__imputation_method': 'knn_modelwise', 'encoder__method': 'target'}",-2209.6515506450714,-2465.0237952297807,-2103.040641995681,-2259.238662623511,151.88177872300795,168,-1680.1782402077956,-1643.8216353709113,-1432.4215608521922,-1585.473812143633,109.2373391530268
1,0,2000,0.08348536491394043,0.0037342042476764723,0.004437367121378581,0.0006481298847257901,model,11,dt,23,standard,"['car_age', 'mileage', 'tax', 'mpg']",2,"['car_age', 'mileage']",Isolation_Forest,70,"['car_age', 'mileage', 'tax', 'mpg', 'engineSize']","['tax', 'mpg']",0.5,0.5,"DecisionTreeRegressor(max_depth=10, max_features='sqrt', min_samples_leaf=4,
                      min_samples_split=10, random_state=42)",robust,17,simple,target,"{'selector__selection_method': 'model', 'selector__n_features_to_select': 11, 'selector__model_name': 'dt', 'selector__k': 23, 'scaler__scaler_name': 'standard', 'outlier_remover__z_columns': ['car_age', 'mileage', 'tax', 'mpg'], 'outlier_remover__threshold': 2, 'outlier_remover__sev_outliers_cols': ['car_age', 'mileage'], 'outlier_remover__outlier_method': 'Isolation_Forest', 'outlier_remover__n_neighbors': 70, 'outlier_remover__model_columns': ['car_age', 'mileage', 'tax', 'mpg', 'engineSize'], 'outlier_remover__mod_outliers_cols': ['tax', 'mpg'], 'outlier_remover__contamination_LOF': 0.5, 'outlier_remover__contamination_IF': 0.5, 'model': DecisionTreeRegressor(max_depth=10, max_features='sqrt', min_samples_leaf=4,
                      min_samples_split=10, random_state=42), 'imputer__knn_scaling_method': 'robust', 'imputer__knn_neighbors': 17, 'imputer__imputation_method': 'simple', 'encoder__method': 'target'}",-3779.2882420408328,-4326.520557123078,-3949.7680807276574,-4018.5256266305228,228.6358119462871,394,-3851.615739195424,-3620.17821517771,-3540.515553118552,-3670.769835830562,131.94813502402533
2,0,2000,0.5562528769175211,0.010470848946019613,0.09395098686218262,0.0040675811458392615,model,7,rf,17,minmax,"['car_age', 'mileage', 'tax', 'mpg']",2,"['car_age', 'mileage', 'engineSize']",z_score,90,"['car_age', 'mileage', 'tax', 'mpg', 'engineSize']","['car_age', 'mileage', 'tax', 'mpg']",0.5,0.05,"GradientBoostingRegressor(max_depth=5, max_features='sqrt', min_samples_leaf=4,
                          min_samples_split=10, random_state=42, subsample=0.8)",minmax,14,knn_modelwise,target,"{'selector__selection_method': 'model', 'selector__n_features_to_select': 7, 'selector__model_name': 'rf', 'selector__k': 17, 'scaler__scaler_name': 'minmax', 'outlier_remover__z_columns': ['car_age', 'mileage', 'tax', 'mpg'], 'outlier_remover__threshold': 2, 'outlier_remover__sev_outliers_cols': ['car_age', 'mileage', 'engineSize'], 'outlier_remover__outlier_method': 'z_score', 'outlier_remover__n_neighbors': 90, 'outlier_remover__model_columns': ['car_age', 'mileage', 'tax', 'mpg', 'engineSize'], 'outlier_remover__mod_outliers_cols': ['car_age', 'mileage', 'tax', 'mpg'], 'outlier_remover__contamination_LOF': 0.5, 'outlier_remover__contamination_IF': 0.05, 'model': GradientBoostingRegressor(max_depth=5, max_features='sqrt', min_samples_leaf=4,
                          min_samples_split=10, random_state=42, subsample=0.8), 'imputer__knn_scaling_method': 'minmax', 'imputer__knn_neighbors': 14, 'imputer__imputation_method': 'knn_modelwise', 'encoder__method': 'target'}",-2139.0873768343436,-2344.767561161385,-2021.0216405045608,-2168.2921928334295,133.77230964998955,129,-1497.5472280095173,-1454.4929429721897,-1249.663767608663,-1400.5679795301232,108.14335777644605
3,0,2000,0.10926032066345215,0.004303427222380979,0.005711714426676433,8.707868472954334e-05,rfe,14,dt,23,minmax,"['car_age', 'mileage', 'tax', 'mpg']",2,"['car_age', 'mileage']",Isolation_Forest,100,"['car_age', 'mileage', 'tax', 'mpg', 'engineSize']","['tax', 'mpg']",0.3,0.15,"DecisionTreeRegressor(max_depth=10, max_features='sqrt', min_samples_leaf=4,
                      min_samples_split=10, random_state=42)",robust,16,iterative,freq,"{'selector__selection_method': 'rfe', 'selector__n_features_to_select': 14, 'selector__model_name': 'dt', 'selector__k': 23, 'scaler__scaler_name': 'minmax', 'outlier_remover__z_columns': ['car_age', 'mileage', 'tax', 'mpg'], 'outlier_remover__threshold': 2, 'outlier_remover__sev_outliers_cols': ['car_age', 'mileage'], 'outlier_remover__outlier_method': 'Isolation_Forest', 'outlier_remover__n_neighbors': 100, 'outlier_remover__model_columns': ['car_age', 'mileage', 'tax', 'mpg', 'engineSize'], 'outlier_remover__mod_outliers_cols': ['tax', 'mpg'], 'outlier_remover__contamination_LOF': 0.3, 'outlier_remover__contamination_IF': 0.15, 'model': DecisionTreeRegressor(max_depth=10, max_features='sqrt', min_samples_leaf=4,
                      min_samples_split=10, random_state=42), 'imputer__knn_scaling_method': 'robust', 'imputer__knn_neighbors': 16, 'imputer__imputation_method': 'iterative', 'encoder__method': 'freq'}",-3283.141065167024,-3601.5074994287556,-3289.835144543582,-3391.4945697131207,148.52671064039436,374,-2863.1728571730164,-2696.0724118618814,-2439.1421403661557,-2666.129136467018,174.39985092685623
4,0,2000,0.44390869140625,0.04310756817921068,0.012034098307291666,0.0029270543559789886,model,13,rf,13,robust,"['car_age', 'mileage', 'tax', 'mpg']",2,"['car_age', 'mileage', 'engineSize']",IQR,100,"['car_age', 'mileage', 'tax', 'mpg']","['tax', 'mpg']",0.3,0.15,"RandomForestRegressor(max_depth=12, max_features='sqrt', min_samples_leaf=4,
                      min_samples_split=10, random_state=42)",minmax,15,simple,freq,"{'selector__selection_method': 'model', 'selector__n_features_to_select': 13, 'selector__model_name': 'rf', 'selector__k': 13, 'scaler__scaler_name': 'robust', 'outlier_remover__z_columns': ['car_age', 'mileage', 'tax', 'mpg'], 'outlier_remover__threshold': 2, 'outlier_remover__sev_outliers_cols': ['car_age', 'mileage', 'engineSize'], 'outlier_remover__outlier_method': 'IQR', 'outlier_remover__n_neighbors': 100, 'outlier_remover__model_columns': ['car_age', 'mileage', 'tax', 'mpg'], 'outlier_remover__mod_outliers_cols': ['tax', 'mpg'], 'outlier_remover__contamination_LOF': 0.3, 'outlier_remover__contamination_IF': 0.15, 'model': RandomForestRegressor(max_depth=12, max_features='sqrt', min_samples_leaf=4,
                      min_samples_split=10, random_state=42), 'imputer__knn_scaling_method': 'minmax', 'imputer__knn_neighbors': 15, 'imputer__imputation_method': 'simple', 'encoder__method': 'freq'}",-2427.2550508048234,-2783.5711123830292,-2453.2114883357126,-2554.6792171745215,162.19753169398214,279,-2014.7278553483495,-2097.484421518258,-1988.2889590266343,-2033.5004119644138,46.51321617646182
5,0,2000,0.13824264208475748,0.006435178643093519,0.017441272735595703,0.005059784473811192,kbest,7,rf,5,standard,"['car_age', 'mileage', 'tax', 'mpg']",3,"['car_age', 'mileage']",LOF,30,"['car_age', 'mileage', 'tax', 'mpg', 'engineSize']","['car_age', 'mileage', 'tax', 'mpg']",0.15,0.5,"RandomForestRegressor(max_depth=12, max_features='sqrt', min_samples_leaf=4,
                      min_samples_split=10, random_state=42)",minmax,20,iterative,target,"{'selector__selection_method': 'kbest', 'selector__n_features_to_select': 7, 'selector__model_name': 'rf', 'selector__k': 5, 'scaler__scaler_name': 'standard', 'outlier_remover__z_columns': ['car_age', 'mileage', 'tax', 'mpg'], 'outlier_remover__threshold': 3, 'outlier_remover__sev_outliers_cols': ['car_age', 'mileage'], 'outlier_remover__outlier_method': 'LOF', 'outlier_remover__n_neighbors': 30, 'outlier_remover__model_columns': ['car_age', 'mileage', 'tax', 'mpg', 'engineSize'], 'outlier_remover__mod_outliers_cols': ['car_age', 'mileage', 'tax', 'mpg'], 'outlier_remover__contamination_LOF': 0.15, 'outlier_remover__contamination_IF': 0.5, 'model': RandomForestRegressor(max_depth=12, max_features='sqrt', min_samples_leaf=4,
                      min_samples_split=10, random_state=42), 'imputer__knn_scaling_method': 'minmax', 'imputer__knn_neighbors': 20, 'imputer__imputation_method': 'iterative', 'encoder__method': 'target'}",-2378.3733665912605,-2708.260209647693,-2556.063790633399,-2547.565788957451,134.80972845656242,272,-2308.122119618838,-2188.9792787916554,-2078.487110554889,-2191.8628363217945,93.77027078618679
6,0,2000,0.4540115197499593,0.014956753195611454,0.010422229766845703,0.000275650648670139,rfe,13,rf,17,robust,"['car_age', 'mileage', 'tax', 'mpg']",2,"['car_age', 'mileage']",z_score,100,"['car_age', 'mileage', 'tax', 'mpg']","['tax', 'mpg']",0.05,0.3,"RandomForestRegressor(max_depth=12, max_features='sqrt', min_samples_leaf=4,
                      min_samples_split=10, random_state=42)",minmax,16,simple,freq,"{'selector__selection_method': 'rfe', 'selector__n_features_to_select': 13, 'selector__model_name': 'rf', 'selector__k': 17, 'scaler__scaler_name': 'robust', 'outlier_remover__z_columns': ['car_age', 'mileage', 'tax', 'mpg'], 'outlier_remover__threshold': 2, 'outlier_remover__sev_outliers_cols': ['car_age', 'mileage'], 'outlier_remover__outlier_method': 'z_score', 'outlier_remover__n_neighbors': 100, 'outlier_remover__model_columns': ['car_age', 'mileage', 'tax', 'mpg'], 'outlier_remover__mod_outliers_cols': ['tax', 'mpg'], 'outlier_remover__contamination_LOF': 0.05, 'outlier_remover__contamination_IF': 0.3, 'model': RandomForestRegressor(max_depth=12, max_features='sqrt', min_samples_leaf=4,
                      min_samples_split=10, random_state=42), 'imputer__knn_scaling_method': 'minmax', 'imputer__knn_neighbors': 16, 'imputer__imputation_method': 'simple', 'encoder__method': 'freq'}",-2435.3407766093455,-2795.476249831152,-2457.4359559732266,-2562.750994137908,164.80864199811623,282,-2016.4622447323934,-2095.9892088972333,-1986.106035848826,-2032.8524964928174,46.33255295055608
7,0,2000,0.3903263409932454,0.0025903858446258035,0.0055035750071207685,0.0001356298362084468,model,18,rf,22,robust,"['car_age', 'mileage', 'tax', 'mpg']",3,"['car_age', 'mileage', 'engineSize']",LOF,100,"['car_age', 'mileage', 'tax', 'mpg', 'engineSize']","['tax', 'mpg']",0.05,0.15,"GradientBoostingRegressor(max_depth=5, max_features='sqrt', min_samples_leaf=4,
                          min_samples_split=10, random_state=42, subsample=0.8)",minmax,13,simple,freq,"{'selector__selection_method': 'model', 'selector__n_features_to_select': 18, 'selector__model_name': 'rf', 'selector__k': 22, 'scaler__scaler_name': 'robust', 'outlier_remover__z_columns': ['car_age', 'mileage', 'tax', 'mpg'], 'outlier_remover__threshold': 3, 'outlier_remover__sev_outliers_cols': ['car_age', 'mileage', 'engineSize'], 'outlier_remover__outlier_method': 'LOF', 'outlier_remover__n_neighbors': 100, 'outlier_remover__model_columns': ['car_age', 'mileage', 'tax', 'mpg', 'engineSize'], 'outlier_remover__mod_outliers_cols': ['tax', 'mpg'], 'outlier_remover__contamination_LOF': 0.05, 'outlier_remover__contamination_IF': 0.15, 'model': GradientBoostingRegressor(max_depth=5, max_features='sqrt', min_samples_leaf=4,
                          min_samples_split=10, random_state=42, subsample=0.8), 'imputer__knn_scaling_method': 'minmax', 'imputer__knn_neighbors': 13, 'imputer__imputation_method': 'simple', 'encoder__method': 'freq'}",-2315.1708719508956,-2494.822342467418,-2251.951802343486,-2353.981672253933,102.87932568514202,205,-1753.1442531654436,-1807.2207926975154,-1473.2181521742127,-1677.8610660123904,146.37875453784463
8,0,2000,0.31225426991780597,0.024738714017024592,0.00764012336730957,0.00035154041325004883,model,19,rf,14,robust,"['car_age', 'mileage', 'tax', 'mpg']",2,"['car_age', 'mileage']",Isolation_Forest,100,"['car_age', 'mileage', 'tax', 'mpg', 'engineSize']","['car_age', 'mileage', 'tax', 'mpg']",0.15,0.5,"GradientBoostingRegressor(max_depth=5, max_features='sqrt', min_samples_leaf=4,
                          min_samples_split=10, random_state=42, subsample=0.8)",minmax,20,iterative,target,"{'selector__selection_method': 'model', 'selector__n_features_to_select': 19, 'selector__model_name': 'rf', 'selector__k': 14, 'scaler__scaler_name': 'robust', 'outlier_remover__z_columns': ['car_age', 'mileage', 'tax', 'mpg'], 'outlier_remover__threshold': 2, 'outlier_remover__sev_outliers_cols': ['car_age', 'mileage'], 'outlier_remover__outlier_method': 'Isolation_Forest', 'outlier_remover__n_neighbors': 100, 'outlier_remover__model_columns': ['car_age', 'mileage', 'tax', 'mpg', 'engineSize'], 'outlier_remover__mod_outliers_cols': ['car_age', 'mileage', 'tax', 'mpg'], 'outlier_remover__contamination_LOF': 0.15, 'outlier_remover__contamination_IF': 0.5, 'model': GradientBoostingRegressor(max_depth=5, max_features='sqrt', min_samples_leaf=4,
                          min_samples_split=10, random_state=42, subsample=0.8), 'imputer__knn_scaling_method': 'minmax', 'imputer__knn_neighbors': 20, 'imputer__imputation_method': 'iterative', 'encoder__method': 'target'}",-2707.176803859715,-3315.876566487474,-2852.1933244562997,-2958.415564934496,259.60383091026523,326,-2648.7512239212224,-2542.206430816785,-2519.2408295219316,-2570.06616141998,56.42315722187654
9,0,2000,0.11925729115804036,0.004916495433137764,0.030829906463623047,0.007423879671109816,kbest,9,et,11,robust,"['car_age', 'mileage', 'tax', 'mpg']",2,"['car_age', 'mileage', 'engineSize']",z_score,50,"['car_age', 'mileage', 'tax', 'mpg']","['tax', 'mpg']",0.3,0.3,"ExtraTreesRegressor(max_depth=12, max_features='sqrt', min_samples_leaf=4,
                    min_samples_split=10, n_jobs=-1, random_state=42)",minmax,20,iterative,target,"{'selector__selection_method': 'kbest', 'selector__n_features_to_select': 9, 'selector__model_name': 'et', 'selector__k': 11, 'scaler__scaler_name': 'robust', 'outlier_remover__z_columns': ['car_age', 'mileage', 'tax', 'mpg'], 'outlier_remover__threshold': 2, 'outlier_remover__sev_outliers_cols': ['car_age', 'mileage', 'engineSize'], 'outlier_remover__outlier_method': 'z_score', 'outlier_remover__n_neighbors': 50, 'outlier_remover__model_columns': ['car_age', 'mileage', 'tax', 'mpg'], 'outlier_remover__mod_outliers_cols': ['tax', 'mpg'], 'outlier_remover__contamination_LOF': 0.3, 'outlier_remover__contamination_IF': 0.3, 'model': ExtraTreesRegressor(max_depth=12, max_features='sqrt', min_samples_leaf=4,
                    min_samples_split=10, n_jobs=-1, random_state=42), 'imputer__knn_scaling_method': 'minmax', 'imputer__knn_neighbors': 20, 'imputer__imputation_method': 'iterative', 'encoder__method': 'target'}",-2335.8880910280564,-2774.0319056047583,-2256.8603245436275,-2455.5934403921474,227.4696156473091,239,-2132.5137866949026,-2160.4175622042426,-2004.8558938406713,-2099.262414246605,67.72049661801543
10,0,2000,0.1603856086730957,0.020689009743659083,0.016790469487508137,0.006292937752752242,kbest,14,rf,18,minmax,"['car_age', 'mileage', 'tax', 'mpg']",2,"['car_age', 'mileage', 'engineSize']",IQR,50,"['car_age', 'mileage', 'tax', 'mpg']","['car_age', 'mileage', 'tax', 'mpg']",0.05,0.5,"RandomForestRegressor(max_depth=12, max_features='sqrt', min_samples_leaf=4,
                      min_samples_split=10, random_state=42)",standard,7,simple,target,"{'selector__selection_method': 'kbest', 'selector__n_features_to_select': 14, 'selector__model_name': 'rf', 'selector__k': 18, 'scaler__scaler_name': 'minmax', 'outlier_remover__z_columns': ['car_age', 'mileage', 'tax', 'mpg'], 'outlier_remover__threshold': 2, 'outlier_remover__sev_outliers_cols': ['car_age', 'mileage', 'engineSize'], 'outlier_remover__outlier_method': 'IQR', 'outlier_remover__n_neighbors': 50, 'outlier_remover__model_columns': ['car_age', 'mileage', 'tax', 'mpg'], 'outlier_remover__mod_outliers_cols': ['car_age', 'mileage', 'tax', 'mpg'], 'outlier_remover__contamination_LOF': 0.05, 'outlier_remover__contamination_IF': 0.5, 'model': RandomForestRegressor(max_depth=12, max_features='sqrt', min_samples_leaf=4,
                      min_samples_split=10, random_state=42), 'imputer__knn_scaling_method': 'standard', 'imputer__knn_neighbors': 7, 'imputer__imputation_method': 'simple', 'encoder__method': 'target'}",-2131.47982235329,-2539.1245767874957,-2096.1027147393943,-2255.56903796006,201.02353533118014,163,-1795.980348390372,-1779.928723082346,-1668.585915487929,-1748.164995653549,56.65119103638774
11,0,2000,0.28381530443827313,0.025193430152590505,0.03091271718343099,0.003797899087871361,model,13,et,19,minmax,"['car_age', 'mileage', 'tax', 'mpg']",3,"['car_age', 'mileage']",LOF,90,"['car_age', 'mileage', 'tax', 'mpg']","['car_age', 'mileage', 'tax', 'mpg']",0.5,0.3,"ExtraTreesRegressor(max_depth=12, max_features='sqrt', min_samples_leaf=4,
                    min_samples_split=10, n_jobs=-1, random_state=42)",standard,16,iterative,target,"{'selector__selection_method': 'model', 'selector__n_features_to_select': 13, 'selector__model_name': 'et', 'selector__k': 19, 'scaler__scaler_name': 'minmax', 'outlier_remover__z_columns': ['car_age', 'mileage', 'tax', 'mpg'], 'outlier_remover__threshold': 3, 'outlier_remover__sev_outliers_cols': ['car_age', 'mileage'], 'outlier_remover__outlier_method': 'LOF', 'outlier_remover__n_neighbors': 90, 'outlier_remover__model_columns': ['car_age', 'mileage', 'tax', 'mpg'], 'outlier_remover__mod_outliers_cols': ['car_age', 'mileage', 'tax', 'mpg'], 'outlier_remover__contamination_LOF': 0.5, 'outlier_remover__contamination_IF': 0.3, 'model': ExtraTreesRegressor(max_depth=12, max_features='sqrt', min_samples_leaf=4,
                    min_samples_split=10, n_jobs=-1, random_state=42), 'imputer__knn_scaling_method': 'standard', 'imputer__knn_neighbors': 16, 'imputer__imputation_method': 'iterative', 'encoder__method': 'target'}",-2848.702360533348,-3342.563750739636,-2859.5578009092706,-3016.941304060752,230.2924857397595,336,-2872.501151539157,-2805.8010167401244,-2754.3543457586647,-2810.8855046793155,48.367040721522855
12,0,2000,0.06599267323811848,0.0232316239860585,0.00856471061706543,0.0024015349807436606,kbest,20,dt,15,minmax,"['car_age', 'mileage', 'tax', 'mpg']",3,"['car_age', 'mileage', 'engineSize']",LOF,30,"['car_age', 'mileage', 'tax', 'mpg']","['tax', 'mpg']",0.15,0.5,"DecisionTreeRegressor(max_depth=10, max_features='sqrt', min_samples_leaf=4,
                      min_samples_split=10, random_state=42)",robust,18,iterative,freq,"{'selector__selection_method': 'kbest', 'selector__n_features_to_select': 20, 'selector__model_name': 'dt', 'selector__k': 15, 'scaler__scaler_name': 'minmax', 'outlier_remover__z_columns': ['car_age', 'mileage', 'tax', 'mpg'], 'outlier_remover__threshold': 3, 'outlier_remover__sev_outliers_cols': ['car_age', 'mileage', 'engineSize'], 'outlier_remover__outlier_method': 'LOF', 'outlier_remover__n_neighbors': 30, 'outlier_remover__model_columns': ['car_age', 'mileage', 'tax', 'mpg'], 'outlier_remover__mod_outliers_cols': ['tax', 'mpg'], 'outlier_remover__contamination_LOF': 0.15, 'outlier_remover__contamination_IF': 0.5, 'model': DecisionTreeRegressor(max_depth=10, max_features='sqrt', min_samples_leaf=4,
                      min_samples_split=10, random_state=42), 'imputer__knn_scaling_method': 'robust', 'imputer__knn_neighbors': 18, 'imputer__imputation_method': 'iterative', 'encoder__method': 'freq'}",-3233.5820535299754,-3640.207773515533,-3015.0142392224852,-3296.2680220893308,259.05454614955323,370,-2740.6726737528584,-2575.788384656217,-2219.3290823410493,-2511.9300469167083,217.5748155626484
13,0,2000,0.3193650245666504,0.03817623061929328,0.03227869669596354,0.0018543326961331537,rfe,11,et,19,standard,"['car_age', 'mileage', 'tax', 'mpg']",2,"['car_age', 'mileage', 'engineSize']",LOF,70,"['car_age', 'mileage', 'tax', 'mpg']","['tax', 'mpg']",0.3,0.05,"ExtraTreesRegressor(max_depth=12, max_features='sqrt', min_samples_leaf=4,
                    min_samples_split=10, n_jobs=-1, random_state=42)",robust,16,iterative,target,"{'selector__selection_method': 'rfe', 'selector__n_features_to_select': 11, 'selector__model_name': 'et', 'selector__k': 19, 'scaler__scaler_name': 'standard', 'outlier_remover__z_columns': ['car_age', 'mileage', 'tax', 'mpg'], 'outlier_remover__threshold': 2, 'outlier_remover__sev_outliers_cols': ['car_age', 'mileage', 'engineSize'], 'outlier_remover__outlier_method': 'LOF', 'outlier_remover__n_neighbors': 70, 'outlier_remover__model_columns': ['car_age', 'mileage', 'tax', 'mpg'], 'outlier_remover__mod_outliers_cols': ['tax', 'mpg'], 'outlier_remover__contamination_LOF': 0.3, 'outlier_remover__contamination_IF': 0.05, 'model': ExtraTreesRegressor(max_depth=12, max_features='sqrt', min_samples_leaf=4,
                    min_samples_split=10, n_jobs=-1, random_state=42), 'imputer__knn_scaling_method': 'robust', 'imputer__knn_neighbors': 16, 'imputer__imputation_method': 'iterative', 'encoder__method': 'target'}",-2655.7767710584562,-3192.7933558031523,-2702.676758996895,-2850.415628619501,242.85356804837272,316,-2619.376398293867,-2602.3146525817997,-2488.8547259937877,-2570.1819256231515,57.92731561391746
14,0,2000,0.5422159830729166,0.0133506016770559,0.008240063985188803,0.0010832056960317449,rfe,19,rf,22,standard,"['car_age', 'mileage', 'tax', 'mpg']",3,"['car_age', 'mileage', 'engineSize']",z_score,30,"['car_age', 'mileage', 'tax', 'mpg', 'engineSize']","['tax', 'mpg']",0.3,0.5,"GradientBoostingRegressor(max_depth=5, max_features='sqrt', min_samples_leaf=4,
                          min_samples_split=10, random_state=42, subsample=0.8)",standard,11,iterative,target,"{'selector__selection_method': 'rfe', 'selector__n_features_to_select': 19, 'selector__model_name': 'rf', 'selector__k': 22, 'scaler__scaler_name': 'standard', 'outlier_remover__z_columns': ['car_age', 'mileage', 'tax', 'mpg'], 'outlier_remover__threshold': 3, 'outlier_remover__sev_outliers_cols': ['car_age', 'mileage', 'engineSize'], 'outlier_remover__outlier_method': 'z_score', 'outlier_remover__n_neighbors': 30, 'outlier_remover__model_columns': ['car_age', 'mileage', 'tax', 'mpg', 'engineSize'], 'outlier_remover__mod_outliers_cols': ['tax', 'mpg'], 'outlier_remover__contamination_LOF': 0.3, 'outlier_remover__contamination_IF': 0.5, 'model': GradientBoostingRegressor(max_depth=5, max_features='sqrt', min_samples_leaf=4,
                          min_samples_split=10, random_state=42, subsample=0.8), 'imputer__knn_scaling_method': 'standard', 'imputer__knn_neighbors': 11, 'imputer__imputation_method': 'iterative', 'encoder__method': 'target'}",-2104.90747468571,-2304.0091729203264,-2039.588492026542,-2149.501713210859,112.4605373847839,109,-1469.352796230471,-1468.1906045015091,-1209.8955479930974,-1382.4796495750259,122.0363108847384
15,0,2000,0.061158339182535805,0.038711895610981026,0.004680315653483073,0.0006449340915984637,kbest,20,dt,9,robust,"['car_age', 'mileage', 'tax', 'mpg']",2,"['car_age', 'mileage']",LOF,90,"['car_age', 'mileage', 'tax', 'mpg']","['tax', 'mpg']",0.05,0.05,"DecisionTreeRegressor(max_depth=10, max_features='sqrt', min_samples_leaf=4,
                      min_samples_split=10, random_state=42)",minmax,20,simple,freq,"{'selector__selection_method': 'kbest', 'selector__n_features_to_select': 20, 'selector__model_name': 'dt', 'selector__k': 9, 'scaler__scaler_name': 'robust', 'outlier_remover__z_columns': ['car_age', 'mileage', 'tax', 'mpg'], 'outlier_remover__threshold': 2, 'outlier_remover__sev_outliers_cols': ['car_age', 'mileage'], 'outlier_remover__outlier_method': 'LOF', 'outlier_remover__n_neighbors': 90, 'outlier_remover__model_columns': ['car_age', 'mileage', 'tax', 'mpg'], 'outlier_remover__mod_outliers_cols': ['tax', 'mpg'], 'outlier_remover__contamination_LOF': 0.05, 'outlier_remover__contamination_IF': 0.05, 'model': DecisionTreeRegressor(max_depth=10, max_features='sqrt', min_samples_leaf=4,
                      min_samples_split=10, random_state=42), 'imputer__knn_scaling_method': 'minmax', 'imputer__knn_neighbors': 20, 'imputer__imputation_method': 'simple', 'encoder__method': 'freq'}",-3165.132354058489,-3397.431942697355,-3010.7050328746222,-3191.089776543489,158.94394511233332,359,-2624.3954149907822,-2527.218131112966,-2319.41275767777,-2490.3421012605063,127.20976508294268
16,0,2000,0.7175939083099365,0.026137279223857182,0.010152339935302734,0.00044660948544629676,rfe,9,rf,5,standard,"['car_age', 'mileage', 'tax', 'mpg']",3,"['car_age', 'mileage', 'engineSize']",IQR,50,"['car_age', 'mileage', 'tax', 'mpg', 'engineSize']","['car_age', 'mileage', 'tax', 'mpg']",0.5,0.3,"RandomForestRegressor(max_depth=12, max_features='sqrt', min_samples_leaf=4,
                      min_samples_split=10, random_state=42)",robust,11,simple,freq,"{'selector__selection_method': 'rfe', 'selector__n_features_to_select': 9, 'selector__model_name': 'rf', 'selector__k': 5, 'scaler__scaler_name': 'standard', 'outlier_remover__z_columns': ['car_age', 'mileage', 'tax', 'mpg'], 'outlier_remover__threshold': 3, 'outlier_remover__sev_outliers_cols': ['car_age', 'mileage', 'engineSize'], 'outlier_remover__outlier_method': 'IQR', 'outlier_remover__n_neighbors': 50, 'outlier_remover__model_columns': ['car_age', 'mileage', 'tax', 'mpg', 'engineSize'], 'outlier_remover__mod_outliers_cols': ['car_age', 'mileage', 'tax', 'mpg'], 'outlier_remover__contamination_LOF': 0.5, 'outlier_remover__contamination_IF': 0.3, 'model': RandomForestRegressor(max_depth=12, max_features='sqrt', min_samples_leaf=4,
                      min_samples_split=10, random_state=42), 'imputer__knn_scaling_method': 'robust', 'imputer__knn_neighbors': 11, 'imputer__imputation_method': 'simple', 'encoder__method': 'freq'}",-2462.3575198527456,-2748.412903197071,-2437.2737134328654,-2549.3480454942273,141.13211898859774,275,-2018.6506494597004,-2062.7217571991036,-1955.5125589293098,-2012.294988529371,43.998097442268104
17,0,2000,0.3320441246032715,0.004615433738942292,0.0192111333211263,0.0006933088842992937,model,23,et,11,standard,"['car_age', 'mileage', 'tax', 'mpg']",2,"['car_age', 'mileage', 'engineSize']",Isolation_Forest,30,"['car_age', 'mileage', 'tax', 'mpg', 'engineSize']","['car_age', 'mileage', 'tax', 'mpg']",0.3,0.15,"ExtraTreesRegressor(max_depth=12, max_features='sqrt', min_samples_leaf=4,
                    min_samples_split=10, n_jobs=-1, random_state=42)",robust,19,iterative,target,"{'selector__selection_method': 'model', 'selector__n_features_to_select': 23, 'selector__model_name': 'et', 'selector__k': 11, 'scaler__scaler_name': 'standard', 'outlier_remover__z_columns': ['car_age', 'mileage', 'tax', 'mpg'], 'outlier_remover__threshold': 2, 'outlier_remover__sev_outliers_cols': ['car_age', 'mileage', 'engineSize'], 'outlier_remover__outlier_method': 'Isolation_Forest', 'outlier_remover__n_neighbors': 30, 'outlier_remover__model_columns': ['car_age', 'mileage', 'tax', 'mpg', 'engineSize'], 'outlier_remover__mod_outliers_cols': ['car_age', 'mileage', 'tax', 'mpg'], 'outlier_remover__contamination_LOF': 0.3, 'outlier_remover__contamination_IF': 0.15, 'model': ExtraTreesRegressor(max_depth=12, max_features='sqrt', min_samples_leaf=4,
                    min_samples_split=10, n_jobs=-1, random_state=42), 'imputer__knn_scaling_method': 'robust', 'imputer__knn_neighbors': 19, 'imputer__imputation_method': 'iterative', 'encoder__method': 'target'}",-2494.9707176378975,-3057.2301934449874,-2606.1967430891605,-2719.4658847240153,243.11362688907215,297,-2492.0963050272458,-2521.628514464447,-2409.1393187570293,-2474.2880460829074,47.61866127683483
18,0,2000,0.5264103412628174,0.002305493877452535,0.09475326538085938,0.002771261804435806,model,12,rf,11,minmax,"['car_age', 'mileage', 'tax', 'mpg']",2,"['car_age', 'mileage']",z_score,70,"['car_age', 'mileage', 'tax', 'mpg']","['tax', 'mpg']",0.05,0.5,"GradientBoostingRegressor(max_depth=5, max_features='sqrt', min_samples_leaf=4,
                          min_samples_split=10, random_state=42, subsample=0.8)",minmax,16,knn_modelwise,freq,"{'selector__selection_method': 'model', 'selector__n_features_to_select': 12, 'selector__model_name': 'rf', 'selector__k': 11, 'scaler__scaler_name': 'minmax', 'outlier_remover__z_columns': ['car_age', 'mileage', 'tax', 'mpg'], 'outlier_remover__threshold': 2, 'outlier_remover__sev_outliers_cols': ['car_age', 'mileage'], 'outlier_remover__outlier_method': 'z_score', 'outlier_remover__n_neighbors': 70, 'outlier_remover__model_columns': ['car_age', 'mileage', 'tax', 'mpg'], 'outlier_remover__mod_outliers_cols': ['tax', 'mpg'], 'outlier_remover__contamination_LOF': 0.05, 'outlier_remover__contamination_IF': 0.5, 'model': GradientBoostingRegressor(max_depth=5, max_features='sqrt', min_samples_leaf=4,
                          min_samples_split=10, random_state=42, subsample=0.8), 'imputer__knn_scaling_method': 'minmax', 'imputer__knn_neighbors': 16, 'imputer__imputation_method': 'knn_modelwise', 'encoder__method': 'freq'}",-2216.397645788541,-2476.46721053678,-2240.192494674141,-2311.0191169998207,117.39208505299084,200,-1657.4150517133312,-1608.8499617381751,-1396.7703688160907,-1554.3451274225324,113.17242126797063
19,0,2000,0.240785280863444,0.024914352582281737,0.12418707211812337,0.012728056067987365,kbest,16,et,14,robust,"['car_age', 'mileage', 'tax', 'mpg']",2,"['car_age', 'mileage', 'engineSize']",IQR,50,"['car_age', 'mileage', 'tax', 'mpg']","['car_age', 'mileage', 'tax', 'mpg']",0.3,0.3,"ExtraTreesRegressor(max_depth=12, max_features='sqrt', min_samples_leaf=4,
                    min_samples_split=10, n_jobs=-1, random_state=42)",standard,12,knn_modelwise,freq,"{'selector__selection_method': 'kbest', 'selector__n_features_to_select': 16, 'selector__model_name': 'et', 'selector__k': 14, 'scaler__scaler_name': 'robust', 'outlier_remover__z_columns': ['car_age', 'mileage', 'tax', 'mpg'], 'outlier_remover__threshold': 2, 'outlier_remover__sev_outliers_cols': ['car_age', 'mileage', 'engineSize'], 'outlier_remover__outlier_method': 'IQR', 'outlier_remover__n_neighbors': 50, 'outlier_remover__model_columns': ['car_age', 'mileage', 'tax', 'mpg'], 'outlier_remover__mod_outliers_cols': ['car_age', 'mileage', 'tax', 'mpg'], 'outlier_remover__contamination_LOF': 0.3, 'outlier_remover__contamination_IF': 0.3, 'model': ExtraTreesRegressor(max_depth=12, max_features='sqrt', min_samples_leaf=4,
                    min_samples_split=10, n_jobs=-1, random_state=42), 'imputer__knn_scaling_method': 'standard', 'imputer__knn_neighbors': 12, 'imputer__imputation_method': 'knn_modelwise', 'encoder__method': 'freq'}",-2647.43049105674,-3046.7871749618644,-2559.518645469676,-2751.2454371627596,212.03900935852477,304,-2406.181255951133,-2523.326545836592,-2343.1084485091064,-2424.20541676561,74.66946466878478
20,0,2000,0.39163533846537274,0.013865215823961491,0.011125644048055014,0.0001654380242182074,rfe,18,rf,16,robust,"['car_age', 'mileage', 'tax', 'mpg']",2,"['car_age', 'mileage', 'engineSize']",Isolation_Forest,50,"['car_age', 'mileage', 'tax', 'mpg']","['car_age', 'mileage', 'tax', 'mpg']",0.3,0.3,"RandomForestRegressor(max_depth=12, max_features='sqrt', min_samples_leaf=4,
                      min_samples_split=10, random_state=42)",robust,12,iterative,freq,"{'selector__selection_method': 'rfe', 'selector__n_features_to_select': 18, 'selector__model_name': 'rf', 'selector__k': 16, 'scaler__scaler_name': 'robust', 'outlier_remover__z_columns': ['car_age', 'mileage', 'tax', 'mpg'], 'outlier_remover__threshold': 2, 'outlier_remover__sev_outliers_cols': ['car_age', 'mileage', 'engineSize'], 'outlier_remover__outlier_method': 'Isolation_Forest', 'outlier_remover__n_neighbors': 50, 'outlier_remover__model_columns': ['car_age', 'mileage', 'tax', 'mpg'], 'outlier_remover__mod_outliers_cols': ['car_age', 'mileage', 'tax', 'mpg'], 'outlier_remover__contamination_LOF': 0.3, 'outlier_remover__contamination_IF': 0.3, 'model': RandomForestRegressor(max_depth=12, max_features='sqrt', min_samples_leaf=4,
                      min_samples_split=10, random_state=42), 'imputer__knn_scaling_method': 'robust', 'imputer__knn_neighbors': 12, 'imputer__imputation_method': 'iterative', 'encoder__method': 'freq'}",-2647.0190033364647,-3278.467192934303,-3029.3536927459995,-2984.9466296722553,259.693016816296,331,-2618.263028771643,-2731.999467882485,-2670.6825740992845,-2673.648356917804,46.48004085051667
21,0,2000,0.737684408823649,0.009811863920565751,0.013532638549804688,0.0029833711751197827,rfe,8,rf,17,standard,"['car_age', 'mileage', 'tax', 'mpg']",3,"['car_age', 'mileage']",Isolation_Forest,100,"['car_age', 'mileage', 'tax', 'mpg', 'engineSize']","['car_age', 'mileage', 'tax', 'mpg']",0.3,0.3,"RandomForestRegressor(max_depth=12, max_features='sqrt', min_samples_leaf=4,
                      min_samples_split=10, random_state=42)",minmax,10,simple,freq,"{'selector__selection_method': 'rfe', 'selector__n_features_to_select': 8, 'selector__model_name': 'rf', 'selector__k': 17, 'scaler__scaler_name': 'standard', 'outlier_remover__z_columns': ['car_age', 'mileage', 'tax', 'mpg'], 'outlier_remover__threshold': 3, 'outlier_remover__sev_outliers_cols': ['car_age', 'mileage'], 'outlier_remover__outlier_method': 'Isolation_Forest', 'outlier_remover__n_neighbors': 100, 'outlier_remover__model_columns': ['car_age', 'mileage', 'tax', 'mpg', 'engineSize'], 'outlier_remover__mod_outliers_cols': ['car_age', 'mileage', 'tax', 'mpg'], 'outlier_remover__contamination_LOF': 0.3, 'outlier_remover__contamination_IF': 0.3, 'model': RandomForestRegressor(max_depth=12, max_features='sqrt', min_samples_leaf=4,
                      min_samples_split=10, random_state=42), 'imputer__knn_scaling_method': 'minmax', 'imputer__knn_neighbors': 10, 'imputer__imputation_method': 'simple', 'encoder__method': 'freq'}",-2889.4854837311786,-3392.029489850396,-2968.1859531196856,-3083.2336422337535,220.70281315146158,343,-2909.492224925876,-2826.338351088016,-2885.2294703693333,-2873.6866821277417,34.91483594742448
22,0,2000,0.08937009175618489,0.0035482480612943346,0.008567571640014648,0.001084119035208844,kbest,22,rf,9,robust,"['car_age', 'mileage', 'tax', 'mpg']",3,"['car_age', 'mileage', 'engineSize']",z_score,30,"['car_age', 'mileage', 'tax', 'mpg', 'engineSize']","['car_age', 'mileage', 'tax', 'mpg']",0.3,0.3,"GradientBoostingRegressor(max_depth=5, max_features='sqrt', min_samples_leaf=4,
                          min_samples_split=10, random_state=42, subsample=0.8)",standard,19,simple,target,"{'selector__selection_method': 'kbest', 'selector__n_features_to_select': 22, 'selector__model_name': 'rf', 'selector__k': 9, 'scaler__scaler_name': 'robust', 'outlier_remover__z_columns': ['car_age', 'mileage', 'tax', 'mpg'], 'outlier_remover__threshold': 3, 'outlier_remover__sev_outliers_cols': ['car_age', 'mileage', 'engineSize'], 'outlier_remover__outlier_method': 'z_score', 'outlier_remover__n_neighbors': 30, 'outlier_remover__model_columns': ['car_age', 'mileage', 'tax', 'mpg', 'engineSize'], 'outlier_remover__mod_outliers_cols': ['car_age', 'mileage', 'tax', 'mpg'], 'outlier_remover__contamination_LOF': 0.3, 'outlier_remover__contamination_IF': 0.3, 'model': GradientBoostingRegressor(max_depth=5, max_features='sqrt', min_samples_leaf=4,
                          min_samples_split=10, random_state=42, subsample=0.8), 'imputer__knn_scaling_method': 'standard', 'imputer__knn_neighbors': 19, 'imputer__imputation_method': 'simple', 'encoder__method': 'target'}",-2146.408373216924,-2333.6943625877498,-1963.6641042936117,-2147.922280032762,151.06801326707546,108,-1477.8707976447977,-1474.3183592976245,-1258.7159651288398,-1403.635040690421,102.48352323103782
23,0,2000,0.44545992215474445,0.007860085522384352,0.0076906681060791016,0.0009215436225986947,rfe,15,rf,19,robust,"['car_age', 'mileage', 'tax', 'mpg']",3,"['car_age', 'mileage', 'engineSize']",IQR,30,"['car_age', 'mileage', 'tax', 'mpg']","['car_age', 'mileage', 'tax', 'mpg']",0.15,0.15,"GradientBoostingRegressor(max_depth=5, max_features='sqrt', min_samples_leaf=4,
                          min_samples_split=10, random_state=42, subsample=0.8)",robust,12,iterative,freq,"{'selector__selection_method': 'rfe', 'selector__n_features_to_select': 15, 'selector__model_name': 'rf', 'selector__k': 19, 'scaler__scaler_name': 'robust', 'outlier_remover__z_columns': ['car_age', 'mileage', 'tax', 'mpg'], 'outlier_remover__threshold': 3, 'outlier_remover__sev_outliers_cols': ['car_age', 'mileage', 'engineSize'], 'outlier_remover__outlier_method': 'IQR', 'outlier_remover__n_neighbors': 30, 'outlier_remover__model_columns': ['car_age', 'mileage', 'tax', 'mpg'], 'outlier_remover__mod_outliers_cols': ['car_age', 'mileage', 'tax', 'mpg'], 'outlier_remover__contamination_LOF': 0.15, 'outlier_remover__contamination_IF': 0.15, 'model': GradientBoostingRegressor(max_depth=5, max_features='sqrt', min_samples_leaf=4,
                          min_samples_split=10, random_state=42, subsample=0.8), 'imputer__knn_scaling_method': 'robust', 'imputer__knn_neighbors': 12, 'imputer__imputation_method': 'iterative', 'encoder__method': 'freq'}",-2211.3319742057583,-2412.5842210539786,-2203.0277855433333,-2275.6479936010232,96.88786535344488,180,-1637.5163537072297,-1611.2701590320291,-1368.080006051016,-1538.9555062634251,121.30139629139438
24,0,2000,0.5431391398111979,0.02302390417392922,0.0867757002512614,0.0026929929560272747,rfe,11,rf,13,standard,"['car_age', 'mileage', 'tax', 'mpg']",3,"['car_age', 'mileage', 'engineSize']",IQR,70,"['car_age', 'mileage', 'tax', 'mpg']","['tax', 'mpg']",0.3,0.5,"GradientBoostingRegressor(max_depth=5, max_features='sqrt', min_samples_leaf=4,
                          min_samples_split=10, random_state=42, subsample=0.8)",minmax,20,knn_modelwise,target,"{'selector__selection_method': 'rfe', 'selector__n_features_to_select': 11, 'selector__model_name': 'rf', 'selector__k': 13, 'scaler__scaler_name': 'standard', 'outlier_remover__z_columns': ['car_age', 'mileage', 'tax', 'mpg'], 'outlier_remover__threshold': 3, 'outlier_remover__sev_outliers_cols': ['car_age', 'mileage', 'engineSize'], 'outlier_remover__outlier_method': 'IQR', 'outlier_remover__n_neighbors': 70, 'outlier_remover__model_columns': ['car_age', 'mileage', 'tax', 'mpg'], 'outlier_remover__mod_outliers_cols': ['tax', 'mpg'], 'outlier_remover__contamination_LOF': 0.3, 'outlier_remover__contamination_IF': 0.5, 'model': GradientBoostingRegressor(max_depth=5, max_features='sqrt', min_samples_leaf=4,
                          min_samples_split=10, random_state=42, subsample=0.8), 'imputer__knn_scaling_method': 'minmax', 'imputer__knn_neighbors': 20, 'imputer__imputation_method': 'knn_modelwise', 'encoder__method': 'target'}",-2156.1890166046624,-2323.608023271278,-1994.6566189084203,-2158.151219594787,134.3010158524621,116,-1495.7200865061764,-1457.2153274291643,-1269.8959210612309,-1407.6104449988572,98.63948396533027
25,0,2000,1.6072524388631184,0.03232466985428606,0.011169989903767904,0.00023851586052602307,rfe,5,rf,12,minmax,"['car_age', 'mileage', 'tax', 'mpg']",3,"['car_age', 'mileage']",Isolation_Forest,90,"['car_age', 'mileage', 'tax', 'mpg', 'engineSize']","['tax', 'mpg']",0.05,0.05,"RandomForestRegressor(max_depth=12, max_features='sqrt', min_samples_leaf=4,
                      min_samples_split=10, random_state=42)",robust,17,iterative,freq,"{'selector__selection_method': 'rfe', 'selector__n_features_to_select': 5, 'selector__model_name': 'rf', 'selector__k': 12, 'scaler__scaler_name': 'minmax', 'outlier_remover__z_columns': ['car_age', 'mileage', 'tax', 'mpg'], 'outlier_remover__threshold': 3, 'outlier_remover__sev_outliers_cols': ['car_age', 'mileage'], 'outlier_remover__outlier_method': 'Isolation_Forest', 'outlier_remover__n_neighbors': 90, 'outlier_remover__model_columns': ['car_age', 'mileage', 'tax', 'mpg', 'engineSize'], 'outlier_remover__mod_outliers_cols': ['tax', 'mpg'], 'outlier_remover__contamination_LOF': 0.05, 'outlier_remover__contamination_IF': 0.05, 'model': RandomForestRegressor(max_depth=12, max_features='sqrt', min_samples_leaf=4,
                      min_samples_split=10, random_state=42), 'imputer__knn_scaling_method': 'robust', 'imputer__knn_neighbors': 17, 'imputer__imputation_method': 'iterative', 'encoder__method': 'freq'}",-2647.2724078012193,-3118.391026802009,-2817.2464472852166,-2860.9699606294816,194.80245978371255,317,-2376.328793779027,-2438.3887416848074,-2184.1930328399803,-2332.970189434605,108.20918330346129
26,0,2000,0.01951424280802409,0.00016575611500086368,0.0036847591400146484,1.765907686914559e-05,model,18,dt,8,robust,"['car_age', 'mileage', 'tax', 'mpg']",2,"['car_age', 'mileage']",z_score,90,"['car_age', 'mileage', 'tax', 'mpg', 'engineSize']","['car_age', 'mileage', 'tax', 'mpg']",0.5,0.5,"DecisionTreeRegressor(max_depth=10, max_features='sqrt', min_samples_leaf=4,
                      min_samples_split=10, random_state=42)",minmax,12,simple,freq,"{'selector__selection_method': 'model', 'selector__n_features_to_select': 18, 'selector__model_name': 'dt', 'selector__k': 8, 'scaler__scaler_name': 'robust', 'outlier_remover__z_columns': ['car_age', 'mileage', 'tax', 'mpg'], 'outlier_remover__threshold': 2, 'outlier_remover__sev_outliers_cols': ['car_age', 'mileage'], 'outlier_remover__outlier_method': 'z_score', 'outlier_remover__n_neighbors': 90, 'outlier_remover__model_columns': ['car_age', 'mileage', 'tax', 'mpg', 'engineSize'], 'outlier_remover__mod_outliers_cols': ['car_age', 'mileage', 'tax', 'mpg'], 'outlier_remover__contamination_LOF': 0.5, 'outlier_remover__contamination_IF': 0.5, 'model': DecisionTreeRegressor(max_depth=10, max_features='sqrt', min_samples_leaf=4,
                      min_samples_split=10, random_state=42), 'imputer__knn_scaling_method': 'minmax', 'imputer__knn_neighbors': 12, 'imputer__imputation_method': 'simple', 'encoder__method': 'freq'}",-3119.7975497800735,-3720.1101618569496,-3297.521577024208,-3379.1430962204104,251.7808072531377,373,-2559.0319318579063,-2796.3285250379486,-2477.089516984929,-2610.816657960261,135.37510716226205
27,0,2000,0.43604111671447754,0.0034768517056706257,0.011277993520100912,0.00013956284985859404,model,9,rf,24,minmax,"['car_age', 'mileage', 'tax', 'mpg']",2,"['car_age', 'mileage']",z_score,100,"['car_age', 'mileage', 'tax', 'mpg', 'engineSize']","['tax', 'mpg']",0.15,0.3,"RandomForestRegressor(max_depth=12, max_features='sqrt', min_samples_leaf=4,
                      min_samples_split=10, random_state=42)",robust,13,iterative,target,"{'selector__selection_method': 'model', 'selector__n_features_to_select': 9, 'selector__model_name': 'rf', 'selector__k': 24, 'scaler__scaler_name': 'minmax', 'outlier_remover__z_columns': ['car_age', 'mileage', 'tax', 'mpg'], 'outlier_remover__threshold': 2, 'outlier_remover__sev_outliers_cols': ['car_age', 'mileage'], 'outlier_remover__outlier_method': 'z_score', 'outlier_remover__n_neighbors': 100, 'outlier_remover__model_columns': ['car_age', 'mileage', 'tax', 'mpg', 'engineSize'], 'outlier_remover__mod_outliers_cols': ['tax', 'mpg'], 'outlier_remover__contamination_LOF': 0.15, 'outlier_remover__contamination_IF': 0.3, 'model': RandomForestRegressor(max_depth=12, max_features='sqrt', min_samples_leaf=4,
                      min_samples_split=10, random_state=42), 'imputer__knn_scaling_method': 'robust', 'imputer__knn_neighbors': 13, 'imputer__imputation_method': 'iterative', 'encoder__method': 'target'}",-2103.02967063593,-2566.4875753976294,-2136.42490225714,-2268.647382763567,211.04564377559083,174,-1769.7999016173237,-1730.3660230874164,-1617.3948141184217,-1705.8535796077206,64.58829918747388
28,0,2000,0.2793457508087158,0.002503934855019134,0.007019201914469401,0.00010255442147061726,model,21,rf,10,minmax,"['car_age', 'mileage', 'tax', 'mpg']",2,"['car_age', 'mileage', 'engineSize']",Isolation_Forest,90,"['car_age', 'mileage', 'tax', 'mpg', 'engineSize']","['tax', 'mpg']",0.05,0.5,"GradientBoostingRegressor(max_depth=5, max_features='sqrt', min_samples_leaf=4,
                          min_samples_split=10, random_state=42, subsample=0.8)",standard,20,iterative,freq,"{'selector__selection_method': 'model', 'selector__n_features_to_select': 21, 'selector__model_name': 'rf', 'selector__k': 10, 'scaler__scaler_name': 'minmax', 'outlier_remover__z_columns': ['car_age', 'mileage', 'tax', 'mpg'], 'outlier_remover__threshold': 2, 'outlier_remover__sev_outliers_cols': ['car_age', 'mileage', 'engineSize'], 'outlier_remover__outlier_method': 'Isolation_Forest', 'outlier_remover__n_neighbors': 90, 'outlier_remover__model_columns': ['car_age', 'mileage', 'tax', 'mpg', 'engineSize'], 'outlier_remover__mod_outliers_cols': ['tax', 'mpg'], 'outlier_remover__contamination_LOF': 0.05, 'outlier_remover__contamination_IF': 0.5, 'model': GradientBoostingRegressor(max_depth=5, max_features='sqrt', min_samples_leaf=4,
                          min_samples_split=10, random_state=42, subsample=0.8), 'imputer__knn_scaling_method': 'standard', 'imputer__knn_neighbors': 20, 'imputer__imputation_method': 'iterative', 'encoder__method': 'freq'}",-2668.7250218762865,-3237.7817501756217,-2921.4336924409313,-2942.6468214976135,232.80018275904544,324,-2580.873246780439,-2537.849264493564,-2647.9109805597514,-2588.8778306112513,45.28760211203419
29,0,2000,0.31671142578125,0.001783781505869499,0.02234816551208496,0.005765541256912185,model,13,et,21,robust,"['car_age', 'mileage', 'tax', 'mpg']",2,"['car_age', 'mileage']",Isolation_Forest,100,"['car_age', 'mileage', 'tax', 'mpg']","['car_age', 'mileage', 'tax', 'mpg']",0.15,0.15,"ExtraTreesRegressor(max_depth=12, max_features='sqrt', min_samples_leaf=4,
                    min_samples_split=10, n_jobs=-1, random_state=42)",standard,13,iterative,freq,"{'selector__selection_method': 'model', 'selector__n_features_to_select': 13, 'selector__model_name': 'et', 'selector__k': 21, 'scaler__scaler_name': 'robust', 'outlier_remover__z_columns': ['car_age', 'mileage', 'tax', 'mpg'], 'outlier_remover__threshold': 2, 'outlier_remover__sev_outliers_cols': ['car_age', 'mileage'], 'outlier_remover__outlier_method': 'Isolation_Forest', 'outlier_remover__n_neighbors': 100, 'outlier_remover__model_columns': ['car_age', 'mileage', 'tax', 'mpg'], 'outlier_remover__mod_outliers_cols': ['car_age', 'mileage', 'tax', 'mpg'], 'outlier_remover__contamination_LOF': 0.15, 'outlier_remover__contamination_IF': 0.15, 'model': ExtraTreesRegressor(max_depth=12, max_features='sqrt', min_samples_leaf=4,
                    min_samples_split=10, n_jobs=-1, random_state=42), 'imputer__knn_scaling_method': 'standard', 'imputer__knn_neighbors': 13, 'imputer__imputation_method': 'iterative', 'encoder__method': 'freq'}",-2781.3714244287316,-3307.733581308658,-2726.9058108436475,-2938.6702721936795,261.91273402537945,323,-2675.474035366679,-2820.6850627889708,-2630.2482884520505,-2708.8024622025664,81.23886295560403
30,0,2000,0.1890746752421061,0.008310379490769395,0.08518735567728679,0.004274531241989425,model,24,dt,23,standard,"['car_age', 'mileage', 'tax', 'mpg']",3,"['car_age', 'mileage', 'engineSize']",LOF,70,"['car_age', 'mileage', 'tax', 'mpg', 'engineSize']","['car_age', 'mileage', 'tax', 'mpg']",0.5,0.5,"DecisionTreeRegressor(max_depth=10, max_features='sqrt', min_samples_leaf=4,
                      min_samples_split=10, random_state=42)",minmax,11,knn_modelwise,target,"{'selector__selection_method': 'model', 'selector__n_features_to_select': 24, 'selector__model_name': 'dt', 'selector__k': 23, 'scaler__scaler_name': 'standard', 'outlier_remover__z_columns': ['car_age', 'mileage', 'tax', 'mpg'], 'outlier_remover__threshold': 3, 'outlier_remover__sev_outliers_cols': ['car_age', 'mileage', 'engineSize'], 'outlier_remover__outlier_method': 'LOF', 'outlier_remover__n_neighbors': 70, 'outlier_remover__model_columns': ['car_age', 'mileage', 'tax', 'mpg', 'engineSize'], 'outlier_remover__mod_outliers_cols': ['car_age', 'mileage', 'tax', 'mpg'], 'outlier_remover__contamination_LOF': 0.5, 'outlier_remover__contamination_IF': 0.5, 'model': DecisionTreeRegressor(max_depth=10, max_features='sqrt', min_samples_leaf=4,
                      min_samples_split=10, random_state=42), 'imputer__knn_scaling_method': 'minmax', 'imputer__knn_neighbors': 11, 'imputer__imputation_method': 'knn_modelwise', 'encoder__method': 'target'}",-3326.714430014721,-3993.983027802416,-3210.477313858872,-3510.3915905586696,345.2277271837255,384,-3084.2729203520958,-2797.127014041562,-2657.3882197969597,-2846.262718063539,177.70457684841915
31,0,2000,0.05006003379821777,0.004058093973476965,0.0057383378346761065,0.00027823556006160093,rfe,19,dt,9,minmax,"['car_age', 'mileage', 'tax', 'mpg']",3,"['car_age', 'mileage', 'engineSize']",IQR,30,"['car_age', 'mileage', 'tax', 'mpg', 'engineSize']","['tax', 'mpg']",0.5,0.3,"DecisionTreeRegressor(max_depth=10, max_features='sqrt', min_samples_leaf=4,
                      min_samples_split=10, random_state=42)",robust,11,iterative,target,"{'selector__selection_method': 'rfe', 'selector__n_features_to_select': 19, 'selector__model_name': 'dt', 'selector__k': 9, 'scaler__scaler_name': 'minmax', 'outlier_remover__z_columns': ['car_age', 'mileage', 'tax', 'mpg'], 'outlier_remover__threshold': 3, 'outlier_remover__sev_outliers_cols': ['car_age', 'mileage', 'engineSize'], 'outlier_remover__outlier_method': 'IQR', 'outlier_remover__n_neighbors': 30, 'outlier_remover__model_columns': ['car_age', 'mileage', 'tax', 'mpg', 'engineSize'], 'outlier_remover__mod_outliers_cols': ['tax', 'mpg'], 'outlier_remover__contamination_LOF': 0.5, 'outlier_remover__contamination_IF': 0.3, 'model': DecisionTreeRegressor(max_depth=10, max_features='sqrt', min_samples_leaf=4,
                      min_samples_split=10, random_state=42), 'imputer__knn_scaling_method': 'robust', 'imputer__knn_neighbors': 11, 'imputer__imputation_method': 'iterative', 'encoder__method': 'target'}",-2873.8177277095315,-3392.3536697064565,-3007.0905398924797,-3091.0873124361556,219.86582898664227,346,-2271.2726809378046,-2309.701948751886,-2014.6159929571231,-2198.5302075489376,130.98990012687918
32,0,2000,0.3704094886779785,0.005936357311591478,0.08882427215576172,0.004130561311439065,model,23,rf,24,standard,"['car_age', 'mileage', 'tax', 'mpg']",3,"['car_age', 'mileage', 'engineSize']",LOF,90,"['car_age', 'mileage', 'tax', 'mpg', 'engineSize']","['car_age', 'mileage', 'tax', 'mpg']",0.5,0.3,"GradientBoostingRegressor(max_depth=5, max_features='sqrt', min_samples_leaf=4,
                          min_samples_split=10, random_state=42, subsample=0.8)",standard,17,knn_modelwise,freq,"{'selector__selection_method': 'model', 'selector__n_features_to_select': 23, 'selector__model_name': 'rf', 'selector__k': 24, 'scaler__scaler_name': 'standard', 'outlier_remover__z_columns': ['car_age', 'mileage', 'tax', 'mpg'], 'outlier_remover__threshold': 3, 'outlier_remover__sev_outliers_cols': ['car_age', 'mileage', 'engineSize'], 'outlier_remover__outlier_method': 'LOF', 'outlier_remover__n_neighbors': 90, 'outlier_remover__model_columns': ['car_age', 'mileage', 'tax', 'mpg', 'engineSize'], 'outlier_remover__mod_outliers_cols': ['car_age', 'mileage', 'tax', 'mpg'], 'outlier_remover__contamination_LOF': 0.5, 'outlier_remover__contamination_IF': 0.3, 'model': GradientBoostingRegressor(max_depth=5, max_features='sqrt', min_samples_leaf=4,
                          min_samples_split=10, random_state=42, subsample=0.8), 'imputer__knn_scaling_method': 'standard', 'imputer__knn_neighbors': 17, 'imputer__imputation_method': 'knn_modelwise', 'encoder__method': 'freq'}",-2438.818814780562,-2715.4829099310077,-2382.984905562088,-2512.428876757886,145.37895685771863,256,-2068.9613331061387,-2184.002827541107,-1889.5289971613136,-2047.4977192695196,121.17267082922739
33,0,2000,0.4674798647562663,0.017404390515375668,0.01121195157368978,0.0001674740003216035,model,19,rf,9,robust,"['car_age', 'mileage', 'tax', 'mpg']",2,"['car_age', 'mileage']",IQR,90,"['car_age', 'mileage', 'tax', 'mpg', 'engineSize']","['tax', 'mpg']",0.5,0.3,"RandomForestRegressor(max_depth=12, max_features='sqrt', min_samples_leaf=4,
                      min_samples_split=10, random_state=42)",robust,17,iterative,freq,"{'selector__selection_method': 'model', 'selector__n_features_to_select': 19, 'selector__model_name': 'rf', 'selector__k': 9, 'scaler__scaler_name': 'robust', 'outlier_remover__z_columns': ['car_age', 'mileage', 'tax', 'mpg'], 'outlier_remover__threshold': 2, 'outlier_remover__sev_outliers_cols': ['car_age', 'mileage'], 'outlier_remover__outlier_method': 'IQR', 'outlier_remover__n_neighbors': 90, 'outlier_remover__model_columns': ['car_age', 'mileage', 'tax', 'mpg', 'engineSize'], 'outlier_remover__mod_outliers_cols': ['tax', 'mpg'], 'outlier_remover__contamination_LOF': 0.5, 'outlier_remover__contamination_IF': 0.3, 'model': RandomForestRegressor(max_depth=12, max_features='sqrt', min_samples_leaf=4,
                      min_samples_split=10, random_state=42), 'imputer__knn_scaling_method': 'robust', 'imputer__knn_neighbors': 17, 'imputer__imputation_method': 'iterative', 'encoder__method': 'freq'}",-2412.274375084496,-2750.897387477188,-2465.366487033068,-2542.8460831982507,148.70261597545434,266,-1976.7816580845474,-2043.9063396824015,-1925.429789630172,-1982.039262465707,48.51051453682454
34,0,2000,0.14001663525899252,0.015370720684303736,0.01222832997639974,0.001044304390983321,kbest,6,rf,23,robust,"['car_age', 'mileage', 'tax', 'mpg']",3,"['car_age', 'mileage']",LOF,30,"['car_age', 'mileage', 'tax', 'mpg', 'engineSize']","['tax', 'mpg']",0.3,0.3,"RandomForestRegressor(max_depth=12, max_features='sqrt', min_samples_leaf=4,
                      min_samples_split=10, random_state=42)",standard,12,iterative,freq,"{'selector__selection_method': 'kbest', 'selector__n_features_to_select': 6, 'selector__model_name': 'rf', 'selector__k': 23, 'scaler__scaler_name': 'robust', 'outlier_remover__z_columns': ['car_age', 'mileage', 'tax', 'mpg'], 'outlier_remover__threshold': 3, 'outlier_remover__sev_outliers_cols': ['car_age', 'mileage'], 'outlier_remover__outlier_method': 'LOF', 'outlier_remover__n_neighbors': 30, 'outlier_remover__model_columns': ['car_age', 'mileage', 'tax', 'mpg', 'engineSize'], 'outlier_remover__mod_outliers_cols': ['tax', 'mpg'], 'outlier_remover__contamination_LOF': 0.3, 'outlier_remover__contamination_IF': 0.3, 'model': RandomForestRegressor(max_depth=12, max_features='sqrt', min_samples_leaf=4,
                      min_samples_split=10, random_state=42), 'imputer__knn_scaling_method': 'standard', 'imputer__knn_neighbors': 12, 'imputer__imputation_method': 'iterative', 'encoder__method': 'freq'}",-2487.6688588558363,-2887.778376481511,-2486.5015243580187,-2620.649586565122,188.88917997793152,288,-2299.3064039968544,-2372.6459735065396,-2164.2950982688594,-2278.7491585907514,86.2920315250947
35,0,2000,0.0923606554667155,0.006884267687855304,0.029061237970987957,0.003351225492512574,kbest,6,et,20,robust,"['car_age', 'mileage', 'tax', 'mpg']",2,"['car_age', 'mileage', 'engineSize']",IQR,70,"['car_age', 'mileage', 'tax', 'mpg', 'engineSize']","['car_age', 'mileage', 'tax', 'mpg']",0.3,0.3,"ExtraTreesRegressor(max_depth=12, max_features='sqrt', min_samples_leaf=4,
                    min_samples_split=10, n_jobs=-1, random_state=42)",standard,14,simple,target,"{'selector__selection_method': 'kbest', 'selector__n_features_to_select': 6, 'selector__model_name': 'et', 'selector__k': 20, 'scaler__scaler_name': 'robust', 'outlier_remover__z_columns': ['car_age', 'mileage', 'tax', 'mpg'], 'outlier_remover__threshold': 2, 'outlier_remover__sev_outliers_cols': ['car_age', 'mileage', 'engineSize'], 'outlier_remover__outlier_method': 'IQR', 'outlier_remover__n_neighbors': 70, 'outlier_remover__model_columns': ['car_age', 'mileage', 'tax', 'mpg', 'engineSize'], 'outlier_remover__mod_outliers_cols': ['car_age', 'mileage', 'tax', 'mpg'], 'outlier_remover__contamination_LOF': 0.3, 'outlier_remover__contamination_IF': 0.3, 'model': ExtraTreesRegressor(max_depth=12, max_features='sqrt', min_samples_leaf=4,
                    min_samples_split=10, n_jobs=-1, random_state=42), 'imputer__knn_scaling_method': 'standard', 'imputer__knn_neighbors': 14, 'imputer__imputation_method': 'simple', 'encoder__method': 'target'}",-2346.6156844293473,-2790.572405306697,-2290.813867755133,-2476.000652497059,223.5993462055612,246,-2112.1438801810377,-2172.3562065571077,-2030.7056400533038,-2105.06857559715,58.04461329545423
36,0,2000,0.5896600087483724,0.0234102644512674,0.09096550941467285,0.003861179444542053,model,12,rf,6,robust,"['car_age', 'mileage', 'tax', 'mpg']",3,"['car_age', 'mileage', 'engineSize']",z_score,70,"['car_age', 'mileage', 'tax', 'mpg', 'engineSize']","['tax', 'mpg']",0.3,0.5,"RandomForestRegressor(max_depth=12, max_features='sqrt', min_samples_leaf=4,
                      min_samples_split=10, random_state=42)",standard,10,knn_modelwise,freq,"{'selector__selection_method': 'model', 'selector__n_features_to_select': 12, 'selector__model_name': 'rf', 'selector__k': 6, 'scaler__scaler_name': 'robust', 'outlier_remover__z_columns': ['car_age', 'mileage', 'tax', 'mpg'], 'outlier_remover__threshold': 3, 'outlier_remover__sev_outliers_cols': ['car_age', 'mileage', 'engineSize'], 'outlier_remover__outlier_method': 'z_score', 'outlier_remover__n_neighbors': 70, 'outlier_remover__model_columns': ['car_age', 'mileage', 'tax', 'mpg', 'engineSize'], 'outlier_remover__mod_outliers_cols': ['tax', 'mpg'], 'outlier_remover__contamination_LOF': 0.3, 'outlier_remover__contamination_IF': 0.5, 'model': RandomForestRegressor(max_depth=12, max_features='sqrt', min_samples_leaf=4,
                      min_samples_split=10, random_state=42), 'imputer__knn_scaling_method': 'standard', 'imputer__knn_neighbors': 10, 'imputer__imputation_method': 'knn_modelwise', 'encoder__method': 'freq'}",-2485.0525297398713,-2868.8213689464073,-2542.2376379639977,-2632.0371788834254,169.05146878685204,290,-2094.290590450485,-2161.914924378131,-2006.8809428988488,-2087.695485909155,63.46392889541229
37,0,2000,0.29569562276204425,0.013212627160147712,0.018979390462239582,0.0010847143396555692,model,6,et,22,standard,"['car_age', 'mileage', 'tax', 'mpg']",3,"['car_age', 'mileage']",z_score,100,"['car_age', 'mileage', 'tax', 'mpg']","['car_age', 'mileage', 'tax', 'mpg']",0.3,0.3,"ExtraTreesRegressor(max_depth=12, max_features='sqrt', min_samples_leaf=4,
                    min_samples_split=10, n_jobs=-1, random_state=42)",minmax,13,iterative,freq,"{'selector__selection_method': 'model', 'selector__n_features_to_select': 6, 'selector__model_name': 'et', 'selector__k': 22, 'scaler__scaler_name': 'standard', 'outlier_remover__z_columns': ['car_age', 'mileage', 'tax', 'mpg'], 'outlier_remover__threshold': 3, 'outlier_remover__sev_outliers_cols': ['car_age', 'mileage'], 'outlier_remover__outlier_method': 'z_score', 'outlier_remover__n_neighbors': 100, 'outlier_remover__model_columns': ['car_age', 'mileage', 'tax', 'mpg'], 'outlier_remover__mod_outliers_cols': ['car_age', 'mileage', 'tax', 'mpg'], 'outlier_remover__contamination_LOF': 0.3, 'outlier_remover__contamination_IF': 0.3, 'model': ExtraTreesRegressor(max_depth=12, max_features='sqrt', min_samples_leaf=4,
                    min_samples_split=10, n_jobs=-1, random_state=42), 'imputer__knn_scaling_method': 'minmax', 'imputer__knn_neighbors': 13, 'imputer__imputation_method': 'iterative', 'encoder__method': 'freq'}",-2663.87587297291,-3055.286526613892,-2549.201279751449,-2756.1212264460833,216.66021508496974,305,-2423.984176283388,-2552.152983558304,-2382.447541009318,-2452.8615669503365,72.2283973539748
38,0,2000,0.5165983041127523,0.006296300148943762,0.09607609113057454,0.007870062671032418,model,5,rf,17,minmax,"['car_age', 'mileage', 'tax', 'mpg']",3,"['car_age', 'mileage']",IQR,100,"['car_age', 'mileage', 'tax', 'mpg']","['car_age', 'mileage', 'tax', 'mpg']",0.05,0.05,"GradientBoostingRegressor(max_depth=5, max_features='sqrt', min_samples_leaf=4,
                          min_samples_split=10, random_state=42, subsample=0.8)",robust,12,knn_modelwise,freq,"{'selector__selection_method': 'model', 'selector__n_features_to_select': 5, 'selector__model_name': 'rf', 'selector__k': 17, 'scaler__scaler_name': 'minmax', 'outlier_remover__z_columns': ['car_age', 'mileage', 'tax', 'mpg'], 'outlier_remover__threshold': 3, 'outlier_remover__sev_outliers_cols': ['car_age', 'mileage'], 'outlier_remover__outlier_method': 'IQR', 'outlier_remover__n_neighbors': 100, 'outlier_remover__model_columns': ['car_age', 'mileage', 'tax', 'mpg'], 'outlier_remover__mod_outliers_cols': ['car_age', 'mileage', 'tax', 'mpg'], 'outlier_remover__contamination_LOF': 0.05, 'outlier_remover__contamination_IF': 0.05, 'model': GradientBoostingRegressor(max_depth=5, max_features='sqrt', min_samples_leaf=4,
                          min_samples_split=10, random_state=42, subsample=0.8), 'imputer__knn_scaling_method': 'robust', 'imputer__knn_neighbors': 12, 'imputer__imputation_method': 'knn_modelwise', 'encoder__method': 'freq'}",-2194.573348353859,-2461.690126020742,-2215.9656214322495,-2290.7430319356167,121.19292902634373,192,-1671.2655187844182,-1605.8452719741222,-1381.0354325881892,-1552.7154077822431,124.29926946729078
39,0,2000,0.2856627305348714,0.010767074683143486,0.028341372807820637,0.009815801102113412,model,13,et,16,robust,"['car_age', 'mileage', 'tax', 'mpg']",3,"['car_age', 'mileage', 'engineSize']",LOF,70,"['car_age', 'mileage', 'tax', 'mpg', 'engineSize']","['car_age', 'mileage', 'tax', 'mpg']",0.15,0.3,"ExtraTreesRegressor(max_depth=12, max_features='sqrt', min_samples_leaf=4,
                    min_samples_split=10, n_jobs=-1, random_state=42)",standard,16,iterative,freq,"{'selector__selection_method': 'model', 'selector__n_features_to_select': 13, 'selector__model_name': 'et', 'selector__k': 16, 'scaler__scaler_name': 'robust', 'outlier_remover__z_columns': ['car_age', 'mileage', 'tax', 'mpg'], 'outlier_remover__threshold': 3, 'outlier_remover__sev_outliers_cols': ['car_age', 'mileage', 'engineSize'], 'outlier_remover__outlier_method': 'LOF', 'outlier_remover__n_neighbors': 70, 'outlier_remover__model_columns': ['car_age', 'mileage', 'tax', 'mpg', 'engineSize'], 'outlier_remover__mod_outliers_cols': ['car_age', 'mileage', 'tax', 'mpg'], 'outlier_remover__contamination_LOF': 0.15, 'outlier_remover__contamination_IF': 0.3, 'model': ExtraTreesRegressor(max_depth=12, max_features='sqrt', min_samples_leaf=4,
                    min_samples_split=10, n_jobs=-1, random_state=42), 'imputer__knn_scaling_method': 'standard', 'imputer__knn_neighbors': 16, 'imputer__imputation_method': 'iterative', 'encoder__method': 'freq'}",-2817.2589400671172,-3360.0047479512255,-2766.978532993169,-2981.4140736705035,268.48985557885175,330,-2672.6809243659714,-2834.7146710651127,-2663.146569364346,-2723.51405493181,78.72699135893131
40,0,2000,0.08365368843078613,0.005404939018361099,0.03132319450378418,0.004504304608676001,kbest,12,et,17,minmax,"['car_age', 'mileage', 'tax', 'mpg']",2,"['car_age', 'mileage']",IQR,30,"['car_age', 'mileage', 'tax', 'mpg']","['tax', 'mpg']",0.5,0.5,"ExtraTreesRegressor(max_depth=12, max_features='sqrt', min_samples_leaf=4,
                    min_samples_split=10, n_jobs=-1, random_state=42)",standard,10,simple,freq,"{'selector__selection_method': 'kbest', 'selector__n_features_to_select': 12, 'selector__model_name': 'et', 'selector__k': 17, 'scaler__scaler_name': 'minmax', 'outlier_remover__z_columns': ['car_age', 'mileage', 'tax', 'mpg'], 'outlier_remover__threshold': 2, 'outlier_remover__sev_outliers_cols': ['car_age', 'mileage'], 'outlier_remover__outlier_method': 'IQR', 'outlier_remover__n_neighbors': 30, 'outlier_remover__model_columns': ['car_age', 'mileage', 'tax', 'mpg'], 'outlier_remover__mod_outliers_cols': ['tax', 'mpg'], 'outlier_remover__contamination_LOF': 0.5, 'outlier_remover__contamination_IF': 0.5, 'model': ExtraTreesRegressor(max_depth=12, max_features='sqrt', min_samples_leaf=4,
                    min_samples_split=10, n_jobs=-1, random_state=42), 'imputer__knn_scaling_method': 'standard', 'imputer__knn_neighbors': 10, 'imputer__imputation_method': 'simple', 'encoder__method': 'freq'}",-2693.0193482432087,-3084.999600589199,-2584.337613087667,-2787.4521873066915,215.02523456940014,312,-2462.02394601513,-2563.0969461339014,-2447.2563285130864,-2490.7924068873726,51.481261499768245
41,0,2000,0.4356113274892171,0.0055187156007400935,0.0988479455312093,0.00756691779404153,rfe,16,rf,5,minmax,"['car_age', 'mileage', 'tax', 'mpg']",3,"['car_age', 'mileage']",Isolation_Forest,50,"['car_age', 'mileage', 'tax', 'mpg', 'engineSize']","['tax', 'mpg']",0.05,0.5,"RandomForestRegressor(max_depth=12, max_features='sqrt', min_samples_leaf=4,
                      min_samples_split=10, random_state=42)",standard,11,knn_modelwise,target,"{'selector__selection_method': 'rfe', 'selector__n_features_to_select': 16, 'selector__model_name': 'rf', 'selector__k': 5, 'scaler__scaler_name': 'minmax', 'outlier_remover__z_columns': ['car_age', 'mileage', 'tax', 'mpg'], 'outlier_remover__threshold': 3, 'outlier_remover__sev_outliers_cols': ['car_age', 'mileage'], 'outlier_remover__outlier_method': 'Isolation_Forest', 'outlier_remover__n_neighbors': 50, 'outlier_remover__model_columns': ['car_age', 'mileage', 'tax', 'mpg', 'engineSize'], 'outlier_remover__mod_outliers_cols': ['tax', 'mpg'], 'outlier_remover__contamination_LOF': 0.05, 'outlier_remover__contamination_IF': 0.5, 'model': RandomForestRegressor(max_depth=12, max_features='sqrt', min_samples_leaf=4,
                      min_samples_split=10, random_state=42), 'imputer__knn_scaling_method': 'standard', 'imputer__knn_neighbors': 11, 'imputer__imputation_method': 'knn_modelwise', 'encoder__method': 'target'}",-3024.0386077874655,-4128.090002043664,-3374.9804677548887,-3509.036359195339,460.58702168152354,383,-3276.958641625717,-3437.5713606184686,-3255.116945342374,-3323.2156491955197,81.35185503076534
42,0,2000,0.1153866449991862,0.003986132482324555,0.02676550547281901,0.0015503426591870239,kbest,5,et,6,standard,"['car_age', 'mileage', 'tax', 'mpg']",2,"['car_age', 'mileage', 'engineSize']",LOF,30,"['car_age', 'mileage', 'tax', 'mpg']","['car_age', 'mileage', 'tax', 'mpg']",0.15,0.5,"ExtraTreesRegressor(max_depth=12, max_features='sqrt', min_samples_leaf=4,
                    min_samples_split=10, n_jobs=-1, random_state=42)",minmax,18,iterative,target,"{'selector__selection_method': 'kbest', 'selector__n_features_to_select': 5, 'selector__model_name': 'et', 'selector__k': 6, 'scaler__scaler_name': 'standard', 'outlier_remover__z_columns': ['car_age', 'mileage', 'tax', 'mpg'], 'outlier_remover__threshold': 2, 'outlier_remover__sev_outliers_cols': ['car_age', 'mileage', 'engineSize'], 'outlier_remover__outlier_method': 'LOF', 'outlier_remover__n_neighbors': 30, 'outlier_remover__model_columns': ['car_age', 'mileage', 'tax', 'mpg'], 'outlier_remover__mod_outliers_cols': ['car_age', 'mileage', 'tax', 'mpg'], 'outlier_remover__contamination_LOF': 0.15, 'outlier_remover__contamination_IF': 0.5, 'model': ExtraTreesRegressor(max_depth=12, max_features='sqrt', min_samples_leaf=4,
                    min_samples_split=10, n_jobs=-1, random_state=42), 'imputer__knn_scaling_method': 'minmax', 'imputer__knn_neighbors': 18, 'imputer__imputation_method': 'iterative', 'encoder__method': 'target'}",-2794.2767330541183,-3304.916504007803,-2672.578342890528,-2923.9238599841497,273.9454576397802,320,-2812.4865555301585,-2866.182466633379,-2499.0112444885035,-2725.893422217347,161.92066914704074
43,0,2000,0.9612054030100504,0.015283584245530637,0.0871419111887614,0.003457901911045783,rfe,6,rf,14,standard,"['car_age', 'mileage', 'tax', 'mpg']",3,"['car_age', 'mileage', 'engineSize']",Isolation_Forest,50,"['car_age', 'mileage', 'tax', 'mpg', 'engineSize']","['tax', 'mpg']",0.05,0.5,"GradientBoostingRegressor(max_depth=5, max_features='sqrt', min_samples_leaf=4,
                          min_samples_split=10, random_state=42, subsample=0.8)",standard,19,knn_modelwise,target,"{'selector__selection_method': 'rfe', 'selector__n_features_to_select': 6, 'selector__model_name': 'rf', 'selector__k': 14, 'scaler__scaler_name': 'standard', 'outlier_remover__z_columns': ['car_age', 'mileage', 'tax', 'mpg'], 'outlier_remover__threshold': 3, 'outlier_remover__sev_outliers_cols': ['car_age', 'mileage', 'engineSize'], 'outlier_remover__outlier_method': 'Isolation_Forest', 'outlier_remover__n_neighbors': 50, 'outlier_remover__model_columns': ['car_age', 'mileage', 'tax', 'mpg', 'engineSize'], 'outlier_remover__mod_outliers_cols': ['tax', 'mpg'], 'outlier_remover__contamination_LOF': 0.05, 'outlier_remover__contamination_IF': 0.5, 'model': GradientBoostingRegressor(max_depth=5, max_features='sqrt', min_samples_leaf=4,
                          min_samples_split=10, random_state=42, subsample=0.8), 'imputer__knn_scaling_method': 'standard', 'imputer__knn_neighbors': 19, 'imputer__imputation_method': 'knn_modelwise', 'encoder__method': 'target'}",-2789.5719063224933,-3362.3715880090795,-2972.1369535186295,-3041.360149283401,238.91247624598077,338,-2763.7226464976566,-2640.5055123489715,-2653.936788952104,-2686.054982599577,55.192386608639005
44,0,2000,0.10992495218912761,0.006775913881257198,0.03320455551147461,0.005984622188986738,kbest,22,et,7,robust,"['car_age', 'mileage', 'tax', 'mpg']",2,"['car_age', 'mileage', 'engineSize']",IQR,50,"['car_age', 'mileage', 'tax', 'mpg']","['car_age', 'mileage', 'tax', 'mpg']",0.15,0.15,"ExtraTreesRegressor(max_depth=12, max_features='sqrt', min_samples_leaf=4,
                    min_samples_split=10, n_jobs=-1, random_state=42)",standard,18,iterative,freq,"{'selector__selection_method': 'kbest', 'selector__n_features_to_select': 22, 'selector__model_name': 'et', 'selector__k': 7, 'scaler__scaler_name': 'robust', 'outlier_remover__z_columns': ['car_age', 'mileage', 'tax', 'mpg'], 'outlier_remover__threshold': 2, 'outlier_remover__sev_outliers_cols': ['car_age', 'mileage', 'engineSize'], 'outlier_remover__outlier_method': 'IQR', 'outlier_remover__n_neighbors': 50, 'outlier_remover__model_columns': ['car_age', 'mileage', 'tax', 'mpg'], 'outlier_remover__mod_outliers_cols': ['car_age', 'mileage', 'tax', 'mpg'], 'outlier_remover__contamination_LOF': 0.15, 'outlier_remover__contamination_IF': 0.15, 'model': ExtraTreesRegressor(max_depth=12, max_features='sqrt', min_samples_leaf=4,
                    min_samples_split=10, n_jobs=-1, random_state=42), 'imputer__knn_scaling_method': 'standard', 'imputer__knn_neighbors': 18, 'imputer__imputation_method': 'iterative', 'encoder__method': 'freq'}",-2986.1882668412222,-3455.9646272295568,-2896.7248915913624,-3112.9592618873808,245.27594578068485,354,-2887.2914148112413,-3080.8055943749823,-2908.0836220076712,-2958.7268770646315,86.7390296046334
45,0,2000,0.2986593246459961,0.009010511299812481,0.01981488863627116,0.00011724189015499541,model,17,et,8,robust,"['car_age', 'mileage', 'tax', 'mpg']",3,"['car_age', 'mileage']",z_score,100,"['car_age', 'mileage', 'tax', 'mpg', 'engineSize']","['car_age', 'mileage', 'tax', 'mpg']",0.15,0.3,"ExtraTreesRegressor(max_depth=12, max_features='sqrt', min_samples_leaf=4,
                    min_samples_split=10, n_jobs=-1, random_state=42)",robust,13,iterative,freq,"{'selector__selection_method': 'model', 'selector__n_features_to_select': 17, 'selector__model_name': 'et', 'selector__k': 8, 'scaler__scaler_name': 'robust', 'outlier_remover__z_columns': ['car_age', 'mileage', 'tax', 'mpg'], 'outlier_remover__threshold': 3, 'outlier_remover__sev_outliers_cols': ['car_age', 'mileage'], 'outlier_remover__outlier_method': 'z_score', 'outlier_remover__n_neighbors': 100, 'outlier_remover__model_columns': ['car_age', 'mileage', 'tax', 'mpg', 'engineSize'], 'outlier_remover__mod_outliers_cols': ['car_age', 'mileage', 'tax', 'mpg'], 'outlier_remover__contamination_LOF': 0.15, 'outlier_remover__contamination_IF': 0.3, 'model': ExtraTreesRegressor(max_depth=12, max_features='sqrt', min_samples_leaf=4,
                    min_samples_split=10, n_jobs=-1, random_state=42), 'imputer__knn_scaling_method': 'robust', 'imputer__knn_neighbors': 13, 'imputer__imputation_method': 'iterative', 'encoder__method': 'freq'}",-2885.2675226345596,-3378.8659637498436,-2866.2968469531606,-3043.476777779188,237.28239319918154,339,-2863.399796615473,-3011.6853004840154,-2932.1657819374277,-2935.750293012306,60.59034138717338
46,0,2000,0.43421435356140137,0.0048304861200801266,0.011353731155395508,8.416434744219803e-05,rfe,12,rf,18,minmax,"['car_age', 'mileage', 'tax', 'mpg']",3,"['car_age', 'mileage', 'engineSize']",Isolation_Forest,70,"['car_age', 'mileage', 'tax', 'mpg']","['car_age', 'mileage', 'tax', 'mpg']",0.5,0.15,"RandomForestRegressor(max_depth=12, max_features='sqrt', min_samples_leaf=4,
                      min_samples_split=10, random_state=42)",standard,7,iterative,target,"{'selector__selection_method': 'rfe', 'selector__n_features_to_select': 12, 'selector__model_name': 'rf', 'selector__k': 18, 'scaler__scaler_name': 'minmax', 'outlier_remover__z_columns': ['car_age', 'mileage', 'tax', 'mpg'], 'outlier_remover__threshold': 3, 'outlier_remover__sev_outliers_cols': ['car_age', 'mileage', 'engineSize'], 'outlier_remover__outlier_method': 'Isolation_Forest', 'outlier_remover__n_neighbors': 70, 'outlier_remover__model_columns': ['car_age', 'mileage', 'tax', 'mpg'], 'outlier_remover__mod_outliers_cols': ['car_age', 'mileage', 'tax', 'mpg'], 'outlier_remover__contamination_LOF': 0.5, 'outlier_remover__contamination_IF': 0.15, 'model': RandomForestRegressor(max_depth=12, max_features='sqrt', min_samples_leaf=4,
                      min_samples_split=10, random_state=42), 'imputer__knn_scaling_method': 'standard', 'imputer__knn_neighbors': 7, 'imputer__imputation_method': 'iterative', 'encoder__method': 'target'}",-2264.3392999574044,-2859.5047073332507,-2368.4540552545245,-2497.43268751506,259.5278806076695,251,-2105.7215538654564,-2146.194546724833,-2029.6549588818507,-2093.857019824047,48.31110472529664
47,0,2000,0.42450110117594403,0.010463929955901752,0.012607415517171225,0.0032174137489313307,model,16,rf,10,standard,"['car_age', 'mileage', 'tax', 'mpg']",3,"['car_age', 'mileage']",IQR,100,"['car_age', 'mileage', 'tax', 'mpg']","['tax', 'mpg']",0.5,0.5,"RandomForestRegressor(max_depth=12, max_features='sqrt', min_samples_leaf=4,
                      min_samples_split=10, random_state=42)",minmax,7,simple,target,"{'selector__selection_method': 'model', 'selector__n_features_to_select': 16, 'selector__model_name': 'rf', 'selector__k': 10, 'scaler__scaler_name': 'standard', 'outlier_remover__z_columns': ['car_age', 'mileage', 'tax', 'mpg'], 'outlier_remover__threshold': 3, 'outlier_remover__sev_outliers_cols': ['car_age', 'mileage'], 'outlier_remover__outlier_method': 'IQR', 'outlier_remover__n_neighbors': 100, 'outlier_remover__model_columns': ['car_age', 'mileage', 'tax', 'mpg'], 'outlier_remover__mod_outliers_cols': ['tax', 'mpg'], 'outlier_remover__contamination_LOF': 0.5, 'outlier_remover__contamination_IF': 0.5, 'model': RandomForestRegressor(max_depth=12, max_features='sqrt', min_samples_leaf=4,
                      min_samples_split=10, random_state=42), 'imputer__knn_scaling_method': 'minmax', 'imputer__knn_neighbors': 7, 'imputer__imputation_method': 'simple', 'encoder__method': 'target'}",-2129.698481629297,-2543.6371198167412,-2084.345713930561,-2252.5604384588664,206.6534042097528,159,-1791.5716679044706,-1779.516458008661,-1666.35730880184,-1745.8151449049903,56.40031211529688
48,0,2000,0.06848263740539551,0.002607301941834106,0.007092078526814778,0.0023976494386597986,kbest,19,rf,8,standard,"['car_age', 'mileage', 'tax', 'mpg']",3,"['car_age', 'mileage', 'engineSize']",z_score,100,"['car_age', 'mileage', 'tax', 'mpg']","['car_age', 'mileage', 'tax', 'mpg']",0.3,0.3,"GradientBoostingRegressor(max_depth=5, max_features='sqrt', min_samples_leaf=4,
                          min_samples_split=10, random_state=42, subsample=0.8)",robust,12,simple,freq,"{'selector__selection_method': 'kbest', 'selector__n_features_to_select': 19, 'selector__model_name': 'rf', 'selector__k': 8, 'scaler__scaler_name': 'standard', 'outlier_remover__z_columns': ['car_age', 'mileage', 'tax', 'mpg'], 'outlier_remover__threshold': 3, 'outlier_remover__sev_outliers_cols': ['car_age', 'mileage', 'engineSize'], 'outlier_remover__outlier_method': 'z_score', 'outlier_remover__n_neighbors': 100, 'outlier_remover__model_columns': ['car_age', 'mileage', 'tax', 'mpg'], 'outlier_remover__mod_outliers_cols': ['car_age', 'mileage', 'tax', 'mpg'], 'outlier_remover__contamination_LOF': 0.3, 'outlier_remover__contamination_IF': 0.3, 'model': GradientBoostingRegressor(max_depth=5, max_features='sqrt', min_samples_leaf=4,
                          min_samples_split=10, random_state=42, subsample=0.8), 'imputer__knn_scaling_method': 'robust', 'imputer__knn_neighbors': 12, 'imputer__imputation_method': 'simple', 'encoder__method': 'freq'}",-2384.121317134544,-2562.766838036868,-2257.007748804044,-2401.2986346584853,125.41517808226749,216,-1810.3367659464968,-1832.8224594857836,-1599.996974045534,-1747.7187331592716,104.85765014287543
49,0,2000,0.12099742889404297,0.005437944393281717,0.00856781005859375,0.0022452521882878004,kbest,8,rf,20,minmax,"['car_age', 'mileage', 'tax', 'mpg']",3,"['car_age', 'mileage', 'engineSize']",IQR,50,"['car_age', 'mileage', 'tax', 'mpg']","['tax', 'mpg']",0.5,0.15,"GradientBoostingRegressor(max_depth=5, max_features='sqrt', min_samples_leaf=4,
                          min_samples_split=10, random_state=42, subsample=0.8)",robust,20,iterative,freq,"{'selector__selection_method': 'kbest', 'selector__n_features_to_select': 8, 'selector__model_name': 'rf', 'selector__k': 20, 'scaler__scaler_name': 'minmax', 'outlier_remover__z_columns': ['car_age', 'mileage', 'tax', 'mpg'], 'outlier_remover__threshold': 3, 'outlier_remover__sev_outliers_cols': ['car_age', 'mileage', 'engineSize'], 'outlier_remover__outlier_method': 'IQR', 'outlier_remover__n_neighbors': 50, 'outlier_remover__model_columns': ['car_age', 'mileage', 'tax', 'mpg'], 'outlier_remover__mod_outliers_cols': ['tax', 'mpg'], 'outlier_remover__contamination_LOF': 0.5, 'outlier_remover__contamination_IF': 0.15, 'model': GradientBoostingRegressor(max_depth=5, max_features='sqrt', min_samples_leaf=4,
                          min_samples_split=10, random_state=42, subsample=0.8), 'imputer__knn_scaling_method': 'robust', 'imputer__knn_neighbors': 20, 'imputer__imputation_method': 'iterative', 'encoder__method': 'freq'}",-2220.3571292806337,-2418.9429563730882,-2195.637120019523,-2278.3124018910817,99.95160280490691,182,-1648.910969226072,-1593.8345759220774,-1366.6989735367142,-1536.4815062282878,122.14181260654364
50,0,2000,0.34534430503845215,0.011844031595748346,0.010425567626953125,0.00013747651634299186,model,15,rf,10,minmax,"['car_age', 'mileage', 'tax', 'mpg']",2,"['car_age', 'mileage', 'engineSize']",Isolation_Forest,70,"['car_age', 'mileage', 'tax', 'mpg', 'engineSize']","['car_age', 'mileage', 'tax', 'mpg']",0.3,0.5,"RandomForestRegressor(max_depth=12, max_features='sqrt', min_samples_leaf=4,
                      min_samples_split=10, random_state=42)",standard,5,iterative,freq,"{'selector__selection_method': 'model', 'selector__n_features_to_select': 15, 'selector__model_name': 'rf', 'selector__k': 10, 'scaler__scaler_name': 'minmax', 'outlier_remover__z_columns': ['car_age', 'mileage', 'tax', 'mpg'], 'outlier_remover__threshold': 2, 'outlier_remover__sev_outliers_cols': ['car_age', 'mileage', 'engineSize'], 'outlier_remover__outlier_method': 'Isolation_Forest', 'outlier_remover__n_neighbors': 70, 'outlier_remover__model_columns': ['car_age', 'mileage', 'tax', 'mpg', 'engineSize'], 'outlier_remover__mod_outliers_cols': ['car_age', 'mileage', 'tax', 'mpg'], 'outlier_remover__contamination_LOF': 0.3, 'outlier_remover__contamination_IF': 0.5, 'model': RandomForestRegressor(max_depth=12, max_features='sqrt', min_samples_leaf=4,
                      min_samples_split=10, random_state=42), 'imputer__knn_scaling_method': 'standard', 'imputer__knn_neighbors': 5, 'imputer__imputation_method': 'iterative', 'encoder__method': 'freq'}",-3115.2637503266283,-3918.243824791327,-3363.962937403214,-3465.823504173723,335.63465384645076,380,-3372.8035508492376,-3353.2048809608486,-3233.8958484579034,-3319.9680934226635,61.38594019428078
51,0,2000,0.35048755009969074,0.005386733730531804,0.0305020014444987,0.00968882696449422,model,21,et,18,standard,"['car_age', 'mileage', 'tax', 'mpg']",2,"['car_age', 'mileage']",Isolation_Forest,30,"['car_age', 'mileage', 'tax', 'mpg']","['tax', 'mpg']",0.5,0.15,"ExtraTreesRegressor(max_depth=12, max_features='sqrt', min_samples_leaf=4,
                    min_samples_split=10, n_jobs=-1, random_state=42)",standard,13,iterative,target,"{'selector__selection_method': 'model', 'selector__n_features_to_select': 21, 'selector__model_name': 'et', 'selector__k': 18, 'scaler__scaler_name': 'standard', 'outlier_remover__z_columns': ['car_age', 'mileage', 'tax', 'mpg'], 'outlier_remover__threshold': 2, 'outlier_remover__sev_outliers_cols': ['car_age', 'mileage'], 'outlier_remover__outlier_method': 'Isolation_Forest', 'outlier_remover__n_neighbors': 30, 'outlier_remover__model_columns': ['car_age', 'mileage', 'tax', 'mpg'], 'outlier_remover__mod_outliers_cols': ['tax', 'mpg'], 'outlier_remover__contamination_LOF': 0.5, 'outlier_remover__contamination_IF': 0.15, 'model': ExtraTreesRegressor(max_depth=12, max_features='sqrt', min_samples_leaf=4,
                    min_samples_split=10, n_jobs=-1, random_state=42), 'imputer__knn_scaling_method': 'standard', 'imputer__knn_neighbors': 13, 'imputer__imputation_method': 'iterative', 'encoder__method': 'target'}",-2537.9592306366967,-3071.364531439678,-2554.135829914427,-2721.1531973302676,247.72485340940673,298,-2446.0187200386986,-2514.2640753680844,-2341.5733618108898,-2433.952052405891,71.0151344810562
52,0,2000,0.2862420082092285,0.022728758078014905,0.12224205334981282,0.035493654698933425,kbest,19,rf,20,robust,"['car_age', 'mileage', 'tax', 'mpg']",2,"['car_age', 'mileage', 'engineSize']",z_score,70,"['car_age', 'mileage', 'tax', 'mpg', 'engineSize']","['car_age', 'mileage', 'tax', 'mpg']",0.05,0.15,"RandomForestRegressor(max_depth=12, max_features='sqrt', min_samples_leaf=4,
                      min_samples_split=10, random_state=42)",standard,9,knn_modelwise,target,"{'selector__selection_method': 'kbest', 'selector__n_features_to_select': 19, 'selector__model_name': 'rf', 'selector__k': 20, 'scaler__scaler_name': 'robust', 'outlier_remover__z_columns': ['car_age', 'mileage', 'tax', 'mpg'], 'outlier_remover__threshold': 2, 'outlier_remover__sev_outliers_cols': ['car_age', 'mileage', 'engineSize'], 'outlier_remover__outlier_method': 'z_score', 'outlier_remover__n_neighbors': 70, 'outlier_remover__model_columns': ['car_age', 'mileage', 'tax', 'mpg', 'engineSize'], 'outlier_remover__mod_outliers_cols': ['car_age', 'mileage', 'tax', 'mpg'], 'outlier_remover__contamination_LOF': 0.05, 'outlier_remover__contamination_IF': 0.15, 'model': RandomForestRegressor(max_depth=12, max_features='sqrt', min_samples_leaf=4,
                      min_samples_split=10, random_state=42), 'imputer__knn_scaling_method': 'standard', 'imputer__knn_neighbors': 9, 'imputer__imputation_method': 'knn_modelwise', 'encoder__method': 'target'}",-2111.521067671134,-2565.8295332197167,-2103.111161804736,-2260.153920898529,216.17256471797435,169,-1804.1950865907945,-1729.351318134245,-1616.3300414220475,-1716.6254820490292,77.22166784486797
53,0,2000,0.13212903340657553,0.012717148890063345,0.007934014002482096,0.0035964535587715454,kbest,23,dt,17,standard,"['car_age', 'mileage', 'tax', 'mpg']",3,"['car_age', 'mileage', 'engineSize']",Isolation_Forest,30,"['car_age', 'mileage', 'tax', 'mpg', 'engineSize']","['tax', 'mpg']",0.05,0.15,"DecisionTreeRegressor(max_depth=10, max_features='sqrt', min_samples_leaf=4,
                      min_samples_split=10, random_state=42)",robust,15,iterative,freq,"{'selector__selection_method': 'kbest', 'selector__n_features_to_select': 23, 'selector__model_name': 'dt', 'selector__k': 17, 'scaler__scaler_name': 'standard', 'outlier_remover__z_columns': ['car_age', 'mileage', 'tax', 'mpg'], 'outlier_remover__threshold': 3, 'outlier_remover__sev_outliers_cols': ['car_age', 'mileage', 'engineSize'], 'outlier_remover__outlier_method': 'Isolation_Forest', 'outlier_remover__n_neighbors': 30, 'outlier_remover__model_columns': ['car_age', 'mileage', 'tax', 'mpg', 'engineSize'], 'outlier_remover__mod_outliers_cols': ['tax', 'mpg'], 'outlier_remover__contamination_LOF': 0.05, 'outlier_remover__contamination_IF': 0.15, 'model': DecisionTreeRegressor(max_depth=10, max_features='sqrt', min_samples_leaf=4,
                      min_samples_split=10, random_state=42), 'imputer__knn_scaling_method': 'robust', 'imputer__knn_neighbors': 15, 'imputer__imputation_method': 'iterative', 'encoder__method': 'freq'}",-3283.141065167024,-3601.5074994287556,-3289.835144543582,-3391.4945697131207,148.52671064039436,374,-2863.1728571730164,-2696.0724118618814,-2439.1421403661557,-2666.129136467018,174.39985092685623
54,0,2000,0.2357943852742513,0.01693235467106217,0.01629034678141276,0.00378169562739218,kbest,21,rf,19,standard,"['car_age', 'mileage', 'tax', 'mpg']",2,"['car_age', 'mileage', 'engineSize']",Isolation_Forest,30,"['car_age', 'mileage', 'tax', 'mpg']","['car_age', 'mileage', 'tax', 'mpg']",0.5,0.15,"RandomForestRegressor(max_depth=12, max_features='sqrt', min_samples_leaf=4,
                      min_samples_split=10, random_state=42)",standard,10,iterative,target,"{'selector__selection_method': 'kbest', 'selector__n_features_to_select': 21, 'selector__model_name': 'rf', 'selector__k': 19, 'scaler__scaler_name': 'standard', 'outlier_remover__z_columns': ['car_age', 'mileage', 'tax', 'mpg'], 'outlier_remover__threshold': 2, 'outlier_remover__sev_outliers_cols': ['car_age', 'mileage', 'engineSize'], 'outlier_remover__outlier_method': 'Isolation_Forest', 'outlier_remover__n_neighbors': 30, 'outlier_remover__model_columns': ['car_age', 'mileage', 'tax', 'mpg'], 'outlier_remover__mod_outliers_cols': ['car_age', 'mileage', 'tax', 'mpg'], 'outlier_remover__contamination_LOF': 0.5, 'outlier_remover__contamination_IF': 0.15, 'model': RandomForestRegressor(max_depth=12, max_features='sqrt', min_samples_leaf=4,
                      min_samples_split=10, random_state=42), 'imputer__knn_scaling_method': 'standard', 'imputer__knn_neighbors': 10, 'imputer__imputation_method': 'iterative', 'encoder__method': 'target'}",-2264.5161231428497,-2858.426382162633,-2367.2728620159965,-2496.7384557738264,259.16964060570723,249,-2105.06865868572,-2145.9742954327703,-2029.1460873429828,-2093.3963471538245,48.40378562151856
55,0,2000,0.44422491391499835,0.015837258629046225,0.09199007352193196,0.005432845737819222,rfe,23,rf,20,robust,"['car_age', 'mileage', 'tax', 'mpg']",3,"['car_age', 'mileage']",Isolation_Forest,50,"['car_age', 'mileage', 'tax', 'mpg', 'engineSize']","['tax', 'mpg']",0.15,0.5,"GradientBoostingRegressor(max_depth=5, max_features='sqrt', min_samples_leaf=4,
                          min_samples_split=10, random_state=42, subsample=0.8)",robust,19,knn_modelwise,freq,"{'selector__selection_method': 'rfe', 'selector__n_features_to_select': 23, 'selector__model_name': 'rf', 'selector__k': 20, 'scaler__scaler_name': 'robust', 'outlier_remover__z_columns': ['car_age', 'mileage', 'tax', 'mpg'], 'outlier_remover__threshold': 3, 'outlier_remover__sev_outliers_cols': ['car_age', 'mileage'], 'outlier_remover__outlier_method': 'Isolation_Forest', 'outlier_remover__n_neighbors': 50, 'outlier_remover__model_columns': ['car_age', 'mileage', 'tax', 'mpg', 'engineSize'], 'outlier_remover__mod_outliers_cols': ['tax', 'mpg'], 'outlier_remover__contamination_LOF': 0.15, 'outlier_remover__contamination_IF': 0.5, 'model': GradientBoostingRegressor(max_depth=5, max_features='sqrt', min_samples_leaf=4,
                          min_samples_split=10, random_state=42, subsample=0.8), 'imputer__knn_scaling_method': 'robust', 'imputer__knn_neighbors': 19, 'imputer__imputation_method': 'knn_modelwise', 'encoder__method': 'freq'}",-2807.4919860480113,-3437.1433301452457,-2974.0679837974935,-3072.9010999969164,266.38467476455924,341,-2680.9814610508993,-2674.0030046478637,-2678.334239846298,-2677.7729018483533,2.876460638031756
56,0,2000,0.04906272888183594,0.0018335157402272152,0.005628108978271484,0.00010094842727088456,model,23,dt,9,standard,"['car_age', 'mileage', 'tax', 'mpg']",2,"['car_age', 'mileage']",IQR,30,"['car_age', 'mileage', 'tax', 'mpg', 'engineSize']","['tax', 'mpg']",0.05,0.05,"DecisionTreeRegressor(max_depth=10, max_features='sqrt', min_samples_leaf=4,
                      min_samples_split=10, random_state=42)",robust,18,iterative,target,"{'selector__selection_method': 'model', 'selector__n_features_to_select': 23, 'selector__model_name': 'dt', 'selector__k': 9, 'scaler__scaler_name': 'standard', 'outlier_remover__z_columns': ['car_age', 'mileage', 'tax', 'mpg'], 'outlier_remover__threshold': 2, 'outlier_remover__sev_outliers_cols': ['car_age', 'mileage'], 'outlier_remover__outlier_method': 'IQR', 'outlier_remover__n_neighbors': 30, 'outlier_remover__model_columns': ['car_age', 'mileage', 'tax', 'mpg', 'engineSize'], 'outlier_remover__mod_outliers_cols': ['tax', 'mpg'], 'outlier_remover__contamination_LOF': 0.05, 'outlier_remover__contamination_IF': 0.05, 'model': DecisionTreeRegressor(max_depth=10, max_features='sqrt', min_samples_leaf=4,
                      min_samples_split=10, random_state=42), 'imputer__knn_scaling_method': 'robust', 'imputer__knn_neighbors': 18, 'imputer__imputation_method': 'iterative', 'encoder__method': 'target'}",-2861.5640793836697,-3307.9160933942476,-2798.9769262760014,-2989.4856996846397,226.60939177664673,332,-2120.7053070777897,-2164.3626918960435,-1817.2779976331428,-2034.1153322023254,154.3595673734824
57,0,2000,0.3273948033650716,0.011523303647209488,0.12171069780985515,0.011842829002248262,kbest,5,rf,10,robust,"['car_age', 'mileage', 'tax', 'mpg']",2,"['car_age', 'mileage', 'engineSize']",Isolation_Forest,100,"['car_age', 'mileage', 'tax', 'mpg']","['tax', 'mpg']",0.05,0.05,"RandomForestRegressor(max_depth=12, max_features='sqrt', min_samples_leaf=4,
                      min_samples_split=10, random_state=42)",robust,9,knn_modelwise,freq,"{'selector__selection_method': 'kbest', 'selector__n_features_to_select': 5, 'selector__model_name': 'rf', 'selector__k': 10, 'scaler__scaler_name': 'robust', 'outlier_remover__z_columns': ['car_age', 'mileage', 'tax', 'mpg'], 'outlier_remover__threshold': 2, 'outlier_remover__sev_outliers_cols': ['car_age', 'mileage', 'engineSize'], 'outlier_remover__outlier_method': 'Isolation_Forest', 'outlier_remover__n_neighbors': 100, 'outlier_remover__model_columns': ['car_age', 'mileage', 'tax', 'mpg'], 'outlier_remover__mod_outliers_cols': ['tax', 'mpg'], 'outlier_remover__contamination_LOF': 0.05, 'outlier_remover__contamination_IF': 0.05, 'model': RandomForestRegressor(max_depth=12, max_features='sqrt', min_samples_leaf=4,
                      min_samples_split=10, random_state=42), 'imputer__knn_scaling_method': 'robust', 'imputer__knn_neighbors': 9, 'imputer__imputation_method': 'knn_modelwise', 'encoder__method': 'freq'}",-2421.9009372435785,-2842.0873210348263,-2520.841519257102,-2594.943259178502,179.36452673336422,287,-2134.407246262273,-2158.722759728522,-2063.020974228267,-2118.716993406354,40.61482457589605
58,0,2000,0.1924866040547689,0.012871831821286598,0.11581277847290039,0.012242774420130985,model,19,dt,21,robust,"['car_age', 'mileage', 'tax', 'mpg']",3,"['car_age', 'mileage', 'engineSize']",IQR,100,"['car_age', 'mileage', 'tax', 'mpg']","['tax', 'mpg']",0.15,0.5,"DecisionTreeRegressor(max_depth=10, max_features='sqrt', min_samples_leaf=4,
                      min_samples_split=10, random_state=42)",minmax,11,knn_modelwise,target,"{'selector__selection_method': 'model', 'selector__n_features_to_select': 19, 'selector__model_name': 'dt', 'selector__k': 21, 'scaler__scaler_name': 'robust', 'outlier_remover__z_columns': ['car_age', 'mileage', 'tax', 'mpg'], 'outlier_remover__threshold': 3, 'outlier_remover__sev_outliers_cols': ['car_age', 'mileage', 'engineSize'], 'outlier_remover__outlier_method': 'IQR', 'outlier_remover__n_neighbors': 100, 'outlier_remover__model_columns': ['car_age', 'mileage', 'tax', 'mpg'], 'outlier_remover__mod_outliers_cols': ['tax', 'mpg'], 'outlier_remover__contamination_LOF': 0.15, 'outlier_remover__contamination_IF': 0.5, 'model': DecisionTreeRegressor(max_depth=10, max_features='sqrt', min_samples_leaf=4,
                      min_samples_split=10, random_state=42), 'imputer__knn_scaling_method': 'minmax', 'imputer__knn_neighbors': 11, 'imputer__imputation_method': 'knn_modelwise', 'encoder__method': 'target'}",-3024.0706339024887,-3413.184534674868,-3079.6650630494178,-3172.306743875591,171.831831962335,357,-2247.234449278624,-2182.53596140069,-2108.61411459466,-2179.461508424658,56.63325579433544
59,0,2000,0.1268791357676188,0.007205148800463932,0.011955022811889648,0.0019493374512362654,kbest,21,rf,19,minmax,"['car_age', 'mileage', 'tax', 'mpg']",2,"['car_age', 'mileage']",z_score,50,"['car_age', 'mileage', 'tax', 'mpg']","['car_age', 'mileage', 'tax', 'mpg']",0.5,0.05,"RandomForestRegressor(max_depth=12, max_features='sqrt', min_samples_leaf=4,
                      min_samples_split=10, random_state=42)",robust,13,simple,freq,"{'selector__selection_method': 'kbest', 'selector__n_features_to_select': 21, 'selector__model_name': 'rf', 'selector__k': 19, 'scaler__scaler_name': 'minmax', 'outlier_remover__z_columns': ['car_age', 'mileage', 'tax', 'mpg'], 'outlier_remover__threshold': 2, 'outlier_remover__sev_outliers_cols': ['car_age', 'mileage'], 'outlier_remover__outlier_method': 'z_score', 'outlier_remover__n_neighbors': 50, 'outlier_remover__model_columns': ['car_age', 'mileage', 'tax', 'mpg'], 'outlier_remover__mod_outliers_cols': ['car_age', 'mileage', 'tax', 'mpg'], 'outlier_remover__contamination_LOF': 0.5, 'outlier_remover__contamination_IF': 0.05, 'model': RandomForestRegressor(max_depth=12, max_features='sqrt', min_samples_leaf=4,
                      min_samples_split=10, random_state=42), 'imputer__knn_scaling_method': 'robust', 'imputer__knn_neighbors': 13, 'imputer__imputation_method': 'simple', 'encoder__method': 'freq'}",-2433.102396903586,-2796.899590567258,-2457.374937728039,-2562.4589750662944,166.07044831811936,281,-2016.8501262848356,-2095.2438048215854,-1985.996599405287,-2032.6968435039028,45.986061712824316
60,0,2000,0.09884810447692871,0.004513006237409081,0.010444005330403646,0.0007480923684606983,kbest,21,rf,9,minmax,"['car_age', 'mileage', 'tax', 'mpg']",3,"['car_age', 'mileage']",IQR,30,"['car_age', 'mileage', 'tax', 'mpg']","['car_age', 'mileage', 'tax', 'mpg']",0.15,0.3,"GradientBoostingRegressor(max_depth=5, max_features='sqrt', min_samples_leaf=4,
                          min_samples_split=10, random_state=42, subsample=0.8)",standard,18,simple,freq,"{'selector__selection_method': 'kbest', 'selector__n_features_to_select': 21, 'selector__model_name': 'rf', 'selector__k': 9, 'scaler__scaler_name': 'minmax', 'outlier_remover__z_columns': ['car_age', 'mileage', 'tax', 'mpg'], 'outlier_remover__threshold': 3, 'outlier_remover__sev_outliers_cols': ['car_age', 'mileage'], 'outlier_remover__outlier_method': 'IQR', 'outlier_remover__n_neighbors': 30, 'outlier_remover__model_columns': ['car_age', 'mileage', 'tax', 'mpg'], 'outlier_remover__mod_outliers_cols': ['car_age', 'mileage', 'tax', 'mpg'], 'outlier_remover__contamination_LOF': 0.15, 'outlier_remover__contamination_IF': 0.3, 'model': GradientBoostingRegressor(max_depth=5, max_features='sqrt', min_samples_leaf=4,
                          min_samples_split=10, random_state=42, subsample=0.8), 'imputer__knn_scaling_method': 'standard', 'imputer__knn_neighbors': 18, 'imputer__imputation_method': 'simple', 'encoder__method': 'freq'}",-2271.1308452897047,-2388.300012292899,-2157.309178738103,-2272.246678773569,94.30491365726962,177,-1623.2522690249523,-1693.5931996341742,-1369.0894691226813,-1561.978312593936,139.38326317866975
61,0,2000,0.252158244450887,0.009259007323685672,0.005651315053304036,0.000150405699190785,rfe,20,rf,11,minmax,"['car_age', 'mileage', 'tax', 'mpg']",2,"['car_age', 'mileage', 'engineSize']",LOF,30,"['car_age', 'mileage', 'tax', 'mpg']","['car_age', 'mileage', 'tax', 'mpg']",0.5,0.5,"GradientBoostingRegressor(max_depth=5, max_features='sqrt', min_samples_leaf=4,
                          min_samples_split=10, random_state=42, subsample=0.8)",standard,10,simple,freq,"{'selector__selection_method': 'rfe', 'selector__n_features_to_select': 20, 'selector__model_name': 'rf', 'selector__k': 11, 'scaler__scaler_name': 'minmax', 'outlier_remover__z_columns': ['car_age', 'mileage', 'tax', 'mpg'], 'outlier_remover__threshold': 2, 'outlier_remover__sev_outliers_cols': ['car_age', 'mileage', 'engineSize'], 'outlier_remover__outlier_method': 'LOF', 'outlier_remover__n_neighbors': 30, 'outlier_remover__model_columns': ['car_age', 'mileage', 'tax', 'mpg'], 'outlier_remover__mod_outliers_cols': ['car_age', 'mileage', 'tax', 'mpg'], 'outlier_remover__contamination_LOF': 0.5, 'outlier_remover__contamination_IF': 0.5, 'model': GradientBoostingRegressor(max_depth=5, max_features='sqrt', min_samples_leaf=4,
                          min_samples_split=10, random_state=42, subsample=0.8), 'imputer__knn_scaling_method': 'standard', 'imputer__knn_neighbors': 10, 'imputer__imputation_method': 'simple', 'encoder__method': 'freq'}",-2552.9557283124627,-2671.4569168683315,-2421.198091568714,-2548.536912249836,102.21550554794383,274,-2107.625664780539,-1999.810720219689,-1778.271455777357,-1961.9026135925285,137.1041384205696
62,0,2000,0.28956405321757,0.009288142974126293,0.008469263712565104,0.0012153295234483708,rfe,21,rf,22,robust,"['car_age', 'mileage', 'tax', 'mpg']",3,"['car_age', 'mileage', 'engineSize']",Isolation_Forest,50,"['car_age', 'mileage', 'tax', 'mpg', 'engineSize']","['car_age', 'mileage', 'tax', 'mpg']",0.15,0.5,"GradientBoostingRegressor(max_depth=5, max_features='sqrt', min_samples_leaf=4,
                          min_samples_split=10, random_state=42, subsample=0.8)",minmax,10,iterative,target,"{'selector__selection_method': 'rfe', 'selector__n_features_to_select': 21, 'selector__model_name': 'rf', 'selector__k': 22, 'scaler__scaler_name': 'robust', 'outlier_remover__z_columns': ['car_age', 'mileage', 'tax', 'mpg'], 'outlier_remover__threshold': 3, 'outlier_remover__sev_outliers_cols': ['car_age', 'mileage', 'engineSize'], 'outlier_remover__outlier_method': 'Isolation_Forest', 'outlier_remover__n_neighbors': 50, 'outlier_remover__model_columns': ['car_age', 'mileage', 'tax', 'mpg', 'engineSize'], 'outlier_remover__mod_outliers_cols': ['car_age', 'mileage', 'tax', 'mpg'], 'outlier_remover__contamination_LOF': 0.15, 'outlier_remover__contamination_IF': 0.5, 'model': GradientBoostingRegressor(max_depth=5, max_features='sqrt', min_samples_leaf=4,
                          min_samples_split=10, random_state=42, subsample=0.8), 'imputer__knn_scaling_method': 'minmax', 'imputer__knn_neighbors': 10, 'imputer__imputation_method': 'iterative', 'encoder__method': 'target'}",-2707.176803859715,-3315.876566487474,-2852.1933244562997,-2958.415564934496,259.60383091026523,326,-2648.7512239212224,-2542.206430816785,-2519.2408295219316,-2570.06616141998,56.42315722187654
63,0,2000,0.551714022954305,0.008365690475413988,0.0901329517364502,0.003539292132577556,model,8,rf,15,robust,"['car_age', 'mileage', 'tax', 'mpg']",3,"['car_age', 'mileage', 'engineSize']",IQR,70,"['car_age', 'mileage', 'tax', 'mpg', 'engineSize']","['tax', 'mpg']",0.15,0.5,"RandomForestRegressor(max_depth=12, max_features='sqrt', min_samples_leaf=4,
                      min_samples_split=10, random_state=42)",standard,12,knn_modelwise,freq,"{'selector__selection_method': 'model', 'selector__n_features_to_select': 8, 'selector__model_name': 'rf', 'selector__k': 15, 'scaler__scaler_name': 'robust', 'outlier_remover__z_columns': ['car_age', 'mileage', 'tax', 'mpg'], 'outlier_remover__threshold': 3, 'outlier_remover__sev_outliers_cols': ['car_age', 'mileage', 'engineSize'], 'outlier_remover__outlier_method': 'IQR', 'outlier_remover__n_neighbors': 70, 'outlier_remover__model_columns': ['car_age', 'mileage', 'tax', 'mpg', 'engineSize'], 'outlier_remover__mod_outliers_cols': ['tax', 'mpg'], 'outlier_remover__contamination_LOF': 0.15, 'outlier_remover__contamination_IF': 0.5, 'model': RandomForestRegressor(max_depth=12, max_features='sqrt', min_samples_leaf=4,
                      min_samples_split=10, random_state=42), 'imputer__knn_scaling_method': 'standard', 'imputer__knn_neighbors': 12, 'imputer__imputation_method': 'knn_modelwise', 'encoder__method': 'freq'}",-2401.853510410924,-2774.5247399225095,-2443.5728107682667,-2539.9836870339,166.7178337254289,264,-1995.0477138650629,-2046.645517549766,-1924.6737793132081,-1988.7890035760122,49.991031348789974
64,0,2000,0.42501163482666016,0.01440605363819102,0.11161255836486816,0.01615048298602301,model,7,et,5,robust,"['car_age', 'mileage', 'tax', 'mpg']",2,"['car_age', 'mileage', 'engineSize']",IQR,50,"['car_age', 'mileage', 'tax', 'mpg']","['car_age', 'mileage', 'tax', 'mpg']",0.05,0.15,"ExtraTreesRegressor(max_depth=12, max_features='sqrt', min_samples_leaf=4,
                    min_samples_split=10, n_jobs=-1, random_state=42)",robust,15,knn_modelwise,target,"{'selector__selection_method': 'model', 'selector__n_features_to_select': 7, 'selector__model_name': 'et', 'selector__k': 5, 'scaler__scaler_name': 'robust', 'outlier_remover__z_columns': ['car_age', 'mileage', 'tax', 'mpg'], 'outlier_remover__threshold': 2, 'outlier_remover__sev_outliers_cols': ['car_age', 'mileage', 'engineSize'], 'outlier_remover__outlier_method': 'IQR', 'outlier_remover__n_neighbors': 50, 'outlier_remover__model_columns': ['car_age', 'mileage', 'tax', 'mpg'], 'outlier_remover__mod_outliers_cols': ['car_age', 'mileage', 'tax', 'mpg'], 'outlier_remover__contamination_LOF': 0.05, 'outlier_remover__contamination_IF': 0.15, 'model': ExtraTreesRegressor(max_depth=12, max_features='sqrt', min_samples_leaf=4,
                    min_samples_split=10, n_jobs=-1, random_state=42), 'imputer__knn_scaling_method': 'robust', 'imputer__knn_neighbors': 15, 'imputer__imputation_method': 'knn_modelwise', 'encoder__method': 'target'}",-2663.577728528817,-3066.2594881679047,-2552.0711242578022,-2760.636113651508,220.8508787803895,307,-2556.3581033126156,-2621.736089893769,-2367.93452827549,-2515.3429071606247,107.59644636792615
65,0,2000,0.532184918721517,0.005533182257672384,0.08874233563741048,0.0019060104994223044,model,16,rf,9,robust,"['car_age', 'mileage', 'tax', 'mpg']",3,"['car_age', 'mileage', 'engineSize']",IQR,30,"['car_age', 'mileage', 'tax', 'mpg']","['tax', 'mpg']",0.3,0.3,"GradientBoostingRegressor(max_depth=5, max_features='sqrt', min_samples_leaf=4,
                          min_samples_split=10, random_state=42, subsample=0.8)",standard,15,knn_modelwise,target,"{'selector__selection_method': 'model', 'selector__n_features_to_select': 16, 'selector__model_name': 'rf', 'selector__k': 9, 'scaler__scaler_name': 'robust', 'outlier_remover__z_columns': ['car_age', 'mileage', 'tax', 'mpg'], 'outlier_remover__threshold': 3, 'outlier_remover__sev_outliers_cols': ['car_age', 'mileage', 'engineSize'], 'outlier_remover__outlier_method': 'IQR', 'outlier_remover__n_neighbors': 30, 'outlier_remover__model_columns': ['car_age', 'mileage', 'tax', 'mpg'], 'outlier_remover__mod_outliers_cols': ['tax', 'mpg'], 'outlier_remover__contamination_LOF': 0.3, 'outlier_remover__contamination_IF': 0.3, 'model': GradientBoostingRegressor(max_depth=5, max_features='sqrt', min_samples_leaf=4,
                          min_samples_split=10, random_state=42, subsample=0.8), 'imputer__knn_scaling_method': 'standard', 'imputer__knn_neighbors': 15, 'imputer__imputation_method': 'knn_modelwise', 'encoder__method': 'target'}",-2096.424347405511,-2383.7691782122506,-2022.582300322233,-2167.5919419799984,155.80460001365716,126,-1471.1608909791175,-1459.7732812143447,-1205.6367241541352,-1378.8569654491992,122.57340225290537
66,0,2000,0.04548199971516927,0.0029488157347894455,0.005266269048055013,0.00014797022701324862,model,14,dt,18,standard,"['car_age', 'mileage', 'tax', 'mpg']",3,"['car_age', 'mileage', 'engineSize']",z_score,100,"['car_age', 'mileage', 'tax', 'mpg']","['car_age', 'mileage', 'tax', 'mpg']",0.05,0.15,"DecisionTreeRegressor(max_depth=10, max_features='sqrt', min_samples_leaf=4,
                      min_samples_split=10, random_state=42)",robust,17,iterative,freq,"{'selector__selection_method': 'model', 'selector__n_features_to_select': 14, 'selector__model_name': 'dt', 'selector__k': 18, 'scaler__scaler_name': 'standard', 'outlier_remover__z_columns': ['car_age', 'mileage', 'tax', 'mpg'], 'outlier_remover__threshold': 3, 'outlier_remover__sev_outliers_cols': ['car_age', 'mileage', 'engineSize'], 'outlier_remover__outlier_method': 'z_score', 'outlier_remover__n_neighbors': 100, 'outlier_remover__model_columns': ['car_age', 'mileage', 'tax', 'mpg'], 'outlier_remover__mod_outliers_cols': ['car_age', 'mileage', 'tax', 'mpg'], 'outlier_remover__contamination_LOF': 0.05, 'outlier_remover__contamination_IF': 0.15, 'model': DecisionTreeRegressor(max_depth=10, max_features='sqrt', min_samples_leaf=4,
                      min_samples_split=10, random_state=42), 'imputer__knn_scaling_method': 'robust', 'imputer__knn_neighbors': 17, 'imputer__imputation_method': 'iterative', 'encoder__method': 'freq'}",-3032.8529068129633,-3556.0663173550965,-3236.76087164725,-3275.226698605103,215.3257735392992,367,-2411.2103056861242,-2462.9207035359877,-2249.3306367662117,-2374.4872153294414,90.98211611699
67,0,2000,0.29647668202718097,0.00341011070961666,0.027578035990397137,0.005194332086743787,model,17,et,24,standard,"['car_age', 'mileage', 'tax', 'mpg']",3,"['car_age', 'mileage']",z_score,100,"['car_age', 'mileage', 'tax', 'mpg', 'engineSize']","['car_age', 'mileage', 'tax', 'mpg']",0.15,0.15,"ExtraTreesRegressor(max_depth=12, max_features='sqrt', min_samples_leaf=4,
                    min_samples_split=10, n_jobs=-1, random_state=42)",minmax,10,iterative,target,"{'selector__selection_method': 'model', 'selector__n_features_to_select': 17, 'selector__model_name': 'et', 'selector__k': 24, 'scaler__scaler_name': 'standard', 'outlier_remover__z_columns': ['car_age', 'mileage', 'tax', 'mpg'], 'outlier_remover__threshold': 3, 'outlier_remover__sev_outliers_cols': ['car_age', 'mileage'], 'outlier_remover__outlier_method': 'z_score', 'outlier_remover__n_neighbors': 100, 'outlier_remover__model_columns': ['car_age', 'mileage', 'tax', 'mpg', 'engineSize'], 'outlier_remover__mod_outliers_cols': ['car_age', 'mileage', 'tax', 'mpg'], 'outlier_remover__contamination_LOF': 0.15, 'outlier_remover__contamination_IF': 0.15, 'model': ExtraTreesRegressor(max_depth=12, max_features='sqrt', min_samples_leaf=4,
                    min_samples_split=10, n_jobs=-1, random_state=42), 'imputer__knn_scaling_method': 'minmax', 'imputer__knn_neighbors': 10, 'imputer__imputation_method': 'iterative', 'encoder__method': 'target'}",-2361.9013291727583,-2858.467499209948,-2281.2594080829417,-2500.54274548855,255.2232706920968,252,-2195.946753924183,-2261.446138748727,-2027.7404746751868,-2161.7111224493656,98.43320307658139
68,0,2000,0.14777263005574545,0.009894765724087401,0.015010356903076172,0.002214952236781823,kbest,20,rf,10,robust,"['car_age', 'mileage', 'tax', 'mpg']",2,"['car_age', 'mileage']",IQR,90,"['car_age', 'mileage', 'tax', 'mpg', 'engineSize']","['tax', 'mpg']",0.5,0.05,"RandomForestRegressor(max_depth=12, max_features='sqrt', min_samples_leaf=4,
                      min_samples_split=10, random_state=42)",minmax,15,iterative,freq,"{'selector__selection_method': 'kbest', 'selector__n_features_to_select': 20, 'selector__model_name': 'rf', 'selector__k': 10, 'scaler__scaler_name': 'robust', 'outlier_remover__z_columns': ['car_age', 'mileage', 'tax', 'mpg'], 'outlier_remover__threshold': 2, 'outlier_remover__sev_outliers_cols': ['car_age', 'mileage'], 'outlier_remover__outlier_method': 'IQR', 'outlier_remover__n_neighbors': 90, 'outlier_remover__model_columns': ['car_age', 'mileage', 'tax', 'mpg', 'engineSize'], 'outlier_remover__mod_outliers_cols': ['tax', 'mpg'], 'outlier_remover__contamination_LOF': 0.5, 'outlier_remover__contamination_IF': 0.05, 'model': RandomForestRegressor(max_depth=12, max_features='sqrt', min_samples_leaf=4,
                      min_samples_split=10, random_state=42), 'imputer__knn_scaling_method': 'minmax', 'imputer__knn_neighbors': 15, 'imputer__imputation_method': 'iterative', 'encoder__method': 'freq'}",-2395.586568123361,-2789.1029794625406,-2455.332771491481,-2546.6741063591276,173.14968686056832,270,-2000.831692714558,-2080.351487430298,-1940.9035308434784,-2007.3622369961115,57.11636750541182
69,0,2000,0.23030662536621094,0.023875976907607992,0.027625004450480144,0.006881632745507373,model,19,et,9,minmax,"['car_age', 'mileage', 'tax', 'mpg']",3,"['car_age', 'mileage', 'engineSize']",LOF,100,"['car_age', 'mileage', 'tax', 'mpg']","['car_age', 'mileage', 'tax', 'mpg']",0.5,0.3,"ExtraTreesRegressor(max_depth=12, max_features='sqrt', min_samples_leaf=4,
                    min_samples_split=10, n_jobs=-1, random_state=42)",minmax,20,simple,target,"{'selector__selection_method': 'model', 'selector__n_features_to_select': 19, 'selector__model_name': 'et', 'selector__k': 9, 'scaler__scaler_name': 'minmax', 'outlier_remover__z_columns': ['car_age', 'mileage', 'tax', 'mpg'], 'outlier_remover__threshold': 3, 'outlier_remover__sev_outliers_cols': ['car_age', 'mileage', 'engineSize'], 'outlier_remover__outlier_method': 'LOF', 'outlier_remover__n_neighbors': 100, 'outlier_remover__model_columns': ['car_age', 'mileage', 'tax', 'mpg'], 'outlier_remover__mod_outliers_cols': ['car_age', 'mileage', 'tax', 'mpg'], 'outlier_remover__contamination_LOF': 0.5, 'outlier_remover__contamination_IF': 0.3, 'model': ExtraTreesRegressor(max_depth=12, max_features='sqrt', min_samples_leaf=4,
                    min_samples_split=10, n_jobs=-1, random_state=42), 'imputer__knn_scaling_method': 'minmax', 'imputer__knn_neighbors': 20, 'imputer__imputation_method': 'simple', 'encoder__method': 'target'}",-2772.673070535385,-3312.336996505525,-2917.464529888377,-3000.8248656430956,228.06577623020772,334,-2761.9878238157244,-2778.450684889322,-2812.5590555514136,-2784.3325214188203,21.060379397278968
70,0,2000,0.5415200392405192,0.010799382817229823,0.10803389549255371,0.01598184637867643,model,22,rf,12,minmax,"['car_age', 'mileage', 'tax', 'mpg']",2,"['car_age', 'mileage', 'engineSize']",LOF,100,"['car_age', 'mileage', 'tax', 'mpg']","['tax', 'mpg']",0.15,0.3,"GradientBoostingRegressor(max_depth=5, max_features='sqrt', min_samples_leaf=4,
                          min_samples_split=10, random_state=42, subsample=0.8)",robust,19,knn_modelwise,target,"{'selector__selection_method': 'model', 'selector__n_features_to_select': 22, 'selector__model_name': 'rf', 'selector__k': 12, 'scaler__scaler_name': 'minmax', 'outlier_remover__z_columns': ['car_age', 'mileage', 'tax', 'mpg'], 'outlier_remover__threshold': 2, 'outlier_remover__sev_outliers_cols': ['car_age', 'mileage', 'engineSize'], 'outlier_remover__outlier_method': 'LOF', 'outlier_remover__n_neighbors': 100, 'outlier_remover__model_columns': ['car_age', 'mileage', 'tax', 'mpg'], 'outlier_remover__mod_outliers_cols': ['tax', 'mpg'], 'outlier_remover__contamination_LOF': 0.15, 'outlier_remover__contamination_IF': 0.3, 'model': GradientBoostingRegressor(max_depth=5, max_features='sqrt', min_samples_leaf=4,
                          min_samples_split=10, random_state=42, subsample=0.8), 'imputer__knn_scaling_method': 'robust', 'imputer__knn_neighbors': 19, 'imputer__imputation_method': 'knn_modelwise', 'encoder__method': 'target'}",-2214.9208562812905,-2473.5909362840184,-2219.7318238980515,-2302.7478721544535,120.82025429878982,199,-1625.5994759258078,-1679.5570562297557,-1551.2576366079215,-1618.8047229211618,52.59791992161214
71,0,2000,0.11257553100585938,0.004986205945028299,0.010251363118489584,0.0023641892246060153,kbest,10,rf,22,standard,"['car_age', 'mileage', 'tax', 'mpg']",2,"['car_age', 'mileage']",IQR,100,"['car_age', 'mileage', 'tax', 'mpg', 'engineSize']","['car_age', 'mileage', 'tax', 'mpg']",0.05,0.15,"GradientBoostingRegressor(max_depth=5, max_features='sqrt', min_samples_leaf=4,
                          min_samples_split=10, random_state=42, subsample=0.8)",minmax,11,iterative,freq,"{'selector__selection_method': 'kbest', 'selector__n_features_to_select': 10, 'selector__model_name': 'rf', 'selector__k': 22, 'scaler__scaler_name': 'standard', 'outlier_remover__z_columns': ['car_age', 'mileage', 'tax', 'mpg'], 'outlier_remover__threshold': 2, 'outlier_remover__sev_outliers_cols': ['car_age', 'mileage'], 'outlier_remover__outlier_method': 'IQR', 'outlier_remover__n_neighbors': 100, 'outlier_remover__model_columns': ['car_age', 'mileage', 'tax', 'mpg', 'engineSize'], 'outlier_remover__mod_outliers_cols': ['car_age', 'mileage', 'tax', 'mpg'], 'outlier_remover__contamination_LOF': 0.05, 'outlier_remover__contamination_IF': 0.15, 'model': GradientBoostingRegressor(max_depth=5, max_features='sqrt', min_samples_leaf=4,
                          min_samples_split=10, random_state=42, subsample=0.8), 'imputer__knn_scaling_method': 'minmax', 'imputer__knn_neighbors': 11, 'imputer__imputation_method': 'iterative', 'encoder__method': 'freq'}",-2218.3396534594526,-2398.2305395892104,-2201.0418161036137,-2272.537336384092,89.15862191723097,178,-1672.155150012506,-1619.7633747099187,-1387.3294465305414,-1559.7493237509889,123.78121848749859
72,0,2000,0.23425777753194174,0.007365369431947715,0.1153868834177653,0.006756868524900794,kbest,13,et,15,robust,"['car_age', 'mileage', 'tax', 'mpg']",3,"['car_age', 'mileage']",IQR,100,"['car_age', 'mileage', 'tax', 'mpg', 'engineSize']","['tax', 'mpg']",0.5,0.3,"ExtraTreesRegressor(max_depth=12, max_features='sqrt', min_samples_leaf=4,
                    min_samples_split=10, n_jobs=-1, random_state=42)",minmax,12,knn_modelwise,freq,"{'selector__selection_method': 'kbest', 'selector__n_features_to_select': 13, 'selector__model_name': 'et', 'selector__k': 15, 'scaler__scaler_name': 'robust', 'outlier_remover__z_columns': ['car_age', 'mileage', 'tax', 'mpg'], 'outlier_remover__threshold': 3, 'outlier_remover__sev_outliers_cols': ['car_age', 'mileage'], 'outlier_remover__outlier_method': 'IQR', 'outlier_remover__n_neighbors': 100, 'outlier_remover__model_columns': ['car_age', 'mileage', 'tax', 'mpg', 'engineSize'], 'outlier_remover__mod_outliers_cols': ['tax', 'mpg'], 'outlier_remover__contamination_LOF': 0.5, 'outlier_remover__contamination_IF': 0.3, 'model': ExtraTreesRegressor(max_depth=12, max_features='sqrt', min_samples_leaf=4,
                    min_samples_split=10, n_jobs=-1, random_state=42), 'imputer__knn_scaling_method': 'minmax', 'imputer__knn_neighbors': 12, 'imputer__imputation_method': 'knn_modelwise', 'encoder__method': 'freq'}",-2703.8607505759896,-3095.752493440906,-2595.9593084043067,-2798.524184140401,214.73888204500815,314,-2475.100706621672,-2547.606297371999,-2381.090343857144,-2467.9324492836054,68.16855887523174
73,0,2000,0.2413923740386963,0.018629893715238398,0.006805976231892903,0.0018117963162568346,rfe,13,rf,14,standard,"['car_age', 'mileage', 'tax', 'mpg']",2,"['car_age', 'mileage']",LOF,50,"['car_age', 'mileage', 'tax', 'mpg', 'engineSize']","['car_age', 'mileage', 'tax', 'mpg']",0.5,0.5,"GradientBoostingRegressor(max_depth=5, max_features='sqrt', min_samples_leaf=4,
                          min_samples_split=10, random_state=42, subsample=0.8)",standard,16,simple,freq,"{'selector__selection_method': 'rfe', 'selector__n_features_to_select': 13, 'selector__model_name': 'rf', 'selector__k': 14, 'scaler__scaler_name': 'standard', 'outlier_remover__z_columns': ['car_age', 'mileage', 'tax', 'mpg'], 'outlier_remover__threshold': 2, 'outlier_remover__sev_outliers_cols': ['car_age', 'mileage'], 'outlier_remover__outlier_method': 'LOF', 'outlier_remover__n_neighbors': 50, 'outlier_remover__model_columns': ['car_age', 'mileage', 'tax', 'mpg', 'engineSize'], 'outlier_remover__mod_outliers_cols': ['car_age', 'mileage', 'tax', 'mpg'], 'outlier_remover__contamination_LOF': 0.5, 'outlier_remover__contamination_IF': 0.5, 'model': GradientBoostingRegressor(max_depth=5, max_features='sqrt', min_samples_leaf=4,
                          min_samples_split=10, random_state=42, subsample=0.8), 'imputer__knn_scaling_method': 'standard', 'imputer__knn_neighbors': 16, 'imputer__imputation_method': 'simple', 'encoder__method': 'freq'}",-2430.438103108191,-2656.3155181428674,-2538.6522778594936,-2541.801966370184,92.24096002309251,265,-2218.1968534294474,-2120.0282233087682,-1926.2166901761634,-2088.1472556381264,121.3133710906482
74,0,2000,0.42702221870422363,0.0016445789493417507,0.010943412780761719,8.72579428059692e-05,model,17,rf,23,minmax,"['car_age', 'mileage', 'tax', 'mpg']",3,"['car_age', 'mileage']",Isolation_Forest,90,"['car_age', 'mileage', 'tax', 'mpg']","['car_age', 'mileage', 'tax', 'mpg']",0.3,0.15,"RandomForestRegressor(max_depth=12, max_features='sqrt', min_samples_leaf=4,
                      min_samples_split=10, random_state=42)",robust,16,iterative,freq,"{'selector__selection_method': 'model', 'selector__n_features_to_select': 17, 'selector__model_name': 'rf', 'selector__k': 23, 'scaler__scaler_name': 'minmax', 'outlier_remover__z_columns': ['car_age', 'mileage', 'tax', 'mpg'], 'outlier_remover__threshold': 3, 'outlier_remover__sev_outliers_cols': ['car_age', 'mileage'], 'outlier_remover__outlier_method': 'Isolation_Forest', 'outlier_remover__n_neighbors': 90, 'outlier_remover__model_columns': ['car_age', 'mileage', 'tax', 'mpg'], 'outlier_remover__mod_outliers_cols': ['car_age', 'mileage', 'tax', 'mpg'], 'outlier_remover__contamination_LOF': 0.3, 'outlier_remover__contamination_IF': 0.15, 'model': RandomForestRegressor(max_depth=12, max_features='sqrt', min_samples_leaf=4,
                      min_samples_split=10, random_state=42), 'imputer__knn_scaling_method': 'robust', 'imputer__knn_neighbors': 16, 'imputer__imputation_method': 'iterative', 'encoder__method': 'freq'}",-2511.163543622622,-2949.533251225953,-2742.6177042617187,-2734.4381663700974,179.05712080441035,299,-2300.7013007224673,-2347.6683366244974,-2283.289165881311,-2310.5529344094252,27.19019947360437
75,0,2000,0.4144524733225505,0.0065473222858024906,0.01081689198811849,0.00016333677736505791,model,19,rf,5,standard,"['car_age', 'mileage', 'tax', 'mpg']",2,"['car_age', 'mileage']",Isolation_Forest,50,"['car_age', 'mileage', 'tax', 'mpg']","['car_age', 'mileage', 'tax', 'mpg']",0.15,0.15,"RandomForestRegressor(max_depth=12, max_features='sqrt', min_samples_leaf=4,
                      min_samples_split=10, random_state=42)",robust,10,iterative,freq,"{'selector__selection_method': 'model', 'selector__n_features_to_select': 19, 'selector__model_name': 'rf', 'selector__k': 5, 'scaler__scaler_name': 'standard', 'outlier_remover__z_columns': ['car_age', 'mileage', 'tax', 'mpg'], 'outlier_remover__threshold': 2, 'outlier_remover__sev_outliers_cols': ['car_age', 'mileage'], 'outlier_remover__outlier_method': 'Isolation_Forest', 'outlier_remover__n_neighbors': 50, 'outlier_remover__model_columns': ['car_age', 'mileage', 'tax', 'mpg'], 'outlier_remover__mod_outliers_cols': ['car_age', 'mileage', 'tax', 'mpg'], 'outlier_remover__contamination_LOF': 0.15, 'outlier_remover__contamination_IF': 0.15, 'model': RandomForestRegressor(max_depth=12, max_features='sqrt', min_samples_leaf=4,
                      min_samples_split=10, random_state=42), 'imputer__knn_scaling_method': 'robust', 'imputer__knn_neighbors': 10, 'imputer__imputation_method': 'iterative', 'encoder__method': 'freq'}",-2713.6704439577284,-3211.0951514439125,-2866.1701788351274,-2930.3119247455893,208.07603991611762,321,-2483.6392563344193,-2609.757666354182,-2449.479516950605,-2514.2921465464024,68.92977611463111
76,0,2000,0.5211909612019857,0.0021568831838507225,0.08680200576782227,0.004481614691537935,model,17,rf,21,robust,"['car_age', 'mileage', 'tax', 'mpg']",3,"['car_age', 'mileage']",z_score,30,"['car_age', 'mileage', 'tax', 'mpg']","['car_age', 'mileage', 'tax', 'mpg']",0.15,0.3,"GradientBoostingRegressor(max_depth=5, max_features='sqrt', min_samples_leaf=4,
                          min_samples_split=10, random_state=42, subsample=0.8)",robust,19,knn_modelwise,freq,"{'selector__selection_method': 'model', 'selector__n_features_to_select': 17, 'selector__model_name': 'rf', 'selector__k': 21, 'scaler__scaler_name': 'robust', 'outlier_remover__z_columns': ['car_age', 'mileage', 'tax', 'mpg'], 'outlier_remover__threshold': 3, 'outlier_remover__sev_outliers_cols': ['car_age', 'mileage'], 'outlier_remover__outlier_method': 'z_score', 'outlier_remover__n_neighbors': 30, 'outlier_remover__model_columns': ['car_age', 'mileage', 'tax', 'mpg'], 'outlier_remover__mod_outliers_cols': ['car_age', 'mileage', 'tax', 'mpg'], 'outlier_remover__contamination_LOF': 0.15, 'outlier_remover__contamination_IF': 0.3, 'model': GradientBoostingRegressor(max_depth=5, max_features='sqrt', min_samples_leaf=4,
                          min_samples_split=10, random_state=42, subsample=0.8), 'imputer__knn_scaling_method': 'robust', 'imputer__knn_neighbors': 19, 'imputer__imputation_method': 'knn_modelwise', 'encoder__method': 'freq'}",-2221.7497727200684,-2491.8400768573256,-2153.985275161432,-2289.1917082462755,145.9401195876438,191,-1682.2036188039915,-1612.3434048324834,-1364.655584659561,-1553.0675360986788,136.24588056857235
77,0,2000,0.42023507754007977,0.004835812019623882,0.011377414067586264,0.00017134167930344605,rfe,17,rf,10,minmax,"['car_age', 'mileage', 'tax', 'mpg']",2,"['car_age', 'mileage']",Isolation_Forest,30,"['car_age', 'mileage', 'tax', 'mpg']","['car_age', 'mileage', 'tax', 'mpg']",0.15,0.15,"RandomForestRegressor(max_depth=12, max_features='sqrt', min_samples_leaf=4,
                      min_samples_split=10, random_state=42)",minmax,8,iterative,freq,"{'selector__selection_method': 'rfe', 'selector__n_features_to_select': 17, 'selector__model_name': 'rf', 'selector__k': 10, 'scaler__scaler_name': 'minmax', 'outlier_remover__z_columns': ['car_age', 'mileage', 'tax', 'mpg'], 'outlier_remover__threshold': 2, 'outlier_remover__sev_outliers_cols': ['car_age', 'mileage'], 'outlier_remover__outlier_method': 'Isolation_Forest', 'outlier_remover__n_neighbors': 30, 'outlier_remover__model_columns': ['car_age', 'mileage', 'tax', 'mpg'], 'outlier_remover__mod_outliers_cols': ['car_age', 'mileage', 'tax', 'mpg'], 'outlier_remover__contamination_LOF': 0.15, 'outlier_remover__contamination_IF': 0.15, 'model': RandomForestRegressor(max_depth=12, max_features='sqrt', min_samples_leaf=4,
                      min_samples_split=10, random_state=42), 'imputer__knn_scaling_method': 'minmax', 'imputer__knn_neighbors': 8, 'imputer__imputation_method': 'iterative', 'encoder__method': 'freq'}",-2511.163543622622,-2949.533251225953,-2742.6177042617187,-2734.4381663700974,179.05712080441035,299,-2300.7013007224673,-2347.6683366244974,-2283.289165881311,-2310.5529344094252,27.19019947360437
78,0,2000,0.1704526742299398,0.014100553555473206,0.09372774759928386,0.007055172399144066,model,17,dt,9,standard,"['car_age', 'mileage', 'tax', 'mpg']",2,"['car_age', 'mileage', 'engineSize']",z_score,30,"['car_age', 'mileage', 'tax', 'mpg']","['tax', 'mpg']",0.5,0.5,"DecisionTreeRegressor(max_depth=10, max_features='sqrt', min_samples_leaf=4,
                      min_samples_split=10, random_state=42)",minmax,16,knn_modelwise,freq,"{'selector__selection_method': 'model', 'selector__n_features_to_select': 17, 'selector__model_name': 'dt', 'selector__k': 9, 'scaler__scaler_name': 'standard', 'outlier_remover__z_columns': ['car_age', 'mileage', 'tax', 'mpg'], 'outlier_remover__threshold': 2, 'outlier_remover__sev_outliers_cols': ['car_age', 'mileage', 'engineSize'], 'outlier_remover__outlier_method': 'z_score', 'outlier_remover__n_neighbors': 30, 'outlier_remover__model_columns': ['car_age', 'mileage', 'tax', 'mpg'], 'outlier_remover__mod_outliers_cols': ['tax', 'mpg'], 'outlier_remover__contamination_LOF': 0.5, 'outlier_remover__contamination_IF': 0.5, 'model': DecisionTreeRegressor(max_depth=10, max_features='sqrt', min_samples_leaf=4,
                      min_samples_split=10, random_state=42), 'imputer__knn_scaling_method': 'minmax', 'imputer__knn_neighbors': 16, 'imputer__imputation_method': 'knn_modelwise', 'encoder__method': 'freq'}",-3091.4252318626372,-3592.583608928103,-3032.4726133614636,-3238.827151384068,251.2987282732309,364,-2398.8540831628075,-2395.0366638353007,-2225.839963726321,-2339.910236908143,80.67491799567009
79,0,2000,0.6792990366617838,0.008762003818491957,0.023689428965250652,0.0049351827808690905,rfe,5,et,6,standard,"['car_age', 'mileage', 'tax', 'mpg']",3,"['car_age', 'mileage', 'engineSize']",Isolation_Forest,50,"['car_age', 'mileage', 'tax', 'mpg', 'engineSize']","['tax', 'mpg']",0.3,0.5,"ExtraTreesRegressor(max_depth=12, max_features='sqrt', min_samples_leaf=4,
                    min_samples_split=10, n_jobs=-1, random_state=42)",robust,13,iterative,target,"{'selector__selection_method': 'rfe', 'selector__n_features_to_select': 5, 'selector__model_name': 'et', 'selector__k': 6, 'scaler__scaler_name': 'standard', 'outlier_remover__z_columns': ['car_age', 'mileage', 'tax', 'mpg'], 'outlier_remover__threshold': 3, 'outlier_remover__sev_outliers_cols': ['car_age', 'mileage', 'engineSize'], 'outlier_remover__outlier_method': 'Isolation_Forest', 'outlier_remover__n_neighbors': 50, 'outlier_remover__model_columns': ['car_age', 'mileage', 'tax', 'mpg', 'engineSize'], 'outlier_remover__mod_outliers_cols': ['tax', 'mpg'], 'outlier_remover__contamination_LOF': 0.3, 'outlier_remover__contamination_IF': 0.5, 'model': ExtraTreesRegressor(max_depth=12, max_features='sqrt', min_samples_leaf=4,
                    min_samples_split=10, n_jobs=-1, random_state=42), 'imputer__knn_scaling_method': 'robust', 'imputer__knn_neighbors': 13, 'imputer__imputation_method': 'iterative', 'encoder__method': 'target'}",-3234.2147366204717,-4111.34704705937,-3596.87420203377,-3647.478661904537,359.87116307838016,390,-3607.1553944503526,-3599.5808700184016,-3531.803736697514,-3579.513333722089,33.87720562342848
80,0,2000,0.3965655167897542,0.0026864395427890165,0.010005871454874674,6.081070874487845e-05,rfe,13,rf,11,robust,"['car_age', 'mileage', 'tax', 'mpg']",2,"['car_age', 'mileage', 'engineSize']",Isolation_Forest,30,"['car_age', 'mileage', 'tax', 'mpg', 'engineSize']","['car_age', 'mileage', 'tax', 'mpg']",0.15,0.15,"RandomForestRegressor(max_depth=12, max_features='sqrt', min_samples_leaf=4,
                      min_samples_split=10, random_state=42)",standard,17,simple,target,"{'selector__selection_method': 'rfe', 'selector__n_features_to_select': 13, 'selector__model_name': 'rf', 'selector__k': 11, 'scaler__scaler_name': 'robust', 'outlier_remover__z_columns': ['car_age', 'mileage', 'tax', 'mpg'], 'outlier_remover__threshold': 2, 'outlier_remover__sev_outliers_cols': ['car_age', 'mileage', 'engineSize'], 'outlier_remover__outlier_method': 'Isolation_Forest', 'outlier_remover__n_neighbors': 30, 'outlier_remover__model_columns': ['car_age', 'mileage', 'tax', 'mpg', 'engineSize'], 'outlier_remover__mod_outliers_cols': ['car_age', 'mileage', 'tax', 'mpg'], 'outlier_remover__contamination_LOF': 0.15, 'outlier_remover__contamination_IF': 0.15, 'model': RandomForestRegressor(max_depth=12, max_features='sqrt', min_samples_leaf=4,
                      min_samples_split=10, random_state=42), 'imputer__knn_scaling_method': 'standard', 'imputer__knn_neighbors': 17, 'imputer__imputation_method': 'simple', 'encoder__method': 'target'}",-2348.715893967073,-2961.612974753957,-2386.7053920885346,-2565.6780869365216,280.3974881427365,283,-2228.361424348984,-2257.3620220891144,-2044.5557025646385,-2176.7597163342457,94.22909886695325
81,0,2000,0.4195561408996582,0.005592559330193269,0.1024484634399414,0.003751330660986772,model,10,et,16,standard,"['car_age', 'mileage', 'tax', 'mpg']",2,"['car_age', 'mileage', 'engineSize']",Isolation_Forest,50,"['car_age', 'mileage', 'tax', 'mpg', 'engineSize']","['tax', 'mpg']",0.3,0.3,"ExtraTreesRegressor(max_depth=12, max_features='sqrt', min_samples_leaf=4,
                    min_samples_split=10, n_jobs=-1, random_state=42)",minmax,16,knn_modelwise,target,"{'selector__selection_method': 'model', 'selector__n_features_to_select': 10, 'selector__model_name': 'et', 'selector__k': 16, 'scaler__scaler_name': 'standard', 'outlier_remover__z_columns': ['car_age', 'mileage', 'tax', 'mpg'], 'outlier_remover__threshold': 2, 'outlier_remover__sev_outliers_cols': ['car_age', 'mileage', 'engineSize'], 'outlier_remover__outlier_method': 'Isolation_Forest', 'outlier_remover__n_neighbors': 50, 'outlier_remover__model_columns': ['car_age', 'mileage', 'tax', 'mpg', 'engineSize'], 'outlier_remover__mod_outliers_cols': ['tax', 'mpg'], 'outlier_remover__contamination_LOF': 0.3, 'outlier_remover__contamination_IF': 0.3, 'model': ExtraTreesRegressor(max_depth=12, max_features='sqrt', min_samples_leaf=4,
                    min_samples_split=10, n_jobs=-1, random_state=42), 'imputer__knn_scaling_method': 'minmax', 'imputer__knn_neighbors': 16, 'imputer__imputation_method': 'knn_modelwise', 'encoder__method': 'target'}",-2808.655024118291,-3427.1363688970137,-2964.421345686857,-3066.737579567387,262.65471916116525,340,-2994.9980731972537,-2918.2980355580958,-2907.46966448722,-2940.255257747523,38.96062360499023
82,0,2000,0.2651023070017497,0.0013410492897439972,0.022910912831624348,0.006070450494539491,model,20,et,11,minmax,"['car_age', 'mileage', 'tax', 'mpg']",3,"['car_age', 'mileage']",IQR,50,"['car_age', 'mileage', 'tax', 'mpg']","['car_age', 'mileage', 'tax', 'mpg']",0.05,0.3,"ExtraTreesRegressor(max_depth=12, max_features='sqrt', min_samples_leaf=4,
                    min_samples_split=10, n_jobs=-1, random_state=42)",minmax,12,simple,freq,"{'selector__selection_method': 'model', 'selector__n_features_to_select': 20, 'selector__model_name': 'et', 'selector__k': 11, 'scaler__scaler_name': 'minmax', 'outlier_remover__z_columns': ['car_age', 'mileage', 'tax', 'mpg'], 'outlier_remover__threshold': 3, 'outlier_remover__sev_outliers_cols': ['car_age', 'mileage'], 'outlier_remover__outlier_method': 'IQR', 'outlier_remover__n_neighbors': 50, 'outlier_remover__model_columns': ['car_age', 'mileage', 'tax', 'mpg'], 'outlier_remover__mod_outliers_cols': ['car_age', 'mileage', 'tax', 'mpg'], 'outlier_remover__contamination_LOF': 0.05, 'outlier_remover__contamination_IF': 0.3, 'model': ExtraTreesRegressor(max_depth=12, max_features='sqrt', min_samples_leaf=4,
                    min_samples_split=10, n_jobs=-1, random_state=42), 'imputer__knn_scaling_method': 'minmax', 'imputer__knn_neighbors': 12, 'imputer__imputation_method': 'simple', 'encoder__method': 'freq'}",-2678.460168003046,-3038.9798641421926,-2567.054432018136,-2761.4981547211246,201.4114922242741,308,-2402.1082836821047,-2531.0787838742744,-2395.597159757123,-2442.928075771167,62.388616418921664
83,0,2000,0.5355056921641032,0.0056567665453783065,0.10600169499715169,0.009533189314710007,model,5,rf,6,minmax,"['car_age', 'mileage', 'tax', 'mpg']",2,"['car_age', 'mileage']",IQR,100,"['car_age', 'mileage', 'tax', 'mpg']","['car_age', 'mileage', 'tax', 'mpg']",0.5,0.05,"RandomForestRegressor(max_depth=12, max_features='sqrt', min_samples_leaf=4,
                      min_samples_split=10, random_state=42)",robust,16,knn_modelwise,freq,"{'selector__selection_method': 'model', 'selector__n_features_to_select': 5, 'selector__model_name': 'rf', 'selector__k': 6, 'scaler__scaler_name': 'minmax', 'outlier_remover__z_columns': ['car_age', 'mileage', 'tax', 'mpg'], 'outlier_remover__threshold': 2, 'outlier_remover__sev_outliers_cols': ['car_age', 'mileage'], 'outlier_remover__outlier_method': 'IQR', 'outlier_remover__n_neighbors': 100, 'outlier_remover__model_columns': ['car_age', 'mileage', 'tax', 'mpg'], 'outlier_remover__mod_outliers_cols': ['car_age', 'mileage', 'tax', 'mpg'], 'outlier_remover__contamination_LOF': 0.5, 'outlier_remover__contamination_IF': 0.05, 'model': RandomForestRegressor(max_depth=12, max_features='sqrt', min_samples_leaf=4,
                      min_samples_split=10, random_state=42), 'imputer__knn_scaling_method': 'robust', 'imputer__knn_neighbors': 16, 'imputer__imputation_method': 'knn_modelwise', 'encoder__method': 'freq'}",-2489.281608842482,-2874.501861694381,-2529.440846962321,-2631.0747724997277,172.90797536440726,289,-2109.189761438544,-2166.0876457502754,-2005.5093934165182,-2093.5956002017792,66.47669856999829
84,0,2000,0.4415171146392822,0.004669442587449394,0.011355320612589518,0.000255384795006497,model,20,rf,10,robust,"['car_age', 'mileage', 'tax', 'mpg']",2,"['car_age', 'mileage', 'engineSize']",z_score,30,"['car_age', 'mileage', 'tax', 'mpg', 'engineSize']","['car_age', 'mileage', 'tax', 'mpg']",0.5,0.5,"RandomForestRegressor(max_depth=12, max_features='sqrt', min_samples_leaf=4,
                      min_samples_split=10, random_state=42)",robust,15,iterative,target,"{'selector__selection_method': 'model', 'selector__n_features_to_select': 20, 'selector__model_name': 'rf', 'selector__k': 10, 'scaler__scaler_name': 'robust', 'outlier_remover__z_columns': ['car_age', 'mileage', 'tax', 'mpg'], 'outlier_remover__threshold': 2, 'outlier_remover__sev_outliers_cols': ['car_age', 'mileage', 'engineSize'], 'outlier_remover__outlier_method': 'z_score', 'outlier_remover__n_neighbors': 30, 'outlier_remover__model_columns': ['car_age', 'mileage', 'tax', 'mpg', 'engineSize'], 'outlier_remover__mod_outliers_cols': ['car_age', 'mileage', 'tax', 'mpg'], 'outlier_remover__contamination_LOF': 0.5, 'outlier_remover__contamination_IF': 0.5, 'model': RandomForestRegressor(max_depth=12, max_features='sqrt', min_samples_leaf=4,
                      min_samples_split=10, random_state=42), 'imputer__knn_scaling_method': 'robust', 'imputer__knn_neighbors': 15, 'imputer__imputation_method': 'iterative', 'encoder__method': 'target'}",-2102.8416352818767,-2565.9166186404777,-2136.071803336772,-2268.2766857530423,210.8999893380225,173,-1769.3959042588842,-1729.809466815527,-1617.230035052305,-1705.4784687089057,64.4598636853288
85,0,2000,0.423404057820638,0.013932252402860336,0.09941991170247395,0.005500975217653137,model,8,et,16,standard,"['car_age', 'mileage', 'tax', 'mpg']",3,"['car_age', 'mileage', 'engineSize']",z_score,30,"['car_age', 'mileage', 'tax', 'mpg']","['tax', 'mpg']",0.15,0.05,"ExtraTreesRegressor(max_depth=12, max_features='sqrt', min_samples_leaf=4,
                    min_samples_split=10, n_jobs=-1, random_state=42)",robust,15,knn_modelwise,target,"{'selector__selection_method': 'model', 'selector__n_features_to_select': 8, 'selector__model_name': 'et', 'selector__k': 16, 'scaler__scaler_name': 'standard', 'outlier_remover__z_columns': ['car_age', 'mileage', 'tax', 'mpg'], 'outlier_remover__threshold': 3, 'outlier_remover__sev_outliers_cols': ['car_age', 'mileage', 'engineSize'], 'outlier_remover__outlier_method': 'z_score', 'outlier_remover__n_neighbors': 30, 'outlier_remover__model_columns': ['car_age', 'mileage', 'tax', 'mpg'], 'outlier_remover__mod_outliers_cols': ['tax', 'mpg'], 'outlier_remover__contamination_LOF': 0.15, 'outlier_remover__contamination_IF': 0.05, 'model': ExtraTreesRegressor(max_depth=12, max_features='sqrt', min_samples_leaf=4,
                    min_samples_split=10, n_jobs=-1, random_state=42), 'imputer__knn_scaling_method': 'robust', 'imputer__knn_neighbors': 15, 'imputer__imputation_method': 'knn_modelwise', 'encoder__method': 'target'}",-2379.035579693806,-2891.074657983829,-2334.580590010754,-2534.8969425627965,252.50872625032156,260,-2186.473353853379,-2260.322327311994,-2048.472778888785,-2165.0894866847193,87.79905133540095
86,0,2000,1.4023205439249675,0.013067809977236762,0.09331742922465007,0.003967391661506821,rfe,6,rf,16,standard,"['car_age', 'mileage', 'tax', 'mpg']",2,"['car_age', 'mileage']",LOF,100,"['car_age', 'mileage', 'tax', 'mpg', 'engineSize']","['tax', 'mpg']",0.15,0.15,"RandomForestRegressor(max_depth=12, max_features='sqrt', min_samples_leaf=4,
                      min_samples_split=10, random_state=42)",minmax,5,knn_modelwise,freq,"{'selector__selection_method': 'rfe', 'selector__n_features_to_select': 6, 'selector__model_name': 'rf', 'selector__k': 16, 'scaler__scaler_name': 'standard', 'outlier_remover__z_columns': ['car_age', 'mileage', 'tax', 'mpg'], 'outlier_remover__threshold': 2, 'outlier_remover__sev_outliers_cols': ['car_age', 'mileage'], 'outlier_remover__outlier_method': 'LOF', 'outlier_remover__n_neighbors': 100, 'outlier_remover__model_columns': ['car_age', 'mileage', 'tax', 'mpg', 'engineSize'], 'outlier_remover__mod_outliers_cols': ['tax', 'mpg'], 'outlier_remover__contamination_LOF': 0.15, 'outlier_remover__contamination_IF': 0.15, 'model': RandomForestRegressor(max_depth=12, max_features='sqrt', min_samples_leaf=4,
                      min_samples_split=10, random_state=42), 'imputer__knn_scaling_method': 'minmax', 'imputer__knn_neighbors': 5, 'imputer__imputation_method': 'knn_modelwise', 'encoder__method': 'freq'}",-2595.1310214030113,-3029.488051345762,-2731.682000131469,-2785.433690960081,181.35313721277404,310,-2338.827346811627,-2345.6828525583787,-2312.7600725294137,-2332.4234239664734,14.18297176344267
87,0,2000,0.10554734865824382,0.007205494760647699,0.03349526723225912,0.005664571937880339,kbest,14,et,5,minmax,"['car_age', 'mileage', 'tax', 'mpg']",3,"['car_age', 'mileage']",IQR,100,"['car_age', 'mileage', 'tax', 'mpg']","['car_age', 'mileage', 'tax', 'mpg']",0.3,0.5,"ExtraTreesRegressor(max_depth=12, max_features='sqrt', min_samples_leaf=4,
                    min_samples_split=10, n_jobs=-1, random_state=42)",standard,17,iterative,freq,"{'selector__selection_method': 'kbest', 'selector__n_features_to_select': 14, 'selector__model_name': 'et', 'selector__k': 5, 'scaler__scaler_name': 'minmax', 'outlier_remover__z_columns': ['car_age', 'mileage', 'tax', 'mpg'], 'outlier_remover__threshold': 3, 'outlier_remover__sev_outliers_cols': ['car_age', 'mileage'], 'outlier_remover__outlier_method': 'IQR', 'outlier_remover__n_neighbors': 100, 'outlier_remover__model_columns': ['car_age', 'mileage', 'tax', 'mpg'], 'outlier_remover__mod_outliers_cols': ['car_age', 'mileage', 'tax', 'mpg'], 'outlier_remover__contamination_LOF': 0.3, 'outlier_remover__contamination_IF': 0.5, 'model': ExtraTreesRegressor(max_depth=12, max_features='sqrt', min_samples_leaf=4,
                    min_samples_split=10, n_jobs=-1, random_state=42), 'imputer__knn_scaling_method': 'standard', 'imputer__knn_neighbors': 17, 'imputer__imputation_method': 'iterative', 'encoder__method': 'freq'}",-3081.7789622668256,-3461.934663882696,-2880.5343709994336,-3141.415999049652,241.07261320794746,356,-2914.7308109857795,-3078.793526802115,-2855.6451295783872,-2949.723155788761,94.40038821243517
88,0,2000,0.08330225944519043,0.0017142336292245638,0.004213809967041016,5.870070067824603e-05,rfe,24,dt,15,minmax,"['car_age', 'mileage', 'tax', 'mpg']",2,"['car_age', 'mileage', 'engineSize']",Isolation_Forest,30,"['car_age', 'mileage', 'tax', 'mpg', 'engineSize']","['tax', 'mpg']",0.3,0.3,"DecisionTreeRegressor(max_depth=10, max_features='sqrt', min_samples_leaf=4,
                      min_samples_split=10, random_state=42)",robust,19,simple,target,"{'selector__selection_method': 'rfe', 'selector__n_features_to_select': 24, 'selector__model_name': 'dt', 'selector__k': 15, 'scaler__scaler_name': 'minmax', 'outlier_remover__z_columns': ['car_age', 'mileage', 'tax', 'mpg'], 'outlier_remover__threshold': 2, 'outlier_remover__sev_outliers_cols': ['car_age', 'mileage', 'engineSize'], 'outlier_remover__outlier_method': 'Isolation_Forest', 'outlier_remover__n_neighbors': 30, 'outlier_remover__model_columns': ['car_age', 'mileage', 'tax', 'mpg', 'engineSize'], 'outlier_remover__mod_outliers_cols': ['tax', 'mpg'], 'outlier_remover__contamination_LOF': 0.3, 'outlier_remover__contamination_IF': 0.3, 'model': DecisionTreeRegressor(max_depth=10, max_features='sqrt', min_samples_leaf=4,
                      min_samples_split=10, random_state=42), 'imputer__knn_scaling_method': 'robust', 'imputer__knn_neighbors': 19, 'imputer__imputation_method': 'simple', 'encoder__method': 'target'}",-3317.829802510807,-3820.5264113516487,-3574.9506810475423,-3571.1022983033326,205.24307162050562,386,-3174.9828011693953,-3037.0994861625504,-3084.539070611878,-3098.873785981274,57.19595083488817
89,0,2000,0.37823692957560223,0.002305384743543608,0.0053755442301432295,2.1510001529178496e-05,model,15,rf,17,minmax,"['car_age', 'mileage', 'tax', 'mpg']",2,"['car_age', 'mileage', 'engineSize']",z_score,90,"['car_age', 'mileage', 'tax', 'mpg']","['car_age', 'mileage', 'tax', 'mpg']",0.05,0.15,"GradientBoostingRegressor(max_depth=5, max_features='sqrt', min_samples_leaf=4,
                          min_samples_split=10, random_state=42, subsample=0.8)",minmax,12,simple,target,"{'selector__selection_method': 'model', 'selector__n_features_to_select': 15, 'selector__model_name': 'rf', 'selector__k': 17, 'scaler__scaler_name': 'minmax', 'outlier_remover__z_columns': ['car_age', 'mileage', 'tax', 'mpg'], 'outlier_remover__threshold': 2, 'outlier_remover__sev_outliers_cols': ['car_age', 'mileage', 'engineSize'], 'outlier_remover__outlier_method': 'z_score', 'outlier_remover__n_neighbors': 90, 'outlier_remover__model_columns': ['car_age', 'mileage', 'tax', 'mpg'], 'outlier_remover__mod_outliers_cols': ['car_age', 'mileage', 'tax', 'mpg'], 'outlier_remover__contamination_LOF': 0.05, 'outlier_remover__contamination_IF': 0.15, 'model': GradientBoostingRegressor(max_depth=5, max_features='sqrt', min_samples_leaf=4,
                          min_samples_split=10, random_state=42, subsample=0.8), 'imputer__knn_scaling_method': 'minmax', 'imputer__knn_neighbors': 12, 'imputer__imputation_method': 'simple', 'encoder__method': 'target'}",-2137.150992116263,-2384.3323583103265,-2053.3121459608815,-2191.5984987958236,140.5157013378067,145,-1487.4486671862883,-1499.0123945350263,-1276.6405211533784,-1421.0338609582311,102.21059104466201
90,0,2000,0.3849751949310303,0.006828487175119864,0.00980981190999349,0.00020184216448403583,model,18,rf,7,standard,"['car_age', 'mileage', 'tax', 'mpg']",3,"['car_age', 'mileage']",z_score,50,"['car_age', 'mileage', 'tax', 'mpg', 'engineSize']","['tax', 'mpg']",0.05,0.15,"RandomForestRegressor(max_depth=12, max_features='sqrt', min_samples_leaf=4,
                      min_samples_split=10, random_state=42)",robust,17,simple,freq,"{'selector__selection_method': 'model', 'selector__n_features_to_select': 18, 'selector__model_name': 'rf', 'selector__k': 7, 'scaler__scaler_name': 'standard', 'outlier_remover__z_columns': ['car_age', 'mileage', 'tax', 'mpg'], 'outlier_remover__threshold': 3, 'outlier_remover__sev_outliers_cols': ['car_age', 'mileage'], 'outlier_remover__outlier_method': 'z_score', 'outlier_remover__n_neighbors': 50, 'outlier_remover__model_columns': ['car_age', 'mileage', 'tax', 'mpg', 'engineSize'], 'outlier_remover__mod_outliers_cols': ['tax', 'mpg'], 'outlier_remover__contamination_LOF': 0.05, 'outlier_remover__contamination_IF': 0.15, 'model': RandomForestRegressor(max_depth=12, max_features='sqrt', min_samples_leaf=4,
                      min_samples_split=10, random_state=42), 'imputer__knn_scaling_method': 'robust', 'imputer__knn_neighbors': 17, 'imputer__imputation_method': 'simple', 'encoder__method': 'freq'}",-2451.0769273355972,-2773.2833615306067,-2425.62316713165,-2549.9944853326183,158.23066528004944,277,-2077.8424009339333,-2123.6568535932174,-2021.5109602908108,-2074.3367382726537,41.7744988612086
91,0,2000,0.13028033574422201,0.0030740042568551456,0.007455348968505859,0.0004070862085510826,kbest,5,rf,6,minmax,"['car_age', 'mileage', 'tax', 'mpg']",3,"['car_age', 'mileage', 'engineSize']",Isolation_Forest,70,"['car_age', 'mileage', 'tax', 'mpg', 'engineSize']","['tax', 'mpg']",0.05,0.5,"GradientBoostingRegressor(max_depth=5, max_features='sqrt', min_samples_leaf=4,
                          min_samples_split=10, random_state=42, subsample=0.8)",standard,20,iterative,freq,"{'selector__selection_method': 'kbest', 'selector__n_features_to_select': 5, 'selector__model_name': 'rf', 'selector__k': 6, 'scaler__scaler_name': 'minmax', 'outlier_remover__z_columns': ['car_age', 'mileage', 'tax', 'mpg'], 'outlier_remover__threshold': 3, 'outlier_remover__sev_outliers_cols': ['car_age', 'mileage', 'engineSize'], 'outlier_remover__outlier_method': 'Isolation_Forest', 'outlier_remover__n_neighbors': 70, 'outlier_remover__model_columns': ['car_age', 'mileage', 'tax', 'mpg', 'engineSize'], 'outlier_remover__mod_outliers_cols': ['tax', 'mpg'], 'outlier_remover__contamination_LOF': 0.05, 'outlier_remover__contamination_IF': 0.5, 'model': GradientBoostingRegressor(max_depth=5, max_features='sqrt', min_samples_leaf=4,
                          min_samples_split=10, random_state=42, subsample=0.8), 'imputer__knn_scaling_method': 'standard', 'imputer__knn_neighbors': 20, 'imputer__imputation_method': 'iterative', 'encoder__method': 'freq'}",-2980.593894494424,-3711.1390223873755,-3403.3986696413854,-3365.0438621743947,299.474388903742,372,-2852.792902014024,-2926.809657415161,-3082.450438450021,-2954.017665959735,95.71085903972805
92,0,2000,0.2619012196858724,0.019418668966564013,0.15616742769877115,0.011457508395625385,kbest,9,et,7,minmax,"['car_age', 'mileage', 'tax', 'mpg']",3,"['car_age', 'mileage']",IQR,100,"['car_age', 'mileage', 'tax', 'mpg']","['tax', 'mpg']",0.5,0.5,"ExtraTreesRegressor(max_depth=12, max_features='sqrt', min_samples_leaf=4,
                    min_samples_split=10, n_jobs=-1, random_state=42)",robust,15,knn_modelwise,freq,"{'selector__selection_method': 'kbest', 'selector__n_features_to_select': 9, 'selector__model_name': 'et', 'selector__k': 7, 'scaler__scaler_name': 'minmax', 'outlier_remover__z_columns': ['car_age', 'mileage', 'tax', 'mpg'], 'outlier_remover__threshold': 3, 'outlier_remover__sev_outliers_cols': ['car_age', 'mileage'], 'outlier_remover__outlier_method': 'IQR', 'outlier_remover__n_neighbors': 100, 'outlier_remover__model_columns': ['car_age', 'mileage', 'tax', 'mpg'], 'outlier_remover__mod_outliers_cols': ['tax', 'mpg'], 'outlier_remover__contamination_LOF': 0.5, 'outlier_remover__contamination_IF': 0.5, 'model': ExtraTreesRegressor(max_depth=12, max_features='sqrt', min_samples_leaf=4,
                    min_samples_split=10, n_jobs=-1, random_state=42), 'imputer__knn_scaling_method': 'robust', 'imputer__knn_neighbors': 15, 'imputer__imputation_method': 'knn_modelwise', 'encoder__method': 'freq'}",-3103.687052193632,-3592.6103156930094,-2994.1016517252087,-3230.1330065372836,260.18530542485547,363,-3010.3150132411215,-3205.167099357867,-3031.038419339221,-3082.1735106460696,87.38013518808381
93,0,2000,0.1592573324839274,0.010922709534063357,0.014117558797200521,0.0030945708587417197,kbest,19,rf,22,standard,"['car_age', 'mileage', 'tax', 'mpg']",2,"['car_age', 'mileage']",LOF,100,"['car_age', 'mileage', 'tax', 'mpg', 'engineSize']","['tax', 'mpg']",0.15,0.15,"RandomForestRegressor(max_depth=12, max_features='sqrt', min_samples_leaf=4,
                      min_samples_split=10, random_state=42)",robust,11,iterative,freq,"{'selector__selection_method': 'kbest', 'selector__n_features_to_select': 19, 'selector__model_name': 'rf', 'selector__k': 22, 'scaler__scaler_name': 'standard', 'outlier_remover__z_columns': ['car_age', 'mileage', 'tax', 'mpg'], 'outlier_remover__threshold': 2, 'outlier_remover__sev_outliers_cols': ['car_age', 'mileage'], 'outlier_remover__outlier_method': 'LOF', 'outlier_remover__n_neighbors': 100, 'outlier_remover__model_columns': ['car_age', 'mileage', 'tax', 'mpg', 'engineSize'], 'outlier_remover__mod_outliers_cols': ['tax', 'mpg'], 'outlier_remover__contamination_LOF': 0.15, 'outlier_remover__contamination_IF': 0.15, 'model': RandomForestRegressor(max_depth=12, max_features='sqrt', min_samples_leaf=4,
                      min_samples_split=10, random_state=42), 'imputer__knn_scaling_method': 'robust', 'imputer__knn_neighbors': 11, 'imputer__imputation_method': 'iterative', 'encoder__method': 'freq'}",-2554.9856046210366,-2980.721562265135,-2699.805149830907,-2745.170772239026,176.74144237678848,302,-2310.765885530536,-2322.8774019597035,-2254.6671864748287,-2296.1034913216895,29.71416864140716
94,0,2000,0.05366905530293783,0.00304417743040221,0.005212942759195964,8.839732996308919e-05,model,17,dt,5,standard,"['car_age', 'mileage', 'tax', 'mpg']",2,"['car_age', 'mileage', 'engineSize']",LOF,50,"['car_age', 'mileage', 'tax', 'mpg']","['tax', 'mpg']",0.5,0.3,"DecisionTreeRegressor(max_depth=10, max_features='sqrt', min_samples_leaf=4,
                      min_samples_split=10, random_state=42)",robust,10,iterative,freq,"{'selector__selection_method': 'model', 'selector__n_features_to_select': 17, 'selector__model_name': 'dt', 'selector__k': 5, 'scaler__scaler_name': 'standard', 'outlier_remover__z_columns': ['car_age', 'mileage', 'tax', 'mpg'], 'outlier_remover__threshold': 2, 'outlier_remover__sev_outliers_cols': ['car_age', 'mileage', 'engineSize'], 'outlier_remover__outlier_method': 'LOF', 'outlier_remover__n_neighbors': 50, 'outlier_remover__model_columns': ['car_age', 'mileage', 'tax', 'mpg'], 'outlier_remover__mod_outliers_cols': ['tax', 'mpg'], 'outlier_remover__contamination_LOF': 0.5, 'outlier_remover__contamination_IF': 0.3, 'model': DecisionTreeRegressor(max_depth=10, max_features='sqrt', min_samples_leaf=4,
                      min_samples_split=10, random_state=42), 'imputer__knn_scaling_method': 'robust', 'imputer__knn_neighbors': 10, 'imputer__imputation_method': 'iterative', 'encoder__method': 'freq'}",-3368.241709213606,-3635.031184764786,-3333.3320406874623,-3445.5349782219514,134.7498434377439,378,-3236.548774840672,-3205.7422112095387,-2847.5107169884327,-3096.600567679548,176.5815701570265
95,0,2000,0.4532650311787923,0.012057340621110139,0.10576192537943523,0.003869055400619161,rfe,15,rf,10,minmax,"['car_age', 'mileage', 'tax', 'mpg']",2,"['car_age', 'mileage']",Isolation_Forest,70,"['car_age', 'mileage', 'tax', 'mpg']","['tax', 'mpg']",0.15,0.5,"RandomForestRegressor(max_depth=12, max_features='sqrt', min_samples_leaf=4,
                      min_samples_split=10, random_state=42)",minmax,12,knn_modelwise,freq,"{'selector__selection_method': 'rfe', 'selector__n_features_to_select': 15, 'selector__model_name': 'rf', 'selector__k': 10, 'scaler__scaler_name': 'minmax', 'outlier_remover__z_columns': ['car_age', 'mileage', 'tax', 'mpg'], 'outlier_remover__threshold': 2, 'outlier_remover__sev_outliers_cols': ['car_age', 'mileage'], 'outlier_remover__outlier_method': 'Isolation_Forest', 'outlier_remover__n_neighbors': 70, 'outlier_remover__model_columns': ['car_age', 'mileage', 'tax', 'mpg'], 'outlier_remover__mod_outliers_cols': ['tax', 'mpg'], 'outlier_remover__contamination_LOF': 0.15, 'outlier_remover__contamination_IF': 0.5, 'model': RandomForestRegressor(max_depth=12, max_features='sqrt', min_samples_leaf=4,
                      min_samples_split=10, random_state=42), 'imputer__knn_scaling_method': 'minmax', 'imputer__knn_neighbors': 12, 'imputer__imputation_method': 'knn_modelwise', 'encoder__method': 'freq'}",-3134.1800295232024,-3978.2146348031497,-3344.295668518141,-3485.5634442814976,358.7627276063885,382,-3299.652226289399,-3413.380538698979,-3139.19690443452,-3284.0765564742997,112.4755305011076
96,0,2000,0.14654302597045898,0.014114024614521764,0.011305729548136393,6.532388682663595e-05,kbest,15,rf,24,minmax,"['car_age', 'mileage', 'tax', 'mpg']",3,"['car_age', 'mileage']",IQR,70,"['car_age', 'mileage', 'tax', 'mpg', 'engineSize']","['tax', 'mpg']",0.3,0.15,"RandomForestRegressor(max_depth=12, max_features='sqrt', min_samples_leaf=4,
                      min_samples_split=10, random_state=42)",robust,18,iterative,freq,"{'selector__selection_method': 'kbest', 'selector__n_features_to_select': 15, 'selector__model_name': 'rf', 'selector__k': 24, 'scaler__scaler_name': 'minmax', 'outlier_remover__z_columns': ['car_age', 'mileage', 'tax', 'mpg'], 'outlier_remover__threshold': 3, 'outlier_remover__sev_outliers_cols': ['car_age', 'mileage'], 'outlier_remover__outlier_method': 'IQR', 'outlier_remover__n_neighbors': 70, 'outlier_remover__model_columns': ['car_age', 'mileage', 'tax', 'mpg', 'engineSize'], 'outlier_remover__mod_outliers_cols': ['tax', 'mpg'], 'outlier_remover__contamination_LOF': 0.3, 'outlier_remover__contamination_IF': 0.15, 'model': RandomForestRegressor(max_depth=12, max_features='sqrt', min_samples_leaf=4,
                      min_samples_split=10, random_state=42), 'imputer__knn_scaling_method': 'robust', 'imputer__knn_neighbors': 18, 'imputer__imputation_method': 'iterative', 'encoder__method': 'freq'}",-2396.4001164023152,-2788.454551203904,-2456.6018295367,-2547.152165714306,172.38753338202167,271,-2001.0904864776282,-2080.662184821154,-1941.0592479729828,-2007.6039730905884,57.17845821083042
97,0,2000,0.4166458447774251,0.008800644278080794,0.009796380996704102,0.00011020837032838814,model,7,rf,16,minmax,"['car_age', 'mileage', 'tax', 'mpg']",3,"['car_age', 'mileage', 'engineSize']",z_score,70,"['car_age', 'mileage', 'tax', 'mpg', 'engineSize']","['tax', 'mpg']",0.3,0.3,"RandomForestRegressor(max_depth=12, max_features='sqrt', min_samples_leaf=4,
                      min_samples_split=10, random_state=42)",minmax,19,simple,target,"{'selector__selection_method': 'model', 'selector__n_features_to_select': 7, 'selector__model_name': 'rf', 'selector__k': 16, 'scaler__scaler_name': 'minmax', 'outlier_remover__z_columns': ['car_age', 'mileage', 'tax', 'mpg'], 'outlier_remover__threshold': 3, 'outlier_remover__sev_outliers_cols': ['car_age', 'mileage', 'engineSize'], 'outlier_remover__outlier_method': 'z_score', 'outlier_remover__n_neighbors': 70, 'outlier_remover__model_columns': ['car_age', 'mileage', 'tax', 'mpg', 'engineSize'], 'outlier_remover__mod_outliers_cols': ['tax', 'mpg'], 'outlier_remover__contamination_LOF': 0.3, 'outlier_remover__contamination_IF': 0.3, 'model': RandomForestRegressor(max_depth=12, max_features='sqrt', min_samples_leaf=4,
                      min_samples_split=10, random_state=42), 'imputer__knn_scaling_method': 'minmax', 'imputer__knn_neighbors': 19, 'imputer__imputation_method': 'simple', 'encoder__method': 'target'}",-2141.3677001449687,-2537.0141572222806,-2098.6200680794545,-2259.0006418155676,197.35834763765965,165,-1794.5566282195332,-1765.7339953241922,-1646.3918997662286,-1735.560841103318,64.14052861302734
98,0,2000,0.5561076800028483,0.010412124226623822,0.09359224637349446,0.0056469349187417,model,17,rf,16,standard,"['car_age', 'mileage', 'tax', 'mpg']",3,"['car_age', 'mileage', 'engineSize']",IQR,30,"['car_age', 'mileage', 'tax', 'mpg']","['car_age', 'mileage', 'tax', 'mpg']",0.05,0.05,"RandomForestRegressor(max_depth=12, max_features='sqrt', min_samples_leaf=4,
                      min_samples_split=10, random_state=42)",robust,15,knn_modelwise,target,"{'selector__selection_method': 'model', 'selector__n_features_to_select': 17, 'selector__model_name': 'rf', 'selector__k': 16, 'scaler__scaler_name': 'standard', 'outlier_remover__z_columns': ['car_age', 'mileage', 'tax', 'mpg'], 'outlier_remover__threshold': 3, 'outlier_remover__sev_outliers_cols': ['car_age', 'mileage', 'engineSize'], 'outlier_remover__outlier_method': 'IQR', 'outlier_remover__n_neighbors': 30, 'outlier_remover__model_columns': ['car_age', 'mileage', 'tax', 'mpg'], 'outlier_remover__mod_outliers_cols': ['car_age', 'mileage', 'tax', 'mpg'], 'outlier_remover__contamination_LOF': 0.05, 'outlier_remover__contamination_IF': 0.05, 'model': RandomForestRegressor(max_depth=12, max_features='sqrt', min_samples_leaf=4,
                      min_samples_split=10, random_state=42), 'imputer__knn_scaling_method': 'robust', 'imputer__knn_neighbors': 15, 'imputer__imputation_method': 'knn_modelwise', 'encoder__method': 'target'}",-2103.3271445630085,-2570.5244017926434,-2136.5287688357735,-2270.126771730475,212.8452318373031,175,-1796.4805695791,-1757.277434328942,-1635.646932093195,-1729.8016453337457,68.47410202608621
99,0,2000,0.10177572568257649,0.003397451436052011,0.005608081817626953,0.00010722317304703245,rfe,13,dt,23,standard,"['car_age', 'mileage', 'tax', 'mpg']",2,"['car_age', 'mileage', 'engineSize']",Isolation_Forest,70,"['car_age', 'mileage', 'tax', 'mpg']","['tax', 'mpg']",0.15,0.5,"DecisionTreeRegressor(max_depth=10, max_features='sqrt', min_samples_leaf=4,
                      min_samples_split=10, random_state=42)",minmax,18,iterative,target,"{'selector__selection_method': 'rfe', 'selector__n_features_to_select': 13, 'selector__model_name': 'dt', 'selector__k': 23, 'scaler__scaler_name': 'standard', 'outlier_remover__z_columns': ['car_age', 'mileage', 'tax', 'mpg'], 'outlier_remover__threshold': 2, 'outlier_remover__sev_outliers_cols': ['car_age', 'mileage', 'engineSize'], 'outlier_remover__outlier_method': 'Isolation_Forest', 'outlier_remover__n_neighbors': 70, 'outlier_remover__model_columns': ['car_age', 'mileage', 'tax', 'mpg'], 'outlier_remover__mod_outliers_cols': ['tax', 'mpg'], 'outlier_remover__contamination_LOF': 0.15, 'outlier_remover__contamination_IF': 0.5, 'model': DecisionTreeRegressor(max_depth=10, max_features='sqrt', min_samples_leaf=4,
                      min_samples_split=10, random_state=42), 'imputer__knn_scaling_method': 'minmax', 'imputer__knn_neighbors': 18, 'imputer__imputation_method': 'iterative', 'encoder__method': 'target'}",-3561.9712801360665,-4262.409123212112,-3347.2431488832535,-3723.874517410477,390.7613797210712,391,-3372.3777961904498,-3404.190925298278,-3007.705285729848,-3261.4246690728583,179.8761850252853
100,0,2000,0.19469896952311197,0.015135648680537257,0.09480595588684082,0.013903206480313733,rfe,12,dt,9,standard,"['car_age', 'mileage', 'tax', 'mpg']",2,"['car_age', 'mileage', 'engineSize']",LOF,90,"['car_age', 'mileage', 'tax', 'mpg', 'engineSize']","['car_age', 'mileage', 'tax', 'mpg']",0.05,0.5,"DecisionTreeRegressor(max_depth=10, max_features='sqrt', min_samples_leaf=4,
                      min_samples_split=10, random_state=42)",robust,20,knn_modelwise,target,"{'selector__selection_method': 'rfe', 'selector__n_features_to_select': 12, 'selector__model_name': 'dt', 'selector__k': 9, 'scaler__scaler_name': 'standard', 'outlier_remover__z_columns': ['car_age', 'mileage', 'tax', 'mpg'], 'outlier_remover__threshold': 2, 'outlier_remover__sev_outliers_cols': ['car_age', 'mileage', 'engineSize'], 'outlier_remover__outlier_method': 'LOF', 'outlier_remover__n_neighbors': 90, 'outlier_remover__model_columns': ['car_age', 'mileage', 'tax', 'mpg', 'engineSize'], 'outlier_remover__mod_outliers_cols': ['car_age', 'mileage', 'tax', 'mpg'], 'outlier_remover__contamination_LOF': 0.05, 'outlier_remover__contamination_IF': 0.5, 'model': DecisionTreeRegressor(max_depth=10, max_features='sqrt', min_samples_leaf=4,
                      min_samples_split=10, random_state=42), 'imputer__knn_scaling_method': 'robust', 'imputer__knn_neighbors': 20, 'imputer__imputation_method': 'knn_modelwise', 'encoder__method': 'target'}",-3026.01101306027,-3561.9153785016847,-3244.114157119275,-3277.34684956041,220.04042221064228,368,-2328.7358718779965,-2326.456533073762,-2286.0265958374407,-2313.7396669297327,19.61818167535681
101,0,2000,0.24691899617513022,0.003005420294459,0.024300654729207356,0.006331498855163894,rfe,20,et,10,minmax,"['car_age', 'mileage', 'tax', 'mpg']",3,"['car_age', 'mileage', 'engineSize']",Isolation_Forest,70,"['car_age', 'mileage', 'tax', 'mpg', 'engineSize']","['car_age', 'mileage', 'tax', 'mpg']",0.3,0.5,"ExtraTreesRegressor(max_depth=12, max_features='sqrt', min_samples_leaf=4,
                    min_samples_split=10, n_jobs=-1, random_state=42)",minmax,18,iterative,freq,"{'selector__selection_method': 'rfe', 'selector__n_features_to_select': 20, 'selector__model_name': 'et', 'selector__k': 10, 'scaler__scaler_name': 'minmax', 'outlier_remover__z_columns': ['car_age', 'mileage', 'tax', 'mpg'], 'outlier_remover__threshold': 3, 'outlier_remover__sev_outliers_cols': ['car_age', 'mileage', 'engineSize'], 'outlier_remover__outlier_method': 'Isolation_Forest', 'outlier_remover__n_neighbors': 70, 'outlier_remover__model_columns': ['car_age', 'mileage', 'tax', 'mpg', 'engineSize'], 'outlier_remover__mod_outliers_cols': ['car_age', 'mileage', 'tax', 'mpg'], 'outlier_remover__contamination_LOF': 0.3, 'outlier_remover__contamination_IF': 0.5, 'model': ExtraTreesRegressor(max_depth=12, max_features='sqrt', min_samples_leaf=4,
                    min_samples_split=10, n_jobs=-1, random_state=42), 'imputer__knn_scaling_method': 'minmax', 'imputer__knn_neighbors': 18, 'imputer__imputation_method': 'iterative', 'encoder__method': 'freq'}",-3376.0938408377624,-4234.241799492398,-3613.699880814808,-3741.3451737149894,361.77752863277675,392,-3662.9791814433606,-3729.5835560181677,-3619.99788156059,-3670.8535396740394,45.083323966032346
102,0,2000,0.2274951934814453,0.012927005117342905,0.11040139198303223,0.015994338561452562,kbest,14,rf,5,robust,"['car_age', 'mileage', 'tax', 'mpg']",3,"['car_age', 'mileage', 'engineSize']",LOF,100,"['car_age', 'mileage', 'tax', 'mpg']","['car_age', 'mileage', 'tax', 'mpg']",0.5,0.15,"GradientBoostingRegressor(max_depth=5, max_features='sqrt', min_samples_leaf=4,
                          min_samples_split=10, random_state=42, subsample=0.8)",minmax,15,knn_modelwise,freq,"{'selector__selection_method': 'kbest', 'selector__n_features_to_select': 14, 'selector__model_name': 'rf', 'selector__k': 5, 'scaler__scaler_name': 'robust', 'outlier_remover__z_columns': ['car_age', 'mileage', 'tax', 'mpg'], 'outlier_remover__threshold': 3, 'outlier_remover__sev_outliers_cols': ['car_age', 'mileage', 'engineSize'], 'outlier_remover__outlier_method': 'LOF', 'outlier_remover__n_neighbors': 100, 'outlier_remover__model_columns': ['car_age', 'mileage', 'tax', 'mpg'], 'outlier_remover__mod_outliers_cols': ['car_age', 'mileage', 'tax', 'mpg'], 'outlier_remover__contamination_LOF': 0.5, 'outlier_remover__contamination_IF': 0.15, 'model': GradientBoostingRegressor(max_depth=5, max_features='sqrt', min_samples_leaf=4,
                          min_samples_split=10, random_state=42, subsample=0.8), 'imputer__knn_scaling_method': 'minmax', 'imputer__knn_neighbors': 15, 'imputer__imputation_method': 'knn_modelwise', 'encoder__method': 'freq'}",-3015.4831574996697,-3259.688057372166,-3025.836388658828,-3100.3358678435548,112.75825935611283,349,-2604.0770112326963,-2615.045370817526,-2463.8376776139776,-2560.9866865547333,68.84050978711012
103,0,2000,0.09033338228861491,0.0016054498883277311,0.008526007334391275,0.002209406284141042,kbest,6,rf,13,robust,"['car_age', 'mileage', 'tax', 'mpg']",3,"['car_age', 'mileage']",LOF,90,"['car_age', 'mileage', 'tax', 'mpg']","['tax', 'mpg']",0.15,0.3,"GradientBoostingRegressor(max_depth=5, max_features='sqrt', min_samples_leaf=4,
                          min_samples_split=10, random_state=42, subsample=0.8)",robust,19,simple,freq,"{'selector__selection_method': 'kbest', 'selector__n_features_to_select': 6, 'selector__model_name': 'rf', 'selector__k': 13, 'scaler__scaler_name': 'robust', 'outlier_remover__z_columns': ['car_age', 'mileage', 'tax', 'mpg'], 'outlier_remover__threshold': 3, 'outlier_remover__sev_outliers_cols': ['car_age', 'mileage'], 'outlier_remover__outlier_method': 'LOF', 'outlier_remover__n_neighbors': 90, 'outlier_remover__model_columns': ['car_age', 'mileage', 'tax', 'mpg'], 'outlier_remover__mod_outliers_cols': ['tax', 'mpg'], 'outlier_remover__contamination_LOF': 0.15, 'outlier_remover__contamination_IF': 0.3, 'model': GradientBoostingRegressor(max_depth=5, max_features='sqrt', min_samples_leaf=4,
                          min_samples_split=10, random_state=42, subsample=0.8), 'imputer__knn_scaling_method': 'robust', 'imputer__knn_neighbors': 19, 'imputer__imputation_method': 'simple', 'encoder__method': 'freq'}",-2328.008088205783,-2630.932814085166,-2354.8486007859487,-2437.9298343589658,136.9129064193376,232,-1804.8279697109438,-1898.229375420193,-1581.1905555111662,-1761.4159668807677,133.02093776199922
104,0,2000,0.41931430498758954,0.0105074452905024,0.009737730026245117,4.821756658127431e-05,model,9,rf,17,standard,"['car_age', 'mileage', 'tax', 'mpg']",2,"['car_age', 'mileage', 'engineSize']",IQR,70,"['car_age', 'mileage', 'tax', 'mpg', 'engineSize']","['car_age', 'mileage', 'tax', 'mpg']",0.15,0.15,"RandomForestRegressor(max_depth=12, max_features='sqrt', min_samples_leaf=4,
                      min_samples_split=10, random_state=42)",robust,19,simple,target,"{'selector__selection_method': 'model', 'selector__n_features_to_select': 9, 'selector__model_name': 'rf', 'selector__k': 17, 'scaler__scaler_name': 'standard', 'outlier_remover__z_columns': ['car_age', 'mileage', 'tax', 'mpg'], 'outlier_remover__threshold': 2, 'outlier_remover__sev_outliers_cols': ['car_age', 'mileage', 'engineSize'], 'outlier_remover__outlier_method': 'IQR', 'outlier_remover__n_neighbors': 70, 'outlier_remover__model_columns': ['car_age', 'mileage', 'tax', 'mpg', 'engineSize'], 'outlier_remover__mod_outliers_cols': ['car_age', 'mileage', 'tax', 'mpg'], 'outlier_remover__contamination_LOF': 0.15, 'outlier_remover__contamination_IF': 0.15, 'model': RandomForestRegressor(max_depth=12, max_features='sqrt', min_samples_leaf=4,
                      min_samples_split=10, random_state=42), 'imputer__knn_scaling_method': 'robust', 'imputer__knn_neighbors': 19, 'imputer__imputation_method': 'simple', 'encoder__method': 'target'}",-2130.7501055606235,-2538.271527866534,-2095.930132473992,-2254.98392196705,200.81833975616624,161,-1796.0382754716652,-1779.5052235671005,-1668.798168303466,-1748.1138891140772,56.48936848115692
105,0,2000,0.3918648560841878,0.0008900627274755122,0.009774049123128256,8.991938790860032e-05,rfe,16,rf,22,minmax,"['car_age', 'mileage', 'tax', 'mpg']",3,"['car_age', 'mileage']",IQR,30,"['car_age', 'mileage', 'tax', 'mpg', 'engineSize']","['tax', 'mpg']",0.15,0.05,"RandomForestRegressor(max_depth=12, max_features='sqrt', min_samples_leaf=4,
                      min_samples_split=10, random_state=42)",standard,6,simple,freq,"{'selector__selection_method': 'rfe', 'selector__n_features_to_select': 16, 'selector__model_name': 'rf', 'selector__k': 22, 'scaler__scaler_name': 'minmax', 'outlier_remover__z_columns': ['car_age', 'mileage', 'tax', 'mpg'], 'outlier_remover__threshold': 3, 'outlier_remover__sev_outliers_cols': ['car_age', 'mileage'], 'outlier_remover__outlier_method': 'IQR', 'outlier_remover__n_neighbors': 30, 'outlier_remover__model_columns': ['car_age', 'mileage', 'tax', 'mpg', 'engineSize'], 'outlier_remover__mod_outliers_cols': ['tax', 'mpg'], 'outlier_remover__contamination_LOF': 0.15, 'outlier_remover__contamination_IF': 0.05, 'model': RandomForestRegressor(max_depth=12, max_features='sqrt', min_samples_leaf=4,
                      min_samples_split=10, random_state=42), 'imputer__knn_scaling_method': 'standard', 'imputer__knn_neighbors': 6, 'imputer__imputation_method': 'simple', 'encoder__method': 'freq'}",-2427.6405667550825,-2784.539661639914,-2453.411121939085,-2555.197116778027,162.51057922776968,280,-2015.0979264659227,-2097.720547999321,-1988.4702203486565,-2033.7628982713002,46.51304048196967
106,0,2000,0.4117477734883626,0.008515692153690512,0.09810900688171387,0.004269624903961288,model,12,et,9,robust,"['car_age', 'mileage', 'tax', 'mpg']",3,"['car_age', 'mileage']",z_score,90,"['car_age', 'mileage', 'tax', 'mpg', 'engineSize']","['car_age', 'mileage', 'tax', 'mpg']",0.5,0.5,"ExtraTreesRegressor(max_depth=12, max_features='sqrt', min_samples_leaf=4,
                    min_samples_split=10, n_jobs=-1, random_state=42)",minmax,14,knn_modelwise,freq,"{'selector__selection_method': 'model', 'selector__n_features_to_select': 12, 'selector__model_name': 'et', 'selector__k': 9, 'scaler__scaler_name': 'robust', 'outlier_remover__z_columns': ['car_age', 'mileage', 'tax', 'mpg'], 'outlier_remover__threshold': 3, 'outlier_remover__sev_outliers_cols': ['car_age', 'mileage'], 'outlier_remover__outlier_method': 'z_score', 'outlier_remover__n_neighbors': 90, 'outlier_remover__model_columns': ['car_age', 'mileage', 'tax', 'mpg', 'engineSize'], 'outlier_remover__mod_outliers_cols': ['car_age', 'mileage', 'tax', 'mpg'], 'outlier_remover__contamination_LOF': 0.5, 'outlier_remover__contamination_IF': 0.5, 'model': ExtraTreesRegressor(max_depth=12, max_features='sqrt', min_samples_leaf=4,
                    min_samples_split=10, n_jobs=-1, random_state=42), 'imputer__knn_scaling_method': 'minmax', 'imputer__knn_neighbors': 14, 'imputer__imputation_method': 'knn_modelwise', 'encoder__method': 'freq'}",-2634.194764659502,-3050.663428696827,-2543.0255391527603,-2742.6279108363633,220.97114007270702,301,-2410.8949346954314,-2508.9992724401254,-2372.0135285105775,-2430.635911882045,57.63999274343413
107,0,2000,0.358932892481486,0.0027556995323594364,0.005547046661376953,6.0931069810480655e-05,rfe,19,rf,22,robust,"['car_age', 'mileage', 'tax', 'mpg']",3,"['car_age', 'mileage']",IQR,90,"['car_age', 'mileage', 'tax', 'mpg']","['car_age', 'mileage', 'tax', 'mpg']",0.15,0.3,"GradientBoostingRegressor(max_depth=5, max_features='sqrt', min_samples_leaf=4,
                          min_samples_split=10, random_state=42, subsample=0.8)",standard,15,simple,freq,"{'selector__selection_method': 'rfe', 'selector__n_features_to_select': 19, 'selector__model_name': 'rf', 'selector__k': 22, 'scaler__scaler_name': 'robust', 'outlier_remover__z_columns': ['car_age', 'mileage', 'tax', 'mpg'], 'outlier_remover__threshold': 3, 'outlier_remover__sev_outliers_cols': ['car_age', 'mileage'], 'outlier_remover__outlier_method': 'IQR', 'outlier_remover__n_neighbors': 90, 'outlier_remover__model_columns': ['car_age', 'mileage', 'tax', 'mpg'], 'outlier_remover__mod_outliers_cols': ['car_age', 'mileage', 'tax', 'mpg'], 'outlier_remover__contamination_LOF': 0.15, 'outlier_remover__contamination_IF': 0.3, 'model': GradientBoostingRegressor(max_depth=5, max_features='sqrt', min_samples_leaf=4,
                          min_samples_split=10, random_state=42, subsample=0.8), 'imputer__knn_scaling_method': 'standard', 'imputer__knn_neighbors': 15, 'imputer__imputation_method': 'simple', 'encoder__method': 'freq'}",-2277.640857750906,-2482.1094034431667,-2206.9521515251195,-2322.2341375730643,116.67418673310132,202,-1670.0969876231463,-1668.451206992437,-1393.7353601211107,-1577.427851578898,129.891944097002
108,0,2000,0.3751204013824463,0.005962636269044798,0.006645600001017253,0.001297941187607654,rfe,10,rf,10,minmax,"['car_age', 'mileage', 'tax', 'mpg']",3,"['car_age', 'mileage', 'engineSize']",z_score,90,"['car_age', 'mileage', 'tax', 'mpg', 'engineSize']","['car_age', 'mileage', 'tax', 'mpg']",0.15,0.5,"GradientBoostingRegressor(max_depth=5, max_features='sqrt', min_samples_leaf=4,
                          min_samples_split=10, random_state=42, subsample=0.8)",standard,13,simple,target,"{'selector__selection_method': 'rfe', 'selector__n_features_to_select': 10, 'selector__model_name': 'rf', 'selector__k': 10, 'scaler__scaler_name': 'minmax', 'outlier_remover__z_columns': ['car_age', 'mileage', 'tax', 'mpg'], 'outlier_remover__threshold': 3, 'outlier_remover__sev_outliers_cols': ['car_age', 'mileage', 'engineSize'], 'outlier_remover__outlier_method': 'z_score', 'outlier_remover__n_neighbors': 90, 'outlier_remover__model_columns': ['car_age', 'mileage', 'tax', 'mpg', 'engineSize'], 'outlier_remover__mod_outliers_cols': ['car_age', 'mileage', 'tax', 'mpg'], 'outlier_remover__contamination_LOF': 0.15, 'outlier_remover__contamination_IF': 0.5, 'model': GradientBoostingRegressor(max_depth=5, max_features='sqrt', min_samples_leaf=4,
                          min_samples_split=10, random_state=42, subsample=0.8), 'imputer__knn_scaling_method': 'standard', 'imputer__knn_neighbors': 13, 'imputer__imputation_method': 'simple', 'encoder__method': 'target'}",-2112.2361241892568,-2387.0486661209266,-2007.3599169136783,-2168.88156907462,160.09875366647248,131,-1501.3645879033468,-1491.8351082783993,-1266.520766142395,-1419.9068207747134,108.53006975713252
109,0,2000,0.0476082960764567,0.005075052390126541,0.005363623301188151,0.00012478570198915084,model,16,dt,18,minmax,"['car_age', 'mileage', 'tax', 'mpg']",2,"['car_age', 'mileage', 'engineSize']",IQR,30,"['car_age', 'mileage', 'tax', 'mpg', 'engineSize']","['tax', 'mpg']",0.05,0.3,"DecisionTreeRegressor(max_depth=10, max_features='sqrt', min_samples_leaf=4,
                      min_samples_split=10, random_state=42)",standard,16,iterative,target,"{'selector__selection_method': 'model', 'selector__n_features_to_select': 16, 'selector__model_name': 'dt', 'selector__k': 18, 'scaler__scaler_name': 'minmax', 'outlier_remover__z_columns': ['car_age', 'mileage', 'tax', 'mpg'], 'outlier_remover__threshold': 2, 'outlier_remover__sev_outliers_cols': ['car_age', 'mileage', 'engineSize'], 'outlier_remover__outlier_method': 'IQR', 'outlier_remover__n_neighbors': 30, 'outlier_remover__model_columns': ['car_age', 'mileage', 'tax', 'mpg', 'engineSize'], 'outlier_remover__mod_outliers_cols': ['tax', 'mpg'], 'outlier_remover__contamination_LOF': 0.05, 'outlier_remover__contamination_IF': 0.3, 'model': DecisionTreeRegressor(max_depth=10, max_features='sqrt', min_samples_leaf=4,
                      min_samples_split=10, random_state=42), 'imputer__knn_scaling_method': 'standard', 'imputer__knn_neighbors': 16, 'imputer__imputation_method': 'iterative', 'encoder__method': 'target'}",-2873.8177277095315,-3392.3536697064565,-3007.0905398924797,-3091.0873124361556,219.86582898664227,346,-2271.2726809378046,-2309.701948751886,-2014.6159929571231,-2198.5302075489376,130.98990012687918
110,0,2000,0.3801709810892741,0.015355287161671003,0.10111061731974284,0.002621318619969823,model,24,et,9,minmax,"['car_age', 'mileage', 'tax', 'mpg']",2,"['car_age', 'mileage', 'engineSize']",LOF,30,"['car_age', 'mileage', 'tax', 'mpg', 'engineSize']","['tax', 'mpg']",0.3,0.15,"ExtraTreesRegressor(max_depth=12, max_features='sqrt', min_samples_leaf=4,
                    min_samples_split=10, n_jobs=-1, random_state=42)",robust,10,knn_modelwise,target,"{'selector__selection_method': 'model', 'selector__n_features_to_select': 24, 'selector__model_name': 'et', 'selector__k': 9, 'scaler__scaler_name': 'minmax', 'outlier_remover__z_columns': ['car_age', 'mileage', 'tax', 'mpg'], 'outlier_remover__threshold': 2, 'outlier_remover__sev_outliers_cols': ['car_age', 'mileage', 'engineSize'], 'outlier_remover__outlier_method': 'LOF', 'outlier_remover__n_neighbors': 30, 'outlier_remover__model_columns': ['car_age', 'mileage', 'tax', 'mpg', 'engineSize'], 'outlier_remover__mod_outliers_cols': ['tax', 'mpg'], 'outlier_remover__contamination_LOF': 0.3, 'outlier_remover__contamination_IF': 0.15, 'model': ExtraTreesRegressor(max_depth=12, max_features='sqrt', min_samples_leaf=4,
                    min_samples_split=10, n_jobs=-1, random_state=42), 'imputer__knn_scaling_method': 'robust', 'imputer__knn_neighbors': 10, 'imputer__imputation_method': 'knn_modelwise', 'encoder__method': 'target'}",-2532.0471503169,-3004.6428021786674,-2451.492412465829,-2662.727454987132,243.99705589944415,294,-2458.9088174093727,-2463.892893982951,-2319.3140378271287,-2414.0385830731507,67.01126700723341
111,0,2000,0.2941250801086426,0.0025372864389030664,0.018218358357747395,0.0002784171231830529,model,10,et,23,robust,"['car_age', 'mileage', 'tax', 'mpg']",3,"['car_age', 'mileage']",Isolation_Forest,100,"['car_age', 'mileage', 'tax', 'mpg']","['car_age', 'mileage', 'tax', 'mpg']",0.3,0.3,"ExtraTreesRegressor(max_depth=12, max_features='sqrt', min_samples_leaf=4,
                    min_samples_split=10, n_jobs=-1, random_state=42)",standard,16,iterative,target,"{'selector__selection_method': 'model', 'selector__n_features_to_select': 10, 'selector__model_name': 'et', 'selector__k': 23, 'scaler__scaler_name': 'robust', 'outlier_remover__z_columns': ['car_age', 'mileage', 'tax', 'mpg'], 'outlier_remover__threshold': 3, 'outlier_remover__sev_outliers_cols': ['car_age', 'mileage'], 'outlier_remover__outlier_method': 'Isolation_Forest', 'outlier_remover__n_neighbors': 100, 'outlier_remover__model_columns': ['car_age', 'mileage', 'tax', 'mpg'], 'outlier_remover__mod_outliers_cols': ['car_age', 'mileage', 'tax', 'mpg'], 'outlier_remover__contamination_LOF': 0.3, 'outlier_remover__contamination_IF': 0.3, 'model': ExtraTreesRegressor(max_depth=12, max_features='sqrt', min_samples_leaf=4,
                    min_samples_split=10, n_jobs=-1, random_state=42), 'imputer__knn_scaling_method': 'standard', 'imputer__knn_neighbors': 16, 'imputer__imputation_method': 'iterative', 'encoder__method': 'target'}",-2643.763526183645,-3431.854829223436,-2956.781243144341,-3010.799866183808,323.9963829099011,335,-2754.1922268531457,-2910.4258744324184,-2754.370131141596,-2806.3294108090536,73.60735115757515
112,0,2000,0.38199599583943683,0.021512922956343924,0.007845004399617514,0.002316861386846494,rfe,11,rf,11,minmax,"['car_age', 'mileage', 'tax', 'mpg']",2,"['car_age', 'mileage']",IQR,30,"['car_age', 'mileage', 'tax', 'mpg', 'engineSize']","['car_age', 'mileage', 'tax', 'mpg']",0.5,0.3,"GradientBoostingRegressor(max_depth=5, max_features='sqrt', min_samples_leaf=4,
                          min_samples_split=10, random_state=42, subsample=0.8)",robust,14,simple,freq,"{'selector__selection_method': 'rfe', 'selector__n_features_to_select': 11, 'selector__model_name': 'rf', 'selector__k': 11, 'scaler__scaler_name': 'minmax', 'outlier_remover__z_columns': ['car_age', 'mileage', 'tax', 'mpg'], 'outlier_remover__threshold': 2, 'outlier_remover__sev_outliers_cols': ['car_age', 'mileage'], 'outlier_remover__outlier_method': 'IQR', 'outlier_remover__n_neighbors': 30, 'outlier_remover__model_columns': ['car_age', 'mileage', 'tax', 'mpg', 'engineSize'], 'outlier_remover__mod_outliers_cols': ['car_age', 'mileage', 'tax', 'mpg'], 'outlier_remover__contamination_LOF': 0.5, 'outlier_remover__contamination_IF': 0.3, 'model': GradientBoostingRegressor(max_depth=5, max_features='sqrt', min_samples_leaf=4,
                          min_samples_split=10, random_state=42, subsample=0.8), 'imputer__knn_scaling_method': 'robust', 'imputer__knn_neighbors': 14, 'imputer__imputation_method': 'simple', 'encoder__method': 'freq'}",-2243.535898968315,-2450.108854345336,-2173.717078600257,-2289.120610637969,117.3501253468544,190,-1654.076710874024,-1662.6369435814888,-1395.4439901550754,-1570.719214870196,123.98756038464376
113,0,2000,0.050079663594563804,0.005929227747633761,0.010898351669311523,0.005275164289458121,kbest,16,dt,21,robust,"['car_age', 'mileage', 'tax', 'mpg']",2,"['car_age', 'mileage', 'engineSize']",IQR,50,"['car_age', 'mileage', 'tax', 'mpg']","['car_age', 'mileage', 'tax', 'mpg']",0.5,0.3,"DecisionTreeRegressor(max_depth=10, max_features='sqrt', min_samples_leaf=4,
                      min_samples_split=10, random_state=42)",minmax,19,iterative,target,"{'selector__selection_method': 'kbest', 'selector__n_features_to_select': 16, 'selector__model_name': 'dt', 'selector__k': 21, 'scaler__scaler_name': 'robust', 'outlier_remover__z_columns': ['car_age', 'mileage', 'tax', 'mpg'], 'outlier_remover__threshold': 2, 'outlier_remover__sev_outliers_cols': ['car_age', 'mileage', 'engineSize'], 'outlier_remover__outlier_method': 'IQR', 'outlier_remover__n_neighbors': 50, 'outlier_remover__model_columns': ['car_age', 'mileage', 'tax', 'mpg'], 'outlier_remover__mod_outliers_cols': ['car_age', 'mileage', 'tax', 'mpg'], 'outlier_remover__contamination_LOF': 0.5, 'outlier_remover__contamination_IF': 0.3, 'model': DecisionTreeRegressor(max_depth=10, max_features='sqrt', min_samples_leaf=4,
                      min_samples_split=10, random_state=42), 'imputer__knn_scaling_method': 'minmax', 'imputer__knn_neighbors': 19, 'imputer__imputation_method': 'iterative', 'encoder__method': 'target'}",-2906.808984716513,-3383.7977104447314,-3012.0949043880487,-3100.9005331830977,204.60431878338642,350,-2331.8985297552967,-2295.5908558449237,-2019.8097576936393,-2215.7663810979534,139.35281479805275
114,0,2000,0.5056736469268799,0.0022811894632102907,0.0904093583424886,0.00332208393652512,model,13,rf,6,robust,"['car_age', 'mileage', 'tax', 'mpg']",3,"['car_age', 'mileage']",LOF,90,"['car_age', 'mileage', 'tax', 'mpg', 'engineSize']","['car_age', 'mileage', 'tax', 'mpg']",0.3,0.5,"RandomForestRegressor(max_depth=12, max_features='sqrt', min_samples_leaf=4,
                      min_samples_split=10, random_state=42)",minmax,9,knn_modelwise,freq,"{'selector__selection_method': 'model', 'selector__n_features_to_select': 13, 'selector__model_name': 'rf', 'selector__k': 6, 'scaler__scaler_name': 'robust', 'outlier_remover__z_columns': ['car_age', 'mileage', 'tax', 'mpg'], 'outlier_remover__threshold': 3, 'outlier_remover__sev_outliers_cols': ['car_age', 'mileage'], 'outlier_remover__outlier_method': 'LOF', 'outlier_remover__n_neighbors': 90, 'outlier_remover__model_columns': ['car_age', 'mileage', 'tax', 'mpg', 'engineSize'], 'outlier_remover__mod_outliers_cols': ['car_age', 'mileage', 'tax', 'mpg'], 'outlier_remover__contamination_LOF': 0.3, 'outlier_remover__contamination_IF': 0.5, 'model': RandomForestRegressor(max_depth=12, max_features='sqrt', min_samples_leaf=4,
                      min_samples_split=10, random_state=42), 'imputer__knn_scaling_method': 'minmax', 'imputer__knn_neighbors': 9, 'imputer__imputation_method': 'knn_modelwise', 'encoder__method': 'freq'}",-2632.3715010075334,-3175.592051865524,-2825.601054857379,-2877.8548692434792,224.82584008818526,319,-2462.944833845251,-2568.368902648785,-2453.693647340699,-2495.002461278245,52.015203882891505
115,0,2000,0.42855604489644367,0.017499864907228005,0.007335265477498372,0.00033444324758196743,rfe,21,rf,19,standard,"['car_age', 'mileage', 'tax', 'mpg']",2,"['car_age', 'mileage', 'engineSize']",z_score,30,"['car_age', 'mileage', 'tax', 'mpg']","['car_age', 'mileage', 'tax', 'mpg']",0.05,0.05,"GradientBoostingRegressor(max_depth=5, max_features='sqrt', min_samples_leaf=4,
                          min_samples_split=10, random_state=42, subsample=0.8)",standard,18,iterative,freq,"{'selector__selection_method': 'rfe', 'selector__n_features_to_select': 21, 'selector__model_name': 'rf', 'selector__k': 19, 'scaler__scaler_name': 'standard', 'outlier_remover__z_columns': ['car_age', 'mileage', 'tax', 'mpg'], 'outlier_remover__threshold': 2, 'outlier_remover__sev_outliers_cols': ['car_age', 'mileage', 'engineSize'], 'outlier_remover__outlier_method': 'z_score', 'outlier_remover__n_neighbors': 30, 'outlier_remover__model_columns': ['car_age', 'mileage', 'tax', 'mpg'], 'outlier_remover__mod_outliers_cols': ['car_age', 'mileage', 'tax', 'mpg'], 'outlier_remover__contamination_LOF': 0.05, 'outlier_remover__contamination_IF': 0.05, 'model': GradientBoostingRegressor(max_depth=5, max_features='sqrt', min_samples_leaf=4,
                          min_samples_split=10, random_state=42, subsample=0.8), 'imputer__knn_scaling_method': 'standard', 'imputer__knn_neighbors': 18, 'imputer__imputation_method': 'iterative', 'encoder__method': 'freq'}",-2236.450814458037,-2437.8176151154776,-2189.210045095533,-2287.8261582230157,107.79919736260476,189,-1662.4757367521954,-1652.331621870184,-1397.926987153581,-1570.911448591987,122.38857160981537
116,0,2000,0.08282860120137532,0.0086891455046148,0.006019989649454753,0.0011270048727990154,kbest,16,dt,20,standard,"['car_age', 'mileage', 'tax', 'mpg']",2,"['car_age', 'mileage', 'engineSize']",Isolation_Forest,70,"['car_age', 'mileage', 'tax', 'mpg']","['car_age', 'mileage', 'tax', 'mpg']",0.3,0.3,"DecisionTreeRegressor(max_depth=10, max_features='sqrt', min_samples_leaf=4,
                      min_samples_split=10, random_state=42)",standard,16,simple,freq,"{'selector__selection_method': 'kbest', 'selector__n_features_to_select': 16, 'selector__model_name': 'dt', 'selector__k': 20, 'scaler__scaler_name': 'standard', 'outlier_remover__z_columns': ['car_age', 'mileage', 'tax', 'mpg'], 'outlier_remover__threshold': 2, 'outlier_remover__sev_outliers_cols': ['car_age', 'mileage', 'engineSize'], 'outlier_remover__outlier_method': 'Isolation_Forest', 'outlier_remover__n_neighbors': 70, 'outlier_remover__model_columns': ['car_age', 'mileage', 'tax', 'mpg'], 'outlier_remover__mod_outliers_cols': ['car_age', 'mileage', 'tax', 'mpg'], 'outlier_remover__contamination_LOF': 0.3, 'outlier_remover__contamination_IF': 0.3, 'model': DecisionTreeRegressor(max_depth=10, max_features='sqrt', min_samples_leaf=4,
                      min_samples_split=10, random_state=42), 'imputer__knn_scaling_method': 'standard', 'imputer__knn_neighbors': 16, 'imputer__imputation_method': 'simple', 'encoder__method': 'freq'}",-3215.2167847516166,-3942.5556724454946,-3697.533447960435,-3618.435301719182,302.1565289073902,389,-2970.6285032481896,-3065.683144226958,-2829.7038029648693,-2955.3384834800054,96.94294165128248
117,0,2000,0.46509766578674316,0.017543708269372255,0.12551426887512207,0.013509968722664112,model,22,et,6,minmax,"['car_age', 'mileage', 'tax', 'mpg']",2,"['car_age', 'mileage', 'engineSize']",z_score,50,"['car_age', 'mileage', 'tax', 'mpg']","['tax', 'mpg']",0.15,0.5,"ExtraTreesRegressor(max_depth=12, max_features='sqrt', min_samples_leaf=4,
                    min_samples_split=10, n_jobs=-1, random_state=42)",standard,14,knn_modelwise,target,"{'selector__selection_method': 'model', 'selector__n_features_to_select': 22, 'selector__model_name': 'et', 'selector__k': 6, 'scaler__scaler_name': 'minmax', 'outlier_remover__z_columns': ['car_age', 'mileage', 'tax', 'mpg'], 'outlier_remover__threshold': 2, 'outlier_remover__sev_outliers_cols': ['car_age', 'mileage', 'engineSize'], 'outlier_remover__outlier_method': 'z_score', 'outlier_remover__n_neighbors': 50, 'outlier_remover__model_columns': ['car_age', 'mileage', 'tax', 'mpg'], 'outlier_remover__mod_outliers_cols': ['tax', 'mpg'], 'outlier_remover__contamination_LOF': 0.15, 'outlier_remover__contamination_IF': 0.5, 'model': ExtraTreesRegressor(max_depth=12, max_features='sqrt', min_samples_leaf=4,
                    min_samples_split=10, n_jobs=-1, random_state=42), 'imputer__knn_scaling_method': 'standard', 'imputer__knn_neighbors': 14, 'imputer__imputation_method': 'knn_modelwise', 'encoder__method': 'target'}",-2636.162499958904,-3006.1600312189003,-2506.0805862772536,-2716.1343724850194,211.84347698208109,295,-2543.4449852806088,-2516.590819389548,-2296.120353559631,-2452.0520527432623,110.80405427043146
118,0,2000,0.25930333137512207,0.010119197100466347,0.12648940086364746,0.03178664674229463,kbest,16,rf,7,minmax,"['car_age', 'mileage', 'tax', 'mpg']",2,"['car_age', 'mileage']",IQR,100,"['car_age', 'mileage', 'tax', 'mpg', 'engineSize']","['tax', 'mpg']",0.05,0.15,"RandomForestRegressor(max_depth=12, max_features='sqrt', min_samples_leaf=4,
                      min_samples_split=10, random_state=42)",robust,17,knn_modelwise,freq,"{'selector__selection_method': 'kbest', 'selector__n_features_to_select': 16, 'selector__model_name': 'rf', 'selector__k': 7, 'scaler__scaler_name': 'minmax', 'outlier_remover__z_columns': ['car_age', 'mileage', 'tax', 'mpg'], 'outlier_remover__threshold': 2, 'outlier_remover__sev_outliers_cols': ['car_age', 'mileage'], 'outlier_remover__outlier_method': 'IQR', 'outlier_remover__n_neighbors': 100, 'outlier_remover__model_columns': ['car_age', 'mileage', 'tax', 'mpg', 'engineSize'], 'outlier_remover__mod_outliers_cols': ['tax', 'mpg'], 'outlier_remover__contamination_LOF': 0.05, 'outlier_remover__contamination_IF': 0.15, 'model': RandomForestRegressor(max_depth=12, max_features='sqrt', min_samples_leaf=4,
                      min_samples_split=10, random_state=42), 'imputer__knn_scaling_method': 'robust', 'imputer__knn_neighbors': 17, 'imputer__imputation_method': 'knn_modelwise', 'encoder__method': 'freq'}",-2648.4045065425953,-3034.8135487205927,-2676.237132690977,-2786.4850626513885,175.96200634350242,311,-2253.781607178309,-2329.9434308487744,-2212.65258536749,-2265.459207798191,48.59053663425109
119,0,2000,0.2559967041015625,0.03216068224764431,0.1118639310201009,0.006039214727818905,kbest,10,rf,15,minmax,"['car_age', 'mileage', 'tax', 'mpg']",2,"['car_age', 'mileage', 'engineSize']",IQR,100,"['car_age', 'mileage', 'tax', 'mpg', 'engineSize']","['tax', 'mpg']",0.3,0.15,"GradientBoostingRegressor(max_depth=5, max_features='sqrt', min_samples_leaf=4,
                          min_samples_split=10, random_state=42, subsample=0.8)",minmax,17,knn_modelwise,freq,"{'selector__selection_method': 'kbest', 'selector__n_features_to_select': 10, 'selector__model_name': 'rf', 'selector__k': 15, 'scaler__scaler_name': 'minmax', 'outlier_remover__z_columns': ['car_age', 'mileage', 'tax', 'mpg'], 'outlier_remover__threshold': 2, 'outlier_remover__sev_outliers_cols': ['car_age', 'mileage', 'engineSize'], 'outlier_remover__outlier_method': 'IQR', 'outlier_remover__n_neighbors': 100, 'outlier_remover__model_columns': ['car_age', 'mileage', 'tax', 'mpg', 'engineSize'], 'outlier_remover__mod_outliers_cols': ['tax', 'mpg'], 'outlier_remover__contamination_LOF': 0.3, 'outlier_remover__contamination_IF': 0.15, 'model': GradientBoostingRegressor(max_depth=5, max_features='sqrt', min_samples_leaf=4,
                          min_samples_split=10, random_state=42, subsample=0.8), 'imputer__knn_scaling_method': 'minmax', 'imputer__knn_neighbors': 17, 'imputer__imputation_method': 'knn_modelwise', 'encoder__method': 'freq'}",-2237.681667669425,-2416.1849221270118,-2158.2442899041926,-2270.703626566876,107.86157723349447,176,-1617.201342115744,-1578.5204684292287,-1365.5261926086423,-1520.416001051205,110.65620050956133
120,0,2000,0.4275243282318115,0.0009991703849170745,0.09030572573343913,0.003963224672238509,rfe,21,rf,23,standard,"['car_age', 'mileage', 'tax', 'mpg']",3,"['car_age', 'mileage']",LOF,100,"['car_age', 'mileage', 'tax', 'mpg', 'engineSize']","['tax', 'mpg']",0.5,0.3,"RandomForestRegressor(max_depth=12, max_features='sqrt', min_samples_leaf=4,
                      min_samples_split=10, random_state=42)",robust,9,knn_modelwise,freq,"{'selector__selection_method': 'rfe', 'selector__n_features_to_select': 21, 'selector__model_name': 'rf', 'selector__k': 23, 'scaler__scaler_name': 'standard', 'outlier_remover__z_columns': ['car_age', 'mileage', 'tax', 'mpg'], 'outlier_remover__threshold': 3, 'outlier_remover__sev_outliers_cols': ['car_age', 'mileage'], 'outlier_remover__outlier_method': 'LOF', 'outlier_remover__n_neighbors': 100, 'outlier_remover__model_columns': ['car_age', 'mileage', 'tax', 'mpg', 'engineSize'], 'outlier_remover__mod_outliers_cols': ['tax', 'mpg'], 'outlier_remover__contamination_LOF': 0.5, 'outlier_remover__contamination_IF': 0.3, 'model': RandomForestRegressor(max_depth=12, max_features='sqrt', min_samples_leaf=4,
                      min_samples_split=10, random_state=42), 'imputer__knn_scaling_method': 'robust', 'imputer__knn_neighbors': 9, 'imputer__imputation_method': 'knn_modelwise', 'encoder__method': 'freq'}",-2750.280634962241,-3333.140952911029,-2795.293742159154,-2959.5717766774746,264.7917320319783,328,-2692.3795249783575,-2785.625011250689,-2628.2836984466126,-2702.09607822522,64.6007261774298
121,0,2000,0.2818423906962077,0.012147468040748366,0.0233307679494222,0.0009831031289132292,model,11,et,6,minmax,"['car_age', 'mileage', 'tax', 'mpg']",2,"['car_age', 'mileage']",IQR,70,"['car_age', 'mileage', 'tax', 'mpg', 'engineSize']","['tax', 'mpg']",0.5,0.15,"ExtraTreesRegressor(max_depth=12, max_features='sqrt', min_samples_leaf=4,
                    min_samples_split=10, n_jobs=-1, random_state=42)",standard,11,simple,freq,"{'selector__selection_method': 'model', 'selector__n_features_to_select': 11, 'selector__model_name': 'et', 'selector__k': 6, 'scaler__scaler_name': 'minmax', 'outlier_remover__z_columns': ['car_age', 'mileage', 'tax', 'mpg'], 'outlier_remover__threshold': 2, 'outlier_remover__sev_outliers_cols': ['car_age', 'mileage'], 'outlier_remover__outlier_method': 'IQR', 'outlier_remover__n_neighbors': 70, 'outlier_remover__model_columns': ['car_age', 'mileage', 'tax', 'mpg', 'engineSize'], 'outlier_remover__mod_outliers_cols': ['tax', 'mpg'], 'outlier_remover__contamination_LOF': 0.5, 'outlier_remover__contamination_IF': 0.15, 'model': ExtraTreesRegressor(max_depth=12, max_features='sqrt', min_samples_leaf=4,
                    min_samples_split=10, n_jobs=-1, random_state=42), 'imputer__knn_scaling_method': 'standard', 'imputer__knn_neighbors': 11, 'imputer__imputation_method': 'simple', 'encoder__method': 'freq'}",-3076.2066869677005,-3555.1956206359455,-2976.132298247151,-3202.5115352835987,252.70967382230518,362,-2948.126742070511,-3149.1842805899405,-3010.9830352606577,-3036.098019307037,83.9805742086043
122,0,2000,0.10377542177836101,0.006434077828259151,0.009963750839233398,0.0018517324101863793,kbest,10,rf,7,robust,"['car_age', 'mileage', 'tax', 'mpg']",3,"['car_age', 'mileage', 'engineSize']",LOF,50,"['car_age', 'mileage', 'tax', 'mpg']","['tax', 'mpg']",0.15,0.3,"GradientBoostingRegressor(max_depth=5, max_features='sqrt', min_samples_leaf=4,
                          min_samples_split=10, random_state=42, subsample=0.8)",robust,19,iterative,freq,"{'selector__selection_method': 'kbest', 'selector__n_features_to_select': 10, 'selector__model_name': 'rf', 'selector__k': 7, 'scaler__scaler_name': 'robust', 'outlier_remover__z_columns': ['car_age', 'mileage', 'tax', 'mpg'], 'outlier_remover__threshold': 3, 'outlier_remover__sev_outliers_cols': ['car_age', 'mileage', 'engineSize'], 'outlier_remover__outlier_method': 'LOF', 'outlier_remover__n_neighbors': 50, 'outlier_remover__model_columns': ['car_age', 'mileage', 'tax', 'mpg'], 'outlier_remover__mod_outliers_cols': ['tax', 'mpg'], 'outlier_remover__contamination_LOF': 0.15, 'outlier_remover__contamination_IF': 0.3, 'model': GradientBoostingRegressor(max_depth=5, max_features='sqrt', min_samples_leaf=4,
                          min_samples_split=10, random_state=42, subsample=0.8), 'imputer__knn_scaling_method': 'robust', 'imputer__knn_neighbors': 19, 'imputer__imputation_method': 'iterative', 'encoder__method': 'freq'}",-2698.8418526623323,-3042.488816224576,-2736.990373725727,-2826.1070142042117,153.79562325592187,315,-2139.424680908104,-2235.022986103601,-1906.5043301436651,-2093.650665718457,137.96756183578617
123,0,2000,0.20520393053690592,0.0011702779834260903,0.12743012110392252,0.020090590046190623,kbest,20,dt,10,standard,"['car_age', 'mileage', 'tax', 'mpg']",3,"['car_age', 'mileage', 'engineSize']",IQR,100,"['car_age', 'mileage', 'tax', 'mpg', 'engineSize']","['car_age', 'mileage', 'tax', 'mpg']",0.5,0.15,"DecisionTreeRegressor(max_depth=10, max_features='sqrt', min_samples_leaf=4,
                      min_samples_split=10, random_state=42)",robust,18,knn_modelwise,freq,"{'selector__selection_method': 'kbest', 'selector__n_features_to_select': 20, 'selector__model_name': 'dt', 'selector__k': 10, 'scaler__scaler_name': 'standard', 'outlier_remover__z_columns': ['car_age', 'mileage', 'tax', 'mpg'], 'outlier_remover__threshold': 3, 'outlier_remover__sev_outliers_cols': ['car_age', 'mileage', 'engineSize'], 'outlier_remover__outlier_method': 'IQR', 'outlier_remover__n_neighbors': 100, 'outlier_remover__model_columns': ['car_age', 'mileage', 'tax', 'mpg', 'engineSize'], 'outlier_remover__mod_outliers_cols': ['car_age', 'mileage', 'tax', 'mpg'], 'outlier_remover__contamination_LOF': 0.5, 'outlier_remover__contamination_IF': 0.15, 'model': DecisionTreeRegressor(max_depth=10, max_features='sqrt', min_samples_leaf=4,
                      min_samples_split=10, random_state=42), 'imputer__knn_scaling_method': 'robust', 'imputer__knn_neighbors': 18, 'imputer__imputation_method': 'knn_modelwise', 'encoder__method': 'freq'}",-3088.358104315906,-3494.882971875027,-3198.506761841653,-3260.5826126775287,171.66959627676002,366,-2466.555491074765,-2449.35918817346,-2246.037138659552,-2387.3172726359257,100.14651067529323
124,0,2000,0.2116393248240153,0.029430300835661723,0.10877267519632976,0.013461735627635071,kbest,14,dt,22,standard,"['car_age', 'mileage', 'tax', 'mpg']",3,"['car_age', 'mileage', 'engineSize']",IQR,50,"['car_age', 'mileage', 'tax', 'mpg']","['tax', 'mpg']",0.3,0.05,"DecisionTreeRegressor(max_depth=10, max_features='sqrt', min_samples_leaf=4,
                      min_samples_split=10, random_state=42)",robust,16,knn_modelwise,target,"{'selector__selection_method': 'kbest', 'selector__n_features_to_select': 14, 'selector__model_name': 'dt', 'selector__k': 22, 'scaler__scaler_name': 'standard', 'outlier_remover__z_columns': ['car_age', 'mileage', 'tax', 'mpg'], 'outlier_remover__threshold': 3, 'outlier_remover__sev_outliers_cols': ['car_age', 'mileage', 'engineSize'], 'outlier_remover__outlier_method': 'IQR', 'outlier_remover__n_neighbors': 50, 'outlier_remover__model_columns': ['car_age', 'mileage', 'tax', 'mpg'], 'outlier_remover__mod_outliers_cols': ['tax', 'mpg'], 'outlier_remover__contamination_LOF': 0.3, 'outlier_remover__contamination_IF': 0.05, 'model': DecisionTreeRegressor(max_depth=10, max_features='sqrt', min_samples_leaf=4,
                      min_samples_split=10, random_state=42), 'imputer__knn_scaling_method': 'robust', 'imputer__knn_neighbors': 16, 'imputer__imputation_method': 'knn_modelwise', 'encoder__method': 'target'}",-2888.157361870504,-3038.3158390963913,-2902.3906374281905,-2942.9546127983617,67.68047056610075,325,-2301.884309694524,-2130.481029484446,-2075.003342546344,-2169.122893908438,96.56996972194135
125,0,2000,0.06377108891805013,0.00494003266876012,0.0055955251057942705,0.00019368838672236848,model,24,dt,15,minmax,"['car_age', 'mileage', 'tax', 'mpg']",2,"['car_age', 'mileage']",LOF,100,"['car_age', 'mileage', 'tax', 'mpg']","['car_age', 'mileage', 'tax', 'mpg']",0.3,0.5,"DecisionTreeRegressor(max_depth=10, max_features='sqrt', min_samples_leaf=4,
                      min_samples_split=10, random_state=42)",standard,14,iterative,target,"{'selector__selection_method': 'model', 'selector__n_features_to_select': 24, 'selector__model_name': 'dt', 'selector__k': 15, 'scaler__scaler_name': 'minmax', 'outlier_remover__z_columns': ['car_age', 'mileage', 'tax', 'mpg'], 'outlier_remover__threshold': 2, 'outlier_remover__sev_outliers_cols': ['car_age', 'mileage'], 'outlier_remover__outlier_method': 'LOF', 'outlier_remover__n_neighbors': 100, 'outlier_remover__model_columns': ['car_age', 'mileage', 'tax', 'mpg'], 'outlier_remover__mod_outliers_cols': ['car_age', 'mileage', 'tax', 'mpg'], 'outlier_remover__contamination_LOF': 0.3, 'outlier_remover__contamination_IF': 0.5, 'model': DecisionTreeRegressor(max_depth=10, max_features='sqrt', min_samples_leaf=4,
                      min_samples_split=10, random_state=42), 'imputer__knn_scaling_method': 'standard', 'imputer__knn_neighbors': 14, 'imputer__imputation_method': 'iterative', 'encoder__method': 'target'}",-2941.4922226888734,-3463.1770480601594,-3169.437459749128,-3191.3689101660534,213.5407933607532,360,-2637.6612047688805,-2702.6999701713635,-2518.78297489973,-2619.714716613325,76.14863804986767
126,0,2000,0.580020030339559,0.026780198044434097,0.08635226885477702,0.0032371014610975183,rfe,20,rf,6,robust,"['car_age', 'mileage', 'tax', 'mpg']",2,"['car_age', 'mileage']",IQR,100,"['car_age', 'mileage', 'tax', 'mpg']","['car_age', 'mileage', 'tax', 'mpg']",0.15,0.05,"GradientBoostingRegressor(max_depth=5, max_features='sqrt', min_samples_leaf=4,
                          min_samples_split=10, random_state=42, subsample=0.8)",robust,17,knn_modelwise,freq,"{'selector__selection_method': 'rfe', 'selector__n_features_to_select': 20, 'selector__model_name': 'rf', 'selector__k': 6, 'scaler__scaler_name': 'robust', 'outlier_remover__z_columns': ['car_age', 'mileage', 'tax', 'mpg'], 'outlier_remover__threshold': 2, 'outlier_remover__sev_outliers_cols': ['car_age', 'mileage'], 'outlier_remover__outlier_method': 'IQR', 'outlier_remover__n_neighbors': 100, 'outlier_remover__model_columns': ['car_age', 'mileage', 'tax', 'mpg'], 'outlier_remover__mod_outliers_cols': ['car_age', 'mileage', 'tax', 'mpg'], 'outlier_remover__contamination_LOF': 0.15, 'outlier_remover__contamination_IF': 0.05, 'model': GradientBoostingRegressor(max_depth=5, max_features='sqrt', min_samples_leaf=4,
                          min_samples_split=10, random_state=42, subsample=0.8), 'imputer__knn_scaling_method': 'robust', 'imputer__knn_neighbors': 17, 'imputer__imputation_method': 'knn_modelwise', 'encoder__method': 'freq'}",-2225.973482646181,-2419.7702832167065,-2237.9439506137965,-2294.562572158895,88.66999194426229,195,-1659.3646468986922,-1575.4040555188137,-1362.5744566676058,-1532.4477196950372,124.9134082605624
127,0,2000,0.40344929695129395,0.01703753019681913,0.010674317677815756,0.0010357975343228767,rfe,13,rf,14,standard,"['car_age', 'mileage', 'tax', 'mpg']",3,"['car_age', 'mileage', 'engineSize']",IQR,30,"['car_age', 'mileage', 'tax', 'mpg', 'engineSize']","['car_age', 'mileage', 'tax', 'mpg']",0.05,0.5,"RandomForestRegressor(max_depth=12, max_features='sqrt', min_samples_leaf=4,
                      min_samples_split=10, random_state=42)",standard,5,simple,target,"{'selector__selection_method': 'rfe', 'selector__n_features_to_select': 13, 'selector__model_name': 'rf', 'selector__k': 14, 'scaler__scaler_name': 'standard', 'outlier_remover__z_columns': ['car_age', 'mileage', 'tax', 'mpg'], 'outlier_remover__threshold': 3, 'outlier_remover__sev_outliers_cols': ['car_age', 'mileage', 'engineSize'], 'outlier_remover__outlier_method': 'IQR', 'outlier_remover__n_neighbors': 30, 'outlier_remover__model_columns': ['car_age', 'mileage', 'tax', 'mpg', 'engineSize'], 'outlier_remover__mod_outliers_cols': ['car_age', 'mileage', 'tax', 'mpg'], 'outlier_remover__contamination_LOF': 0.05, 'outlier_remover__contamination_IF': 0.5, 'model': RandomForestRegressor(max_depth=12, max_features='sqrt', min_samples_leaf=4,
                      min_samples_split=10, random_state=42), 'imputer__knn_scaling_method': 'standard', 'imputer__knn_neighbors': 5, 'imputer__imputation_method': 'simple', 'encoder__method': 'target'}",-2130.7501055606235,-2538.271527866534,-2095.930132473992,-2254.98392196705,200.81833975616624,161,-1796.0382754716652,-1779.5052235671005,-1668.798168303466,-1748.1138891140772,56.48936848115692
128,0,2000,0.39879560470581055,0.0073667734252271175,0.010614395141601562,0.0014481832734615009,model,24,rf,7,minmax,"['car_age', 'mileage', 'tax', 'mpg']",2,"['car_age', 'mileage']",Isolation_Forest,50,"['car_age', 'mileage', 'tax', 'mpg', 'engineSize']","['tax', 'mpg']",0.5,0.15,"RandomForestRegressor(max_depth=12, max_features='sqrt', min_samples_leaf=4,
                      min_samples_split=10, random_state=42)",minmax,6,simple,target,"{'selector__selection_method': 'model', 'selector__n_features_to_select': 24, 'selector__model_name': 'rf', 'selector__k': 7, 'scaler__scaler_name': 'minmax', 'outlier_remover__z_columns': ['car_age', 'mileage', 'tax', 'mpg'], 'outlier_remover__threshold': 2, 'outlier_remover__sev_outliers_cols': ['car_age', 'mileage'], 'outlier_remover__outlier_method': 'Isolation_Forest', 'outlier_remover__n_neighbors': 50, 'outlier_remover__model_columns': ['car_age', 'mileage', 'tax', 'mpg', 'engineSize'], 'outlier_remover__mod_outliers_cols': ['tax', 'mpg'], 'outlier_remover__contamination_LOF': 0.5, 'outlier_remover__contamination_IF': 0.15, 'model': RandomForestRegressor(max_depth=12, max_features='sqrt', min_samples_leaf=4,
                      min_samples_split=10, random_state=42), 'imputer__knn_scaling_method': 'minmax', 'imputer__knn_neighbors': 6, 'imputer__imputation_method': 'simple', 'encoder__method': 'target'}",-2344.825837207828,-2939.5085930085097,-2365.2409518498484,-2549.858460688729,275.6502777543541,276,-2240.048821126173,-2273.898070646985,-2077.2358487869114,-2197.0609135200234,85.84861686713954
129,0,2000,0.021707614262898762,0.00033985681768294206,0.003996928532918294,0.00015881974473334795,model,10,dt,12,robust,"['car_age', 'mileage', 'tax', 'mpg']",2,"['car_age', 'mileage']",z_score,70,"['car_age', 'mileage', 'tax', 'mpg']","['car_age', 'mileage', 'tax', 'mpg']",0.05,0.05,"DecisionTreeRegressor(max_depth=10, max_features='sqrt', min_samples_leaf=4,
                      min_samples_split=10, random_state=42)",minmax,14,simple,target,"{'selector__selection_method': 'model', 'selector__n_features_to_select': 10, 'selector__model_name': 'dt', 'selector__k': 12, 'scaler__scaler_name': 'robust', 'outlier_remover__z_columns': ['car_age', 'mileage', 'tax', 'mpg'], 'outlier_remover__threshold': 2, 'outlier_remover__sev_outliers_cols': ['car_age', 'mileage'], 'outlier_remover__outlier_method': 'z_score', 'outlier_remover__n_neighbors': 70, 'outlier_remover__model_columns': ['car_age', 'mileage', 'tax', 'mpg'], 'outlier_remover__mod_outliers_cols': ['car_age', 'mileage', 'tax', 'mpg'], 'outlier_remover__contamination_LOF': 0.05, 'outlier_remover__contamination_IF': 0.05, 'model': DecisionTreeRegressor(max_depth=10, max_features='sqrt', min_samples_leaf=4,
                      min_samples_split=10, random_state=42), 'imputer__knn_scaling_method': 'minmax', 'imputer__knn_neighbors': 14, 'imputer__imputation_method': 'simple', 'encoder__method': 'target'}",-2912.787893252372,-3609.518194891523,-3000.966007768541,-3174.424031970812,309.7569401166686,358,-2246.1407945682886,-2211.561847293949,-2042.0028404734787,-2166.5684941119052,89.20529673521544
130,0,2000,0.11075862248738606,0.008025194197360894,0.0346989631652832,0.005643281807061477,kbest,10,et,11,standard,"['car_age', 'mileage', 'tax', 'mpg']",2,"['car_age', 'mileage']",z_score,50,"['car_age', 'mileage', 'tax', 'mpg', 'engineSize']","['tax', 'mpg']",0.5,0.5,"ExtraTreesRegressor(max_depth=12, max_features='sqrt', min_samples_leaf=4,
                    min_samples_split=10, n_jobs=-1, random_state=42)",robust,15,iterative,target,"{'selector__selection_method': 'kbest', 'selector__n_features_to_select': 10, 'selector__model_name': 'et', 'selector__k': 11, 'scaler__scaler_name': 'standard', 'outlier_remover__z_columns': ['car_age', 'mileage', 'tax', 'mpg'], 'outlier_remover__threshold': 2, 'outlier_remover__sev_outliers_cols': ['car_age', 'mileage'], 'outlier_remover__outlier_method': 'z_score', 'outlier_remover__n_neighbors': 50, 'outlier_remover__model_columns': ['car_age', 'mileage', 'tax', 'mpg', 'engineSize'], 'outlier_remover__mod_outliers_cols': ['tax', 'mpg'], 'outlier_remover__contamination_LOF': 0.5, 'outlier_remover__contamination_IF': 0.5, 'model': ExtraTreesRegressor(max_depth=12, max_features='sqrt', min_samples_leaf=4,
                    min_samples_split=10, n_jobs=-1, random_state=42), 'imputer__knn_scaling_method': 'robust', 'imputer__knn_neighbors': 15, 'imputer__imputation_method': 'iterative', 'encoder__method': 'target'}",-2335.8880910280564,-2774.0319056047583,-2256.8603245436275,-2455.5934403921474,227.4696156473091,239,-2132.513786694902,-2160.417562204243,-2004.8558938406713,-2099.262414246605,67.7204966180155
131,0,2000,0.056589206059773765,0.006290654200032774,0.0054474671681722,7.605648173041895e-05,model,24,dt,16,robust,"['car_age', 'mileage', 'tax', 'mpg']",2,"['car_age', 'mileage', 'engineSize']",IQR,90,"['car_age', 'mileage', 'tax', 'mpg']","['car_age', 'mileage', 'tax', 'mpg']",0.3,0.5,"DecisionTreeRegressor(max_depth=10, max_features='sqrt', min_samples_leaf=4,
                      min_samples_split=10, random_state=42)",minmax,15,iterative,target,"{'selector__selection_method': 'model', 'selector__n_features_to_select': 24, 'selector__model_name': 'dt', 'selector__k': 16, 'scaler__scaler_name': 'robust', 'outlier_remover__z_columns': ['car_age', 'mileage', 'tax', 'mpg'], 'outlier_remover__threshold': 2, 'outlier_remover__sev_outliers_cols': ['car_age', 'mileage', 'engineSize'], 'outlier_remover__outlier_method': 'IQR', 'outlier_remover__n_neighbors': 90, 'outlier_remover__model_columns': ['car_age', 'mileage', 'tax', 'mpg'], 'outlier_remover__mod_outliers_cols': ['car_age', 'mileage', 'tax', 'mpg'], 'outlier_remover__contamination_LOF': 0.3, 'outlier_remover__contamination_IF': 0.5, 'model': DecisionTreeRegressor(max_depth=10, max_features='sqrt', min_samples_leaf=4,
                      min_samples_split=10, random_state=42), 'imputer__knn_scaling_method': 'minmax', 'imputer__knn_neighbors': 15, 'imputer__imputation_method': 'iterative', 'encoder__method': 'target'}",-2906.808984716513,-3383.7977104447314,-3012.0949043880487,-3100.9005331830977,204.60431878338642,350,-2331.8985297552967,-2295.5908558449237,-2019.8097576936393,-2215.7663810979534,139.35281479805275
132,0,2000,0.1282362937927246,0.0162701245441,0.034070094426472984,0.005366993820243803,kbest,12,et,6,robust,"['car_age', 'mileage', 'tax', 'mpg']",3,"['car_age', 'mileage']",IQR,50,"['car_age', 'mileage', 'tax', 'mpg']","['car_age', 'mileage', 'tax', 'mpg']",0.15,0.05,"ExtraTreesRegressor(max_depth=12, max_features='sqrt', min_samples_leaf=4,
                    min_samples_split=10, n_jobs=-1, random_state=42)",minmax,14,iterative,target,"{'selector__selection_method': 'kbest', 'selector__n_features_to_select': 12, 'selector__model_name': 'et', 'selector__k': 6, 'scaler__scaler_name': 'robust', 'outlier_remover__z_columns': ['car_age', 'mileage', 'tax', 'mpg'], 'outlier_remover__threshold': 3, 'outlier_remover__sev_outliers_cols': ['car_age', 'mileage'], 'outlier_remover__outlier_method': 'IQR', 'outlier_remover__n_neighbors': 50, 'outlier_remover__model_columns': ['car_age', 'mileage', 'tax', 'mpg'], 'outlier_remover__mod_outliers_cols': ['car_age', 'mileage', 'tax', 'mpg'], 'outlier_remover__contamination_LOF': 0.15, 'outlier_remover__contamination_IF': 0.05, 'model': ExtraTreesRegressor(max_depth=12, max_features='sqrt', min_samples_leaf=4,
                    min_samples_split=10, n_jobs=-1, random_state=42), 'imputer__knn_scaling_method': 'minmax', 'imputer__knn_neighbors': 14, 'imputer__imputation_method': 'iterative', 'encoder__method': 'target'}",-2578.8405177538634,-3071.062834770099,-2500.752704027403,-2716.8853521837887,252.46213384918647,296,-2455.7885307219467,-2599.780257035272,-2266.332022824905,-2440.6336035273744,136.5508088300408
133,0,2000,0.6764171918233236,0.02124000563446161,0.02935330073038737,0.006506080864119266,rfe,8,et,9,standard,"['car_age', 'mileage', 'tax', 'mpg']",2,"['car_age', 'mileage', 'engineSize']",IQR,100,"['car_age', 'mileage', 'tax', 'mpg']","['tax', 'mpg']",0.05,0.15,"ExtraTreesRegressor(max_depth=12, max_features='sqrt', min_samples_leaf=4,
                    min_samples_split=10, n_jobs=-1, random_state=42)",standard,15,iterative,freq,"{'selector__selection_method': 'rfe', 'selector__n_features_to_select': 8, 'selector__model_name': 'et', 'selector__k': 9, 'scaler__scaler_name': 'standard', 'outlier_remover__z_columns': ['car_age', 'mileage', 'tax', 'mpg'], 'outlier_remover__threshold': 2, 'outlier_remover__sev_outliers_cols': ['car_age', 'mileage', 'engineSize'], 'outlier_remover__outlier_method': 'IQR', 'outlier_remover__n_neighbors': 100, 'outlier_remover__model_columns': ['car_age', 'mileage', 'tax', 'mpg'], 'outlier_remover__mod_outliers_cols': ['tax', 'mpg'], 'outlier_remover__contamination_LOF': 0.05, 'outlier_remover__contamination_IF': 0.15, 'model': ExtraTreesRegressor(max_depth=12, max_features='sqrt', min_samples_leaf=4,
                    min_samples_split=10, n_jobs=-1, random_state=42), 'imputer__knn_scaling_method': 'standard', 'imputer__knn_neighbors': 15, 'imputer__imputation_method': 'iterative', 'encoder__method': 'freq'}",-2832.181709718525,-3345.2046288415,-2807.9404325911873,-2995.108923717071,247.75278261352864,333,-2779.4958665068307,-2941.468884245121,-2879.1083343893324,-2866.691028380428,66.70560563751349
134,0,2000,0.10759751001993816,0.008680720151759181,0.032608350118001304,0.0036377549504779897,kbest,7,et,17,minmax,"['car_age', 'mileage', 'tax', 'mpg']",3,"['car_age', 'mileage', 'engineSize']",z_score,100,"['car_age', 'mileage', 'tax', 'mpg', 'engineSize']","['car_age', 'mileage', 'tax', 'mpg']",0.5,0.05,"ExtraTreesRegressor(max_depth=12, max_features='sqrt', min_samples_leaf=4,
                    min_samples_split=10, n_jobs=-1, random_state=42)",robust,18,iterative,target,"{'selector__selection_method': 'kbest', 'selector__n_features_to_select': 7, 'selector__model_name': 'et', 'selector__k': 17, 'scaler__scaler_name': 'minmax', 'outlier_remover__z_columns': ['car_age', 'mileage', 'tax', 'mpg'], 'outlier_remover__threshold': 3, 'outlier_remover__sev_outliers_cols': ['car_age', 'mileage', 'engineSize'], 'outlier_remover__outlier_method': 'z_score', 'outlier_remover__n_neighbors': 100, 'outlier_remover__model_columns': ['car_age', 'mileage', 'tax', 'mpg', 'engineSize'], 'outlier_remover__mod_outliers_cols': ['car_age', 'mileage', 'tax', 'mpg'], 'outlier_remover__contamination_LOF': 0.5, 'outlier_remover__contamination_IF': 0.05, 'model': ExtraTreesRegressor(max_depth=12, max_features='sqrt', min_samples_leaf=4,
                    min_samples_split=10, n_jobs=-1, random_state=42), 'imputer__knn_scaling_method': 'robust', 'imputer__knn_neighbors': 18, 'imputer__imputation_method': 'iterative', 'encoder__method': 'target'}",-2361.9013291727583,-2858.467499209948,-2281.2594080829417,-2500.54274548855,255.2232706920968,252,-2195.9467539241837,-2261.446138748727,-2027.7404746751868,-2161.711122449366,98.43320307658145
135,0,2000,0.24255983034769693,0.014907740665434955,0.08755183219909668,0.00483919120911158,model,22,dt,7,standard,"['car_age', 'mileage', 'tax', 'mpg']",2,"['car_age', 'mileage']",Isolation_Forest,70,"['car_age', 'mileage', 'tax', 'mpg', 'engineSize']","['car_age', 'mileage', 'tax', 'mpg']",0.5,0.05,"DecisionTreeRegressor(max_depth=10, max_features='sqrt', min_samples_leaf=4,
                      min_samples_split=10, random_state=42)",robust,12,knn_modelwise,freq,"{'selector__selection_method': 'model', 'selector__n_features_to_select': 22, 'selector__model_name': 'dt', 'selector__k': 7, 'scaler__scaler_name': 'standard', 'outlier_remover__z_columns': ['car_age', 'mileage', 'tax', 'mpg'], 'outlier_remover__threshold': 2, 'outlier_remover__sev_outliers_cols': ['car_age', 'mileage'], 'outlier_remover__outlier_method': 'Isolation_Forest', 'outlier_remover__n_neighbors': 70, 'outlier_remover__model_columns': ['car_age', 'mileage', 'tax', 'mpg', 'engineSize'], 'outlier_remover__mod_outliers_cols': ['car_age', 'mileage', 'tax', 'mpg'], 'outlier_remover__contamination_LOF': 0.5, 'outlier_remover__contamination_IF': 0.05, 'model': DecisionTreeRegressor(max_depth=10, max_features='sqrt', min_samples_leaf=4,
                      min_samples_split=10, random_state=42), 'imputer__knn_scaling_method': 'robust', 'imputer__knn_neighbors': 12, 'imputer__imputation_method': 'knn_modelwise', 'encoder__method': 'freq'}",-3353.7910150665143,-3763.745506326092,-3062.4148947087338,-3393.3171387004463,287.6779362818058,376,-2699.143144645943,-2825.9059904278997,-2320.231824980239,-2615.093653351361,214.825243923917
136,0,2000,0.04607637723286947,0.00313648936870414,0.00527199109395345,0.00016482253423418149,model,17,dt,15,standard,"['car_age', 'mileage', 'tax', 'mpg']",2,"['car_age', 'mileage', 'engineSize']",IQR,70,"['car_age', 'mileage', 'tax', 'mpg', 'engineSize']","['car_age', 'mileage', 'tax', 'mpg']",0.15,0.05,"DecisionTreeRegressor(max_depth=10, max_features='sqrt', min_samples_leaf=4,
                      min_samples_split=10, random_state=42)",robust,20,iterative,freq,"{'selector__selection_method': 'model', 'selector__n_features_to_select': 17, 'selector__model_name': 'dt', 'selector__k': 15, 'scaler__scaler_name': 'standard', 'outlier_remover__z_columns': ['car_age', 'mileage', 'tax', 'mpg'], 'outlier_remover__threshold': 2, 'outlier_remover__sev_outliers_cols': ['car_age', 'mileage', 'engineSize'], 'outlier_remover__outlier_method': 'IQR', 'outlier_remover__n_neighbors': 70, 'outlier_remover__model_columns': ['car_age', 'mileage', 'tax', 'mpg', 'engineSize'], 'outlier_remover__mod_outliers_cols': ['car_age', 'mileage', 'tax', 'mpg'], 'outlier_remover__contamination_LOF': 0.15, 'outlier_remover__contamination_IF': 0.05, 'model': DecisionTreeRegressor(max_depth=10, max_features='sqrt', min_samples_leaf=4,
                      min_samples_split=10, random_state=42), 'imputer__knn_scaling_method': 'robust', 'imputer__knn_neighbors': 20, 'imputer__imputation_method': 'iterative', 'encoder__method': 'freq'}",-3132.878105081165,-3500.828659375722,-3239.37664957735,-3291.027804678079,154.59147015892705,369,-2444.7036048720843,-2475.320232343112,-2231.2416075737165,-2383.755148262971,108.5652784875059
137,0,2000,0.1545116901397705,0.01841609098761215,0.01669732729593913,0.004335049144913415,kbest,8,rf,16,robust,"['car_age', 'mileage', 'tax', 'mpg']",2,"['car_age', 'mileage']",z_score,70,"['car_age', 'mileage', 'tax', 'mpg', 'engineSize']","['car_age', 'mileage', 'tax', 'mpg']",0.3,0.05,"RandomForestRegressor(max_depth=12, max_features='sqrt', min_samples_leaf=4,
                      min_samples_split=10, random_state=42)",robust,17,iterative,freq,"{'selector__selection_method': 'kbest', 'selector__n_features_to_select': 8, 'selector__model_name': 'rf', 'selector__k': 16, 'scaler__scaler_name': 'robust', 'outlier_remover__z_columns': ['car_age', 'mileage', 'tax', 'mpg'], 'outlier_remover__threshold': 2, 'outlier_remover__sev_outliers_cols': ['car_age', 'mileage'], 'outlier_remover__outlier_method': 'z_score', 'outlier_remover__n_neighbors': 70, 'outlier_remover__model_columns': ['car_age', 'mileage', 'tax', 'mpg', 'engineSize'], 'outlier_remover__mod_outliers_cols': ['car_age', 'mileage', 'tax', 'mpg'], 'outlier_remover__contamination_LOF': 0.3, 'outlier_remover__contamination_IF': 0.05, 'model': RandomForestRegressor(max_depth=12, max_features='sqrt', min_samples_leaf=4,
                      min_samples_split=10, random_state=42), 'imputer__knn_scaling_method': 'robust', 'imputer__knn_neighbors': 17, 'imputer__imputation_method': 'iterative', 'encoder__method': 'freq'}",-2385.932171344055,-2770.914259035101,-2450.441592307708,-2535.7626742289544,168.34996728224246,262,-1996.7460351416635,-2071.4216632463913,-1937.1705409652086,-2001.7794131177543,54.92323205363959
138,0,2000,0.33185259501139325,0.021977152444175755,0.142165740331014,0.007867151353762201,kbest,9,rf,11,robust,"['car_age', 'mileage', 'tax', 'mpg']",2,"['car_age', 'mileage', 'engineSize']",z_score,100,"['car_age', 'mileage', 'tax', 'mpg']","['tax', 'mpg']",0.5,0.05,"RandomForestRegressor(max_depth=12, max_features='sqrt', min_samples_leaf=4,
                      min_samples_split=10, random_state=42)",minmax,8,knn_modelwise,target,"{'selector__selection_method': 'kbest', 'selector__n_features_to_select': 9, 'selector__model_name': 'rf', 'selector__k': 11, 'scaler__scaler_name': 'robust', 'outlier_remover__z_columns': ['car_age', 'mileage', 'tax', 'mpg'], 'outlier_remover__threshold': 2, 'outlier_remover__sev_outliers_cols': ['car_age', 'mileage', 'engineSize'], 'outlier_remover__outlier_method': 'z_score', 'outlier_remover__n_neighbors': 100, 'outlier_remover__model_columns': ['car_age', 'mileage', 'tax', 'mpg'], 'outlier_remover__mod_outliers_cols': ['tax', 'mpg'], 'outlier_remover__contamination_LOF': 0.5, 'outlier_remover__contamination_IF': 0.05, 'model': RandomForestRegressor(max_depth=12, max_features='sqrt', min_samples_leaf=4,
                      min_samples_split=10, random_state=42), 'imputer__knn_scaling_method': 'minmax', 'imputer__knn_neighbors': 8, 'imputer__imputation_method': 'knn_modelwise', 'encoder__method': 'target'}",-2138.722468261737,-2583.154200673653,-2115.513105035893,-2279.1299246570948,215.1863362156649,185,-1790.161153890307,-1730.3180603317649,-1631.2319874123134,-1717.2370672114619,65.53856002439846
139,0,2000,0.11203757921854655,0.0030932126503515557,0.013607263565063477,0.004537826759902892,kbest,8,rf,17,minmax,"['car_age', 'mileage', 'tax', 'mpg']",3,"['car_age', 'mileage', 'engineSize']",LOF,30,"['car_age', 'mileage', 'tax', 'mpg', 'engineSize']","['car_age', 'mileage', 'tax', 'mpg']",0.3,0.5,"GradientBoostingRegressor(max_depth=5, max_features='sqrt', min_samples_leaf=4,
                          min_samples_split=10, random_state=42, subsample=0.8)",standard,11,iterative,freq,"{'selector__selection_method': 'kbest', 'selector__n_features_to_select': 8, 'selector__model_name': 'rf', 'selector__k': 17, 'scaler__scaler_name': 'minmax', 'outlier_remover__z_columns': ['car_age', 'mileage', 'tax', 'mpg'], 'outlier_remover__threshold': 3, 'outlier_remover__sev_outliers_cols': ['car_age', 'mileage', 'engineSize'], 'outlier_remover__outlier_method': 'LOF', 'outlier_remover__n_neighbors': 30, 'outlier_remover__model_columns': ['car_age', 'mileage', 'tax', 'mpg', 'engineSize'], 'outlier_remover__mod_outliers_cols': ['car_age', 'mileage', 'tax', 'mpg'], 'outlier_remover__contamination_LOF': 0.3, 'outlier_remover__contamination_IF': 0.5, 'model': GradientBoostingRegressor(max_depth=5, max_features='sqrt', min_samples_leaf=4,
                          min_samples_split=10, random_state=42, subsample=0.8), 'imputer__knn_scaling_method': 'standard', 'imputer__knn_neighbors': 11, 'imputer__imputation_method': 'iterative', 'encoder__method': 'freq'}",-2344.1833833374285,-2579.6522641751603,-2324.804053790832,-2416.213233767807,115.83933442140382,222,-1865.2550561456799,-1887.1575592191123,-1517.4550268530033,-1756.622547405932,169.35319517859125
140,0,2000,0.43845359484354657,0.010922737808173731,0.0071106751759847,0.00019223540197335707,rfe,18,rf,18,minmax,"['car_age', 'mileage', 'tax', 'mpg']",2,"['car_age', 'mileage']",z_score,70,"['car_age', 'mileage', 'tax', 'mpg']","['car_age', 'mileage', 'tax', 'mpg']",0.3,0.15,"GradientBoostingRegressor(max_depth=5, max_features='sqrt', min_samples_leaf=4,
                          min_samples_split=10, random_state=42, subsample=0.8)",minmax,19,iterative,freq,"{'selector__selection_method': 'rfe', 'selector__n_features_to_select': 18, 'selector__model_name': 'rf', 'selector__k': 18, 'scaler__scaler_name': 'minmax', 'outlier_remover__z_columns': ['car_age', 'mileage', 'tax', 'mpg'], 'outlier_remover__threshold': 2, 'outlier_remover__sev_outliers_cols': ['car_age', 'mileage'], 'outlier_remover__outlier_method': 'z_score', 'outlier_remover__n_neighbors': 70, 'outlier_remover__model_columns': ['car_age', 'mileage', 'tax', 'mpg'], 'outlier_remover__mod_outliers_cols': ['car_age', 'mileage', 'tax', 'mpg'], 'outlier_remover__contamination_LOF': 0.3, 'outlier_remover__contamination_IF': 0.15, 'model': GradientBoostingRegressor(max_depth=5, max_features='sqrt', min_samples_leaf=4,
                          min_samples_split=10, random_state=42, subsample=0.8), 'imputer__knn_scaling_method': 'minmax', 'imputer__knn_neighbors': 19, 'imputer__imputation_method': 'iterative', 'encoder__method': 'freq'}",-2237.244482071961,-2413.444492676225,-2186.827715636342,-2279.1722301281757,97.15020312823188,186,-1662.4757367521954,-1642.2267739437325,-1395.0763653821493,-1566.5929586926925,121.5619498015869
141,0,2000,0.18722263971964517,0.011625424486018075,0.009159008661905924,0.0017373982484716127,kbest,11,rf,16,robust,"['car_age', 'mileage', 'tax', 'mpg']",3,"['car_age', 'mileage', 'engineSize']",Isolation_Forest,30,"['car_age', 'mileage', 'tax', 'mpg', 'engineSize']","['car_age', 'mileage', 'tax', 'mpg']",0.3,0.15,"GradientBoostingRegressor(max_depth=5, max_features='sqrt', min_samples_leaf=4,
                          min_samples_split=10, random_state=42, subsample=0.8)",robust,15,iterative,target,"{'selector__selection_method': 'kbest', 'selector__n_features_to_select': 11, 'selector__model_name': 'rf', 'selector__k': 16, 'scaler__scaler_name': 'robust', 'outlier_remover__z_columns': ['car_age', 'mileage', 'tax', 'mpg'], 'outlier_remover__threshold': 3, 'outlier_remover__sev_outliers_cols': ['car_age', 'mileage', 'engineSize'], 'outlier_remover__outlier_method': 'Isolation_Forest', 'outlier_remover__n_neighbors': 30, 'outlier_remover__model_columns': ['car_age', 'mileage', 'tax', 'mpg', 'engineSize'], 'outlier_remover__mod_outliers_cols': ['car_age', 'mileage', 'tax', 'mpg'], 'outlier_remover__contamination_LOF': 0.3, 'outlier_remover__contamination_IF': 0.15, 'model': GradientBoostingRegressor(max_depth=5, max_features='sqrt', min_samples_leaf=4,
                          min_samples_split=10, random_state=42, subsample=0.8), 'imputer__knn_scaling_method': 'robust', 'imputer__knn_neighbors': 15, 'imputer__imputation_method': 'iterative', 'encoder__method': 'target'}",-2161.9423493603226,-2508.8816299502155,-2164.312404152542,-2278.3787944876935,162.99298994563424,183,-1715.6979756394987,-1590.2661037870926,-1563.9076001702265,-1623.290559865606,66.22205345520933
142,0,2000,0.18120249112447104,0.013378462215578545,0.014560222625732422,0.004775264220767295,kbest,14,rf,18,standard,"['car_age', 'mileage', 'tax', 'mpg']",3,"['car_age', 'mileage']",Isolation_Forest,100,"['car_age', 'mileage', 'tax', 'mpg']","['tax', 'mpg']",0.3,0.3,"RandomForestRegressor(max_depth=12, max_features='sqrt', min_samples_leaf=4,
                      min_samples_split=10, random_state=42)",minmax,9,simple,freq,"{'selector__selection_method': 'kbest', 'selector__n_features_to_select': 14, 'selector__model_name': 'rf', 'selector__k': 18, 'scaler__scaler_name': 'standard', 'outlier_remover__z_columns': ['car_age', 'mileage', 'tax', 'mpg'], 'outlier_remover__threshold': 3, 'outlier_remover__sev_outliers_cols': ['car_age', 'mileage'], 'outlier_remover__outlier_method': 'Isolation_Forest', 'outlier_remover__n_neighbors': 100, 'outlier_remover__model_columns': ['car_age', 'mileage', 'tax', 'mpg'], 'outlier_remover__mod_outliers_cols': ['tax', 'mpg'], 'outlier_remover__contamination_LOF': 0.3, 'outlier_remover__contamination_IF': 0.3, 'model': RandomForestRegressor(max_depth=12, max_features='sqrt', min_samples_leaf=4,
                      min_samples_split=10, random_state=42), 'imputer__knn_scaling_method': 'minmax', 'imputer__knn_neighbors': 9, 'imputer__imputation_method': 'simple', 'encoder__method': 'freq'}",-2783.428046816951,-3438.259983878394,-3028.8170817377145,-3083.501704144353,270.1160520896255,344,-2705.6353168135497,-2852.102125487196,-2756.142366552339,-2771.2932696176954,60.746982962297544
143,0,2000,0.31753071149190265,0.013220616215175254,0.14268962542215982,0.025795199172457754,kbest,5,rf,5,robust,"['car_age', 'mileage', 'tax', 'mpg']",3,"['car_age', 'mileage', 'engineSize']",IQR,70,"['car_age', 'mileage', 'tax', 'mpg', 'engineSize']","['car_age', 'mileage', 'tax', 'mpg']",0.5,0.5,"RandomForestRegressor(max_depth=12, max_features='sqrt', min_samples_leaf=4,
                      min_samples_split=10, random_state=42)",minmax,15,knn_modelwise,freq,"{'selector__selection_method': 'kbest', 'selector__n_features_to_select': 5, 'selector__model_name': 'rf', 'selector__k': 5, 'scaler__scaler_name': 'robust', 'outlier_remover__z_columns': ['car_age', 'mileage', 'tax', 'mpg'], 'outlier_remover__threshold': 3, 'outlier_remover__sev_outliers_cols': ['car_age', 'mileage', 'engineSize'], 'outlier_remover__outlier_method': 'IQR', 'outlier_remover__n_neighbors': 70, 'outlier_remover__model_columns': ['car_age', 'mileage', 'tax', 'mpg', 'engineSize'], 'outlier_remover__mod_outliers_cols': ['car_age', 'mileage', 'tax', 'mpg'], 'outlier_remover__contamination_LOF': 0.5, 'outlier_remover__contamination_IF': 0.5, 'model': RandomForestRegressor(max_depth=12, max_features='sqrt', min_samples_leaf=4,
                      min_samples_split=10, random_state=42), 'imputer__knn_scaling_method': 'minmax', 'imputer__knn_neighbors': 15, 'imputer__imputation_method': 'knn_modelwise', 'encoder__method': 'freq'}",-2660.2666335479157,-3023.49610926488,-2681.0506520900753,-2788.27113163429,166.5454621270596,313,-2188.469222117757,-2270.8244343346596,-2090.0429710827675,-2183.112209178395,73.90086853164931
144,0,2000,0.32636300722757977,0.0413951870379891,0.11074034372965495,0.006273643442300681,kbest,16,rf,24,standard,"['car_age', 'mileage', 'tax', 'mpg']",3,"['car_age', 'mileage']",Isolation_Forest,70,"['car_age', 'mileage', 'tax', 'mpg', 'engineSize']","['tax', 'mpg']",0.3,0.3,"GradientBoostingRegressor(max_depth=5, max_features='sqrt', min_samples_leaf=4,
                          min_samples_split=10, random_state=42, subsample=0.8)",standard,16,knn_modelwise,target,"{'selector__selection_method': 'kbest', 'selector__n_features_to_select': 16, 'selector__model_name': 'rf', 'selector__k': 24, 'scaler__scaler_name': 'standard', 'outlier_remover__z_columns': ['car_age', 'mileage', 'tax', 'mpg'], 'outlier_remover__threshold': 3, 'outlier_remover__sev_outliers_cols': ['car_age', 'mileage'], 'outlier_remover__outlier_method': 'Isolation_Forest', 'outlier_remover__n_neighbors': 70, 'outlier_remover__model_columns': ['car_age', 'mileage', 'tax', 'mpg', 'engineSize'], 'outlier_remover__mod_outliers_cols': ['tax', 'mpg'], 'outlier_remover__contamination_LOF': 0.3, 'outlier_remover__contamination_IF': 0.3, 'model': GradientBoostingRegressor(max_depth=5, max_features='sqrt', min_samples_leaf=4,
                          min_samples_split=10, random_state=42, subsample=0.8), 'imputer__knn_scaling_method': 'standard', 'imputer__knn_neighbors': 16, 'imputer__imputation_method': 'knn_modelwise', 'encoder__method': 'target'}",-2232.5138667319748,-2824.8612900510984,-2422.874143351779,-2493.416433378284,246.9156785758233,248,-2134.9413816263445,-1976.370433866082,-2065.44306804264,-2058.9182945116886,64.90051808021065
145,0,2000,0.3659101327260335,0.017477695717062543,0.006948550542195638,0.00017784697852659897,model,10,rf,20,standard,"['car_age', 'mileage', 'tax', 'mpg']",3,"['car_age', 'mileage', 'engineSize']",LOF,100,"['car_age', 'mileage', 'tax', 'mpg']","['car_age', 'mileage', 'tax', 'mpg']",0.3,0.05,"GradientBoostingRegressor(max_depth=5, max_features='sqrt', min_samples_leaf=4,
                          min_samples_split=10, random_state=42, subsample=0.8)",standard,13,iterative,freq,"{'selector__selection_method': 'model', 'selector__n_features_to_select': 10, 'selector__model_name': 'rf', 'selector__k': 20, 'scaler__scaler_name': 'standard', 'outlier_remover__z_columns': ['car_age', 'mileage', 'tax', 'mpg'], 'outlier_remover__threshold': 3, 'outlier_remover__sev_outliers_cols': ['car_age', 'mileage', 'engineSize'], 'outlier_remover__outlier_method': 'LOF', 'outlier_remover__n_neighbors': 100, 'outlier_remover__model_columns': ['car_age', 'mileage', 'tax', 'mpg'], 'outlier_remover__mod_outliers_cols': ['car_age', 'mileage', 'tax', 'mpg'], 'outlier_remover__contamination_LOF': 0.3, 'outlier_remover__contamination_IF': 0.05, 'model': GradientBoostingRegressor(max_depth=5, max_features='sqrt', min_samples_leaf=4,
                          min_samples_split=10, random_state=42, subsample=0.8), 'imputer__knn_scaling_method': 'standard', 'imputer__knn_neighbors': 13, 'imputer__imputation_method': 'iterative', 'encoder__method': 'freq'}",-2421.083134844897,-2747.729799266062,-2545.702000738066,-2571.5049782830083,134.59533444615107,284,-1911.3757911659366,-2160.4568848731988,-1752.501165097124,-1941.4446137120865,167.89891381718883
146,0,2000,0.10713330904642741,0.007109832530145548,0.03938595453898112,0.0023283538552647774,kbest,24,et,18,minmax,"['car_age', 'mileage', 'tax', 'mpg']",2,"['car_age', 'mileage']",z_score,90,"['car_age', 'mileage', 'tax', 'mpg']","['car_age', 'mileage', 'tax', 'mpg']",0.5,0.15,"ExtraTreesRegressor(max_depth=12, max_features='sqrt', min_samples_leaf=4,
                    min_samples_split=10, n_jobs=-1, random_state=42)",standard,14,iterative,freq,"{'selector__selection_method': 'kbest', 'selector__n_features_to_select': 24, 'selector__model_name': 'et', 'selector__k': 18, 'scaler__scaler_name': 'minmax', 'outlier_remover__z_columns': ['car_age', 'mileage', 'tax', 'mpg'], 'outlier_remover__threshold': 2, 'outlier_remover__sev_outliers_cols': ['car_age', 'mileage'], 'outlier_remover__outlier_method': 'z_score', 'outlier_remover__n_neighbors': 90, 'outlier_remover__model_columns': ['car_age', 'mileage', 'tax', 'mpg'], 'outlier_remover__mod_outliers_cols': ['car_age', 'mileage', 'tax', 'mpg'], 'outlier_remover__contamination_LOF': 0.5, 'outlier_remover__contamination_IF': 0.15, 'model': ExtraTreesRegressor(max_depth=12, max_features='sqrt', min_samples_leaf=4,
                    min_samples_split=10, n_jobs=-1, random_state=42), 'imputer__knn_scaling_method': 'standard', 'imputer__knn_neighbors': 14, 'imputer__imputation_method': 'iterative', 'encoder__method': 'freq'}",-2675.029190425809,-3066.6276512553954,-2535.3345186239926,-2758.9971201017324,224.87931297456416,306,-2421.6975718451354,-2505.4656893499,-2322.5692915652794,-2416.5775175867716,74.75486292923908
147,0,2000,0.3215932051340739,0.011550834301899545,0.13193647066752115,0.0021404611303584794,kbest,23,rf,11,robust,"['car_age', 'mileage', 'tax', 'mpg']",2,"['car_age', 'mileage']",LOF,90,"['car_age', 'mileage', 'tax', 'mpg', 'engineSize']","['car_age', 'mileage', 'tax', 'mpg']",0.05,0.5,"GradientBoostingRegressor(max_depth=5, max_features='sqrt', min_samples_leaf=4,
                          min_samples_split=10, random_state=42, subsample=0.8)",standard,17,knn_modelwise,target,"{'selector__selection_method': 'kbest', 'selector__n_features_to_select': 23, 'selector__model_name': 'rf', 'selector__k': 11, 'scaler__scaler_name': 'robust', 'outlier_remover__z_columns': ['car_age', 'mileage', 'tax', 'mpg'], 'outlier_remover__threshold': 2, 'outlier_remover__sev_outliers_cols': ['car_age', 'mileage'], 'outlier_remover__outlier_method': 'LOF', 'outlier_remover__n_neighbors': 90, 'outlier_remover__model_columns': ['car_age', 'mileage', 'tax', 'mpg', 'engineSize'], 'outlier_remover__mod_outliers_cols': ['car_age', 'mileage', 'tax', 'mpg'], 'outlier_remover__contamination_LOF': 0.05, 'outlier_remover__contamination_IF': 0.5, 'model': GradientBoostingRegressor(max_depth=5, max_features='sqrt', min_samples_leaf=4,
                          min_samples_split=10, random_state=42, subsample=0.8), 'imputer__knn_scaling_method': 'standard', 'imputer__knn_neighbors': 17, 'imputer__imputation_method': 'knn_modelwise', 'encoder__method': 'target'}",-2153.6030399217793,-2406.974521471381,-2038.9796399912593,-2199.8524004614733,153.75155438052258,150,-1548.918744274423,-1547.9522987996506,-1327.0857688793033,-1474.6522706511257,104.34602001064813
148,0,2000,0.03755966822306315,0.005561942106007863,0.00418543815612793,0.00011455030643975377,kbest,20,dt,7,standard,"['car_age', 'mileage', 'tax', 'mpg']",2,"['car_age', 'mileage']",LOF,100,"['car_age', 'mileage', 'tax', 'mpg']","['car_age', 'mileage', 'tax', 'mpg']",0.15,0.5,"DecisionTreeRegressor(max_depth=10, max_features='sqrt', min_samples_leaf=4,
                      min_samples_split=10, random_state=42)",minmax,14,simple,target,"{'selector__selection_method': 'kbest', 'selector__n_features_to_select': 20, 'selector__model_name': 'dt', 'selector__k': 7, 'scaler__scaler_name': 'standard', 'outlier_remover__z_columns': ['car_age', 'mileage', 'tax', 'mpg'], 'outlier_remover__threshold': 2, 'outlier_remover__sev_outliers_cols': ['car_age', 'mileage'], 'outlier_remover__outlier_method': 'LOF', 'outlier_remover__n_neighbors': 100, 'outlier_remover__model_columns': ['car_age', 'mileage', 'tax', 'mpg'], 'outlier_remover__mod_outliers_cols': ['car_age', 'mileage', 'tax', 'mpg'], 'outlier_remover__contamination_LOF': 0.15, 'outlier_remover__contamination_IF': 0.5, 'model': DecisionTreeRegressor(max_depth=10, max_features='sqrt', min_samples_leaf=4,
                      min_samples_split=10, random_state=42), 'imputer__knn_scaling_method': 'minmax', 'imputer__knn_neighbors': 14, 'imputer__imputation_method': 'simple', 'encoder__method': 'target'}",-3096.7748145073488,-3377.1796822613446,-3110.3888585440823,-3194.781118437592,129.0949588803638,361,-2610.9545753533826,-2351.1624368507505,-2458.7590139667545,-2473.6253420569624,106.57937445899799
149,0,2000,0.269961675008138,0.025044506477244814,0.007443348566691081,0.0007501238164312577,model,16,rf,15,robust,"['car_age', 'mileage', 'tax', 'mpg']",2,"['car_age', 'mileage', 'engineSize']",LOF,30,"['car_age', 'mileage', 'tax', 'mpg']","['tax', 'mpg']",0.5,0.5,"GradientBoostingRegressor(max_depth=5, max_features='sqrt', min_samples_leaf=4,
                          min_samples_split=10, random_state=42, subsample=0.8)",robust,15,iterative,freq,"{'selector__selection_method': 'model', 'selector__n_features_to_select': 16, 'selector__model_name': 'rf', 'selector__k': 15, 'scaler__scaler_name': 'robust', 'outlier_remover__z_columns': ['car_age', 'mileage', 'tax', 'mpg'], 'outlier_remover__threshold': 2, 'outlier_remover__sev_outliers_cols': ['car_age', 'mileage', 'engineSize'], 'outlier_remover__outlier_method': 'LOF', 'outlier_remover__n_neighbors': 30, 'outlier_remover__model_columns': ['car_age', 'mileage', 'tax', 'mpg'], 'outlier_remover__mod_outliers_cols': ['tax', 'mpg'], 'outlier_remover__contamination_LOF': 0.5, 'outlier_remover__contamination_IF': 0.5, 'model': GradientBoostingRegressor(max_depth=5, max_features='sqrt', min_samples_leaf=4,
                          min_samples_split=10, random_state=42, subsample=0.8), 'imputer__knn_scaling_method': 'robust', 'imputer__knn_neighbors': 15, 'imputer__imputation_method': 'iterative', 'encoder__method': 'freq'}",-2346.724291714615,-2544.901560252599,-2408.5467966598244,-2433.3908828756794,82.79081634343956,230,-2032.578577406235,-1984.565670408269,-1699.4399992572385,-1905.5280823572473,147.038619204788
150,0,2000,0.4111160437266032,0.003988603733396732,0.01031788190205892,0.0008476607553136756,model,11,rf,14,minmax,"['car_age', 'mileage', 'tax', 'mpg']",3,"['car_age', 'mileage']",z_score,90,"['car_age', 'mileage', 'tax', 'mpg', 'engineSize']","['car_age', 'mileage', 'tax', 'mpg']",0.3,0.3,"RandomForestRegressor(max_depth=12, max_features='sqrt', min_samples_leaf=4,
                      min_samples_split=10, random_state=42)",standard,5,simple,target,"{'selector__selection_method': 'model', 'selector__n_features_to_select': 11, 'selector__model_name': 'rf', 'selector__k': 14, 'scaler__scaler_name': 'minmax', 'outlier_remover__z_columns': ['car_age', 'mileage', 'tax', 'mpg'], 'outlier_remover__threshold': 3, 'outlier_remover__sev_outliers_cols': ['car_age', 'mileage'], 'outlier_remover__outlier_method': 'z_score', 'outlier_remover__n_neighbors': 90, 'outlier_remover__model_columns': ['car_age', 'mileage', 'tax', 'mpg', 'engineSize'], 'outlier_remover__mod_outliers_cols': ['car_age', 'mileage', 'tax', 'mpg'], 'outlier_remover__contamination_LOF': 0.3, 'outlier_remover__contamination_IF': 0.3, 'model': RandomForestRegressor(max_depth=12, max_features='sqrt', min_samples_leaf=4,
                      min_samples_split=10, random_state=42), 'imputer__knn_scaling_method': 'standard', 'imputer__knn_neighbors': 5, 'imputer__imputation_method': 'simple', 'encoder__method': 'target'}",-2141.3677001449687,-2537.0141572222806,-2098.6200680794545,-2259.0006418155676,197.35834763765965,165,-1794.5566282195332,-1765.7339953241922,-1646.3918997662286,-1735.560841103318,64.14052861302734
151,0,2000,0.0863180160522461,0.009977190166227626,0.025796254475911457,0.005864316209687976,kbest,11,et,21,standard,"['car_age', 'mileage', 'tax', 'mpg']",3,"['car_age', 'mileage', 'engineSize']",z_score,90,"['car_age', 'mileage', 'tax', 'mpg']","['car_age', 'mileage', 'tax', 'mpg']",0.05,0.3,"ExtraTreesRegressor(max_depth=12, max_features='sqrt', min_samples_leaf=4,
                    min_samples_split=10, n_jobs=-1, random_state=42)",standard,16,simple,target,"{'selector__selection_method': 'kbest', 'selector__n_features_to_select': 11, 'selector__model_name': 'et', 'selector__k': 21, 'scaler__scaler_name': 'standard', 'outlier_remover__z_columns': ['car_age', 'mileage', 'tax', 'mpg'], 'outlier_remover__threshold': 3, 'outlier_remover__sev_outliers_cols': ['car_age', 'mileage', 'engineSize'], 'outlier_remover__outlier_method': 'z_score', 'outlier_remover__n_neighbors': 90, 'outlier_remover__model_columns': ['car_age', 'mileage', 'tax', 'mpg'], 'outlier_remover__mod_outliers_cols': ['car_age', 'mileage', 'tax', 'mpg'], 'outlier_remover__contamination_LOF': 0.05, 'outlier_remover__contamination_IF': 0.3, 'model': ExtraTreesRegressor(max_depth=12, max_features='sqrt', min_samples_leaf=4,
                    min_samples_split=10, n_jobs=-1, random_state=42), 'imputer__knn_scaling_method': 'standard', 'imputer__knn_neighbors': 16, 'imputer__imputation_method': 'simple', 'encoder__method': 'target'}",-2396.162522495781,-2790.9382941523295,-2315.381167513328,-2500.827328053813,207.77341234489282,254,-2143.2544183439736,-2256.999001298061,-2038.0761169769864,-2146.1098455396736,89.39769727913249
152,0,2000,0.9041432539621989,0.02699513910609358,0.005561272303263347,9.242450993011968e-05,rfe,8,rf,17,minmax,"['car_age', 'mileage', 'tax', 'mpg']",3,"['car_age', 'mileage']",LOF,50,"['car_age', 'mileage', 'tax', 'mpg']","['car_age', 'mileage', 'tax', 'mpg']",0.05,0.3,"GradientBoostingRegressor(max_depth=5, max_features='sqrt', min_samples_leaf=4,
                          min_samples_split=10, random_state=42, subsample=0.8)",robust,12,simple,freq,"{'selector__selection_method': 'rfe', 'selector__n_features_to_select': 8, 'selector__model_name': 'rf', 'selector__k': 17, 'scaler__scaler_name': 'minmax', 'outlier_remover__z_columns': ['car_age', 'mileage', 'tax', 'mpg'], 'outlier_remover__threshold': 3, 'outlier_remover__sev_outliers_cols': ['car_age', 'mileage'], 'outlier_remover__outlier_method': 'LOF', 'outlier_remover__n_neighbors': 50, 'outlier_remover__model_columns': ['car_age', 'mileage', 'tax', 'mpg'], 'outlier_remover__mod_outliers_cols': ['car_age', 'mileage', 'tax', 'mpg'], 'outlier_remover__contamination_LOF': 0.05, 'outlier_remover__contamination_IF': 0.3, 'model': GradientBoostingRegressor(max_depth=5, max_features='sqrt', min_samples_leaf=4,
                          min_samples_split=10, random_state=42, subsample=0.8), 'imputer__knn_scaling_method': 'robust', 'imputer__knn_neighbors': 12, 'imputer__imputation_method': 'simple', 'encoder__method': 'freq'}",-2325.4029414739375,-2537.6700945421503,-2302.369417035895,-2388.4808176839942,105.91101944275087,213,-1739.3179547127415,-1829.4794424393756,-1532.3065256370487,-1700.367974263055,124.40729172888508
153,0,2000,0.28272422154744464,0.0136619112434936,0.09736100832621257,0.013716417021361412,kbest,22,rf,9,standard,"['car_age', 'mileage', 'tax', 'mpg']",2,"['car_age', 'mileage']",Isolation_Forest,90,"['car_age', 'mileage', 'tax', 'mpg']","['tax', 'mpg']",0.15,0.5,"RandomForestRegressor(max_depth=12, max_features='sqrt', min_samples_leaf=4,
                      min_samples_split=10, random_state=42)",robust,13,knn_modelwise,freq,"{'selector__selection_method': 'kbest', 'selector__n_features_to_select': 22, 'selector__model_name': 'rf', 'selector__k': 9, 'scaler__scaler_name': 'standard', 'outlier_remover__z_columns': ['car_age', 'mileage', 'tax', 'mpg'], 'outlier_remover__threshold': 2, 'outlier_remover__sev_outliers_cols': ['car_age', 'mileage'], 'outlier_remover__outlier_method': 'Isolation_Forest', 'outlier_remover__n_neighbors': 90, 'outlier_remover__model_columns': ['car_age', 'mileage', 'tax', 'mpg'], 'outlier_remover__mod_outliers_cols': ['tax', 'mpg'], 'outlier_remover__contamination_LOF': 0.15, 'outlier_remover__contamination_IF': 0.5, 'model': RandomForestRegressor(max_depth=12, max_features='sqrt', min_samples_leaf=4,
                      min_samples_split=10, random_state=42), 'imputer__knn_scaling_method': 'robust', 'imputer__knn_neighbors': 13, 'imputer__imputation_method': 'knn_modelwise', 'encoder__method': 'freq'}",-3208.666552783703,-3932.585793900625,-3242.2133594549096,-3461.1552353797465,333.63295769446984,379,-3333.0234846515805,-3349.17821296887,-3011.622202314042,-3231.2746333114974,155.45768265366254
154,0,2000,1.5546646118164062,0.017025653755060044,0.01154327392578125,0.0003671772034042423,rfe,6,rf,8,minmax,"['car_age', 'mileage', 'tax', 'mpg']",3,"['car_age', 'mileage']",z_score,70,"['car_age', 'mileage', 'tax', 'mpg', 'engineSize']","['tax', 'mpg']",0.5,0.05,"RandomForestRegressor(max_depth=12, max_features='sqrt', min_samples_leaf=4,
                      min_samples_split=10, random_state=42)",standard,20,iterative,freq,"{'selector__selection_method': 'rfe', 'selector__n_features_to_select': 6, 'selector__model_name': 'rf', 'selector__k': 8, 'scaler__scaler_name': 'minmax', 'outlier_remover__z_columns': ['car_age', 'mileage', 'tax', 'mpg'], 'outlier_remover__threshold': 3, 'outlier_remover__sev_outliers_cols': ['car_age', 'mileage'], 'outlier_remover__outlier_method': 'z_score', 'outlier_remover__n_neighbors': 70, 'outlier_remover__model_columns': ['car_age', 'mileage', 'tax', 'mpg', 'engineSize'], 'outlier_remover__mod_outliers_cols': ['tax', 'mpg'], 'outlier_remover__contamination_LOF': 0.5, 'outlier_remover__contamination_IF': 0.05, 'model': RandomForestRegressor(max_depth=12, max_features='sqrt', min_samples_leaf=4,
                      min_samples_split=10, random_state=42), 'imputer__knn_scaling_method': 'standard', 'imputer__knn_neighbors': 20, 'imputer__imputation_method': 'iterative', 'encoder__method': 'freq'}",-2474.1924054835413,-2869.796345581835,-2564.4783673904935,-2636.1557061519566,169.27069056054904,292,-2103.693803412334,-2199.3557186938674,-2044.826623491588,-2115.958715199263,63.67956952254336
155,0,2000,0.2385838826497396,0.012814075453475765,0.09232687950134277,0.003807049938892606,kbest,23,rf,23,robust,"['car_age', 'mileage', 'tax', 'mpg']",3,"['car_age', 'mileage', 'engineSize']",IQR,50,"['car_age', 'mileage', 'tax', 'mpg']","['tax', 'mpg']",0.3,0.05,"GradientBoostingRegressor(max_depth=5, max_features='sqrt', min_samples_leaf=4,
                          min_samples_split=10, random_state=42, subsample=0.8)",robust,16,knn_modelwise,target,"{'selector__selection_method': 'kbest', 'selector__n_features_to_select': 23, 'selector__model_name': 'rf', 'selector__k': 23, 'scaler__scaler_name': 'robust', 'outlier_remover__z_columns': ['car_age', 'mileage', 'tax', 'mpg'], 'outlier_remover__threshold': 3, 'outlier_remover__sev_outliers_cols': ['car_age', 'mileage', 'engineSize'], 'outlier_remover__outlier_method': 'IQR', 'outlier_remover__n_neighbors': 50, 'outlier_remover__model_columns': ['car_age', 'mileage', 'tax', 'mpg'], 'outlier_remover__mod_outliers_cols': ['tax', 'mpg'], 'outlier_remover__contamination_LOF': 0.3, 'outlier_remover__contamination_IF': 0.05, 'model': GradientBoostingRegressor(max_depth=5, max_features='sqrt', min_samples_leaf=4,
                          min_samples_split=10, random_state=42, subsample=0.8), 'imputer__knn_scaling_method': 'robust', 'imputer__knn_neighbors': 16, 'imputer__imputation_method': 'knn_modelwise', 'encoder__method': 'target'}",-2114.71499315299,-2347.3053923022244,-2011.9257984126357,-2157.9820612892836,140.29468364415277,115,-1478.4687348814075,-1478.498750286561,-1240.7693421903189,-1399.245609119429,112.05964367267725
156,0,2000,0.13557124137878418,0.0061388455056206855,0.009015719095865885,0.00029647963580622954,kbest,6,rf,5,standard,"['car_age', 'mileage', 'tax', 'mpg']",3,"['car_age', 'mileage']",Isolation_Forest,100,"['car_age', 'mileage', 'tax', 'mpg', 'engineSize']","['car_age', 'mileage', 'tax', 'mpg']",0.05,0.5,"RandomForestRegressor(max_depth=12, max_features='sqrt', min_samples_leaf=4,
                      min_samples_split=10, random_state=42)",robust,7,simple,freq,"{'selector__selection_method': 'kbest', 'selector__n_features_to_select': 6, 'selector__model_name': 'rf', 'selector__k': 5, 'scaler__scaler_name': 'standard', 'outlier_remover__z_columns': ['car_age', 'mileage', 'tax', 'mpg'], 'outlier_remover__threshold': 3, 'outlier_remover__sev_outliers_cols': ['car_age', 'mileage'], 'outlier_remover__outlier_method': 'Isolation_Forest', 'outlier_remover__n_neighbors': 100, 'outlier_remover__model_columns': ['car_age', 'mileage', 'tax', 'mpg', 'engineSize'], 'outlier_remover__mod_outliers_cols': ['car_age', 'mileage', 'tax', 'mpg'], 'outlier_remover__contamination_LOF': 0.05, 'outlier_remover__contamination_IF': 0.5, 'model': RandomForestRegressor(max_depth=12, max_features='sqrt', min_samples_leaf=4,
                      min_samples_split=10, random_state=42), 'imputer__knn_scaling_method': 'robust', 'imputer__knn_neighbors': 7, 'imputer__imputation_method': 'simple', 'encoder__method': 'freq'}",-3419.087089647039,-4210.647322664253,-3672.0541145116617,-3767.2628422743182,330.09132777177905,393,-3679.534033762189,-3689.739282710234,-3633.001542445801,-3667.4249529727417,24.69500854764774
157,0,2000,0.12701519330342612,0.006857062302937786,0.007541338602701823,0.00040058844994612117,kbest,15,rf,15,minmax,"['car_age', 'mileage', 'tax', 'mpg']",2,"['car_age', 'mileage']",IQR,70,"['car_age', 'mileage', 'tax', 'mpg', 'engineSize']","['car_age', 'mileage', 'tax', 'mpg']",0.5,0.5,"GradientBoostingRegressor(max_depth=5, max_features='sqrt', min_samples_leaf=4,
                          min_samples_split=10, random_state=42, subsample=0.8)",robust,16,iterative,target,"{'selector__selection_method': 'kbest', 'selector__n_features_to_select': 15, 'selector__model_name': 'rf', 'selector__k': 15, 'scaler__scaler_name': 'minmax', 'outlier_remover__z_columns': ['car_age', 'mileage', 'tax', 'mpg'], 'outlier_remover__threshold': 2, 'outlier_remover__sev_outliers_cols': ['car_age', 'mileage'], 'outlier_remover__outlier_method': 'IQR', 'outlier_remover__n_neighbors': 70, 'outlier_remover__model_columns': ['car_age', 'mileage', 'tax', 'mpg', 'engineSize'], 'outlier_remover__mod_outliers_cols': ['car_age', 'mileage', 'tax', 'mpg'], 'outlier_remover__contamination_LOF': 0.5, 'outlier_remover__contamination_IF': 0.5, 'model': GradientBoostingRegressor(max_depth=5, max_features='sqrt', min_samples_leaf=4,
                          min_samples_split=10, random_state=42, subsample=0.8), 'imputer__knn_scaling_method': 'robust', 'imputer__knn_neighbors': 16, 'imputer__imputation_method': 'iterative', 'encoder__method': 'target'}",-2157.2933164331853,-2313.1240740125495,-2022.4078586446533,-2164.2750830301293,118.7870314696822,120,-1473.7216587718392,-1442.2194439911493,-1217.415808899331,-1377.7856372207732,114.12554128651131
158,0,2000,0.2174858252207438,0.018632778840504696,0.11411531766255696,0.01939558439669065,model,19,dt,16,robust,"['car_age', 'mileage', 'tax', 'mpg']",3,"['car_age', 'mileage', 'engineSize']",z_score,50,"['car_age', 'mileage', 'tax', 'mpg', 'engineSize']","['car_age', 'mileage', 'tax', 'mpg']",0.05,0.3,"DecisionTreeRegressor(max_depth=10, max_features='sqrt', min_samples_leaf=4,
                      min_samples_split=10, random_state=42)",standard,18,knn_modelwise,freq,"{'selector__selection_method': 'model', 'selector__n_features_to_select': 19, 'selector__model_name': 'dt', 'selector__k': 16, 'scaler__scaler_name': 'robust', 'outlier_remover__z_columns': ['car_age', 'mileage', 'tax', 'mpg'], 'outlier_remover__threshold': 3, 'outlier_remover__sev_outliers_cols': ['car_age', 'mileage', 'engineSize'], 'outlier_remover__outlier_method': 'z_score', 'outlier_remover__n_neighbors': 50, 'outlier_remover__model_columns': ['car_age', 'mileage', 'tax', 'mpg', 'engineSize'], 'outlier_remover__mod_outliers_cols': ['car_age', 'mileage', 'tax', 'mpg'], 'outlier_remover__contamination_LOF': 0.05, 'outlier_remover__contamination_IF': 0.3, 'model': DecisionTreeRegressor(max_depth=10, max_features='sqrt', min_samples_leaf=4,
                      min_samples_split=10, random_state=42), 'imputer__knn_scaling_method': 'standard', 'imputer__knn_neighbors': 18, 'imputer__imputation_method': 'knn_modelwise', 'encoder__method': 'freq'}",-3118.374493959525,-3356.4469591506563,-3260.2294710298956,-3245.0169747133586,97.7861261586772,365,-2430.563460674382,-2451.675248816488,-2324.0777038840074,-2402.1054711249594,55.843091157846885
159,0,2000,0.12253157297770183,0.011063539882679758,0.009719769159952799,0.0020975287051924,kbest,19,rf,14,standard,"['car_age', 'mileage', 'tax', 'mpg']",2,"['car_age', 'mileage', 'engineSize']",IQR,70,"['car_age', 'mileage', 'tax', 'mpg']","['car_age', 'mileage', 'tax', 'mpg']",0.5,0.05,"GradientBoostingRegressor(max_depth=5, max_features='sqrt', min_samples_leaf=4,
                          min_samples_split=10, random_state=42, subsample=0.8)",robust,16,iterative,freq,"{'selector__selection_method': 'kbest', 'selector__n_features_to_select': 19, 'selector__model_name': 'rf', 'selector__k': 14, 'scaler__scaler_name': 'standard', 'outlier_remover__z_columns': ['car_age', 'mileage', 'tax', 'mpg'], 'outlier_remover__threshold': 2, 'outlier_remover__sev_outliers_cols': ['car_age', 'mileage', 'engineSize'], 'outlier_remover__outlier_method': 'IQR', 'outlier_remover__n_neighbors': 70, 'outlier_remover__model_columns': ['car_age', 'mileage', 'tax', 'mpg'], 'outlier_remover__mod_outliers_cols': ['car_age', 'mileage', 'tax', 'mpg'], 'outlier_remover__contamination_LOF': 0.5, 'outlier_remover__contamination_IF': 0.05, 'model': GradientBoostingRegressor(max_depth=5, max_features='sqrt', min_samples_leaf=4,
                          min_samples_split=10, random_state=42, subsample=0.8), 'imputer__knn_scaling_method': 'robust', 'imputer__knn_neighbors': 16, 'imputer__imputation_method': 'iterative', 'encoder__method': 'freq'}",-2226.842879628353,-2398.7663539793075,-2213.1180552434103,-2279.575762950357,84.46652371787023,187,-1635.7671558307632,-1619.8669885824231,-1400.064774250115,-1551.8996395544339,107.55951397905797
160,0,2000,0.1784377098083496,0.028962271480162123,0.02009304364522298,0.005406418764259194,kbest,14,rf,18,minmax,"['car_age', 'mileage', 'tax', 'mpg']",3,"['car_age', 'mileage', 'engineSize']",IQR,100,"['car_age', 'mileage', 'tax', 'mpg', 'engineSize']","['car_age', 'mileage', 'tax', 'mpg']",0.5,0.3,"RandomForestRegressor(max_depth=12, max_features='sqrt', min_samples_leaf=4,
                      min_samples_split=10, random_state=42)",standard,16,simple,target,"{'selector__selection_method': 'kbest', 'selector__n_features_to_select': 14, 'selector__model_name': 'rf', 'selector__k': 18, 'scaler__scaler_name': 'minmax', 'outlier_remover__z_columns': ['car_age', 'mileage', 'tax', 'mpg'], 'outlier_remover__threshold': 3, 'outlier_remover__sev_outliers_cols': ['car_age', 'mileage', 'engineSize'], 'outlier_remover__outlier_method': 'IQR', 'outlier_remover__n_neighbors': 100, 'outlier_remover__model_columns': ['car_age', 'mileage', 'tax', 'mpg', 'engineSize'], 'outlier_remover__mod_outliers_cols': ['car_age', 'mileage', 'tax', 'mpg'], 'outlier_remover__contamination_LOF': 0.5, 'outlier_remover__contamination_IF': 0.3, 'model': RandomForestRegressor(max_depth=12, max_features='sqrt', min_samples_leaf=4,
                      min_samples_split=10, random_state=42), 'imputer__knn_scaling_method': 'standard', 'imputer__knn_neighbors': 16, 'imputer__imputation_method': 'simple', 'encoder__method': 'target'}",-2131.47982235329,-2539.1245767874957,-2096.1027147393943,-2255.56903796006,201.02353533118014,163,-1795.980348390372,-1779.928723082346,-1668.585915487929,-1748.164995653549,56.65119103638774
161,0,2000,0.40336767832438153,0.030573276634850773,0.1055443286895752,0.0080604640551547,model,16,et,7,standard,"['car_age', 'mileage', 'tax', 'mpg']",3,"['car_age', 'mileage', 'engineSize']",Isolation_Forest,90,"['car_age', 'mileage', 'tax', 'mpg']","['car_age', 'mileage', 'tax', 'mpg']",0.5,0.5,"ExtraTreesRegressor(max_depth=12, max_features='sqrt', min_samples_leaf=4,
                    min_samples_split=10, n_jobs=-1, random_state=42)",robust,12,knn_modelwise,target,"{'selector__selection_method': 'model', 'selector__n_features_to_select': 16, 'selector__model_name': 'et', 'selector__k': 7, 'scaler__scaler_name': 'standard', 'outlier_remover__z_columns': ['car_age', 'mileage', 'tax', 'mpg'], 'outlier_remover__threshold': 3, 'outlier_remover__sev_outliers_cols': ['car_age', 'mileage', 'engineSize'], 'outlier_remover__outlier_method': 'Isolation_Forest', 'outlier_remover__n_neighbors': 90, 'outlier_remover__model_columns': ['car_age', 'mileage', 'tax', 'mpg'], 'outlier_remover__mod_outliers_cols': ['car_age', 'mileage', 'tax', 'mpg'], 'outlier_remover__contamination_LOF': 0.5, 'outlier_remover__contamination_IF': 0.5, 'model': ExtraTreesRegressor(max_depth=12, max_features='sqrt', min_samples_leaf=4,
                    min_samples_split=10, n_jobs=-1, random_state=42), 'imputer__knn_scaling_method': 'robust', 'imputer__knn_neighbors': 12, 'imputer__imputation_method': 'knn_modelwise', 'encoder__method': 'target'}",-3376.029158258268,-4158.867346006735,-3277.502764575793,-3604.1330896135987,394.3132713761591,387,-3613.411186466839,-3621.0032147259044,-3153.798859891951,-3462.7377536948984,218.4747732217049
162,0,2000,0.07644049326578777,0.0005424798076292315,0.004203478495279948,3.721282180304644e-05,kbest,17,dt,17,robust,"['car_age', 'mileage', 'tax', 'mpg']",2,"['car_age', 'mileage', 'engineSize']",Isolation_Forest,50,"['car_age', 'mileage', 'tax', 'mpg', 'engineSize']","['car_age', 'mileage', 'tax', 'mpg']",0.5,0.5,"DecisionTreeRegressor(max_depth=10, max_features='sqrt', min_samples_leaf=4,
                      min_samples_split=10, random_state=42)",minmax,20,simple,target,"{'selector__selection_method': 'kbest', 'selector__n_features_to_select': 17, 'selector__model_name': 'dt', 'selector__k': 17, 'scaler__scaler_name': 'robust', 'outlier_remover__z_columns': ['car_age', 'mileage', 'tax', 'mpg'], 'outlier_remover__threshold': 2, 'outlier_remover__sev_outliers_cols': ['car_age', 'mileage', 'engineSize'], 'outlier_remover__outlier_method': 'Isolation_Forest', 'outlier_remover__n_neighbors': 50, 'outlier_remover__model_columns': ['car_age', 'mileage', 'tax', 'mpg', 'engineSize'], 'outlier_remover__mod_outliers_cols': ['car_age', 'mileage', 'tax', 'mpg'], 'outlier_remover__contamination_LOF': 0.5, 'outlier_remover__contamination_IF': 0.5, 'model': DecisionTreeRegressor(max_depth=10, max_features='sqrt', min_samples_leaf=4,
                      min_samples_split=10, random_state=42), 'imputer__knn_scaling_method': 'minmax', 'imputer__knn_neighbors': 20, 'imputer__imputation_method': 'simple', 'encoder__method': 'target'}",-3779.6548727164522,-4326.520557123078,-3949.7680807276574,-4018.647836855729,228.50796455642242,395,-3846.270712137183,-3620.17821517771,-3540.515553118552,-3668.9881601444818,129.50768925015373
163,0,2000,0.5641990502675375,0.007137056089770734,0.010954618453979492,8.953519738468557e-05,rfe,9,rf,17,minmax,"['car_age', 'mileage', 'tax', 'mpg']",3,"['car_age', 'mileage', 'engineSize']",Isolation_Forest,100,"['car_age', 'mileage', 'tax', 'mpg']","['car_age', 'mileage', 'tax', 'mpg']",0.5,0.3,"RandomForestRegressor(max_depth=12, max_features='sqrt', min_samples_leaf=4,
                      min_samples_split=10, random_state=42)",robust,6,iterative,freq,"{'selector__selection_method': 'rfe', 'selector__n_features_to_select': 9, 'selector__model_name': 'rf', 'selector__k': 17, 'scaler__scaler_name': 'minmax', 'outlier_remover__z_columns': ['car_age', 'mileage', 'tax', 'mpg'], 'outlier_remover__threshold': 3, 'outlier_remover__sev_outliers_cols': ['car_age', 'mileage', 'engineSize'], 'outlier_remover__outlier_method': 'Isolation_Forest', 'outlier_remover__n_neighbors': 100, 'outlier_remover__model_columns': ['car_age', 'mileage', 'tax', 'mpg'], 'outlier_remover__mod_outliers_cols': ['car_age', 'mileage', 'tax', 'mpg'], 'outlier_remover__contamination_LOF': 0.5, 'outlier_remover__contamination_IF': 0.3, 'model': RandomForestRegressor(max_depth=12, max_features='sqrt', min_samples_leaf=4,
                      min_samples_split=10, random_state=42), 'imputer__knn_scaling_method': 'robust', 'imputer__knn_neighbors': 6, 'imputer__imputation_method': 'iterative', 'encoder__method': 'freq'}",-2638.510353562767,-3291.2874905140043,-2997.3691066384317,-2975.722316905068,266.9343680393916,329,-2554.8328542909744,-2710.1003652510567,-2652.9525022564785,-2639.2952405995034,64.11911096758456
164,0,2000,0.4064009189605713,0.0042226421676523395,0.009674310684204102,4.914777961486333e-05,model,17,rf,20,minmax,"['car_age', 'mileage', 'tax', 'mpg']",3,"['car_age', 'mileage', 'engineSize']",z_score,50,"['car_age', 'mileage', 'tax', 'mpg', 'engineSize']","['car_age', 'mileage', 'tax', 'mpg']",0.3,0.3,"RandomForestRegressor(max_depth=12, max_features='sqrt', min_samples_leaf=4,
                      min_samples_split=10, random_state=42)",standard,5,simple,target,"{'selector__selection_method': 'model', 'selector__n_features_to_select': 17, 'selector__model_name': 'rf', 'selector__k': 20, 'scaler__scaler_name': 'minmax', 'outlier_remover__z_columns': ['car_age', 'mileage', 'tax', 'mpg'], 'outlier_remover__threshold': 3, 'outlier_remover__sev_outliers_cols': ['car_age', 'mileage', 'engineSize'], 'outlier_remover__outlier_method': 'z_score', 'outlier_remover__n_neighbors': 50, 'outlier_remover__model_columns': ['car_age', 'mileage', 'tax', 'mpg', 'engineSize'], 'outlier_remover__mod_outliers_cols': ['car_age', 'mileage', 'tax', 'mpg'], 'outlier_remover__contamination_LOF': 0.3, 'outlier_remover__contamination_IF': 0.3, 'model': RandomForestRegressor(max_depth=12, max_features='sqrt', min_samples_leaf=4,
                      min_samples_split=10, random_state=42), 'imputer__knn_scaling_method': 'standard', 'imputer__knn_neighbors': 5, 'imputer__imputation_method': 'simple', 'encoder__method': 'target'}",-2141.3677001449687,-2537.0141572222806,-2098.6200680794545,-2259.0006418155676,197.35834763765965,165,-1794.5566282195332,-1765.7339953241922,-1646.3918997662286,-1735.560841103318,64.14052861302734
165,0,2000,0.28636471430460614,0.007232685554597771,0.11442208290100098,0.010710749238545104,kbest,7,rf,9,standard,"['car_age', 'mileage', 'tax', 'mpg']",3,"['car_age', 'mileage']",IQR,70,"['car_age', 'mileage', 'tax', 'mpg']","['tax', 'mpg']",0.05,0.5,"RandomForestRegressor(max_depth=12, max_features='sqrt', min_samples_leaf=4,
                      min_samples_split=10, random_state=42)",minmax,14,knn_modelwise,freq,"{'selector__selection_method': 'kbest', 'selector__n_features_to_select': 7, 'selector__model_name': 'rf', 'selector__k': 9, 'scaler__scaler_name': 'standard', 'outlier_remover__z_columns': ['car_age', 'mileage', 'tax', 'mpg'], 'outlier_remover__threshold': 3, 'outlier_remover__sev_outliers_cols': ['car_age', 'mileage'], 'outlier_remover__outlier_method': 'IQR', 'outlier_remover__n_neighbors': 70, 'outlier_remover__model_columns': ['car_age', 'mileage', 'tax', 'mpg'], 'outlier_remover__mod_outliers_cols': ['tax', 'mpg'], 'outlier_remover__contamination_LOF': 0.05, 'outlier_remover__contamination_IF': 0.5, 'model': RandomForestRegressor(max_depth=12, max_features='sqrt', min_samples_leaf=4,
                      min_samples_split=10, random_state=42), 'imputer__knn_scaling_method': 'minmax', 'imputer__knn_neighbors': 14, 'imputer__imputation_method': 'knn_modelwise', 'encoder__method': 'freq'}",-2433.025476370363,-2744.9253594222446,-2419.7726061447556,-2532.574480645788,150.2521911768218,258,-2007.0553888243917,-2025.1406471211112,-1915.1877408891833,-1982.4612589448952,48.13913041458708
166,0,2000,0.530902624130249,0.025256809831719573,0.08714771270751953,0.0043002355502883725,model,7,rf,11,standard,"['car_age', 'mileage', 'tax', 'mpg']",2,"['car_age', 'mileage', 'engineSize']",z_score,50,"['car_age', 'mileage', 'tax', 'mpg']","['car_age', 'mileage', 'tax', 'mpg']",0.15,0.15,"GradientBoostingRegressor(max_depth=5, max_features='sqrt', min_samples_leaf=4,
                          min_samples_split=10, random_state=42, subsample=0.8)",standard,12,knn_modelwise,freq,"{'selector__selection_method': 'model', 'selector__n_features_to_select': 7, 'selector__model_name': 'rf', 'selector__k': 11, 'scaler__scaler_name': 'standard', 'outlier_remover__z_columns': ['car_age', 'mileage', 'tax', 'mpg'], 'outlier_remover__threshold': 2, 'outlier_remover__sev_outliers_cols': ['car_age', 'mileage', 'engineSize'], 'outlier_remover__outlier_method': 'z_score', 'outlier_remover__n_neighbors': 50, 'outlier_remover__model_columns': ['car_age', 'mileage', 'tax', 'mpg'], 'outlier_remover__mod_outliers_cols': ['car_age', 'mileage', 'tax', 'mpg'], 'outlier_remover__contamination_LOF': 0.15, 'outlier_remover__contamination_IF': 0.15, 'model': GradientBoostingRegressor(max_depth=5, max_features='sqrt', min_samples_leaf=4,
                          min_samples_split=10, random_state=42, subsample=0.8), 'imputer__knn_scaling_method': 'standard', 'imputer__knn_neighbors': 12, 'imputer__imputation_method': 'knn_modelwise', 'encoder__method': 'freq'}",-2155.1949972797906,-2436.728065180309,-2199.0583584085066,-2263.6604736228687,123.68048093911653,172,-1665.2542897689018,-1592.165284235293,-1359.3907498209544,-1538.9367746083833,130.41748846224303
167,0,2000,0.45567870140075684,0.02032731701964112,0.014162699381510416,0.0024040091092669973,rfe,20,rf,21,standard,"['car_age', 'mileage', 'tax', 'mpg']",2,"['car_age', 'mileage']",Isolation_Forest,50,"['car_age', 'mileage', 'tax', 'mpg']","['car_age', 'mileage', 'tax', 'mpg']",0.3,0.15,"RandomForestRegressor(max_depth=12, max_features='sqrt', min_samples_leaf=4,
                      min_samples_split=10, random_state=42)",minmax,11,iterative,target,"{'selector__selection_method': 'rfe', 'selector__n_features_to_select': 20, 'selector__model_name': 'rf', 'selector__k': 21, 'scaler__scaler_name': 'standard', 'outlier_remover__z_columns': ['car_age', 'mileage', 'tax', 'mpg'], 'outlier_remover__threshold': 2, 'outlier_remover__sev_outliers_cols': ['car_age', 'mileage'], 'outlier_remover__outlier_method': 'Isolation_Forest', 'outlier_remover__n_neighbors': 50, 'outlier_remover__model_columns': ['car_age', 'mileage', 'tax', 'mpg'], 'outlier_remover__mod_outliers_cols': ['car_age', 'mileage', 'tax', 'mpg'], 'outlier_remover__contamination_LOF': 0.3, 'outlier_remover__contamination_IF': 0.15, 'model': RandomForestRegressor(max_depth=12, max_features='sqrt', min_samples_leaf=4,
                      min_samples_split=10, random_state=42), 'imputer__knn_scaling_method': 'minmax', 'imputer__knn_neighbors': 11, 'imputer__imputation_method': 'iterative', 'encoder__method': 'target'}",-2264.5161231428497,-2858.426382162633,-2367.2728620159965,-2496.7384557738264,259.16964060570723,249,-2105.06865868572,-2145.9742954327703,-2029.1460873429828,-2093.3963471538245,48.40378562151856
168,0,2000,0.07772525151570638,0.002893895480837873,0.003925641377766927,5.939967622953669e-05,kbest,13,dt,15,minmax,"['car_age', 'mileage', 'tax', 'mpg']",3,"['car_age', 'mileage']",Isolation_Forest,100,"['car_age', 'mileage', 'tax', 'mpg']","['car_age', 'mileage', 'tax', 'mpg']",0.05,0.3,"DecisionTreeRegressor(max_depth=10, max_features='sqrt', min_samples_leaf=4,
                      min_samples_split=10, random_state=42)",minmax,19,simple,freq,"{'selector__selection_method': 'kbest', 'selector__n_features_to_select': 13, 'selector__model_name': 'dt', 'selector__k': 15, 'scaler__scaler_name': 'minmax', 'outlier_remover__z_columns': ['car_age', 'mileage', 'tax', 'mpg'], 'outlier_remover__threshold': 3, 'outlier_remover__sev_outliers_cols': ['car_age', 'mileage'], 'outlier_remover__outlier_method': 'Isolation_Forest', 'outlier_remover__n_neighbors': 100, 'outlier_remover__model_columns': ['car_age', 'mileage', 'tax', 'mpg'], 'outlier_remover__mod_outliers_cols': ['car_age', 'mileage', 'tax', 'mpg'], 'outlier_remover__contamination_LOF': 0.05, 'outlier_remover__contamination_IF': 0.3, 'model': DecisionTreeRegressor(max_depth=10, max_features='sqrt', min_samples_leaf=4,
                      min_samples_split=10, random_state=42), 'imputer__knn_scaling_method': 'minmax', 'imputer__knn_neighbors': 19, 'imputer__imputation_method': 'simple', 'encoder__method': 'freq'}",-3211.488218091582,-3942.5556724454946,-3698.372735022249,-3617.4722085197754,303.8898672163548,388,-2970.6285032481896,-3065.683144226958,-2828.3045519551747,-2954.872066476774,97.54775921578826
169,0,2000,0.5567770004272461,0.016857563787734273,0.08787886301676433,0.0029201636713633693,rfe,15,rf,9,standard,"['car_age', 'mileage', 'tax', 'mpg']",2,"['car_age', 'mileage', 'engineSize']",Isolation_Forest,30,"['car_age', 'mileage', 'tax', 'mpg', 'engineSize']","['car_age', 'mileage', 'tax', 'mpg']",0.15,0.15,"GradientBoostingRegressor(max_depth=5, max_features='sqrt', min_samples_leaf=4,
                          min_samples_split=10, random_state=42, subsample=0.8)",robust,18,knn_modelwise,freq,"{'selector__selection_method': 'rfe', 'selector__n_features_to_select': 15, 'selector__model_name': 'rf', 'selector__k': 9, 'scaler__scaler_name': 'standard', 'outlier_remover__z_columns': ['car_age', 'mileage', 'tax', 'mpg'], 'outlier_remover__threshold': 2, 'outlier_remover__sev_outliers_cols': ['car_age', 'mileage', 'engineSize'], 'outlier_remover__outlier_method': 'Isolation_Forest', 'outlier_remover__n_neighbors': 30, 'outlier_remover__model_columns': ['car_age', 'mileage', 'tax', 'mpg', 'engineSize'], 'outlier_remover__mod_outliers_cols': ['car_age', 'mileage', 'tax', 'mpg'], 'outlier_remover__contamination_LOF': 0.15, 'outlier_remover__contamination_IF': 0.15, 'model': GradientBoostingRegressor(max_depth=5, max_features='sqrt', min_samples_leaf=4,
                          min_samples_split=10, random_state=42, subsample=0.8), 'imputer__knn_scaling_method': 'robust', 'imputer__knn_neighbors': 18, 'imputer__imputation_method': 'knn_modelwise', 'encoder__method': 'freq'}",-2204.9637285025688,-2545.75722448655,-2282.6031506336503,-2344.4413678742562,145.837867875867,204,-1733.3556343432012,-1716.2975175512088,-1580.0839110334862,-1676.5790209759655,68.5868039748691
170,0,2000,0.35535534222920734,0.009731998944188061,0.011226574579874674,0.00045569561730780995,model,22,rf,10,minmax,"['car_age', 'mileage', 'tax', 'mpg']",3,"['car_age', 'mileage']",LOF,50,"['car_age', 'mileage', 'tax', 'mpg']","['tax', 'mpg']",0.3,0.3,"RandomForestRegressor(max_depth=12, max_features='sqrt', min_samples_leaf=4,
                      min_samples_split=10, random_state=42)",minmax,12,iterative,target,"{'selector__selection_method': 'model', 'selector__n_features_to_select': 22, 'selector__model_name': 'rf', 'selector__k': 10, 'scaler__scaler_name': 'minmax', 'outlier_remover__z_columns': ['car_age', 'mileage', 'tax', 'mpg'], 'outlier_remover__threshold': 3, 'outlier_remover__sev_outliers_cols': ['car_age', 'mileage'], 'outlier_remover__outlier_method': 'LOF', 'outlier_remover__n_neighbors': 50, 'outlier_remover__model_columns': ['car_age', 'mileage', 'tax', 'mpg'], 'outlier_remover__mod_outliers_cols': ['tax', 'mpg'], 'outlier_remover__contamination_LOF': 0.3, 'outlier_remover__contamination_IF': 0.3, 'model': RandomForestRegressor(max_depth=12, max_features='sqrt', min_samples_leaf=4,
                      min_samples_split=10, random_state=42), 'imputer__knn_scaling_method': 'minmax', 'imputer__knn_neighbors': 12, 'imputer__imputation_method': 'iterative', 'encoder__method': 'target'}",-2250.7708800783125,-2815.4307902156133,-2470.559297858442,-2512.2536560507892,232.39910808473425,255,-2088.920323070709,-2083.0015728408553,-2073.7009280604757,-2081.8742746573466,6.264215673984234
171,0,2000,0.40269001324971515,0.007350213022991512,0.007207949956258138,0.0003283460030642911,model,14,rf,11,minmax,"['car_age', 'mileage', 'tax', 'mpg']",3,"['car_age', 'mileage', 'engineSize']",IQR,30,"['car_age', 'mileage', 'tax', 'mpg', 'engineSize']","['car_age', 'mileage', 'tax', 'mpg']",0.3,0.3,"GradientBoostingRegressor(max_depth=5, max_features='sqrt', min_samples_leaf=4,
                          min_samples_split=10, random_state=42, subsample=0.8)",robust,19,iterative,freq,"{'selector__selection_method': 'model', 'selector__n_features_to_select': 14, 'selector__model_name': 'rf', 'selector__k': 11, 'scaler__scaler_name': 'minmax', 'outlier_remover__z_columns': ['car_age', 'mileage', 'tax', 'mpg'], 'outlier_remover__threshold': 3, 'outlier_remover__sev_outliers_cols': ['car_age', 'mileage', 'engineSize'], 'outlier_remover__outlier_method': 'IQR', 'outlier_remover__n_neighbors': 30, 'outlier_remover__model_columns': ['car_age', 'mileage', 'tax', 'mpg', 'engineSize'], 'outlier_remover__mod_outliers_cols': ['car_age', 'mileage', 'tax', 'mpg'], 'outlier_remover__contamination_LOF': 0.3, 'outlier_remover__contamination_IF': 0.3, 'model': GradientBoostingRegressor(max_depth=5, max_features='sqrt', min_samples_leaf=4,
                          min_samples_split=10, random_state=42, subsample=0.8), 'imputer__knn_scaling_method': 'robust', 'imputer__knn_neighbors': 19, 'imputer__imputation_method': 'iterative', 'encoder__method': 'freq'}",-2204.4178879685346,-2414.580105275444,-2206.6846852183403,-2275.2275594874395,98.54147555096226,179,-1623.0270311294964,-1611.7261267048925,-1368.080006051016,-1534.277721295135,117.61005632874954
172,0,2000,0.15007511774698892,0.007684458780248888,0.02951971689860026,0.006029507531808558,kbest,18,et,15,robust,"['car_age', 'mileage', 'tax', 'mpg']",2,"['car_age', 'mileage']",Isolation_Forest,100,"['car_age', 'mileage', 'tax', 'mpg']","['tax', 'mpg']",0.3,0.05,"ExtraTreesRegressor(max_depth=12, max_features='sqrt', min_samples_leaf=4,
                    min_samples_split=10, n_jobs=-1, random_state=42)",standard,18,simple,target,"{'selector__selection_method': 'kbest', 'selector__n_features_to_select': 18, 'selector__model_name': 'et', 'selector__k': 15, 'scaler__scaler_name': 'robust', 'outlier_remover__z_columns': ['car_age', 'mileage', 'tax', 'mpg'], 'outlier_remover__threshold': 2, 'outlier_remover__sev_outliers_cols': ['car_age', 'mileage'], 'outlier_remover__outlier_method': 'Isolation_Forest', 'outlier_remover__n_neighbors': 100, 'outlier_remover__model_columns': ['car_age', 'mileage', 'tax', 'mpg'], 'outlier_remover__mod_outliers_cols': ['tax', 'mpg'], 'outlier_remover__contamination_LOF': 0.3, 'outlier_remover__contamination_IF': 0.05, 'model': ExtraTreesRegressor(max_depth=12, max_features='sqrt', min_samples_leaf=4,
                    min_samples_split=10, n_jobs=-1, random_state=42), 'imputer__knn_scaling_method': 'standard', 'imputer__knn_neighbors': 18, 'imputer__imputation_method': 'simple', 'encoder__method': 'target'}",-2451.521146166311,-2946.460417612717,-2504.228625590705,-2634.0700631232444,221.93891018380398,291,-2294.5782336786206,-2397.808948632437,-2248.3303384559695,-2313.572506922342,62.484934382163736
173,0,2000,0.3257272243499756,0.028131350274113377,0.11996928850809734,0.010211352550847383,kbest,19,rf,22,robust,"['car_age', 'mileage', 'tax', 'mpg']",3,"['car_age', 'mileage', 'engineSize']",z_score,50,"['car_age', 'mileage', 'tax', 'mpg']","['car_age', 'mileage', 'tax', 'mpg']",0.05,0.3,"RandomForestRegressor(max_depth=12, max_features='sqrt', min_samples_leaf=4,
                      min_samples_split=10, random_state=42)",minmax,11,knn_modelwise,freq,"{'selector__selection_method': 'kbest', 'selector__n_features_to_select': 19, 'selector__model_name': 'rf', 'selector__k': 22, 'scaler__scaler_name': 'robust', 'outlier_remover__z_columns': ['car_age', 'mileage', 'tax', 'mpg'], 'outlier_remover__threshold': 3, 'outlier_remover__sev_outliers_cols': ['car_age', 'mileage', 'engineSize'], 'outlier_remover__outlier_method': 'z_score', 'outlier_remover__n_neighbors': 50, 'outlier_remover__model_columns': ['car_age', 'mileage', 'tax', 'mpg'], 'outlier_remover__mod_outliers_cols': ['car_age', 'mileage', 'tax', 'mpg'], 'outlier_remover__contamination_LOF': 0.05, 'outlier_remover__contamination_IF': 0.3, 'model': RandomForestRegressor(max_depth=12, max_features='sqrt', min_samples_leaf=4,
                      min_samples_split=10, random_state=42), 'imputer__knn_scaling_method': 'minmax', 'imputer__knn_neighbors': 11, 'imputer__imputation_method': 'knn_modelwise', 'encoder__method': 'freq'}",-2402.2217347537016,-2770.222436662009,-2434.6658217999893,-2535.7033310719003,166.35817355163783,261,-1988.4666172220213,-2036.9653406738062,-1926.50975307934,-1983.9805703250559,45.204739207897404
174,0,2000,0.06101393699645996,0.006315638911528956,0.007765054702758789,0.0031763560232478537,rfe,18,dt,23,minmax,"['car_age', 'mileage', 'tax', 'mpg']",2,"['car_age', 'mileage', 'engineSize']",IQR,30,"['car_age', 'mileage', 'tax', 'mpg', 'engineSize']","['car_age', 'mileage', 'tax', 'mpg']",0.3,0.3,"DecisionTreeRegressor(max_depth=10, max_features='sqrt', min_samples_leaf=4,
                      min_samples_split=10, random_state=42)",robust,16,iterative,target,"{'selector__selection_method': 'rfe', 'selector__n_features_to_select': 18, 'selector__model_name': 'dt', 'selector__k': 23, 'scaler__scaler_name': 'minmax', 'outlier_remover__z_columns': ['car_age', 'mileage', 'tax', 'mpg'], 'outlier_remover__threshold': 2, 'outlier_remover__sev_outliers_cols': ['car_age', 'mileage', 'engineSize'], 'outlier_remover__outlier_method': 'IQR', 'outlier_remover__n_neighbors': 30, 'outlier_remover__model_columns': ['car_age', 'mileage', 'tax', 'mpg', 'engineSize'], 'outlier_remover__mod_outliers_cols': ['car_age', 'mileage', 'tax', 'mpg'], 'outlier_remover__contamination_LOF': 0.3, 'outlier_remover__contamination_IF': 0.3, 'model': DecisionTreeRegressor(max_depth=10, max_features='sqrt', min_samples_leaf=4,
                      min_samples_split=10, random_state=42), 'imputer__knn_scaling_method': 'robust', 'imputer__knn_neighbors': 16, 'imputer__imputation_method': 'iterative', 'encoder__method': 'target'}",-2900.661837569366,-3383.7977104447314,-3012.0949043880487,-3098.851484134049,206.55926673585046,348,-2331.8985297552967,-2295.5908558449237,-2019.8097576936393,-2215.7663810979534,139.35281479805275
175,0,2000,0.11626172065734863,0.012566411351915557,0.010648409525553385,0.00011057179809575717,kbest,19,rf,7,minmax,"['car_age', 'mileage', 'tax', 'mpg']",2,"['car_age', 'mileage', 'engineSize']",LOF,90,"['car_age', 'mileage', 'tax', 'mpg']","['tax', 'mpg']",0.5,0.3,"RandomForestRegressor(max_depth=12, max_features='sqrt', min_samples_leaf=4,
                      min_samples_split=10, random_state=42)",standard,19,iterative,freq,"{'selector__selection_method': 'kbest', 'selector__n_features_to_select': 19, 'selector__model_name': 'rf', 'selector__k': 7, 'scaler__scaler_name': 'minmax', 'outlier_remover__z_columns': ['car_age', 'mileage', 'tax', 'mpg'], 'outlier_remover__threshold': 2, 'outlier_remover__sev_outliers_cols': ['car_age', 'mileage', 'engineSize'], 'outlier_remover__outlier_method': 'LOF', 'outlier_remover__n_neighbors': 90, 'outlier_remover__model_columns': ['car_age', 'mileage', 'tax', 'mpg'], 'outlier_remover__mod_outliers_cols': ['tax', 'mpg'], 'outlier_remover__contamination_LOF': 0.5, 'outlier_remover__contamination_IF': 0.3, 'model': RandomForestRegressor(max_depth=12, max_features='sqrt', min_samples_leaf=4,
                      min_samples_split=10, random_state=42), 'imputer__knn_scaling_method': 'standard', 'imputer__knn_neighbors': 19, 'imputer__imputation_method': 'iterative', 'encoder__method': 'freq'}",-2917.467555909675,-3448.293658096377,-2991.4651038711877,-3119.075439292413,234.74438008242072,355,-2812.2650979562873,-2990.4220405767037,-2802.9590557188394,-2868.5487314172765,86.26114698840658
176,0,2000,0.26848872502644855,0.011841528420259434,0.12735533714294434,0.008146272476061938,kbest,22,rf,21,minmax,"['car_age', 'mileage', 'tax', 'mpg']",3,"['car_age', 'mileage']",z_score,70,"['car_age', 'mileage', 'tax', 'mpg']","['car_age', 'mileage', 'tax', 'mpg']",0.15,0.05,"GradientBoostingRegressor(max_depth=5, max_features='sqrt', min_samples_leaf=4,
                          min_samples_split=10, random_state=42, subsample=0.8)",minmax,20,knn_modelwise,target,"{'selector__selection_method': 'kbest', 'selector__n_features_to_select': 22, 'selector__model_name': 'rf', 'selector__k': 21, 'scaler__scaler_name': 'minmax', 'outlier_remover__z_columns': ['car_age', 'mileage', 'tax', 'mpg'], 'outlier_remover__threshold': 3, 'outlier_remover__sev_outliers_cols': ['car_age', 'mileage'], 'outlier_remover__outlier_method': 'z_score', 'outlier_remover__n_neighbors': 70, 'outlier_remover__model_columns': ['car_age', 'mileage', 'tax', 'mpg'], 'outlier_remover__mod_outliers_cols': ['car_age', 'mileage', 'tax', 'mpg'], 'outlier_remover__contamination_LOF': 0.15, 'outlier_remover__contamination_IF': 0.05, 'model': GradientBoostingRegressor(max_depth=5, max_features='sqrt', min_samples_leaf=4,
                          min_samples_split=10, random_state=42, subsample=0.8), 'imputer__knn_scaling_method': 'minmax', 'imputer__knn_neighbors': 20, 'imputer__imputation_method': 'knn_modelwise', 'encoder__method': 'target'}",-2105.7742986779017,-2336.2072671537153,-2017.284652560392,-2153.0887394640026,134.42941333635898,111,-1515.5347427097129,-1470.3448458143762,-1249.2946486605383,-1411.724745728209,116.32765225979165
177,0,2000,0.0924224058787028,0.00830595804567442,0.005890210469563802,0.0005165528880153379,kbest,12,rf,9,minmax,"['car_age', 'mileage', 'tax', 'mpg']",2,"['car_age', 'mileage', 'engineSize']",IQR,90,"['car_age', 'mileage', 'tax', 'mpg', 'engineSize']","['tax', 'mpg']",0.05,0.5,"GradientBoostingRegressor(max_depth=5, max_features='sqrt', min_samples_leaf=4,
                          min_samples_split=10, random_state=42, subsample=0.8)",robust,18,simple,freq,"{'selector__selection_method': 'kbest', 'selector__n_features_to_select': 12, 'selector__model_name': 'rf', 'selector__k': 9, 'scaler__scaler_name': 'minmax', 'outlier_remover__z_columns': ['car_age', 'mileage', 'tax', 'mpg'], 'outlier_remover__threshold': 2, 'outlier_remover__sev_outliers_cols': ['car_age', 'mileage', 'engineSize'], 'outlier_remover__outlier_method': 'IQR', 'outlier_remover__n_neighbors': 90, 'outlier_remover__model_columns': ['car_age', 'mileage', 'tax', 'mpg', 'engineSize'], 'outlier_remover__mod_outliers_cols': ['tax', 'mpg'], 'outlier_remover__contamination_LOF': 0.05, 'outlier_remover__contamination_IF': 0.5, 'model': GradientBoostingRegressor(max_depth=5, max_features='sqrt', min_samples_leaf=4,
                          min_samples_split=10, random_state=42, subsample=0.8), 'imputer__knn_scaling_method': 'robust', 'imputer__knn_neighbors': 18, 'imputer__imputation_method': 'simple', 'encoder__method': 'freq'}",-2298.8385431000374,-2367.855703951103,-2169.5432870156333,-2278.7458446889245,82.19789565342428,184,-1615.2697402843996,-1681.807999491227,-1390.448917466299,-1562.5088857473086,124.66036391790095
178,0,2000,0.08698415756225586,0.004029161984958002,0.005834341049194336,0.0001234300759337484,kbest,13,rf,23,standard,"['car_age', 'mileage', 'tax', 'mpg']",2,"['car_age', 'mileage', 'engineSize']",z_score,50,"['car_age', 'mileage', 'tax', 'mpg', 'engineSize']","['tax', 'mpg']",0.05,0.3,"GradientBoostingRegressor(max_depth=5, max_features='sqrt', min_samples_leaf=4,
                          min_samples_split=10, random_state=42, subsample=0.8)",minmax,15,simple,target,"{'selector__selection_method': 'kbest', 'selector__n_features_to_select': 13, 'selector__model_name': 'rf', 'selector__k': 23, 'scaler__scaler_name': 'standard', 'outlier_remover__z_columns': ['car_age', 'mileage', 'tax', 'mpg'], 'outlier_remover__threshold': 2, 'outlier_remover__sev_outliers_cols': ['car_age', 'mileage', 'engineSize'], 'outlier_remover__outlier_method': 'z_score', 'outlier_remover__n_neighbors': 50, 'outlier_remover__model_columns': ['car_age', 'mileage', 'tax', 'mpg', 'engineSize'], 'outlier_remover__mod_outliers_cols': ['tax', 'mpg'], 'outlier_remover__contamination_LOF': 0.05, 'outlier_remover__contamination_IF': 0.3, 'model': GradientBoostingRegressor(max_depth=5, max_features='sqrt', min_samples_leaf=4,
                          min_samples_split=10, random_state=42, subsample=0.8), 'imputer__knn_scaling_method': 'minmax', 'imputer__knn_neighbors': 15, 'imputer__imputation_method': 'simple', 'encoder__method': 'target'}",-2121.9325851941526,-2361.6855893280444,-2052.815875420652,-2178.8113499809497,132.3543739487856,139,-1503.947030529624,-1506.5288443155562,-1276.603981256538,-1429.0266187005727,107.784234297517
179,0,2000,0.3281137943267822,0.003525941152583003,0.13633600870768228,0.014221534992623028,kbest,18,rf,17,minmax,"['car_age', 'mileage', 'tax', 'mpg']",2,"['car_age', 'mileage', 'engineSize']",z_score,90,"['car_age', 'mileage', 'tax', 'mpg', 'engineSize']","['car_age', 'mileage', 'tax', 'mpg']",0.3,0.15,"RandomForestRegressor(max_depth=12, max_features='sqrt', min_samples_leaf=4,
                      min_samples_split=10, random_state=42)",standard,19,knn_modelwise,target,"{'selector__selection_method': 'kbest', 'selector__n_features_to_select': 18, 'selector__model_name': 'rf', 'selector__k': 17, 'scaler__scaler_name': 'minmax', 'outlier_remover__z_columns': ['car_age', 'mileage', 'tax', 'mpg'], 'outlier_remover__threshold': 2, 'outlier_remover__sev_outliers_cols': ['car_age', 'mileage', 'engineSize'], 'outlier_remover__outlier_method': 'z_score', 'outlier_remover__n_neighbors': 90, 'outlier_remover__model_columns': ['car_age', 'mileage', 'tax', 'mpg', 'engineSize'], 'outlier_remover__mod_outliers_cols': ['car_age', 'mileage', 'tax', 'mpg'], 'outlier_remover__contamination_LOF': 0.3, 'outlier_remover__contamination_IF': 0.15, 'model': RandomForestRegressor(max_depth=12, max_features='sqrt', min_samples_leaf=4,
                      min_samples_split=10, random_state=42), 'imputer__knn_scaling_method': 'standard', 'imputer__knn_neighbors': 19, 'imputer__imputation_method': 'knn_modelwise', 'encoder__method': 'target'}",-2116.5435019442175,-2546.734947856153,-2118.9066393599305,-2260.728363053434,202.2394966658718,170,-1776.4016130585205,-1746.7845938777673,-1626.508934689934,-1716.5650472087407,64.81702198130901
180,0,2000,0.8581939538319906,0.040473665759738785,0.0095672607421875,7.967819073553443e-05,rfe,8,rf,20,minmax,"['car_age', 'mileage', 'tax', 'mpg']",3,"['car_age', 'mileage']",Isolation_Forest,30,"['car_age', 'mileage', 'tax', 'mpg']","['tax', 'mpg']",0.05,0.15,"RandomForestRegressor(max_depth=12, max_features='sqrt', min_samples_leaf=4,
                      min_samples_split=10, random_state=42)",robust,9,simple,freq,"{'selector__selection_method': 'rfe', 'selector__n_features_to_select': 8, 'selector__model_name': 'rf', 'selector__k': 20, 'scaler__scaler_name': 'minmax', 'outlier_remover__z_columns': ['car_age', 'mileage', 'tax', 'mpg'], 'outlier_remover__threshold': 3, 'outlier_remover__sev_outliers_cols': ['car_age', 'mileage'], 'outlier_remover__outlier_method': 'Isolation_Forest', 'outlier_remover__n_neighbors': 30, 'outlier_remover__model_columns': ['car_age', 'mileage', 'tax', 'mpg'], 'outlier_remover__mod_outliers_cols': ['tax', 'mpg'], 'outlier_remover__contamination_LOF': 0.05, 'outlier_remover__contamination_IF': 0.15, 'model': RandomForestRegressor(max_depth=12, max_features='sqrt', min_samples_leaf=4,
                      min_samples_split=10, random_state=42), 'imputer__knn_scaling_method': 'robust', 'imputer__knn_neighbors': 9, 'imputer__imputation_method': 'simple', 'encoder__method': 'freq'}",-2596.021803453107,-3009.574390737597,-2703.0191183374277,-2769.5384375093777,175.26180507980743,309,-2381.099016824881,-2435.771878215587,-2378.025287633898,-2398.298727558122,26.527215181553693
181,0,2000,0.4369792938232422,0.009105580424062473,0.011957406997680664,0.0004062033174722307,model,14,rf,6,minmax,"['car_age', 'mileage', 'tax', 'mpg']",3,"['car_age', 'mileage', 'engineSize']",z_score,50,"['car_age', 'mileage', 'tax', 'mpg', 'engineSize']","['car_age', 'mileage', 'tax', 'mpg']",0.15,0.3,"RandomForestRegressor(max_depth=12, max_features='sqrt', min_samples_leaf=4,
                      min_samples_split=10, random_state=42)",standard,8,iterative,target,"{'selector__selection_method': 'model', 'selector__n_features_to_select': 14, 'selector__model_name': 'rf', 'selector__k': 6, 'scaler__scaler_name': 'minmax', 'outlier_remover__z_columns': ['car_age', 'mileage', 'tax', 'mpg'], 'outlier_remover__threshold': 3, 'outlier_remover__sev_outliers_cols': ['car_age', 'mileage', 'engineSize'], 'outlier_remover__outlier_method': 'z_score', 'outlier_remover__n_neighbors': 50, 'outlier_remover__model_columns': ['car_age', 'mileage', 'tax', 'mpg', 'engineSize'], 'outlier_remover__mod_outliers_cols': ['car_age', 'mileage', 'tax', 'mpg'], 'outlier_remover__contamination_LOF': 0.15, 'outlier_remover__contamination_IF': 0.3, 'model': RandomForestRegressor(max_depth=12, max_features='sqrt', min_samples_leaf=4,
                      min_samples_split=10, random_state=42), 'imputer__knn_scaling_method': 'standard', 'imputer__knn_neighbors': 8, 'imputer__imputation_method': 'iterative', 'encoder__method': 'target'}",-2243.4689601470463,-2710.8802308188947,-2257.963184995092,-2404.1041253203443,217.00415482524707,217,-1864.5713997014764,-1825.4957348548692,-1707.266459152894,-1799.11119790308,66.87460366421378
182,0,2000,0.09047182401021321,0.007922552476127573,0.0056874752044677734,4.670124399268242e-05,kbest,9,rf,14,robust,"['car_age', 'mileage', 'tax', 'mpg']",3,"['car_age', 'mileage']",LOF,70,"['car_age', 'mileage', 'tax', 'mpg']","['tax', 'mpg']",0.3,0.15,"GradientBoostingRegressor(max_depth=5, max_features='sqrt', min_samples_leaf=4,
                          min_samples_split=10, random_state=42, subsample=0.8)",minmax,18,simple,target,"{'selector__selection_method': 'kbest', 'selector__n_features_to_select': 9, 'selector__model_name': 'rf', 'selector__k': 14, 'scaler__scaler_name': 'robust', 'outlier_remover__z_columns': ['car_age', 'mileage', 'tax', 'mpg'], 'outlier_remover__threshold': 3, 'outlier_remover__sev_outliers_cols': ['car_age', 'mileage'], 'outlier_remover__outlier_method': 'LOF', 'outlier_remover__n_neighbors': 70, 'outlier_remover__model_columns': ['car_age', 'mileage', 'tax', 'mpg'], 'outlier_remover__mod_outliers_cols': ['tax', 'mpg'], 'outlier_remover__contamination_LOF': 0.3, 'outlier_remover__contamination_IF': 0.15, 'model': GradientBoostingRegressor(max_depth=5, max_features='sqrt', min_samples_leaf=4,
                          min_samples_split=10, random_state=42, subsample=0.8), 'imputer__knn_scaling_method': 'minmax', 'imputer__knn_neighbors': 18, 'imputer__imputation_method': 'simple', 'encoder__method': 'target'}",-2257.0958072531816,-2541.7056658379092,-2137.5081343953366,-2312.103202495476,169.5351905545942,201,-1797.6596072783193,-1780.4638368704707,-1594.5473575849755,-1724.223600577922,91.96328842733605
183,0,2000,0.06504480044047038,0.0027528582408315964,0.005479017893473308,7.406401517041848e-05,model,19,dt,18,robust,"['car_age', 'mileage', 'tax', 'mpg']",3,"['car_age', 'mileage', 'engineSize']",IQR,70,"['car_age', 'mileage', 'tax', 'mpg', 'engineSize']","['car_age', 'mileage', 'tax', 'mpg']",0.5,0.05,"DecisionTreeRegressor(max_depth=10, max_features='sqrt', min_samples_leaf=4,
                      min_samples_split=10, random_state=42)",minmax,17,iterative,target,"{'selector__selection_method': 'model', 'selector__n_features_to_select': 19, 'selector__model_name': 'dt', 'selector__k': 18, 'scaler__scaler_name': 'robust', 'outlier_remover__z_columns': ['car_age', 'mileage', 'tax', 'mpg'], 'outlier_remover__threshold': 3, 'outlier_remover__sev_outliers_cols': ['car_age', 'mileage', 'engineSize'], 'outlier_remover__outlier_method': 'IQR', 'outlier_remover__n_neighbors': 70, 'outlier_remover__model_columns': ['car_age', 'mileage', 'tax', 'mpg', 'engineSize'], 'outlier_remover__mod_outliers_cols': ['car_age', 'mileage', 'tax', 'mpg'], 'outlier_remover__contamination_LOF': 0.5, 'outlier_remover__contamination_IF': 0.05, 'model': DecisionTreeRegressor(max_depth=10, max_features='sqrt', min_samples_leaf=4,
                      min_samples_split=10, random_state=42), 'imputer__knn_scaling_method': 'minmax', 'imputer__knn_neighbors': 17, 'imputer__imputation_method': 'iterative', 'encoder__method': 'target'}",-2906.808984716513,-3383.7977104447314,-3012.0949043880487,-3100.9005331830977,204.60431878338642,350,-2331.8985297552967,-2295.5908558449237,-2019.8097576936393,-2215.7663810979534,139.35281479805275
184,0,2000,0.3882319927215576,0.0026988127824621733,0.005597909291585286,7.428829444134411e-05,rfe,10,rf,6,standard,"['car_age', 'mileage', 'tax', 'mpg']",2,"['car_age', 'mileage', 'engineSize']",z_score,30,"['car_age', 'mileage', 'tax', 'mpg', 'engineSize']","['car_age', 'mileage', 'tax', 'mpg']",0.5,0.3,"GradientBoostingRegressor(max_depth=5, max_features='sqrt', min_samples_leaf=4,
                          min_samples_split=10, random_state=42, subsample=0.8)",standard,11,simple,freq,"{'selector__selection_method': 'rfe', 'selector__n_features_to_select': 10, 'selector__model_name': 'rf', 'selector__k': 6, 'scaler__scaler_name': 'standard', 'outlier_remover__z_columns': ['car_age', 'mileage', 'tax', 'mpg'], 'outlier_remover__threshold': 2, 'outlier_remover__sev_outliers_cols': ['car_age', 'mileage', 'engineSize'], 'outlier_remover__outlier_method': 'z_score', 'outlier_remover__n_neighbors': 30, 'outlier_remover__model_columns': ['car_age', 'mileage', 'tax', 'mpg', 'engineSize'], 'outlier_remover__mod_outliers_cols': ['car_age', 'mileage', 'tax', 'mpg'], 'outlier_remover__contamination_LOF': 0.5, 'outlier_remover__contamination_IF': 0.3, 'model': GradientBoostingRegressor(max_depth=5, max_features='sqrt', min_samples_leaf=4,
                          min_samples_split=10, random_state=42, subsample=0.8), 'imputer__knn_scaling_method': 'standard', 'imputer__knn_neighbors': 11, 'imputer__imputation_method': 'simple', 'encoder__method': 'freq'}",-2249.6252232887778,-2410.979445368301,-2191.2382307548755,-2283.9476331373185,92.93392352743349,188,-1699.6708564108887,-1692.8441583523802,-1407.1033185191018,-1599.8727777607903,136.33708046320402
185,0,2000,0.2557996114095052,0.012512270078348377,0.02319478988647461,0.004980589401073811,model,13,et,19,robust,"['car_age', 'mileage', 'tax', 'mpg']",2,"['car_age', 'mileage']",LOF,30,"['car_age', 'mileage', 'tax', 'mpg', 'engineSize']","['tax', 'mpg']",0.3,0.3,"ExtraTreesRegressor(max_depth=12, max_features='sqrt', min_samples_leaf=4,
                    min_samples_split=10, n_jobs=-1, random_state=42)",robust,20,iterative,freq,"{'selector__selection_method': 'model', 'selector__n_features_to_select': 13, 'selector__model_name': 'et', 'selector__k': 19, 'scaler__scaler_name': 'robust', 'outlier_remover__z_columns': ['car_age', 'mileage', 'tax', 'mpg'], 'outlier_remover__threshold': 2, 'outlier_remover__sev_outliers_cols': ['car_age', 'mileage'], 'outlier_remover__outlier_method': 'LOF', 'outlier_remover__n_neighbors': 30, 'outlier_remover__model_columns': ['car_age', 'mileage', 'tax', 'mpg', 'engineSize'], 'outlier_remover__mod_outliers_cols': ['tax', 'mpg'], 'outlier_remover__contamination_LOF': 0.3, 'outlier_remover__contamination_IF': 0.3, 'model': ExtraTreesRegressor(max_depth=12, max_features='sqrt', min_samples_leaf=4,
                    min_samples_split=10, n_jobs=-1, random_state=42), 'imputer__knn_scaling_method': 'robust', 'imputer__knn_neighbors': 20, 'imputer__imputation_method': 'iterative', 'encoder__method': 'freq'}",-2833.3506032206496,-3251.7467606275927,-2726.9439632476847,-2937.347109031976,226.51850395375072,322,-2705.1041007538147,-2781.0737810992846,-2690.393481431124,-2725.5237877614077,39.73622948135947
186,0,2000,0.2866679032643636,0.008672814562132891,0.01950232187906901,0.0011778418071245853,rfe,13,et,23,robust,"['car_age', 'mileage', 'tax', 'mpg']",3,"['car_age', 'mileage', 'engineSize']",LOF,70,"['car_age', 'mileage', 'tax', 'mpg']","['car_age', 'mileage', 'tax', 'mpg']",0.05,0.05,"ExtraTreesRegressor(max_depth=12, max_features='sqrt', min_samples_leaf=4,
                    min_samples_split=10, n_jobs=-1, random_state=42)",standard,18,iterative,freq,"{'selector__selection_method': 'rfe', 'selector__n_features_to_select': 13, 'selector__model_name': 'et', 'selector__k': 23, 'scaler__scaler_name': 'robust', 'outlier_remover__z_columns': ['car_age', 'mileage', 'tax', 'mpg'], 'outlier_remover__threshold': 3, 'outlier_remover__sev_outliers_cols': ['car_age', 'mileage', 'engineSize'], 'outlier_remover__outlier_method': 'LOF', 'outlier_remover__n_neighbors': 70, 'outlier_remover__model_columns': ['car_age', 'mileage', 'tax', 'mpg'], 'outlier_remover__mod_outliers_cols': ['car_age', 'mileage', 'tax', 'mpg'], 'outlier_remover__contamination_LOF': 0.05, 'outlier_remover__contamination_IF': 0.05, 'model': ExtraTreesRegressor(max_depth=12, max_features='sqrt', min_samples_leaf=4,
                    min_samples_split=10, n_jobs=-1, random_state=42), 'imputer__knn_scaling_method': 'standard', 'imputer__knn_neighbors': 18, 'imputer__imputation_method': 'iterative', 'encoder__method': 'freq'}",-2763.1383225270947,-3200.3150611061033,-2667.410609558451,-2876.9546643972158,231.96610151391846,318,-2584.9976931995884,-2678.049144377901,-2535.3409590286387,-2599.4625988687094,59.15139707244046
187,0,2000,0.024482170740763348,0.00024288135954281454,0.004240512847900391,0.00011069471058766119,rfe,20,dt,24,robust,"['car_age', 'mileage', 'tax', 'mpg']",3,"['car_age', 'mileage', 'engineSize']",IQR,30,"['car_age', 'mileage', 'tax', 'mpg']","['tax', 'mpg']",0.3,0.3,"DecisionTreeRegressor(max_depth=10, max_features='sqrt', min_samples_leaf=4,
                      min_samples_split=10, random_state=42)",standard,17,simple,target,"{'selector__selection_method': 'rfe', 'selector__n_features_to_select': 20, 'selector__model_name': 'dt', 'selector__k': 24, 'scaler__scaler_name': 'robust', 'outlier_remover__z_columns': ['car_age', 'mileage', 'tax', 'mpg'], 'outlier_remover__threshold': 3, 'outlier_remover__sev_outliers_cols': ['car_age', 'mileage', 'engineSize'], 'outlier_remover__outlier_method': 'IQR', 'outlier_remover__n_neighbors': 30, 'outlier_remover__model_columns': ['car_age', 'mileage', 'tax', 'mpg'], 'outlier_remover__mod_outliers_cols': ['tax', 'mpg'], 'outlier_remover__contamination_LOF': 0.3, 'outlier_remover__contamination_IF': 0.3, 'model': DecisionTreeRegressor(max_depth=10, max_features='sqrt', min_samples_leaf=4,
                      min_samples_split=10, random_state=42), 'imputer__knn_scaling_method': 'standard', 'imputer__knn_neighbors': 17, 'imputer__imputation_method': 'simple', 'encoder__method': 'target'}",-3002.678766821768,-3230.575437774857,-2996.813509096672,-3076.689237897766,108.84031788666228,342,-2162.910594876454,-2243.3697753811907,-2073.3586055374735,-2159.8796585983728,69.43985118526996
188,0,2000,0.23282933235168457,0.011468886329577984,0.11651269594828288,0.012913298604522418,kbest,22,dt,24,standard,"['car_age', 'mileage', 'tax', 'mpg']",2,"['car_age', 'mileage', 'engineSize']",Isolation_Forest,70,"['car_age', 'mileage', 'tax', 'mpg', 'engineSize']","['tax', 'mpg']",0.15,0.3,"DecisionTreeRegressor(max_depth=10, max_features='sqrt', min_samples_leaf=4,
                      min_samples_split=10, random_state=42)",robust,11,knn_modelwise,target,"{'selector__selection_method': 'kbest', 'selector__n_features_to_select': 22, 'selector__model_name': 'dt', 'selector__k': 24, 'scaler__scaler_name': 'standard', 'outlier_remover__z_columns': ['car_age', 'mileage', 'tax', 'mpg'], 'outlier_remover__threshold': 2, 'outlier_remover__sev_outliers_cols': ['car_age', 'mileage', 'engineSize'], 'outlier_remover__outlier_method': 'Isolation_Forest', 'outlier_remover__n_neighbors': 70, 'outlier_remover__model_columns': ['car_age', 'mileage', 'tax', 'mpg', 'engineSize'], 'outlier_remover__mod_outliers_cols': ['tax', 'mpg'], 'outlier_remover__contamination_LOF': 0.15, 'outlier_remover__contamination_IF': 0.3, 'model': DecisionTreeRegressor(max_depth=10, max_features='sqrt', min_samples_leaf=4,
                      min_samples_split=10, random_state=42), 'imputer__knn_scaling_method': 'robust', 'imputer__knn_neighbors': 11, 'imputer__imputation_method': 'knn_modelwise', 'encoder__method': 'target'}",-3269.93062689801,-3978.9833174627083,-3316.4677007131017,-3521.7938816912733,323.83952810568604,385,-3047.2229600885917,-3156.724400083162,-2983.3935077649076,-3062.446955978887,71.57619295134091
189,0,2000,0.08830761909484863,0.0026429407928715313,0.004205067952473958,0.0003126886302199321,rfe,15,dt,17,standard,"['car_age', 'mileage', 'tax', 'mpg']",2,"['car_age', 'mileage']",Isolation_Forest,90,"['car_age', 'mileage', 'tax', 'mpg']","['car_age', 'mileage', 'tax', 'mpg']",0.5,0.15,"DecisionTreeRegressor(max_depth=10, max_features='sqrt', min_samples_leaf=4,
                      min_samples_split=10, random_state=42)",standard,17,simple,freq,"{'selector__selection_method': 'rfe', 'selector__n_features_to_select': 15, 'selector__model_name': 'dt', 'selector__k': 17, 'scaler__scaler_name': 'standard', 'outlier_remover__z_columns': ['car_age', 'mileage', 'tax', 'mpg'], 'outlier_remover__threshold': 2, 'outlier_remover__sev_outliers_cols': ['car_age', 'mileage'], 'outlier_remover__outlier_method': 'Isolation_Forest', 'outlier_remover__n_neighbors': 90, 'outlier_remover__model_columns': ['car_age', 'mileage', 'tax', 'mpg'], 'outlier_remover__mod_outliers_cols': ['car_age', 'mileage', 'tax', 'mpg'], 'outlier_remover__contamination_LOF': 0.5, 'outlier_remover__contamination_IF': 0.15, 'model': DecisionTreeRegressor(max_depth=10, max_features='sqrt', min_samples_leaf=4,
                      min_samples_split=10, random_state=42), 'imputer__knn_scaling_method': 'standard', 'imputer__knn_neighbors': 17, 'imputer__imputation_method': 'simple', 'encoder__method': 'freq'}",-3325.2271641792795,-3457.5822163369694,-3444.6131058553538,-3409.140828790534,59.57167552922387,377,-2691.4841859503535,-2780.7167414598953,-2739.1077089542537,-2737.102878788168,36.45661118541691
190,0,2000,0.02382493019104004,0.0011205527291125563,0.0045007069905598955,9.073287996872365e-05,rfe,24,dt,8,minmax,"['car_age', 'mileage', 'tax', 'mpg']",2,"['car_age', 'mileage']",IQR,90,"['car_age', 'mileage', 'tax', 'mpg', 'engineSize']","['tax', 'mpg']",0.05,0.3,"DecisionTreeRegressor(max_depth=10, max_features='sqrt', min_samples_leaf=4,
                      min_samples_split=10, random_state=42)",minmax,17,simple,target,"{'selector__selection_method': 'rfe', 'selector__n_features_to_select': 24, 'selector__model_name': 'dt', 'selector__k': 8, 'scaler__scaler_name': 'minmax', 'outlier_remover__z_columns': ['car_age', 'mileage', 'tax', 'mpg'], 'outlier_remover__threshold': 2, 'outlier_remover__sev_outliers_cols': ['car_age', 'mileage'], 'outlier_remover__outlier_method': 'IQR', 'outlier_remover__n_neighbors': 90, 'outlier_remover__model_columns': ['car_age', 'mileage', 'tax', 'mpg', 'engineSize'], 'outlier_remover__mod_outliers_cols': ['tax', 'mpg'], 'outlier_remover__contamination_LOF': 0.05, 'outlier_remover__contamination_IF': 0.3, 'model': DecisionTreeRegressor(max_depth=10, max_features='sqrt', min_samples_leaf=4,
                      min_samples_split=10, random_state=42), 'imputer__knn_scaling_method': 'minmax', 'imputer__knn_neighbors': 17, 'imputer__imputation_method': 'simple', 'encoder__method': 'target'}",-3006.1134515064523,-3256.9648131979966,-2996.813509096672,-3086.63059126704,120.50430864447546,345,-2162.910594876454,-2243.3697753811907,-2073.3586055374735,-2159.8796585983728,69.43985118526996
191,0,2000,0.105621337890625,0.00035306450971052514,0.00612330436706543,0.0004162219388453204,kbest,10,rf,7,standard,"['car_age', 'mileage', 'tax', 'mpg']",3,"['car_age', 'mileage', 'engineSize']",Isolation_Forest,70,"['car_age', 'mileage', 'tax', 'mpg']","['car_age', 'mileage', 'tax', 'mpg']",0.5,0.5,"GradientBoostingRegressor(max_depth=5, max_features='sqrt', min_samples_leaf=4,
                          min_samples_split=10, random_state=42, subsample=0.8)",robust,15,simple,freq,"{'selector__selection_method': 'kbest', 'selector__n_features_to_select': 10, 'selector__model_name': 'rf', 'selector__k': 7, 'scaler__scaler_name': 'standard', 'outlier_remover__z_columns': ['car_age', 'mileage', 'tax', 'mpg'], 'outlier_remover__threshold': 3, 'outlier_remover__sev_outliers_cols': ['car_age', 'mileage', 'engineSize'], 'outlier_remover__outlier_method': 'Isolation_Forest', 'outlier_remover__n_neighbors': 70, 'outlier_remover__model_columns': ['car_age', 'mileage', 'tax', 'mpg'], 'outlier_remover__mod_outliers_cols': ['car_age', 'mileage', 'tax', 'mpg'], 'outlier_remover__contamination_LOF': 0.5, 'outlier_remover__contamination_IF': 0.5, 'model': GradientBoostingRegressor(max_depth=5, max_features='sqrt', min_samples_leaf=4,
                          min_samples_split=10, random_state=42, subsample=0.8), 'imputer__knn_scaling_method': 'robust', 'imputer__knn_neighbors': 15, 'imputer__imputation_method': 'simple', 'encoder__method': 'freq'}",-2764.7120546518063,-3383.5006118317165,-2932.6709250073536,-3026.961197163626,261.2697344274388,337,-2627.929572117236,-2714.9672570923162,-2591.7128572648094,-2644.869895491454,51.724544052941525
192,0,2000,0.46628427505493164,0.013114589256474898,0.01536854108174642,0.003740097058427523,model,8,rf,11,standard,"['car_age', 'mileage', 'tax', 'mpg']",3,"['car_age', 'mileage']",z_score,70,"['car_age', 'mileage', 'tax', 'mpg', 'engineSize']","['car_age', 'mileage', 'tax', 'mpg']",0.05,0.3,"RandomForestRegressor(max_depth=12, max_features='sqrt', min_samples_leaf=4,
                      min_samples_split=10, random_state=42)",robust,20,iterative,freq,"{'selector__selection_method': 'model', 'selector__n_features_to_select': 8, 'selector__model_name': 'rf', 'selector__k': 11, 'scaler__scaler_name': 'standard', 'outlier_remover__z_columns': ['car_age', 'mileage', 'tax', 'mpg'], 'outlier_remover__threshold': 3, 'outlier_remover__sev_outliers_cols': ['car_age', 'mileage'], 'outlier_remover__outlier_method': 'z_score', 'outlier_remover__n_neighbors': 70, 'outlier_remover__model_columns': ['car_age', 'mileage', 'tax', 'mpg', 'engineSize'], 'outlier_remover__mod_outliers_cols': ['car_age', 'mileage', 'tax', 'mpg'], 'outlier_remover__contamination_LOF': 0.05, 'outlier_remover__contamination_IF': 0.3, 'model': RandomForestRegressor(max_depth=12, max_features='sqrt', min_samples_leaf=4,
                      min_samples_split=10, random_state=42), 'imputer__knn_scaling_method': 'robust', 'imputer__knn_neighbors': 20, 'imputer__imputation_method': 'iterative', 'encoder__method': 'freq'}",-2383.6837352317443,-2774.5213275477818,-2451.1059195114512,-2536.4369940969923,170.58634198804168,263,-1992.2587436186116,-2067.224430731958,-1936.2734639301402,-1998.5855460935697,53.647368675767275
193,0,2000,0.048897743225097656,0.004510425620567321,0.006678660710652669,0.0015131210573709564,kbest,18,dt,12,robust,"['car_age', 'mileage', 'tax', 'mpg']",3,"['car_age', 'mileage', 'engineSize']",IQR,70,"['car_age', 'mileage', 'tax', 'mpg', 'engineSize']","['car_age', 'mileage', 'tax', 'mpg']",0.5,0.3,"DecisionTreeRegressor(max_depth=10, max_features='sqrt', min_samples_leaf=4,
                      min_samples_split=10, random_state=42)",robust,19,iterative,target,"{'selector__selection_method': 'kbest', 'selector__n_features_to_select': 18, 'selector__model_name': 'dt', 'selector__k': 12, 'scaler__scaler_name': 'robust', 'outlier_remover__z_columns': ['car_age', 'mileage', 'tax', 'mpg'], 'outlier_remover__threshold': 3, 'outlier_remover__sev_outliers_cols': ['car_age', 'mileage', 'engineSize'], 'outlier_remover__outlier_method': 'IQR', 'outlier_remover__n_neighbors': 70, 'outlier_remover__model_columns': ['car_age', 'mileage', 'tax', 'mpg', 'engineSize'], 'outlier_remover__mod_outliers_cols': ['car_age', 'mileage', 'tax', 'mpg'], 'outlier_remover__contamination_LOF': 0.5, 'outlier_remover__contamination_IF': 0.3, 'model': DecisionTreeRegressor(max_depth=10, max_features='sqrt', min_samples_leaf=4,
                      min_samples_split=10, random_state=42), 'imputer__knn_scaling_method': 'robust', 'imputer__knn_neighbors': 19, 'imputer__imputation_method': 'iterative', 'encoder__method': 'target'}",-2906.808984716513,-3383.7977104447314,-3012.0949043880487,-3100.9005331830977,204.60431878338642,350,-2331.8985297552967,-2295.5908558449237,-2019.8097576936393,-2215.7663810979534,139.35281479805275
194,0,2000,0.05123297373453776,0.006610165275338119,0.006098588307698567,0.0010971780260176577,kbest,23,dt,21,robust,"['car_age', 'mileage', 'tax', 'mpg']",2,"['car_age', 'mileage']",IQR,100,"['car_age', 'mileage', 'tax', 'mpg', 'engineSize']","['tax', 'mpg']",0.05,0.3,"DecisionTreeRegressor(max_depth=10, max_features='sqrt', min_samples_leaf=4,
                      min_samples_split=10, random_state=42)",standard,11,iterative,freq,"{'selector__selection_method': 'kbest', 'selector__n_features_to_select': 23, 'selector__model_name': 'dt', 'selector__k': 21, 'scaler__scaler_name': 'robust', 'outlier_remover__z_columns': ['car_age', 'mileage', 'tax', 'mpg'], 'outlier_remover__threshold': 2, 'outlier_remover__sev_outliers_cols': ['car_age', 'mileage'], 'outlier_remover__outlier_method': 'IQR', 'outlier_remover__n_neighbors': 100, 'outlier_remover__model_columns': ['car_age', 'mileage', 'tax', 'mpg', 'engineSize'], 'outlier_remover__mod_outliers_cols': ['tax', 'mpg'], 'outlier_remover__contamination_LOF': 0.05, 'outlier_remover__contamination_IF': 0.3, 'model': DecisionTreeRegressor(max_depth=10, max_features='sqrt', min_samples_leaf=4,
                      min_samples_split=10, random_state=42), 'imputer__knn_scaling_method': 'standard', 'imputer__knn_neighbors': 11, 'imputer__imputation_method': 'iterative', 'encoder__method': 'freq'}",-3119.8140814998806,-3531.562173325658,-3278.568057616661,-3309.9814374807333,169.55672228176934,371,-2430.0329690666854,-2501.4147093420097,-2221.888496604825,-2384.445391671173,118.58160709371505
195,0,2000,0.4758306344350179,0.002999452830512566,0.007097800572713216,3.523561679630502e-05,model,12,rf,20,robust,"['car_age', 'mileage', 'tax', 'mpg']",2,"['car_age', 'mileage']",Isolation_Forest,50,"['car_age', 'mileage', 'tax', 'mpg', 'engineSize']","['tax', 'mpg']",0.15,0.05,"GradientBoostingRegressor(max_depth=5, max_features='sqrt', min_samples_leaf=4,
                          min_samples_split=10, random_state=42, subsample=0.8)",standard,16,iterative,freq,"{'selector__selection_method': 'model', 'selector__n_features_to_select': 12, 'selector__model_name': 'rf', 'selector__k': 20, 'scaler__scaler_name': 'robust', 'outlier_remover__z_columns': ['car_age', 'mileage', 'tax', 'mpg'], 'outlier_remover__threshold': 2, 'outlier_remover__sev_outliers_cols': ['car_age', 'mileage'], 'outlier_remover__outlier_method': 'Isolation_Forest', 'outlier_remover__n_neighbors': 50, 'outlier_remover__model_columns': ['car_age', 'mileage', 'tax', 'mpg', 'engineSize'], 'outlier_remover__mod_outliers_cols': ['tax', 'mpg'], 'outlier_remover__contamination_LOF': 0.15, 'outlier_remover__contamination_IF': 0.05, 'model': GradientBoostingRegressor(max_depth=5, max_features='sqrt', min_samples_leaf=4,
                          min_samples_split=10, random_state=42, subsample=0.8), 'imputer__knn_scaling_method': 'standard', 'imputer__knn_neighbors': 16, 'imputer__imputation_method': 'iterative', 'encoder__method': 'freq'}",-2138.8553383016438,-2523.113840809741,-2217.3146885143738,-2293.0946225419193,165.77212871560707,193,-1639.5907957881527,-1617.8548931896485,-1511.4042096178896,-1589.61663286523,56.01190187873039
196,0,2000,0.310269832611084,0.017090826900114337,0.010388851165771484,0.00018464252934605587,model,21,rf,24,robust,"['car_age', 'mileage', 'tax', 'mpg']",3,"['car_age', 'mileage']",Isolation_Forest,100,"['car_age', 'mileage', 'tax', 'mpg', 'engineSize']","['tax', 'mpg']",0.05,0.5,"RandomForestRegressor(max_depth=12, max_features='sqrt', min_samples_leaf=4,
                      min_samples_split=10, random_state=42)",standard,14,iterative,freq,"{'selector__selection_method': 'model', 'selector__n_features_to_select': 21, 'selector__model_name': 'rf', 'selector__k': 24, 'scaler__scaler_name': 'robust', 'outlier_remover__z_columns': ['car_age', 'mileage', 'tax', 'mpg'], 'outlier_remover__threshold': 3, 'outlier_remover__sev_outliers_cols': ['car_age', 'mileage'], 'outlier_remover__outlier_method': 'Isolation_Forest', 'outlier_remover__n_neighbors': 100, 'outlier_remover__model_columns': ['car_age', 'mileage', 'tax', 'mpg', 'engineSize'], 'outlier_remover__mod_outliers_cols': ['tax', 'mpg'], 'outlier_remover__contamination_LOF': 0.05, 'outlier_remover__contamination_IF': 0.5, 'model': RandomForestRegressor(max_depth=12, max_features='sqrt', min_samples_leaf=4,
                      min_samples_split=10, random_state=42), 'imputer__knn_scaling_method': 'standard', 'imputer__knn_neighbors': 14, 'imputer__imputation_method': 'iterative', 'encoder__method': 'freq'}",-3115.634791638558,-3917.13360235354,-3365.198935095588,-3465.989109695895,334.88214878904586,381,-3372.995161859707,-3352.3414017319183,-3233.754918069757,-3319.697160553794,61.3525127670298
197,0,2000,1.5237545172373455,0.0026958667474752105,0.10469659169514973,0.008274655984427889,rfe,6,rf,17,minmax,"['car_age', 'mileage', 'tax', 'mpg']",3,"['car_age', 'mileage', 'engineSize']",IQR,50,"['car_age', 'mileage', 'tax', 'mpg', 'engineSize']","['car_age', 'mileage', 'tax', 'mpg']",0.3,0.5,"RandomForestRegressor(max_depth=12, max_features='sqrt', min_samples_leaf=4,
                      min_samples_split=10, random_state=42)",standard,16,knn_modelwise,freq,"{'selector__selection_method': 'rfe', 'selector__n_features_to_select': 6, 'selector__model_name': 'rf', 'selector__k': 17, 'scaler__scaler_name': 'minmax', 'outlier_remover__z_columns': ['car_age', 'mileage', 'tax', 'mpg'], 'outlier_remover__threshold': 3, 'outlier_remover__sev_outliers_cols': ['car_age', 'mileage', 'engineSize'], 'outlier_remover__outlier_method': 'IQR', 'outlier_remover__n_neighbors': 50, 'outlier_remover__model_columns': ['car_age', 'mileage', 'tax', 'mpg', 'engineSize'], 'outlier_remover__mod_outliers_cols': ['car_age', 'mileage', 'tax', 'mpg'], 'outlier_remover__contamination_LOF': 0.3, 'outlier_remover__contamination_IF': 0.5, 'model': RandomForestRegressor(max_depth=12, max_features='sqrt', min_samples_leaf=4,
                      min_samples_split=10, random_state=42), 'imputer__knn_scaling_method': 'standard', 'imputer__knn_neighbors': 16, 'imputer__imputation_method': 'knn_modelwise', 'encoder__method': 'freq'}",-2484.942582469273,-2887.8113693503333,-2571.414388648392,-2648.056113489333,173.16905102760163,293,-2095.439209917846,-2155.5545895626465,-2021.1270482592254,-2090.7069492465725,54.98173444285175
198,0,2000,0.4186583360036214,0.007829658568732635,0.09490235646565755,0.009608789951895137,model,9,rf,13,standard,"['car_age', 'mileage', 'tax', 'mpg']",3,"['car_age', 'mileage', 'engineSize']",LOF,100,"['car_age', 'mileage', 'tax', 'mpg', 'engineSize']","['car_age', 'mileage', 'tax', 'mpg']",0.5,0.5,"RandomForestRegressor(max_depth=12, max_features='sqrt', min_samples_leaf=4,
                      min_samples_split=10, random_state=42)",robust,12,knn_modelwise,target,"{'selector__selection_method': 'model', 'selector__n_features_to_select': 9, 'selector__model_name': 'rf', 'selector__k': 13, 'scaler__scaler_name': 'standard', 'outlier_remover__z_columns': ['car_age', 'mileage', 'tax', 'mpg'], 'outlier_remover__threshold': 3, 'outlier_remover__sev_outliers_cols': ['car_age', 'mileage', 'engineSize'], 'outlier_remover__outlier_method': 'LOF', 'outlier_remover__n_neighbors': 100, 'outlier_remover__model_columns': ['car_age', 'mileage', 'tax', 'mpg', 'engineSize'], 'outlier_remover__mod_outliers_cols': ['car_age', 'mileage', 'tax', 'mpg'], 'outlier_remover__contamination_LOF': 0.5, 'outlier_remover__contamination_IF': 0.5, 'model': RandomForestRegressor(max_depth=12, max_features='sqrt', min_samples_leaf=4,
                      min_samples_split=10, random_state=42), 'imputer__knn_scaling_method': 'robust', 'imputer__knn_neighbors': 12, 'imputer__imputation_method': 'knn_modelwise', 'encoder__method': 'target'}",-2464.946970764757,-3140.074757267854,-2643.1066437416953,-2749.3761239247688,285.6796385708161,303,-2450.189550346389,-2514.2557506295925,-2380.131107047378,-2448.1921360077868,54.774369018389486
199,0,2000,0.14692393938700357,0.011804234490964068,0.011589606602986654,0.0002349886811851022,kbest,12,rf,13,robust,"['car_age', 'mileage', 'tax', 'mpg']",3,"['car_age', 'mileage']",z_score,50,"['car_age', 'mileage', 'tax', 'mpg', 'engineSize']","['tax', 'mpg']",0.15,0.3,"RandomForestRegressor(max_depth=12, max_features='sqrt', min_samples_leaf=4,
                      min_samples_split=10, random_state=42)",standard,11,iterative,target,"{'selector__selection_method': 'kbest', 'selector__n_features_to_select': 12, 'selector__model_name': 'rf', 'selector__k': 13, 'scaler__scaler_name': 'robust', 'outlier_remover__z_columns': ['car_age', 'mileage', 'tax', 'mpg'], 'outlier_remover__threshold': 3, 'outlier_remover__sev_outliers_cols': ['car_age', 'mileage'], 'outlier_remover__outlier_method': 'z_score', 'outlier_remover__n_neighbors': 50, 'outlier_remover__model_columns': ['car_age', 'mileage', 'tax', 'mpg', 'engineSize'], 'outlier_remover__mod_outliers_cols': ['tax', 'mpg'], 'outlier_remover__contamination_LOF': 0.15, 'outlier_remover__contamination_IF': 0.3, 'model': RandomForestRegressor(max_depth=12, max_features='sqrt', min_samples_leaf=4,
                      min_samples_split=10, random_state=42), 'imputer__knn_scaling_method': 'standard', 'imputer__knn_neighbors': 11, 'imputer__imputation_method': 'iterative', 'encoder__method': 'target'}",-2106.0940281117605,-2553.1739604731815,-2126.3354569941907,-2261.867815193044,206.15023901559422,171,-1778.2004343270053,-1732.7562311650215,-1615.691391621082,-1708.8826857043696,68.45804978206368
200,1,4000,0.7542659441630045,0.006426846208906557,0.19348700841267905,0.02617312849554215,model,22,et,6,minmax,"['car_age', 'mileage', 'tax', 'mpg']",2,"['car_age', 'mileage', 'engineSize']",z_score,50,"['car_age', 'mileage', 'tax', 'mpg']","['tax', 'mpg']",0.15,0.5,"ExtraTreesRegressor(max_depth=12, max_features='sqrt', min_samples_leaf=4,
                    min_samples_split=10, n_jobs=-1, random_state=42)",standard,14,knn_modelwise,target,"{'selector__selection_method': 'model', 'selector__n_features_to_select': 22, 'selector__model_name': 'et', 'selector__k': 6, 'scaler__scaler_name': 'minmax', 'outlier_remover__z_columns': ['car_age', 'mileage', 'tax', 'mpg'], 'outlier_remover__threshold': 2, 'outlier_remover__sev_outliers_cols': ['car_age', 'mileage', 'engineSize'], 'outlier_remover__outlier_method': 'z_score', 'outlier_remover__n_neighbors': 50, 'outlier_remover__model_columns': ['car_age', 'mileage', 'tax', 'mpg'], 'outlier_remover__mod_outliers_cols': ['tax', 'mpg'], 'outlier_remover__contamination_LOF': 0.15, 'outlier_remover__contamination_IF': 0.5, 'model': ExtraTreesRegressor(max_depth=12, max_features='sqrt', min_samples_leaf=4,
                    min_samples_split=10, n_jobs=-1, random_state=42), 'imputer__knn_scaling_method': 'standard', 'imputer__knn_neighbors': 14, 'imputer__imputation_method': 'knn_modelwise', 'encoder__method': 'target'}",-2520.896685204736,-2716.923809610573,-2508.2832335720636,-2582.034576129124,95.51999362238956,285,-2265.742661691302,-2326.291148366498,-2227.7819600473767,-2273.2719233683924,40.567083387681
201,1,4000,0.7252058188120524,0.04763078490844642,0.1401215394337972,0.007596060025095878,model,24,et,9,minmax,"['car_age', 'mileage', 'tax', 'mpg']",2,"['car_age', 'mileage', 'engineSize']",LOF,30,"['car_age', 'mileage', 'tax', 'mpg', 'engineSize']","['tax', 'mpg']",0.3,0.15,"ExtraTreesRegressor(max_depth=12, max_features='sqrt', min_samples_leaf=4,
                    min_samples_split=10, n_jobs=-1, random_state=42)",robust,10,knn_modelwise,target,"{'selector__selection_method': 'model', 'selector__n_features_to_select': 24, 'selector__model_name': 'et', 'selector__k': 9, 'scaler__scaler_name': 'minmax', 'outlier_remover__z_columns': ['car_age', 'mileage', 'tax', 'mpg'], 'outlier_remover__threshold': 2, 'outlier_remover__sev_outliers_cols': ['car_age', 'mileage', 'engineSize'], 'outlier_remover__outlier_method': 'LOF', 'outlier_remover__n_neighbors': 30, 'outlier_remover__model_columns': ['car_age', 'mileage', 'tax', 'mpg', 'engineSize'], 'outlier_remover__mod_outliers_cols': ['tax', 'mpg'], 'outlier_remover__contamination_LOF': 0.3, 'outlier_remover__contamination_IF': 0.15, 'model': ExtraTreesRegressor(max_depth=12, max_features='sqrt', min_samples_leaf=4,
                    min_samples_split=10, n_jobs=-1, random_state=42), 'imputer__knn_scaling_method': 'robust', 'imputer__knn_neighbors': 10, 'imputer__imputation_method': 'knn_modelwise', 'encoder__method': 'target'}",-2492.0528723560983,-2777.530259567227,-2483.9420098485084,-2584.508380590611,136.52723988372364,286,-2263.1437096276754,-2363.9891097106106,-2152.441953717705,-2259.85825768533,86.39500544213875
202,1,4000,3.1248437563578286,0.06776875929442472,0.13791330655415854,0.009392726461156395,rfe,6,rf,17,minmax,"['car_age', 'mileage', 'tax', 'mpg']",3,"['car_age', 'mileage', 'engineSize']",IQR,50,"['car_age', 'mileage', 'tax', 'mpg', 'engineSize']","['car_age', 'mileage', 'tax', 'mpg']",0.3,0.5,"RandomForestRegressor(max_depth=12, max_features='sqrt', min_samples_leaf=4,
                      min_samples_split=10, random_state=42)",standard,16,knn_modelwise,freq,"{'selector__selection_method': 'rfe', 'selector__n_features_to_select': 6, 'selector__model_name': 'rf', 'selector__k': 17, 'scaler__scaler_name': 'minmax', 'outlier_remover__z_columns': ['car_age', 'mileage', 'tax', 'mpg'], 'outlier_remover__threshold': 3, 'outlier_remover__sev_outliers_cols': ['car_age', 'mileage', 'engineSize'], 'outlier_remover__outlier_method': 'IQR', 'outlier_remover__n_neighbors': 50, 'outlier_remover__model_columns': ['car_age', 'mileage', 'tax', 'mpg', 'engineSize'], 'outlier_remover__mod_outliers_cols': ['car_age', 'mileage', 'tax', 'mpg'], 'outlier_remover__contamination_LOF': 0.3, 'outlier_remover__contamination_IF': 0.5, 'model': RandomForestRegressor(max_depth=12, max_features='sqrt', min_samples_leaf=4,
                      min_samples_split=10, random_state=42), 'imputer__knn_scaling_method': 'standard', 'imputer__knn_neighbors': 16, 'imputer__imputation_method': 'knn_modelwise', 'encoder__method': 'freq'}",-2454.370976797722,-2648.7438374552075,-2525.619946496048,-2542.9115869163256,80.28886540221171,267,-1927.8372429436026,-2002.3352196072378,-1936.951198148064,-1955.7078868996348,33.17978462293332
203,1,4000,3.0485719045003257,0.09913772134938036,0.01964720090230306,0.0033209393766684497,rfe,6,rf,8,minmax,"['car_age', 'mileage', 'tax', 'mpg']",3,"['car_age', 'mileage']",z_score,70,"['car_age', 'mileage', 'tax', 'mpg', 'engineSize']","['tax', 'mpg']",0.5,0.05,"RandomForestRegressor(max_depth=12, max_features='sqrt', min_samples_leaf=4,
                      min_samples_split=10, random_state=42)",standard,20,iterative,freq,"{'selector__selection_method': 'rfe', 'selector__n_features_to_select': 6, 'selector__model_name': 'rf', 'selector__k': 8, 'scaler__scaler_name': 'minmax', 'outlier_remover__z_columns': ['car_age', 'mileage', 'tax', 'mpg'], 'outlier_remover__threshold': 3, 'outlier_remover__sev_outliers_cols': ['car_age', 'mileage'], 'outlier_remover__outlier_method': 'z_score', 'outlier_remover__n_neighbors': 70, 'outlier_remover__model_columns': ['car_age', 'mileage', 'tax', 'mpg', 'engineSize'], 'outlier_remover__mod_outliers_cols': ['tax', 'mpg'], 'outlier_remover__contamination_LOF': 0.5, 'outlier_remover__contamination_IF': 0.05, 'model': RandomForestRegressor(max_depth=12, max_features='sqrt', min_samples_leaf=4,
                      min_samples_split=10, random_state=42), 'imputer__knn_scaling_method': 'standard', 'imputer__knn_neighbors': 20, 'imputer__imputation_method': 'iterative', 'encoder__method': 'freq'}",-2461.2960833121133,-2651.3797236889277,-2523.6886615570934,-2545.4548228527115,79.11288103246598,269,-1955.5122762339352,-2018.7207727711998,-1943.6270296073988,-1972.6200262041777,32.95728444892453
204,1,4000,0.1659372647603353,0.005426784623792135,0.02747996648152669,0.0031011636628393386,kbest,18,et,15,robust,"['car_age', 'mileage', 'tax', 'mpg']",2,"['car_age', 'mileage']",Isolation_Forest,100,"['car_age', 'mileage', 'tax', 'mpg']","['tax', 'mpg']",0.3,0.05,"ExtraTreesRegressor(max_depth=12, max_features='sqrt', min_samples_leaf=4,
                    min_samples_split=10, n_jobs=-1, random_state=42)",standard,18,simple,target,"{'selector__selection_method': 'kbest', 'selector__n_features_to_select': 18, 'selector__model_name': 'et', 'selector__k': 15, 'scaler__scaler_name': 'robust', 'outlier_remover__z_columns': ['car_age', 'mileage', 'tax', 'mpg'], 'outlier_remover__threshold': 2, 'outlier_remover__sev_outliers_cols': ['car_age', 'mileage'], 'outlier_remover__outlier_method': 'Isolation_Forest', 'outlier_remover__n_neighbors': 100, 'outlier_remover__model_columns': ['car_age', 'mileage', 'tax', 'mpg'], 'outlier_remover__mod_outliers_cols': ['tax', 'mpg'], 'outlier_remover__contamination_LOF': 0.3, 'outlier_remover__contamination_IF': 0.05, 'model': ExtraTreesRegressor(max_depth=12, max_features='sqrt', min_samples_leaf=4,
                    min_samples_split=10, n_jobs=-1, random_state=42), 'imputer__knn_scaling_method': 'standard', 'imputer__knn_neighbors': 18, 'imputer__imputation_method': 'simple', 'encoder__method': 'target'}",-2459.6365780265337,-2727.4347707729994,-2471.8357114204955,-2552.9690200733426,123.46640120369305,278,-2168.170062303818,-2256.052362806246,-2106.074960803681,-2176.765795304582,61.52896470890803
205,1,4000,1.0256020228068035,0.03165547033246661,0.14611156781514487,0.0138851132604478,model,12,rf,6,robust,"['car_age', 'mileage', 'tax', 'mpg']",3,"['car_age', 'mileage', 'engineSize']",z_score,70,"['car_age', 'mileage', 'tax', 'mpg', 'engineSize']","['tax', 'mpg']",0.3,0.5,"RandomForestRegressor(max_depth=12, max_features='sqrt', min_samples_leaf=4,
                      min_samples_split=10, random_state=42)",standard,10,knn_modelwise,freq,"{'selector__selection_method': 'model', 'selector__n_features_to_select': 12, 'selector__model_name': 'rf', 'selector__k': 6, 'scaler__scaler_name': 'robust', 'outlier_remover__z_columns': ['car_age', 'mileage', 'tax', 'mpg'], 'outlier_remover__threshold': 3, 'outlier_remover__sev_outliers_cols': ['car_age', 'mileage', 'engineSize'], 'outlier_remover__outlier_method': 'z_score', 'outlier_remover__n_neighbors': 70, 'outlier_remover__model_columns': ['car_age', 'mileage', 'tax', 'mpg', 'engineSize'], 'outlier_remover__mod_outliers_cols': ['tax', 'mpg'], 'outlier_remover__contamination_LOF': 0.3, 'outlier_remover__contamination_IF': 0.5, 'model': RandomForestRegressor(max_depth=12, max_features='sqrt', min_samples_leaf=4,
                      min_samples_split=10, random_state=42), 'imputer__knn_scaling_method': 'standard', 'imputer__knn_neighbors': 10, 'imputer__imputation_method': 'knn_modelwise', 'encoder__method': 'freq'}",-2438.6814124802377,-2634.589677173272,-2527.8571633390834,-2533.709417664198,80.08619816286846,259,-1925.3310462537167,-2011.918729393866,-1941.8359502291644,-1959.6952419589159,37.5372920681198
206,1,4000,1.0818145275115967,0.04992456141105514,0.17106803258260092,0.01690874541479362,model,5,rf,6,minmax,"['car_age', 'mileage', 'tax', 'mpg']",2,"['car_age', 'mileage']",IQR,100,"['car_age', 'mileage', 'tax', 'mpg']","['car_age', 'mileage', 'tax', 'mpg']",0.5,0.05,"RandomForestRegressor(max_depth=12, max_features='sqrt', min_samples_leaf=4,
                      min_samples_split=10, random_state=42)",robust,16,knn_modelwise,freq,"{'selector__selection_method': 'model', 'selector__n_features_to_select': 5, 'selector__model_name': 'rf', 'selector__k': 6, 'scaler__scaler_name': 'minmax', 'outlier_remover__z_columns': ['car_age', 'mileage', 'tax', 'mpg'], 'outlier_remover__threshold': 2, 'outlier_remover__sev_outliers_cols': ['car_age', 'mileage'], 'outlier_remover__outlier_method': 'IQR', 'outlier_remover__n_neighbors': 100, 'outlier_remover__model_columns': ['car_age', 'mileage', 'tax', 'mpg'], 'outlier_remover__mod_outliers_cols': ['car_age', 'mileage', 'tax', 'mpg'], 'outlier_remover__contamination_LOF': 0.5, 'outlier_remover__contamination_IF': 0.05, 'model': RandomForestRegressor(max_depth=12, max_features='sqrt', min_samples_leaf=4,
                      min_samples_split=10, random_state=42), 'imputer__knn_scaling_method': 'robust', 'imputer__knn_neighbors': 16, 'imputer__imputation_method': 'knn_modelwise', 'encoder__method': 'freq'}",-2451.449825815068,-2653.1675633417035,-2524.881475536148,-2543.1662882309734,83.3597112506187,268,-1927.382364142676,-2004.6053474839719,-1939.4717989342294,-1957.153170186959,33.914799680622814
207,1,4000,0.21852930386861166,0.01428205678793049,0.02201700210571289,0.002722937999292847,kbest,6,rf,23,robust,"['car_age', 'mileage', 'tax', 'mpg']",3,"['car_age', 'mileage']",LOF,30,"['car_age', 'mileage', 'tax', 'mpg', 'engineSize']","['tax', 'mpg']",0.3,0.3,"RandomForestRegressor(max_depth=12, max_features='sqrt', min_samples_leaf=4,
                      min_samples_split=10, random_state=42)",standard,12,iterative,freq,"{'selector__selection_method': 'kbest', 'selector__n_features_to_select': 6, 'selector__model_name': 'rf', 'selector__k': 23, 'scaler__scaler_name': 'robust', 'outlier_remover__z_columns': ['car_age', 'mileage', 'tax', 'mpg'], 'outlier_remover__threshold': 3, 'outlier_remover__sev_outliers_cols': ['car_age', 'mileage'], 'outlier_remover__outlier_method': 'LOF', 'outlier_remover__n_neighbors': 30, 'outlier_remover__model_columns': ['car_age', 'mileage', 'tax', 'mpg', 'engineSize'], 'outlier_remover__mod_outliers_cols': ['tax', 'mpg'], 'outlier_remover__contamination_LOF': 0.3, 'outlier_remover__contamination_IF': 0.3, 'model': RandomForestRegressor(max_depth=12, max_features='sqrt', min_samples_leaf=4,
                      min_samples_split=10, random_state=42), 'imputer__knn_scaling_method': 'standard', 'imputer__knn_neighbors': 12, 'imputer__imputation_method': 'iterative', 'encoder__method': 'freq'}",-2481.3990746841223,-2642.213852715281,-2519.332776511431,-2547.648567970278,68.63762934308657,273,-2041.776669143352,-2147.5075790148458,-2100.8291797367365,-2096.704475964978,43.26288795620759
208,1,4000,0.6050808429718018,0.019172513978666022,0.15963077545166016,0.015259945297889448,kbest,5,rf,10,robust,"['car_age', 'mileage', 'tax', 'mpg']",2,"['car_age', 'mileage', 'engineSize']",Isolation_Forest,100,"['car_age', 'mileage', 'tax', 'mpg']","['tax', 'mpg']",0.05,0.05,"RandomForestRegressor(max_depth=12, max_features='sqrt', min_samples_leaf=4,
                      min_samples_split=10, random_state=42)",robust,9,knn_modelwise,freq,"{'selector__selection_method': 'kbest', 'selector__n_features_to_select': 5, 'selector__model_name': 'rf', 'selector__k': 10, 'scaler__scaler_name': 'robust', 'outlier_remover__z_columns': ['car_age', 'mileage', 'tax', 'mpg'], 'outlier_remover__threshold': 2, 'outlier_remover__sev_outliers_cols': ['car_age', 'mileage', 'engineSize'], 'outlier_remover__outlier_method': 'Isolation_Forest', 'outlier_remover__n_neighbors': 100, 'outlier_remover__model_columns': ['car_age', 'mileage', 'tax', 'mpg'], 'outlier_remover__mod_outliers_cols': ['tax', 'mpg'], 'outlier_remover__contamination_LOF': 0.05, 'outlier_remover__contamination_IF': 0.05, 'model': RandomForestRegressor(max_depth=12, max_features='sqrt', min_samples_leaf=4,
                      min_samples_split=10, random_state=42), 'imputer__knn_scaling_method': 'robust', 'imputer__knn_neighbors': 9, 'imputer__imputation_method': 'knn_modelwise', 'encoder__method': 'freq'}",-2405.244351665923,-2640.610160104419,-2495.8452459707123,-2513.899919247018,96.932087448936,257,-1964.4636530862274,-2018.5249608711133,-1959.8789005683363,-1980.9558381752258,26.631237598186217
209,1,4000,0.6683776378631592,0.05816691609174323,0.009145259857177734,0.0006020644918923911,model,10,rf,20,standard,"['car_age', 'mileage', 'tax', 'mpg']",3,"['car_age', 'mileage', 'engineSize']",LOF,100,"['car_age', 'mileage', 'tax', 'mpg']","['car_age', 'mileage', 'tax', 'mpg']",0.3,0.05,"GradientBoostingRegressor(max_depth=5, max_features='sqrt', min_samples_leaf=4,
                          min_samples_split=10, random_state=42, subsample=0.8)",standard,13,iterative,freq,"{'selector__selection_method': 'model', 'selector__n_features_to_select': 10, 'selector__model_name': 'rf', 'selector__k': 20, 'scaler__scaler_name': 'standard', 'outlier_remover__z_columns': ['car_age', 'mileage', 'tax', 'mpg'], 'outlier_remover__threshold': 3, 'outlier_remover__sev_outliers_cols': ['car_age', 'mileage', 'engineSize'], 'outlier_remover__outlier_method': 'LOF', 'outlier_remover__n_neighbors': 100, 'outlier_remover__model_columns': ['car_age', 'mileage', 'tax', 'mpg'], 'outlier_remover__mod_outliers_cols': ['car_age', 'mileage', 'tax', 'mpg'], 'outlier_remover__contamination_LOF': 0.3, 'outlier_remover__contamination_IF': 0.05, 'model': GradientBoostingRegressor(max_depth=5, max_features='sqrt', min_samples_leaf=4,
                          min_samples_split=10, random_state=42, subsample=0.8), 'imputer__knn_scaling_method': 'standard', 'imputer__knn_neighbors': 13, 'imputer__imputation_method': 'iterative', 'encoder__method': 'freq'}",-2286.588446277844,-2449.8093547856497,-2411.799942715208,-2382.7325812595673,69.73258382336063,210,-1895.4921087640762,-1963.1901178810654,-1923.2389615215004,-1927.3070627222141,27.786893734701888
210,1,4000,0.7053020000457764,0.009091594149177469,0.015214681625366211,0.00040896707347728506,rfe,13,rf,11,robust,"['car_age', 'mileage', 'tax', 'mpg']",2,"['car_age', 'mileage', 'engineSize']",Isolation_Forest,30,"['car_age', 'mileage', 'tax', 'mpg', 'engineSize']","['car_age', 'mileage', 'tax', 'mpg']",0.15,0.15,"RandomForestRegressor(max_depth=12, max_features='sqrt', min_samples_leaf=4,
                      min_samples_split=10, random_state=42)",standard,17,simple,target,"{'selector__selection_method': 'rfe', 'selector__n_features_to_select': 13, 'selector__model_name': 'rf', 'selector__k': 11, 'scaler__scaler_name': 'robust', 'outlier_remover__z_columns': ['car_age', 'mileage', 'tax', 'mpg'], 'outlier_remover__threshold': 2, 'outlier_remover__sev_outliers_cols': ['car_age', 'mileage', 'engineSize'], 'outlier_remover__outlier_method': 'Isolation_Forest', 'outlier_remover__n_neighbors': 30, 'outlier_remover__model_columns': ['car_age', 'mileage', 'tax', 'mpg', 'engineSize'], 'outlier_remover__mod_outliers_cols': ['car_age', 'mileage', 'tax', 'mpg'], 'outlier_remover__contamination_LOF': 0.15, 'outlier_remover__contamination_IF': 0.15, 'model': RandomForestRegressor(max_depth=12, max_features='sqrt', min_samples_leaf=4,
                      min_samples_split=10, random_state=42), 'imputer__knn_scaling_method': 'standard', 'imputer__knn_neighbors': 17, 'imputer__imputation_method': 'simple', 'encoder__method': 'target'}",-2311.4050693062964,-2555.8893387139838,-2374.4709391489164,-2413.921782389732,103.63531017068534,221,-1979.6027519300835,-2076.020852470717,-1975.674347580882,-2010.4326506605605,46.40558337599776
211,1,4000,0.7715680599212646,0.030403381151959105,0.01695092519124349,0.0025025409598766753,rfe,13,rf,17,robust,"['car_age', 'mileage', 'tax', 'mpg']",2,"['car_age', 'mileage']",z_score,100,"['car_age', 'mileage', 'tax', 'mpg']","['tax', 'mpg']",0.05,0.3,"RandomForestRegressor(max_depth=12, max_features='sqrt', min_samples_leaf=4,
                      min_samples_split=10, random_state=42)",minmax,16,simple,freq,"{'selector__selection_method': 'rfe', 'selector__n_features_to_select': 13, 'selector__model_name': 'rf', 'selector__k': 17, 'scaler__scaler_name': 'robust', 'outlier_remover__z_columns': ['car_age', 'mileage', 'tax', 'mpg'], 'outlier_remover__threshold': 2, 'outlier_remover__sev_outliers_cols': ['car_age', 'mileage'], 'outlier_remover__outlier_method': 'z_score', 'outlier_remover__n_neighbors': 100, 'outlier_remover__model_columns': ['car_age', 'mileage', 'tax', 'mpg'], 'outlier_remover__mod_outliers_cols': ['tax', 'mpg'], 'outlier_remover__contamination_LOF': 0.05, 'outlier_remover__contamination_IF': 0.3, 'model': RandomForestRegressor(max_depth=12, max_features='sqrt', min_samples_leaf=4,
                      min_samples_split=10, random_state=42), 'imputer__knn_scaling_method': 'minmax', 'imputer__knn_neighbors': 16, 'imputer__imputation_method': 'simple', 'encoder__method': 'freq'}",-2408.6843825041524,-2555.122608752476,-2415.8770634024722,-2459.8946848863666,67.40030552607989,242,-1867.5717907261233,-1934.5680887532876,-1841.4932578960136,-1881.2110457918081,39.202491365028074
212,1,4000,0.19460725784301758,0.013069042326941942,0.018830378850301106,0.000973829324480093,kbest,21,rf,19,minmax,"['car_age', 'mileage', 'tax', 'mpg']",2,"['car_age', 'mileage']",z_score,50,"['car_age', 'mileage', 'tax', 'mpg']","['car_age', 'mileage', 'tax', 'mpg']",0.5,0.05,"RandomForestRegressor(max_depth=12, max_features='sqrt', min_samples_leaf=4,
                      min_samples_split=10, random_state=42)",robust,13,simple,freq,"{'selector__selection_method': 'kbest', 'selector__n_features_to_select': 21, 'selector__model_name': 'rf', 'selector__k': 19, 'scaler__scaler_name': 'minmax', 'outlier_remover__z_columns': ['car_age', 'mileage', 'tax', 'mpg'], 'outlier_remover__threshold': 2, 'outlier_remover__sev_outliers_cols': ['car_age', 'mileage'], 'outlier_remover__outlier_method': 'z_score', 'outlier_remover__n_neighbors': 50, 'outlier_remover__model_columns': ['car_age', 'mileage', 'tax', 'mpg'], 'outlier_remover__mod_outliers_cols': ['car_age', 'mileage', 'tax', 'mpg'], 'outlier_remover__contamination_LOF': 0.5, 'outlier_remover__contamination_IF': 0.05, 'model': RandomForestRegressor(max_depth=12, max_features='sqrt', min_samples_leaf=4,
                      min_samples_split=10, random_state=42), 'imputer__knn_scaling_method': 'robust', 'imputer__knn_neighbors': 13, 'imputer__imputation_method': 'simple', 'encoder__method': 'freq'}",-2408.3358186493833,-2553.544979944606,-2414.3437232785373,-2458.741507290842,67.08103333490502,241,-1867.4568444560268,-1934.55304818344,-1841.4970991060611,-1881.1689972485092,39.20773533650578
213,1,4000,0.756350596745809,0.005382181386098062,0.015284140904744467,3.700347153160094e-05,rfe,16,rf,22,minmax,"['car_age', 'mileage', 'tax', 'mpg']",3,"['car_age', 'mileage']",IQR,30,"['car_age', 'mileage', 'tax', 'mpg', 'engineSize']","['tax', 'mpg']",0.15,0.05,"RandomForestRegressor(max_depth=12, max_features='sqrt', min_samples_leaf=4,
                      min_samples_split=10, random_state=42)",standard,6,simple,freq,"{'selector__selection_method': 'rfe', 'selector__n_features_to_select': 16, 'selector__model_name': 'rf', 'selector__k': 22, 'scaler__scaler_name': 'minmax', 'outlier_remover__z_columns': ['car_age', 'mileage', 'tax', 'mpg'], 'outlier_remover__threshold': 3, 'outlier_remover__sev_outliers_cols': ['car_age', 'mileage'], 'outlier_remover__outlier_method': 'IQR', 'outlier_remover__n_neighbors': 30, 'outlier_remover__model_columns': ['car_age', 'mileage', 'tax', 'mpg', 'engineSize'], 'outlier_remover__mod_outliers_cols': ['tax', 'mpg'], 'outlier_remover__contamination_LOF': 0.15, 'outlier_remover__contamination_IF': 0.05, 'model': RandomForestRegressor(max_depth=12, max_features='sqrt', min_samples_leaf=4,
                      min_samples_split=10, random_state=42), 'imputer__knn_scaling_method': 'standard', 'imputer__knn_neighbors': 6, 'imputer__imputation_method': 'simple', 'encoder__method': 'freq'}",-2415.0593450161073,-2551.8167061756603,-2421.427019576499,-2462.767690256089,63.020802105388654,243,-1866.0945697878547,-1936.6301460952868,-1857.9974143403256,-1886.9073767411555,35.31436276048273
214,1,4000,0.7440189520517985,0.016039141184020833,0.015288670857747396,0.00042932455454495626,model,13,rf,13,robust,"['car_age', 'mileage', 'tax', 'mpg']",2,"['car_age', 'mileage', 'engineSize']",IQR,100,"['car_age', 'mileage', 'tax', 'mpg']","['tax', 'mpg']",0.3,0.15,"RandomForestRegressor(max_depth=12, max_features='sqrt', min_samples_leaf=4,
                      min_samples_split=10, random_state=42)",minmax,15,simple,freq,"{'selector__selection_method': 'model', 'selector__n_features_to_select': 13, 'selector__model_name': 'rf', 'selector__k': 13, 'scaler__scaler_name': 'robust', 'outlier_remover__z_columns': ['car_age', 'mileage', 'tax', 'mpg'], 'outlier_remover__threshold': 2, 'outlier_remover__sev_outliers_cols': ['car_age', 'mileage', 'engineSize'], 'outlier_remover__outlier_method': 'IQR', 'outlier_remover__n_neighbors': 100, 'outlier_remover__model_columns': ['car_age', 'mileage', 'tax', 'mpg'], 'outlier_remover__mod_outliers_cols': ['tax', 'mpg'], 'outlier_remover__contamination_LOF': 0.3, 'outlier_remover__contamination_IF': 0.15, 'model': RandomForestRegressor(max_depth=12, max_features='sqrt', min_samples_leaf=4,
                      min_samples_split=10, random_state=42), 'imputer__knn_scaling_method': 'minmax', 'imputer__knn_neighbors': 15, 'imputer__imputation_method': 'simple', 'encoder__method': 'freq'}",-2415.9634146268963,-2553.411898125609,-2422.5034246731566,-2463.9595791418874,63.30866692391808,244,-1866.2109321117407,-1936.608706940452,-1857.73233520008,-1886.8506580840906,35.35410604056833
215,1,4000,0.7181469599405924,0.007593481945507912,0.014890829722086588,6.004025964268003e-05,model,18,rf,7,standard,"['car_age', 'mileage', 'tax', 'mpg']",3,"['car_age', 'mileage']",z_score,50,"['car_age', 'mileage', 'tax', 'mpg', 'engineSize']","['tax', 'mpg']",0.05,0.15,"RandomForestRegressor(max_depth=12, max_features='sqrt', min_samples_leaf=4,
                      min_samples_split=10, random_state=42)",robust,17,simple,freq,"{'selector__selection_method': 'model', 'selector__n_features_to_select': 18, 'selector__model_name': 'rf', 'selector__k': 7, 'scaler__scaler_name': 'standard', 'outlier_remover__z_columns': ['car_age', 'mileage', 'tax', 'mpg'], 'outlier_remover__threshold': 3, 'outlier_remover__sev_outliers_cols': ['car_age', 'mileage'], 'outlier_remover__outlier_method': 'z_score', 'outlier_remover__n_neighbors': 50, 'outlier_remover__model_columns': ['car_age', 'mileage', 'tax', 'mpg', 'engineSize'], 'outlier_remover__mod_outliers_cols': ['tax', 'mpg'], 'outlier_remover__contamination_LOF': 0.05, 'outlier_remover__contamination_IF': 0.15, 'model': RandomForestRegressor(max_depth=12, max_features='sqrt', min_samples_leaf=4,
                      min_samples_split=10, random_state=42), 'imputer__knn_scaling_method': 'robust', 'imputer__knn_neighbors': 17, 'imputer__imputation_method': 'simple', 'encoder__method': 'freq'}",-2402.4508606388813,-2535.0474491268537,-2370.919594090683,-2436.139301285473,71.11339055617563,231,-1886.1640406637373,-1971.9029012028623,-1885.6378957266015,-1914.5682791977335,40.54226903267707
216,1,4000,0.681981643040975,0.0025736681394781307,0.014501412709554037,0.00014754294256675307,model,24,rf,7,minmax,"['car_age', 'mileage', 'tax', 'mpg']",2,"['car_age', 'mileage']",Isolation_Forest,50,"['car_age', 'mileage', 'tax', 'mpg', 'engineSize']","['tax', 'mpg']",0.5,0.15,"RandomForestRegressor(max_depth=12, max_features='sqrt', min_samples_leaf=4,
                      min_samples_split=10, random_state=42)",minmax,6,simple,target,"{'selector__selection_method': 'model', 'selector__n_features_to_select': 24, 'selector__model_name': 'rf', 'selector__k': 7, 'scaler__scaler_name': 'minmax', 'outlier_remover__z_columns': ['car_age', 'mileage', 'tax', 'mpg'], 'outlier_remover__threshold': 2, 'outlier_remover__sev_outliers_cols': ['car_age', 'mileage'], 'outlier_remover__outlier_method': 'Isolation_Forest', 'outlier_remover__n_neighbors': 50, 'outlier_remover__model_columns': ['car_age', 'mileage', 'tax', 'mpg', 'engineSize'], 'outlier_remover__mod_outliers_cols': ['tax', 'mpg'], 'outlier_remover__contamination_LOF': 0.5, 'outlier_remover__contamination_IF': 0.15, 'model': RandomForestRegressor(max_depth=12, max_features='sqrt', min_samples_leaf=4,
                      min_samples_split=10, random_state=42), 'imputer__knn_scaling_method': 'minmax', 'imputer__knn_neighbors': 6, 'imputer__imputation_method': 'simple', 'encoder__method': 'target'}",-2325.5944756174613,-2623.9547699717646,-2343.283726214658,-2430.944323934628,136.66992257811862,228,-2014.1058763187439,-2165.8786272774355,-1986.3823941453434,-2055.4556325805074,78.89687862154008
217,1,4000,1.282771348953247,0.013054535989123279,0.015082518259684244,0.00010124330792163317,rfe,9,rf,5,standard,"['car_age', 'mileage', 'tax', 'mpg']",3,"['car_age', 'mileage', 'engineSize']",IQR,50,"['car_age', 'mileage', 'tax', 'mpg', 'engineSize']","['car_age', 'mileage', 'tax', 'mpg']",0.5,0.3,"RandomForestRegressor(max_depth=12, max_features='sqrt', min_samples_leaf=4,
                      min_samples_split=10, random_state=42)",robust,11,simple,freq,"{'selector__selection_method': 'rfe', 'selector__n_features_to_select': 9, 'selector__model_name': 'rf', 'selector__k': 5, 'scaler__scaler_name': 'standard', 'outlier_remover__z_columns': ['car_age', 'mileage', 'tax', 'mpg'], 'outlier_remover__threshold': 3, 'outlier_remover__sev_outliers_cols': ['car_age', 'mileage', 'engineSize'], 'outlier_remover__outlier_method': 'IQR', 'outlier_remover__n_neighbors': 50, 'outlier_remover__model_columns': ['car_age', 'mileage', 'tax', 'mpg', 'engineSize'], 'outlier_remover__mod_outliers_cols': ['car_age', 'mileage', 'tax', 'mpg'], 'outlier_remover__contamination_LOF': 0.5, 'outlier_remover__contamination_IF': 0.3, 'model': RandomForestRegressor(max_depth=12, max_features='sqrt', min_samples_leaf=4,
                      min_samples_split=10, random_state=42), 'imputer__knn_scaling_method': 'robust', 'imputer__knn_neighbors': 11, 'imputer__imputation_method': 'simple', 'encoder__method': 'freq'}",-2441.314749226594,-2538.8917553730284,-2420.2608807315924,-2466.8224617770716,51.680451844105605,245,-1843.1607522953218,-1909.9346047173815,-1826.7742601611224,-1859.9565390579419,35.967434960071756
218,1,4000,0.39807669321695965,0.005892747817563384,0.009054978688557943,0.0025783273840836334,rfe,20,rf,11,minmax,"['car_age', 'mileage', 'tax', 'mpg']",2,"['car_age', 'mileage', 'engineSize']",LOF,30,"['car_age', 'mileage', 'tax', 'mpg']","['car_age', 'mileage', 'tax', 'mpg']",0.5,0.5,"GradientBoostingRegressor(max_depth=5, max_features='sqrt', min_samples_leaf=4,
                          min_samples_split=10, random_state=42, subsample=0.8)",standard,10,simple,freq,"{'selector__selection_method': 'rfe', 'selector__n_features_to_select': 20, 'selector__model_name': 'rf', 'selector__k': 11, 'scaler__scaler_name': 'minmax', 'outlier_remover__z_columns': ['car_age', 'mileage', 'tax', 'mpg'], 'outlier_remover__threshold': 2, 'outlier_remover__sev_outliers_cols': ['car_age', 'mileage', 'engineSize'], 'outlier_remover__outlier_method': 'LOF', 'outlier_remover__n_neighbors': 30, 'outlier_remover__model_columns': ['car_age', 'mileage', 'tax', 'mpg'], 'outlier_remover__mod_outliers_cols': ['car_age', 'mileage', 'tax', 'mpg'], 'outlier_remover__contamination_LOF': 0.5, 'outlier_remover__contamination_IF': 0.5, 'model': GradientBoostingRegressor(max_depth=5, max_features='sqrt', min_samples_leaf=4,
                          min_samples_split=10, random_state=42, subsample=0.8), 'imputer__knn_scaling_method': 'standard', 'imputer__knn_neighbors': 10, 'imputer__imputation_method': 'simple', 'encoder__method': 'freq'}",-2413.777583509727,-2485.4545422403507,-2271.5899765022305,-2390.2740340841024,88.8775402685844,214,-1953.5426157107902,-2067.4251605151953,-1895.9608707614345,-1972.3095489958066,71.24674965163256
219,1,4000,0.18531672159830728,0.008784584479393367,0.024401267369588215,0.0008051646476295196,kbest,7,rf,5,standard,"['car_age', 'mileage', 'tax', 'mpg']",3,"['car_age', 'mileage']",LOF,30,"['car_age', 'mileage', 'tax', 'mpg', 'engineSize']","['car_age', 'mileage', 'tax', 'mpg']",0.15,0.5,"RandomForestRegressor(max_depth=12, max_features='sqrt', min_samples_leaf=4,
                      min_samples_split=10, random_state=42)",minmax,20,iterative,target,"{'selector__selection_method': 'kbest', 'selector__n_features_to_select': 7, 'selector__model_name': 'rf', 'selector__k': 5, 'scaler__scaler_name': 'standard', 'outlier_remover__z_columns': ['car_age', 'mileage', 'tax', 'mpg'], 'outlier_remover__threshold': 3, 'outlier_remover__sev_outliers_cols': ['car_age', 'mileage'], 'outlier_remover__outlier_method': 'LOF', 'outlier_remover__n_neighbors': 30, 'outlier_remover__model_columns': ['car_age', 'mileage', 'tax', 'mpg', 'engineSize'], 'outlier_remover__mod_outliers_cols': ['car_age', 'mileage', 'tax', 'mpg'], 'outlier_remover__contamination_LOF': 0.15, 'outlier_remover__contamination_IF': 0.5, 'model': RandomForestRegressor(max_depth=12, max_features='sqrt', min_samples_leaf=4,
                      min_samples_split=10, random_state=42), 'imputer__knn_scaling_method': 'minmax', 'imputer__knn_neighbors': 20, 'imputer__imputation_method': 'iterative', 'encoder__method': 'target'}",-2414.7680944132712,-2524.755360453213,-2493.930441232346,-2477.817965366277,46.32500103713785,247,-2116.9073385105526,-2109.541877473801,-2041.885179484669,-2089.444798489674,33.76389120541763
220,1,4000,0.2931389808654785,0.001647727353579506,0.02502298355102539,0.002029324802522188,kbest,15,rf,24,minmax,"['car_age', 'mileage', 'tax', 'mpg']",3,"['car_age', 'mileage']",IQR,70,"['car_age', 'mileage', 'tax', 'mpg', 'engineSize']","['tax', 'mpg']",0.3,0.15,"RandomForestRegressor(max_depth=12, max_features='sqrt', min_samples_leaf=4,
                      min_samples_split=10, random_state=42)",robust,18,iterative,freq,"{'selector__selection_method': 'kbest', 'selector__n_features_to_select': 15, 'selector__model_name': 'rf', 'selector__k': 24, 'scaler__scaler_name': 'minmax', 'outlier_remover__z_columns': ['car_age', 'mileage', 'tax', 'mpg'], 'outlier_remover__threshold': 3, 'outlier_remover__sev_outliers_cols': ['car_age', 'mileage'], 'outlier_remover__outlier_method': 'IQR', 'outlier_remover__n_neighbors': 70, 'outlier_remover__model_columns': ['car_age', 'mileage', 'tax', 'mpg', 'engineSize'], 'outlier_remover__mod_outliers_cols': ['tax', 'mpg'], 'outlier_remover__contamination_LOF': 0.3, 'outlier_remover__contamination_IF': 0.15, 'model': RandomForestRegressor(max_depth=12, max_features='sqrt', min_samples_leaf=4,
                      min_samples_split=10, random_state=42), 'imputer__knn_scaling_method': 'robust', 'imputer__knn_neighbors': 18, 'imputer__imputation_method': 'iterative', 'encoder__method': 'freq'}",-2336.9057213598344,-2517.059288837379,-2426.7097528611594,-2426.8915876861242,73.54749833338647,225,-1817.228864535992,-1896.5707503501933,-1833.0540447088526,-1848.9512198650127,34.286283405055364
221,1,4000,0.2711302439371745,0.010278712002671128,0.021624406178792317,0.001103068359889554,kbest,20,rf,10,robust,"['car_age', 'mileage', 'tax', 'mpg']",2,"['car_age', 'mileage']",IQR,90,"['car_age', 'mileage', 'tax', 'mpg', 'engineSize']","['tax', 'mpg']",0.5,0.05,"RandomForestRegressor(max_depth=12, max_features='sqrt', min_samples_leaf=4,
                      min_samples_split=10, random_state=42)",minmax,15,iterative,freq,"{'selector__selection_method': 'kbest', 'selector__n_features_to_select': 20, 'selector__model_name': 'rf', 'selector__k': 10, 'scaler__scaler_name': 'robust', 'outlier_remover__z_columns': ['car_age', 'mileage', 'tax', 'mpg'], 'outlier_remover__threshold': 2, 'outlier_remover__sev_outliers_cols': ['car_age', 'mileage'], 'outlier_remover__outlier_method': 'IQR', 'outlier_remover__n_neighbors': 90, 'outlier_remover__model_columns': ['car_age', 'mileage', 'tax', 'mpg', 'engineSize'], 'outlier_remover__mod_outliers_cols': ['tax', 'mpg'], 'outlier_remover__contamination_LOF': 0.5, 'outlier_remover__contamination_IF': 0.05, 'model': RandomForestRegressor(max_depth=12, max_features='sqrt', min_samples_leaf=4,
                      min_samples_split=10, random_state=42), 'imputer__knn_scaling_method': 'minmax', 'imputer__knn_neighbors': 15, 'imputer__imputation_method': 'iterative', 'encoder__method': 'freq'}",-2336.6779929171175,-2517.315530486413,-2427.799059072961,-2427.2641941588304,73.74593573041587,226,-1817.0705244064266,-1896.4398248028283,-1832.7537034543147,-1848.7546842211898,34.32098483901645
222,1,4000,0.8894862333933512,0.012743490935970169,0.0169680118560791,0.00026931324803049705,model,19,rf,9,robust,"['car_age', 'mileage', 'tax', 'mpg']",2,"['car_age', 'mileage']",IQR,90,"['car_age', 'mileage', 'tax', 'mpg', 'engineSize']","['tax', 'mpg']",0.5,0.3,"RandomForestRegressor(max_depth=12, max_features='sqrt', min_samples_leaf=4,
                      min_samples_split=10, random_state=42)",robust,17,iterative,freq,"{'selector__selection_method': 'model', 'selector__n_features_to_select': 19, 'selector__model_name': 'rf', 'selector__k': 9, 'scaler__scaler_name': 'robust', 'outlier_remover__z_columns': ['car_age', 'mileage', 'tax', 'mpg'], 'outlier_remover__threshold': 2, 'outlier_remover__sev_outliers_cols': ['car_age', 'mileage'], 'outlier_remover__outlier_method': 'IQR', 'outlier_remover__n_neighbors': 90, 'outlier_remover__model_columns': ['car_age', 'mileage', 'tax', 'mpg', 'engineSize'], 'outlier_remover__mod_outliers_cols': ['tax', 'mpg'], 'outlier_remover__contamination_LOF': 0.5, 'outlier_remover__contamination_IF': 0.3, 'model': RandomForestRegressor(max_depth=12, max_features='sqrt', min_samples_leaf=4,
                      min_samples_split=10, random_state=42), 'imputer__knn_scaling_method': 'robust', 'imputer__knn_neighbors': 17, 'imputer__imputation_method': 'iterative', 'encoder__method': 'freq'}",-2386.1258733796694,-2531.1440579350556,-2420.0826861174883,-2445.7842058107376,61.93003874718568,238,-1802.5565711222432,-1891.8628514084035,-1799.8412607620853,-1831.4202277642441,42.75376234773671
223,1,4000,0.41751599311828613,0.01625666656956869,0.007453362147013347,0.00020171003999977077,rfe,13,rf,14,standard,"['car_age', 'mileage', 'tax', 'mpg']",2,"['car_age', 'mileage']",LOF,50,"['car_age', 'mileage', 'tax', 'mpg', 'engineSize']","['car_age', 'mileage', 'tax', 'mpg']",0.5,0.5,"GradientBoostingRegressor(max_depth=5, max_features='sqrt', min_samples_leaf=4,
                          min_samples_split=10, random_state=42, subsample=0.8)",standard,16,simple,freq,"{'selector__selection_method': 'rfe', 'selector__n_features_to_select': 13, 'selector__model_name': 'rf', 'selector__k': 14, 'scaler__scaler_name': 'standard', 'outlier_remover__z_columns': ['car_age', 'mileage', 'tax', 'mpg'], 'outlier_remover__threshold': 2, 'outlier_remover__sev_outliers_cols': ['car_age', 'mileage'], 'outlier_remover__outlier_method': 'LOF', 'outlier_remover__n_neighbors': 50, 'outlier_remover__model_columns': ['car_age', 'mileage', 'tax', 'mpg', 'engineSize'], 'outlier_remover__mod_outliers_cols': ['car_age', 'mileage', 'tax', 'mpg'], 'outlier_remover__contamination_LOF': 0.5, 'outlier_remover__contamination_IF': 0.5, 'model': GradientBoostingRegressor(max_depth=5, max_features='sqrt', min_samples_leaf=4,
                          min_samples_split=10, random_state=42, subsample=0.8), 'imputer__knn_scaling_method': 'standard', 'imputer__knn_neighbors': 16, 'imputer__imputation_method': 'simple', 'encoder__method': 'freq'}",-2362.368299058805,-2553.6249873565575,-2353.244272527106,-2423.0791863141562,92.38494319021707,223,-1989.143861541985,-2118.0055156509147,-1945.8460388530923,-2017.6651386819974,73.12007841032464
224,1,4000,1.0455979506174724,0.0071910128664632155,0.15027467409769693,0.018436522175708236,model,8,rf,15,robust,"['car_age', 'mileage', 'tax', 'mpg']",3,"['car_age', 'mileage', 'engineSize']",IQR,70,"['car_age', 'mileage', 'tax', 'mpg', 'engineSize']","['tax', 'mpg']",0.15,0.5,"RandomForestRegressor(max_depth=12, max_features='sqrt', min_samples_leaf=4,
                      min_samples_split=10, random_state=42)",standard,12,knn_modelwise,freq,"{'selector__selection_method': 'model', 'selector__n_features_to_select': 8, 'selector__model_name': 'rf', 'selector__k': 15, 'scaler__scaler_name': 'robust', 'outlier_remover__z_columns': ['car_age', 'mileage', 'tax', 'mpg'], 'outlier_remover__threshold': 3, 'outlier_remover__sev_outliers_cols': ['car_age', 'mileage', 'engineSize'], 'outlier_remover__outlier_method': 'IQR', 'outlier_remover__n_neighbors': 70, 'outlier_remover__model_columns': ['car_age', 'mileage', 'tax', 'mpg', 'engineSize'], 'outlier_remover__mod_outliers_cols': ['tax', 'mpg'], 'outlier_remover__contamination_LOF': 0.15, 'outlier_remover__contamination_IF': 0.5, 'model': RandomForestRegressor(max_depth=12, max_features='sqrt', min_samples_leaf=4,
                      min_samples_split=10, random_state=42), 'imputer__knn_scaling_method': 'standard', 'imputer__knn_neighbors': 12, 'imputer__imputation_method': 'knn_modelwise', 'encoder__method': 'freq'}",-2330.4201656574614,-2509.8797293661737,-2392.5888564826982,-2410.962917168778,74.4071606375002,219,-1807.8206676301568,-1877.6478574426915,-1813.6105533724558,-1833.026359481768,31.640577896479087
225,1,4000,0.9350676536560059,0.05740987009970439,0.019322713216145832,0.0024904925964630196,model,8,rf,11,standard,"['car_age', 'mileage', 'tax', 'mpg']",3,"['car_age', 'mileage']",z_score,70,"['car_age', 'mileage', 'tax', 'mpg', 'engineSize']","['car_age', 'mileage', 'tax', 'mpg']",0.05,0.3,"RandomForestRegressor(max_depth=12, max_features='sqrt', min_samples_leaf=4,
                      min_samples_split=10, random_state=42)",robust,20,iterative,freq,"{'selector__selection_method': 'model', 'selector__n_features_to_select': 8, 'selector__model_name': 'rf', 'selector__k': 11, 'scaler__scaler_name': 'standard', 'outlier_remover__z_columns': ['car_age', 'mileage', 'tax', 'mpg'], 'outlier_remover__threshold': 3, 'outlier_remover__sev_outliers_cols': ['car_age', 'mileage'], 'outlier_remover__outlier_method': 'z_score', 'outlier_remover__n_neighbors': 70, 'outlier_remover__model_columns': ['car_age', 'mileage', 'tax', 'mpg', 'engineSize'], 'outlier_remover__mod_outliers_cols': ['car_age', 'mileage', 'tax', 'mpg'], 'outlier_remover__contamination_LOF': 0.05, 'outlier_remover__contamination_IF': 0.3, 'model': RandomForestRegressor(max_depth=12, max_features='sqrt', min_samples_leaf=4,
                      min_samples_split=10, random_state=42), 'imputer__knn_scaling_method': 'robust', 'imputer__knn_neighbors': 20, 'imputer__imputation_method': 'iterative', 'encoder__method': 'freq'}",-2341.363792655907,-2509.1599659056824,-2427.265669134683,-2425.929809232091,68.50901318112167,224,-1808.765200348994,-1881.5066467207316,-1827.775516894544,-1839.3491213214231,30.803579279422518
226,1,4000,0.2584223747253418,0.006364838829410821,0.02030332883199056,0.0022260400577280154,kbest,8,rf,16,robust,"['car_age', 'mileage', 'tax', 'mpg']",2,"['car_age', 'mileage']",z_score,70,"['car_age', 'mileage', 'tax', 'mpg', 'engineSize']","['car_age', 'mileage', 'tax', 'mpg']",0.3,0.05,"RandomForestRegressor(max_depth=12, max_features='sqrt', min_samples_leaf=4,
                      min_samples_split=10, random_state=42)",robust,17,iterative,freq,"{'selector__selection_method': 'kbest', 'selector__n_features_to_select': 8, 'selector__model_name': 'rf', 'selector__k': 16, 'scaler__scaler_name': 'robust', 'outlier_remover__z_columns': ['car_age', 'mileage', 'tax', 'mpg'], 'outlier_remover__threshold': 2, 'outlier_remover__sev_outliers_cols': ['car_age', 'mileage'], 'outlier_remover__outlier_method': 'z_score', 'outlier_remover__n_neighbors': 70, 'outlier_remover__model_columns': ['car_age', 'mileage', 'tax', 'mpg', 'engineSize'], 'outlier_remover__mod_outliers_cols': ['car_age', 'mileage', 'tax', 'mpg'], 'outlier_remover__contamination_LOF': 0.3, 'outlier_remover__contamination_IF': 0.05, 'model': RandomForestRegressor(max_depth=12, max_features='sqrt', min_samples_leaf=4,
                      min_samples_split=10, random_state=42), 'imputer__knn_scaling_method': 'robust', 'imputer__knn_neighbors': 17, 'imputer__imputation_method': 'iterative', 'encoder__method': 'freq'}",-2340.054438807991,-2525.3641355889595,-2429.347895126608,-2431.5888231745193,75.66895994682163,229,-1811.5132698111638,-1891.7550916265625,-1834.4521028816441,-1845.9068214397903,33.74507791267045
227,1,4000,0.4714132944742839,0.04929961145571185,0.1669886906941732,0.02689597210408633,kbest,19,rf,22,robust,"['car_age', 'mileage', 'tax', 'mpg']",3,"['car_age', 'mileage', 'engineSize']",z_score,50,"['car_age', 'mileage', 'tax', 'mpg']","['car_age', 'mileage', 'tax', 'mpg']",0.05,0.3,"RandomForestRegressor(max_depth=12, max_features='sqrt', min_samples_leaf=4,
                      min_samples_split=10, random_state=42)",minmax,11,knn_modelwise,freq,"{'selector__selection_method': 'kbest', 'selector__n_features_to_select': 19, 'selector__model_name': 'rf', 'selector__k': 22, 'scaler__scaler_name': 'robust', 'outlier_remover__z_columns': ['car_age', 'mileage', 'tax', 'mpg'], 'outlier_remover__threshold': 3, 'outlier_remover__sev_outliers_cols': ['car_age', 'mileage', 'engineSize'], 'outlier_remover__outlier_method': 'z_score', 'outlier_remover__n_neighbors': 50, 'outlier_remover__model_columns': ['car_age', 'mileage', 'tax', 'mpg'], 'outlier_remover__mod_outliers_cols': ['car_age', 'mileage', 'tax', 'mpg'], 'outlier_remover__contamination_LOF': 0.05, 'outlier_remover__contamination_IF': 0.3, 'model': RandomForestRegressor(max_depth=12, max_features='sqrt', min_samples_leaf=4,
                      min_samples_split=10, random_state=42), 'imputer__knn_scaling_method': 'minmax', 'imputer__knn_neighbors': 11, 'imputer__imputation_method': 'knn_modelwise', 'encoder__method': 'freq'}",-2330.889631168959,-2513.878498151633,-2375.1234029955835,-2406.630510772058,77.95620454344635,218,-1814.1519482691988,-1879.581621615549,-1797.248906203196,-1830.3274920293145,35.50497776128906
228,1,4000,0.9111239115397135,0.02772214542369003,0.20379924774169922,0.03356298571050762,model,8,et,16,standard,"['car_age', 'mileage', 'tax', 'mpg']",3,"['car_age', 'mileage', 'engineSize']",z_score,30,"['car_age', 'mileage', 'tax', 'mpg']","['tax', 'mpg']",0.15,0.05,"ExtraTreesRegressor(max_depth=12, max_features='sqrt', min_samples_leaf=4,
                    min_samples_split=10, n_jobs=-1, random_state=42)",robust,15,knn_modelwise,target,"{'selector__selection_method': 'model', 'selector__n_features_to_select': 8, 'selector__model_name': 'et', 'selector__k': 16, 'scaler__scaler_name': 'standard', 'outlier_remover__z_columns': ['car_age', 'mileage', 'tax', 'mpg'], 'outlier_remover__threshold': 3, 'outlier_remover__sev_outliers_cols': ['car_age', 'mileage', 'engineSize'], 'outlier_remover__outlier_method': 'z_score', 'outlier_remover__n_neighbors': 30, 'outlier_remover__model_columns': ['car_age', 'mileage', 'tax', 'mpg'], 'outlier_remover__mod_outliers_cols': ['tax', 'mpg'], 'outlier_remover__contamination_LOF': 0.15, 'outlier_remover__contamination_IF': 0.05, 'model': ExtraTreesRegressor(max_depth=12, max_features='sqrt', min_samples_leaf=4,
                    min_samples_split=10, n_jobs=-1, random_state=42), 'imputer__knn_scaling_method': 'robust', 'imputer__knn_neighbors': 15, 'imputer__imputation_method': 'knn_modelwise', 'encoder__method': 'target'}",-2349.720789886815,-2597.494320121289,-2389.359573456196,-2445.5248944881,108.67025976526756,237,-2025.4547971938177,-2096.293764561029,-2010.801200151609,-2044.1832539688185,37.33015726553638
229,1,4000,0.47063668568929035,0.04178496656439878,0.21970407168070474,0.0756101746710405,kbest,7,rf,9,standard,"['car_age', 'mileage', 'tax', 'mpg']",3,"['car_age', 'mileage']",IQR,70,"['car_age', 'mileage', 'tax', 'mpg']","['tax', 'mpg']",0.05,0.5,"RandomForestRegressor(max_depth=12, max_features='sqrt', min_samples_leaf=4,
                      min_samples_split=10, random_state=42)",minmax,14,knn_modelwise,freq,"{'selector__selection_method': 'kbest', 'selector__n_features_to_select': 7, 'selector__model_name': 'rf', 'selector__k': 9, 'scaler__scaler_name': 'standard', 'outlier_remover__z_columns': ['car_age', 'mileage', 'tax', 'mpg'], 'outlier_remover__threshold': 3, 'outlier_remover__sev_outliers_cols': ['car_age', 'mileage'], 'outlier_remover__outlier_method': 'IQR', 'outlier_remover__n_neighbors': 70, 'outlier_remover__model_columns': ['car_age', 'mileage', 'tax', 'mpg'], 'outlier_remover__mod_outliers_cols': ['tax', 'mpg'], 'outlier_remover__contamination_LOF': 0.05, 'outlier_remover__contamination_IF': 0.5, 'model': RandomForestRegressor(max_depth=12, max_features='sqrt', min_samples_leaf=4,
                      min_samples_split=10, random_state=42), 'imputer__knn_scaling_method': 'minmax', 'imputer__knn_neighbors': 14, 'imputer__imputation_method': 'knn_modelwise', 'encoder__method': 'freq'}",-2351.105845764934,-2502.4775448976507,-2469.6585161217713,-2441.0806355947857,65.01727599206444,236,-1806.6084158344847,-1876.2712247544039,-1877.8724896450585,-1853.5840434113159,33.22321680181249
230,1,4000,0.7661341826121012,0.025494403629283888,0.14544288317362467,0.003547894778333314,model,23,rf,24,standard,"['car_age', 'mileage', 'tax', 'mpg']",3,"['car_age', 'mileage', 'engineSize']",LOF,90,"['car_age', 'mileage', 'tax', 'mpg', 'engineSize']","['car_age', 'mileage', 'tax', 'mpg']",0.5,0.3,"GradientBoostingRegressor(max_depth=5, max_features='sqrt', min_samples_leaf=4,
                          min_samples_split=10, random_state=42, subsample=0.8)",standard,17,knn_modelwise,freq,"{'selector__selection_method': 'model', 'selector__n_features_to_select': 23, 'selector__model_name': 'rf', 'selector__k': 24, 'scaler__scaler_name': 'standard', 'outlier_remover__z_columns': ['car_age', 'mileage', 'tax', 'mpg'], 'outlier_remover__threshold': 3, 'outlier_remover__sev_outliers_cols': ['car_age', 'mileage', 'engineSize'], 'outlier_remover__outlier_method': 'LOF', 'outlier_remover__n_neighbors': 90, 'outlier_remover__model_columns': ['car_age', 'mileage', 'tax', 'mpg', 'engineSize'], 'outlier_remover__mod_outliers_cols': ['car_age', 'mileage', 'tax', 'mpg'], 'outlier_remover__contamination_LOF': 0.5, 'outlier_remover__contamination_IF': 0.3, 'model': GradientBoostingRegressor(max_depth=5, max_features='sqrt', min_samples_leaf=4,
                          min_samples_split=10, random_state=42, subsample=0.8), 'imputer__knn_scaling_method': 'standard', 'imputer__knn_neighbors': 17, 'imputer__imputation_method': 'knn_modelwise', 'encoder__method': 'freq'}",-2277.4813155844054,-2545.591252120279,-2414.10588005754,-2412.3928159207417,109.46212574484424,220,-1987.7005458010203,-2077.9401322300773,-2015.5940988366049,-2027.078258955901,37.7245295084956
231,1,4000,0.7340397834777832,0.0029353813571683595,0.019621531168619793,0.00496828629650298,model,22,rf,10,minmax,"['car_age', 'mileage', 'tax', 'mpg']",3,"['car_age', 'mileage']",LOF,50,"['car_age', 'mileage', 'tax', 'mpg']","['tax', 'mpg']",0.3,0.3,"RandomForestRegressor(max_depth=12, max_features='sqrt', min_samples_leaf=4,
                      min_samples_split=10, random_state=42)",minmax,12,iterative,target,"{'selector__selection_method': 'model', 'selector__n_features_to_select': 22, 'selector__model_name': 'rf', 'selector__k': 10, 'scaler__scaler_name': 'minmax', 'outlier_remover__z_columns': ['car_age', 'mileage', 'tax', 'mpg'], 'outlier_remover__threshold': 3, 'outlier_remover__sev_outliers_cols': ['car_age', 'mileage'], 'outlier_remover__outlier_method': 'LOF', 'outlier_remover__n_neighbors': 50, 'outlier_remover__model_columns': ['car_age', 'mileage', 'tax', 'mpg'], 'outlier_remover__mod_outliers_cols': ['tax', 'mpg'], 'outlier_remover__contamination_LOF': 0.3, 'outlier_remover__contamination_IF': 0.3, 'model': RandomForestRegressor(max_depth=12, max_features='sqrt', min_samples_leaf=4,
                      min_samples_split=10, random_state=42), 'imputer__knn_scaling_method': 'minmax', 'imputer__knn_neighbors': 12, 'imputer__imputation_method': 'iterative', 'encoder__method': 'target'}",-2215.0700229616996,-2384.7597123604405,-2281.3823499546943,-2293.737361758945,69.82421933958001,194,-1818.6429287555607,-1863.530352077899,-1820.488289682203,-1834.2205235052209,20.738866530538346
232,1,4000,0.10329794883728027,0.008304175174449768,0.029956738154093426,0.0072205640238164285,kbest,11,et,21,standard,"['car_age', 'mileage', 'tax', 'mpg']",3,"['car_age', 'mileage', 'engineSize']",z_score,90,"['car_age', 'mileage', 'tax', 'mpg']","['car_age', 'mileage', 'tax', 'mpg']",0.05,0.3,"ExtraTreesRegressor(max_depth=12, max_features='sqrt', min_samples_leaf=4,
                    min_samples_split=10, n_jobs=-1, random_state=42)",standard,16,simple,target,"{'selector__selection_method': 'kbest', 'selector__n_features_to_select': 11, 'selector__model_name': 'et', 'selector__k': 21, 'scaler__scaler_name': 'standard', 'outlier_remover__z_columns': ['car_age', 'mileage', 'tax', 'mpg'], 'outlier_remover__threshold': 3, 'outlier_remover__sev_outliers_cols': ['car_age', 'mileage', 'engineSize'], 'outlier_remover__outlier_method': 'z_score', 'outlier_remover__n_neighbors': 90, 'outlier_remover__model_columns': ['car_age', 'mileage', 'tax', 'mpg'], 'outlier_remover__mod_outliers_cols': ['car_age', 'mileage', 'tax', 'mpg'], 'outlier_remover__contamination_LOF': 0.05, 'outlier_remover__contamination_IF': 0.3, 'model': ExtraTreesRegressor(max_depth=12, max_features='sqrt', min_samples_leaf=4,
                    min_samples_split=10, n_jobs=-1, random_state=42), 'imputer__knn_scaling_method': 'standard', 'imputer__knn_neighbors': 16, 'imputer__imputation_method': 'simple', 'encoder__method': 'target'}",-2372.782128328782,-2603.1043354526973,-2346.9115026965383,-2440.9326554926724,115.15804401905945,233,-2021.631819837181,-2127.6896579236213,-2009.1483724353893,-2052.823283398731,53.183265793131056
233,1,4000,0.15808669726053873,0.011452770765704261,0.03350973129272461,0.004014349620306455,kbest,7,et,17,minmax,"['car_age', 'mileage', 'tax', 'mpg']",3,"['car_age', 'mileage', 'engineSize']",z_score,100,"['car_age', 'mileage', 'tax', 'mpg', 'engineSize']","['car_age', 'mileage', 'tax', 'mpg']",0.5,0.05,"ExtraTreesRegressor(max_depth=12, max_features='sqrt', min_samples_leaf=4,
                    min_samples_split=10, n_jobs=-1, random_state=42)",robust,18,iterative,target,"{'selector__selection_method': 'kbest', 'selector__n_features_to_select': 7, 'selector__model_name': 'et', 'selector__k': 17, 'scaler__scaler_name': 'minmax', 'outlier_remover__z_columns': ['car_age', 'mileage', 'tax', 'mpg'], 'outlier_remover__threshold': 3, 'outlier_remover__sev_outliers_cols': ['car_age', 'mileage', 'engineSize'], 'outlier_remover__outlier_method': 'z_score', 'outlier_remover__n_neighbors': 100, 'outlier_remover__model_columns': ['car_age', 'mileage', 'tax', 'mpg', 'engineSize'], 'outlier_remover__mod_outliers_cols': ['car_age', 'mileage', 'tax', 'mpg'], 'outlier_remover__contamination_LOF': 0.5, 'outlier_remover__contamination_IF': 0.05, 'model': ExtraTreesRegressor(max_depth=12, max_features='sqrt', min_samples_leaf=4,
                    min_samples_split=10, n_jobs=-1, random_state=42), 'imputer__knn_scaling_method': 'robust', 'imputer__knn_neighbors': 18, 'imputer__imputation_method': 'iterative', 'encoder__method': 'target'}",-2352.3721877739677,-2591.7520712946866,-2379.0212613535405,-2441.048506807398,107.11743257610028,234,-2016.2586380566609,-2117.4753433866176,-1992.8664229166145,-2042.2001347866308,54.077516613457625
234,1,4000,0.5605778694152832,0.008775840284062425,0.03184405962626139,0.00731276325841295,model,17,et,24,standard,"['car_age', 'mileage', 'tax', 'mpg']",3,"['car_age', 'mileage']",z_score,100,"['car_age', 'mileage', 'tax', 'mpg', 'engineSize']","['car_age', 'mileage', 'tax', 'mpg']",0.15,0.15,"ExtraTreesRegressor(max_depth=12, max_features='sqrt', min_samples_leaf=4,
                    min_samples_split=10, n_jobs=-1, random_state=42)",minmax,10,iterative,target,"{'selector__selection_method': 'model', 'selector__n_features_to_select': 17, 'selector__model_name': 'et', 'selector__k': 24, 'scaler__scaler_name': 'standard', 'outlier_remover__z_columns': ['car_age', 'mileage', 'tax', 'mpg'], 'outlier_remover__threshold': 3, 'outlier_remover__sev_outliers_cols': ['car_age', 'mileage'], 'outlier_remover__outlier_method': 'z_score', 'outlier_remover__n_neighbors': 100, 'outlier_remover__model_columns': ['car_age', 'mileage', 'tax', 'mpg', 'engineSize'], 'outlier_remover__mod_outliers_cols': ['car_age', 'mileage', 'tax', 'mpg'], 'outlier_remover__contamination_LOF': 0.15, 'outlier_remover__contamination_IF': 0.15, 'model': ExtraTreesRegressor(max_depth=12, max_features='sqrt', min_samples_leaf=4,
                    min_samples_split=10, n_jobs=-1, random_state=42), 'imputer__knn_scaling_method': 'minmax', 'imputer__knn_neighbors': 10, 'imputer__imputation_method': 'iterative', 'encoder__method': 'target'}",-2352.372187773968,-2591.7520712946866,-2379.0212613535405,-2441.048506807398,107.11743257610016,234,-2016.2586380566613,-2117.4753433866176,-1992.8664229166145,-2042.200134786631,54.077516613457554
235,1,4000,0.8865466912587484,0.009876044475399534,0.02276889483133952,0.0023826421058258627,rfe,12,rf,18,minmax,"['car_age', 'mileage', 'tax', 'mpg']",3,"['car_age', 'mileage', 'engineSize']",Isolation_Forest,70,"['car_age', 'mileage', 'tax', 'mpg']","['car_age', 'mileage', 'tax', 'mpg']",0.5,0.15,"RandomForestRegressor(max_depth=12, max_features='sqrt', min_samples_leaf=4,
                      min_samples_split=10, random_state=42)",standard,7,iterative,target,"{'selector__selection_method': 'rfe', 'selector__n_features_to_select': 12, 'selector__model_name': 'rf', 'selector__k': 18, 'scaler__scaler_name': 'minmax', 'outlier_remover__z_columns': ['car_age', 'mileage', 'tax', 'mpg'], 'outlier_remover__threshold': 3, 'outlier_remover__sev_outliers_cols': ['car_age', 'mileage', 'engineSize'], 'outlier_remover__outlier_method': 'Isolation_Forest', 'outlier_remover__n_neighbors': 70, 'outlier_remover__model_columns': ['car_age', 'mileage', 'tax', 'mpg'], 'outlier_remover__mod_outliers_cols': ['car_age', 'mileage', 'tax', 'mpg'], 'outlier_remover__contamination_LOF': 0.5, 'outlier_remover__contamination_IF': 0.15, 'model': RandomForestRegressor(max_depth=12, max_features='sqrt', min_samples_leaf=4,
                      min_samples_split=10, random_state=42), 'imputer__knn_scaling_method': 'standard', 'imputer__knn_neighbors': 7, 'imputer__imputation_method': 'iterative', 'encoder__method': 'target'}",-2243.120441493268,-2474.8704154051043,-2388.132915085398,-2368.70792399459,95.60338317302605,208,-1943.1886621806652,-1993.7740146890135,-1922.33419596273,-1953.098957610803,29.99524841865808
236,1,4000,0.3012506167093913,0.007580242990396591,0.01787590980529785,0.0018686590676315303,kbest,21,rf,19,standard,"['car_age', 'mileage', 'tax', 'mpg']",2,"['car_age', 'mileage', 'engineSize']",Isolation_Forest,30,"['car_age', 'mileage', 'tax', 'mpg']","['car_age', 'mileage', 'tax', 'mpg']",0.5,0.15,"RandomForestRegressor(max_depth=12, max_features='sqrt', min_samples_leaf=4,
                      min_samples_split=10, random_state=42)",standard,10,iterative,target,"{'selector__selection_method': 'kbest', 'selector__n_features_to_select': 21, 'selector__model_name': 'rf', 'selector__k': 19, 'scaler__scaler_name': 'standard', 'outlier_remover__z_columns': ['car_age', 'mileage', 'tax', 'mpg'], 'outlier_remover__threshold': 2, 'outlier_remover__sev_outliers_cols': ['car_age', 'mileage', 'engineSize'], 'outlier_remover__outlier_method': 'Isolation_Forest', 'outlier_remover__n_neighbors': 30, 'outlier_remover__model_columns': ['car_age', 'mileage', 'tax', 'mpg'], 'outlier_remover__mod_outliers_cols': ['car_age', 'mileage', 'tax', 'mpg'], 'outlier_remover__contamination_LOF': 0.5, 'outlier_remover__contamination_IF': 0.15, 'model': RandomForestRegressor(max_depth=12, max_features='sqrt', min_samples_leaf=4,
                      min_samples_split=10, random_state=42), 'imputer__knn_scaling_method': 'standard', 'imputer__knn_neighbors': 10, 'imputer__imputation_method': 'iterative', 'encoder__method': 'target'}",-2243.110804479381,-2475.017376580945,-2387.0431647060896,-2368.390448588805,95.58977424351234,206,-1942.9340256543321,-1993.7511847736405,-1922.5983416306767,-1953.0945173528828,29.923329421473635
237,1,4000,0.8811789353688558,0.006500175736395227,0.020689010620117188,0.0028504616660065094,rfe,20,rf,21,standard,"['car_age', 'mileage', 'tax', 'mpg']",2,"['car_age', 'mileage']",Isolation_Forest,50,"['car_age', 'mileage', 'tax', 'mpg']","['car_age', 'mileage', 'tax', 'mpg']",0.3,0.15,"RandomForestRegressor(max_depth=12, max_features='sqrt', min_samples_leaf=4,
                      min_samples_split=10, random_state=42)",minmax,11,iterative,target,"{'selector__selection_method': 'rfe', 'selector__n_features_to_select': 20, 'selector__model_name': 'rf', 'selector__k': 21, 'scaler__scaler_name': 'standard', 'outlier_remover__z_columns': ['car_age', 'mileage', 'tax', 'mpg'], 'outlier_remover__threshold': 2, 'outlier_remover__sev_outliers_cols': ['car_age', 'mileage'], 'outlier_remover__outlier_method': 'Isolation_Forest', 'outlier_remover__n_neighbors': 50, 'outlier_remover__model_columns': ['car_age', 'mileage', 'tax', 'mpg'], 'outlier_remover__mod_outliers_cols': ['car_age', 'mileage', 'tax', 'mpg'], 'outlier_remover__contamination_LOF': 0.3, 'outlier_remover__contamination_IF': 0.15, 'model': RandomForestRegressor(max_depth=12, max_features='sqrt', min_samples_leaf=4,
                      min_samples_split=10, random_state=42), 'imputer__knn_scaling_method': 'minmax', 'imputer__knn_neighbors': 11, 'imputer__imputation_method': 'iterative', 'encoder__method': 'target'}",-2243.110804479381,-2475.017376580945,-2387.0431647060896,-2368.390448588805,95.58977424351234,206,-1942.9340256543321,-1993.7511847736405,-1922.5983416306767,-1953.0945173528828,29.923329421473635
238,1,4000,0.47093971570332843,0.03186129622022523,0.15130027135213217,0.037539964822602315,kbest,16,rf,24,standard,"['car_age', 'mileage', 'tax', 'mpg']",3,"['car_age', 'mileage']",Isolation_Forest,70,"['car_age', 'mileage', 'tax', 'mpg', 'engineSize']","['tax', 'mpg']",0.3,0.3,"GradientBoostingRegressor(max_depth=5, max_features='sqrt', min_samples_leaf=4,
                          min_samples_split=10, random_state=42, subsample=0.8)",standard,16,knn_modelwise,target,"{'selector__selection_method': 'kbest', 'selector__n_features_to_select': 16, 'selector__model_name': 'rf', 'selector__k': 24, 'scaler__scaler_name': 'standard', 'outlier_remover__z_columns': ['car_age', 'mileage', 'tax', 'mpg'], 'outlier_remover__threshold': 3, 'outlier_remover__sev_outliers_cols': ['car_age', 'mileage'], 'outlier_remover__outlier_method': 'Isolation_Forest', 'outlier_remover__n_neighbors': 70, 'outlier_remover__model_columns': ['car_age', 'mileage', 'tax', 'mpg', 'engineSize'], 'outlier_remover__mod_outliers_cols': ['tax', 'mpg'], 'outlier_remover__contamination_LOF': 0.3, 'outlier_remover__contamination_IF': 0.3, 'model': GradientBoostingRegressor(max_depth=5, max_features='sqrt', min_samples_leaf=4,
                          min_samples_split=10, random_state=42, subsample=0.8), 'imputer__knn_scaling_method': 'standard', 'imputer__knn_neighbors': 16, 'imputer__imputation_method': 'knn_modelwise', 'encoder__method': 'target'}",-2328.6413564344025,-2560.1410596739456,-2402.2807221255594,-2430.3543794113025,96.5716515513987,227,-2004.0399624094284,-2023.572306593486,-1987.7035082265427,-2005.1052590764857,14.662737734673831
239,1,4000,0.10435231526692708,0.003008603475526472,0.027862707773844402,0.008737320177064476,kbest,6,et,20,robust,"['car_age', 'mileage', 'tax', 'mpg']",2,"['car_age', 'mileage', 'engineSize']",IQR,70,"['car_age', 'mileage', 'tax', 'mpg', 'engineSize']","['car_age', 'mileage', 'tax', 'mpg']",0.3,0.3,"ExtraTreesRegressor(max_depth=12, max_features='sqrt', min_samples_leaf=4,
                    min_samples_split=10, n_jobs=-1, random_state=42)",standard,14,simple,target,"{'selector__selection_method': 'kbest', 'selector__n_features_to_select': 6, 'selector__model_name': 'et', 'selector__k': 20, 'scaler__scaler_name': 'robust', 'outlier_remover__z_columns': ['car_age', 'mileage', 'tax', 'mpg'], 'outlier_remover__threshold': 2, 'outlier_remover__sev_outliers_cols': ['car_age', 'mileage', 'engineSize'], 'outlier_remover__outlier_method': 'IQR', 'outlier_remover__n_neighbors': 70, 'outlier_remover__model_columns': ['car_age', 'mileage', 'tax', 'mpg', 'engineSize'], 'outlier_remover__mod_outliers_cols': ['car_age', 'mileage', 'tax', 'mpg'], 'outlier_remover__contamination_LOF': 0.3, 'outlier_remover__contamination_IF': 0.3, 'model': ExtraTreesRegressor(max_depth=12, max_features='sqrt', min_samples_leaf=4,
                    min_samples_split=10, n_jobs=-1, random_state=42), 'imputer__knn_scaling_method': 'standard', 'imputer__knn_neighbors': 14, 'imputer__imputation_method': 'simple', 'encoder__method': 'target'}",-2344.982654541886,-2527.717162089232,-2315.216297584885,-2395.972038072001,93.94712086544413,215,-1977.1487616111272,-2029.194323163219,-1946.8080398722511,-1984.3837082155324,34.020907864638666
240,1,4000,0.13175098101298013,0.0006704566805040275,0.03893073399861654,0.008639036176867208,kbest,9,et,11,robust,"['car_age', 'mileage', 'tax', 'mpg']",2,"['car_age', 'mileage', 'engineSize']",z_score,50,"['car_age', 'mileage', 'tax', 'mpg']","['tax', 'mpg']",0.3,0.3,"ExtraTreesRegressor(max_depth=12, max_features='sqrt', min_samples_leaf=4,
                    min_samples_split=10, n_jobs=-1, random_state=42)",minmax,20,iterative,target,"{'selector__selection_method': 'kbest', 'selector__n_features_to_select': 9, 'selector__model_name': 'et', 'selector__k': 11, 'scaler__scaler_name': 'robust', 'outlier_remover__z_columns': ['car_age', 'mileage', 'tax', 'mpg'], 'outlier_remover__threshold': 2, 'outlier_remover__sev_outliers_cols': ['car_age', 'mileage', 'engineSize'], 'outlier_remover__outlier_method': 'z_score', 'outlier_remover__n_neighbors': 50, 'outlier_remover__model_columns': ['car_age', 'mileage', 'tax', 'mpg'], 'outlier_remover__mod_outliers_cols': ['tax', 'mpg'], 'outlier_remover__contamination_LOF': 0.3, 'outlier_remover__contamination_IF': 0.3, 'model': ExtraTreesRegressor(max_depth=12, max_features='sqrt', min_samples_leaf=4,
                    min_samples_split=10, n_jobs=-1, random_state=42), 'imputer__knn_scaling_method': 'minmax', 'imputer__knn_neighbors': 20, 'imputer__imputation_method': 'iterative', 'encoder__method': 'target'}",-2306.5029876570106,-2538.775957533476,-2306.4128246171713,-2383.8972566025527,109.51578587546547,211,-1967.1137170316547,-2043.9780162207528,-1909.5181764930512,-1973.5366365818197,55.08056249144349
241,1,4000,0.13761123021443686,0.005122757723254835,0.03645571072896322,0.0067918245497662014,kbest,10,et,11,standard,"['car_age', 'mileage', 'tax', 'mpg']",2,"['car_age', 'mileage']",z_score,50,"['car_age', 'mileage', 'tax', 'mpg', 'engineSize']","['tax', 'mpg']",0.5,0.5,"ExtraTreesRegressor(max_depth=12, max_features='sqrt', min_samples_leaf=4,
                    min_samples_split=10, n_jobs=-1, random_state=42)",robust,15,iterative,target,"{'selector__selection_method': 'kbest', 'selector__n_features_to_select': 10, 'selector__model_name': 'et', 'selector__k': 11, 'scaler__scaler_name': 'standard', 'outlier_remover__z_columns': ['car_age', 'mileage', 'tax', 'mpg'], 'outlier_remover__threshold': 2, 'outlier_remover__sev_outliers_cols': ['car_age', 'mileage'], 'outlier_remover__outlier_method': 'z_score', 'outlier_remover__n_neighbors': 50, 'outlier_remover__model_columns': ['car_age', 'mileage', 'tax', 'mpg', 'engineSize'], 'outlier_remover__mod_outliers_cols': ['tax', 'mpg'], 'outlier_remover__contamination_LOF': 0.5, 'outlier_remover__contamination_IF': 0.5, 'model': ExtraTreesRegressor(max_depth=12, max_features='sqrt', min_samples_leaf=4,
                    min_samples_split=10, n_jobs=-1, random_state=42), 'imputer__knn_scaling_method': 'robust', 'imputer__knn_neighbors': 15, 'imputer__imputation_method': 'iterative', 'encoder__method': 'target'}",-2306.502987657011,-2538.775957533476,-2306.412824617171,-2383.8972566025527,109.51578587546547,211,-1967.1137170316542,-2043.9780162207528,-1909.5181764930512,-1973.5366365818193,55.08056249144351
242,1,4000,0.19119739532470703,0.003512898476584072,0.007567564646402995,0.00034829009551685404,kbest,6,rf,13,robust,"['car_age', 'mileage', 'tax', 'mpg']",3,"['car_age', 'mileage']",LOF,90,"['car_age', 'mileage', 'tax', 'mpg']","['tax', 'mpg']",0.15,0.3,"GradientBoostingRegressor(max_depth=5, max_features='sqrt', min_samples_leaf=4,
                          min_samples_split=10, random_state=42, subsample=0.8)",robust,19,simple,freq,"{'selector__selection_method': 'kbest', 'selector__n_features_to_select': 6, 'selector__model_name': 'rf', 'selector__k': 13, 'scaler__scaler_name': 'robust', 'outlier_remover__z_columns': ['car_age', 'mileage', 'tax', 'mpg'], 'outlier_remover__threshold': 3, 'outlier_remover__sev_outliers_cols': ['car_age', 'mileage'], 'outlier_remover__outlier_method': 'LOF', 'outlier_remover__n_neighbors': 90, 'outlier_remover__model_columns': ['car_age', 'mileage', 'tax', 'mpg'], 'outlier_remover__mod_outliers_cols': ['tax', 'mpg'], 'outlier_remover__contamination_LOF': 0.15, 'outlier_remover__contamination_IF': 0.3, 'model': GradientBoostingRegressor(max_depth=5, max_features='sqrt', min_samples_leaf=4,
                          min_samples_split=10, random_state=42, subsample=0.8), 'imputer__knn_scaling_method': 'robust', 'imputer__knn_neighbors': 19, 'imputer__imputation_method': 'simple', 'encoder__method': 'freq'}",-2218.1673036938523,-2396.678656156051,-2271.085704146819,-2295.310554665574,74.86302281038738,196,-1800.4893759517945,-1866.7447626623818,-1819.2342381959386,-1828.8227922700382,27.88547225069378
243,1,4000,0.5582173665364584,0.015693386847682785,0.011336088180541992,0.002903853788696616,model,16,rf,15,robust,"['car_age', 'mileage', 'tax', 'mpg']",2,"['car_age', 'mileage', 'engineSize']",LOF,30,"['car_age', 'mileage', 'tax', 'mpg']","['tax', 'mpg']",0.5,0.5,"GradientBoostingRegressor(max_depth=5, max_features='sqrt', min_samples_leaf=4,
                          min_samples_split=10, random_state=42, subsample=0.8)",robust,15,iterative,freq,"{'selector__selection_method': 'model', 'selector__n_features_to_select': 16, 'selector__model_name': 'rf', 'selector__k': 15, 'scaler__scaler_name': 'robust', 'outlier_remover__z_columns': ['car_age', 'mileage', 'tax', 'mpg'], 'outlier_remover__threshold': 2, 'outlier_remover__sev_outliers_cols': ['car_age', 'mileage', 'engineSize'], 'outlier_remover__outlier_method': 'LOF', 'outlier_remover__n_neighbors': 30, 'outlier_remover__model_columns': ['car_age', 'mileage', 'tax', 'mpg'], 'outlier_remover__mod_outliers_cols': ['tax', 'mpg'], 'outlier_remover__contamination_LOF': 0.5, 'outlier_remover__contamination_IF': 0.5, 'model': GradientBoostingRegressor(max_depth=5, max_features='sqrt', min_samples_leaf=4,
                          min_samples_split=10, random_state=42, subsample=0.8), 'imputer__knn_scaling_method': 'robust', 'imputer__knn_neighbors': 15, 'imputer__imputation_method': 'iterative', 'encoder__method': 'freq'}",-2474.0187581491036,-2411.722411662043,-2250.9055830277202,-2378.882250946289,93.99904022582251,209,-1967.8707112467287,-2030.179792920308,-1838.7164041925569,-1945.588969453198,79.7367097339474
244,1,4000,0.17669876416524252,0.013160857717660377,0.011791229248046875,0.0026328871957867904,kbest,8,rf,17,minmax,"['car_age', 'mileage', 'tax', 'mpg']",3,"['car_age', 'mileage', 'engineSize']",LOF,30,"['car_age', 'mileage', 'tax', 'mpg', 'engineSize']","['car_age', 'mileage', 'tax', 'mpg']",0.3,0.5,"GradientBoostingRegressor(max_depth=5, max_features='sqrt', min_samples_leaf=4,
                          min_samples_split=10, random_state=42, subsample=0.8)",standard,11,iterative,freq,"{'selector__selection_method': 'kbest', 'selector__n_features_to_select': 8, 'selector__model_name': 'rf', 'selector__k': 17, 'scaler__scaler_name': 'minmax', 'outlier_remover__z_columns': ['car_age', 'mileage', 'tax', 'mpg'], 'outlier_remover__threshold': 3, 'outlier_remover__sev_outliers_cols': ['car_age', 'mileage', 'engineSize'], 'outlier_remover__outlier_method': 'LOF', 'outlier_remover__n_neighbors': 30, 'outlier_remover__model_columns': ['car_age', 'mileage', 'tax', 'mpg', 'engineSize'], 'outlier_remover__mod_outliers_cols': ['car_age', 'mileage', 'tax', 'mpg'], 'outlier_remover__contamination_LOF': 0.3, 'outlier_remover__contamination_IF': 0.5, 'model': GradientBoostingRegressor(max_depth=5, max_features='sqrt', min_samples_leaf=4,
                          min_samples_split=10, random_state=42, subsample=0.8), 'imputer__knn_scaling_method': 'standard', 'imputer__knn_neighbors': 11, 'imputer__imputation_method': 'iterative', 'encoder__method': 'freq'}",-2298.5380451678343,-2416.4435996676593,-2176.317941551839,-2297.099862129111,98.03616407302162,197,-1837.1270154239974,-1932.4422455688823,-1703.3096344655905,-1824.2929651528236,93.9821720772096
245,1,4000,0.9121129512786865,0.02056348723319391,0.01679086685180664,0.0003804745707293431,model,14,rf,6,minmax,"['car_age', 'mileage', 'tax', 'mpg']",3,"['car_age', 'mileage', 'engineSize']",z_score,50,"['car_age', 'mileage', 'tax', 'mpg', 'engineSize']","['car_age', 'mileage', 'tax', 'mpg']",0.15,0.3,"RandomForestRegressor(max_depth=12, max_features='sqrt', min_samples_leaf=4,
                      min_samples_split=10, random_state=42)",standard,8,iterative,target,"{'selector__selection_method': 'model', 'selector__n_features_to_select': 14, 'selector__model_name': 'rf', 'selector__k': 6, 'scaler__scaler_name': 'minmax', 'outlier_remover__z_columns': ['car_age', 'mileage', 'tax', 'mpg'], 'outlier_remover__threshold': 3, 'outlier_remover__sev_outliers_cols': ['car_age', 'mileage', 'engineSize'], 'outlier_remover__outlier_method': 'z_score', 'outlier_remover__n_neighbors': 50, 'outlier_remover__model_columns': ['car_age', 'mileage', 'tax', 'mpg', 'engineSize'], 'outlier_remover__mod_outliers_cols': ['car_age', 'mileage', 'tax', 'mpg'], 'outlier_remover__contamination_LOF': 0.15, 'outlier_remover__contamination_IF': 0.3, 'model': RandomForestRegressor(max_depth=12, max_features='sqrt', min_samples_leaf=4,
                      min_samples_split=10, random_state=42), 'imputer__knn_scaling_method': 'standard', 'imputer__knn_neighbors': 8, 'imputer__imputation_method': 'iterative', 'encoder__method': 'target'}",-2256.1382122090254,-2323.717460475426,-2179.1483097968035,-2253.0013274937514,59.06177481401571,160,-1704.6319036950085,-1706.5753851522659,-1632.142376917943,-1681.1165552550726,34.63906164906315
246,1,4000,0.11788264910380046,0.009209802023041247,0.00918904940287272,0.002339217984668675,kbest,19,rf,8,standard,"['car_age', 'mileage', 'tax', 'mpg']",3,"['car_age', 'mileage', 'engineSize']",z_score,100,"['car_age', 'mileage', 'tax', 'mpg']","['car_age', 'mileage', 'tax', 'mpg']",0.3,0.3,"GradientBoostingRegressor(max_depth=5, max_features='sqrt', min_samples_leaf=4,
                          min_samples_split=10, random_state=42, subsample=0.8)",robust,12,simple,freq,"{'selector__selection_method': 'kbest', 'selector__n_features_to_select': 19, 'selector__model_name': 'rf', 'selector__k': 8, 'scaler__scaler_name': 'standard', 'outlier_remover__z_columns': ['car_age', 'mileage', 'tax', 'mpg'], 'outlier_remover__threshold': 3, 'outlier_remover__sev_outliers_cols': ['car_age', 'mileage', 'engineSize'], 'outlier_remover__outlier_method': 'z_score', 'outlier_remover__n_neighbors': 100, 'outlier_remover__model_columns': ['car_age', 'mileage', 'tax', 'mpg'], 'outlier_remover__mod_outliers_cols': ['car_age', 'mileage', 'tax', 'mpg'], 'outlier_remover__contamination_LOF': 0.3, 'outlier_remover__contamination_IF': 0.3, 'model': GradientBoostingRegressor(max_depth=5, max_features='sqrt', min_samples_leaf=4,
                          min_samples_split=10, random_state=42, subsample=0.8), 'imputer__knn_scaling_method': 'robust', 'imputer__knn_neighbors': 12, 'imputer__imputation_method': 'simple', 'encoder__method': 'freq'}",-2351.250122621003,-2374.687118006538,-2283.1618065061293,-2336.366349044557,38.818944672396796,203,-1841.3656994856283,-1929.4097462484644,-1835.4051923971538,-1868.726879377082,42.978208896954335
247,1,4000,1.6894829273223877,0.01876257972216022,0.007224639256795247,4.887884538929514e-05,rfe,8,rf,17,minmax,"['car_age', 'mileage', 'tax', 'mpg']",3,"['car_age', 'mileage']",LOF,50,"['car_age', 'mileage', 'tax', 'mpg']","['car_age', 'mileage', 'tax', 'mpg']",0.05,0.3,"GradientBoostingRegressor(max_depth=5, max_features='sqrt', min_samples_leaf=4,
                          min_samples_split=10, random_state=42, subsample=0.8)",robust,12,simple,freq,"{'selector__selection_method': 'rfe', 'selector__n_features_to_select': 8, 'selector__model_name': 'rf', 'selector__k': 17, 'scaler__scaler_name': 'minmax', 'outlier_remover__z_columns': ['car_age', 'mileage', 'tax', 'mpg'], 'outlier_remover__threshold': 3, 'outlier_remover__sev_outliers_cols': ['car_age', 'mileage'], 'outlier_remover__outlier_method': 'LOF', 'outlier_remover__n_neighbors': 50, 'outlier_remover__model_columns': ['car_age', 'mileage', 'tax', 'mpg'], 'outlier_remover__mod_outliers_cols': ['car_age', 'mileage', 'tax', 'mpg'], 'outlier_remover__contamination_LOF': 0.05, 'outlier_remover__contamination_IF': 0.3, 'model': GradientBoostingRegressor(max_depth=5, max_features='sqrt', min_samples_leaf=4,
                          min_samples_split=10, random_state=42, subsample=0.8), 'imputer__knn_scaling_method': 'robust', 'imputer__knn_neighbors': 12, 'imputer__imputation_method': 'simple', 'encoder__method': 'freq'}",-2195.2123025692676,-2321.3174985572978,-2230.2774815195803,-2248.9357608820487,53.14589137691833,158,-1748.9924200736866,-1822.2022052818063,-1779.4807098107035,-1783.5584450553988,30.02653388920237
248,1,4000,0.7103230953216553,0.03211753558298893,0.0072947343190511065,0.0002770809143879145,model,18,rf,22,robust,"['car_age', 'mileage', 'tax', 'mpg']",3,"['car_age', 'mileage', 'engineSize']",LOF,100,"['car_age', 'mileage', 'tax', 'mpg', 'engineSize']","['tax', 'mpg']",0.05,0.15,"GradientBoostingRegressor(max_depth=5, max_features='sqrt', min_samples_leaf=4,
                          min_samples_split=10, random_state=42, subsample=0.8)",minmax,13,simple,freq,"{'selector__selection_method': 'model', 'selector__n_features_to_select': 18, 'selector__model_name': 'rf', 'selector__k': 22, 'scaler__scaler_name': 'robust', 'outlier_remover__z_columns': ['car_age', 'mileage', 'tax', 'mpg'], 'outlier_remover__threshold': 3, 'outlier_remover__sev_outliers_cols': ['car_age', 'mileage', 'engineSize'], 'outlier_remover__outlier_method': 'LOF', 'outlier_remover__n_neighbors': 100, 'outlier_remover__model_columns': ['car_age', 'mileage', 'tax', 'mpg', 'engineSize'], 'outlier_remover__mod_outliers_cols': ['tax', 'mpg'], 'outlier_remover__contamination_LOF': 0.05, 'outlier_remover__contamination_IF': 0.15, 'model': GradientBoostingRegressor(max_depth=5, max_features='sqrt', min_samples_leaf=4,
                          min_samples_split=10, random_state=42, subsample=0.8), 'imputer__knn_scaling_method': 'minmax', 'imputer__knn_neighbors': 13, 'imputer__imputation_method': 'simple', 'encoder__method': 'freq'}",-2209.646117309521,-2261.4913393704524,-2153.6496340028148,-2208.2623635609293,44.03706344264752,151,-1727.5292564590065,-1759.5420688421916,-1726.5279613058387,-1737.8664288690125,15.33244216644576
249,1,4000,0.9569839636484782,0.0030458891235363482,0.1484347184499105,0.01829080711835943,rfe,15,rf,9,standard,"['car_age', 'mileage', 'tax', 'mpg']",2,"['car_age', 'mileage', 'engineSize']",Isolation_Forest,30,"['car_age', 'mileage', 'tax', 'mpg', 'engineSize']","['car_age', 'mileage', 'tax', 'mpg']",0.15,0.15,"GradientBoostingRegressor(max_depth=5, max_features='sqrt', min_samples_leaf=4,
                          min_samples_split=10, random_state=42, subsample=0.8)",robust,18,knn_modelwise,freq,"{'selector__selection_method': 'rfe', 'selector__n_features_to_select': 15, 'selector__model_name': 'rf', 'selector__k': 9, 'scaler__scaler_name': 'standard', 'outlier_remover__z_columns': ['car_age', 'mileage', 'tax', 'mpg'], 'outlier_remover__threshold': 2, 'outlier_remover__sev_outliers_cols': ['car_age', 'mileage', 'engineSize'], 'outlier_remover__outlier_method': 'Isolation_Forest', 'outlier_remover__n_neighbors': 30, 'outlier_remover__model_columns': ['car_age', 'mileage', 'tax', 'mpg', 'engineSize'], 'outlier_remover__mod_outliers_cols': ['car_age', 'mileage', 'tax', 'mpg'], 'outlier_remover__contamination_LOF': 0.15, 'outlier_remover__contamination_IF': 0.15, 'model': GradientBoostingRegressor(max_depth=5, max_features='sqrt', min_samples_leaf=4,
                          min_samples_split=10, random_state=42, subsample=0.8), 'imputer__knn_scaling_method': 'robust', 'imputer__knn_neighbors': 18, 'imputer__imputation_method': 'knn_modelwise', 'encoder__method': 'freq'}",-2137.1037215816596,-2465.8449983248042,-2292.7390096778295,-2298.562576528098,134.27122354106723,198,-1793.6442646502196,-1969.6982017372018,-1776.5282555654874,-1846.623573984303,87.3069773429101
250,1,4000,0.7937900225321451,0.020310534589448995,0.009520689646402994,0.0021752056255840953,rfe,19,rf,22,robust,"['car_age', 'mileage', 'tax', 'mpg']",3,"['car_age', 'mileage']",IQR,90,"['car_age', 'mileage', 'tax', 'mpg']","['car_age', 'mileage', 'tax', 'mpg']",0.15,0.3,"GradientBoostingRegressor(max_depth=5, max_features='sqrt', min_samples_leaf=4,
                          min_samples_split=10, random_state=42, subsample=0.8)",standard,15,simple,freq,"{'selector__selection_method': 'rfe', 'selector__n_features_to_select': 19, 'selector__model_name': 'rf', 'selector__k': 22, 'scaler__scaler_name': 'robust', 'outlier_remover__z_columns': ['car_age', 'mileage', 'tax', 'mpg'], 'outlier_remover__threshold': 3, 'outlier_remover__sev_outliers_cols': ['car_age', 'mileage'], 'outlier_remover__outlier_method': 'IQR', 'outlier_remover__n_neighbors': 90, 'outlier_remover__model_columns': ['car_age', 'mileage', 'tax', 'mpg'], 'outlier_remover__mod_outliers_cols': ['car_age', 'mileage', 'tax', 'mpg'], 'outlier_remover__contamination_LOF': 0.15, 'outlier_remover__contamination_IF': 0.3, 'model': GradientBoostingRegressor(max_depth=5, max_features='sqrt', min_samples_leaf=4,
                          min_samples_split=10, random_state=42, subsample=0.8), 'imputer__knn_scaling_method': 'standard', 'imputer__knn_neighbors': 15, 'imputer__imputation_method': 'simple', 'encoder__method': 'freq'}",-2169.4656034284094,-2306.947535972303,-2220.557354913657,-2232.32349810479,56.740062496714465,153,-1685.576507507404,-1715.9917201712422,-1682.8576177030468,-1694.808615127231,15.019787946156647
251,1,4000,0.14111948013305664,0.00603937225040724,0.008560260136922201,0.0013884240169965583,kbest,9,rf,14,robust,"['car_age', 'mileage', 'tax', 'mpg']",3,"['car_age', 'mileage']",LOF,70,"['car_age', 'mileage', 'tax', 'mpg']","['tax', 'mpg']",0.3,0.15,"GradientBoostingRegressor(max_depth=5, max_features='sqrt', min_samples_leaf=4,
                          min_samples_split=10, random_state=42, subsample=0.8)",minmax,18,simple,target,"{'selector__selection_method': 'kbest', 'selector__n_features_to_select': 9, 'selector__model_name': 'rf', 'selector__k': 14, 'scaler__scaler_name': 'robust', 'outlier_remover__z_columns': ['car_age', 'mileage', 'tax', 'mpg'], 'outlier_remover__threshold': 3, 'outlier_remover__sev_outliers_cols': ['car_age', 'mileage'], 'outlier_remover__outlier_method': 'LOF', 'outlier_remover__n_neighbors': 70, 'outlier_remover__model_columns': ['car_age', 'mileage', 'tax', 'mpg'], 'outlier_remover__mod_outliers_cols': ['tax', 'mpg'], 'outlier_remover__contamination_LOF': 0.3, 'outlier_remover__contamination_IF': 0.15, 'model': GradientBoostingRegressor(max_depth=5, max_features='sqrt', min_samples_leaf=4,
                          min_samples_split=10, random_state=42, subsample=0.8), 'imputer__knn_scaling_method': 'minmax', 'imputer__knn_neighbors': 18, 'imputer__imputation_method': 'simple', 'encoder__method': 'target'}",-2142.685945943404,-2232.3455264886893,-2141.0312733360547,-2172.020915256049,42.66129022612296,134,-1726.8957883438866,-1750.3629719570513,-1669.7435379594285,-1715.6674327534554,33.85685810854415
252,1,4000,1.0095673402150471,0.012187929018984517,0.14134963353474936,0.014963343047921154,model,12,rf,11,minmax,"['car_age', 'mileage', 'tax', 'mpg']",2,"['car_age', 'mileage']",z_score,70,"['car_age', 'mileage', 'tax', 'mpg']","['tax', 'mpg']",0.05,0.5,"GradientBoostingRegressor(max_depth=5, max_features='sqrt', min_samples_leaf=4,
                          min_samples_split=10, random_state=42, subsample=0.8)",minmax,16,knn_modelwise,freq,"{'selector__selection_method': 'model', 'selector__n_features_to_select': 12, 'selector__model_name': 'rf', 'selector__k': 11, 'scaler__scaler_name': 'minmax', 'outlier_remover__z_columns': ['car_age', 'mileage', 'tax', 'mpg'], 'outlier_remover__threshold': 2, 'outlier_remover__sev_outliers_cols': ['car_age', 'mileage'], 'outlier_remover__outlier_method': 'z_score', 'outlier_remover__n_neighbors': 70, 'outlier_remover__model_columns': ['car_age', 'mileage', 'tax', 'mpg'], 'outlier_remover__mod_outliers_cols': ['tax', 'mpg'], 'outlier_remover__contamination_LOF': 0.05, 'outlier_remover__contamination_IF': 0.5, 'model': GradientBoostingRegressor(max_depth=5, max_features='sqrt', min_samples_leaf=4,
                          min_samples_split=10, random_state=42, subsample=0.8), 'imputer__knn_scaling_method': 'minmax', 'imputer__knn_neighbors': 16, 'imputer__imputation_method': 'knn_modelwise', 'encoder__method': 'freq'}",-2148.9895192907406,-2241.6800782630858,-2205.690597562569,-2198.7867317054647,38.15435714289271,148,-1685.164793333193,-1701.0754301992838,-1643.2366022588133,-1676.4922752637633,24.395927687905584
253,1,4000,1.0144073168436687,0.028784121377809373,0.14644670486450195,0.01321945502115354,model,22,rf,12,minmax,"['car_age', 'mileage', 'tax', 'mpg']",2,"['car_age', 'mileage', 'engineSize']",LOF,100,"['car_age', 'mileage', 'tax', 'mpg']","['tax', 'mpg']",0.15,0.3,"GradientBoostingRegressor(max_depth=5, max_features='sqrt', min_samples_leaf=4,
                          min_samples_split=10, random_state=42, subsample=0.8)",robust,19,knn_modelwise,target,"{'selector__selection_method': 'model', 'selector__n_features_to_select': 22, 'selector__model_name': 'rf', 'selector__k': 12, 'scaler__scaler_name': 'minmax', 'outlier_remover__z_columns': ['car_age', 'mileage', 'tax', 'mpg'], 'outlier_remover__threshold': 2, 'outlier_remover__sev_outliers_cols': ['car_age', 'mileage', 'engineSize'], 'outlier_remover__outlier_method': 'LOF', 'outlier_remover__n_neighbors': 100, 'outlier_remover__model_columns': ['car_age', 'mileage', 'tax', 'mpg'], 'outlier_remover__mod_outliers_cols': ['tax', 'mpg'], 'outlier_remover__contamination_LOF': 0.15, 'outlier_remover__contamination_IF': 0.3, 'model': GradientBoostingRegressor(max_depth=5, max_features='sqrt', min_samples_leaf=4,
                          min_samples_split=10, random_state=42, subsample=0.8), 'imputer__knn_scaling_method': 'robust', 'imputer__knn_neighbors': 19, 'imputer__imputation_method': 'knn_modelwise', 'encoder__method': 'target'}",-2137.943892156472,-2217.0647326908656,-2104.5076863502723,-2153.172103732537,47.19601671810637,112,-1648.8876063592259,-1697.1881511009558,-1620.306273375608,-1655.4606769452632,31.72916348661594
254,1,4000,1.0809107621510823,0.06432029625030054,0.15445748964945474,0.026933544816166353,rfe,20,rf,6,robust,"['car_age', 'mileage', 'tax', 'mpg']",2,"['car_age', 'mileage']",IQR,100,"['car_age', 'mileage', 'tax', 'mpg']","['car_age', 'mileage', 'tax', 'mpg']",0.15,0.05,"GradientBoostingRegressor(max_depth=5, max_features='sqrt', min_samples_leaf=4,
                          min_samples_split=10, random_state=42, subsample=0.8)",robust,17,knn_modelwise,freq,"{'selector__selection_method': 'rfe', 'selector__n_features_to_select': 20, 'selector__model_name': 'rf', 'selector__k': 6, 'scaler__scaler_name': 'robust', 'outlier_remover__z_columns': ['car_age', 'mileage', 'tax', 'mpg'], 'outlier_remover__threshold': 2, 'outlier_remover__sev_outliers_cols': ['car_age', 'mileage'], 'outlier_remover__outlier_method': 'IQR', 'outlier_remover__n_neighbors': 100, 'outlier_remover__model_columns': ['car_age', 'mileage', 'tax', 'mpg'], 'outlier_remover__mod_outliers_cols': ['car_age', 'mileage', 'tax', 'mpg'], 'outlier_remover__contamination_LOF': 0.15, 'outlier_remover__contamination_IF': 0.05, 'model': GradientBoostingRegressor(max_depth=5, max_features='sqrt', min_samples_leaf=4,
                          min_samples_split=10, random_state=42, subsample=0.8), 'imputer__knn_scaling_method': 'robust', 'imputer__knn_neighbors': 17, 'imputer__imputation_method': 'knn_modelwise', 'encoder__method': 'freq'}",-2119.2624217314988,-2200.535407298643,-2228.297212468338,-2182.69834716616,46.265659931774714,141,-1659.7822291693994,-1689.45253300041,-1663.4145587899136,-1670.8831069865744,13.214036513760783
255,1,4000,0.8883270422617594,0.015981957835346172,0.010269880294799805,0.0011958340591048586,model,12,rf,20,robust,"['car_age', 'mileage', 'tax', 'mpg']",2,"['car_age', 'mileage']",Isolation_Forest,50,"['car_age', 'mileage', 'tax', 'mpg', 'engineSize']","['tax', 'mpg']",0.15,0.05,"GradientBoostingRegressor(max_depth=5, max_features='sqrt', min_samples_leaf=4,
                          min_samples_split=10, random_state=42, subsample=0.8)",standard,16,iterative,freq,"{'selector__selection_method': 'model', 'selector__n_features_to_select': 12, 'selector__model_name': 'rf', 'selector__k': 20, 'scaler__scaler_name': 'robust', 'outlier_remover__z_columns': ['car_age', 'mileage', 'tax', 'mpg'], 'outlier_remover__threshold': 2, 'outlier_remover__sev_outliers_cols': ['car_age', 'mileage'], 'outlier_remover__outlier_method': 'Isolation_Forest', 'outlier_remover__n_neighbors': 50, 'outlier_remover__model_columns': ['car_age', 'mileage', 'tax', 'mpg', 'engineSize'], 'outlier_remover__mod_outliers_cols': ['tax', 'mpg'], 'outlier_remover__contamination_LOF': 0.15, 'outlier_remover__contamination_IF': 0.05, 'model': GradientBoostingRegressor(max_depth=5, max_features='sqrt', min_samples_leaf=4,
                          min_samples_split=10, random_state=42, subsample=0.8), 'imputer__knn_scaling_method': 'standard', 'imputer__knn_neighbors': 16, 'imputer__imputation_method': 'iterative', 'encoder__method': 'freq'}",-2162.6685993550373,-2388.5038431203766,-2277.957778055162,-2276.3767401768587,92.20363005224553,181,-1759.3087488489439,-1832.440022388573,-1735.5837933835307,-1775.7775215403492,41.220525871950244
256,1,4000,1.0090713500976562,0.012854583824345112,0.14470903078715006,0.016542604828227107,model,5,rf,17,minmax,"['car_age', 'mileage', 'tax', 'mpg']",3,"['car_age', 'mileage']",IQR,100,"['car_age', 'mileage', 'tax', 'mpg']","['car_age', 'mileage', 'tax', 'mpg']",0.05,0.05,"GradientBoostingRegressor(max_depth=5, max_features='sqrt', min_samples_leaf=4,
                          min_samples_split=10, random_state=42, subsample=0.8)",robust,12,knn_modelwise,freq,"{'selector__selection_method': 'model', 'selector__n_features_to_select': 5, 'selector__model_name': 'rf', 'selector__k': 17, 'scaler__scaler_name': 'minmax', 'outlier_remover__z_columns': ['car_age', 'mileage', 'tax', 'mpg'], 'outlier_remover__threshold': 3, 'outlier_remover__sev_outliers_cols': ['car_age', 'mileage'], 'outlier_remover__outlier_method': 'IQR', 'outlier_remover__n_neighbors': 100, 'outlier_remover__model_columns': ['car_age', 'mileage', 'tax', 'mpg'], 'outlier_remover__mod_outliers_cols': ['car_age', 'mileage', 'tax', 'mpg'], 'outlier_remover__contamination_LOF': 0.05, 'outlier_remover__contamination_IF': 0.05, 'model': GradientBoostingRegressor(max_depth=5, max_features='sqrt', min_samples_leaf=4,
                          min_samples_split=10, random_state=42, subsample=0.8), 'imputer__knn_scaling_method': 'robust', 'imputer__knn_neighbors': 12, 'imputer__imputation_method': 'knn_modelwise', 'encoder__method': 'freq'}",-2133.5302380842963,-2241.806958471464,-2207.1481621946596,-2194.16178625014,45.14751019033437,146,-1649.1835341253163,-1689.2123513615886,-1665.1045746598486,-1667.8334867155845,16.455227600769266
257,1,4000,1.0425752798716228,0.01992490597949276,0.1381410757700602,0.014228188863435676,model,17,rf,21,robust,"['car_age', 'mileage', 'tax', 'mpg']",3,"['car_age', 'mileage']",z_score,30,"['car_age', 'mileage', 'tax', 'mpg']","['car_age', 'mileage', 'tax', 'mpg']",0.15,0.3,"GradientBoostingRegressor(max_depth=5, max_features='sqrt', min_samples_leaf=4,
                          min_samples_split=10, random_state=42, subsample=0.8)",robust,19,knn_modelwise,freq,"{'selector__selection_method': 'model', 'selector__n_features_to_select': 17, 'selector__model_name': 'rf', 'selector__k': 21, 'scaler__scaler_name': 'robust', 'outlier_remover__z_columns': ['car_age', 'mileage', 'tax', 'mpg'], 'outlier_remover__threshold': 3, 'outlier_remover__sev_outliers_cols': ['car_age', 'mileage'], 'outlier_remover__outlier_method': 'z_score', 'outlier_remover__n_neighbors': 30, 'outlier_remover__model_columns': ['car_age', 'mileage', 'tax', 'mpg'], 'outlier_remover__mod_outliers_cols': ['car_age', 'mileage', 'tax', 'mpg'], 'outlier_remover__contamination_LOF': 0.15, 'outlier_remover__contamination_IF': 0.3, 'model': GradientBoostingRegressor(max_depth=5, max_features='sqrt', min_samples_leaf=4,
                          min_samples_split=10, random_state=42, subsample=0.8), 'imputer__knn_scaling_method': 'robust', 'imputer__knn_neighbors': 19, 'imputer__imputation_method': 'knn_modelwise', 'encoder__method': 'freq'}",-2152.506255132734,-2233.897937216758,-2212.2592948103993,-2199.5544957199636,34.421024757774056,149,-1684.593215359321,-1732.3526567551307,-1699.0963120459526,-1705.3473947201348,19.99246669055692
258,1,4000,0.7361144224802653,0.03930202237544315,0.007466634114583333,0.00036531413130567623,rfe,11,rf,11,minmax,"['car_age', 'mileage', 'tax', 'mpg']",2,"['car_age', 'mileage']",IQR,30,"['car_age', 'mileage', 'tax', 'mpg', 'engineSize']","['car_age', 'mileage', 'tax', 'mpg']",0.5,0.3,"GradientBoostingRegressor(max_depth=5, max_features='sqrt', min_samples_leaf=4,
                          min_samples_split=10, random_state=42, subsample=0.8)",robust,14,simple,freq,"{'selector__selection_method': 'rfe', 'selector__n_features_to_select': 11, 'selector__model_name': 'rf', 'selector__k': 11, 'scaler__scaler_name': 'minmax', 'outlier_remover__z_columns': ['car_age', 'mileage', 'tax', 'mpg'], 'outlier_remover__threshold': 2, 'outlier_remover__sev_outliers_cols': ['car_age', 'mileage'], 'outlier_remover__outlier_method': 'IQR', 'outlier_remover__n_neighbors': 30, 'outlier_remover__model_columns': ['car_age', 'mileage', 'tax', 'mpg', 'engineSize'], 'outlier_remover__mod_outliers_cols': ['car_age', 'mileage', 'tax', 'mpg'], 'outlier_remover__contamination_LOF': 0.5, 'outlier_remover__contamination_IF': 0.3, 'model': GradientBoostingRegressor(max_depth=5, max_features='sqrt', min_samples_leaf=4,
                          min_samples_split=10, random_state=42, subsample=0.8), 'imputer__knn_scaling_method': 'robust', 'imputer__knn_neighbors': 14, 'imputer__imputation_method': 'simple', 'encoder__method': 'freq'}",-2195.0124482472747,-2326.1623848675454,-2220.638482810774,-2247.2711053085313,56.757078293996614,157,-1692.7889630659495,-1744.6596386064982,-1686.0503816172297,-1707.8329944298923,26.185280992292913
259,1,4000,0.8140139579772949,0.030553704681443666,0.009398063023885092,0.00026380958019346016,rfe,21,rf,19,standard,"['car_age', 'mileage', 'tax', 'mpg']",2,"['car_age', 'mileage', 'engineSize']",z_score,30,"['car_age', 'mileage', 'tax', 'mpg']","['car_age', 'mileage', 'tax', 'mpg']",0.05,0.05,"GradientBoostingRegressor(max_depth=5, max_features='sqrt', min_samples_leaf=4,
                          min_samples_split=10, random_state=42, subsample=0.8)",standard,18,iterative,freq,"{'selector__selection_method': 'rfe', 'selector__n_features_to_select': 21, 'selector__model_name': 'rf', 'selector__k': 19, 'scaler__scaler_name': 'standard', 'outlier_remover__z_columns': ['car_age', 'mileage', 'tax', 'mpg'], 'outlier_remover__threshold': 2, 'outlier_remover__sev_outliers_cols': ['car_age', 'mileage', 'engineSize'], 'outlier_remover__outlier_method': 'z_score', 'outlier_remover__n_neighbors': 30, 'outlier_remover__model_columns': ['car_age', 'mileage', 'tax', 'mpg'], 'outlier_remover__mod_outliers_cols': ['car_age', 'mileage', 'tax', 'mpg'], 'outlier_remover__contamination_LOF': 0.05, 'outlier_remover__contamination_IF': 0.05, 'model': GradientBoostingRegressor(max_depth=5, max_features='sqrt', min_samples_leaf=4,
                          min_samples_split=10, random_state=42, subsample=0.8), 'imputer__knn_scaling_method': 'standard', 'imputer__knn_neighbors': 18, 'imputer__imputation_method': 'iterative', 'encoder__method': 'freq'}",-2169.0068202072757,-2181.331531708189,-2195.536445593616,-2181.95826583636,10.839737159650099,140,-1667.5958443296227,-1671.8721122487639,-1620.5524290000394,-1653.3401285261418,23.25004010017415
260,1,4000,0.7133108774820963,0.020795537793008096,0.01088412602742513,0.002845811009429781,rfe,10,rf,6,standard,"['car_age', 'mileage', 'tax', 'mpg']",2,"['car_age', 'mileage', 'engineSize']",z_score,30,"['car_age', 'mileage', 'tax', 'mpg', 'engineSize']","['car_age', 'mileage', 'tax', 'mpg']",0.5,0.3,"GradientBoostingRegressor(max_depth=5, max_features='sqrt', min_samples_leaf=4,
                          min_samples_split=10, random_state=42, subsample=0.8)",standard,11,simple,freq,"{'selector__selection_method': 'rfe', 'selector__n_features_to_select': 10, 'selector__model_name': 'rf', 'selector__k': 6, 'scaler__scaler_name': 'standard', 'outlier_remover__z_columns': ['car_age', 'mileage', 'tax', 'mpg'], 'outlier_remover__threshold': 2, 'outlier_remover__sev_outliers_cols': ['car_age', 'mileage', 'engineSize'], 'outlier_remover__outlier_method': 'z_score', 'outlier_remover__n_neighbors': 30, 'outlier_remover__model_columns': ['car_age', 'mileage', 'tax', 'mpg', 'engineSize'], 'outlier_remover__mod_outliers_cols': ['car_age', 'mileage', 'tax', 'mpg'], 'outlier_remover__contamination_LOF': 0.5, 'outlier_remover__contamination_IF': 0.3, 'model': GradientBoostingRegressor(max_depth=5, max_features='sqrt', min_samples_leaf=4,
                          min_samples_split=10, random_state=42, subsample=0.8), 'imputer__knn_scaling_method': 'standard', 'imputer__knn_neighbors': 11, 'imputer__imputation_method': 'simple', 'encoder__method': 'freq'}",-2200.5632827698396,-2302.5688224918763,-2194.769091337247,-2232.6337321996543,49.50811922789574,154,-1708.6463196219909,-1757.22458123992,-1660.2692246817,-1708.7133751812034,39.58188696587462
261,1,4000,0.19402718544006348,0.012943523156758266,0.012586752573649088,0.0029149220610175702,kbest,19,rf,14,standard,"['car_age', 'mileage', 'tax', 'mpg']",2,"['car_age', 'mileage', 'engineSize']",IQR,70,"['car_age', 'mileage', 'tax', 'mpg']","['car_age', 'mileage', 'tax', 'mpg']",0.5,0.05,"GradientBoostingRegressor(max_depth=5, max_features='sqrt', min_samples_leaf=4,
                          min_samples_split=10, random_state=42, subsample=0.8)",robust,16,iterative,freq,"{'selector__selection_method': 'kbest', 'selector__n_features_to_select': 19, 'selector__model_name': 'rf', 'selector__k': 14, 'scaler__scaler_name': 'standard', 'outlier_remover__z_columns': ['car_age', 'mileage', 'tax', 'mpg'], 'outlier_remover__threshold': 2, 'outlier_remover__sev_outliers_cols': ['car_age', 'mileage', 'engineSize'], 'outlier_remover__outlier_method': 'IQR', 'outlier_remover__n_neighbors': 70, 'outlier_remover__model_columns': ['car_age', 'mileage', 'tax', 'mpg'], 'outlier_remover__mod_outliers_cols': ['car_age', 'mileage', 'tax', 'mpg'], 'outlier_remover__contamination_LOF': 0.5, 'outlier_remover__contamination_IF': 0.05, 'model': GradientBoostingRegressor(max_depth=5, max_features='sqrt', min_samples_leaf=4,
                          min_samples_split=10, random_state=42, subsample=0.8), 'imputer__knn_scaling_method': 'robust', 'imputer__knn_neighbors': 16, 'imputer__imputation_method': 'iterative', 'encoder__method': 'freq'}",-2122.1821037794293,-2242.6189621825797,-2195.821471089988,-2186.874179017332,49.57351269969463,143,-1649.9564862601942,-1710.2625869077044,-1622.4847635464862,-1660.901278904795,36.661314152053045
262,1,4000,0.8630789915720621,0.0128642970300117,0.010684728622436523,0.002114977453980995,rfe,18,rf,18,minmax,"['car_age', 'mileage', 'tax', 'mpg']",2,"['car_age', 'mileage']",z_score,70,"['car_age', 'mileage', 'tax', 'mpg']","['car_age', 'mileage', 'tax', 'mpg']",0.3,0.15,"GradientBoostingRegressor(max_depth=5, max_features='sqrt', min_samples_leaf=4,
                          min_samples_split=10, random_state=42, subsample=0.8)",minmax,19,iterative,freq,"{'selector__selection_method': 'rfe', 'selector__n_features_to_select': 18, 'selector__model_name': 'rf', 'selector__k': 18, 'scaler__scaler_name': 'minmax', 'outlier_remover__z_columns': ['car_age', 'mileage', 'tax', 'mpg'], 'outlier_remover__threshold': 2, 'outlier_remover__sev_outliers_cols': ['car_age', 'mileage'], 'outlier_remover__outlier_method': 'z_score', 'outlier_remover__n_neighbors': 70, 'outlier_remover__model_columns': ['car_age', 'mileage', 'tax', 'mpg'], 'outlier_remover__mod_outliers_cols': ['car_age', 'mileage', 'tax', 'mpg'], 'outlier_remover__contamination_LOF': 0.3, 'outlier_remover__contamination_IF': 0.15, 'model': GradientBoostingRegressor(max_depth=5, max_features='sqrt', min_samples_leaf=4,
                          min_samples_split=10, random_state=42, subsample=0.8), 'imputer__knn_scaling_method': 'minmax', 'imputer__knn_neighbors': 19, 'imputer__imputation_method': 'iterative', 'encoder__method': 'freq'}",-2169.494250893565,-2200.405722352201,-2193.215556370175,-2187.7051765386473,13.207396446695975,144,-1667.5958443296227,-1688.699735652364,-1618.206751163464,-1658.1674437151503,29.540777118510956
263,1,4000,0.46906065940856934,0.03558095332347017,0.17261886596679688,0.025430476462175885,kbest,9,rf,11,robust,"['car_age', 'mileage', 'tax', 'mpg']",2,"['car_age', 'mileage', 'engineSize']",z_score,100,"['car_age', 'mileage', 'tax', 'mpg']","['tax', 'mpg']",0.5,0.05,"RandomForestRegressor(max_depth=12, max_features='sqrt', min_samples_leaf=4,
                      min_samples_split=10, random_state=42)",minmax,8,knn_modelwise,target,"{'selector__selection_method': 'kbest', 'selector__n_features_to_select': 9, 'selector__model_name': 'rf', 'selector__k': 11, 'scaler__scaler_name': 'robust', 'outlier_remover__z_columns': ['car_age', 'mileage', 'tax', 'mpg'], 'outlier_remover__threshold': 2, 'outlier_remover__sev_outliers_cols': ['car_age', 'mileage', 'engineSize'], 'outlier_remover__outlier_method': 'z_score', 'outlier_remover__n_neighbors': 100, 'outlier_remover__model_columns': ['car_age', 'mileage', 'tax', 'mpg'], 'outlier_remover__mod_outliers_cols': ['tax', 'mpg'], 'outlier_remover__contamination_LOF': 0.5, 'outlier_remover__contamination_IF': 0.05, 'model': RandomForestRegressor(max_depth=12, max_features='sqrt', min_samples_leaf=4,
                      min_samples_split=10, random_state=42), 'imputer__knn_scaling_method': 'minmax', 'imputer__knn_neighbors': 8, 'imputer__imputation_method': 'knn_modelwise', 'encoder__method': 'target'}",-2101.809475406047,-2236.5346805958793,-2141.2848838156074,-2159.8763466058444,56.55057968975607,117,-1600.6630348655963,-1635.0953919363865,-1580.3863252024191,-1605.3815840014674,22.582722380707263
264,1,4000,0.15556828180948892,0.005113144707559406,0.008809407552083334,0.0017631842706841436,kbest,12,rf,9,minmax,"['car_age', 'mileage', 'tax', 'mpg']",2,"['car_age', 'mileage', 'engineSize']",IQR,90,"['car_age', 'mileage', 'tax', 'mpg', 'engineSize']","['tax', 'mpg']",0.05,0.5,"GradientBoostingRegressor(max_depth=5, max_features='sqrt', min_samples_leaf=4,
                          min_samples_split=10, random_state=42, subsample=0.8)",robust,18,simple,freq,"{'selector__selection_method': 'kbest', 'selector__n_features_to_select': 12, 'selector__model_name': 'rf', 'selector__k': 9, 'scaler__scaler_name': 'minmax', 'outlier_remover__z_columns': ['car_age', 'mileage', 'tax', 'mpg'], 'outlier_remover__threshold': 2, 'outlier_remover__sev_outliers_cols': ['car_age', 'mileage', 'engineSize'], 'outlier_remover__outlier_method': 'IQR', 'outlier_remover__n_neighbors': 90, 'outlier_remover__model_columns': ['car_age', 'mileage', 'tax', 'mpg', 'engineSize'], 'outlier_remover__mod_outliers_cols': ['tax', 'mpg'], 'outlier_remover__contamination_LOF': 0.05, 'outlier_remover__contamination_IF': 0.5, 'model': GradientBoostingRegressor(max_depth=5, max_features='sqrt', min_samples_leaf=4,
                          min_samples_split=10, random_state=42, subsample=0.8), 'imputer__knn_scaling_method': 'robust', 'imputer__knn_neighbors': 18, 'imputer__imputation_method': 'simple', 'encoder__method': 'freq'}",-2161.7773375692127,-2273.961638826073,-2293.1269059664546,-2242.9552941205798,57.93227274747824,155,-1677.636448980561,-1751.5486571082163,-1789.6954892769265,-1739.6268651219013,46.51812529297472
265,1,4000,0.2960563500722249,0.007283913650826993,0.012110074361165365,0.0038699700926102605,kbest,11,rf,16,robust,"['car_age', 'mileage', 'tax', 'mpg']",3,"['car_age', 'mileage', 'engineSize']",Isolation_Forest,30,"['car_age', 'mileage', 'tax', 'mpg', 'engineSize']","['car_age', 'mileage', 'tax', 'mpg']",0.3,0.15,"GradientBoostingRegressor(max_depth=5, max_features='sqrt', min_samples_leaf=4,
                          min_samples_split=10, random_state=42, subsample=0.8)",robust,15,iterative,target,"{'selector__selection_method': 'kbest', 'selector__n_features_to_select': 11, 'selector__model_name': 'rf', 'selector__k': 16, 'scaler__scaler_name': 'robust', 'outlier_remover__z_columns': ['car_age', 'mileage', 'tax', 'mpg'], 'outlier_remover__threshold': 3, 'outlier_remover__sev_outliers_cols': ['car_age', 'mileage', 'engineSize'], 'outlier_remover__outlier_method': 'Isolation_Forest', 'outlier_remover__n_neighbors': 30, 'outlier_remover__model_columns': ['car_age', 'mileage', 'tax', 'mpg', 'engineSize'], 'outlier_remover__mod_outliers_cols': ['car_age', 'mileage', 'tax', 'mpg'], 'outlier_remover__contamination_LOF': 0.3, 'outlier_remover__contamination_IF': 0.15, 'model': GradientBoostingRegressor(max_depth=5, max_features='sqrt', min_samples_leaf=4,
                          min_samples_split=10, random_state=42, subsample=0.8), 'imputer__knn_scaling_method': 'robust', 'imputer__knn_neighbors': 15, 'imputer__imputation_method': 'iterative', 'encoder__method': 'target'}",-2135.132591949989,-2297.981570894696,-2203.0263735045455,-2212.0468454497436,66.78809360666494,152,-1731.9741457055204,-1811.085378550765,-1678.863600826308,-1740.6410416941978,54.3260891328948
266,1,4000,0.2117942969004313,0.01744977318823413,0.014445622762044271,0.0014856641555546911,kbest,8,rf,20,minmax,"['car_age', 'mileage', 'tax', 'mpg']",3,"['car_age', 'mileage', 'engineSize']",IQR,50,"['car_age', 'mileage', 'tax', 'mpg']","['tax', 'mpg']",0.5,0.15,"GradientBoostingRegressor(max_depth=5, max_features='sqrt', min_samples_leaf=4,
                          min_samples_split=10, random_state=42, subsample=0.8)",robust,20,iterative,freq,"{'selector__selection_method': 'kbest', 'selector__n_features_to_select': 8, 'selector__model_name': 'rf', 'selector__k': 20, 'scaler__scaler_name': 'minmax', 'outlier_remover__z_columns': ['car_age', 'mileage', 'tax', 'mpg'], 'outlier_remover__threshold': 3, 'outlier_remover__sev_outliers_cols': ['car_age', 'mileage', 'engineSize'], 'outlier_remover__outlier_method': 'IQR', 'outlier_remover__n_neighbors': 50, 'outlier_remover__model_columns': ['car_age', 'mileage', 'tax', 'mpg'], 'outlier_remover__mod_outliers_cols': ['tax', 'mpg'], 'outlier_remover__contamination_LOF': 0.5, 'outlier_remover__contamination_IF': 0.15, 'model': GradientBoostingRegressor(max_depth=5, max_features='sqrt', min_samples_leaf=4,
                          min_samples_split=10, random_state=42, subsample=0.8), 'imputer__knn_scaling_method': 'robust', 'imputer__knn_neighbors': 20, 'imputer__imputation_method': 'iterative', 'encoder__method': 'freq'}",-2118.951515925758,-2194.3152683971916,-2219.6628243108285,-2177.643202877926,42.7719552640684,137,-1657.2136754405965,-1686.1982690684968,-1624.2492186494003,-1655.8870543861647,25.30798496553325
267,1,4000,0.8540425300598145,0.02566954586360904,0.009410381317138672,0.00028034213189771025,rfe,15,rf,19,robust,"['car_age', 'mileage', 'tax', 'mpg']",3,"['car_age', 'mileage', 'engineSize']",IQR,30,"['car_age', 'mileage', 'tax', 'mpg']","['car_age', 'mileage', 'tax', 'mpg']",0.15,0.15,"GradientBoostingRegressor(max_depth=5, max_features='sqrt', min_samples_leaf=4,
                          min_samples_split=10, random_state=42, subsample=0.8)",robust,12,iterative,freq,"{'selector__selection_method': 'rfe', 'selector__n_features_to_select': 15, 'selector__model_name': 'rf', 'selector__k': 19, 'scaler__scaler_name': 'robust', 'outlier_remover__z_columns': ['car_age', 'mileage', 'tax', 'mpg'], 'outlier_remover__threshold': 3, 'outlier_remover__sev_outliers_cols': ['car_age', 'mileage', 'engineSize'], 'outlier_remover__outlier_method': 'IQR', 'outlier_remover__n_neighbors': 30, 'outlier_remover__model_columns': ['car_age', 'mileage', 'tax', 'mpg'], 'outlier_remover__mod_outliers_cols': ['car_age', 'mileage', 'tax', 'mpg'], 'outlier_remover__contamination_LOF': 0.15, 'outlier_remover__contamination_IF': 0.15, 'model': GradientBoostingRegressor(max_depth=5, max_features='sqrt', min_samples_leaf=4,
                          min_samples_split=10, random_state=42, subsample=0.8), 'imputer__knn_scaling_method': 'robust', 'imputer__knn_neighbors': 12, 'imputer__imputation_method': 'iterative', 'encoder__method': 'freq'}",-2122.4353772699224,-2229.5186645612853,-2176.4954295118328,-2176.1498237810138,43.71725202382559,136,-1650.013954474295,-1712.7982421108409,-1612.5208790287277,-1658.4443585379547,41.369805181903025
268,1,4000,0.8662065664927164,0.043321619813151066,0.014269034067789713,0.0007925163233681064,model,14,rf,11,minmax,"['car_age', 'mileage', 'tax', 'mpg']",3,"['car_age', 'mileage', 'engineSize']",IQR,30,"['car_age', 'mileage', 'tax', 'mpg', 'engineSize']","['car_age', 'mileage', 'tax', 'mpg']",0.3,0.3,"GradientBoostingRegressor(max_depth=5, max_features='sqrt', min_samples_leaf=4,
                          min_samples_split=10, random_state=42, subsample=0.8)",robust,19,iterative,freq,"{'selector__selection_method': 'model', 'selector__n_features_to_select': 14, 'selector__model_name': 'rf', 'selector__k': 11, 'scaler__scaler_name': 'minmax', 'outlier_remover__z_columns': ['car_age', 'mileage', 'tax', 'mpg'], 'outlier_remover__threshold': 3, 'outlier_remover__sev_outliers_cols': ['car_age', 'mileage', 'engineSize'], 'outlier_remover__outlier_method': 'IQR', 'outlier_remover__n_neighbors': 30, 'outlier_remover__model_columns': ['car_age', 'mileage', 'tax', 'mpg', 'engineSize'], 'outlier_remover__mod_outliers_cols': ['car_age', 'mileage', 'tax', 'mpg'], 'outlier_remover__contamination_LOF': 0.3, 'outlier_remover__contamination_IF': 0.3, 'model': GradientBoostingRegressor(max_depth=5, max_features='sqrt', min_samples_leaf=4,
                          min_samples_split=10, random_state=42, subsample=0.8), 'imputer__knn_scaling_method': 'robust', 'imputer__knn_neighbors': 19, 'imputer__imputation_method': 'iterative', 'encoder__method': 'freq'}",-2123.2363067031283,-2236.5842400445426,-2174.901803323259,-2178.2407833569764,46.334293195872384,138,-1650.2089661789714,-1710.2625869077044,-1612.5208790287277,-1657.664144038468,40.249597285458236
269,1,4000,0.20235459009806314,0.005525620736932662,0.01475373903910319,0.0043648452629779545,kbest,10,rf,22,standard,"['car_age', 'mileage', 'tax', 'mpg']",2,"['car_age', 'mileage']",IQR,100,"['car_age', 'mileage', 'tax', 'mpg', 'engineSize']","['car_age', 'mileage', 'tax', 'mpg']",0.05,0.15,"GradientBoostingRegressor(max_depth=5, max_features='sqrt', min_samples_leaf=4,
                          min_samples_split=10, random_state=42, subsample=0.8)",minmax,11,iterative,freq,"{'selector__selection_method': 'kbest', 'selector__n_features_to_select': 10, 'selector__model_name': 'rf', 'selector__k': 22, 'scaler__scaler_name': 'standard', 'outlier_remover__z_columns': ['car_age', 'mileage', 'tax', 'mpg'], 'outlier_remover__threshold': 2, 'outlier_remover__sev_outliers_cols': ['car_age', 'mileage'], 'outlier_remover__outlier_method': 'IQR', 'outlier_remover__n_neighbors': 100, 'outlier_remover__model_columns': ['car_age', 'mileage', 'tax', 'mpg', 'engineSize'], 'outlier_remover__mod_outliers_cols': ['car_age', 'mileage', 'tax', 'mpg'], 'outlier_remover__contamination_LOF': 0.05, 'outlier_remover__contamination_IF': 0.15, 'model': GradientBoostingRegressor(max_depth=5, max_features='sqrt', min_samples_leaf=4,
                          min_samples_split=10, random_state=42, subsample=0.8), 'imputer__knn_scaling_method': 'minmax', 'imputer__knn_neighbors': 11, 'imputer__imputation_method': 'iterative', 'encoder__method': 'freq'}",-2121.5561006129738,-2196.9014623489657,-2186.5518856479166,-2168.336482869952,33.347479240611065,130,-1633.7804858908453,-1690.74058616337,-1615.8422479827548,-1646.787773345657,31.930470408409985
270,1,4000,0.1521627108256022,0.003963107619578024,0.009415308634440104,0.0008207206817377243,kbest,21,rf,9,minmax,"['car_age', 'mileage', 'tax', 'mpg']",3,"['car_age', 'mileage']",IQR,30,"['car_age', 'mileage', 'tax', 'mpg']","['car_age', 'mileage', 'tax', 'mpg']",0.15,0.3,"GradientBoostingRegressor(max_depth=5, max_features='sqrt', min_samples_leaf=4,
                          min_samples_split=10, random_state=42, subsample=0.8)",standard,18,simple,freq,"{'selector__selection_method': 'kbest', 'selector__n_features_to_select': 21, 'selector__model_name': 'rf', 'selector__k': 9, 'scaler__scaler_name': 'minmax', 'outlier_remover__z_columns': ['car_age', 'mileage', 'tax', 'mpg'], 'outlier_remover__threshold': 3, 'outlier_remover__sev_outliers_cols': ['car_age', 'mileage'], 'outlier_remover__outlier_method': 'IQR', 'outlier_remover__n_neighbors': 30, 'outlier_remover__model_columns': ['car_age', 'mileage', 'tax', 'mpg'], 'outlier_remover__mod_outliers_cols': ['car_age', 'mileage', 'tax', 'mpg'], 'outlier_remover__contamination_LOF': 0.15, 'outlier_remover__contamination_IF': 0.3, 'model': GradientBoostingRegressor(max_depth=5, max_features='sqrt', min_samples_leaf=4,
                          min_samples_split=10, random_state=42, subsample=0.8), 'imputer__knn_scaling_method': 'standard', 'imputer__knn_neighbors': 18, 'imputer__imputation_method': 'simple', 'encoder__method': 'freq'}",-2142.665604624884,-2317.2019570494126,-2271.9764423522306,-2243.9480013421758,73.95913154576385,156,-1690.9554805577923,-1762.5033527494188,-1788.2380625505677,-1747.2322986192596,41.15725136983729
271,1,4000,0.4269430637359619,0.029651635121360872,0.16912325223286948,0.00735323386332373,kbest,10,rf,15,minmax,"['car_age', 'mileage', 'tax', 'mpg']",2,"['car_age', 'mileage', 'engineSize']",IQR,100,"['car_age', 'mileage', 'tax', 'mpg', 'engineSize']","['tax', 'mpg']",0.3,0.15,"GradientBoostingRegressor(max_depth=5, max_features='sqrt', min_samples_leaf=4,
                          min_samples_split=10, random_state=42, subsample=0.8)",minmax,17,knn_modelwise,freq,"{'selector__selection_method': 'kbest', 'selector__n_features_to_select': 10, 'selector__model_name': 'rf', 'selector__k': 15, 'scaler__scaler_name': 'minmax', 'outlier_remover__z_columns': ['car_age', 'mileage', 'tax', 'mpg'], 'outlier_remover__threshold': 2, 'outlier_remover__sev_outliers_cols': ['car_age', 'mileage', 'engineSize'], 'outlier_remover__outlier_method': 'IQR', 'outlier_remover__n_neighbors': 100, 'outlier_remover__model_columns': ['car_age', 'mileage', 'tax', 'mpg', 'engineSize'], 'outlier_remover__mod_outliers_cols': ['tax', 'mpg'], 'outlier_remover__contamination_LOF': 0.3, 'outlier_remover__contamination_IF': 0.15, 'model': GradientBoostingRegressor(max_depth=5, max_features='sqrt', min_samples_leaf=4,
                          min_samples_split=10, random_state=42, subsample=0.8), 'imputer__knn_scaling_method': 'minmax', 'imputer__knn_neighbors': 17, 'imputer__imputation_method': 'knn_modelwise', 'encoder__method': 'freq'}",-2126.730468639473,-2209.9443108702544,-2181.614303697226,-2172.763027735651,34.543640990427384,135,-1652.2499417635404,-1656.61638529247,-1625.805403582116,-1644.8905768793757,13.6124780284525
272,1,4000,1.1350586414337158,0.06058978187664359,0.15118932723999023,0.009802186768747737,model,17,rf,16,standard,"['car_age', 'mileage', 'tax', 'mpg']",3,"['car_age', 'mileage', 'engineSize']",IQR,30,"['car_age', 'mileage', 'tax', 'mpg']","['car_age', 'mileage', 'tax', 'mpg']",0.05,0.05,"RandomForestRegressor(max_depth=12, max_features='sqrt', min_samples_leaf=4,
                      min_samples_split=10, random_state=42)",robust,15,knn_modelwise,target,"{'selector__selection_method': 'model', 'selector__n_features_to_select': 17, 'selector__model_name': 'rf', 'selector__k': 16, 'scaler__scaler_name': 'standard', 'outlier_remover__z_columns': ['car_age', 'mileage', 'tax', 'mpg'], 'outlier_remover__threshold': 3, 'outlier_remover__sev_outliers_cols': ['car_age', 'mileage', 'engineSize'], 'outlier_remover__outlier_method': 'IQR', 'outlier_remover__n_neighbors': 30, 'outlier_remover__model_columns': ['car_age', 'mileage', 'tax', 'mpg'], 'outlier_remover__mod_outliers_cols': ['car_age', 'mileage', 'tax', 'mpg'], 'outlier_remover__contamination_LOF': 0.05, 'outlier_remover__contamination_IF': 0.05, 'model': RandomForestRegressor(max_depth=12, max_features='sqrt', min_samples_leaf=4,
                      min_samples_split=10, random_state=42), 'imputer__knn_scaling_method': 'robust', 'imputer__knn_neighbors': 15, 'imputer__imputation_method': 'knn_modelwise', 'encoder__method': 'target'}",-2106.0057391227865,-2260.5145310579037,-2107.06974367476,-2157.8633379518164,72.58665447127784,114,-1593.3238171368655,-1633.1212353709004,-1567.5291889467549,-1597.9914138181737,26.980474206498986
273,1,4000,0.9274181524912516,0.014901415420058992,0.01839900016784668,0.0016719802503515427,model,9,rf,24,minmax,"['car_age', 'mileage', 'tax', 'mpg']",2,"['car_age', 'mileage']",z_score,100,"['car_age', 'mileage', 'tax', 'mpg', 'engineSize']","['tax', 'mpg']",0.15,0.3,"RandomForestRegressor(max_depth=12, max_features='sqrt', min_samples_leaf=4,
                      min_samples_split=10, random_state=42)",robust,13,iterative,target,"{'selector__selection_method': 'model', 'selector__n_features_to_select': 9, 'selector__model_name': 'rf', 'selector__k': 24, 'scaler__scaler_name': 'minmax', 'outlier_remover__z_columns': ['car_age', 'mileage', 'tax', 'mpg'], 'outlier_remover__threshold': 2, 'outlier_remover__sev_outliers_cols': ['car_age', 'mileage'], 'outlier_remover__outlier_method': 'z_score', 'outlier_remover__n_neighbors': 100, 'outlier_remover__model_columns': ['car_age', 'mileage', 'tax', 'mpg', 'engineSize'], 'outlier_remover__mod_outliers_cols': ['tax', 'mpg'], 'outlier_remover__contamination_LOF': 0.15, 'outlier_remover__contamination_IF': 0.3, 'model': RandomForestRegressor(max_depth=12, max_features='sqrt', min_samples_leaf=4,
                      min_samples_split=10, random_state=42), 'imputer__knn_scaling_method': 'robust', 'imputer__knn_neighbors': 13, 'imputer__imputation_method': 'iterative', 'encoder__method': 'target'}",-2123.4690277015775,-2241.0909500170083,-2146.54131226575,-2170.367096661445,50.888637591292884,132,-1594.8512216975607,-1641.7498417310337,-1564.3900057255905,-1600.3303563847282,31.818775844746742
274,1,4000,0.894027312596639,0.004484255078306743,0.01873167355855306,0.0011678702248448184,model,20,rf,10,robust,"['car_age', 'mileage', 'tax', 'mpg']",2,"['car_age', 'mileage', 'engineSize']",z_score,30,"['car_age', 'mileage', 'tax', 'mpg', 'engineSize']","['car_age', 'mileage', 'tax', 'mpg']",0.5,0.5,"RandomForestRegressor(max_depth=12, max_features='sqrt', min_samples_leaf=4,
                      min_samples_split=10, random_state=42)",robust,15,iterative,target,"{'selector__selection_method': 'model', 'selector__n_features_to_select': 20, 'selector__model_name': 'rf', 'selector__k': 10, 'scaler__scaler_name': 'robust', 'outlier_remover__z_columns': ['car_age', 'mileage', 'tax', 'mpg'], 'outlier_remover__threshold': 2, 'outlier_remover__sev_outliers_cols': ['car_age', 'mileage', 'engineSize'], 'outlier_remover__outlier_method': 'z_score', 'outlier_remover__n_neighbors': 30, 'outlier_remover__model_columns': ['car_age', 'mileage', 'tax', 'mpg', 'engineSize'], 'outlier_remover__mod_outliers_cols': ['car_age', 'mileage', 'tax', 'mpg'], 'outlier_remover__contamination_LOF': 0.5, 'outlier_remover__contamination_IF': 0.5, 'model': RandomForestRegressor(max_depth=12, max_features='sqrt', min_samples_leaf=4,
                      min_samples_split=10, random_state=42), 'imputer__knn_scaling_method': 'robust', 'imputer__knn_neighbors': 15, 'imputer__imputation_method': 'iterative', 'encoder__method': 'target'}",-2123.9912693577307,-2241.321987867578,-2148.170803576277,-2171.1613536005284,50.58358376207622,133,-1594.910782129632,-1641.904322481134,-1564.5660335839589,-1600.4603793982417,31.816151608562457
275,1,4000,1.0554493268330891,0.035577702085458664,0.1550130844116211,0.01837745002701164,model,7,rf,11,standard,"['car_age', 'mileage', 'tax', 'mpg']",2,"['car_age', 'mileage', 'engineSize']",z_score,50,"['car_age', 'mileage', 'tax', 'mpg']","['car_age', 'mileage', 'tax', 'mpg']",0.15,0.15,"GradientBoostingRegressor(max_depth=5, max_features='sqrt', min_samples_leaf=4,
                          min_samples_split=10, random_state=42, subsample=0.8)",standard,12,knn_modelwise,freq,"{'selector__selection_method': 'model', 'selector__n_features_to_select': 7, 'selector__model_name': 'rf', 'selector__k': 11, 'scaler__scaler_name': 'standard', 'outlier_remover__z_columns': ['car_age', 'mileage', 'tax', 'mpg'], 'outlier_remover__threshold': 2, 'outlier_remover__sev_outliers_cols': ['car_age', 'mileage', 'engineSize'], 'outlier_remover__outlier_method': 'z_score', 'outlier_remover__n_neighbors': 50, 'outlier_remover__model_columns': ['car_age', 'mileage', 'tax', 'mpg'], 'outlier_remover__mod_outliers_cols': ['car_age', 'mileage', 'tax', 'mpg'], 'outlier_remover__contamination_LOF': 0.15, 'outlier_remover__contamination_IF': 0.15, 'model': GradientBoostingRegressor(max_depth=5, max_features='sqrt', min_samples_leaf=4,
                          min_samples_split=10, random_state=42, subsample=0.8), 'imputer__knn_scaling_method': 'standard', 'imputer__knn_neighbors': 12, 'imputer__imputation_method': 'knn_modelwise', 'encoder__method': 'freq'}",-2143.2066425140883,-2225.6018585138872,-2227.5153431324575,-2198.7746147201447,39.300254512883555,147,-1679.9961197534142,-1672.336029633283,-1668.982522384276,-1673.7715572569912,4.609438607986378
276,1,4000,0.26192506154378253,0.027651641103115753,0.02380681037902832,0.0027106513396630626,kbest,12,rf,13,robust,"['car_age', 'mileage', 'tax', 'mpg']",3,"['car_age', 'mileage']",z_score,50,"['car_age', 'mileage', 'tax', 'mpg', 'engineSize']","['tax', 'mpg']",0.15,0.3,"RandomForestRegressor(max_depth=12, max_features='sqrt', min_samples_leaf=4,
                      min_samples_split=10, random_state=42)",standard,11,iterative,target,"{'selector__selection_method': 'kbest', 'selector__n_features_to_select': 12, 'selector__model_name': 'rf', 'selector__k': 13, 'scaler__scaler_name': 'robust', 'outlier_remover__z_columns': ['car_age', 'mileage', 'tax', 'mpg'], 'outlier_remover__threshold': 3, 'outlier_remover__sev_outliers_cols': ['car_age', 'mileage'], 'outlier_remover__outlier_method': 'z_score', 'outlier_remover__n_neighbors': 50, 'outlier_remover__model_columns': ['car_age', 'mileage', 'tax', 'mpg', 'engineSize'], 'outlier_remover__mod_outliers_cols': ['tax', 'mpg'], 'outlier_remover__contamination_LOF': 0.15, 'outlier_remover__contamination_IF': 0.3, 'model': RandomForestRegressor(max_depth=12, max_features='sqrt', min_samples_leaf=4,
                      min_samples_split=10, random_state=42), 'imputer__knn_scaling_method': 'standard', 'imputer__knn_neighbors': 11, 'imputer__imputation_method': 'iterative', 'encoder__method': 'target'}",-2120.3324203525094,-2230.295191419373,-2130.8840301635646,-2160.503880645149,49.53755755040436,118,-1587.1558209125872,-1640.700847238728,-1577.0100219529493,-1601.6222300347547,27.941463228964388
277,1,4000,0.5029294490814209,0.01709858471440974,0.17835164070129395,0.008094873839481324,kbest,18,rf,17,minmax,"['car_age', 'mileage', 'tax', 'mpg']",2,"['car_age', 'mileage', 'engineSize']",z_score,90,"['car_age', 'mileage', 'tax', 'mpg', 'engineSize']","['car_age', 'mileage', 'tax', 'mpg']",0.3,0.15,"RandomForestRegressor(max_depth=12, max_features='sqrt', min_samples_leaf=4,
                      min_samples_split=10, random_state=42)",standard,19,knn_modelwise,target,"{'selector__selection_method': 'kbest', 'selector__n_features_to_select': 18, 'selector__model_name': 'rf', 'selector__k': 17, 'scaler__scaler_name': 'minmax', 'outlier_remover__z_columns': ['car_age', 'mileage', 'tax', 'mpg'], 'outlier_remover__threshold': 2, 'outlier_remover__sev_outliers_cols': ['car_age', 'mileage', 'engineSize'], 'outlier_remover__outlier_method': 'z_score', 'outlier_remover__n_neighbors': 90, 'outlier_remover__model_columns': ['car_age', 'mileage', 'tax', 'mpg', 'engineSize'], 'outlier_remover__mod_outliers_cols': ['car_age', 'mileage', 'tax', 'mpg'], 'outlier_remover__contamination_LOF': 0.3, 'outlier_remover__contamination_IF': 0.15, 'model': RandomForestRegressor(max_depth=12, max_features='sqrt', min_samples_leaf=4,
                      min_samples_split=10, random_state=42), 'imputer__knn_scaling_method': 'standard', 'imputer__knn_neighbors': 19, 'imputer__imputation_method': 'knn_modelwise', 'encoder__method': 'target'}",-2107.4583434306364,-2255.556147469936,-2123.66802249342,-2162.227504464664,66.32427975602772,119,-1605.3393719540152,-1634.8003191710131,-1571.5276256819923,-1603.8891056023404,25.851317048421297
278,1,4000,0.492477814356486,0.023497097174655476,0.19383700688680014,0.022436823182608607,kbest,19,rf,20,robust,"['car_age', 'mileage', 'tax', 'mpg']",2,"['car_age', 'mileage', 'engineSize']",z_score,70,"['car_age', 'mileage', 'tax', 'mpg', 'engineSize']","['car_age', 'mileage', 'tax', 'mpg']",0.05,0.15,"RandomForestRegressor(max_depth=12, max_features='sqrt', min_samples_leaf=4,
                      min_samples_split=10, random_state=42)",standard,9,knn_modelwise,target,"{'selector__selection_method': 'kbest', 'selector__n_features_to_select': 19, 'selector__model_name': 'rf', 'selector__k': 20, 'scaler__scaler_name': 'robust', 'outlier_remover__z_columns': ['car_age', 'mileage', 'tax', 'mpg'], 'outlier_remover__threshold': 2, 'outlier_remover__sev_outliers_cols': ['car_age', 'mileage', 'engineSize'], 'outlier_remover__outlier_method': 'z_score', 'outlier_remover__n_neighbors': 70, 'outlier_remover__model_columns': ['car_age', 'mileage', 'tax', 'mpg', 'engineSize'], 'outlier_remover__mod_outliers_cols': ['car_age', 'mileage', 'tax', 'mpg'], 'outlier_remover__contamination_LOF': 0.05, 'outlier_remover__contamination_IF': 0.15, 'model': RandomForestRegressor(max_depth=12, max_features='sqrt', min_samples_leaf=4,
                      min_samples_split=10, random_state=42), 'imputer__knn_scaling_method': 'standard', 'imputer__knn_neighbors': 9, 'imputer__imputation_method': 'knn_modelwise', 'encoder__method': 'target'}",-2100.0120083112997,-2233.8691010415023,-2124.2811400939495,-2152.720749815584,58.22965378215623,110,-1601.0509489828682,-1633.1394926512817,-1572.5662748053246,-1602.2522388131583,24.74349750265325
279,1,4000,0.9381479422251383,0.03609472093883993,0.13652674357096353,0.005228957505368129,model,11,rf,9,standard,"['car_age', 'mileage', 'tax', 'mpg']",3,"['car_age', 'mileage', 'engineSize']",LOF,30,"['car_age', 'mileage', 'tax', 'mpg', 'engineSize']","['car_age', 'mileage', 'tax', 'mpg']",0.3,0.05,"GradientBoostingRegressor(max_depth=5, max_features='sqrt', min_samples_leaf=4,
                          min_samples_split=10, random_state=42, subsample=0.8)",robust,15,knn_modelwise,target,"{'selector__selection_method': 'model', 'selector__n_features_to_select': 11, 'selector__model_name': 'rf', 'selector__k': 9, 'scaler__scaler_name': 'standard', 'outlier_remover__z_columns': ['car_age', 'mileage', 'tax', 'mpg'], 'outlier_remover__threshold': 3, 'outlier_remover__sev_outliers_cols': ['car_age', 'mileage', 'engineSize'], 'outlier_remover__outlier_method': 'LOF', 'outlier_remover__n_neighbors': 30, 'outlier_remover__model_columns': ['car_age', 'mileage', 'tax', 'mpg', 'engineSize'], 'outlier_remover__mod_outliers_cols': ['car_age', 'mileage', 'tax', 'mpg'], 'outlier_remover__contamination_LOF': 0.3, 'outlier_remover__contamination_IF': 0.05, 'model': GradientBoostingRegressor(max_depth=5, max_features='sqrt', min_samples_leaf=4,
                          min_samples_split=10, random_state=42, subsample=0.8), 'imputer__knn_scaling_method': 'robust', 'imputer__knn_neighbors': 15, 'imputer__imputation_method': 'knn_modelwise', 'encoder__method': 'target'}",-2141.4896309745104,-2310.0875996262826,-2103.8731491369126,-2185.1501265792353,89.66894317430773,142,-1656.9893713172994,-1750.8747959272564,-1593.4994100735928,-1667.1211924393829,64.64644031233686
280,1,4000,0.8308085600535074,0.03509696449682293,0.015284140904744467,0.0007169504574717049,model,11,rf,14,minmax,"['car_age', 'mileage', 'tax', 'mpg']",3,"['car_age', 'mileage']",z_score,90,"['car_age', 'mileage', 'tax', 'mpg', 'engineSize']","['car_age', 'mileage', 'tax', 'mpg']",0.3,0.3,"RandomForestRegressor(max_depth=12, max_features='sqrt', min_samples_leaf=4,
                      min_samples_split=10, random_state=42)",standard,5,simple,target,"{'selector__selection_method': 'model', 'selector__n_features_to_select': 11, 'selector__model_name': 'rf', 'selector__k': 14, 'scaler__scaler_name': 'minmax', 'outlier_remover__z_columns': ['car_age', 'mileage', 'tax', 'mpg'], 'outlier_remover__threshold': 3, 'outlier_remover__sev_outliers_cols': ['car_age', 'mileage'], 'outlier_remover__outlier_method': 'z_score', 'outlier_remover__n_neighbors': 90, 'outlier_remover__model_columns': ['car_age', 'mileage', 'tax', 'mpg', 'engineSize'], 'outlier_remover__mod_outliers_cols': ['car_age', 'mileage', 'tax', 'mpg'], 'outlier_remover__contamination_LOF': 0.3, 'outlier_remover__contamination_IF': 0.3, 'model': RandomForestRegressor(max_depth=12, max_features='sqrt', min_samples_leaf=4,
                      min_samples_split=10, random_state=42), 'imputer__knn_scaling_method': 'standard', 'imputer__knn_neighbors': 5, 'imputer__imputation_method': 'simple', 'encoder__method': 'target'}",-2129.654679178526,-2272.611059094872,-2093.722670936811,-2165.3294697367364,77.26483402547547,121,-1623.34156182956,-1680.1930841056103,-1600.1619986711462,-1634.5655482021054,33.622681446933385
281,1,4000,0.7624866167704264,0.00957094851709178,0.015383243560791016,0.00026210050330159943,model,17,rf,20,minmax,"['car_age', 'mileage', 'tax', 'mpg']",3,"['car_age', 'mileage', 'engineSize']",z_score,50,"['car_age', 'mileage', 'tax', 'mpg', 'engineSize']","['car_age', 'mileage', 'tax', 'mpg']",0.3,0.3,"RandomForestRegressor(max_depth=12, max_features='sqrt', min_samples_leaf=4,
                      min_samples_split=10, random_state=42)",standard,5,simple,target,"{'selector__selection_method': 'model', 'selector__n_features_to_select': 17, 'selector__model_name': 'rf', 'selector__k': 20, 'scaler__scaler_name': 'minmax', 'outlier_remover__z_columns': ['car_age', 'mileage', 'tax', 'mpg'], 'outlier_remover__threshold': 3, 'outlier_remover__sev_outliers_cols': ['car_age', 'mileage', 'engineSize'], 'outlier_remover__outlier_method': 'z_score', 'outlier_remover__n_neighbors': 50, 'outlier_remover__model_columns': ['car_age', 'mileage', 'tax', 'mpg', 'engineSize'], 'outlier_remover__mod_outliers_cols': ['car_age', 'mileage', 'tax', 'mpg'], 'outlier_remover__contamination_LOF': 0.3, 'outlier_remover__contamination_IF': 0.3, 'model': RandomForestRegressor(max_depth=12, max_features='sqrt', min_samples_leaf=4,
                      min_samples_split=10, random_state=42), 'imputer__knn_scaling_method': 'standard', 'imputer__knn_neighbors': 5, 'imputer__imputation_method': 'simple', 'encoder__method': 'target'}",-2129.654679178526,-2272.611059094872,-2093.722670936811,-2165.3294697367364,77.26483402547547,121,-1623.34156182956,-1680.1930841056103,-1600.1619986711462,-1634.5655482021054,33.622681446933385
282,1,4000,0.7984120845794678,0.03510267938320526,0.017096916834513348,0.002633971896479435,model,7,rf,16,minmax,"['car_age', 'mileage', 'tax', 'mpg']",3,"['car_age', 'mileage', 'engineSize']",z_score,70,"['car_age', 'mileage', 'tax', 'mpg', 'engineSize']","['tax', 'mpg']",0.3,0.3,"RandomForestRegressor(max_depth=12, max_features='sqrt', min_samples_leaf=4,
                      min_samples_split=10, random_state=42)",minmax,19,simple,target,"{'selector__selection_method': 'model', 'selector__n_features_to_select': 7, 'selector__model_name': 'rf', 'selector__k': 16, 'scaler__scaler_name': 'minmax', 'outlier_remover__z_columns': ['car_age', 'mileage', 'tax', 'mpg'], 'outlier_remover__threshold': 3, 'outlier_remover__sev_outliers_cols': ['car_age', 'mileage', 'engineSize'], 'outlier_remover__outlier_method': 'z_score', 'outlier_remover__n_neighbors': 70, 'outlier_remover__model_columns': ['car_age', 'mileage', 'tax', 'mpg', 'engineSize'], 'outlier_remover__mod_outliers_cols': ['tax', 'mpg'], 'outlier_remover__contamination_LOF': 0.3, 'outlier_remover__contamination_IF': 0.3, 'model': RandomForestRegressor(max_depth=12, max_features='sqrt', min_samples_leaf=4,
                      min_samples_split=10, random_state=42), 'imputer__knn_scaling_method': 'minmax', 'imputer__knn_neighbors': 19, 'imputer__imputation_method': 'simple', 'encoder__method': 'target'}",-2129.654679178526,-2272.611059094872,-2093.722670936811,-2165.3294697367364,77.26483402547547,121,-1623.34156182956,-1680.1930841056103,-1600.1619986711462,-1634.5655482021054,33.622681446933385
283,1,4000,0.19873825709025064,0.00913448325147034,0.017516374588012695,0.0012671599304090748,kbest,14,rf,18,minmax,"['car_age', 'mileage', 'tax', 'mpg']",3,"['car_age', 'mileage', 'engineSize']",IQR,100,"['car_age', 'mileage', 'tax', 'mpg', 'engineSize']","['car_age', 'mileage', 'tax', 'mpg']",0.5,0.3,"RandomForestRegressor(max_depth=12, max_features='sqrt', min_samples_leaf=4,
                      min_samples_split=10, random_state=42)",standard,16,simple,target,"{'selector__selection_method': 'kbest', 'selector__n_features_to_select': 14, 'selector__model_name': 'rf', 'selector__k': 18, 'scaler__scaler_name': 'minmax', 'outlier_remover__z_columns': ['car_age', 'mileage', 'tax', 'mpg'], 'outlier_remover__threshold': 3, 'outlier_remover__sev_outliers_cols': ['car_age', 'mileage', 'engineSize'], 'outlier_remover__outlier_method': 'IQR', 'outlier_remover__n_neighbors': 100, 'outlier_remover__model_columns': ['car_age', 'mileage', 'tax', 'mpg', 'engineSize'], 'outlier_remover__mod_outliers_cols': ['car_age', 'mileage', 'tax', 'mpg'], 'outlier_remover__contamination_LOF': 0.5, 'outlier_remover__contamination_IF': 0.3, 'model': RandomForestRegressor(max_depth=12, max_features='sqrt', min_samples_leaf=4,
                      min_samples_split=10, random_state=42), 'imputer__knn_scaling_method': 'standard', 'imputer__knn_neighbors': 16, 'imputer__imputation_method': 'simple', 'encoder__method': 'target'}",-2113.595741241763,-2280.5063548485236,-2109.3209165426883,-2167.8076708776584,79.70911097286053,127,-1618.583657351299,-1681.909777817371,-1601.3222896869177,-1633.9385749518624,34.645018224693885
284,1,4000,0.20451227823893228,0.007398497897561909,0.02179257074991862,0.003553631250685766,kbest,14,rf,18,minmax,"['car_age', 'mileage', 'tax', 'mpg']",2,"['car_age', 'mileage', 'engineSize']",IQR,50,"['car_age', 'mileage', 'tax', 'mpg']","['car_age', 'mileage', 'tax', 'mpg']",0.05,0.5,"RandomForestRegressor(max_depth=12, max_features='sqrt', min_samples_leaf=4,
                      min_samples_split=10, random_state=42)",standard,7,simple,target,"{'selector__selection_method': 'kbest', 'selector__n_features_to_select': 14, 'selector__model_name': 'rf', 'selector__k': 18, 'scaler__scaler_name': 'minmax', 'outlier_remover__z_columns': ['car_age', 'mileage', 'tax', 'mpg'], 'outlier_remover__threshold': 2, 'outlier_remover__sev_outliers_cols': ['car_age', 'mileage', 'engineSize'], 'outlier_remover__outlier_method': 'IQR', 'outlier_remover__n_neighbors': 50, 'outlier_remover__model_columns': ['car_age', 'mileage', 'tax', 'mpg'], 'outlier_remover__mod_outliers_cols': ['car_age', 'mileage', 'tax', 'mpg'], 'outlier_remover__contamination_LOF': 0.05, 'outlier_remover__contamination_IF': 0.5, 'model': RandomForestRegressor(max_depth=12, max_features='sqrt', min_samples_leaf=4,
                      min_samples_split=10, random_state=42), 'imputer__knn_scaling_method': 'standard', 'imputer__knn_neighbors': 7, 'imputer__imputation_method': 'simple', 'encoder__method': 'target'}",-2113.595741241763,-2280.5063548485236,-2109.3209165426883,-2167.8076708776584,79.70911097286053,127,-1618.583657351299,-1681.909777817371,-1601.3222896869177,-1633.9385749518624,34.645018224693885
285,1,4000,0.7639470100402832,0.027572589443461963,0.015244325002034506,0.00010503672644819294,rfe,13,rf,14,standard,"['car_age', 'mileage', 'tax', 'mpg']",3,"['car_age', 'mileage', 'engineSize']",IQR,30,"['car_age', 'mileage', 'tax', 'mpg', 'engineSize']","['car_age', 'mileage', 'tax', 'mpg']",0.05,0.5,"RandomForestRegressor(max_depth=12, max_features='sqrt', min_samples_leaf=4,
                      min_samples_split=10, random_state=42)",standard,5,simple,target,"{'selector__selection_method': 'rfe', 'selector__n_features_to_select': 13, 'selector__model_name': 'rf', 'selector__k': 14, 'scaler__scaler_name': 'standard', 'outlier_remover__z_columns': ['car_age', 'mileage', 'tax', 'mpg'], 'outlier_remover__threshold': 3, 'outlier_remover__sev_outliers_cols': ['car_age', 'mileage', 'engineSize'], 'outlier_remover__outlier_method': 'IQR', 'outlier_remover__n_neighbors': 30, 'outlier_remover__model_columns': ['car_age', 'mileage', 'tax', 'mpg', 'engineSize'], 'outlier_remover__mod_outliers_cols': ['car_age', 'mileage', 'tax', 'mpg'], 'outlier_remover__contamination_LOF': 0.05, 'outlier_remover__contamination_IF': 0.5, 'model': RandomForestRegressor(max_depth=12, max_features='sqrt', min_samples_leaf=4,
                      min_samples_split=10, random_state=42), 'imputer__knn_scaling_method': 'standard', 'imputer__knn_neighbors': 5, 'imputer__imputation_method': 'simple', 'encoder__method': 'target'}",-2112.4643850480925,-2281.0798659227103,-2108.2274601933354,-2167.2572370547127,80.50333746652016,124,-1618.54689534373,-1681.7577672732168,-1601.088701341631,-1633.7977879861926,34.65368517548629
286,1,4000,0.7436432838439941,0.006240474812793096,0.015005668004353842,0.0002464291276001326,model,9,rf,17,standard,"['car_age', 'mileage', 'tax', 'mpg']",2,"['car_age', 'mileage', 'engineSize']",IQR,70,"['car_age', 'mileage', 'tax', 'mpg', 'engineSize']","['car_age', 'mileage', 'tax', 'mpg']",0.15,0.15,"RandomForestRegressor(max_depth=12, max_features='sqrt', min_samples_leaf=4,
                      min_samples_split=10, random_state=42)",robust,19,simple,target,"{'selector__selection_method': 'model', 'selector__n_features_to_select': 9, 'selector__model_name': 'rf', 'selector__k': 17, 'scaler__scaler_name': 'standard', 'outlier_remover__z_columns': ['car_age', 'mileage', 'tax', 'mpg'], 'outlier_remover__threshold': 2, 'outlier_remover__sev_outliers_cols': ['car_age', 'mileage', 'engineSize'], 'outlier_remover__outlier_method': 'IQR', 'outlier_remover__n_neighbors': 70, 'outlier_remover__model_columns': ['car_age', 'mileage', 'tax', 'mpg', 'engineSize'], 'outlier_remover__mod_outliers_cols': ['car_age', 'mileage', 'tax', 'mpg'], 'outlier_remover__contamination_LOF': 0.15, 'outlier_remover__contamination_IF': 0.15, 'model': RandomForestRegressor(max_depth=12, max_features='sqrt', min_samples_leaf=4,
                      min_samples_split=10, random_state=42), 'imputer__knn_scaling_method': 'robust', 'imputer__knn_neighbors': 19, 'imputer__imputation_method': 'simple', 'encoder__method': 'target'}",-2112.4643850480925,-2281.0798659227103,-2108.2274601933354,-2167.2572370547127,80.50333746652016,124,-1618.54689534373,-1681.7577672732168,-1601.088701341631,-1633.7977879861926,34.65368517548629
287,1,4000,0.7984251976013184,0.0814372469405569,0.014746745427449545,2.8722815279913835e-05,model,16,rf,10,standard,"['car_age', 'mileage', 'tax', 'mpg']",3,"['car_age', 'mileage']",IQR,100,"['car_age', 'mileage', 'tax', 'mpg']","['tax', 'mpg']",0.5,0.5,"RandomForestRegressor(max_depth=12, max_features='sqrt', min_samples_leaf=4,
                      min_samples_split=10, random_state=42)",minmax,7,simple,target,"{'selector__selection_method': 'model', 'selector__n_features_to_select': 16, 'selector__model_name': 'rf', 'selector__k': 10, 'scaler__scaler_name': 'standard', 'outlier_remover__z_columns': ['car_age', 'mileage', 'tax', 'mpg'], 'outlier_remover__threshold': 3, 'outlier_remover__sev_outliers_cols': ['car_age', 'mileage'], 'outlier_remover__outlier_method': 'IQR', 'outlier_remover__n_neighbors': 100, 'outlier_remover__model_columns': ['car_age', 'mileage', 'tax', 'mpg'], 'outlier_remover__mod_outliers_cols': ['tax', 'mpg'], 'outlier_remover__contamination_LOF': 0.5, 'outlier_remover__contamination_IF': 0.5, 'model': RandomForestRegressor(max_depth=12, max_features='sqrt', min_samples_leaf=4,
                      min_samples_split=10, random_state=42), 'imputer__knn_scaling_method': 'minmax', 'imputer__knn_neighbors': 7, 'imputer__imputation_method': 'simple', 'encoder__method': 'target'}",-2120.2338191935887,-2269.376317819696,-2081.7753425226433,-2157.1284931786427,80.90918451963658,113,-1614.704914844893,-1684.4470141629715,-1596.5422516729727,-1631.8980602269457,37.89032421082439
288,1,4000,0.41950329144795734,0.030108245387272067,0.16542808214823404,0.005497855898129652,kbest,23,rf,11,robust,"['car_age', 'mileage', 'tax', 'mpg']",2,"['car_age', 'mileage']",LOF,90,"['car_age', 'mileage', 'tax', 'mpg', 'engineSize']","['car_age', 'mileage', 'tax', 'mpg']",0.05,0.5,"GradientBoostingRegressor(max_depth=5, max_features='sqrt', min_samples_leaf=4,
                          min_samples_split=10, random_state=42, subsample=0.8)",standard,17,knn_modelwise,target,"{'selector__selection_method': 'kbest', 'selector__n_features_to_select': 23, 'selector__model_name': 'rf', 'selector__k': 11, 'scaler__scaler_name': 'robust', 'outlier_remover__z_columns': ['car_age', 'mileage', 'tax', 'mpg'], 'outlier_remover__threshold': 2, 'outlier_remover__sev_outliers_cols': ['car_age', 'mileage'], 'outlier_remover__outlier_method': 'LOF', 'outlier_remover__n_neighbors': 90, 'outlier_remover__model_columns': ['car_age', 'mileage', 'tax', 'mpg', 'engineSize'], 'outlier_remover__mod_outliers_cols': ['car_age', 'mileage', 'tax', 'mpg'], 'outlier_remover__contamination_LOF': 0.05, 'outlier_remover__contamination_IF': 0.5, 'model': GradientBoostingRegressor(max_depth=5, max_features='sqrt', min_samples_leaf=4,
                          min_samples_split=10, random_state=42, subsample=0.8), 'imputer__knn_scaling_method': 'standard', 'imputer__knn_neighbors': 17, 'imputer__imputation_method': 'knn_modelwise', 'encoder__method': 'target'}",-2104.6265660060544,-2192.584066143787,-2085.506947212445,-2127.5725264540956,46.62806862339092,107,-1560.6938750671225,-1617.9114991024012,-1585.835290944886,-1588.14688837147,23.416116060775586
289,1,4000,0.7801611423492432,0.028364126404946708,0.007712920506795247,0.00021659680207362995,model,15,rf,17,minmax,"['car_age', 'mileage', 'tax', 'mpg']",2,"['car_age', 'mileage', 'engineSize']",z_score,90,"['car_age', 'mileage', 'tax', 'mpg']","['car_age', 'mileage', 'tax', 'mpg']",0.05,0.15,"GradientBoostingRegressor(max_depth=5, max_features='sqrt', min_samples_leaf=4,
                          min_samples_split=10, random_state=42, subsample=0.8)",minmax,12,simple,target,"{'selector__selection_method': 'model', 'selector__n_features_to_select': 15, 'selector__model_name': 'rf', 'selector__k': 17, 'scaler__scaler_name': 'minmax', 'outlier_remover__z_columns': ['car_age', 'mileage', 'tax', 'mpg'], 'outlier_remover__threshold': 2, 'outlier_remover__sev_outliers_cols': ['car_age', 'mileage', 'engineSize'], 'outlier_remover__outlier_method': 'z_score', 'outlier_remover__n_neighbors': 90, 'outlier_remover__model_columns': ['car_age', 'mileage', 'tax', 'mpg'], 'outlier_remover__mod_outliers_cols': ['car_age', 'mileage', 'tax', 'mpg'], 'outlier_remover__contamination_LOF': 0.05, 'outlier_remover__contamination_IF': 0.15, 'model': GradientBoostingRegressor(max_depth=5, max_features='sqrt', min_samples_leaf=4,
                          min_samples_split=10, random_state=42, subsample=0.8), 'imputer__knn_scaling_method': 'minmax', 'imputer__knn_neighbors': 12, 'imputer__imputation_method': 'simple', 'encoder__method': 'target'}",-2091.1790869139086,-2130.1417235370245,-2035.7479258415015,-2085.6895787641447,38.73110968063937,101,-1541.205502790518,-1550.728009245137,-1544.6874802899338,-1545.540330775196,3.934043531128756
290,1,4000,0.14218775431315103,0.0026769923897099683,0.008048613866170248,0.00040086458637258966,kbest,13,rf,23,standard,"['car_age', 'mileage', 'tax', 'mpg']",2,"['car_age', 'mileage', 'engineSize']",z_score,50,"['car_age', 'mileage', 'tax', 'mpg', 'engineSize']","['tax', 'mpg']",0.05,0.3,"GradientBoostingRegressor(max_depth=5, max_features='sqrt', min_samples_leaf=4,
                          min_samples_split=10, random_state=42, subsample=0.8)",minmax,15,simple,target,"{'selector__selection_method': 'kbest', 'selector__n_features_to_select': 13, 'selector__model_name': 'rf', 'selector__k': 23, 'scaler__scaler_name': 'standard', 'outlier_remover__z_columns': ['car_age', 'mileage', 'tax', 'mpg'], 'outlier_remover__threshold': 2, 'outlier_remover__sev_outliers_cols': ['car_age', 'mileage', 'engineSize'], 'outlier_remover__outlier_method': 'z_score', 'outlier_remover__n_neighbors': 50, 'outlier_remover__model_columns': ['car_age', 'mileage', 'tax', 'mpg', 'engineSize'], 'outlier_remover__mod_outliers_cols': ['tax', 'mpg'], 'outlier_remover__contamination_LOF': 0.05, 'outlier_remover__contamination_IF': 0.3, 'model': GradientBoostingRegressor(max_depth=5, max_features='sqrt', min_samples_leaf=4,
                          min_samples_split=10, random_state=42, subsample=0.8), 'imputer__knn_scaling_method': 'minmax', 'imputer__knn_neighbors': 15, 'imputer__imputation_method': 'simple', 'encoder__method': 'target'}",-2122.604487808742,-2122.525424579108,-2029.4415376909462,-2091.523816692932,43.89881234011442,105,-1549.8081589020503,-1553.3820421982443,-1548.137885689748,-1550.442695596681,2.1874295392881917
291,1,4000,0.7309362093607584,0.006881443615427454,0.007197856903076172,0.0001311398993877793,rfe,10,rf,10,minmax,"['car_age', 'mileage', 'tax', 'mpg']",3,"['car_age', 'mileage', 'engineSize']",z_score,90,"['car_age', 'mileage', 'tax', 'mpg', 'engineSize']","['car_age', 'mileage', 'tax', 'mpg']",0.15,0.5,"GradientBoostingRegressor(max_depth=5, max_features='sqrt', min_samples_leaf=4,
                          min_samples_split=10, random_state=42, subsample=0.8)",standard,13,simple,target,"{'selector__selection_method': 'rfe', 'selector__n_features_to_select': 10, 'selector__model_name': 'rf', 'selector__k': 10, 'scaler__scaler_name': 'minmax', 'outlier_remover__z_columns': ['car_age', 'mileage', 'tax', 'mpg'], 'outlier_remover__threshold': 3, 'outlier_remover__sev_outliers_cols': ['car_age', 'mileage', 'engineSize'], 'outlier_remover__outlier_method': 'z_score', 'outlier_remover__n_neighbors': 90, 'outlier_remover__model_columns': ['car_age', 'mileage', 'tax', 'mpg', 'engineSize'], 'outlier_remover__mod_outliers_cols': ['car_age', 'mileage', 'tax', 'mpg'], 'outlier_remover__contamination_LOF': 0.15, 'outlier_remover__contamination_IF': 0.5, 'model': GradientBoostingRegressor(max_depth=5, max_features='sqrt', min_samples_leaf=4,
                          min_samples_split=10, random_state=42, subsample=0.8), 'imputer__knn_scaling_method': 'standard', 'imputer__knn_neighbors': 13, 'imputer__imputation_method': 'simple', 'encoder__method': 'target'}",-2084.6092152200745,-2144.453742771688,-2042.3504625817209,-2090.471140191161,41.88907239891832,104,-1538.4102730261375,-1591.7339624897972,-1556.5067403291314,-1562.2169919483556,22.14059912875504
292,1,4000,1.006566047668457,0.025993270720861036,0.15517187118530273,0.015488266145569017,model,7,rf,17,minmax,"['car_age', 'mileage', 'tax', 'mpg']",2,"['car_age', 'mileage', 'engineSize']",z_score,90,"['car_age', 'mileage', 'tax', 'mpg', 'engineSize']","['car_age', 'mileage', 'tax', 'mpg']",0.5,0.05,"GradientBoostingRegressor(max_depth=5, max_features='sqrt', min_samples_leaf=4,
                          min_samples_split=10, random_state=42, subsample=0.8)",minmax,14,knn_modelwise,target,"{'selector__selection_method': 'model', 'selector__n_features_to_select': 7, 'selector__model_name': 'rf', 'selector__k': 17, 'scaler__scaler_name': 'minmax', 'outlier_remover__z_columns': ['car_age', 'mileage', 'tax', 'mpg'], 'outlier_remover__threshold': 2, 'outlier_remover__sev_outliers_cols': ['car_age', 'mileage', 'engineSize'], 'outlier_remover__outlier_method': 'z_score', 'outlier_remover__n_neighbors': 90, 'outlier_remover__model_columns': ['car_age', 'mileage', 'tax', 'mpg', 'engineSize'], 'outlier_remover__mod_outliers_cols': ['car_age', 'mileage', 'tax', 'mpg'], 'outlier_remover__contamination_LOF': 0.5, 'outlier_remover__contamination_IF': 0.05, 'model': GradientBoostingRegressor(max_depth=5, max_features='sqrt', min_samples_leaf=4,
                          min_samples_split=10, random_state=42, subsample=0.8), 'imputer__knn_scaling_method': 'minmax', 'imputer__knn_neighbors': 14, 'imputer__imputation_method': 'knn_modelwise', 'encoder__method': 'target'}",-2062.112513930001,-2128.128872167443,-2052.1299312474994,-2080.7904391149814,33.72050238999081,99,-1509.0622931732912,-1503.0357064120146,-1519.6857417752528,-1510.5945804535195,6.8831604965128665
293,1,4000,1.0827369689941406,0.03449762442566972,0.15786306063334146,0.02298240095041458,model,16,rf,9,robust,"['car_age', 'mileage', 'tax', 'mpg']",3,"['car_age', 'mileage', 'engineSize']",IQR,30,"['car_age', 'mileage', 'tax', 'mpg']","['tax', 'mpg']",0.3,0.3,"GradientBoostingRegressor(max_depth=5, max_features='sqrt', min_samples_leaf=4,
                          min_samples_split=10, random_state=42, subsample=0.8)",standard,15,knn_modelwise,target,"{'selector__selection_method': 'model', 'selector__n_features_to_select': 16, 'selector__model_name': 'rf', 'selector__k': 9, 'scaler__scaler_name': 'robust', 'outlier_remover__z_columns': ['car_age', 'mileage', 'tax', 'mpg'], 'outlier_remover__threshold': 3, 'outlier_remover__sev_outliers_cols': ['car_age', 'mileage', 'engineSize'], 'outlier_remover__outlier_method': 'IQR', 'outlier_remover__n_neighbors': 30, 'outlier_remover__model_columns': ['car_age', 'mileage', 'tax', 'mpg'], 'outlier_remover__mod_outliers_cols': ['tax', 'mpg'], 'outlier_remover__contamination_LOF': 0.3, 'outlier_remover__contamination_IF': 0.3, 'model': GradientBoostingRegressor(max_depth=5, max_features='sqrt', min_samples_leaf=4,
                          min_samples_split=10, random_state=42, subsample=0.8), 'imputer__knn_scaling_method': 'standard', 'imputer__knn_neighbors': 15, 'imputer__imputation_method': 'knn_modelwise', 'encoder__method': 'target'}",-2089.7078390393467,-2137.677206010226,-2041.2796185476932,-2089.5548878657555,39.354298898555776,103,-1517.7511479012032,-1523.6006643334931,-1516.2722163846147,-1519.2080095397705,3.1642136158716605
294,1,4000,0.20346665382385254,0.004704836557109921,0.012672742207845053,0.0027143193218276043,kbest,15,rf,15,minmax,"['car_age', 'mileage', 'tax', 'mpg']",2,"['car_age', 'mileage']",IQR,70,"['car_age', 'mileage', 'tax', 'mpg', 'engineSize']","['car_age', 'mileage', 'tax', 'mpg']",0.5,0.5,"GradientBoostingRegressor(max_depth=5, max_features='sqrt', min_samples_leaf=4,
                          min_samples_split=10, random_state=42, subsample=0.8)",robust,16,iterative,target,"{'selector__selection_method': 'kbest', 'selector__n_features_to_select': 15, 'selector__model_name': 'rf', 'selector__k': 15, 'scaler__scaler_name': 'minmax', 'outlier_remover__z_columns': ['car_age', 'mileage', 'tax', 'mpg'], 'outlier_remover__threshold': 2, 'outlier_remover__sev_outliers_cols': ['car_age', 'mileage'], 'outlier_remover__outlier_method': 'IQR', 'outlier_remover__n_neighbors': 70, 'outlier_remover__model_columns': ['car_age', 'mileage', 'tax', 'mpg', 'engineSize'], 'outlier_remover__mod_outliers_cols': ['car_age', 'mileage', 'tax', 'mpg'], 'outlier_remover__contamination_LOF': 0.5, 'outlier_remover__contamination_IF': 0.5, 'model': GradientBoostingRegressor(max_depth=5, max_features='sqrt', min_samples_leaf=4,
                          min_samples_split=10, random_state=42, subsample=0.8), 'imputer__knn_scaling_method': 'robust', 'imputer__knn_neighbors': 16, 'imputer__imputation_method': 'iterative', 'encoder__method': 'target'}",-2065.4364285401216,-2126.445879509202,-2059.9101413647745,-2083.930816471366,30.14722653157854,100,-1481.188712831397,-1526.981262734873,-1504.416200961088,-1504.195392175786,18.695382211575453
295,1,4000,1.0778203010559082,0.00923220302065665,0.16021052996317545,0.02261160968773168,rfe,11,rf,13,standard,"['car_age', 'mileage', 'tax', 'mpg']",3,"['car_age', 'mileage', 'engineSize']",IQR,70,"['car_age', 'mileage', 'tax', 'mpg']","['tax', 'mpg']",0.3,0.5,"GradientBoostingRegressor(max_depth=5, max_features='sqrt', min_samples_leaf=4,
                          min_samples_split=10, random_state=42, subsample=0.8)",minmax,20,knn_modelwise,target,"{'selector__selection_method': 'rfe', 'selector__n_features_to_select': 11, 'selector__model_name': 'rf', 'selector__k': 13, 'scaler__scaler_name': 'standard', 'outlier_remover__z_columns': ['car_age', 'mileage', 'tax', 'mpg'], 'outlier_remover__threshold': 3, 'outlier_remover__sev_outliers_cols': ['car_age', 'mileage', 'engineSize'], 'outlier_remover__outlier_method': 'IQR', 'outlier_remover__n_neighbors': 70, 'outlier_remover__model_columns': ['car_age', 'mileage', 'tax', 'mpg'], 'outlier_remover__mod_outliers_cols': ['tax', 'mpg'], 'outlier_remover__contamination_LOF': 0.3, 'outlier_remover__contamination_IF': 0.5, 'model': GradientBoostingRegressor(max_depth=5, max_features='sqrt', min_samples_leaf=4,
                          min_samples_split=10, random_state=42, subsample=0.8), 'imputer__knn_scaling_method': 'minmax', 'imputer__knn_neighbors': 20, 'imputer__imputation_method': 'knn_modelwise', 'encoder__method': 'target'}",-2038.201598464613,-2107.581047343356,-2045.3434742952431,-2063.7087067010707,31.15914314899756,96,-1501.1581543785205,-1510.710694137392,-1516.3498055007942,-1509.406218005569,6.270183912193327
296,1,4000,0.43672720591227215,0.036964370060814065,0.1583582560221354,0.02309857451795755,kbest,23,rf,23,robust,"['car_age', 'mileage', 'tax', 'mpg']",3,"['car_age', 'mileage', 'engineSize']",IQR,50,"['car_age', 'mileage', 'tax', 'mpg']","['tax', 'mpg']",0.3,0.05,"GradientBoostingRegressor(max_depth=5, max_features='sqrt', min_samples_leaf=4,
                          min_samples_split=10, random_state=42, subsample=0.8)",robust,16,knn_modelwise,target,"{'selector__selection_method': 'kbest', 'selector__n_features_to_select': 23, 'selector__model_name': 'rf', 'selector__k': 23, 'scaler__scaler_name': 'robust', 'outlier_remover__z_columns': ['car_age', 'mileage', 'tax', 'mpg'], 'outlier_remover__threshold': 3, 'outlier_remover__sev_outliers_cols': ['car_age', 'mileage', 'engineSize'], 'outlier_remover__outlier_method': 'IQR', 'outlier_remover__n_neighbors': 50, 'outlier_remover__model_columns': ['car_age', 'mileage', 'tax', 'mpg'], 'outlier_remover__mod_outliers_cols': ['tax', 'mpg'], 'outlier_remover__contamination_LOF': 0.3, 'outlier_remover__contamination_IF': 0.05, 'model': GradientBoostingRegressor(max_depth=5, max_features='sqrt', min_samples_leaf=4,
                          min_samples_split=10, random_state=42, subsample=0.8), 'imputer__knn_scaling_method': 'robust', 'imputer__knn_neighbors': 16, 'imputer__imputation_method': 'knn_modelwise', 'encoder__method': 'target'}",-2068.0834729597445,-2117.156566155979,-2052.2405868631363,-2079.16020865962,27.63502182872141,98,-1517.4115069536967,-1493.7106385282757,-1527.6876986091618,-1512.936614697045,14.227406614618106
297,1,4000,0.46364768346150714,0.01783119142053782,0.16830730438232422,0.008703085001898514,kbest,22,rf,21,minmax,"['car_age', 'mileage', 'tax', 'mpg']",3,"['car_age', 'mileage']",z_score,70,"['car_age', 'mileage', 'tax', 'mpg']","['car_age', 'mileage', 'tax', 'mpg']",0.15,0.05,"GradientBoostingRegressor(max_depth=5, max_features='sqrt', min_samples_leaf=4,
                          min_samples_split=10, random_state=42, subsample=0.8)",minmax,20,knn_modelwise,target,"{'selector__selection_method': 'kbest', 'selector__n_features_to_select': 22, 'selector__model_name': 'rf', 'selector__k': 21, 'scaler__scaler_name': 'minmax', 'outlier_remover__z_columns': ['car_age', 'mileage', 'tax', 'mpg'], 'outlier_remover__threshold': 3, 'outlier_remover__sev_outliers_cols': ['car_age', 'mileage'], 'outlier_remover__outlier_method': 'z_score', 'outlier_remover__n_neighbors': 70, 'outlier_remover__model_columns': ['car_age', 'mileage', 'tax', 'mpg'], 'outlier_remover__mod_outliers_cols': ['car_age', 'mileage', 'tax', 'mpg'], 'outlier_remover__contamination_LOF': 0.15, 'outlier_remover__contamination_IF': 0.05, 'model': GradientBoostingRegressor(max_depth=5, max_features='sqrt', min_samples_leaf=4,
                          min_samples_split=10, random_state=42, subsample=0.8), 'imputer__knn_scaling_method': 'minmax', 'imputer__knn_neighbors': 20, 'imputer__imputation_method': 'knn_modelwise', 'encoder__method': 'target'}",-2066.941719707815,-2134.0275826209963,-2065.460964657467,-2088.8100889954258,31.979310563901038,102,-1536.851039769506,-1535.5712210556921,-1545.5904327405706,-1539.337564521923,4.452209541706033
298,1,4000,0.8847854137420654,0.028972810871155545,0.008912881215413412,0.0003957761020206252,rfe,19,rf,22,standard,"['car_age', 'mileage', 'tax', 'mpg']",3,"['car_age', 'mileage', 'engineSize']",z_score,30,"['car_age', 'mileage', 'tax', 'mpg', 'engineSize']","['tax', 'mpg']",0.3,0.5,"GradientBoostingRegressor(max_depth=5, max_features='sqrt', min_samples_leaf=4,
                          min_samples_split=10, random_state=42, subsample=0.8)",standard,11,iterative,target,"{'selector__selection_method': 'rfe', 'selector__n_features_to_select': 19, 'selector__model_name': 'rf', 'selector__k': 22, 'scaler__scaler_name': 'standard', 'outlier_remover__z_columns': ['car_age', 'mileage', 'tax', 'mpg'], 'outlier_remover__threshold': 3, 'outlier_remover__sev_outliers_cols': ['car_age', 'mileage', 'engineSize'], 'outlier_remover__outlier_method': 'z_score', 'outlier_remover__n_neighbors': 30, 'outlier_remover__model_columns': ['car_age', 'mileage', 'tax', 'mpg', 'engineSize'], 'outlier_remover__mod_outliers_cols': ['tax', 'mpg'], 'outlier_remover__contamination_LOF': 0.3, 'outlier_remover__contamination_IF': 0.5, 'model': GradientBoostingRegressor(max_depth=5, max_features='sqrt', min_samples_leaf=4,
                          min_samples_split=10, random_state=42, subsample=0.8), 'imputer__knn_scaling_method': 'standard', 'imputer__knn_neighbors': 11, 'imputer__imputation_method': 'iterative', 'encoder__method': 'target'}",-2092.9374661194092,-2125.3950166939585,-2060.709937268124,-2093.014140027164,26.40762874938128,106,-1497.1011263304754,-1559.8766992806213,-1513.7945365498606,-1523.5907873869858,26.547668292497058
299,1,4000,0.1365069548288981,0.006192975776284079,0.00828242301940918,0.0018235959105560185,kbest,22,rf,9,robust,"['car_age', 'mileage', 'tax', 'mpg']",3,"['car_age', 'mileage', 'engineSize']",z_score,30,"['car_age', 'mileage', 'tax', 'mpg', 'engineSize']","['car_age', 'mileage', 'tax', 'mpg']",0.3,0.3,"GradientBoostingRegressor(max_depth=5, max_features='sqrt', min_samples_leaf=4,
                          min_samples_split=10, random_state=42, subsample=0.8)",standard,19,simple,target,"{'selector__selection_method': 'kbest', 'selector__n_features_to_select': 22, 'selector__model_name': 'rf', 'selector__k': 9, 'scaler__scaler_name': 'robust', 'outlier_remover__z_columns': ['car_age', 'mileage', 'tax', 'mpg'], 'outlier_remover__threshold': 3, 'outlier_remover__sev_outliers_cols': ['car_age', 'mileage', 'engineSize'], 'outlier_remover__outlier_method': 'z_score', 'outlier_remover__n_neighbors': 30, 'outlier_remover__model_columns': ['car_age', 'mileage', 'tax', 'mpg', 'engineSize'], 'outlier_remover__mod_outliers_cols': ['car_age', 'mileage', 'tax', 'mpg'], 'outlier_remover__contamination_LOF': 0.3, 'outlier_remover__contamination_IF': 0.3, 'model': GradientBoostingRegressor(max_depth=5, max_features='sqrt', min_samples_leaf=4,
                          min_samples_split=10, random_state=42, subsample=0.8), 'imputer__knn_scaling_method': 'standard', 'imputer__knn_neighbors': 19, 'imputer__imputation_method': 'simple', 'encoder__method': 'target'}",-2040.4235232597237,-2165.2745062598233,-2003.8314706778103,-2069.8431667324526,69.11391563224022,97,-1543.3879462901384,-1604.9077835991145,-1551.2722279385173,-1566.5226526092567,27.33257135249866
300,2,8000,1.4495430787404378,0.022636075395467095,0.012163003285725912,0.001282670481957841,rfe,11,rf,11,minmax,"['car_age', 'mileage', 'tax', 'mpg']",2,"['car_age', 'mileage']",IQR,30,"['car_age', 'mileage', 'tax', 'mpg', 'engineSize']","['car_age', 'mileage', 'tax', 'mpg']",0.5,0.3,"GradientBoostingRegressor(max_depth=5, max_features='sqrt', min_samples_leaf=4,
                          min_samples_split=10, random_state=42, subsample=0.8)",robust,14,simple,freq,"{'selector__selection_method': 'rfe', 'selector__n_features_to_select': 11, 'selector__model_name': 'rf', 'selector__k': 11, 'scaler__scaler_name': 'minmax', 'outlier_remover__z_columns': ['car_age', 'mileage', 'tax', 'mpg'], 'outlier_remover__threshold': 2, 'outlier_remover__sev_outliers_cols': ['car_age', 'mileage'], 'outlier_remover__outlier_method': 'IQR', 'outlier_remover__n_neighbors': 30, 'outlier_remover__model_columns': ['car_age', 'mileage', 'tax', 'mpg', 'engineSize'], 'outlier_remover__mod_outliers_cols': ['car_age', 'mileage', 'tax', 'mpg'], 'outlier_remover__contamination_LOF': 0.5, 'outlier_remover__contamination_IF': 0.3, 'model': GradientBoostingRegressor(max_depth=5, max_features='sqrt', min_samples_leaf=4,
                          min_samples_split=10, random_state=42, subsample=0.8), 'imputer__knn_scaling_method': 'robust', 'imputer__knn_neighbors': 14, 'imputer__imputation_method': 'simple', 'encoder__method': 'freq'}",-2039.8377599155174,-2077.6900073982974,-1999.2793366429078,-2038.9357013189076,32.017376577532794,92,-1770.9809237058055,-1776.162812642376,-1775.3951746864266,-1774.179637011536,2.283439236042358
301,2,8000,0.2553404966990153,0.006297499639075139,0.012356042861938477,0.002161690501999359,kbest,21,rf,9,minmax,"['car_age', 'mileage', 'tax', 'mpg']",3,"['car_age', 'mileage']",IQR,30,"['car_age', 'mileage', 'tax', 'mpg']","['car_age', 'mileage', 'tax', 'mpg']",0.15,0.3,"GradientBoostingRegressor(max_depth=5, max_features='sqrt', min_samples_leaf=4,
                          min_samples_split=10, random_state=42, subsample=0.8)",standard,18,simple,freq,"{'selector__selection_method': 'kbest', 'selector__n_features_to_select': 21, 'selector__model_name': 'rf', 'selector__k': 9, 'scaler__scaler_name': 'minmax', 'outlier_remover__z_columns': ['car_age', 'mileage', 'tax', 'mpg'], 'outlier_remover__threshold': 3, 'outlier_remover__sev_outliers_cols': ['car_age', 'mileage'], 'outlier_remover__outlier_method': 'IQR', 'outlier_remover__n_neighbors': 30, 'outlier_remover__model_columns': ['car_age', 'mileage', 'tax', 'mpg'], 'outlier_remover__mod_outliers_cols': ['car_age', 'mileage', 'tax', 'mpg'], 'outlier_remover__contamination_LOF': 0.15, 'outlier_remover__contamination_IF': 0.3, 'model': GradientBoostingRegressor(max_depth=5, max_features='sqrt', min_samples_leaf=4,
                          min_samples_split=10, random_state=42, subsample=0.8), 'imputer__knn_scaling_method': 'standard', 'imputer__knn_neighbors': 18, 'imputer__imputation_method': 'simple', 'encoder__method': 'freq'}",-2000.2250975114855,-2059.7741807698026,-2111.4103419690105,-2057.136540083433,45.42948754251062,94,-1765.8538664910095,-1754.6192253776169,-1902.9125450250735,-1807.7952122978998,67.4143136585773
302,2,8000,0.2586100896199544,0.016435799162450828,0.014158407847086588,0.0029843458036186974,kbest,12,rf,9,minmax,"['car_age', 'mileage', 'tax', 'mpg']",2,"['car_age', 'mileage', 'engineSize']",IQR,90,"['car_age', 'mileage', 'tax', 'mpg', 'engineSize']","['tax', 'mpg']",0.05,0.5,"GradientBoostingRegressor(max_depth=5, max_features='sqrt', min_samples_leaf=4,
                          min_samples_split=10, random_state=42, subsample=0.8)",robust,18,simple,freq,"{'selector__selection_method': 'kbest', 'selector__n_features_to_select': 12, 'selector__model_name': 'rf', 'selector__k': 9, 'scaler__scaler_name': 'minmax', 'outlier_remover__z_columns': ['car_age', 'mileage', 'tax', 'mpg'], 'outlier_remover__threshold': 2, 'outlier_remover__sev_outliers_cols': ['car_age', 'mileage', 'engineSize'], 'outlier_remover__outlier_method': 'IQR', 'outlier_remover__n_neighbors': 90, 'outlier_remover__model_columns': ['car_age', 'mileage', 'tax', 'mpg', 'engineSize'], 'outlier_remover__mod_outliers_cols': ['tax', 'mpg'], 'outlier_remover__contamination_LOF': 0.05, 'outlier_remover__contamination_IF': 0.5, 'model': GradientBoostingRegressor(max_depth=5, max_features='sqrt', min_samples_leaf=4,
                          min_samples_split=10, random_state=42, subsample=0.8), 'imputer__knn_scaling_method': 'robust', 'imputer__knn_neighbors': 18, 'imputer__imputation_method': 'simple', 'encoder__method': 'freq'}",-2003.1468083767056,-2046.8188403889233,-2094.7707282020892,-2048.245458989239,37.41890878076802,93,-1768.2680919333254,-1748.4677254871635,-1870.4904611298848,-1795.7420928501244,53.46963342693104
303,2,8000,1.370536247889201,0.011915829493394025,0.010656992594401041,0.00016792594568444728,rfe,10,rf,6,standard,"['car_age', 'mileage', 'tax', 'mpg']",2,"['car_age', 'mileage', 'engineSize']",z_score,30,"['car_age', 'mileage', 'tax', 'mpg', 'engineSize']","['car_age', 'mileage', 'tax', 'mpg']",0.5,0.3,"GradientBoostingRegressor(max_depth=5, max_features='sqrt', min_samples_leaf=4,
                          min_samples_split=10, random_state=42, subsample=0.8)",standard,11,simple,freq,"{'selector__selection_method': 'rfe', 'selector__n_features_to_select': 10, 'selector__model_name': 'rf', 'selector__k': 6, 'scaler__scaler_name': 'standard', 'outlier_remover__z_columns': ['car_age', 'mileage', 'tax', 'mpg'], 'outlier_remover__threshold': 2, 'outlier_remover__sev_outliers_cols': ['car_age', 'mileage', 'engineSize'], 'outlier_remover__outlier_method': 'z_score', 'outlier_remover__n_neighbors': 30, 'outlier_remover__model_columns': ['car_age', 'mileage', 'tax', 'mpg', 'engineSize'], 'outlier_remover__mod_outliers_cols': ['car_age', 'mileage', 'tax', 'mpg'], 'outlier_remover__contamination_LOF': 0.5, 'outlier_remover__contamination_IF': 0.3, 'model': GradientBoostingRegressor(max_depth=5, max_features='sqrt', min_samples_leaf=4,
                          min_samples_split=10, random_state=42, subsample=0.8), 'imputer__knn_scaling_method': 'standard', 'imputer__knn_neighbors': 11, 'imputer__imputation_method': 'simple', 'encoder__method': 'freq'}",-2047.1365669197007,-2093.7993739090766,-2039.8562900687386,-2060.2640769658387,23.898573368299935,95,-1778.416331708611,-1787.1044119299409,-1794.2085454858875,-1786.5764297081466,6.457944870039169
304,2,8000,1.4187707901000977,0.04466523963399064,0.01151418685913086,0.0011483881740159392,rfe,19,rf,22,robust,"['car_age', 'mileage', 'tax', 'mpg']",3,"['car_age', 'mileage']",IQR,90,"['car_age', 'mileage', 'tax', 'mpg']","['car_age', 'mileage', 'tax', 'mpg']",0.15,0.3,"GradientBoostingRegressor(max_depth=5, max_features='sqrt', min_samples_leaf=4,
                          min_samples_split=10, random_state=42, subsample=0.8)",standard,15,simple,freq,"{'selector__selection_method': 'rfe', 'selector__n_features_to_select': 19, 'selector__model_name': 'rf', 'selector__k': 22, 'scaler__scaler_name': 'robust', 'outlier_remover__z_columns': ['car_age', 'mileage', 'tax', 'mpg'], 'outlier_remover__threshold': 3, 'outlier_remover__sev_outliers_cols': ['car_age', 'mileage'], 'outlier_remover__outlier_method': 'IQR', 'outlier_remover__n_neighbors': 90, 'outlier_remover__model_columns': ['car_age', 'mileage', 'tax', 'mpg'], 'outlier_remover__mod_outliers_cols': ['car_age', 'mileage', 'tax', 'mpg'], 'outlier_remover__contamination_LOF': 0.15, 'outlier_remover__contamination_IF': 0.3, 'model': GradientBoostingRegressor(max_depth=5, max_features='sqrt', min_samples_leaf=4,
                          min_samples_split=10, random_state=42, subsample=0.8), 'imputer__knn_scaling_method': 'standard', 'imputer__knn_neighbors': 15, 'imputer__imputation_method': 'simple', 'encoder__method': 'freq'}",-2028.708530015565,-2078.202602404356,-2003.6795718110204,-2036.8635680769805,30.965561586394294,91,-1766.0470245304593,-1776.0822600624763,-1763.1674666790552,-1768.432250423997,5.535639014995817
305,2,8000,0.39801963170369464,0.020165131481228827,0.014924049377441406,0.003615140361966564,kbest,11,rf,16,robust,"['car_age', 'mileage', 'tax', 'mpg']",3,"['car_age', 'mileage', 'engineSize']",Isolation_Forest,30,"['car_age', 'mileage', 'tax', 'mpg', 'engineSize']","['car_age', 'mileage', 'tax', 'mpg']",0.3,0.15,"GradientBoostingRegressor(max_depth=5, max_features='sqrt', min_samples_leaf=4,
                          min_samples_split=10, random_state=42, subsample=0.8)",robust,15,iterative,target,"{'selector__selection_method': 'kbest', 'selector__n_features_to_select': 11, 'selector__model_name': 'rf', 'selector__k': 16, 'scaler__scaler_name': 'robust', 'outlier_remover__z_columns': ['car_age', 'mileage', 'tax', 'mpg'], 'outlier_remover__threshold': 3, 'outlier_remover__sev_outliers_cols': ['car_age', 'mileage', 'engineSize'], 'outlier_remover__outlier_method': 'Isolation_Forest', 'outlier_remover__n_neighbors': 30, 'outlier_remover__model_columns': ['car_age', 'mileage', 'tax', 'mpg', 'engineSize'], 'outlier_remover__mod_outliers_cols': ['car_age', 'mileage', 'tax', 'mpg'], 'outlier_remover__contamination_LOF': 0.3, 'outlier_remover__contamination_IF': 0.15, 'model': GradientBoostingRegressor(max_depth=5, max_features='sqrt', min_samples_leaf=4,
                          min_samples_split=10, random_state=42, subsample=0.8), 'imputer__knn_scaling_method': 'robust', 'imputer__knn_neighbors': 15, 'imputer__imputation_method': 'iterative', 'encoder__method': 'target'}",-1998.0598689719573,-2008.1537216728286,-2039.5083267910582,-2015.2406391452812,17.647699818795335,79,-1827.3562603724858,-1802.4540562515851,-1825.7338019231684,-1818.514706182413,11.375894104212758
306,2,8000,1.45045002301534,0.026511722354721236,0.011265913645426432,0.0009671454746876579,model,18,rf,22,robust,"['car_age', 'mileage', 'tax', 'mpg']",3,"['car_age', 'mileage', 'engineSize']",LOF,100,"['car_age', 'mileage', 'tax', 'mpg', 'engineSize']","['tax', 'mpg']",0.05,0.15,"GradientBoostingRegressor(max_depth=5, max_features='sqrt', min_samples_leaf=4,
                          min_samples_split=10, random_state=42, subsample=0.8)",minmax,13,simple,freq,"{'selector__selection_method': 'model', 'selector__n_features_to_select': 18, 'selector__model_name': 'rf', 'selector__k': 22, 'scaler__scaler_name': 'robust', 'outlier_remover__z_columns': ['car_age', 'mileage', 'tax', 'mpg'], 'outlier_remover__threshold': 3, 'outlier_remover__sev_outliers_cols': ['car_age', 'mileage', 'engineSize'], 'outlier_remover__outlier_method': 'LOF', 'outlier_remover__n_neighbors': 100, 'outlier_remover__model_columns': ['car_age', 'mileage', 'tax', 'mpg', 'engineSize'], 'outlier_remover__mod_outliers_cols': ['tax', 'mpg'], 'outlier_remover__contamination_LOF': 0.05, 'outlier_remover__contamination_IF': 0.15, 'model': GradientBoostingRegressor(max_depth=5, max_features='sqrt', min_samples_leaf=4,
                          min_samples_split=10, random_state=42, subsample=0.8), 'imputer__knn_scaling_method': 'minmax', 'imputer__knn_neighbors': 13, 'imputer__imputation_method': 'simple', 'encoder__method': 'freq'}",-2023.8962068034662,-2040.6224978406517,-1993.0917152281106,-2019.203473290743,19.68603794243079,81,-1800.4475497812039,-1765.243942815948,-1781.8845068275587,-1782.5253331415704,14.37895405594811
307,2,8000,1.8116315205891926,0.011617089398090582,0.18055272102355957,0.0032452578593053488,model,17,rf,21,robust,"['car_age', 'mileage', 'tax', 'mpg']",3,"['car_age', 'mileage']",z_score,30,"['car_age', 'mileage', 'tax', 'mpg']","['car_age', 'mileage', 'tax', 'mpg']",0.15,0.3,"GradientBoostingRegressor(max_depth=5, max_features='sqrt', min_samples_leaf=4,
                          min_samples_split=10, random_state=42, subsample=0.8)",robust,19,knn_modelwise,freq,"{'selector__selection_method': 'model', 'selector__n_features_to_select': 17, 'selector__model_name': 'rf', 'selector__k': 21, 'scaler__scaler_name': 'robust', 'outlier_remover__z_columns': ['car_age', 'mileage', 'tax', 'mpg'], 'outlier_remover__threshold': 3, 'outlier_remover__sev_outliers_cols': ['car_age', 'mileage'], 'outlier_remover__outlier_method': 'z_score', 'outlier_remover__n_neighbors': 30, 'outlier_remover__model_columns': ['car_age', 'mileage', 'tax', 'mpg'], 'outlier_remover__mod_outliers_cols': ['car_age', 'mileage', 'tax', 'mpg'], 'outlier_remover__contamination_LOF': 0.15, 'outlier_remover__contamination_IF': 0.3, 'model': GradientBoostingRegressor(max_depth=5, max_features='sqrt', min_samples_leaf=4,
                          min_samples_split=10, random_state=42, subsample=0.8), 'imputer__knn_scaling_method': 'robust', 'imputer__knn_neighbors': 19, 'imputer__imputation_method': 'knn_modelwise', 'encoder__method': 'freq'}",-2031.531313948537,-2036.4337691550631,-1996.0116051988996,-2021.3255627674998,18.011215998217555,83,-1747.155074865037,-1739.3541852300639,-1696.8864562530587,-1727.7985721160533,22.088951236906592
308,2,8000,1.8487759431203206,0.041378244069409716,0.18243169784545898,0.015083628739602164,model,12,rf,11,minmax,"['car_age', 'mileage', 'tax', 'mpg']",2,"['car_age', 'mileage']",z_score,70,"['car_age', 'mileage', 'tax', 'mpg']","['tax', 'mpg']",0.05,0.5,"GradientBoostingRegressor(max_depth=5, max_features='sqrt', min_samples_leaf=4,
                          min_samples_split=10, random_state=42, subsample=0.8)",minmax,16,knn_modelwise,freq,"{'selector__selection_method': 'model', 'selector__n_features_to_select': 12, 'selector__model_name': 'rf', 'selector__k': 11, 'scaler__scaler_name': 'minmax', 'outlier_remover__z_columns': ['car_age', 'mileage', 'tax', 'mpg'], 'outlier_remover__threshold': 2, 'outlier_remover__sev_outliers_cols': ['car_age', 'mileage'], 'outlier_remover__outlier_method': 'z_score', 'outlier_remover__n_neighbors': 70, 'outlier_remover__model_columns': ['car_age', 'mileage', 'tax', 'mpg'], 'outlier_remover__mod_outliers_cols': ['tax', 'mpg'], 'outlier_remover__contamination_LOF': 0.05, 'outlier_remover__contamination_IF': 0.5, 'model': GradientBoostingRegressor(max_depth=5, max_features='sqrt', min_samples_leaf=4,
                          min_samples_split=10, random_state=42, subsample=0.8), 'imputer__knn_scaling_method': 'minmax', 'imputer__knn_neighbors': 16, 'imputer__imputation_method': 'knn_modelwise', 'encoder__method': 'freq'}",-2024.139416579596,-2059.961548399408,-1999.9171006441854,-2028.0060218743965,24.665048198300735,87,-1758.6282186564904,-1745.3629542697156,-1718.9609238320818,-1740.9840322527625,16.48746570771375
309,2,8000,1.8761660257975261,0.017074182240137153,0.18332529067993164,0.0035419434421333764,model,7,rf,11,standard,"['car_age', 'mileage', 'tax', 'mpg']",2,"['car_age', 'mileage', 'engineSize']",z_score,50,"['car_age', 'mileage', 'tax', 'mpg']","['car_age', 'mileage', 'tax', 'mpg']",0.15,0.15,"GradientBoostingRegressor(max_depth=5, max_features='sqrt', min_samples_leaf=4,
                          min_samples_split=10, random_state=42, subsample=0.8)",standard,12,knn_modelwise,freq,"{'selector__selection_method': 'model', 'selector__n_features_to_select': 7, 'selector__model_name': 'rf', 'selector__k': 11, 'scaler__scaler_name': 'standard', 'outlier_remover__z_columns': ['car_age', 'mileage', 'tax', 'mpg'], 'outlier_remover__threshold': 2, 'outlier_remover__sev_outliers_cols': ['car_age', 'mileage', 'engineSize'], 'outlier_remover__outlier_method': 'z_score', 'outlier_remover__n_neighbors': 50, 'outlier_remover__model_columns': ['car_age', 'mileage', 'tax', 'mpg'], 'outlier_remover__mod_outliers_cols': ['car_age', 'mileage', 'tax', 'mpg'], 'outlier_remover__contamination_LOF': 0.15, 'outlier_remover__contamination_IF': 0.15, 'model': GradientBoostingRegressor(max_depth=5, max_features='sqrt', min_samples_leaf=4,
                          min_samples_split=10, random_state=42, subsample=0.8), 'imputer__knn_scaling_method': 'standard', 'imputer__knn_neighbors': 12, 'imputer__imputation_method': 'knn_modelwise', 'encoder__method': 'freq'}",-2042.7513709892237,-2032.817278600425,-1992.9016663868144,-2022.823438658821,21.54307142788858,85,-1746.4024302753255,-1740.7700616984494,-1716.3180607824465,-1734.4968509187404,13.058386885089307
310,2,8000,1.8750956058502197,0.02524507282892978,0.18289756774902344,0.009028368734962072,model,5,rf,17,minmax,"['car_age', 'mileage', 'tax', 'mpg']",3,"['car_age', 'mileage']",IQR,100,"['car_age', 'mileage', 'tax', 'mpg']","['car_age', 'mileage', 'tax', 'mpg']",0.05,0.05,"GradientBoostingRegressor(max_depth=5, max_features='sqrt', min_samples_leaf=4,
                          min_samples_split=10, random_state=42, subsample=0.8)",robust,12,knn_modelwise,freq,"{'selector__selection_method': 'model', 'selector__n_features_to_select': 5, 'selector__model_name': 'rf', 'selector__k': 17, 'scaler__scaler_name': 'minmax', 'outlier_remover__z_columns': ['car_age', 'mileage', 'tax', 'mpg'], 'outlier_remover__threshold': 3, 'outlier_remover__sev_outliers_cols': ['car_age', 'mileage'], 'outlier_remover__outlier_method': 'IQR', 'outlier_remover__n_neighbors': 100, 'outlier_remover__model_columns': ['car_age', 'mileage', 'tax', 'mpg'], 'outlier_remover__mod_outliers_cols': ['car_age', 'mileage', 'tax', 'mpg'], 'outlier_remover__contamination_LOF': 0.05, 'outlier_remover__contamination_IF': 0.05, 'model': GradientBoostingRegressor(max_depth=5, max_features='sqrt', min_samples_leaf=4,
                          min_samples_split=10, random_state=42, subsample=0.8), 'imputer__knn_scaling_method': 'robust', 'imputer__knn_neighbors': 12, 'imputer__imputation_method': 'knn_modelwise', 'encoder__method': 'freq'}",-2038.26043305756,-2014.9357968142951,-1988.9791741241972,-2014.0584679986841,20.128551858861467,78,-1745.462352293362,-1721.4704560817092,-1727.7529389640304,-1731.5619157797007,10.158215041512467
311,2,8000,1.6592788696289062,0.04534395153054294,0.015455245971679688,0.003941564422731941,rfe,18,rf,18,minmax,"['car_age', 'mileage', 'tax', 'mpg']",2,"['car_age', 'mileage']",z_score,70,"['car_age', 'mileage', 'tax', 'mpg']","['car_age', 'mileage', 'tax', 'mpg']",0.3,0.15,"GradientBoostingRegressor(max_depth=5, max_features='sqrt', min_samples_leaf=4,
                          min_samples_split=10, random_state=42, subsample=0.8)",minmax,19,iterative,freq,"{'selector__selection_method': 'rfe', 'selector__n_features_to_select': 18, 'selector__model_name': 'rf', 'selector__k': 18, 'scaler__scaler_name': 'minmax', 'outlier_remover__z_columns': ['car_age', 'mileage', 'tax', 'mpg'], 'outlier_remover__threshold': 2, 'outlier_remover__sev_outliers_cols': ['car_age', 'mileage'], 'outlier_remover__outlier_method': 'z_score', 'outlier_remover__n_neighbors': 70, 'outlier_remover__model_columns': ['car_age', 'mileage', 'tax', 'mpg'], 'outlier_remover__mod_outliers_cols': ['car_age', 'mileage', 'tax', 'mpg'], 'outlier_remover__contamination_LOF': 0.3, 'outlier_remover__contamination_IF': 0.15, 'model': GradientBoostingRegressor(max_depth=5, max_features='sqrt', min_samples_leaf=4,
                          min_samples_split=10, random_state=42, subsample=0.8), 'imputer__knn_scaling_method': 'minmax', 'imputer__knn_neighbors': 19, 'imputer__imputation_method': 'iterative', 'encoder__method': 'freq'}",-2057.1043912774917,-2024.6061035668372,-2010.113717794398,-2030.6080708795755,19.647706521221323,88,-1774.7461896855325,-1725.3973060219244,-1754.749388173738,-1751.6309612937318,20.26691095300486
312,2,8000,0.3306087652842204,0.00608182753745346,0.015271584192911783,0.0028877784943653114,kbest,19,rf,14,standard,"['car_age', 'mileage', 'tax', 'mpg']",2,"['car_age', 'mileage', 'engineSize']",IQR,70,"['car_age', 'mileage', 'tax', 'mpg']","['car_age', 'mileage', 'tax', 'mpg']",0.5,0.05,"GradientBoostingRegressor(max_depth=5, max_features='sqrt', min_samples_leaf=4,
                          min_samples_split=10, random_state=42, subsample=0.8)",robust,16,iterative,freq,"{'selector__selection_method': 'kbest', 'selector__n_features_to_select': 19, 'selector__model_name': 'rf', 'selector__k': 14, 'scaler__scaler_name': 'standard', 'outlier_remover__z_columns': ['car_age', 'mileage', 'tax', 'mpg'], 'outlier_remover__threshold': 2, 'outlier_remover__sev_outliers_cols': ['car_age', 'mileage', 'engineSize'], 'outlier_remover__outlier_method': 'IQR', 'outlier_remover__n_neighbors': 70, 'outlier_remover__model_columns': ['car_age', 'mileage', 'tax', 'mpg'], 'outlier_remover__mod_outliers_cols': ['car_age', 'mileage', 'tax', 'mpg'], 'outlier_remover__contamination_LOF': 0.5, 'outlier_remover__contamination_IF': 0.05, 'model': GradientBoostingRegressor(max_depth=5, max_features='sqrt', min_samples_leaf=4,
                          min_samples_split=10, random_state=42, subsample=0.8), 'imputer__knn_scaling_method': 'robust', 'imputer__knn_neighbors': 16, 'imputer__imputation_method': 'iterative', 'encoder__method': 'freq'}",-2032.7506158246338,-2035.7438973638132,-1996.6466693066639,-2021.7137274983704,17.76716050063515,84,-1734.0850676493885,-1747.340742693374,-1715.6721648310324,-1732.3659917245984,12.9856619002702
313,2,8000,1.4617559909820557,0.02485424817506761,0.18631736437479654,0.016360581655420346,model,11,rf,9,standard,"['car_age', 'mileage', 'tax', 'mpg']",3,"['car_age', 'mileage', 'engineSize']",LOF,30,"['car_age', 'mileage', 'tax', 'mpg', 'engineSize']","['car_age', 'mileage', 'tax', 'mpg']",0.3,0.05,"GradientBoostingRegressor(max_depth=5, max_features='sqrt', min_samples_leaf=4,
                          min_samples_split=10, random_state=42, subsample=0.8)",robust,15,knn_modelwise,target,"{'selector__selection_method': 'model', 'selector__n_features_to_select': 11, 'selector__model_name': 'rf', 'selector__k': 9, 'scaler__scaler_name': 'standard', 'outlier_remover__z_columns': ['car_age', 'mileage', 'tax', 'mpg'], 'outlier_remover__threshold': 3, 'outlier_remover__sev_outliers_cols': ['car_age', 'mileage', 'engineSize'], 'outlier_remover__outlier_method': 'LOF', 'outlier_remover__n_neighbors': 30, 'outlier_remover__model_columns': ['car_age', 'mileage', 'tax', 'mpg', 'engineSize'], 'outlier_remover__mod_outliers_cols': ['car_age', 'mileage', 'tax', 'mpg'], 'outlier_remover__contamination_LOF': 0.3, 'outlier_remover__contamination_IF': 0.05, 'model': GradientBoostingRegressor(max_depth=5, max_features='sqrt', min_samples_leaf=4,
                          min_samples_split=10, random_state=42, subsample=0.8), 'imputer__knn_scaling_method': 'robust', 'imputer__knn_neighbors': 15, 'imputer__imputation_method': 'knn_modelwise', 'encoder__method': 'target'}",-1886.5297906813225,-2056.27985731006,-1911.4027555263738,-1951.4041345059188,74.85031293772963,74,-1685.4839727593132,-1791.2501204145108,-1696.2421579851061,-1724.325417052977,47.526284498581155
314,2,8000,1.8386600017547607,0.0386072183847193,0.19648869832356772,0.015657141532065686,rfe,20,rf,6,robust,"['car_age', 'mileage', 'tax', 'mpg']",2,"['car_age', 'mileage']",IQR,100,"['car_age', 'mileage', 'tax', 'mpg']","['car_age', 'mileage', 'tax', 'mpg']",0.15,0.05,"GradientBoostingRegressor(max_depth=5, max_features='sqrt', min_samples_leaf=4,
                          min_samples_split=10, random_state=42, subsample=0.8)",robust,17,knn_modelwise,freq,"{'selector__selection_method': 'rfe', 'selector__n_features_to_select': 20, 'selector__model_name': 'rf', 'selector__k': 6, 'scaler__scaler_name': 'robust', 'outlier_remover__z_columns': ['car_age', 'mileage', 'tax', 'mpg'], 'outlier_remover__threshold': 2, 'outlier_remover__sev_outliers_cols': ['car_age', 'mileage'], 'outlier_remover__outlier_method': 'IQR', 'outlier_remover__n_neighbors': 100, 'outlier_remover__model_columns': ['car_age', 'mileage', 'tax', 'mpg'], 'outlier_remover__mod_outliers_cols': ['car_age', 'mileage', 'tax', 'mpg'], 'outlier_remover__contamination_LOF': 0.15, 'outlier_remover__contamination_IF': 0.05, 'model': GradientBoostingRegressor(max_depth=5, max_features='sqrt', min_samples_leaf=4,
                          min_samples_split=10, random_state=42, subsample=0.8), 'imputer__knn_scaling_method': 'robust', 'imputer__knn_neighbors': 17, 'imputer__imputation_method': 'knn_modelwise', 'encoder__method': 'freq'}",-2007.060474063454,-2053.089459048716,-2015.1811947549854,-2025.1103759557184,20.060048922856787,86,-1729.8231154759123,-1744.947359508574,-1712.6002407757044,-1729.1235719200633,13.214916911568483
315,2,8000,1.5873436133066814,0.0011867776843016073,0.01411286989847819,0.002025147717190974,rfe,21,rf,19,standard,"['car_age', 'mileage', 'tax', 'mpg']",2,"['car_age', 'mileage', 'engineSize']",z_score,30,"['car_age', 'mileage', 'tax', 'mpg']","['car_age', 'mileage', 'tax', 'mpg']",0.05,0.05,"GradientBoostingRegressor(max_depth=5, max_features='sqrt', min_samples_leaf=4,
                          min_samples_split=10, random_state=42, subsample=0.8)",standard,18,iterative,freq,"{'selector__selection_method': 'rfe', 'selector__n_features_to_select': 21, 'selector__model_name': 'rf', 'selector__k': 19, 'scaler__scaler_name': 'standard', 'outlier_remover__z_columns': ['car_age', 'mileage', 'tax', 'mpg'], 'outlier_remover__threshold': 2, 'outlier_remover__sev_outliers_cols': ['car_age', 'mileage', 'engineSize'], 'outlier_remover__outlier_method': 'z_score', 'outlier_remover__n_neighbors': 30, 'outlier_remover__model_columns': ['car_age', 'mileage', 'tax', 'mpg'], 'outlier_remover__mod_outliers_cols': ['car_age', 'mileage', 'tax', 'mpg'], 'outlier_remover__contamination_LOF': 0.05, 'outlier_remover__contamination_IF': 0.05, 'model': GradientBoostingRegressor(max_depth=5, max_features='sqrt', min_samples_leaf=4,
                          min_samples_split=10, random_state=42, subsample=0.8), 'imputer__knn_scaling_method': 'standard', 'imputer__knn_neighbors': 18, 'imputer__imputation_method': 'iterative', 'encoder__method': 'freq'}",-2054.0472891353247,-2043.019503929453,-2011.1397623147568,-2036.0688517931783,18.193362128425953,90,-1765.306364279127,-1748.0058871046042,-1754.736164873316,-1756.0161387523492,7.120644983183308
316,2,8000,1.5928273995717366,0.029024148248835716,0.015745242436726887,0.0021429269530793683,model,14,rf,11,minmax,"['car_age', 'mileage', 'tax', 'mpg']",3,"['car_age', 'mileage', 'engineSize']",IQR,30,"['car_age', 'mileage', 'tax', 'mpg', 'engineSize']","['car_age', 'mileage', 'tax', 'mpg']",0.3,0.3,"GradientBoostingRegressor(max_depth=5, max_features='sqrt', min_samples_leaf=4,
                          min_samples_split=10, random_state=42, subsample=0.8)",robust,19,iterative,freq,"{'selector__selection_method': 'model', 'selector__n_features_to_select': 14, 'selector__model_name': 'rf', 'selector__k': 11, 'scaler__scaler_name': 'minmax', 'outlier_remover__z_columns': ['car_age', 'mileage', 'tax', 'mpg'], 'outlier_remover__threshold': 3, 'outlier_remover__sev_outliers_cols': ['car_age', 'mileage', 'engineSize'], 'outlier_remover__outlier_method': 'IQR', 'outlier_remover__n_neighbors': 30, 'outlier_remover__model_columns': ['car_age', 'mileage', 'tax', 'mpg', 'engineSize'], 'outlier_remover__mod_outliers_cols': ['car_age', 'mileage', 'tax', 'mpg'], 'outlier_remover__contamination_LOF': 0.3, 'outlier_remover__contamination_IF': 0.3, 'model': GradientBoostingRegressor(max_depth=5, max_features='sqrt', min_samples_leaf=4,
                          min_samples_split=10, random_state=42, subsample=0.8), 'imputer__knn_scaling_method': 'robust', 'imputer__knn_neighbors': 19, 'imputer__imputation_method': 'iterative', 'encoder__method': 'freq'}",-2072.9414409686156,-2034.6721665548048,-1998.7329744816777,-2035.4488606683663,30.300457256123753,89,-1753.1769776336382,-1736.5606508631377,-1717.7067984429773,-1735.8148089799179,14.490240693663965
317,2,8000,0.33924229939778644,0.016439221571564338,0.014162143071492514,0.001506795577997614,kbest,8,rf,20,minmax,"['car_age', 'mileage', 'tax', 'mpg']",3,"['car_age', 'mileage', 'engineSize']",IQR,50,"['car_age', 'mileage', 'tax', 'mpg']","['tax', 'mpg']",0.5,0.15,"GradientBoostingRegressor(max_depth=5, max_features='sqrt', min_samples_leaf=4,
                          min_samples_split=10, random_state=42, subsample=0.8)",robust,20,iterative,freq,"{'selector__selection_method': 'kbest', 'selector__n_features_to_select': 8, 'selector__model_name': 'rf', 'selector__k': 20, 'scaler__scaler_name': 'minmax', 'outlier_remover__z_columns': ['car_age', 'mileage', 'tax', 'mpg'], 'outlier_remover__threshold': 3, 'outlier_remover__sev_outliers_cols': ['car_age', 'mileage', 'engineSize'], 'outlier_remover__outlier_method': 'IQR', 'outlier_remover__n_neighbors': 50, 'outlier_remover__model_columns': ['car_age', 'mileage', 'tax', 'mpg'], 'outlier_remover__mod_outliers_cols': ['tax', 'mpg'], 'outlier_remover__contamination_LOF': 0.5, 'outlier_remover__contamination_IF': 0.15, 'model': GradientBoostingRegressor(max_depth=5, max_features='sqrt', min_samples_leaf=4,
                          min_samples_split=10, random_state=42, subsample=0.8), 'imputer__knn_scaling_method': 'robust', 'imputer__knn_neighbors': 20, 'imputer__imputation_method': 'iterative', 'encoder__method': 'freq'}",-2035.8828099372574,-2017.5351797275137,-1961.3522665251367,-2004.9234187299692,31.706916826048033,76,-1721.5358395079784,-1735.1517684752614,-1709.8175441329975,-1722.168384038746,10.352320680040544
318,2,8000,1.6403956413269043,0.037582935599443146,0.015015363693237305,0.0028941787820439976,rfe,15,rf,19,robust,"['car_age', 'mileage', 'tax', 'mpg']",3,"['car_age', 'mileage', 'engineSize']",IQR,30,"['car_age', 'mileage', 'tax', 'mpg']","['car_age', 'mileage', 'tax', 'mpg']",0.15,0.15,"GradientBoostingRegressor(max_depth=5, max_features='sqrt', min_samples_leaf=4,
                          min_samples_split=10, random_state=42, subsample=0.8)",robust,12,iterative,freq,"{'selector__selection_method': 'rfe', 'selector__n_features_to_select': 15, 'selector__model_name': 'rf', 'selector__k': 19, 'scaler__scaler_name': 'robust', 'outlier_remover__z_columns': ['car_age', 'mileage', 'tax', 'mpg'], 'outlier_remover__threshold': 3, 'outlier_remover__sev_outliers_cols': ['car_age', 'mileage', 'engineSize'], 'outlier_remover__outlier_method': 'IQR', 'outlier_remover__n_neighbors': 30, 'outlier_remover__model_columns': ['car_age', 'mileage', 'tax', 'mpg'], 'outlier_remover__mod_outliers_cols': ['car_age', 'mileage', 'tax', 'mpg'], 'outlier_remover__contamination_LOF': 0.15, 'outlier_remover__contamination_IF': 0.15, 'model': GradientBoostingRegressor(max_depth=5, max_features='sqrt', min_samples_leaf=4,
                          min_samples_split=10, random_state=42, subsample=0.8), 'imputer__knn_scaling_method': 'robust', 'imputer__knn_neighbors': 12, 'imputer__imputation_method': 'iterative', 'encoder__method': 'freq'}",-2030.6625257989822,-2036.568413383437,-1992.5848158739825,-2019.9385850188007,19.49173144115311,82,-1727.5484060974334,-1736.5606508631377,-1727.173968899607,-1730.427675286726,4.339361924632503
319,2,8000,0.57356858253479,0.051165230970560624,0.18832707405090332,0.03470978698100526,kbest,10,rf,15,minmax,"['car_age', 'mileage', 'tax', 'mpg']",2,"['car_age', 'mileage', 'engineSize']",IQR,100,"['car_age', 'mileage', 'tax', 'mpg', 'engineSize']","['tax', 'mpg']",0.3,0.15,"GradientBoostingRegressor(max_depth=5, max_features='sqrt', min_samples_leaf=4,
                          min_samples_split=10, random_state=42, subsample=0.8)",minmax,17,knn_modelwise,freq,"{'selector__selection_method': 'kbest', 'selector__n_features_to_select': 10, 'selector__model_name': 'rf', 'selector__k': 15, 'scaler__scaler_name': 'minmax', 'outlier_remover__z_columns': ['car_age', 'mileage', 'tax', 'mpg'], 'outlier_remover__threshold': 2, 'outlier_remover__sev_outliers_cols': ['car_age', 'mileage', 'engineSize'], 'outlier_remover__outlier_method': 'IQR', 'outlier_remover__n_neighbors': 100, 'outlier_remover__model_columns': ['car_age', 'mileage', 'tax', 'mpg', 'engineSize'], 'outlier_remover__mod_outliers_cols': ['tax', 'mpg'], 'outlier_remover__contamination_LOF': 0.3, 'outlier_remover__contamination_IF': 0.15, 'model': GradientBoostingRegressor(max_depth=5, max_features='sqrt', min_samples_leaf=4,
                          min_samples_split=10, random_state=42, subsample=0.8), 'imputer__knn_scaling_method': 'minmax', 'imputer__knn_neighbors': 17, 'imputer__imputation_method': 'knn_modelwise', 'encoder__method': 'freq'}",-2018.0124887754712,-2037.55708764271,-1976.655151261503,-2010.7415758932282,25.38911964275276,77,-1724.2376628962402,-1736.5737779618748,-1696.1266577697738,-1718.9793662092961,16.925910039433827
320,2,8000,0.2811806996663411,0.010279837946722895,0.016915400822957356,0.0035562933098018962,kbest,9,rf,14,robust,"['car_age', 'mileage', 'tax', 'mpg']",3,"['car_age', 'mileage']",LOF,70,"['car_age', 'mileage', 'tax', 'mpg']","['tax', 'mpg']",0.3,0.15,"GradientBoostingRegressor(max_depth=5, max_features='sqrt', min_samples_leaf=4,
                          min_samples_split=10, random_state=42, subsample=0.8)",minmax,18,simple,target,"{'selector__selection_method': 'kbest', 'selector__n_features_to_select': 9, 'selector__model_name': 'rf', 'selector__k': 14, 'scaler__scaler_name': 'robust', 'outlier_remover__z_columns': ['car_age', 'mileage', 'tax', 'mpg'], 'outlier_remover__threshold': 3, 'outlier_remover__sev_outliers_cols': ['car_age', 'mileage'], 'outlier_remover__outlier_method': 'LOF', 'outlier_remover__n_neighbors': 70, 'outlier_remover__model_columns': ['car_age', 'mileage', 'tax', 'mpg'], 'outlier_remover__mod_outliers_cols': ['tax', 'mpg'], 'outlier_remover__contamination_LOF': 0.3, 'outlier_remover__contamination_IF': 0.15, 'model': GradientBoostingRegressor(max_depth=5, max_features='sqrt', min_samples_leaf=4,
                          min_samples_split=10, random_state=42, subsample=0.8), 'imputer__knn_scaling_method': 'minmax', 'imputer__knn_neighbors': 18, 'imputer__imputation_method': 'simple', 'encoder__method': 'target'}",-1976.7776180848525,-2035.8860394237238,-1887.6340202174213,-1966.7658925753324,60.9362578735351,75,-1756.4852818209897,-1788.6362744907165,-1677.0339458629428,-1740.718500724883,46.90567469851815
321,2,8000,1.7247726917266846,0.017095140268767472,0.030327320098876953,0.0018190128995378453,model,20,rf,10,robust,"['car_age', 'mileage', 'tax', 'mpg']",2,"['car_age', 'mileage', 'engineSize']",z_score,30,"['car_age', 'mileage', 'tax', 'mpg', 'engineSize']","['car_age', 'mileage', 'tax', 'mpg']",0.5,0.5,"RandomForestRegressor(max_depth=12, max_features='sqrt', min_samples_leaf=4,
                      min_samples_split=10, random_state=42)",robust,15,iterative,target,"{'selector__selection_method': 'model', 'selector__n_features_to_select': 20, 'selector__model_name': 'rf', 'selector__k': 10, 'scaler__scaler_name': 'robust', 'outlier_remover__z_columns': ['car_age', 'mileage', 'tax', 'mpg'], 'outlier_remover__threshold': 2, 'outlier_remover__sev_outliers_cols': ['car_age', 'mileage', 'engineSize'], 'outlier_remover__outlier_method': 'z_score', 'outlier_remover__n_neighbors': 30, 'outlier_remover__model_columns': ['car_age', 'mileage', 'tax', 'mpg', 'engineSize'], 'outlier_remover__mod_outliers_cols': ['car_age', 'mileage', 'tax', 'mpg'], 'outlier_remover__contamination_LOF': 0.5, 'outlier_remover__contamination_IF': 0.5, 'model': RandomForestRegressor(max_depth=12, max_features='sqrt', min_samples_leaf=4,
                      min_samples_split=10, random_state=42), 'imputer__knn_scaling_method': 'robust', 'imputer__knn_neighbors': 15, 'imputer__imputation_method': 'iterative', 'encoder__method': 'target'}",-1871.8491643019802,-1925.0280519309172,-1886.558151070359,-1894.4784557677522,22.420926865132614,62,-1518.4937604154738,-1554.4289045566313,-1514.8367516854753,-1529.25313888586,17.864449073415923
322,2,8000,1.7750647068023682,0.05581828889549058,0.029321988423665363,0.0013471789907252632,model,9,rf,24,minmax,"['car_age', 'mileage', 'tax', 'mpg']",2,"['car_age', 'mileage']",z_score,100,"['car_age', 'mileage', 'tax', 'mpg', 'engineSize']","['tax', 'mpg']",0.15,0.3,"RandomForestRegressor(max_depth=12, max_features='sqrt', min_samples_leaf=4,
                      min_samples_split=10, random_state=42)",robust,13,iterative,target,"{'selector__selection_method': 'model', 'selector__n_features_to_select': 9, 'selector__model_name': 'rf', 'selector__k': 24, 'scaler__scaler_name': 'minmax', 'outlier_remover__z_columns': ['car_age', 'mileage', 'tax', 'mpg'], 'outlier_remover__threshold': 2, 'outlier_remover__sev_outliers_cols': ['car_age', 'mileage'], 'outlier_remover__outlier_method': 'z_score', 'outlier_remover__n_neighbors': 100, 'outlier_remover__model_columns': ['car_age', 'mileage', 'tax', 'mpg', 'engineSize'], 'outlier_remover__mod_outliers_cols': ['tax', 'mpg'], 'outlier_remover__contamination_LOF': 0.15, 'outlier_remover__contamination_IF': 0.3, 'model': RandomForestRegressor(max_depth=12, max_features='sqrt', min_samples_leaf=4,
                      min_samples_split=10, random_state=42), 'imputer__knn_scaling_method': 'robust', 'imputer__knn_neighbors': 13, 'imputer__imputation_method': 'iterative', 'encoder__method': 'target'}",-1871.8692587205853,-1925.5367021099626,-1886.199795800773,-1894.5352522104404,22.688594714174496,63,-1518.4946756253087,-1554.3513796575394,-1514.7029062087267,-1529.1829871638583,17.863936937568184
323,2,8000,0.344072421391805,0.027038948920605432,0.018713633219401043,0.0045743925066417,kbest,10,rf,22,standard,"['car_age', 'mileage', 'tax', 'mpg']",2,"['car_age', 'mileage']",IQR,100,"['car_age', 'mileage', 'tax', 'mpg', 'engineSize']","['car_age', 'mileage', 'tax', 'mpg']",0.05,0.15,"GradientBoostingRegressor(max_depth=5, max_features='sqrt', min_samples_leaf=4,
                          min_samples_split=10, random_state=42, subsample=0.8)",minmax,11,iterative,freq,"{'selector__selection_method': 'kbest', 'selector__n_features_to_select': 10, 'selector__model_name': 'rf', 'selector__k': 22, 'scaler__scaler_name': 'standard', 'outlier_remover__z_columns': ['car_age', 'mileage', 'tax', 'mpg'], 'outlier_remover__threshold': 2, 'outlier_remover__sev_outliers_cols': ['car_age', 'mileage'], 'outlier_remover__outlier_method': 'IQR', 'outlier_remover__n_neighbors': 100, 'outlier_remover__model_columns': ['car_age', 'mileage', 'tax', 'mpg', 'engineSize'], 'outlier_remover__mod_outliers_cols': ['car_age', 'mileage', 'tax', 'mpg'], 'outlier_remover__contamination_LOF': 0.05, 'outlier_remover__contamination_IF': 0.15, 'model': GradientBoostingRegressor(max_depth=5, max_features='sqrt', min_samples_leaf=4,
                          min_samples_split=10, random_state=42, subsample=0.8), 'imputer__knn_scaling_method': 'minmax', 'imputer__knn_neighbors': 11, 'imputer__imputation_method': 'iterative', 'encoder__method': 'freq'}",-2017.9434942016856,-2034.3515008685242,-2003.731271328267,-2018.6754221328256,12.511365583521723,80,-1723.4464123351418,-1733.3508973825606,-1748.2530872903726,-1735.0167990026919,10.19556118251421
324,2,8000,0.35119787851969403,0.0009824290009895556,0.02595408757527669,0.0004525098513994263,kbest,14,rf,18,minmax,"['car_age', 'mileage', 'tax', 'mpg']",2,"['car_age', 'mileage', 'engineSize']",IQR,50,"['car_age', 'mileage', 'tax', 'mpg']","['car_age', 'mileage', 'tax', 'mpg']",0.05,0.5,"RandomForestRegressor(max_depth=12, max_features='sqrt', min_samples_leaf=4,
                      min_samples_split=10, random_state=42)",standard,7,simple,target,"{'selector__selection_method': 'kbest', 'selector__n_features_to_select': 14, 'selector__model_name': 'rf', 'selector__k': 18, 'scaler__scaler_name': 'minmax', 'outlier_remover__z_columns': ['car_age', 'mileage', 'tax', 'mpg'], 'outlier_remover__threshold': 2, 'outlier_remover__sev_outliers_cols': ['car_age', 'mileage', 'engineSize'], 'outlier_remover__outlier_method': 'IQR', 'outlier_remover__n_neighbors': 50, 'outlier_remover__model_columns': ['car_age', 'mileage', 'tax', 'mpg'], 'outlier_remover__mod_outliers_cols': ['car_age', 'mileage', 'tax', 'mpg'], 'outlier_remover__contamination_LOF': 0.05, 'outlier_remover__contamination_IF': 0.5, 'model': RandomForestRegressor(max_depth=12, max_features='sqrt', min_samples_leaf=4,
                      min_samples_split=10, random_state=42), 'imputer__knn_scaling_method': 'standard', 'imputer__knn_neighbors': 7, 'imputer__imputation_method': 'simple', 'encoder__method': 'target'}",-1886.7164825492748,-1940.7364515649174,-1898.0827750697758,-1908.511903061323,23.2538784737915,72,-1543.111428404658,-1580.9767627163767,-1550.2980631101539,-1558.128751410396,16.420224218449217
325,2,8000,0.35310737291971844,0.0015897261511221715,0.027773300806681316,0.002989556047504855,kbest,14,rf,18,minmax,"['car_age', 'mileage', 'tax', 'mpg']",3,"['car_age', 'mileage', 'engineSize']",IQR,100,"['car_age', 'mileage', 'tax', 'mpg', 'engineSize']","['car_age', 'mileage', 'tax', 'mpg']",0.5,0.3,"RandomForestRegressor(max_depth=12, max_features='sqrt', min_samples_leaf=4,
                      min_samples_split=10, random_state=42)",standard,16,simple,target,"{'selector__selection_method': 'kbest', 'selector__n_features_to_select': 14, 'selector__model_name': 'rf', 'selector__k': 18, 'scaler__scaler_name': 'minmax', 'outlier_remover__z_columns': ['car_age', 'mileage', 'tax', 'mpg'], 'outlier_remover__threshold': 3, 'outlier_remover__sev_outliers_cols': ['car_age', 'mileage', 'engineSize'], 'outlier_remover__outlier_method': 'IQR', 'outlier_remover__n_neighbors': 100, 'outlier_remover__model_columns': ['car_age', 'mileage', 'tax', 'mpg', 'engineSize'], 'outlier_remover__mod_outliers_cols': ['car_age', 'mileage', 'tax', 'mpg'], 'outlier_remover__contamination_LOF': 0.5, 'outlier_remover__contamination_IF': 0.3, 'model': RandomForestRegressor(max_depth=12, max_features='sqrt', min_samples_leaf=4,
                      min_samples_split=10, random_state=42), 'imputer__knn_scaling_method': 'standard', 'imputer__knn_neighbors': 16, 'imputer__imputation_method': 'simple', 'encoder__method': 'target'}",-1886.7164825492748,-1940.7364515649174,-1898.0827750697758,-1908.511903061323,23.2538784737915,72,-1543.111428404658,-1580.9767627163767,-1550.2980631101539,-1558.128751410396,16.420224218449217
326,2,8000,1.4915869235992432,0.028240088718560173,0.025734663009643555,0.0001795696607232691,model,9,rf,17,standard,"['car_age', 'mileage', 'tax', 'mpg']",2,"['car_age', 'mileage', 'engineSize']",IQR,70,"['car_age', 'mileage', 'tax', 'mpg', 'engineSize']","['car_age', 'mileage', 'tax', 'mpg']",0.15,0.15,"RandomForestRegressor(max_depth=12, max_features='sqrt', min_samples_leaf=4,
                      min_samples_split=10, random_state=42)",robust,19,simple,target,"{'selector__selection_method': 'model', 'selector__n_features_to_select': 9, 'selector__model_name': 'rf', 'selector__k': 17, 'scaler__scaler_name': 'standard', 'outlier_remover__z_columns': ['car_age', 'mileage', 'tax', 'mpg'], 'outlier_remover__threshold': 2, 'outlier_remover__sev_outliers_cols': ['car_age', 'mileage', 'engineSize'], 'outlier_remover__outlier_method': 'IQR', 'outlier_remover__n_neighbors': 70, 'outlier_remover__model_columns': ['car_age', 'mileage', 'tax', 'mpg', 'engineSize'], 'outlier_remover__mod_outliers_cols': ['car_age', 'mileage', 'tax', 'mpg'], 'outlier_remover__contamination_LOF': 0.15, 'outlier_remover__contamination_IF': 0.15, 'model': RandomForestRegressor(max_depth=12, max_features='sqrt', min_samples_leaf=4,
                      min_samples_split=10, random_state=42), 'imputer__knn_scaling_method': 'robust', 'imputer__knn_neighbors': 19, 'imputer__imputation_method': 'simple', 'encoder__method': 'target'}",-1886.546569891354,-1940.2278046516908,-1897.1591653011074,-1907.9778466147175,23.21208938423667,70,-1543.2747725360634,-1580.872526236614,-1550.464181314083,-1558.2038266955867,16.295691737499045
327,2,8000,1.4611234664916992,0.018045726034523955,0.02630766232808431,0.0012087846936115025,rfe,13,rf,14,standard,"['car_age', 'mileage', 'tax', 'mpg']",3,"['car_age', 'mileage', 'engineSize']",IQR,30,"['car_age', 'mileage', 'tax', 'mpg', 'engineSize']","['car_age', 'mileage', 'tax', 'mpg']",0.05,0.5,"RandomForestRegressor(max_depth=12, max_features='sqrt', min_samples_leaf=4,
                      min_samples_split=10, random_state=42)",standard,5,simple,target,"{'selector__selection_method': 'rfe', 'selector__n_features_to_select': 13, 'selector__model_name': 'rf', 'selector__k': 14, 'scaler__scaler_name': 'standard', 'outlier_remover__z_columns': ['car_age', 'mileage', 'tax', 'mpg'], 'outlier_remover__threshold': 3, 'outlier_remover__sev_outliers_cols': ['car_age', 'mileage', 'engineSize'], 'outlier_remover__outlier_method': 'IQR', 'outlier_remover__n_neighbors': 30, 'outlier_remover__model_columns': ['car_age', 'mileage', 'tax', 'mpg', 'engineSize'], 'outlier_remover__mod_outliers_cols': ['car_age', 'mileage', 'tax', 'mpg'], 'outlier_remover__contamination_LOF': 0.05, 'outlier_remover__contamination_IF': 0.5, 'model': RandomForestRegressor(max_depth=12, max_features='sqrt', min_samples_leaf=4,
                      min_samples_split=10, random_state=42), 'imputer__knn_scaling_method': 'standard', 'imputer__knn_neighbors': 5, 'imputer__imputation_method': 'simple', 'encoder__method': 'target'}",-1886.546569891354,-1940.2278046516908,-1897.1591653011074,-1907.9778466147175,23.21208938423667,70,-1543.2747725360634,-1580.872526236614,-1550.464181314083,-1558.2038266955867,16.295691737499045
328,2,8000,1.4775180021921794,0.011040635640177857,0.025386969248453777,0.00012785659270115894,model,11,rf,14,minmax,"['car_age', 'mileage', 'tax', 'mpg']",3,"['car_age', 'mileage']",z_score,90,"['car_age', 'mileage', 'tax', 'mpg', 'engineSize']","['car_age', 'mileage', 'tax', 'mpg']",0.3,0.3,"RandomForestRegressor(max_depth=12, max_features='sqrt', min_samples_leaf=4,
                      min_samples_split=10, random_state=42)",standard,5,simple,target,"{'selector__selection_method': 'model', 'selector__n_features_to_select': 11, 'selector__model_name': 'rf', 'selector__k': 14, 'scaler__scaler_name': 'minmax', 'outlier_remover__z_columns': ['car_age', 'mileage', 'tax', 'mpg'], 'outlier_remover__threshold': 3, 'outlier_remover__sev_outliers_cols': ['car_age', 'mileage'], 'outlier_remover__outlier_method': 'z_score', 'outlier_remover__n_neighbors': 90, 'outlier_remover__model_columns': ['car_age', 'mileage', 'tax', 'mpg', 'engineSize'], 'outlier_remover__mod_outliers_cols': ['car_age', 'mileage', 'tax', 'mpg'], 'outlier_remover__contamination_LOF': 0.3, 'outlier_remover__contamination_IF': 0.3, 'model': RandomForestRegressor(max_depth=12, max_features='sqrt', min_samples_leaf=4,
                      min_samples_split=10, random_state=42), 'imputer__knn_scaling_method': 'standard', 'imputer__knn_neighbors': 5, 'imputer__imputation_method': 'simple', 'encoder__method': 'target'}",-1877.5641104284505,-1932.6650105701035,-1890.2205360733658,-1900.14988569064,23.565105374566738,66,-1541.96373587782,-1572.4666297882416,-1545.0821451345287,-1553.1708369335302,13.703450550671112
329,2,8000,1.4893070856730144,0.010603608335911088,0.02545626958211263,0.0003420295650886991,model,17,rf,20,minmax,"['car_age', 'mileage', 'tax', 'mpg']",3,"['car_age', 'mileage', 'engineSize']",z_score,50,"['car_age', 'mileage', 'tax', 'mpg', 'engineSize']","['car_age', 'mileage', 'tax', 'mpg']",0.3,0.3,"RandomForestRegressor(max_depth=12, max_features='sqrt', min_samples_leaf=4,
                      min_samples_split=10, random_state=42)",standard,5,simple,target,"{'selector__selection_method': 'model', 'selector__n_features_to_select': 17, 'selector__model_name': 'rf', 'selector__k': 20, 'scaler__scaler_name': 'minmax', 'outlier_remover__z_columns': ['car_age', 'mileage', 'tax', 'mpg'], 'outlier_remover__threshold': 3, 'outlier_remover__sev_outliers_cols': ['car_age', 'mileage', 'engineSize'], 'outlier_remover__outlier_method': 'z_score', 'outlier_remover__n_neighbors': 50, 'outlier_remover__model_columns': ['car_age', 'mileage', 'tax', 'mpg', 'engineSize'], 'outlier_remover__mod_outliers_cols': ['car_age', 'mileage', 'tax', 'mpg'], 'outlier_remover__contamination_LOF': 0.3, 'outlier_remover__contamination_IF': 0.3, 'model': RandomForestRegressor(max_depth=12, max_features='sqrt', min_samples_leaf=4,
                      min_samples_split=10, random_state=42), 'imputer__knn_scaling_method': 'standard', 'imputer__knn_neighbors': 5, 'imputer__imputation_method': 'simple', 'encoder__method': 'target'}",-1877.5641104284505,-1932.6650105701035,-1890.2205360733658,-1900.14988569064,23.565105374566738,66,-1541.96373587782,-1572.4666297882416,-1545.0821451345287,-1553.1708369335302,13.703450550671112
330,2,8000,1.5926845868428547,0.019930227022996346,0.02648003896077474,0.001974264979026569,model,7,rf,16,minmax,"['car_age', 'mileage', 'tax', 'mpg']",3,"['car_age', 'mileage', 'engineSize']",z_score,70,"['car_age', 'mileage', 'tax', 'mpg', 'engineSize']","['tax', 'mpg']",0.3,0.3,"RandomForestRegressor(max_depth=12, max_features='sqrt', min_samples_leaf=4,
                      min_samples_split=10, random_state=42)",minmax,19,simple,target,"{'selector__selection_method': 'model', 'selector__n_features_to_select': 7, 'selector__model_name': 'rf', 'selector__k': 16, 'scaler__scaler_name': 'minmax', 'outlier_remover__z_columns': ['car_age', 'mileage', 'tax', 'mpg'], 'outlier_remover__threshold': 3, 'outlier_remover__sev_outliers_cols': ['car_age', 'mileage', 'engineSize'], 'outlier_remover__outlier_method': 'z_score', 'outlier_remover__n_neighbors': 70, 'outlier_remover__model_columns': ['car_age', 'mileage', 'tax', 'mpg', 'engineSize'], 'outlier_remover__mod_outliers_cols': ['tax', 'mpg'], 'outlier_remover__contamination_LOF': 0.3, 'outlier_remover__contamination_IF': 0.3, 'model': RandomForestRegressor(max_depth=12, max_features='sqrt', min_samples_leaf=4,
                      min_samples_split=10, random_state=42), 'imputer__knn_scaling_method': 'minmax', 'imputer__knn_neighbors': 19, 'imputer__imputation_method': 'simple', 'encoder__method': 'target'}",-1877.5641104284505,-1932.6650105701035,-1890.2205360733658,-1900.14988569064,23.565105374566738,66,-1541.96373587782,-1572.4666297882416,-1545.0821451345287,-1553.1708369335302,13.703450550671112
331,2,8000,0.6325594584147135,0.0441842987760677,0.2059176762898763,0.022973529675215862,kbest,18,rf,17,minmax,"['car_age', 'mileage', 'tax', 'mpg']",2,"['car_age', 'mileage', 'engineSize']",z_score,90,"['car_age', 'mileage', 'tax', 'mpg', 'engineSize']","['car_age', 'mileage', 'tax', 'mpg']",0.3,0.15,"RandomForestRegressor(max_depth=12, max_features='sqrt', min_samples_leaf=4,
                      min_samples_split=10, random_state=42)",standard,19,knn_modelwise,target,"{'selector__selection_method': 'kbest', 'selector__n_features_to_select': 18, 'selector__model_name': 'rf', 'selector__k': 17, 'scaler__scaler_name': 'minmax', 'outlier_remover__z_columns': ['car_age', 'mileage', 'tax', 'mpg'], 'outlier_remover__threshold': 2, 'outlier_remover__sev_outliers_cols': ['car_age', 'mileage', 'engineSize'], 'outlier_remover__outlier_method': 'z_score', 'outlier_remover__n_neighbors': 90, 'outlier_remover__model_columns': ['car_age', 'mileage', 'tax', 'mpg', 'engineSize'], 'outlier_remover__mod_outliers_cols': ['car_age', 'mileage', 'tax', 'mpg'], 'outlier_remover__contamination_LOF': 0.3, 'outlier_remover__contamination_IF': 0.15, 'model': RandomForestRegressor(max_depth=12, max_features='sqrt', min_samples_leaf=4,
                      min_samples_split=10, random_state=42), 'imputer__knn_scaling_method': 'standard', 'imputer__knn_neighbors': 19, 'imputer__imputation_method': 'knn_modelwise', 'encoder__method': 'target'}",-1859.5473378713189,-1903.1406604303215,-1880.1076393758574,-1880.9318792258327,17.806440247487764,55,-1522.994540923818,-1544.4242340139583,-1524.4935819418222,-1530.6374522931994,9.767916654548248
332,2,8000,0.46490947405497235,0.008135391260809829,0.035712242126464844,0.0020077475287046172,kbest,12,rf,13,robust,"['car_age', 'mileage', 'tax', 'mpg']",3,"['car_age', 'mileage']",z_score,50,"['car_age', 'mileage', 'tax', 'mpg', 'engineSize']","['tax', 'mpg']",0.15,0.3,"RandomForestRegressor(max_depth=12, max_features='sqrt', min_samples_leaf=4,
                      min_samples_split=10, random_state=42)",standard,11,iterative,target,"{'selector__selection_method': 'kbest', 'selector__n_features_to_select': 12, 'selector__model_name': 'rf', 'selector__k': 13, 'scaler__scaler_name': 'robust', 'outlier_remover__z_columns': ['car_age', 'mileage', 'tax', 'mpg'], 'outlier_remover__threshold': 3, 'outlier_remover__sev_outliers_cols': ['car_age', 'mileage'], 'outlier_remover__outlier_method': 'z_score', 'outlier_remover__n_neighbors': 50, 'outlier_remover__model_columns': ['car_age', 'mileage', 'tax', 'mpg', 'engineSize'], 'outlier_remover__mod_outliers_cols': ['tax', 'mpg'], 'outlier_remover__contamination_LOF': 0.15, 'outlier_remover__contamination_IF': 0.3, 'model': RandomForestRegressor(max_depth=12, max_features='sqrt', min_samples_leaf=4,
                      min_samples_split=10, random_state=42), 'imputer__knn_scaling_method': 'standard', 'imputer__knn_neighbors': 11, 'imputer__imputation_method': 'iterative', 'encoder__method': 'target'}",-1868.732460502133,-1913.8779986754241,-1884.2906964573554,-1888.9670518783041,18.724869901751827,58,-1506.9939390282957,-1543.5498988446411,-1509.0152004039371,-1519.8530127589581,16.776534842959425
333,2,8000,0.7502886454264323,0.030646791856521197,0.21396621068318686,0.00349871574066771,kbest,9,rf,11,robust,"['car_age', 'mileage', 'tax', 'mpg']",2,"['car_age', 'mileage', 'engineSize']",z_score,100,"['car_age', 'mileage', 'tax', 'mpg']","['tax', 'mpg']",0.5,0.05,"RandomForestRegressor(max_depth=12, max_features='sqrt', min_samples_leaf=4,
                      min_samples_split=10, random_state=42)",minmax,8,knn_modelwise,target,"{'selector__selection_method': 'kbest', 'selector__n_features_to_select': 9, 'selector__model_name': 'rf', 'selector__k': 11, 'scaler__scaler_name': 'robust', 'outlier_remover__z_columns': ['car_age', 'mileage', 'tax', 'mpg'], 'outlier_remover__threshold': 2, 'outlier_remover__sev_outliers_cols': ['car_age', 'mileage', 'engineSize'], 'outlier_remover__outlier_method': 'z_score', 'outlier_remover__n_neighbors': 100, 'outlier_remover__model_columns': ['car_age', 'mileage', 'tax', 'mpg'], 'outlier_remover__mod_outliers_cols': ['tax', 'mpg'], 'outlier_remover__contamination_LOF': 0.5, 'outlier_remover__contamination_IF': 0.05, 'model': RandomForestRegressor(max_depth=12, max_features='sqrt', min_samples_leaf=4,
                      min_samples_split=10, random_state=42), 'imputer__knn_scaling_method': 'minmax', 'imputer__knn_neighbors': 8, 'imputer__imputation_method': 'knn_modelwise', 'encoder__method': 'target'}",-1873.035630403747,-1916.6647113298845,-1892.2950051583668,-1893.9984489639994,17.852179441440278,61,-1512.7462708162843,-1545.7110467018347,-1521.571735668134,-1526.6763510620842,13.933459394236523
334,2,8000,1.9789386590321858,0.06764794122150078,0.18819443384806314,0.018442613680577598,model,17,rf,16,standard,"['car_age', 'mileage', 'tax', 'mpg']",3,"['car_age', 'mileage', 'engineSize']",IQR,30,"['car_age', 'mileage', 'tax', 'mpg']","['car_age', 'mileage', 'tax', 'mpg']",0.05,0.05,"RandomForestRegressor(max_depth=12, max_features='sqrt', min_samples_leaf=4,
                      min_samples_split=10, random_state=42)",robust,15,knn_modelwise,target,"{'selector__selection_method': 'model', 'selector__n_features_to_select': 17, 'selector__model_name': 'rf', 'selector__k': 16, 'scaler__scaler_name': 'standard', 'outlier_remover__z_columns': ['car_age', 'mileage', 'tax', 'mpg'], 'outlier_remover__threshold': 3, 'outlier_remover__sev_outliers_cols': ['car_age', 'mileage', 'engineSize'], 'outlier_remover__outlier_method': 'IQR', 'outlier_remover__n_neighbors': 30, 'outlier_remover__model_columns': ['car_age', 'mileage', 'tax', 'mpg'], 'outlier_remover__mod_outliers_cols': ['car_age', 'mileage', 'tax', 'mpg'], 'outlier_remover__contamination_LOF': 0.05, 'outlier_remover__contamination_IF': 0.05, 'model': RandomForestRegressor(max_depth=12, max_features='sqrt', min_samples_leaf=4,
                      min_samples_split=10, random_state=42), 'imputer__knn_scaling_method': 'robust', 'imputer__knn_neighbors': 15, 'imputer__imputation_method': 'knn_modelwise', 'encoder__method': 'target'}",-1863.2098427640235,-1925.9630443939789,-1900.6595897182074,-1896.6108256254035,25.778355865749635,64,-1521.6101893084192,-1558.4967070349421,-1525.291172686808,-1535.1326896767232,16.589060451481522
335,2,8000,1.6319775581359863,0.01990112477838352,0.02724568049112956,0.002563739871811614,model,16,rf,10,standard,"['car_age', 'mileage', 'tax', 'mpg']",3,"['car_age', 'mileage']",IQR,100,"['car_age', 'mileage', 'tax', 'mpg']","['tax', 'mpg']",0.5,0.5,"RandomForestRegressor(max_depth=12, max_features='sqrt', min_samples_leaf=4,
                      min_samples_split=10, random_state=42)",minmax,7,simple,target,"{'selector__selection_method': 'model', 'selector__n_features_to_select': 16, 'selector__model_name': 'rf', 'selector__k': 10, 'scaler__scaler_name': 'standard', 'outlier_remover__z_columns': ['car_age', 'mileage', 'tax', 'mpg'], 'outlier_remover__threshold': 3, 'outlier_remover__sev_outliers_cols': ['car_age', 'mileage'], 'outlier_remover__outlier_method': 'IQR', 'outlier_remover__n_neighbors': 100, 'outlier_remover__model_columns': ['car_age', 'mileage', 'tax', 'mpg'], 'outlier_remover__mod_outliers_cols': ['tax', 'mpg'], 'outlier_remover__contamination_LOF': 0.5, 'outlier_remover__contamination_IF': 0.5, 'model': RandomForestRegressor(max_depth=12, max_features='sqrt', min_samples_leaf=4,
                      min_samples_split=10, random_state=42), 'imputer__knn_scaling_method': 'minmax', 'imputer__knn_neighbors': 7, 'imputer__imputation_method': 'simple', 'encoder__method': 'target'}",-1873.5199377853985,-1943.2671955121953,-1894.2851101570047,-1903.6907478181995,29.24060538546032,69,-1536.0886207207927,-1569.5696454324018,-1547.6664109550736,-1551.1082257027563,13.883547109267314
336,2,8000,1.7440864245096843,0.04995195102771763,0.196764866511027,0.006330219195804676,model,22,rf,12,minmax,"['car_age', 'mileage', 'tax', 'mpg']",2,"['car_age', 'mileage', 'engineSize']",LOF,100,"['car_age', 'mileage', 'tax', 'mpg']","['tax', 'mpg']",0.15,0.3,"GradientBoostingRegressor(max_depth=5, max_features='sqrt', min_samples_leaf=4,
                          min_samples_split=10, random_state=42, subsample=0.8)",robust,19,knn_modelwise,target,"{'selector__selection_method': 'model', 'selector__n_features_to_select': 22, 'selector__model_name': 'rf', 'selector__k': 12, 'scaler__scaler_name': 'minmax', 'outlier_remover__z_columns': ['car_age', 'mileage', 'tax', 'mpg'], 'outlier_remover__threshold': 2, 'outlier_remover__sev_outliers_cols': ['car_age', 'mileage', 'engineSize'], 'outlier_remover__outlier_method': 'LOF', 'outlier_remover__n_neighbors': 100, 'outlier_remover__model_columns': ['car_age', 'mileage', 'tax', 'mpg'], 'outlier_remover__mod_outliers_cols': ['tax', 'mpg'], 'outlier_remover__contamination_LOF': 0.15, 'outlier_remover__contamination_IF': 0.3, 'model': GradientBoostingRegressor(max_depth=5, max_features='sqrt', min_samples_leaf=4,
                          min_samples_split=10, random_state=42, subsample=0.8), 'imputer__knn_scaling_method': 'robust', 'imputer__knn_neighbors': 19, 'imputer__imputation_method': 'knn_modelwise', 'encoder__method': 'target'}",-1896.1054533083304,-1920.173010007005,-1863.3589122722285,-1893.2124585291879,23.28429355378557,60,-1684.5886810873722,-1662.4715851463031,-1630.6661048915241,-1659.2421237083997,22.13192448001209
337,2,8000,0.6796460151672363,0.037932407847493924,0.22961759567260742,0.018280202168599595,kbest,19,rf,20,robust,"['car_age', 'mileage', 'tax', 'mpg']",2,"['car_age', 'mileage', 'engineSize']",z_score,70,"['car_age', 'mileage', 'tax', 'mpg', 'engineSize']","['car_age', 'mileage', 'tax', 'mpg']",0.05,0.15,"RandomForestRegressor(max_depth=12, max_features='sqrt', min_samples_leaf=4,
                      min_samples_split=10, random_state=42)",standard,9,knn_modelwise,target,"{'selector__selection_method': 'kbest', 'selector__n_features_to_select': 19, 'selector__model_name': 'rf', 'selector__k': 20, 'scaler__scaler_name': 'robust', 'outlier_remover__z_columns': ['car_age', 'mileage', 'tax', 'mpg'], 'outlier_remover__threshold': 2, 'outlier_remover__sev_outliers_cols': ['car_age', 'mileage', 'engineSize'], 'outlier_remover__outlier_method': 'z_score', 'outlier_remover__n_neighbors': 70, 'outlier_remover__model_columns': ['car_age', 'mileage', 'tax', 'mpg', 'engineSize'], 'outlier_remover__mod_outliers_cols': ['car_age', 'mileage', 'tax', 'mpg'], 'outlier_remover__contamination_LOF': 0.05, 'outlier_remover__contamination_IF': 0.15, 'model': RandomForestRegressor(max_depth=12, max_features='sqrt', min_samples_leaf=4,
                      min_samples_split=10, random_state=42), 'imputer__knn_scaling_method': 'standard', 'imputer__knn_neighbors': 9, 'imputer__imputation_method': 'knn_modelwise', 'encoder__method': 'target'}",-1862.2050064749917,-1912.9916444964265,-1885.6843276010632,-1886.9603261908271,20.753180955873905,57,-1513.5162082515856,-1547.7272512385437,-1526.7985432045177,-1529.347334231549,14.082403141000233
338,2,8000,0.7504212061564127,0.0606737845406055,0.22139374415079752,0.04401049948430518,kbest,23,rf,11,robust,"['car_age', 'mileage', 'tax', 'mpg']",2,"['car_age', 'mileage']",LOF,90,"['car_age', 'mileage', 'tax', 'mpg', 'engineSize']","['car_age', 'mileage', 'tax', 'mpg']",0.05,0.5,"GradientBoostingRegressor(max_depth=5, max_features='sqrt', min_samples_leaf=4,
                          min_samples_split=10, random_state=42, subsample=0.8)",standard,17,knn_modelwise,target,"{'selector__selection_method': 'kbest', 'selector__n_features_to_select': 23, 'selector__model_name': 'rf', 'selector__k': 11, 'scaler__scaler_name': 'robust', 'outlier_remover__z_columns': ['car_age', 'mileage', 'tax', 'mpg'], 'outlier_remover__threshold': 2, 'outlier_remover__sev_outliers_cols': ['car_age', 'mileage'], 'outlier_remover__outlier_method': 'LOF', 'outlier_remover__n_neighbors': 90, 'outlier_remover__model_columns': ['car_age', 'mileage', 'tax', 'mpg', 'engineSize'], 'outlier_remover__mod_outliers_cols': ['car_age', 'mileage', 'tax', 'mpg'], 'outlier_remover__contamination_LOF': 0.05, 'outlier_remover__contamination_IF': 0.5, 'model': GradientBoostingRegressor(max_depth=5, max_features='sqrt', min_samples_leaf=4,
                          min_samples_split=10, random_state=42, subsample=0.8), 'imputer__knn_scaling_method': 'standard', 'imputer__knn_neighbors': 17, 'imputer__imputation_method': 'knn_modelwise', 'encoder__method': 'target'}",-1855.512252500966,-1920.6068570090267,-1845.7821010095588,-1873.9670701731839,33.217678516929105,53,-1626.2079017077017,-1626.7758163219298,-1603.2091177937607,-1618.7309452744641,10.978038015595875
339,2,8000,1.7177979946136475,0.05866113072001,0.012037277221679688,0.0003116126876493875,rfe,19,rf,22,standard,"['car_age', 'mileage', 'tax', 'mpg']",3,"['car_age', 'mileage', 'engineSize']",z_score,30,"['car_age', 'mileage', 'tax', 'mpg', 'engineSize']","['tax', 'mpg']",0.3,0.5,"GradientBoostingRegressor(max_depth=5, max_features='sqrt', min_samples_leaf=4,
                          min_samples_split=10, random_state=42, subsample=0.8)",standard,11,iterative,target,"{'selector__selection_method': 'rfe', 'selector__n_features_to_select': 19, 'selector__model_name': 'rf', 'selector__k': 22, 'scaler__scaler_name': 'standard', 'outlier_remover__z_columns': ['car_age', 'mileage', 'tax', 'mpg'], 'outlier_remover__threshold': 3, 'outlier_remover__sev_outliers_cols': ['car_age', 'mileage', 'engineSize'], 'outlier_remover__outlier_method': 'z_score', 'outlier_remover__n_neighbors': 30, 'outlier_remover__model_columns': ['car_age', 'mileage', 'tax', 'mpg', 'engineSize'], 'outlier_remover__mod_outliers_cols': ['tax', 'mpg'], 'outlier_remover__contamination_LOF': 0.3, 'outlier_remover__contamination_IF': 0.5, 'model': GradientBoostingRegressor(max_depth=5, max_features='sqrt', min_samples_leaf=4,
                          min_samples_split=10, random_state=42, subsample=0.8), 'imputer__knn_scaling_method': 'standard', 'imputer__knn_neighbors': 11, 'imputer__imputation_method': 'iterative', 'encoder__method': 'target'}",-1846.6915038511645,-1886.645750034717,-1882.7683313902592,-1872.0351950920467,17.990471702561145,52,-1583.6451292486215,-1578.053641962784,-1589.738622793679,-1583.8124646683616,4.771840672921421
340,2,8000,0.2512987454732259,0.00524961825300288,0.011359373728434244,0.0016797207390851917,kbest,13,rf,23,standard,"['car_age', 'mileage', 'tax', 'mpg']",2,"['car_age', 'mileage', 'engineSize']",z_score,50,"['car_age', 'mileage', 'tax', 'mpg', 'engineSize']","['tax', 'mpg']",0.05,0.3,"GradientBoostingRegressor(max_depth=5, max_features='sqrt', min_samples_leaf=4,
                          min_samples_split=10, random_state=42, subsample=0.8)",minmax,15,simple,target,"{'selector__selection_method': 'kbest', 'selector__n_features_to_select': 13, 'selector__model_name': 'rf', 'selector__k': 23, 'scaler__scaler_name': 'standard', 'outlier_remover__z_columns': ['car_age', 'mileage', 'tax', 'mpg'], 'outlier_remover__threshold': 2, 'outlier_remover__sev_outliers_cols': ['car_age', 'mileage', 'engineSize'], 'outlier_remover__outlier_method': 'z_score', 'outlier_remover__n_neighbors': 50, 'outlier_remover__model_columns': ['car_age', 'mileage', 'tax', 'mpg', 'engineSize'], 'outlier_remover__mod_outliers_cols': ['tax', 'mpg'], 'outlier_remover__contamination_LOF': 0.05, 'outlier_remover__contamination_IF': 0.3, 'model': GradientBoostingRegressor(max_depth=5, max_features='sqrt', min_samples_leaf=4,
                          min_samples_split=10, random_state=42, subsample=0.8), 'imputer__knn_scaling_method': 'minmax', 'imputer__knn_neighbors': 15, 'imputer__imputation_method': 'simple', 'encoder__method': 'target'}",-1906.0348031465576,-1924.8652264562977,-1865.7284807102603,-1898.876170104372,24.667430546267173,65,-1620.314384049806,-1599.7640528218883,-1589.951114010084,-1603.3431836272594,12.651473560228402
341,2,8000,1.4218142827351887,0.011538262675209451,0.009901046752929688,3.682621738899011e-05,rfe,10,rf,10,minmax,"['car_age', 'mileage', 'tax', 'mpg']",3,"['car_age', 'mileage', 'engineSize']",z_score,90,"['car_age', 'mileage', 'tax', 'mpg', 'engineSize']","['car_age', 'mileage', 'tax', 'mpg']",0.15,0.5,"GradientBoostingRegressor(max_depth=5, max_features='sqrt', min_samples_leaf=4,
                          min_samples_split=10, random_state=42, subsample=0.8)",standard,13,simple,target,"{'selector__selection_method': 'rfe', 'selector__n_features_to_select': 10, 'selector__model_name': 'rf', 'selector__k': 10, 'scaler__scaler_name': 'minmax', 'outlier_remover__z_columns': ['car_age', 'mileage', 'tax', 'mpg'], 'outlier_remover__threshold': 3, 'outlier_remover__sev_outliers_cols': ['car_age', 'mileage', 'engineSize'], 'outlier_remover__outlier_method': 'z_score', 'outlier_remover__n_neighbors': 90, 'outlier_remover__model_columns': ['car_age', 'mileage', 'tax', 'mpg', 'engineSize'], 'outlier_remover__mod_outliers_cols': ['car_age', 'mileage', 'tax', 'mpg'], 'outlier_remover__contamination_LOF': 0.15, 'outlier_remover__contamination_IF': 0.5, 'model': GradientBoostingRegressor(max_depth=5, max_features='sqrt', min_samples_leaf=4,
                          min_samples_split=10, random_state=42, subsample=0.8), 'imputer__knn_scaling_method': 'standard', 'imputer__knn_neighbors': 13, 'imputer__imputation_method': 'simple', 'encoder__method': 'target'}",-1885.4726507608232,-1914.9687651846152,-1848.8002078541397,-1883.0805412665259,27.066105934343263,56,-1620.5089999927739,-1603.9950562914298,-1602.2573957043633,-1608.9204839961888,8.224967814781557
342,2,8000,1.947782834370931,0.07518282842922829,0.19284613927205405,0.015870456083116838,model,16,rf,9,robust,"['car_age', 'mileage', 'tax', 'mpg']",3,"['car_age', 'mileage', 'engineSize']",IQR,30,"['car_age', 'mileage', 'tax', 'mpg']","['tax', 'mpg']",0.3,0.3,"GradientBoostingRegressor(max_depth=5, max_features='sqrt', min_samples_leaf=4,
                          min_samples_split=10, random_state=42, subsample=0.8)",standard,15,knn_modelwise,target,"{'selector__selection_method': 'model', 'selector__n_features_to_select': 16, 'selector__model_name': 'rf', 'selector__k': 9, 'scaler__scaler_name': 'robust', 'outlier_remover__z_columns': ['car_age', 'mileage', 'tax', 'mpg'], 'outlier_remover__threshold': 3, 'outlier_remover__sev_outliers_cols': ['car_age', 'mileage', 'engineSize'], 'outlier_remover__outlier_method': 'IQR', 'outlier_remover__n_neighbors': 30, 'outlier_remover__model_columns': ['car_age', 'mileage', 'tax', 'mpg'], 'outlier_remover__mod_outliers_cols': ['tax', 'mpg'], 'outlier_remover__contamination_LOF': 0.3, 'outlier_remover__contamination_IF': 0.3, 'model': GradientBoostingRegressor(max_depth=5, max_features='sqrt', min_samples_leaf=4,
                          min_samples_split=10, random_state=42, subsample=0.8), 'imputer__knn_scaling_method': 'standard', 'imputer__knn_neighbors': 15, 'imputer__imputation_method': 'knn_modelwise', 'encoder__method': 'target'}",-1825.3513771538956,-1898.2214997076467,-1877.23500460087,-1866.9359604874708,30.62750857738824,50,-1576.140520706187,-1573.9401130291935,-1568.4818911281018,-1572.854174954494,3.2195339083105563
343,2,8000,0.5896453062693278,0.03611103731930513,0.20937609672546387,0.03373456584607636,kbest,22,rf,21,minmax,"['car_age', 'mileage', 'tax', 'mpg']",3,"['car_age', 'mileage']",z_score,70,"['car_age', 'mileage', 'tax', 'mpg']","['car_age', 'mileage', 'tax', 'mpg']",0.15,0.05,"GradientBoostingRegressor(max_depth=5, max_features='sqrt', min_samples_leaf=4,
                          min_samples_split=10, random_state=42, subsample=0.8)",minmax,20,knn_modelwise,target,"{'selector__selection_method': 'kbest', 'selector__n_features_to_select': 22, 'selector__model_name': 'rf', 'selector__k': 21, 'scaler__scaler_name': 'minmax', 'outlier_remover__z_columns': ['car_age', 'mileage', 'tax', 'mpg'], 'outlier_remover__threshold': 3, 'outlier_remover__sev_outliers_cols': ['car_age', 'mileage'], 'outlier_remover__outlier_method': 'z_score', 'outlier_remover__n_neighbors': 70, 'outlier_remover__model_columns': ['car_age', 'mileage', 'tax', 'mpg'], 'outlier_remover__mod_outliers_cols': ['car_age', 'mileage', 'tax', 'mpg'], 'outlier_remover__contamination_LOF': 0.15, 'outlier_remover__contamination_IF': 0.05, 'model': GradientBoostingRegressor(max_depth=5, max_features='sqrt', min_samples_leaf=4,
                          min_samples_split=10, random_state=42, subsample=0.8), 'imputer__knn_scaling_method': 'minmax', 'imputer__knn_neighbors': 20, 'imputer__imputation_method': 'knn_modelwise', 'encoder__method': 'target'}",-1884.1814374860253,-1886.5625429192596,-1852.324212084609,-1874.3560641632978,15.609170280831071,54,-1607.7715603843976,-1567.358958104406,-1571.6528485044387,-1582.2611223310807,18.123579685885485
344,2,8000,1.5461737314860027,0.014746813830690566,0.010776678721110025,0.0005196797444419759,model,15,rf,17,minmax,"['car_age', 'mileage', 'tax', 'mpg']",2,"['car_age', 'mileage', 'engineSize']",z_score,90,"['car_age', 'mileage', 'tax', 'mpg']","['car_age', 'mileage', 'tax', 'mpg']",0.05,0.15,"GradientBoostingRegressor(max_depth=5, max_features='sqrt', min_samples_leaf=4,
                          min_samples_split=10, random_state=42, subsample=0.8)",minmax,12,simple,target,"{'selector__selection_method': 'model', 'selector__n_features_to_select': 15, 'selector__model_name': 'rf', 'selector__k': 17, 'scaler__scaler_name': 'minmax', 'outlier_remover__z_columns': ['car_age', 'mileage', 'tax', 'mpg'], 'outlier_remover__threshold': 2, 'outlier_remover__sev_outliers_cols': ['car_age', 'mileage', 'engineSize'], 'outlier_remover__outlier_method': 'z_score', 'outlier_remover__n_neighbors': 90, 'outlier_remover__model_columns': ['car_age', 'mileage', 'tax', 'mpg'], 'outlier_remover__mod_outliers_cols': ['car_age', 'mileage', 'tax', 'mpg'], 'outlier_remover__contamination_LOF': 0.05, 'outlier_remover__contamination_IF': 0.15, 'model': GradientBoostingRegressor(max_depth=5, max_features='sqrt', min_samples_leaf=4,
                          min_samples_split=10, random_state=42, subsample=0.8), 'imputer__knn_scaling_method': 'minmax', 'imputer__knn_neighbors': 12, 'imputer__imputation_method': 'simple', 'encoder__method': 'target'}",-1903.8067622211013,-1921.8988992466807,-1849.7888875777944,-1891.8315163485256,30.63242651182144,59,-1620.5763057296972,-1600.1794661505285,-1599.0304652751918,-1606.595412385139,9.897106809123962
345,2,8000,0.331851323445638,0.008937977223237468,0.012267669041951498,8.782099807509186e-05,kbest,15,rf,15,minmax,"['car_age', 'mileage', 'tax', 'mpg']",2,"['car_age', 'mileage']",IQR,70,"['car_age', 'mileage', 'tax', 'mpg', 'engineSize']","['car_age', 'mileage', 'tax', 'mpg']",0.5,0.5,"GradientBoostingRegressor(max_depth=5, max_features='sqrt', min_samples_leaf=4,
                          min_samples_split=10, random_state=42, subsample=0.8)",robust,16,iterative,target,"{'selector__selection_method': 'kbest', 'selector__n_features_to_select': 15, 'selector__model_name': 'rf', 'selector__k': 15, 'scaler__scaler_name': 'minmax', 'outlier_remover__z_columns': ['car_age', 'mileage', 'tax', 'mpg'], 'outlier_remover__threshold': 2, 'outlier_remover__sev_outliers_cols': ['car_age', 'mileage'], 'outlier_remover__outlier_method': 'IQR', 'outlier_remover__n_neighbors': 70, 'outlier_remover__model_columns': ['car_age', 'mileage', 'tax', 'mpg', 'engineSize'], 'outlier_remover__mod_outliers_cols': ['car_age', 'mileage', 'tax', 'mpg'], 'outlier_remover__contamination_LOF': 0.5, 'outlier_remover__contamination_IF': 0.5, 'model': GradientBoostingRegressor(max_depth=5, max_features='sqrt', min_samples_leaf=4,
                          min_samples_split=10, random_state=42, subsample=0.8), 'imputer__knn_scaling_method': 'robust', 'imputer__knn_neighbors': 16, 'imputer__imputation_method': 'iterative', 'encoder__method': 'target'}",-1849.7431269045117,-1874.3073355084794,-1849.2535451844512,-1857.7680025324808,11.696782293530429,46,-1582.9817528811986,-1574.4702245651224,-1579.7942950414804,-1579.0820908292671,3.511120875044759
346,2,8000,1.921411355336507,0.03155115530299946,0.20354382197062174,0.01590307305925459,model,7,rf,17,minmax,"['car_age', 'mileage', 'tax', 'mpg']",2,"['car_age', 'mileage', 'engineSize']",z_score,90,"['car_age', 'mileage', 'tax', 'mpg', 'engineSize']","['car_age', 'mileage', 'tax', 'mpg']",0.5,0.05,"GradientBoostingRegressor(max_depth=5, max_features='sqrt', min_samples_leaf=4,
                          min_samples_split=10, random_state=42, subsample=0.8)",minmax,14,knn_modelwise,target,"{'selector__selection_method': 'model', 'selector__n_features_to_select': 7, 'selector__model_name': 'rf', 'selector__k': 17, 'scaler__scaler_name': 'minmax', 'outlier_remover__z_columns': ['car_age', 'mileage', 'tax', 'mpg'], 'outlier_remover__threshold': 2, 'outlier_remover__sev_outliers_cols': ['car_age', 'mileage', 'engineSize'], 'outlier_remover__outlier_method': 'z_score', 'outlier_remover__n_neighbors': 90, 'outlier_remover__model_columns': ['car_age', 'mileage', 'tax', 'mpg', 'engineSize'], 'outlier_remover__mod_outliers_cols': ['car_age', 'mileage', 'tax', 'mpg'], 'outlier_remover__contamination_LOF': 0.5, 'outlier_remover__contamination_IF': 0.05, 'model': GradientBoostingRegressor(max_depth=5, max_features='sqrt', min_samples_leaf=4,
                          min_samples_split=10, random_state=42, subsample=0.8), 'imputer__knn_scaling_method': 'minmax', 'imputer__knn_neighbors': 14, 'imputer__imputation_method': 'knn_modelwise', 'encoder__method': 'target'}",-1871.9099130917778,-1886.5599468751668,-1854.989920335239,-1871.1532601007277,12.89950998409331,51,-1590.9527303017792,-1584.4717949706367,-1570.8167652005911,-1582.080430157669,8.392585691771465
347,2,8000,0.6136360963185629,0.035266075888082574,0.19767959912618002,0.005574983333614654,kbest,23,rf,23,robust,"['car_age', 'mileage', 'tax', 'mpg']",3,"['car_age', 'mileage', 'engineSize']",IQR,50,"['car_age', 'mileage', 'tax', 'mpg']","['tax', 'mpg']",0.3,0.05,"GradientBoostingRegressor(max_depth=5, max_features='sqrt', min_samples_leaf=4,
                          min_samples_split=10, random_state=42, subsample=0.8)",robust,16,knn_modelwise,target,"{'selector__selection_method': 'kbest', 'selector__n_features_to_select': 23, 'selector__model_name': 'rf', 'selector__k': 23, 'scaler__scaler_name': 'robust', 'outlier_remover__z_columns': ['car_age', 'mileage', 'tax', 'mpg'], 'outlier_remover__threshold': 3, 'outlier_remover__sev_outliers_cols': ['car_age', 'mileage', 'engineSize'], 'outlier_remover__outlier_method': 'IQR', 'outlier_remover__n_neighbors': 50, 'outlier_remover__model_columns': ['car_age', 'mileage', 'tax', 'mpg'], 'outlier_remover__mod_outliers_cols': ['tax', 'mpg'], 'outlier_remover__contamination_LOF': 0.3, 'outlier_remover__contamination_IF': 0.05, 'model': GradientBoostingRegressor(max_depth=5, max_features='sqrt', min_samples_leaf=4,
                          min_samples_split=10, random_state=42, subsample=0.8), 'imputer__knn_scaling_method': 'robust', 'imputer__knn_neighbors': 16, 'imputer__imputation_method': 'knn_modelwise', 'encoder__method': 'target'}",-1846.5459588814115,-1882.150255957141,-1858.4877930599876,-1862.3946692995135,14.795590650087405,48,-1584.2059646271614,-1560.4816471156055,-1559.3261208521471,-1568.0045775316382,11.465819293320743
348,2,8000,0.309203306833903,0.003797077945592059,0.012382030487060547,0.0029424067272173144,kbest,22,rf,9,robust,"['car_age', 'mileage', 'tax', 'mpg']",3,"['car_age', 'mileage', 'engineSize']",z_score,30,"['car_age', 'mileage', 'tax', 'mpg', 'engineSize']","['car_age', 'mileage', 'tax', 'mpg']",0.3,0.3,"GradientBoostingRegressor(max_depth=5, max_features='sqrt', min_samples_leaf=4,
                          min_samples_split=10, random_state=42, subsample=0.8)",standard,19,simple,target,"{'selector__selection_method': 'kbest', 'selector__n_features_to_select': 22, 'selector__model_name': 'rf', 'selector__k': 9, 'scaler__scaler_name': 'robust', 'outlier_remover__z_columns': ['car_age', 'mileage', 'tax', 'mpg'], 'outlier_remover__threshold': 3, 'outlier_remover__sev_outliers_cols': ['car_age', 'mileage', 'engineSize'], 'outlier_remover__outlier_method': 'z_score', 'outlier_remover__n_neighbors': 30, 'outlier_remover__model_columns': ['car_age', 'mileage', 'tax', 'mpg', 'engineSize'], 'outlier_remover__mod_outliers_cols': ['car_age', 'mileage', 'tax', 'mpg'], 'outlier_remover__contamination_LOF': 0.3, 'outlier_remover__contamination_IF': 0.3, 'model': GradientBoostingRegressor(max_depth=5, max_features='sqrt', min_samples_leaf=4,
                          min_samples_split=10, random_state=42, subsample=0.8), 'imputer__knn_scaling_method': 'standard', 'imputer__knn_neighbors': 19, 'imputer__imputation_method': 'simple', 'encoder__method': 'target'}",-1835.7067076950393,-1902.2472738479441,-1841.4993986056713,-1859.817793382885,30.095231365313907,47,-1607.7778901981653,-1602.3265003020524,-1601.115676552396,-1603.7400223508714,2.8976779326834965
349,2,8000,1.8141589164733887,0.02592211449178007,0.17027672131856283,0.013344697047377925,rfe,11,rf,13,standard,"['car_age', 'mileage', 'tax', 'mpg']",3,"['car_age', 'mileage', 'engineSize']",IQR,70,"['car_age', 'mileage', 'tax', 'mpg']","['tax', 'mpg']",0.3,0.5,"GradientBoostingRegressor(max_depth=5, max_features='sqrt', min_samples_leaf=4,
                          min_samples_split=10, random_state=42, subsample=0.8)",minmax,20,knn_modelwise,target,"{'selector__selection_method': 'rfe', 'selector__n_features_to_select': 11, 'selector__model_name': 'rf', 'selector__k': 13, 'scaler__scaler_name': 'standard', 'outlier_remover__z_columns': ['car_age', 'mileage', 'tax', 'mpg'], 'outlier_remover__threshold': 3, 'outlier_remover__sev_outliers_cols': ['car_age', 'mileage', 'engineSize'], 'outlier_remover__outlier_method': 'IQR', 'outlier_remover__n_neighbors': 70, 'outlier_remover__model_columns': ['car_age', 'mileage', 'tax', 'mpg'], 'outlier_remover__mod_outliers_cols': ['tax', 'mpg'], 'outlier_remover__contamination_LOF': 0.3, 'outlier_remover__contamination_IF': 0.5, 'model': GradientBoostingRegressor(max_depth=5, max_features='sqrt', min_samples_leaf=4,
                          min_samples_split=10, random_state=42, subsample=0.8), 'imputer__knn_scaling_method': 'minmax', 'imputer__knn_neighbors': 20, 'imputer__imputation_method': 'knn_modelwise', 'encoder__method': 'target'}",-1851.4553714434803,-1873.933066501127,-1873.02819213274,-1866.138876692449,10.389375797836703,49,-1571.4536770643697,-1552.02457545621,-1573.615622235703,-1565.6979582520944,9.708743466348643
350,3,16000,2.943422317504883,0.011732984018199543,0.04626139005025228,0.0003074684877730875,rfe,13,rf,14,standard,"['car_age', 'mileage', 'tax', 'mpg']",3,"['car_age', 'mileage', 'engineSize']",IQR,30,"['car_age', 'mileage', 'tax', 'mpg', 'engineSize']","['car_age', 'mileage', 'tax', 'mpg']",0.05,0.5,"RandomForestRegressor(max_depth=12, max_features='sqrt', min_samples_leaf=4,
                      min_samples_split=10, random_state=42)",standard,5,simple,target,"{'selector__selection_method': 'rfe', 'selector__n_features_to_select': 13, 'selector__model_name': 'rf', 'selector__k': 14, 'scaler__scaler_name': 'standard', 'outlier_remover__z_columns': ['car_age', 'mileage', 'tax', 'mpg'], 'outlier_remover__threshold': 3, 'outlier_remover__sev_outliers_cols': ['car_age', 'mileage', 'engineSize'], 'outlier_remover__outlier_method': 'IQR', 'outlier_remover__n_neighbors': 30, 'outlier_remover__model_columns': ['car_age', 'mileage', 'tax', 'mpg', 'engineSize'], 'outlier_remover__mod_outliers_cols': ['car_age', 'mileage', 'tax', 'mpg'], 'outlier_remover__contamination_LOF': 0.05, 'outlier_remover__contamination_IF': 0.5, 'model': RandomForestRegressor(max_depth=12, max_features='sqrt', min_samples_leaf=4,
                      min_samples_split=10, random_state=42), 'imputer__knn_scaling_method': 'standard', 'imputer__knn_neighbors': 5, 'imputer__imputation_method': 'simple', 'encoder__method': 'target'}",-1764.0831989257194,-1817.5983968870892,-1823.0918979698968,-1801.5911645942351,26.616789876311973,29,-1465.4347683115204,-1487.358952401491,-1482.4309703008446,-1478.408230337952,9.39163775598696
351,3,16000,2.969071626663208,0.015056114975763856,0.04646897315979004,0.0003973228274003374,model,16,rf,10,standard,"['car_age', 'mileage', 'tax', 'mpg']",3,"['car_age', 'mileage']",IQR,100,"['car_age', 'mileage', 'tax', 'mpg']","['tax', 'mpg']",0.5,0.5,"RandomForestRegressor(max_depth=12, max_features='sqrt', min_samples_leaf=4,
                      min_samples_split=10, random_state=42)",minmax,7,simple,target,"{'selector__selection_method': 'model', 'selector__n_features_to_select': 16, 'selector__model_name': 'rf', 'selector__k': 10, 'scaler__scaler_name': 'standard', 'outlier_remover__z_columns': ['car_age', 'mileage', 'tax', 'mpg'], 'outlier_remover__threshold': 3, 'outlier_remover__sev_outliers_cols': ['car_age', 'mileage'], 'outlier_remover__outlier_method': 'IQR', 'outlier_remover__n_neighbors': 100, 'outlier_remover__model_columns': ['car_age', 'mileage', 'tax', 'mpg'], 'outlier_remover__mod_outliers_cols': ['tax', 'mpg'], 'outlier_remover__contamination_LOF': 0.5, 'outlier_remover__contamination_IF': 0.5, 'model': RandomForestRegressor(max_depth=12, max_features='sqrt', min_samples_leaf=4,
                      min_samples_split=10, random_state=42), 'imputer__knn_scaling_method': 'minmax', 'imputer__knn_neighbors': 7, 'imputer__imputation_method': 'simple', 'encoder__method': 'target'}",-1762.2972445612952,-1808.6675781952586,-1825.3730150931215,-1798.7792792832252,26.682978951336406,28,-1461.6345323116805,-1483.2138055318917,-1479.4809014612176,-1474.7764131015965,9.416843640431004
352,3,16000,2.9797900517781577,0.018869120694819046,0.04726529121398926,0.0007463740742566177,model,11,rf,14,minmax,"['car_age', 'mileage', 'tax', 'mpg']",3,"['car_age', 'mileage']",z_score,90,"['car_age', 'mileage', 'tax', 'mpg', 'engineSize']","['car_age', 'mileage', 'tax', 'mpg']",0.3,0.3,"RandomForestRegressor(max_depth=12, max_features='sqrt', min_samples_leaf=4,
                      min_samples_split=10, random_state=42)",standard,5,simple,target,"{'selector__selection_method': 'model', 'selector__n_features_to_select': 11, 'selector__model_name': 'rf', 'selector__k': 14, 'scaler__scaler_name': 'minmax', 'outlier_remover__z_columns': ['car_age', 'mileage', 'tax', 'mpg'], 'outlier_remover__threshold': 3, 'outlier_remover__sev_outliers_cols': ['car_age', 'mileage'], 'outlier_remover__outlier_method': 'z_score', 'outlier_remover__n_neighbors': 90, 'outlier_remover__model_columns': ['car_age', 'mileage', 'tax', 'mpg', 'engineSize'], 'outlier_remover__mod_outliers_cols': ['car_age', 'mileage', 'tax', 'mpg'], 'outlier_remover__contamination_LOF': 0.3, 'outlier_remover__contamination_IF': 0.3, 'model': RandomForestRegressor(max_depth=12, max_features='sqrt', min_samples_leaf=4,
                      min_samples_split=10, random_state=42), 'imputer__knn_scaling_method': 'standard', 'imputer__knn_neighbors': 5, 'imputer__imputation_method': 'simple', 'encoder__method': 'target'}",-1771.2045521750927,-1811.1678498920385,-1824.6658534693665,-1802.3460851788325,22.69941751838075,30,-1466.4905134555077,-1481.7202280315935,-1479.139604921749,-1475.78344880295,6.655017627703872
353,3,16000,2.9849003156026206,0.0038230302927326695,0.047555764516194664,0.0009797246016855154,model,17,rf,20,minmax,"['car_age', 'mileage', 'tax', 'mpg']",3,"['car_age', 'mileage', 'engineSize']",z_score,50,"['car_age', 'mileage', 'tax', 'mpg', 'engineSize']","['car_age', 'mileage', 'tax', 'mpg']",0.3,0.3,"RandomForestRegressor(max_depth=12, max_features='sqrt', min_samples_leaf=4,
                      min_samples_split=10, random_state=42)",standard,5,simple,target,"{'selector__selection_method': 'model', 'selector__n_features_to_select': 17, 'selector__model_name': 'rf', 'selector__k': 20, 'scaler__scaler_name': 'minmax', 'outlier_remover__z_columns': ['car_age', 'mileage', 'tax', 'mpg'], 'outlier_remover__threshold': 3, 'outlier_remover__sev_outliers_cols': ['car_age', 'mileage', 'engineSize'], 'outlier_remover__outlier_method': 'z_score', 'outlier_remover__n_neighbors': 50, 'outlier_remover__model_columns': ['car_age', 'mileage', 'tax', 'mpg', 'engineSize'], 'outlier_remover__mod_outliers_cols': ['car_age', 'mileage', 'tax', 'mpg'], 'outlier_remover__contamination_LOF': 0.3, 'outlier_remover__contamination_IF': 0.3, 'model': RandomForestRegressor(max_depth=12, max_features='sqrt', min_samples_leaf=4,
                      min_samples_split=10, random_state=42), 'imputer__knn_scaling_method': 'standard', 'imputer__knn_neighbors': 5, 'imputer__imputation_method': 'simple', 'encoder__method': 'target'}",-1771.2045521750927,-1811.1678498920385,-1824.6658534693665,-1802.3460851788325,22.69941751838075,30,-1466.4905134555077,-1481.7202280315935,-1479.139604921749,-1475.78344880295,6.655017627703872
354,3,16000,3.0849529107411704,0.021859363749121254,0.046702305475870766,0.0008696432269405098,model,7,rf,16,minmax,"['car_age', 'mileage', 'tax', 'mpg']",3,"['car_age', 'mileage', 'engineSize']",z_score,70,"['car_age', 'mileage', 'tax', 'mpg', 'engineSize']","['tax', 'mpg']",0.3,0.3,"RandomForestRegressor(max_depth=12, max_features='sqrt', min_samples_leaf=4,
                      min_samples_split=10, random_state=42)",minmax,19,simple,target,"{'selector__selection_method': 'model', 'selector__n_features_to_select': 7, 'selector__model_name': 'rf', 'selector__k': 16, 'scaler__scaler_name': 'minmax', 'outlier_remover__z_columns': ['car_age', 'mileage', 'tax', 'mpg'], 'outlier_remover__threshold': 3, 'outlier_remover__sev_outliers_cols': ['car_age', 'mileage', 'engineSize'], 'outlier_remover__outlier_method': 'z_score', 'outlier_remover__n_neighbors': 70, 'outlier_remover__model_columns': ['car_age', 'mileage', 'tax', 'mpg', 'engineSize'], 'outlier_remover__mod_outliers_cols': ['tax', 'mpg'], 'outlier_remover__contamination_LOF': 0.3, 'outlier_remover__contamination_IF': 0.3, 'model': RandomForestRegressor(max_depth=12, max_features='sqrt', min_samples_leaf=4,
                      min_samples_split=10, random_state=42), 'imputer__knn_scaling_method': 'minmax', 'imputer__knn_neighbors': 19, 'imputer__imputation_method': 'simple', 'encoder__method': 'target'}",-1771.2045521750927,-1811.1678498920385,-1824.6658534693665,-1802.3460851788325,22.69941751838075,30,-1466.4905134555077,-1481.7202280315935,-1479.139604921749,-1475.78344880295,6.655017627703872
355,3,16000,0.4503204822540283,0.007573096679445556,0.01577274004618327,0.0004898931277229575,kbest,13,rf,23,standard,"['car_age', 'mileage', 'tax', 'mpg']",2,"['car_age', 'mileage', 'engineSize']",z_score,50,"['car_age', 'mileage', 'tax', 'mpg', 'engineSize']","['tax', 'mpg']",0.05,0.3,"GradientBoostingRegressor(max_depth=5, max_features='sqrt', min_samples_leaf=4,
                          min_samples_split=10, random_state=42, subsample=0.8)",minmax,15,simple,target,"{'selector__selection_method': 'kbest', 'selector__n_features_to_select': 13, 'selector__model_name': 'rf', 'selector__k': 23, 'scaler__scaler_name': 'standard', 'outlier_remover__z_columns': ['car_age', 'mileage', 'tax', 'mpg'], 'outlier_remover__threshold': 2, 'outlier_remover__sev_outliers_cols': ['car_age', 'mileage', 'engineSize'], 'outlier_remover__outlier_method': 'z_score', 'outlier_remover__n_neighbors': 50, 'outlier_remover__model_columns': ['car_age', 'mileage', 'tax', 'mpg', 'engineSize'], 'outlier_remover__mod_outliers_cols': ['tax', 'mpg'], 'outlier_remover__contamination_LOF': 0.05, 'outlier_remover__contamination_IF': 0.3, 'model': GradientBoostingRegressor(max_depth=5, max_features='sqrt', min_samples_leaf=4,
                          min_samples_split=10, random_state=42, subsample=0.8), 'imputer__knn_scaling_method': 'minmax', 'imputer__knn_neighbors': 15, 'imputer__imputation_method': 'simple', 'encoder__method': 'target'}",-1812.5829347249496,-1838.0757244311883,-1875.9940956987164,-1842.2175849516182,26.052640178918033,43,-1643.4783497274673,-1638.1695280421268,-1638.800798441687,-1640.1495587370937,2.3678770621993195
356,3,16000,3.555415312449137,0.07789939570654202,0.2865898609161377,0.02138170693885896,model,17,rf,16,standard,"['car_age', 'mileage', 'tax', 'mpg']",3,"['car_age', 'mileage', 'engineSize']",IQR,30,"['car_age', 'mileage', 'tax', 'mpg']","['car_age', 'mileage', 'tax', 'mpg']",0.05,0.05,"RandomForestRegressor(max_depth=12, max_features='sqrt', min_samples_leaf=4,
                      min_samples_split=10, random_state=42)",robust,15,knn_modelwise,target,"{'selector__selection_method': 'model', 'selector__n_features_to_select': 17, 'selector__model_name': 'rf', 'selector__k': 16, 'scaler__scaler_name': 'standard', 'outlier_remover__z_columns': ['car_age', 'mileage', 'tax', 'mpg'], 'outlier_remover__threshold': 3, 'outlier_remover__sev_outliers_cols': ['car_age', 'mileage', 'engineSize'], 'outlier_remover__outlier_method': 'IQR', 'outlier_remover__n_neighbors': 30, 'outlier_remover__model_columns': ['car_age', 'mileage', 'tax', 'mpg'], 'outlier_remover__mod_outliers_cols': ['car_age', 'mileage', 'tax', 'mpg'], 'outlier_remover__contamination_LOF': 0.05, 'outlier_remover__contamination_IF': 0.05, 'model': RandomForestRegressor(max_depth=12, max_features='sqrt', min_samples_leaf=4,
                      min_samples_split=10, random_state=42), 'imputer__knn_scaling_method': 'robust', 'imputer__knn_neighbors': 15, 'imputer__imputation_method': 'knn_modelwise', 'encoder__method': 'target'}",-1744.4616154222742,-1783.998438539592,-1815.2241281585857,-1781.2280607068171,28.95501737973815,23,-1440.2627150928772,-1458.1931378673794,-1461.5389689240571,-1453.3316072947712,9.341506084977318
357,3,16000,3.3961018721262612,0.020424202663201954,0.049669504165649414,0.00025038877638150324,model,9,rf,24,minmax,"['car_age', 'mileage', 'tax', 'mpg']",2,"['car_age', 'mileage']",z_score,100,"['car_age', 'mileage', 'tax', 'mpg', 'engineSize']","['tax', 'mpg']",0.15,0.3,"RandomForestRegressor(max_depth=12, max_features='sqrt', min_samples_leaf=4,
                      min_samples_split=10, random_state=42)",robust,13,iterative,target,"{'selector__selection_method': 'model', 'selector__n_features_to_select': 9, 'selector__model_name': 'rf', 'selector__k': 24, 'scaler__scaler_name': 'minmax', 'outlier_remover__z_columns': ['car_age', 'mileage', 'tax', 'mpg'], 'outlier_remover__threshold': 2, 'outlier_remover__sev_outliers_cols': ['car_age', 'mileage'], 'outlier_remover__outlier_method': 'z_score', 'outlier_remover__n_neighbors': 100, 'outlier_remover__model_columns': ['car_age', 'mileage', 'tax', 'mpg', 'engineSize'], 'outlier_remover__mod_outliers_cols': ['tax', 'mpg'], 'outlier_remover__contamination_LOF': 0.15, 'outlier_remover__contamination_IF': 0.3, 'model': RandomForestRegressor(max_depth=12, max_features='sqrt', min_samples_leaf=4,
                      min_samples_split=10, random_state=42), 'imputer__knn_scaling_method': 'robust', 'imputer__knn_neighbors': 13, 'imputer__imputation_method': 'iterative', 'encoder__method': 'target'}",-1749.5444552455763,-1795.705891935814,-1818.4054614291724,-1787.8852695368541,28.651133126918964,27,-1441.2731944500824,-1459.5792266767062,-1454.7626511299236,-1451.8716907522376,7.747943507777209
358,3,16000,3.332420587539673,0.07620424204694035,0.05550471941630045,0.0026980829659461916,model,20,rf,10,robust,"['car_age', 'mileage', 'tax', 'mpg']",2,"['car_age', 'mileage', 'engineSize']",z_score,30,"['car_age', 'mileage', 'tax', 'mpg', 'engineSize']","['car_age', 'mileage', 'tax', 'mpg']",0.5,0.5,"RandomForestRegressor(max_depth=12, max_features='sqrt', min_samples_leaf=4,
                      min_samples_split=10, random_state=42)",robust,15,iterative,target,"{'selector__selection_method': 'model', 'selector__n_features_to_select': 20, 'selector__model_name': 'rf', 'selector__k': 10, 'scaler__scaler_name': 'robust', 'outlier_remover__z_columns': ['car_age', 'mileage', 'tax', 'mpg'], 'outlier_remover__threshold': 2, 'outlier_remover__sev_outliers_cols': ['car_age', 'mileage', 'engineSize'], 'outlier_remover__outlier_method': 'z_score', 'outlier_remover__n_neighbors': 30, 'outlier_remover__model_columns': ['car_age', 'mileage', 'tax', 'mpg', 'engineSize'], 'outlier_remover__mod_outliers_cols': ['car_age', 'mileage', 'tax', 'mpg'], 'outlier_remover__contamination_LOF': 0.5, 'outlier_remover__contamination_IF': 0.5, 'model': RandomForestRegressor(max_depth=12, max_features='sqrt', min_samples_leaf=4,
                      min_samples_split=10, random_state=42), 'imputer__knn_scaling_method': 'robust', 'imputer__knn_neighbors': 15, 'imputer__imputation_method': 'iterative', 'encoder__method': 'target'}",-1749.4034998789325,-1795.658480855386,-1818.4954106351495,-1787.8524637898227,28.741647596094904,26,-1441.2468496800059,-1459.6737023422018,-1454.7100165394713,-1451.8768561872264,7.784913741535335
359,3,16000,1.0424466133117676,0.03713728277262548,0.3039230505625407,0.04258731463584898,kbest,9,rf,11,robust,"['car_age', 'mileage', 'tax', 'mpg']",2,"['car_age', 'mileage', 'engineSize']",z_score,100,"['car_age', 'mileage', 'tax', 'mpg']","['tax', 'mpg']",0.5,0.05,"RandomForestRegressor(max_depth=12, max_features='sqrt', min_samples_leaf=4,
                      min_samples_split=10, random_state=42)",minmax,8,knn_modelwise,target,"{'selector__selection_method': 'kbest', 'selector__n_features_to_select': 9, 'selector__model_name': 'rf', 'selector__k': 11, 'scaler__scaler_name': 'robust', 'outlier_remover__z_columns': ['car_age', 'mileage', 'tax', 'mpg'], 'outlier_remover__threshold': 2, 'outlier_remover__sev_outliers_cols': ['car_age', 'mileage', 'engineSize'], 'outlier_remover__outlier_method': 'z_score', 'outlier_remover__n_neighbors': 100, 'outlier_remover__model_columns': ['car_age', 'mileage', 'tax', 'mpg'], 'outlier_remover__mod_outliers_cols': ['tax', 'mpg'], 'outlier_remover__contamination_LOF': 0.5, 'outlier_remover__contamination_IF': 0.05, 'model': RandomForestRegressor(max_depth=12, max_features='sqrt', min_samples_leaf=4,
                      min_samples_split=10, random_state=42), 'imputer__knn_scaling_method': 'minmax', 'imputer__knn_neighbors': 8, 'imputer__imputation_method': 'knn_modelwise', 'encoder__method': 'target'}",-1747.0552930481074,-1788.5275921633388,-1810.4839056614826,-1782.0222636243097,26.30002153440102,24,-1439.4048664873183,-1458.434356512138,-1455.701566449228,-1451.1802631495614,8.40087337907438
360,3,16000,3.2147804896036782,0.09043116819587327,0.26309458414713544,0.031039158066235164,model,22,rf,12,minmax,"['car_age', 'mileage', 'tax', 'mpg']",2,"['car_age', 'mileage', 'engineSize']",LOF,100,"['car_age', 'mileage', 'tax', 'mpg']","['tax', 'mpg']",0.15,0.3,"GradientBoostingRegressor(max_depth=5, max_features='sqrt', min_samples_leaf=4,
                          min_samples_split=10, random_state=42, subsample=0.8)",robust,19,knn_modelwise,target,"{'selector__selection_method': 'model', 'selector__n_features_to_select': 22, 'selector__model_name': 'rf', 'selector__k': 12, 'scaler__scaler_name': 'minmax', 'outlier_remover__z_columns': ['car_age', 'mileage', 'tax', 'mpg'], 'outlier_remover__threshold': 2, 'outlier_remover__sev_outliers_cols': ['car_age', 'mileage', 'engineSize'], 'outlier_remover__outlier_method': 'LOF', 'outlier_remover__n_neighbors': 100, 'outlier_remover__model_columns': ['car_age', 'mileage', 'tax', 'mpg'], 'outlier_remover__mod_outliers_cols': ['tax', 'mpg'], 'outlier_remover__contamination_LOF': 0.15, 'outlier_remover__contamination_IF': 0.3, 'model': GradientBoostingRegressor(max_depth=5, max_features='sqrt', min_samples_leaf=4,
                          min_samples_split=10, random_state=42, subsample=0.8), 'imputer__knn_scaling_method': 'robust', 'imputer__knn_neighbors': 19, 'imputer__imputation_method': 'knn_modelwise', 'encoder__method': 'target'}",-1809.374861357252,-1822.0991519149222,-1873.483533722375,-1834.9858489981832,27.713182054652368,42,-1653.3002447973229,-1669.069215212775,-1648.124349229167,-1656.8312697464216,8.907785196526795
361,3,16000,3.06464155515035,0.08470625940251869,0.01885080337524414,0.0022286010859153865,model,15,rf,17,minmax,"['car_age', 'mileage', 'tax', 'mpg']",2,"['car_age', 'mileage', 'engineSize']",z_score,90,"['car_age', 'mileage', 'tax', 'mpg']","['car_age', 'mileage', 'tax', 'mpg']",0.05,0.15,"GradientBoostingRegressor(max_depth=5, max_features='sqrt', min_samples_leaf=4,
                          min_samples_split=10, random_state=42, subsample=0.8)",minmax,12,simple,target,"{'selector__selection_method': 'model', 'selector__n_features_to_select': 15, 'selector__model_name': 'rf', 'selector__k': 17, 'scaler__scaler_name': 'minmax', 'outlier_remover__z_columns': ['car_age', 'mileage', 'tax', 'mpg'], 'outlier_remover__threshold': 2, 'outlier_remover__sev_outliers_cols': ['car_age', 'mileage', 'engineSize'], 'outlier_remover__outlier_method': 'z_score', 'outlier_remover__n_neighbors': 90, 'outlier_remover__model_columns': ['car_age', 'mileage', 'tax', 'mpg'], 'outlier_remover__mod_outliers_cols': ['car_age', 'mileage', 'tax', 'mpg'], 'outlier_remover__contamination_LOF': 0.05, 'outlier_remover__contamination_IF': 0.15, 'model': GradientBoostingRegressor(max_depth=5, max_features='sqrt', min_samples_leaf=4,
                          min_samples_split=10, random_state=42, subsample=0.8), 'imputer__knn_scaling_method': 'minmax', 'imputer__knn_neighbors': 12, 'imputer__imputation_method': 'simple', 'encoder__method': 'target'}",-1821.0514571079393,-1838.1558680744054,-1875.99586547855,-1845.0677302202985,22.95724114583429,44,-1654.3929122775596,-1638.2469134992832,-1638.8007000668804,-1643.8135086145746,7.484183602277605
362,3,16000,0.7610988616943359,0.03924302602745164,0.051589012145996094,0.002140674587750517,kbest,12,rf,13,robust,"['car_age', 'mileage', 'tax', 'mpg']",3,"['car_age', 'mileage']",z_score,50,"['car_age', 'mileage', 'tax', 'mpg', 'engineSize']","['tax', 'mpg']",0.15,0.3,"RandomForestRegressor(max_depth=12, max_features='sqrt', min_samples_leaf=4,
                      min_samples_split=10, random_state=42)",standard,11,iterative,target,"{'selector__selection_method': 'kbest', 'selector__n_features_to_select': 12, 'selector__model_name': 'rf', 'selector__k': 13, 'scaler__scaler_name': 'robust', 'outlier_remover__z_columns': ['car_age', 'mileage', 'tax', 'mpg'], 'outlier_remover__threshold': 3, 'outlier_remover__sev_outliers_cols': ['car_age', 'mileage'], 'outlier_remover__outlier_method': 'z_score', 'outlier_remover__n_neighbors': 50, 'outlier_remover__model_columns': ['car_age', 'mileage', 'tax', 'mpg', 'engineSize'], 'outlier_remover__mod_outliers_cols': ['tax', 'mpg'], 'outlier_remover__contamination_LOF': 0.15, 'outlier_remover__contamination_IF': 0.3, 'model': RandomForestRegressor(max_depth=12, max_features='sqrt', min_samples_leaf=4,
                      min_samples_split=10, random_state=42), 'imputer__knn_scaling_method': 'standard', 'imputer__knn_neighbors': 11, 'imputer__imputation_method': 'iterative', 'encoder__method': 'target'}",-1743.9625217325995,-1786.887074164652,-1808.2391049970117,-1779.6962336314211,26.728897342483062,22,-1433.9470801106006,-1452.3424497192534,-1446.1623668017926,-1444.1506322105488,7.643416025527751
363,3,16000,1.0510125160217285,0.029190701505557012,0.27898240089416504,0.004617234742010164,kbest,19,rf,20,robust,"['car_age', 'mileage', 'tax', 'mpg']",2,"['car_age', 'mileage', 'engineSize']",z_score,70,"['car_age', 'mileage', 'tax', 'mpg', 'engineSize']","['car_age', 'mileage', 'tax', 'mpg']",0.05,0.15,"RandomForestRegressor(max_depth=12, max_features='sqrt', min_samples_leaf=4,
                      min_samples_split=10, random_state=42)",standard,9,knn_modelwise,target,"{'selector__selection_method': 'kbest', 'selector__n_features_to_select': 19, 'selector__model_name': 'rf', 'selector__k': 20, 'scaler__scaler_name': 'robust', 'outlier_remover__z_columns': ['car_age', 'mileage', 'tax', 'mpg'], 'outlier_remover__threshold': 2, 'outlier_remover__sev_outliers_cols': ['car_age', 'mileage', 'engineSize'], 'outlier_remover__outlier_method': 'z_score', 'outlier_remover__n_neighbors': 70, 'outlier_remover__model_columns': ['car_age', 'mileage', 'tax', 'mpg', 'engineSize'], 'outlier_remover__mod_outliers_cols': ['car_age', 'mileage', 'tax', 'mpg'], 'outlier_remover__contamination_LOF': 0.05, 'outlier_remover__contamination_IF': 0.15, 'model': RandomForestRegressor(max_depth=12, max_features='sqrt', min_samples_leaf=4,
                      min_samples_split=10, random_state=42), 'imputer__knn_scaling_method': 'standard', 'imputer__knn_neighbors': 9, 'imputer__imputation_method': 'knn_modelwise', 'encoder__method': 'target'}",-1753.8522781961105,-1783.4671327580488,-1815.064007552155,-1784.1278061687715,24.99395019741295,25,-1448.317680478585,-1463.3768719054322,-1459.2608728097189,-1456.9851417312454,6.354999373918337
364,3,16000,3.03610889116923,0.018421975898026684,0.016641855239868164,0.0019979421828716717,rfe,10,rf,10,minmax,"['car_age', 'mileage', 'tax', 'mpg']",3,"['car_age', 'mileage', 'engineSize']",z_score,90,"['car_age', 'mileage', 'tax', 'mpg', 'engineSize']","['car_age', 'mileage', 'tax', 'mpg']",0.15,0.5,"GradientBoostingRegressor(max_depth=5, max_features='sqrt', min_samples_leaf=4,
                          min_samples_split=10, random_state=42, subsample=0.8)",standard,13,simple,target,"{'selector__selection_method': 'rfe', 'selector__n_features_to_select': 10, 'selector__model_name': 'rf', 'selector__k': 10, 'scaler__scaler_name': 'minmax', 'outlier_remover__z_columns': ['car_age', 'mileage', 'tax', 'mpg'], 'outlier_remover__threshold': 3, 'outlier_remover__sev_outliers_cols': ['car_age', 'mileage', 'engineSize'], 'outlier_remover__outlier_method': 'z_score', 'outlier_remover__n_neighbors': 90, 'outlier_remover__model_columns': ['car_age', 'mileage', 'tax', 'mpg', 'engineSize'], 'outlier_remover__mod_outliers_cols': ['car_age', 'mileage', 'tax', 'mpg'], 'outlier_remover__contamination_LOF': 0.15, 'outlier_remover__contamination_IF': 0.5, 'model': GradientBoostingRegressor(max_depth=5, max_features='sqrt', min_samples_leaf=4,
                          min_samples_split=10, random_state=42, subsample=0.8), 'imputer__knn_scaling_method': 'standard', 'imputer__knn_neighbors': 13, 'imputer__imputation_method': 'simple', 'encoder__method': 'target'}",-1814.1284171054137,-1840.0454538621518,-1881.9245560822715,-1845.366142349946,27.93219659020104,45,-1641.5456341586953,-1649.2782290573764,-1648.3051950663619,-1646.3763527608114,3.4388545037108713
365,3,16000,1.020108938217163,0.0416732788016645,0.301189661026001,0.02472225823637841,kbest,18,rf,17,minmax,"['car_age', 'mileage', 'tax', 'mpg']",2,"['car_age', 'mileage', 'engineSize']",z_score,90,"['car_age', 'mileage', 'tax', 'mpg', 'engineSize']","['car_age', 'mileage', 'tax', 'mpg']",0.3,0.15,"RandomForestRegressor(max_depth=12, max_features='sqrt', min_samples_leaf=4,
                      min_samples_split=10, random_state=42)",standard,19,knn_modelwise,target,"{'selector__selection_method': 'kbest', 'selector__n_features_to_select': 18, 'selector__model_name': 'rf', 'selector__k': 17, 'scaler__scaler_name': 'minmax', 'outlier_remover__z_columns': ['car_age', 'mileage', 'tax', 'mpg'], 'outlier_remover__threshold': 2, 'outlier_remover__sev_outliers_cols': ['car_age', 'mileage', 'engineSize'], 'outlier_remover__outlier_method': 'z_score', 'outlier_remover__n_neighbors': 90, 'outlier_remover__model_columns': ['car_age', 'mileage', 'tax', 'mpg', 'engineSize'], 'outlier_remover__mod_outliers_cols': ['car_age', 'mileage', 'tax', 'mpg'], 'outlier_remover__contamination_LOF': 0.3, 'outlier_remover__contamination_IF': 0.15, 'model': RandomForestRegressor(max_depth=12, max_features='sqrt', min_samples_leaf=4,
                      min_samples_split=10, random_state=42), 'imputer__knn_scaling_method': 'standard', 'imputer__knn_neighbors': 19, 'imputer__imputation_method': 'knn_modelwise', 'encoder__method': 'target'}",-1729.3876172023224,-1784.3728683280244,-1818.412462325929,-1777.3909826187585,36.67802074234171,21,-1436.8775127234453,-1455.059572029841,-1454.9816984227248,-1448.972927725337,8.552809056119608
366,3,16000,0.9854482809702555,0.059649596912917616,0.28240013122558594,0.009384541466033248,kbest,22,rf,21,minmax,"['car_age', 'mileage', 'tax', 'mpg']",3,"['car_age', 'mileage']",z_score,70,"['car_age', 'mileage', 'tax', 'mpg']","['car_age', 'mileage', 'tax', 'mpg']",0.15,0.05,"GradientBoostingRegressor(max_depth=5, max_features='sqrt', min_samples_leaf=4,
                          min_samples_split=10, random_state=42, subsample=0.8)",minmax,20,knn_modelwise,target,"{'selector__selection_method': 'kbest', 'selector__n_features_to_select': 22, 'selector__model_name': 'rf', 'selector__k': 21, 'scaler__scaler_name': 'minmax', 'outlier_remover__z_columns': ['car_age', 'mileage', 'tax', 'mpg'], 'outlier_remover__threshold': 3, 'outlier_remover__sev_outliers_cols': ['car_age', 'mileage'], 'outlier_remover__outlier_method': 'z_score', 'outlier_remover__n_neighbors': 70, 'outlier_remover__model_columns': ['car_age', 'mileage', 'tax', 'mpg'], 'outlier_remover__mod_outliers_cols': ['car_age', 'mileage', 'tax', 'mpg'], 'outlier_remover__contamination_LOF': 0.15, 'outlier_remover__contamination_IF': 0.05, 'model': GradientBoostingRegressor(max_depth=5, max_features='sqrt', min_samples_leaf=4,
                          min_samples_split=10, random_state=42, subsample=0.8), 'imputer__knn_scaling_method': 'minmax', 'imputer__knn_neighbors': 20, 'imputer__imputation_method': 'knn_modelwise', 'encoder__method': 'target'}",-1802.0746201489728,-1810.9987877021588,-1872.1258031725226,-1828.3997370078848,31.132906902558393,39,-1617.6705913922856,-1629.6623008989868,-1609.884996892863,-1619.0726297280453,8.134687949715293
367,3,16000,1.1400072574615479,0.01428239695504129,0.27202041943868,0.01618182918154261,kbest,23,rf,11,robust,"['car_age', 'mileage', 'tax', 'mpg']",2,"['car_age', 'mileage']",LOF,90,"['car_age', 'mileage', 'tax', 'mpg', 'engineSize']","['car_age', 'mileage', 'tax', 'mpg']",0.05,0.5,"GradientBoostingRegressor(max_depth=5, max_features='sqrt', min_samples_leaf=4,
                          min_samples_split=10, random_state=42, subsample=0.8)",standard,17,knn_modelwise,target,"{'selector__selection_method': 'kbest', 'selector__n_features_to_select': 23, 'selector__model_name': 'rf', 'selector__k': 11, 'scaler__scaler_name': 'robust', 'outlier_remover__z_columns': ['car_age', 'mileage', 'tax', 'mpg'], 'outlier_remover__threshold': 2, 'outlier_remover__sev_outliers_cols': ['car_age', 'mileage'], 'outlier_remover__outlier_method': 'LOF', 'outlier_remover__n_neighbors': 90, 'outlier_remover__model_columns': ['car_age', 'mileage', 'tax', 'mpg', 'engineSize'], 'outlier_remover__mod_outliers_cols': ['car_age', 'mileage', 'tax', 'mpg'], 'outlier_remover__contamination_LOF': 0.05, 'outlier_remover__contamination_IF': 0.5, 'model': GradientBoostingRegressor(max_depth=5, max_features='sqrt', min_samples_leaf=4,
                          min_samples_split=10, random_state=42, subsample=0.8), 'imputer__knn_scaling_method': 'standard', 'imputer__knn_neighbors': 17, 'imputer__imputation_method': 'knn_modelwise', 'encoder__method': 'target'}",-1811.7650353273032,-1824.1305980754964,-1841.3317577071032,-1825.742463703301,12.124255335830318,38,-1635.7762321015925,-1634.60063964035,-1615.8107593171694,-1628.7292103530374,9.147323371104061
368,3,16000,3.226341803868612,0.11374971757719864,0.01812291145324707,0.0005765304694555862,rfe,19,rf,22,standard,"['car_age', 'mileage', 'tax', 'mpg']",3,"['car_age', 'mileage', 'engineSize']",z_score,30,"['car_age', 'mileage', 'tax', 'mpg', 'engineSize']","['tax', 'mpg']",0.3,0.5,"GradientBoostingRegressor(max_depth=5, max_features='sqrt', min_samples_leaf=4,
                          min_samples_split=10, random_state=42, subsample=0.8)",standard,11,iterative,target,"{'selector__selection_method': 'rfe', 'selector__n_features_to_select': 19, 'selector__model_name': 'rf', 'selector__k': 22, 'scaler__scaler_name': 'standard', 'outlier_remover__z_columns': ['car_age', 'mileage', 'tax', 'mpg'], 'outlier_remover__threshold': 3, 'outlier_remover__sev_outliers_cols': ['car_age', 'mileage', 'engineSize'], 'outlier_remover__outlier_method': 'z_score', 'outlier_remover__n_neighbors': 30, 'outlier_remover__model_columns': ['car_age', 'mileage', 'tax', 'mpg', 'engineSize'], 'outlier_remover__mod_outliers_cols': ['tax', 'mpg'], 'outlier_remover__contamination_LOF': 0.3, 'outlier_remover__contamination_IF': 0.5, 'model': GradientBoostingRegressor(max_depth=5, max_features='sqrt', min_samples_leaf=4,
                          min_samples_split=10, random_state=42, subsample=0.8), 'imputer__knn_scaling_method': 'standard', 'imputer__knn_neighbors': 11, 'imputer__imputation_method': 'iterative', 'encoder__method': 'target'}",-1799.4014636621835,-1821.1772228257717,-1855.0091843049051,-1825.1959569309536,22.878917757415262,37,-1599.4988401098742,-1632.0289918525173,-1607.7191918921565,-1613.0823412848492,13.81123266659188
369,3,16000,3.375005563100179,0.058178609307885064,0.23383641242980957,0.023780321148695167,model,7,rf,17,minmax,"['car_age', 'mileage', 'tax', 'mpg']",2,"['car_age', 'mileage', 'engineSize']",z_score,90,"['car_age', 'mileage', 'tax', 'mpg', 'engineSize']","['car_age', 'mileage', 'tax', 'mpg']",0.5,0.05,"GradientBoostingRegressor(max_depth=5, max_features='sqrt', min_samples_leaf=4,
                          min_samples_split=10, random_state=42, subsample=0.8)",minmax,14,knn_modelwise,target,"{'selector__selection_method': 'model', 'selector__n_features_to_select': 7, 'selector__model_name': 'rf', 'selector__k': 17, 'scaler__scaler_name': 'minmax', 'outlier_remover__z_columns': ['car_age', 'mileage', 'tax', 'mpg'], 'outlier_remover__threshold': 2, 'outlier_remover__sev_outliers_cols': ['car_age', 'mileage', 'engineSize'], 'outlier_remover__outlier_method': 'z_score', 'outlier_remover__n_neighbors': 90, 'outlier_remover__model_columns': ['car_age', 'mileage', 'tax', 'mpg', 'engineSize'], 'outlier_remover__mod_outliers_cols': ['car_age', 'mileage', 'tax', 'mpg'], 'outlier_remover__contamination_LOF': 0.5, 'outlier_remover__contamination_IF': 0.05, 'model': GradientBoostingRegressor(max_depth=5, max_features='sqrt', min_samples_leaf=4,
                          min_samples_split=10, random_state=42, subsample=0.8), 'imputer__knn_scaling_method': 'minmax', 'imputer__knn_neighbors': 14, 'imputer__imputation_method': 'knn_modelwise', 'encoder__method': 'target'}",-1800.2627547862267,-1810.6565343645696,-1854.5818725432518,-1821.8337205646828,23.542001571508912,36,-1620.1204855407375,-1634.0013848674805,-1603.8752246199144,-1619.3323650093773,12.311572693864663
370,3,16000,3.50107749303182,0.05012900917414903,0.22964119911193848,0.008330883352376722,model,16,rf,9,robust,"['car_age', 'mileage', 'tax', 'mpg']",3,"['car_age', 'mileage', 'engineSize']",IQR,30,"['car_age', 'mileage', 'tax', 'mpg']","['tax', 'mpg']",0.3,0.3,"GradientBoostingRegressor(max_depth=5, max_features='sqrt', min_samples_leaf=4,
                          min_samples_split=10, random_state=42, subsample=0.8)",standard,15,knn_modelwise,target,"{'selector__selection_method': 'model', 'selector__n_features_to_select': 16, 'selector__model_name': 'rf', 'selector__k': 9, 'scaler__scaler_name': 'robust', 'outlier_remover__z_columns': ['car_age', 'mileage', 'tax', 'mpg'], 'outlier_remover__threshold': 3, 'outlier_remover__sev_outliers_cols': ['car_age', 'mileage', 'engineSize'], 'outlier_remover__outlier_method': 'IQR', 'outlier_remover__n_neighbors': 30, 'outlier_remover__model_columns': ['car_age', 'mileage', 'tax', 'mpg'], 'outlier_remover__mod_outliers_cols': ['tax', 'mpg'], 'outlier_remover__contamination_LOF': 0.3, 'outlier_remover__contamination_IF': 0.3, 'model': GradientBoostingRegressor(max_depth=5, max_features='sqrt', min_samples_leaf=4,
                          min_samples_split=10, random_state=42, subsample=0.8), 'imputer__knn_scaling_method': 'standard', 'imputer__knn_neighbors': 15, 'imputer__imputation_method': 'knn_modelwise', 'encoder__method': 'target'}",-1796.4885766126495,-1802.1556298813439,-1862.8390278911252,-1820.4944114617062,30.03141442560352,35,-1611.9163583532686,-1614.8452407479704,-1605.3628223424387,-1610.7081404812259,3.9643332793072212
371,3,16000,3.4825566609700522,0.06337935855034056,0.2565452257792155,0.014646367639817337,rfe,11,rf,13,standard,"['car_age', 'mileage', 'tax', 'mpg']",3,"['car_age', 'mileage', 'engineSize']",IQR,70,"['car_age', 'mileage', 'tax', 'mpg']","['tax', 'mpg']",0.3,0.5,"GradientBoostingRegressor(max_depth=5, max_features='sqrt', min_samples_leaf=4,
                          min_samples_split=10, random_state=42, subsample=0.8)",minmax,20,knn_modelwise,target,"{'selector__selection_method': 'rfe', 'selector__n_features_to_select': 11, 'selector__model_name': 'rf', 'selector__k': 13, 'scaler__scaler_name': 'standard', 'outlier_remover__z_columns': ['car_age', 'mileage', 'tax', 'mpg'], 'outlier_remover__threshold': 3, 'outlier_remover__sev_outliers_cols': ['car_age', 'mileage', 'engineSize'], 'outlier_remover__outlier_method': 'IQR', 'outlier_remover__n_neighbors': 70, 'outlier_remover__model_columns': ['car_age', 'mileage', 'tax', 'mpg'], 'outlier_remover__mod_outliers_cols': ['tax', 'mpg'], 'outlier_remover__contamination_LOF': 0.3, 'outlier_remover__contamination_IF': 0.5, 'model': GradientBoostingRegressor(max_depth=5, max_features='sqrt', min_samples_leaf=4,
                          min_samples_split=10, random_state=42, subsample=0.8), 'imputer__knn_scaling_method': 'minmax', 'imputer__knn_neighbors': 20, 'imputer__imputation_method': 'knn_modelwise', 'encoder__method': 'target'}",-1783.2889982723748,-1799.667215889568,-1857.3756743523347,-1813.4439628380924,31.77586044475676,33,-1594.395597583559,-1618.8641246511065,-1598.531843394968,-1603.9305218765446,10.693814449621602
372,3,16000,0.9581252733866373,0.028276205100279974,0.25899163881937665,0.018694118851009255,kbest,23,rf,23,robust,"['car_age', 'mileage', 'tax', 'mpg']",3,"['car_age', 'mileage', 'engineSize']",IQR,50,"['car_age', 'mileage', 'tax', 'mpg']","['tax', 'mpg']",0.3,0.05,"GradientBoostingRegressor(max_depth=5, max_features='sqrt', min_samples_leaf=4,
                          min_samples_split=10, random_state=42, subsample=0.8)",robust,16,knn_modelwise,target,"{'selector__selection_method': 'kbest', 'selector__n_features_to_select': 23, 'selector__model_name': 'rf', 'selector__k': 23, 'scaler__scaler_name': 'robust', 'outlier_remover__z_columns': ['car_age', 'mileage', 'tax', 'mpg'], 'outlier_remover__threshold': 3, 'outlier_remover__sev_outliers_cols': ['car_age', 'mileage', 'engineSize'], 'outlier_remover__outlier_method': 'IQR', 'outlier_remover__n_neighbors': 50, 'outlier_remover__model_columns': ['car_age', 'mileage', 'tax', 'mpg'], 'outlier_remover__mod_outliers_cols': ['tax', 'mpg'], 'outlier_remover__contamination_LOF': 0.3, 'outlier_remover__contamination_IF': 0.05, 'model': GradientBoostingRegressor(max_depth=5, max_features='sqrt', min_samples_leaf=4,
                          min_samples_split=10, random_state=42, subsample=0.8), 'imputer__knn_scaling_method': 'robust', 'imputer__knn_neighbors': 16, 'imputer__imputation_method': 'knn_modelwise', 'encoder__method': 'target'}",-1780.6299643622474,-1810.7868339661436,-1861.9955083015848,-1817.8041022099922,33.58590453688027,34,-1601.0801062027365,-1629.5548891574313,-1603.1429820060619,-1611.2593257887431,12.964299528017872
373,3,16000,0.5327137311299642,0.013236900471350546,0.021595239639282227,0.00036867397085176397,kbest,22,rf,9,robust,"['car_age', 'mileage', 'tax', 'mpg']",3,"['car_age', 'mileage', 'engineSize']",z_score,30,"['car_age', 'mileage', 'tax', 'mpg', 'engineSize']","['car_age', 'mileage', 'tax', 'mpg']",0.3,0.3,"GradientBoostingRegressor(max_depth=5, max_features='sqrt', min_samples_leaf=4,
                          min_samples_split=10, random_state=42, subsample=0.8)",standard,19,simple,target,"{'selector__selection_method': 'kbest', 'selector__n_features_to_select': 22, 'selector__model_name': 'rf', 'selector__k': 9, 'scaler__scaler_name': 'robust', 'outlier_remover__z_columns': ['car_age', 'mileage', 'tax', 'mpg'], 'outlier_remover__threshold': 3, 'outlier_remover__sev_outliers_cols': ['car_age', 'mileage', 'engineSize'], 'outlier_remover__outlier_method': 'z_score', 'outlier_remover__n_neighbors': 30, 'outlier_remover__model_columns': ['car_age', 'mileage', 'tax', 'mpg', 'engineSize'], 'outlier_remover__mod_outliers_cols': ['car_age', 'mileage', 'tax', 'mpg'], 'outlier_remover__contamination_LOF': 0.3, 'outlier_remover__contamination_IF': 0.3, 'model': GradientBoostingRegressor(max_depth=5, max_features='sqrt', min_samples_leaf=4,
                          min_samples_split=10, random_state=42, subsample=0.8), 'imputer__knn_scaling_method': 'standard', 'imputer__knn_neighbors': 19, 'imputer__imputation_method': 'simple', 'encoder__method': 'target'}",-1807.9336083440605,-1852.9049534895337,-1837.9363783485223,-1832.9249800607056,18.698325337627928,41,-1634.4965758858598,-1661.2723288704478,-1623.8126091200606,-1639.860504625456,15.756193482500514
374,3,16000,0.6337957382202148,0.005409605834320552,0.019310712814331055,0.002271899943626769,kbest,15,rf,15,minmax,"['car_age', 'mileage', 'tax', 'mpg']",2,"['car_age', 'mileage']",IQR,70,"['car_age', 'mileage', 'tax', 'mpg', 'engineSize']","['car_age', 'mileage', 'tax', 'mpg']",0.5,0.5,"GradientBoostingRegressor(max_depth=5, max_features='sqrt', min_samples_leaf=4,
                          min_samples_split=10, random_state=42, subsample=0.8)",robust,16,iterative,target,"{'selector__selection_method': 'kbest', 'selector__n_features_to_select': 15, 'selector__model_name': 'rf', 'selector__k': 15, 'scaler__scaler_name': 'minmax', 'outlier_remover__z_columns': ['car_age', 'mileage', 'tax', 'mpg'], 'outlier_remover__threshold': 2, 'outlier_remover__sev_outliers_cols': ['car_age', 'mileage'], 'outlier_remover__outlier_method': 'IQR', 'outlier_remover__n_neighbors': 70, 'outlier_remover__model_columns': ['car_age', 'mileage', 'tax', 'mpg', 'engineSize'], 'outlier_remover__mod_outliers_cols': ['car_age', 'mileage', 'tax', 'mpg'], 'outlier_remover__contamination_LOF': 0.5, 'outlier_remover__contamination_IF': 0.5, 'model': GradientBoostingRegressor(max_depth=5, max_features='sqrt', min_samples_leaf=4,
                          min_samples_split=10, random_state=42, subsample=0.8), 'imputer__knn_scaling_method': 'robust', 'imputer__knn_neighbors': 16, 'imputer__imputation_method': 'iterative', 'encoder__method': 'target'}",-1793.6842540946477,-1830.2456901964829,-1863.6620929967,-1829.1973457626102,28.577949003726875,40,-1609.915130978906,-1626.8159481426594,-1615.9771288516715,-1617.5694026577457,6.990989777601228
375,4,32000,6.504759391148885,0.06187807108739705,0.4365862210591634,0.02390069540742304,rfe,11,rf,13,standard,"['car_age', 'mileage', 'tax', 'mpg']",3,"['car_age', 'mileage', 'engineSize']",IQR,70,"['car_age', 'mileage', 'tax', 'mpg']","['tax', 'mpg']",0.3,0.5,"GradientBoostingRegressor(max_depth=5, max_features='sqrt', min_samples_leaf=4,
                          min_samples_split=10, random_state=42, subsample=0.8)",minmax,20,knn_modelwise,target,"{'selector__selection_method': 'rfe', 'selector__n_features_to_select': 11, 'selector__model_name': 'rf', 'selector__k': 13, 'scaler__scaler_name': 'standard', 'outlier_remover__z_columns': ['car_age', 'mileage', 'tax', 'mpg'], 'outlier_remover__threshold': 3, 'outlier_remover__sev_outliers_cols': ['car_age', 'mileage', 'engineSize'], 'outlier_remover__outlier_method': 'IQR', 'outlier_remover__n_neighbors': 70, 'outlier_remover__model_columns': ['car_age', 'mileage', 'tax', 'mpg'], 'outlier_remover__mod_outliers_cols': ['tax', 'mpg'], 'outlier_remover__contamination_LOF': 0.3, 'outlier_remover__contamination_IF': 0.5, 'model': GradientBoostingRegressor(max_depth=5, max_features='sqrt', min_samples_leaf=4,
                          min_samples_split=10, random_state=42, subsample=0.8), 'imputer__knn_scaling_method': 'minmax', 'imputer__knn_neighbors': 20, 'imputer__imputation_method': 'knn_modelwise', 'encoder__method': 'target'}",-1730.07584869844,-1752.78978091576,-1748.6296183384557,-1743.8317493175518,9.874051500424832,20,-1629.8625264396587,-1633.7254065532597,-1607.2454889815945,-1623.611140658171,11.67922305613084
376,4,32000,6.207337776819865,0.1110921053272201,0.08830459912618001,0.0006031365335018328,model,11,rf,14,minmax,"['car_age', 'mileage', 'tax', 'mpg']",3,"['car_age', 'mileage']",z_score,90,"['car_age', 'mileage', 'tax', 'mpg', 'engineSize']","['car_age', 'mileage', 'tax', 'mpg']",0.3,0.3,"RandomForestRegressor(max_depth=12, max_features='sqrt', min_samples_leaf=4,
                      min_samples_split=10, random_state=42)",standard,5,simple,target,"{'selector__selection_method': 'model', 'selector__n_features_to_select': 11, 'selector__model_name': 'rf', 'selector__k': 14, 'scaler__scaler_name': 'minmax', 'outlier_remover__z_columns': ['car_age', 'mileage', 'tax', 'mpg'], 'outlier_remover__threshold': 3, 'outlier_remover__sev_outliers_cols': ['car_age', 'mileage'], 'outlier_remover__outlier_method': 'z_score', 'outlier_remover__n_neighbors': 90, 'outlier_remover__model_columns': ['car_age', 'mileage', 'tax', 'mpg', 'engineSize'], 'outlier_remover__mod_outliers_cols': ['car_age', 'mileage', 'tax', 'mpg'], 'outlier_remover__contamination_LOF': 0.3, 'outlier_remover__contamination_IF': 0.3, 'model': RandomForestRegressor(max_depth=12, max_features='sqrt', min_samples_leaf=4,
                      min_samples_split=10, random_state=42), 'imputer__knn_scaling_method': 'standard', 'imputer__knn_neighbors': 5, 'imputer__imputation_method': 'simple', 'encoder__method': 'target'}",-1663.5719721150945,-1688.5070621116452,-1681.7306118845686,-1677.9365487037694,10.527293569540799,15,-1444.6821012328082,-1453.4084485710769,-1442.1066032158617,-1446.7323843399156,4.836367281529048
377,4,32000,6.025996685028076,0.019422297180875212,0.0888519287109375,0.0006187902714718238,model,17,rf,20,minmax,"['car_age', 'mileage', 'tax', 'mpg']",3,"['car_age', 'mileage', 'engineSize']",z_score,50,"['car_age', 'mileage', 'tax', 'mpg', 'engineSize']","['car_age', 'mileage', 'tax', 'mpg']",0.3,0.3,"RandomForestRegressor(max_depth=12, max_features='sqrt', min_samples_leaf=4,
                      min_samples_split=10, random_state=42)",standard,5,simple,target,"{'selector__selection_method': 'model', 'selector__n_features_to_select': 17, 'selector__model_name': 'rf', 'selector__k': 20, 'scaler__scaler_name': 'minmax', 'outlier_remover__z_columns': ['car_age', 'mileage', 'tax', 'mpg'], 'outlier_remover__threshold': 3, 'outlier_remover__sev_outliers_cols': ['car_age', 'mileage', 'engineSize'], 'outlier_remover__outlier_method': 'z_score', 'outlier_remover__n_neighbors': 50, 'outlier_remover__model_columns': ['car_age', 'mileage', 'tax', 'mpg', 'engineSize'], 'outlier_remover__mod_outliers_cols': ['car_age', 'mileage', 'tax', 'mpg'], 'outlier_remover__contamination_LOF': 0.3, 'outlier_remover__contamination_IF': 0.3, 'model': RandomForestRegressor(max_depth=12, max_features='sqrt', min_samples_leaf=4,
                      min_samples_split=10, random_state=42), 'imputer__knn_scaling_method': 'standard', 'imputer__knn_neighbors': 5, 'imputer__imputation_method': 'simple', 'encoder__method': 'target'}",-1663.5719721150945,-1688.5070621116452,-1681.7306118845686,-1677.9365487037694,10.527293569540799,15,-1444.6821012328082,-1453.4084485710769,-1442.1066032158617,-1446.7323843399156,4.836367281529048
378,4,32000,6.005826393763225,0.014346179624582069,0.0900866190592448,0.0007448191408038171,model,7,rf,16,minmax,"['car_age', 'mileage', 'tax', 'mpg']",3,"['car_age', 'mileage', 'engineSize']",z_score,70,"['car_age', 'mileage', 'tax', 'mpg', 'engineSize']","['tax', 'mpg']",0.3,0.3,"RandomForestRegressor(max_depth=12, max_features='sqrt', min_samples_leaf=4,
                      min_samples_split=10, random_state=42)",minmax,19,simple,target,"{'selector__selection_method': 'model', 'selector__n_features_to_select': 7, 'selector__model_name': 'rf', 'selector__k': 16, 'scaler__scaler_name': 'minmax', 'outlier_remover__z_columns': ['car_age', 'mileage', 'tax', 'mpg'], 'outlier_remover__threshold': 3, 'outlier_remover__sev_outliers_cols': ['car_age', 'mileage', 'engineSize'], 'outlier_remover__outlier_method': 'z_score', 'outlier_remover__n_neighbors': 70, 'outlier_remover__model_columns': ['car_age', 'mileage', 'tax', 'mpg', 'engineSize'], 'outlier_remover__mod_outliers_cols': ['tax', 'mpg'], 'outlier_remover__contamination_LOF': 0.3, 'outlier_remover__contamination_IF': 0.3, 'model': RandomForestRegressor(max_depth=12, max_features='sqrt', min_samples_leaf=4,
                      min_samples_split=10, random_state=42), 'imputer__knn_scaling_method': 'minmax', 'imputer__knn_neighbors': 19, 'imputer__imputation_method': 'simple', 'encoder__method': 'target'}",-1663.5719721150945,-1688.5070621116452,-1681.7306118845686,-1677.9365487037694,10.527293569540799,15,-1444.6821012328082,-1453.4084485710769,-1442.1066032158617,-1446.7323843399156,4.836367281529048
379,4,32000,5.914728323618571,0.03730451619465023,0.09053532282511394,0.0025942749124902016,rfe,13,rf,14,standard,"['car_age', 'mileage', 'tax', 'mpg']",3,"['car_age', 'mileage', 'engineSize']",IQR,30,"['car_age', 'mileage', 'tax', 'mpg', 'engineSize']","['car_age', 'mileage', 'tax', 'mpg']",0.05,0.5,"RandomForestRegressor(max_depth=12, max_features='sqrt', min_samples_leaf=4,
                      min_samples_split=10, random_state=42)",standard,5,simple,target,"{'selector__selection_method': 'rfe', 'selector__n_features_to_select': 13, 'selector__model_name': 'rf', 'selector__k': 14, 'scaler__scaler_name': 'standard', 'outlier_remover__z_columns': ['car_age', 'mileage', 'tax', 'mpg'], 'outlier_remover__threshold': 3, 'outlier_remover__sev_outliers_cols': ['car_age', 'mileage', 'engineSize'], 'outlier_remover__outlier_method': 'IQR', 'outlier_remover__n_neighbors': 30, 'outlier_remover__model_columns': ['car_age', 'mileage', 'tax', 'mpg', 'engineSize'], 'outlier_remover__mod_outliers_cols': ['car_age', 'mileage', 'tax', 'mpg'], 'outlier_remover__contamination_LOF': 0.05, 'outlier_remover__contamination_IF': 0.5, 'model': RandomForestRegressor(max_depth=12, max_features='sqrt', min_samples_leaf=4,
                      min_samples_split=10, random_state=42), 'imputer__knn_scaling_method': 'standard', 'imputer__knn_neighbors': 5, 'imputer__imputation_method': 'simple', 'encoder__method': 'target'}",-1673.6203956432223,-1697.000406955738,-1689.0549599635178,-1686.558587520826,9.70670348342884,19,-1455.3000511088176,-1459.2932921383674,-1450.5991169268577,-1455.0641533913476,3.5532995419223137
380,4,32000,6.06721027692159,0.042403517662021224,0.0890504519144694,0.0013688068523063281,model,16,rf,10,standard,"['car_age', 'mileage', 'tax', 'mpg']",3,"['car_age', 'mileage']",IQR,100,"['car_age', 'mileage', 'tax', 'mpg']","['tax', 'mpg']",0.5,0.5,"RandomForestRegressor(max_depth=12, max_features='sqrt', min_samples_leaf=4,
                      min_samples_split=10, random_state=42)",minmax,7,simple,target,"{'selector__selection_method': 'model', 'selector__n_features_to_select': 16, 'selector__model_name': 'rf', 'selector__k': 10, 'scaler__scaler_name': 'standard', 'outlier_remover__z_columns': ['car_age', 'mileage', 'tax', 'mpg'], 'outlier_remover__threshold': 3, 'outlier_remover__sev_outliers_cols': ['car_age', 'mileage'], 'outlier_remover__outlier_method': 'IQR', 'outlier_remover__n_neighbors': 100, 'outlier_remover__model_columns': ['car_age', 'mileage', 'tax', 'mpg'], 'outlier_remover__mod_outliers_cols': ['tax', 'mpg'], 'outlier_remover__contamination_LOF': 0.5, 'outlier_remover__contamination_IF': 0.5, 'model': RandomForestRegressor(max_depth=12, max_features='sqrt', min_samples_leaf=4,
                      min_samples_split=10, random_state=42), 'imputer__knn_scaling_method': 'minmax', 'imputer__knn_neighbors': 7, 'imputer__imputation_method': 'simple', 'encoder__method': 'target'}",-1669.4358994097738,-1696.0986312914758,-1682.4556495694853,-1682.663393423578,10.886005878514167,18,-1452.086247371339,-1451.937649363148,-1439.9636231668592,-1447.9958399671152,5.679958942735878
381,4,32000,6.549759387969971,0.004562238202166801,0.10169728597005208,0.0064771429679426245,model,9,rf,24,minmax,"['car_age', 'mileage', 'tax', 'mpg']",2,"['car_age', 'mileage']",z_score,100,"['car_age', 'mileage', 'tax', 'mpg', 'engineSize']","['tax', 'mpg']",0.15,0.3,"RandomForestRegressor(max_depth=12, max_features='sqrt', min_samples_leaf=4,
                      min_samples_split=10, random_state=42)",robust,13,iterative,target,"{'selector__selection_method': 'model', 'selector__n_features_to_select': 9, 'selector__model_name': 'rf', 'selector__k': 24, 'scaler__scaler_name': 'minmax', 'outlier_remover__z_columns': ['car_age', 'mileage', 'tax', 'mpg'], 'outlier_remover__threshold': 2, 'outlier_remover__sev_outliers_cols': ['car_age', 'mileage'], 'outlier_remover__outlier_method': 'z_score', 'outlier_remover__n_neighbors': 100, 'outlier_remover__model_columns': ['car_age', 'mileage', 'tax', 'mpg', 'engineSize'], 'outlier_remover__mod_outliers_cols': ['tax', 'mpg'], 'outlier_remover__contamination_LOF': 0.15, 'outlier_remover__contamination_IF': 0.3, 'model': RandomForestRegressor(max_depth=12, max_features='sqrt', min_samples_leaf=4,
                      min_samples_split=10, random_state=42), 'imputer__knn_scaling_method': 'robust', 'imputer__knn_neighbors': 13, 'imputer__imputation_method': 'iterative', 'encoder__method': 'target'}",-1651.902835137058,-1667.4810165389044,-1672.102833320288,-1663.8288949987502,8.641507409345833,13,-1433.2453988172695,-1430.0315777674923,-1422.8949841819895,-1428.7239869222503,4.325514701125169
382,4,32000,6.677191972732544,0.010739435830189185,0.11284232139587402,0.0024561050479093784,model,20,rf,10,robust,"['car_age', 'mileage', 'tax', 'mpg']",2,"['car_age', 'mileage', 'engineSize']",z_score,30,"['car_age', 'mileage', 'tax', 'mpg', 'engineSize']","['car_age', 'mileage', 'tax', 'mpg']",0.5,0.5,"RandomForestRegressor(max_depth=12, max_features='sqrt', min_samples_leaf=4,
                      min_samples_split=10, random_state=42)",robust,15,iterative,target,"{'selector__selection_method': 'model', 'selector__n_features_to_select': 20, 'selector__model_name': 'rf', 'selector__k': 10, 'scaler__scaler_name': 'robust', 'outlier_remover__z_columns': ['car_age', 'mileage', 'tax', 'mpg'], 'outlier_remover__threshold': 2, 'outlier_remover__sev_outliers_cols': ['car_age', 'mileage', 'engineSize'], 'outlier_remover__outlier_method': 'z_score', 'outlier_remover__n_neighbors': 30, 'outlier_remover__model_columns': ['car_age', 'mileage', 'tax', 'mpg', 'engineSize'], 'outlier_remover__mod_outliers_cols': ['car_age', 'mileage', 'tax', 'mpg'], 'outlier_remover__contamination_LOF': 0.5, 'outlier_remover__contamination_IF': 0.5, 'model': RandomForestRegressor(max_depth=12, max_features='sqrt', min_samples_leaf=4,
                      min_samples_split=10, random_state=42), 'imputer__knn_scaling_method': 'robust', 'imputer__knn_neighbors': 15, 'imputer__imputation_method': 'iterative', 'encoder__method': 'target'}",-1652.0338476156328,-1667.5878019669517,-1672.1074361551434,-1663.9096952459095,8.597813326729307,14,-1433.1753805194312,-1430.0308581847053,-1422.873016323627,-1428.6930850092547,4.310986337832156
383,4,32000,1.907109260559082,0.10735033440874678,0.43619632720947266,0.045505405215443655,kbest,19,rf,20,robust,"['car_age', 'mileage', 'tax', 'mpg']",2,"['car_age', 'mileage', 'engineSize']",z_score,70,"['car_age', 'mileage', 'tax', 'mpg', 'engineSize']","['car_age', 'mileage', 'tax', 'mpg']",0.05,0.15,"RandomForestRegressor(max_depth=12, max_features='sqrt', min_samples_leaf=4,
                      min_samples_split=10, random_state=42)",standard,9,knn_modelwise,target,"{'selector__selection_method': 'kbest', 'selector__n_features_to_select': 19, 'selector__model_name': 'rf', 'selector__k': 20, 'scaler__scaler_name': 'robust', 'outlier_remover__z_columns': ['car_age', 'mileage', 'tax', 'mpg'], 'outlier_remover__threshold': 2, 'outlier_remover__sev_outliers_cols': ['car_age', 'mileage', 'engineSize'], 'outlier_remover__outlier_method': 'z_score', 'outlier_remover__n_neighbors': 70, 'outlier_remover__model_columns': ['car_age', 'mileage', 'tax', 'mpg', 'engineSize'], 'outlier_remover__mod_outliers_cols': ['car_age', 'mileage', 'tax', 'mpg'], 'outlier_remover__contamination_LOF': 0.05, 'outlier_remover__contamination_IF': 0.15, 'model': RandomForestRegressor(max_depth=12, max_features='sqrt', min_samples_leaf=4,
                      min_samples_split=10, random_state=42), 'imputer__knn_scaling_method': 'standard', 'imputer__knn_neighbors': 9, 'imputer__imputation_method': 'knn_modelwise', 'encoder__method': 'target'}",-1646.3423491517854,-1664.6724200458978,-1667.068531770874,-1659.3611003228525,9.257474435656876,12,-1421.440487186646,-1422.5189745314153,-1423.1250242772694,-1422.3614953317767,0.6966663841278468
384,4,32000,2.039660612742106,0.0688537170110983,0.4612250328063965,0.03045267656318539,kbest,9,rf,11,robust,"['car_age', 'mileage', 'tax', 'mpg']",2,"['car_age', 'mileage', 'engineSize']",z_score,100,"['car_age', 'mileage', 'tax', 'mpg']","['tax', 'mpg']",0.5,0.05,"RandomForestRegressor(max_depth=12, max_features='sqrt', min_samples_leaf=4,
                      min_samples_split=10, random_state=42)",minmax,8,knn_modelwise,target,"{'selector__selection_method': 'kbest', 'selector__n_features_to_select': 9, 'selector__model_name': 'rf', 'selector__k': 11, 'scaler__scaler_name': 'robust', 'outlier_remover__z_columns': ['car_age', 'mileage', 'tax', 'mpg'], 'outlier_remover__threshold': 2, 'outlier_remover__sev_outliers_cols': ['car_age', 'mileage', 'engineSize'], 'outlier_remover__outlier_method': 'z_score', 'outlier_remover__n_neighbors': 100, 'outlier_remover__model_columns': ['car_age', 'mileage', 'tax', 'mpg'], 'outlier_remover__mod_outliers_cols': ['tax', 'mpg'], 'outlier_remover__contamination_LOF': 0.5, 'outlier_remover__contamination_IF': 0.05, 'model': RandomForestRegressor(max_depth=12, max_features='sqrt', min_samples_leaf=4,
                      min_samples_split=10, random_state=42), 'imputer__knn_scaling_method': 'minmax', 'imputer__knn_neighbors': 8, 'imputer__imputation_method': 'knn_modelwise', 'encoder__method': 'target'}",-1646.0492948999727,-1662.6610147482734,-1668.3647411530835,-1659.0250169337767,9.466084915780096,11,-1420.8753299374835,-1429.3478868641325,-1417.6531142298284,-1422.625443677148,4.9321462750909095
385,4,32000,7.1986766656239825,0.012913613877073588,0.5223820209503174,0.055115838793828184,model,17,rf,16,standard,"['car_age', 'mileage', 'tax', 'mpg']",3,"['car_age', 'mileage', 'engineSize']",IQR,30,"['car_age', 'mileage', 'tax', 'mpg']","['car_age', 'mileage', 'tax', 'mpg']",0.05,0.05,"RandomForestRegressor(max_depth=12, max_features='sqrt', min_samples_leaf=4,
                      min_samples_split=10, random_state=42)",robust,15,knn_modelwise,target,"{'selector__selection_method': 'model', 'selector__n_features_to_select': 17, 'selector__model_name': 'rf', 'selector__k': 16, 'scaler__scaler_name': 'standard', 'outlier_remover__z_columns': ['car_age', 'mileage', 'tax', 'mpg'], 'outlier_remover__threshold': 3, 'outlier_remover__sev_outliers_cols': ['car_age', 'mileage', 'engineSize'], 'outlier_remover__outlier_method': 'IQR', 'outlier_remover__n_neighbors': 30, 'outlier_remover__model_columns': ['car_age', 'mileage', 'tax', 'mpg'], 'outlier_remover__mod_outliers_cols': ['car_age', 'mileage', 'tax', 'mpg'], 'outlier_remover__contamination_LOF': 0.05, 'outlier_remover__contamination_IF': 0.05, 'model': RandomForestRegressor(max_depth=12, max_features='sqrt', min_samples_leaf=4,
                      min_samples_split=10, random_state=42), 'imputer__knn_scaling_method': 'robust', 'imputer__knn_neighbors': 15, 'imputer__imputation_method': 'knn_modelwise', 'encoder__method': 'target'}",-1644.802268815182,-1659.5918454654186,-1664.9297966812962,-1656.4413036539656,8.513666651511388,8,-1429.1910806278122,-1428.3764418756489,-1418.9334730103,-1425.5003318379204,4.655365021173788
386,4,32000,1.3774137496948242,0.029265255337372603,0.10013993581136067,0.007466308844146599,kbest,12,rf,13,robust,"['car_age', 'mileage', 'tax', 'mpg']",3,"['car_age', 'mileage']",z_score,50,"['car_age', 'mileage', 'tax', 'mpg', 'engineSize']","['tax', 'mpg']",0.15,0.3,"RandomForestRegressor(max_depth=12, max_features='sqrt', min_samples_leaf=4,
                      min_samples_split=10, random_state=42)",standard,11,iterative,target,"{'selector__selection_method': 'kbest', 'selector__n_features_to_select': 12, 'selector__model_name': 'rf', 'selector__k': 13, 'scaler__scaler_name': 'robust', 'outlier_remover__z_columns': ['car_age', 'mileage', 'tax', 'mpg'], 'outlier_remover__threshold': 3, 'outlier_remover__sev_outliers_cols': ['car_age', 'mileage'], 'outlier_remover__outlier_method': 'z_score', 'outlier_remover__n_neighbors': 50, 'outlier_remover__model_columns': ['car_age', 'mileage', 'tax', 'mpg', 'engineSize'], 'outlier_remover__mod_outliers_cols': ['tax', 'mpg'], 'outlier_remover__contamination_LOF': 0.15, 'outlier_remover__contamination_IF': 0.3, 'model': RandomForestRegressor(max_depth=12, max_features='sqrt', min_samples_leaf=4,
                      min_samples_split=10, random_state=42), 'imputer__knn_scaling_method': 'standard', 'imputer__knn_neighbors': 11, 'imputer__imputation_method': 'iterative', 'encoder__method': 'target'}",-1647.2743965407458,-1664.5600639888212,-1657.7318886820044,-1656.522116403857,7.108503663692458,9,-1425.442642421058,-1422.8899901344041,-1411.5481580480648,-1419.960263534509,6.038854607756792
387,4,32000,1.8744852542877197,0.13130934392523017,0.3639187018076579,0.00753877600844223,kbest,18,rf,17,minmax,"['car_age', 'mileage', 'tax', 'mpg']",2,"['car_age', 'mileage', 'engineSize']",z_score,90,"['car_age', 'mileage', 'tax', 'mpg', 'engineSize']","['car_age', 'mileage', 'tax', 'mpg']",0.3,0.15,"RandomForestRegressor(max_depth=12, max_features='sqrt', min_samples_leaf=4,
                      min_samples_split=10, random_state=42)",standard,19,knn_modelwise,target,"{'selector__selection_method': 'kbest', 'selector__n_features_to_select': 18, 'selector__model_name': 'rf', 'selector__k': 17, 'scaler__scaler_name': 'minmax', 'outlier_remover__z_columns': ['car_age', 'mileage', 'tax', 'mpg'], 'outlier_remover__threshold': 2, 'outlier_remover__sev_outliers_cols': ['car_age', 'mileage', 'engineSize'], 'outlier_remover__outlier_method': 'z_score', 'outlier_remover__n_neighbors': 90, 'outlier_remover__model_columns': ['car_age', 'mileage', 'tax', 'mpg', 'engineSize'], 'outlier_remover__mod_outliers_cols': ['car_age', 'mileage', 'tax', 'mpg'], 'outlier_remover__contamination_LOF': 0.3, 'outlier_remover__contamination_IF': 0.15, 'model': RandomForestRegressor(max_depth=12, max_features='sqrt', min_samples_leaf=4,
                      min_samples_split=10, random_state=42), 'imputer__knn_scaling_method': 'standard', 'imputer__knn_neighbors': 19, 'imputer__imputation_method': 'knn_modelwise', 'encoder__method': 'target'}",-1644.8040904387078,-1660.2029896502122,-1668.3217327724176,-1657.7762709537792,9.753173772599618,10,-1421.656982366774,-1430.0984713734229,-1420.191862498016,-1423.982438746071,4.365855042759454
388,5,64000,13.839862902959188,0.013886251588975485,0.2388607660929362,0.009432078920180208,model,20,rf,10,robust,"['car_age', 'mileage', 'tax', 'mpg']",2,"['car_age', 'mileage', 'engineSize']",z_score,30,"['car_age', 'mileage', 'tax', 'mpg', 'engineSize']","['car_age', 'mileage', 'tax', 'mpg']",0.5,0.5,"RandomForestRegressor(max_depth=12, max_features='sqrt', min_samples_leaf=4,
                      min_samples_split=10, random_state=42)",robust,15,iterative,target,"{'selector__selection_method': 'model', 'selector__n_features_to_select': 20, 'selector__model_name': 'rf', 'selector__k': 10, 'scaler__scaler_name': 'robust', 'outlier_remover__z_columns': ['car_age', 'mileage', 'tax', 'mpg'], 'outlier_remover__threshold': 2, 'outlier_remover__sev_outliers_cols': ['car_age', 'mileage', 'engineSize'], 'outlier_remover__outlier_method': 'z_score', 'outlier_remover__n_neighbors': 30, 'outlier_remover__model_columns': ['car_age', 'mileage', 'tax', 'mpg', 'engineSize'], 'outlier_remover__mod_outliers_cols': ['car_age', 'mileage', 'tax', 'mpg'], 'outlier_remover__contamination_LOF': 0.5, 'outlier_remover__contamination_IF': 0.5, 'model': RandomForestRegressor(max_depth=12, max_features='sqrt', min_samples_leaf=4,
                      min_samples_split=10, random_state=42), 'imputer__knn_scaling_method': 'robust', 'imputer__knn_neighbors': 15, 'imputer__imputation_method': 'iterative', 'encoder__method': 'target'}",-1587.0026860219339,-1594.9823721436092,-1600.4426402590266,-1594.1425661415233,5.518879600344092,6,-1429.6376215816888,-1429.7637831048194,-1421.836358716705,-1427.0792544677377,3.707644901607774
389,5,64000,14.571369965871176,0.5321439790937025,0.2385861078898112,0.008729098217244987,model,9,rf,24,minmax,"['car_age', 'mileage', 'tax', 'mpg']",2,"['car_age', 'mileage']",z_score,100,"['car_age', 'mileage', 'tax', 'mpg', 'engineSize']","['tax', 'mpg']",0.15,0.3,"RandomForestRegressor(max_depth=12, max_features='sqrt', min_samples_leaf=4,
                      min_samples_split=10, random_state=42)",robust,13,iterative,target,"{'selector__selection_method': 'model', 'selector__n_features_to_select': 9, 'selector__model_name': 'rf', 'selector__k': 24, 'scaler__scaler_name': 'minmax', 'outlier_remover__z_columns': ['car_age', 'mileage', 'tax', 'mpg'], 'outlier_remover__threshold': 2, 'outlier_remover__sev_outliers_cols': ['car_age', 'mileage'], 'outlier_remover__outlier_method': 'z_score', 'outlier_remover__n_neighbors': 100, 'outlier_remover__model_columns': ['car_age', 'mileage', 'tax', 'mpg', 'engineSize'], 'outlier_remover__mod_outliers_cols': ['tax', 'mpg'], 'outlier_remover__contamination_LOF': 0.15, 'outlier_remover__contamination_IF': 0.3, 'model': RandomForestRegressor(max_depth=12, max_features='sqrt', min_samples_leaf=4,
                      min_samples_split=10, random_state=42), 'imputer__knn_scaling_method': 'robust', 'imputer__knn_neighbors': 13, 'imputer__imputation_method': 'iterative', 'encoder__method': 'target'}",-1587.100877363114,-1595.1665149068222,-1600.449435607764,-1594.2389426258999,5.488855044843382,7,-1429.6547547408663,-1430.0829479549122,-1421.8359527338587,-1427.1912184765458,3.7907774697931527
390,5,64000,3.733808994293213,0.14786267935416839,0.8232706387837728,0.027063740919797467,kbest,19,rf,20,robust,"['car_age', 'mileage', 'tax', 'mpg']",2,"['car_age', 'mileage', 'engineSize']",z_score,70,"['car_age', 'mileage', 'tax', 'mpg', 'engineSize']","['car_age', 'mileage', 'tax', 'mpg']",0.05,0.15,"RandomForestRegressor(max_depth=12, max_features='sqrt', min_samples_leaf=4,
                      min_samples_split=10, random_state=42)",standard,9,knn_modelwise,target,"{'selector__selection_method': 'kbest', 'selector__n_features_to_select': 19, 'selector__model_name': 'rf', 'selector__k': 20, 'scaler__scaler_name': 'robust', 'outlier_remover__z_columns': ['car_age', 'mileage', 'tax', 'mpg'], 'outlier_remover__threshold': 2, 'outlier_remover__sev_outliers_cols': ['car_age', 'mileage', 'engineSize'], 'outlier_remover__outlier_method': 'z_score', 'outlier_remover__n_neighbors': 70, 'outlier_remover__model_columns': ['car_age', 'mileage', 'tax', 'mpg', 'engineSize'], 'outlier_remover__mod_outliers_cols': ['car_age', 'mileage', 'tax', 'mpg'], 'outlier_remover__contamination_LOF': 0.05, 'outlier_remover__contamination_IF': 0.15, 'model': RandomForestRegressor(max_depth=12, max_features='sqrt', min_samples_leaf=4,
                      min_samples_split=10, random_state=42), 'imputer__knn_scaling_method': 'standard', 'imputer__knn_neighbors': 9, 'imputer__imputation_method': 'knn_modelwise', 'encoder__method': 'target'}",-1584.6650933653314,-1582.0138652937899,-1593.0441523142345,-1586.5743703244518,4.701121271804451,5,-1420.9334609600842,-1428.2446992567732,-1418.6185550050357,-1422.5989050739645,4.102514786579759
391,5,64000,3.8084344069163003,0.1528300501862642,0.8671749432881674,0.021193635478984306,kbest,9,rf,11,robust,"['car_age', 'mileage', 'tax', 'mpg']",2,"['car_age', 'mileage', 'engineSize']",z_score,100,"['car_age', 'mileage', 'tax', 'mpg']","['tax', 'mpg']",0.5,0.05,"RandomForestRegressor(max_depth=12, max_features='sqrt', min_samples_leaf=4,
                      min_samples_split=10, random_state=42)",minmax,8,knn_modelwise,target,"{'selector__selection_method': 'kbest', 'selector__n_features_to_select': 9, 'selector__model_name': 'rf', 'selector__k': 11, 'scaler__scaler_name': 'robust', 'outlier_remover__z_columns': ['car_age', 'mileage', 'tax', 'mpg'], 'outlier_remover__threshold': 2, 'outlier_remover__sev_outliers_cols': ['car_age', 'mileage', 'engineSize'], 'outlier_remover__outlier_method': 'z_score', 'outlier_remover__n_neighbors': 100, 'outlier_remover__model_columns': ['car_age', 'mileage', 'tax', 'mpg'], 'outlier_remover__mod_outliers_cols': ['tax', 'mpg'], 'outlier_remover__contamination_LOF': 0.5, 'outlier_remover__contamination_IF': 0.05, 'model': RandomForestRegressor(max_depth=12, max_features='sqrt', min_samples_leaf=4,
                      min_samples_split=10, random_state=42), 'imputer__knn_scaling_method': 'minmax', 'imputer__knn_neighbors': 8, 'imputer__imputation_method': 'knn_modelwise', 'encoder__method': 'target'}",-1584.9132381679415,-1580.3912312824093,-1593.2800947066276,-1586.1948547189925,5.339326164101246,4,-1424.816354296407,-1425.5205010715958,-1417.4434137919727,-1422.593423053325,3.6529350951679573
392,5,64000,4.096952120463054,0.06992697034845237,1.0212365786234539,0.0361306986659423,kbest,18,rf,17,minmax,"['car_age', 'mileage', 'tax', 'mpg']",2,"['car_age', 'mileage', 'engineSize']",z_score,90,"['car_age', 'mileage', 'tax', 'mpg', 'engineSize']","['car_age', 'mileage', 'tax', 'mpg']",0.3,0.15,"RandomForestRegressor(max_depth=12, max_features='sqrt', min_samples_leaf=4,
                      min_samples_split=10, random_state=42)",standard,19,knn_modelwise,target,"{'selector__selection_method': 'kbest', 'selector__n_features_to_select': 18, 'selector__model_name': 'rf', 'selector__k': 17, 'scaler__scaler_name': 'minmax', 'outlier_remover__z_columns': ['car_age', 'mileage', 'tax', 'mpg'], 'outlier_remover__threshold': 2, 'outlier_remover__sev_outliers_cols': ['car_age', 'mileage', 'engineSize'], 'outlier_remover__outlier_method': 'z_score', 'outlier_remover__n_neighbors': 90, 'outlier_remover__model_columns': ['car_age', 'mileage', 'tax', 'mpg', 'engineSize'], 'outlier_remover__mod_outliers_cols': ['car_age', 'mileage', 'tax', 'mpg'], 'outlier_remover__contamination_LOF': 0.3, 'outlier_remover__contamination_IF': 0.15, 'model': RandomForestRegressor(max_depth=12, max_features='sqrt', min_samples_leaf=4,
                      min_samples_split=10, random_state=42), 'imputer__knn_scaling_method': 'standard', 'imputer__knn_neighbors': 19, 'imputer__imputation_method': 'knn_modelwise', 'encoder__method': 'target'}",-1581.5465249200274,-1579.3340277680545,-1586.8198482571847,-1582.5668003150888,3.1400741509499763,1,-1418.4055316574145,-1424.8822866140865,-1411.4262813043415,-1418.2380331919476,5.494667810761139
393,5,64000,3.1636830965677896,0.032164032104081676,0.20939254760742188,0.003387877813804511,kbest,12,rf,13,robust,"['car_age', 'mileage', 'tax', 'mpg']",3,"['car_age', 'mileage']",z_score,50,"['car_age', 'mileage', 'tax', 'mpg', 'engineSize']","['tax', 'mpg']",0.15,0.3,"RandomForestRegressor(max_depth=12, max_features='sqrt', min_samples_leaf=4,
                      min_samples_split=10, random_state=42)",standard,11,iterative,target,"{'selector__selection_method': 'kbest', 'selector__n_features_to_select': 12, 'selector__model_name': 'rf', 'selector__k': 13, 'scaler__scaler_name': 'robust', 'outlier_remover__z_columns': ['car_age', 'mileage', 'tax', 'mpg'], 'outlier_remover__threshold': 3, 'outlier_remover__sev_outliers_cols': ['car_age', 'mileage'], 'outlier_remover__outlier_method': 'z_score', 'outlier_remover__n_neighbors': 50, 'outlier_remover__model_columns': ['car_age', 'mileage', 'tax', 'mpg', 'engineSize'], 'outlier_remover__mod_outliers_cols': ['tax', 'mpg'], 'outlier_remover__contamination_LOF': 0.15, 'outlier_remover__contamination_IF': 0.3, 'model': RandomForestRegressor(max_depth=12, max_features='sqrt', min_samples_leaf=4,
                      min_samples_split=10, random_state=42), 'imputer__knn_scaling_method': 'standard', 'imputer__knn_neighbors': 11, 'imputer__imputation_method': 'iterative', 'encoder__method': 'target'}",-1583.6020544043658,-1585.9645026653843,-1588.7942250308522,-1586.1202607002008,2.1225541811214703,3,-1425.8122134600599,-1421.50143549614,-1412.4479998963031,-1419.920549617501,5.569257949696401
394,5,64000,13.767908970514933,0.26913506631821915,0.7332460880279541,0.03583944048581776,model,17,rf,16,standard,"['car_age', 'mileage', 'tax', 'mpg']",3,"['car_age', 'mileage', 'engineSize']",IQR,30,"['car_age', 'mileage', 'tax', 'mpg']","['car_age', 'mileage', 'tax', 'mpg']",0.05,0.05,"RandomForestRegressor(max_depth=12, max_features='sqrt', min_samples_leaf=4,
                      min_samples_split=10, random_state=42)",robust,15,knn_modelwise,target,"{'selector__selection_method': 'model', 'selector__n_features_to_select': 17, 'selector__model_name': 'rf', 'selector__k': 16, 'scaler__scaler_name': 'standard', 'outlier_remover__z_columns': ['car_age', 'mileage', 'tax', 'mpg'], 'outlier_remover__threshold': 3, 'outlier_remover__sev_outliers_cols': ['car_age', 'mileage', 'engineSize'], 'outlier_remover__outlier_method': 'IQR', 'outlier_remover__n_neighbors': 30, 'outlier_remover__model_columns': ['car_age', 'mileage', 'tax', 'mpg'], 'outlier_remover__mod_outliers_cols': ['car_age', 'mileage', 'tax', 'mpg'], 'outlier_remover__contamination_LOF': 0.05, 'outlier_remover__contamination_IF': 0.05, 'model': RandomForestRegressor(max_depth=12, max_features='sqrt', min_samples_leaf=4,
                      min_samples_split=10, random_state=42), 'imputer__knn_scaling_method': 'robust', 'imputer__knn_neighbors': 15, 'imputer__imputation_method': 'knn_modelwise', 'encoder__method': 'target'}",-1587.4843862137784,-1581.6316862554042,-1587.1135796081776,-1585.4098840257866,2.675874707926584,2,-1422.1154455943147,-1424.1664733117402,-1412.9472116991824,-1419.743043535079,4.877784772534376
