,iter,n_resources,mean_fit_time,std_fit_time,mean_score_time,std_score_time,param_q,param_model__min_samples_leaf,param_model__max_leaf_nodes,param_model__max_iter,param_model__max_depth,param_model__max_bins,param_model__learning_rate,param_model__l2_regularization,param_model,params,split0_test_score,split1_test_score,split2_test_score,mean_test_score,std_test_score,rank_test_score,split0_train_score,split1_train_score,split2_train_score,mean_train_score,std_train_score
0,0,2000,0.6062022844950358,0.010015699961401591,0.09794243176778157,0.0023201218759911586,7,60,10,330,18,190,0.05,9,HistGradientBoostingRegressor(),"{'q': 7, 'model__min_samples_leaf': 60, 'model__max_leaf_nodes': 10, 'model__max_iter': 330, 'model__max_depth': 18, 'model__max_bins': 190, 'model__learning_rate': 0.05, 'model__l2_regularization': 9, 'model': HistGradientBoostingRegressor()}",-2440.524715210697,-2271.3022308100594,-2422.4591528048945,-2378.0953662752167,75.87345373765065,666,-1655.9555830736879,-1786.2173784413887,-1677.1767390219359,-1706.4499001790043,57.06558978462101
1,0,2000,0.41823673248291016,0.05883978527012062,0.10300723711649577,0.01670195109304222,5,40,45,250,3,155,0.2,7,HistGradientBoostingRegressor(),"{'q': 5, 'model__min_samples_leaf': 40, 'model__max_leaf_nodes': 45, 'model__max_iter': 250, 'model__max_depth': 3, 'model__max_bins': 155, 'model__learning_rate': 0.2, 'model__l2_regularization': 7, 'model': HistGradientBoostingRegressor()}",-2460.049512133762,-2238.6151132611058,-2381.716052107534,-2360.1268925008003,91.68012183826046,634,-1608.0129721061364,-1750.500921235219,-1570.8101902411543,-1643.1080278608367,77.44218017383237
2,0,2000,0.29475728670756024,0.025702562088745416,0.11089364687601726,0.004642150409869944,5,70,5,110,33,190,0.05,9,HistGradientBoostingRegressor(),"{'q': 5, 'model__min_samples_leaf': 70, 'model__max_leaf_nodes': 5, 'model__max_iter': 110, 'model__max_depth': 33, 'model__max_bins': 190, 'model__learning_rate': 0.05, 'model__l2_regularization': 9, 'model': HistGradientBoostingRegressor()}",-2749.691090435709,-2394.04844939806,-2631.089750297985,-2591.609763377251,147.8499781456518,879,-2179.7793013731175,-2287.075740797884,-2226.2207838237127,-2231.0252753315713,43.93513273220693
3,0,2000,0.6226820151011149,0.02721013873229611,0.1002342700958252,0.00826221087217524,10,30,20,170,13,225,0.1,9,HistGradientBoostingRegressor(),"{'q': 10, 'model__min_samples_leaf': 30, 'model__max_leaf_nodes': 20, 'model__max_iter': 170, 'model__max_depth': 13, 'model__max_bins': 225, 'model__learning_rate': 0.1, 'model__l2_regularization': 9, 'model': HistGradientBoostingRegressor()}",-2284.5712878922754,-2109.5737402817554,-2343.1097945887086,-2245.7516075875797,99.21356711503434,495,-1192.0697340615916,-1385.0120060799304,-1241.4242474786852,-1272.8353292067357,81.83997443952993
4,0,2000,0.30406872431437176,0.033821338981040665,0.12156788508097331,0.012197630868721504,11,95,40,90,28,155,0.1,3,HistGradientBoostingRegressor(),"{'q': 11, 'model__min_samples_leaf': 95, 'model__max_leaf_nodes': 40, 'model__max_iter': 90, 'model__max_depth': 28, 'model__max_bins': 155, 'model__learning_rate': 0.1, 'model__l2_regularization': 3, 'model': HistGradientBoostingRegressor()}",-2550.9494032825974,-2355.530745215045,-2571.8391648737074,-2492.773104457117,97.41900708650486,847,-2000.3718203184462,-2043.0155965747904,-1977.5192666098833,-2006.96889450104,27.14262761225081
5,0,2000,0.6027946472167969,0.024795323917388108,0.11938261985778809,0.00789478986205082,3,55,20,250,48,50,0.01,3,HistGradientBoostingRegressor(),"{'q': 3, 'model__min_samples_leaf': 55, 'model__max_leaf_nodes': 20, 'model__max_iter': 250, 'model__max_depth': 48, 'model__max_bins': 50, 'model__learning_rate': 0.01, 'model__l2_regularization': 3, 'model': HistGradientBoostingRegressor()}",-2804.1152078196365,-2492.5470951593093,-2808.3504197373104,-2701.6709075720855,147.88297387582605,913,-2175.072207816075,-2322.5295938414633,-2297.0476835687446,-2264.883161742094,64.35235049637724
6,0,2000,0.4179709752400716,0.009402062357383261,0.10260899861653645,0.0064950174459637525,4,95,35,330,3,85,0.2,5,HistGradientBoostingRegressor(),"{'q': 4, 'model__min_samples_leaf': 95, 'model__max_leaf_nodes': 35, 'model__max_iter': 330, 'model__max_depth': 3, 'model__max_bins': 85, 'model__learning_rate': 0.2, 'model__l2_regularization': 5, 'model': HistGradientBoostingRegressor()}",-2482.2128583850126,-2520.026558985344,-2531.1442086323705,-2511.127875334242,20.94372121184434,854,-1756.3748370807793,-1877.4680623894942,-1701.650232525977,-1778.497710665417,73.46220559448952
7,0,2000,0.33903662363688153,0.007745183978236961,0.09950073560078938,0.008108898851482603,13,40,15,90,8,120,0.01,5,HistGradientBoostingRegressor(),"{'q': 13, 'model__min_samples_leaf': 40, 'model__max_leaf_nodes': 15, 'model__max_iter': 90, 'model__max_depth': 8, 'model__max_bins': 120, 'model__learning_rate': 0.01, 'model__l2_regularization': 5, 'model': HistGradientBoostingRegressor()}",-4130.3692474343015,-3946.3907403506605,-4190.596059121749,-4089.1186823022376,103.87577924876828,967,-3684.4736957170576,-3788.2276041615946,-3697.9744197085993,-3723.558573195751,46.05887581215973
8,0,2000,0.8448136647542318,0.06356414367374416,0.0904233455657959,0.004550547731967295,5,10,55,150,13,50,0.2,7,HistGradientBoostingRegressor(),"{'q': 5, 'model__min_samples_leaf': 10, 'model__max_leaf_nodes': 55, 'model__max_iter': 150, 'model__max_depth': 13, 'model__max_bins': 50, 'model__learning_rate': 0.2, 'model__l2_regularization': 7, 'model': HistGradientBoostingRegressor()}",-2422.1847511109413,-2281.778486493608,-2441.979198280234,-2381.980811961594,71.31308695500752,677,-413.3144420634748,-503.48477888724256,-366.0140921859153,-427.6044377122109,57.02455849464797
9,0,2000,1.409053643544515,0.021320094174939835,0.10143367449442546,0.005510444671055047,13,20,55,390,13,85,0.01,5,HistGradientBoostingRegressor(),"{'q': 13, 'model__min_samples_leaf': 20, 'model__max_leaf_nodes': 55, 'model__max_iter': 390, 'model__max_depth': 13, 'model__max_bins': 85, 'model__learning_rate': 0.01, 'model__l2_regularization': 5, 'model': HistGradientBoostingRegressor()}",-2413.8390882292156,-2183.445474010264,-2388.816383804286,-2328.700315347922,103.21744243167895,590,-1449.4468213424886,-1631.0863737003049,-1540.1752279482732,-1540.2361409970224,74.15404923979358
10,0,2000,0.5191452503204346,0.01755223182306382,0.0926345984141032,0.005928484096076254,14,15,15,230,38,50,0.05,5,HistGradientBoostingRegressor(),"{'q': 14, 'model__min_samples_leaf': 15, 'model__max_leaf_nodes': 15, 'model__max_iter': 230, 'model__max_depth': 38, 'model__max_bins': 50, 'model__learning_rate': 0.05, 'model__l2_regularization': 5, 'model': HistGradientBoostingRegressor()}",-2367.0307116007934,-2085.7939387222386,-2251.98871803425,-2234.9377894524273,115.44574838111267,487,-1416.9258457954772,-1562.0100862298466,-1424.3022199211653,-1467.7460506488296,66.72272989431684
11,0,2000,0.5608596007029215,0.007550518356134805,0.09409173329671223,0.005621026085066738,7,70,60,210,48,120,0.2,3,HistGradientBoostingRegressor(),"{'q': 7, 'model__min_samples_leaf': 70, 'model__max_leaf_nodes': 60, 'model__max_iter': 210, 'model__max_depth': 48, 'model__max_bins': 120, 'model__learning_rate': 0.2, 'model__l2_regularization': 3, 'model': HistGradientBoostingRegressor()}",-2397.6722804501837,-2381.8567098046587,-2550.131084958928,-2443.220025071257,75.87276240935574,793,-1258.4441312683086,-1482.3065432678925,-1289.979921346621,-1343.576865294274,98.93792389494789
12,0,2000,0.6560905774434408,0.021836234820749232,0.09864846865336101,0.004892653094773382,6,95,15,370,13,225,0.05,5,HistGradientBoostingRegressor(),"{'q': 6, 'model__min_samples_leaf': 95, 'model__max_leaf_nodes': 15, 'model__max_iter': 370, 'model__max_depth': 13, 'model__max_bins': 225, 'model__learning_rate': 0.05, 'model__l2_regularization': 5, 'model': HistGradientBoostingRegressor()}",-2425.850779220613,-2363.0187225933582,-2475.6385848391647,-2421.5026955510452,46.0795523471042,763,-1778.692058298808,-1840.5678201167239,-1751.8832030189822,-1790.381027144838,37.136813020289
13,0,2000,0.3326161702473958,0.02384579605108796,0.10936673482259114,0.024915832289810497,10,35,35,210,3,50,0.2,1,HistGradientBoostingRegressor(),"{'q': 10, 'model__min_samples_leaf': 35, 'model__max_leaf_nodes': 35, 'model__max_iter': 210, 'model__max_depth': 3, 'model__max_bins': 50, 'model__learning_rate': 0.2, 'model__l2_regularization': 1, 'model': HistGradientBoostingRegressor()}",-2495.564912338503,-2225.8797367240145,-2455.2488312217833,-2392.231160094767,118.77413759529459,698,-1688.39190818202,-1791.8741624900863,-1619.4536214282925,-1699.9065640334663,70.85972631212252
14,0,2000,0.5162767569224039,0.01756245120063945,0.09298491477966309,0.004172665936311568,6,40,20,150,43,155,0.1,3,HistGradientBoostingRegressor(),"{'q': 6, 'model__min_samples_leaf': 40, 'model__max_leaf_nodes': 20, 'model__max_iter': 150, 'model__max_depth': 43, 'model__max_bins': 155, 'model__learning_rate': 0.1, 'model__l2_regularization': 3, 'model': HistGradientBoostingRegressor()}",-2366.497540575741,-2121.2031166217985,-2360.651988030055,-2282.7842150758647,114.28001036739563,538,-1307.1178954762024,-1488.2264987386582,-1328.2496611430302,-1374.5313517859638,80.85615915725712
15,0,2000,0.35288254419962567,0.03447994839251404,0.1032424767812093,0.005273801703872225,5,95,15,130,33,190,0.05,7,HistGradientBoostingRegressor(),"{'q': 5, 'model__min_samples_leaf': 95, 'model__max_leaf_nodes': 15, 'model__max_iter': 130, 'model__max_depth': 33, 'model__max_bins': 190, 'model__learning_rate': 0.05, 'model__l2_regularization': 7, 'model': HistGradientBoostingRegressor()}",-2622.395060949563,-2351.9468924235503,-2631.0218541836784,-2535.121269185597,129.57171660770024,864,-2102.7807784062206,-2133.5402844278647,-2078.480523240772,-2104.9338620249528,22.52955321789368
16,0,2000,0.35768771171569824,0.027295570244162695,0.1047062873840332,0.011200670608568393,12,90,35,130,48,155,0.1,3,HistGradientBoostingRegressor(),"{'q': 12, 'model__min_samples_leaf': 90, 'model__max_leaf_nodes': 35, 'model__max_iter': 130, 'model__max_depth': 48, 'model__max_bins': 155, 'model__learning_rate': 0.1, 'model__l2_regularization': 3, 'model': HistGradientBoostingRegressor()}",-2478.9161757442735,-2375.7221603628614,-2530.389640016142,-2461.6759920410923,64.3087617989134,818,-1841.4734900471494,-1917.8075634975564,-1854.5574198578402,-1871.2794911341819,33.33110102403185
17,0,2000,0.5754450956980387,0.00342036550170525,0.09692200024922688,0.003381646986962084,11,95,60,290,38,190,0.01,7,HistGradientBoostingRegressor(),"{'q': 11, 'model__min_samples_leaf': 95, 'model__max_leaf_nodes': 60, 'model__max_iter': 290, 'model__max_depth': 38, 'model__max_bins': 190, 'model__learning_rate': 0.01, 'model__l2_regularization': 7, 'model': HistGradientBoostingRegressor()}",-2859.4321307107293,-2545.573710418734,-2859.6669289189363,-2754.8909233494664,148.00965172214686,919,-2350.8275322533887,-2426.6468603536123,-2390.4591839404607,-2389.311192182487,30.96375345679333
18,0,2000,0.43537624677022296,0.07358211321088118,0.09842443466186523,0.004234699001397522,8,70,45,170,18,155,0.05,1,HistGradientBoostingRegressor(),"{'q': 8, 'model__min_samples_leaf': 70, 'model__max_leaf_nodes': 45, 'model__max_iter': 170, 'model__max_depth': 18, 'model__max_bins': 155, 'model__learning_rate': 0.05, 'model__l2_regularization': 1, 'model': HistGradientBoostingRegressor()}",-2508.0264568135617,-2261.6090790959834,-2532.15428980151,-2433.929941903685,122.2467392892114,782,-1809.1200708734466,-1913.6188728591296,-1842.2725228837742,-1855.0038222054502,43.60095099057916
19,0,2000,0.45216933886210126,0.05007051342719075,0.10221505165100098,0.011318666591008195,10,95,40,230,8,120,0.01,3,HistGradientBoostingRegressor(),"{'q': 10, 'model__min_samples_leaf': 95, 'model__max_leaf_nodes': 40, 'model__max_iter': 230, 'model__max_depth': 8, 'model__max_bins': 120, 'model__learning_rate': 0.01, 'model__l2_regularization': 3, 'model': HistGradientBoostingRegressor()}",-2999.4273591074366,-2694.662704797414,-2994.5163636787215,-2896.2021425278576,142.52400543897318,933,-2504.9858701262287,-2582.3932701952667,-2545.1556048487323,-2544.1782483900756,31.608994664994572
20,0,2000,0.5623636245727539,0.008244454076769008,0.11259420712788899,0.009028937989153718,6,80,30,250,38,190,0.05,3,HistGradientBoostingRegressor(),"{'q': 6, 'model__min_samples_leaf': 80, 'model__max_leaf_nodes': 30, 'model__max_iter': 250, 'model__max_depth': 38, 'model__max_bins': 190, 'model__learning_rate': 0.05, 'model__l2_regularization': 3, 'model': HistGradientBoostingRegressor()}",-2438.093679086838,-2265.6071376886343,-2511.9468536361355,-2405.2158901372027,103.21991302694931,725,-1751.3134056538224,-1879.6703292729314,-1777.21753801268,-1802.733757646478,55.420712485138665
21,0,2000,0.6513288021087646,0.07495264515848075,0.11011258761088054,0.007466243968203951,4,60,30,310,23,120,0.05,1,HistGradientBoostingRegressor(),"{'q': 4, 'model__min_samples_leaf': 60, 'model__max_leaf_nodes': 30, 'model__max_iter': 310, 'model__max_depth': 23, 'model__max_bins': 120, 'model__learning_rate': 0.05, 'model__l2_regularization': 1, 'model': HistGradientBoostingRegressor()}",-2396.9056772393856,-2283.0237856705917,-2458.019807762715,-2379.316423557564,72.51638123361894,669,-1527.5309328020353,-1701.6890578647503,-1530.243658612414,-1586.4878830930666,81.46705969045648
22,0,2000,0.648459275563558,0.07157901349636173,0.10497633616129558,0.013466445908784269,4,55,45,310,8,120,0.01,7,HistGradientBoostingRegressor(),"{'q': 4, 'model__min_samples_leaf': 55, 'model__max_leaf_nodes': 45, 'model__max_iter': 310, 'model__max_depth': 8, 'model__max_bins': 120, 'model__learning_rate': 0.01, 'model__l2_regularization': 7, 'model': HistGradientBoostingRegressor()}",-2714.7050517904154,-2376.2214751002243,-2685.879640105662,-2592.268722332101,153.22105135403223,880,-2023.80616019804,-2194.335809547363,-2142.0356203751744,-2120.059196706859,71.33167937991149
23,0,2000,0.9521996180216471,0.025187861203349583,0.10411763191223145,0.01572087327109885,12,5,35,290,13,50,0.05,1,HistGradientBoostingRegressor(),"{'q': 12, 'model__min_samples_leaf': 5, 'model__max_leaf_nodes': 35, 'model__max_iter': 290, 'model__max_depth': 13, 'model__max_bins': 50, 'model__learning_rate': 0.05, 'model__l2_regularization': 1, 'model': HistGradientBoostingRegressor()}",-2357.634028783309,-2123.339853669019,-2314.113411703785,-2265.029098052038,101.75261670056703,513,-652.8472746642159,-795.6081681780524,-695.1801854423543,-714.5452094282076,59.86886388709215
24,0,2000,0.4370776017506917,0.04483900470431314,0.09874439239501953,0.0047933768288379785,14,25,65,390,3,120,0.05,7,HistGradientBoostingRegressor(),"{'q': 14, 'model__min_samples_leaf': 25, 'model__max_leaf_nodes': 65, 'model__max_iter': 390, 'model__max_depth': 3, 'model__max_bins': 120, 'model__learning_rate': 0.05, 'model__l2_regularization': 7, 'model': HistGradientBoostingRegressor()}",-2483.5796668944795,-2306.7897019153243,-2353.0293414327202,-2381.1329034141745,74.86000523807454,673,-1705.7931772311633,-1955.301383055527,-1731.848380873726,-1797.647647053472,111.98435535308211
25,0,2000,0.4185721079508464,0.015693450920539788,0.1056061585744222,0.0026650315608105907,10,85,35,350,3,155,0.1,5,HistGradientBoostingRegressor(),"{'q': 10, 'model__min_samples_leaf': 85, 'model__max_leaf_nodes': 35, 'model__max_iter': 350, 'model__max_depth': 3, 'model__max_bins': 155, 'model__learning_rate': 0.1, 'model__l2_regularization': 5, 'model': HistGradientBoostingRegressor()}",-2499.92752212062,-2426.5706442248406,-2477.3909017940655,-2467.963022713175,30.680847029017748,826,-1827.484179264499,-1932.611908571502,-1821.3397511488606,-1860.4786129949541,51.067587550012604
26,0,2000,0.6441344420115153,0.035621305938317374,0.0913678805033366,0.0026491956013667563,7,5,55,90,43,120,0.2,7,HistGradientBoostingRegressor(),"{'q': 7, 'model__min_samples_leaf': 5, 'model__max_leaf_nodes': 55, 'model__max_iter': 90, 'model__max_depth': 43, 'model__max_bins': 120, 'model__learning_rate': 0.2, 'model__l2_regularization': 7, 'model': HistGradientBoostingRegressor()}",-2345.9475136397405,-2374.9948310431137,-2335.200170132497,-2352.0475049384504,16.80894959301922,621,-470.2141834379722,-610.5660337643867,-487.33889336643375,-522.7063701895976,62.51828684547605
27,0,2000,0.5006548563639323,0.04595307317300772,0.1051937739054362,0.005801236560568604,3,95,45,250,13,225,0.1,5,HistGradientBoostingRegressor(),"{'q': 3, 'model__min_samples_leaf': 95, 'model__max_leaf_nodes': 45, 'model__max_iter': 250, 'model__max_depth': 13, 'model__max_bins': 225, 'model__learning_rate': 0.1, 'model__l2_regularization': 5, 'model': HistGradientBoostingRegressor()}",-2397.714724247281,-2403.769785982121,-2455.9428881240524,-2419.1424661178185,26.138977766684974,750,-1672.0381834808504,-1764.8492355355393,-1640.1885204321522,-1692.3586464828475,52.8820346619631
28,0,2000,0.2841866811116536,0.023575385720339535,0.09504024187723796,0.01176186127696086,6,95,30,70,18,225,0.05,5,HistGradientBoostingRegressor(),"{'q': 6, 'model__min_samples_leaf': 95, 'model__max_leaf_nodes': 30, 'model__max_iter': 70, 'model__max_depth': 18, 'model__max_bins': 225, 'model__learning_rate': 0.05, 'model__l2_regularization': 5, 'model': HistGradientBoostingRegressor()}",-2774.453682492219,-2459.4380236987813,-2747.4139323163413,-2660.4352128357805,142.55452653429242,900,-2249.620794259604,-2335.6028183326775,-2266.7610518249217,-2283.994888139068,37.15715230838463
29,0,2000,0.550201416015625,0.007944136457228548,0.09686168034871419,0.002861754597607192,4,10,15,190,18,50,0.2,1,HistGradientBoostingRegressor(),"{'q': 4, 'model__min_samples_leaf': 10, 'model__max_leaf_nodes': 15, 'model__max_iter': 190, 'model__max_depth': 18, 'model__max_bins': 50, 'model__learning_rate': 0.2, 'model__l2_regularization': 1, 'model': HistGradientBoostingRegressor()}",-2423.328221985675,-2173.900730559765,-2399.9496677927427,-2332.392873446061,112.47654189964969,597,-748.6280458749452,-900.2703154499596,-812.5767048950355,-820.4916887399801,62.16016788595216
30,0,2000,0.47930455207824707,0.09083206274773976,0.08985145886739095,0.0023832300204253867,8,15,60,70,28,85,0.01,7,HistGradientBoostingRegressor(),"{'q': 8, 'model__min_samples_leaf': 15, 'model__max_leaf_nodes': 60, 'model__max_iter': 70, 'model__max_depth': 28, 'model__max_bins': 85, 'model__learning_rate': 0.01, 'model__l2_regularization': 7, 'model': HistGradientBoostingRegressor()}",-4506.044416539965,-4376.525943437586,-4497.5444777962,-4460.038279257918,59.15400755816843,974,-4068.073123019684,-4211.9496018612035,-4034.104156959625,-4104.708960613504,77.08821360498062
31,0,2000,1.1004746754964192,0.05829988837995094,0.12151900927225749,0.01906578142223555,7,15,30,350,43,120,0.05,5,HistGradientBoostingRegressor(),"{'q': 7, 'model__min_samples_leaf': 15, 'model__max_leaf_nodes': 30, 'model__max_iter': 350, 'model__max_depth': 43, 'model__max_bins': 120, 'model__learning_rate': 0.05, 'model__l2_regularization': 5, 'model': HistGradientBoostingRegressor()}",-2347.605097273855,-2138.4833700661557,-2335.994649810368,-2274.0277057167928,95.96145343419602,530,-876.1690071518715,-1072.5003228304547,-868.8904198973928,-939.1865832932396,94.31387073720944
32,0,2000,0.39200472831726074,0.03562178204842621,0.10101032257080078,0.011754760740797374,14,75,60,270,3,155,0.05,7,HistGradientBoostingRegressor(),"{'q': 14, 'model__min_samples_leaf': 75, 'model__max_leaf_nodes': 60, 'model__max_iter': 270, 'model__max_depth': 3, 'model__max_bins': 155, 'model__learning_rate': 0.05, 'model__l2_regularization': 7, 'model': HistGradientBoostingRegressor()}",-2601.3155996574114,-2353.5859296959866,-2501.7662576610974,-2485.555929004832,101.78270452670968,840,-2002.624542984635,-2095.701333168928,-2004.4487957169022,-2034.258223956822,43.45322179651679
33,0,2000,0.724904457728068,0.05418074803546966,0.10834137598673503,0.007473772352089749,7,15,15,310,43,225,0.05,5,HistGradientBoostingRegressor(),"{'q': 7, 'model__min_samples_leaf': 15, 'model__max_leaf_nodes': 15, 'model__max_iter': 310, 'model__max_depth': 43, 'model__max_bins': 225, 'model__learning_rate': 0.05, 'model__l2_regularization': 5, 'model': HistGradientBoostingRegressor()}",-2351.5536424693855,-2113.531058670017,-2261.7571346861987,-2242.280611941867,98.14339442295542,491,-1272.4275435665695,-1389.0811083398373,-1293.0902127504185,-1318.1996215522752,50.82568478870904
34,0,2000,0.41170303026835126,0.029679855368561697,0.09679802258809407,0.004432953673276173,7,80,15,170,18,120,0.05,7,HistGradientBoostingRegressor(),"{'q': 7, 'model__min_samples_leaf': 80, 'model__max_leaf_nodes': 15, 'model__max_iter': 170, 'model__max_depth': 18, 'model__max_bins': 120, 'model__learning_rate': 0.05, 'model__l2_regularization': 7, 'model': HistGradientBoostingRegressor()}",-2529.498863115798,-2298.2176673814874,-2547.358482958511,-2458.358337818599,113.47104550285712,812,-1880.6117617079967,-2006.1739608878047,-1923.3095744946536,-1936.698432363485,52.127488602408036
35,0,2000,0.6600143909454346,0.010648466267581529,0.0960092544555664,0.0042781286311286216,9,45,20,250,33,85,0.01,7,HistGradientBoostingRegressor(),"{'q': 9, 'model__min_samples_leaf': 45, 'model__max_leaf_nodes': 20, 'model__max_iter': 250, 'model__max_depth': 33, 'model__max_bins': 85, 'model__learning_rate': 0.01, 'model__l2_regularization': 7, 'model': HistGradientBoostingRegressor()}",-2806.4032128545746,-2497.5897062229838,-2752.1854289924845,-2685.3927826900144,134.62884453090544,906,-2150.219403465921,-2267.495461203155,-2216.789715346686,-2211.5015266719206,48.0235507099847
36,0,2000,0.5553297201792399,0.08000310279704521,0.09522326787312825,0.00293869429896634,5,60,40,210,48,85,0.2,1,HistGradientBoostingRegressor(),"{'q': 5, 'model__min_samples_leaf': 60, 'model__max_leaf_nodes': 40, 'model__max_iter': 210, 'model__max_depth': 48, 'model__max_bins': 85, 'model__learning_rate': 0.2, 'model__l2_regularization': 1, 'model': HistGradientBoostingRegressor()}",-2432.094454545272,-2356.2612651107374,-2474.564950639979,-2420.9735567653297,48.93326256596409,762,-1147.6814428258615,-1359.1430616830773,-1168.7690827753338,-1225.197862428091,95.10401127976732
37,0,2000,0.6697526772816976,0.04979738330386544,0.10123769442240398,0.0019114467219486437,5,45,25,230,18,120,0.01,7,HistGradientBoostingRegressor(),"{'q': 5, 'model__min_samples_leaf': 45, 'model__max_leaf_nodes': 25, 'model__max_iter': 230, 'model__max_depth': 18, 'model__max_bins': 120, 'model__learning_rate': 0.01, 'model__l2_regularization': 7, 'model': HistGradientBoostingRegressor()}",-2856.596392205033,-2548.1715366800636,-2821.713662780443,-2742.16053055518,137.9081784172286,916,-2222.337289159844,-2289.9527501210964,-2283.612198766899,-2265.3007460159465,30.489830180334202
38,0,2000,0.815654993057251,0.037736509903477475,0.13048028945922852,0.024235561194172726,8,25,20,330,33,120,0.2,9,HistGradientBoostingRegressor(),"{'q': 8, 'model__min_samples_leaf': 25, 'model__max_leaf_nodes': 20, 'model__max_iter': 330, 'model__max_depth': 33, 'model__max_bins': 120, 'model__learning_rate': 0.2, 'model__l2_regularization': 9, 'model': HistGradientBoostingRegressor()}",-2382.184585212769,-2256.489871641616,-2430.9523432796054,-2356.5422667113303,73.49573627590466,626,-630.2323929999314,-827.0297914499251,-609.4916854849114,-688.9179566449226,98.02619861363297
39,0,2000,0.289414644241333,0.031447963442821913,0.12441269556681316,0.005878629880374688,6,75,55,50,38,155,0.1,7,HistGradientBoostingRegressor(),"{'q': 6, 'model__min_samples_leaf': 75, 'model__max_leaf_nodes': 55, 'model__max_iter': 50, 'model__max_depth': 38, 'model__max_bins': 155, 'model__learning_rate': 0.1, 'model__l2_regularization': 7, 'model': HistGradientBoostingRegressor()}",-2657.0731994759785,-2359.9334723304987,-2599.787156520515,-2538.9312761089973,128.7130736626192,865,-2007.0220922182334,-2145.3983713188254,-2066.33727178377,-2072.919245106943,56.68327462930286
40,0,2000,0.7113787333170573,0.04839112436414514,0.10939733187357585,0.010169859303794791,6,90,15,390,13,190,0.1,3,HistGradientBoostingRegressor(),"{'q': 6, 'model__min_samples_leaf': 90, 'model__max_leaf_nodes': 15, 'model__max_iter': 390, 'model__max_depth': 13, 'model__max_bins': 190, 'model__learning_rate': 0.1, 'model__l2_regularization': 3, 'model': HistGradientBoostingRegressor()}",-2371.1378038938306,-2407.27602129039,-2503.2669437953878,-2427.2269229932026,55.755754631833256,771,-1474.2119950003134,-1631.7575600662562,-1480.324696463865,-1528.764750510145,72.86965712828943
41,0,2000,0.6281720797220866,0.04076186330238985,0.10092854499816895,0.008996276930445498,6,25,20,210,13,120,0.05,5,HistGradientBoostingRegressor(),"{'q': 6, 'model__min_samples_leaf': 25, 'model__max_leaf_nodes': 20, 'model__max_iter': 210, 'model__max_depth': 13, 'model__max_bins': 120, 'model__learning_rate': 0.05, 'model__l2_regularization': 5, 'model': HistGradientBoostingRegressor()}",-2316.5438475609185,-2154.756531377549,-2324.944865213165,-2265.4150813838774,78.32253950396685,515,-1324.3947274807767,-1529.5036823583378,-1384.4073225808147,-1412.7685774733097,86.10339299179464
42,0,2000,1.3260534604390461,0.0833122296268235,0.1037299633026123,0.0036268327664243224,5,10,40,310,43,190,0.1,9,HistGradientBoostingRegressor(),"{'q': 5, 'model__min_samples_leaf': 10, 'model__max_leaf_nodes': 40, 'model__max_iter': 310, 'model__max_depth': 43, 'model__max_bins': 190, 'model__learning_rate': 0.1, 'model__l2_regularization': 9, 'model': HistGradientBoostingRegressor()}",-2367.451465169768,-2205.711441527648,-2363.304795170086,-2312.155900622501,75.28663392669564,568,-491.65467550750384,-560.5839401702282,-450.0395004958699,-500.7593720578673,45.586473945569345
43,0,2000,0.3457938035329183,0.02245131290537368,0.0943146546681722,0.008384372406084074,4,50,30,70,38,225,0.2,1,HistGradientBoostingRegressor(),"{'q': 4, 'model__min_samples_leaf': 50, 'model__max_leaf_nodes': 30, 'model__max_iter': 70, 'model__max_depth': 38, 'model__max_bins': 225, 'model__learning_rate': 0.2, 'model__l2_regularization': 1, 'model': HistGradientBoostingRegressor()}",-2388.8775373970943,-2139.8471727149504,-2457.708607315433,-2328.8111058091595,136.54048253015236,591,-1394.2603155909487,-1557.6617400381292,-1417.1287519754026,-1456.3502692014936,72.24380913720482
44,0,2000,0.5640912850697836,0.010993128804378697,0.11032938957214355,0.010329199778947347,12,95,10,330,23,190,0.01,9,HistGradientBoostingRegressor(),"{'q': 12, 'model__min_samples_leaf': 95, 'model__max_leaf_nodes': 10, 'model__max_iter': 330, 'model__max_depth': 23, 'model__max_bins': 190, 'model__learning_rate': 0.01, 'model__l2_regularization': 9, 'model': HistGradientBoostingRegressor()}",-2807.4101167090416,-2488.942220561702,-2796.3620129026845,-2697.571450057809,147.59207679622367,912,-2296.2692346193144,-2373.7131093389953,-2331.2923866297565,-2333.7582435293552,31.66437294064507
45,0,2000,0.2686576843261719,0.0036721082547229605,0.09698120752970378,0.0039268400192746565,13,55,60,50,33,85,0.05,3,HistGradientBoostingRegressor(),"{'q': 13, 'model__min_samples_leaf': 55, 'model__max_leaf_nodes': 60, 'model__max_iter': 50, 'model__max_depth': 33, 'model__max_bins': 85, 'model__learning_rate': 0.05, 'model__l2_regularization': 3, 'model': HistGradientBoostingRegressor()}",-2800.0135503063657,-2466.3007864342867,-2793.282660924634,-2686.5323325550953,155.75146151917528,907,-2166.4032124141795,-2299.606646771523,-2272.8627179263754,-2246.290859037359,57.534549010492384
46,0,2000,0.47650806109110516,0.021034230298807077,0.10139528910319011,0.009509015170586206,12,65,25,190,28,50,0.01,7,HistGradientBoostingRegressor(),"{'q': 12, 'model__min_samples_leaf': 65, 'model__max_leaf_nodes': 25, 'model__max_iter': 190, 'model__max_depth': 28, 'model__max_bins': 50, 'model__learning_rate': 0.01, 'model__l2_regularization': 7, 'model': HistGradientBoostingRegressor()}",-3094.3938439208127,-2850.6231960460445,-3138.760589745518,-3027.9258765707914,126.6735500534449,941,-2564.1345182132386,-2691.7551342341603,-2673.943446110557,-2643.2776995193185,56.43312513579485
47,0,2000,0.24177074432373047,0.021053094524384586,0.09177271525065105,0.002359906272685464,13,55,25,50,3,120,0.01,9,HistGradientBoostingRegressor(),"{'q': 13, 'model__min_samples_leaf': 55, 'model__max_leaf_nodes': 25, 'model__max_iter': 50, 'model__max_depth': 3, 'model__max_bins': 120, 'model__learning_rate': 0.01, 'model__l2_regularization': 9, 'model': HistGradientBoostingRegressor()}",-5211.086478186255,-5086.535650046064,-5265.643777457891,-5187.7553018967365,74.95860264853856,985,-4937.469566776182,-5072.081001304887,-4859.41489031682,-4956.321819465963,87.83801099868145
48,0,2000,0.4010926882425944,0.0154837927849371,0.10118754704793294,0.011290011242063974,6,80,50,290,3,50,0.1,5,HistGradientBoostingRegressor(),"{'q': 6, 'model__min_samples_leaf': 80, 'model__max_leaf_nodes': 50, 'model__max_iter': 290, 'model__max_depth': 3, 'model__max_bins': 50, 'model__learning_rate': 0.1, 'model__l2_regularization': 5, 'model': HistGradientBoostingRegressor()}",-2570.763244358743,-2464.7923007780882,-2511.085554060055,-2515.5470330656285,43.37732754201951,857,-1935.205875449003,-1993.9598872225993,-1903.5240326342362,-1944.229931768613,37.467640643863206
49,0,2000,0.9401311079661051,0.022420278791748925,0.10997986793518066,0.013094413334455275,5,30,25,370,28,50,0.2,9,HistGradientBoostingRegressor(),"{'q': 5, 'model__min_samples_leaf': 30, 'model__max_leaf_nodes': 25, 'model__max_iter': 370, 'model__max_depth': 28, 'model__max_bins': 50, 'model__learning_rate': 0.2, 'model__l2_regularization': 9, 'model': HistGradientBoostingRegressor()}",-2441.952207170417,-2302.1584489498455,-2529.5016962682434,-2424.5374507961683,93.62582738396986,766,-552.899095657123,-732.2804486584515,-522.6931704806518,-602.6242382654087,92.50639310900037
50,0,2000,0.6202069918314616,0.07880610316149106,0.10453359285990398,0.010679464720149795,14,75,30,310,28,120,0.2,9,HistGradientBoostingRegressor(),"{'q': 14, 'model__min_samples_leaf': 75, 'model__max_leaf_nodes': 30, 'model__max_iter': 310, 'model__max_depth': 28, 'model__max_bins': 120, 'model__learning_rate': 0.2, 'model__l2_regularization': 9, 'model': HistGradientBoostingRegressor()}",-2363.4320448817966,-2394.198608361047,-2540.61003584753,-2432.746896363458,77.29807242789003,780,-1165.1216647486633,-1416.555115720119,-1203.8678678992944,-1261.8482161226923,110.5320033653412
51,0,2000,0.3373926480611165,0.02662881180808226,0.09273131688435872,0.009667311827953115,6,90,15,170,3,85,0.2,9,HistGradientBoostingRegressor(),"{'q': 6, 'model__min_samples_leaf': 90, 'model__max_leaf_nodes': 15, 'model__max_iter': 170, 'model__max_depth': 3, 'model__max_bins': 85, 'model__learning_rate': 0.2, 'model__l2_regularization': 9, 'model': HistGradientBoostingRegressor()}",-2526.9910833371137,-2478.2215029016284,-2508.802628362127,-2504.67173820029,20.123223467926987,853,-1896.3618829467189,-1979.288313357819,-1872.166267745152,-1915.9388213498967,45.87101882446726
52,0,2000,0.6038366953531901,0.005198158688274183,0.09838072458902995,0.006040407742828959,3,95,60,350,38,85,0.1,9,HistGradientBoostingRegressor(),"{'q': 3, 'model__min_samples_leaf': 95, 'model__max_leaf_nodes': 60, 'model__max_iter': 350, 'model__max_depth': 38, 'model__max_bins': 85, 'model__learning_rate': 0.1, 'model__l2_regularization': 9, 'model': HistGradientBoostingRegressor()}",-2401.3791273166657,-2431.028677034023,-2505.306492066946,-2445.904765472545,43.71268154214503,800,-1585.641566506697,-1737.1568110839514,-1597.793797267559,-1640.1973916194027,68.739925057146
53,0,2000,0.5701217651367188,0.1415860551116606,0.11353834470113118,0.020654734632421318,11,80,20,230,28,190,0.01,1,HistGradientBoostingRegressor(),"{'q': 11, 'model__min_samples_leaf': 80, 'model__max_leaf_nodes': 20, 'model__max_iter': 230, 'model__max_depth': 28, 'model__max_bins': 190, 'model__learning_rate': 0.01, 'model__l2_regularization': 1, 'model': HistGradientBoostingRegressor()}",-2942.6908881649574,-2654.0829941773964,-2975.9000724909893,-2857.5579849444475,144.51589619978097,931,-2386.3558515346745,-2518.345436425987,-2474.596096300297,-2459.7657947536527,54.895452227657536
54,0,2000,0.4916410446166992,0.1185347981262377,0.10853036244710286,0.02206885125912875,9,55,25,230,3,155,0.1,9,HistGradientBoostingRegressor(),"{'q': 9, 'model__min_samples_leaf': 55, 'model__max_leaf_nodes': 25, 'model__max_iter': 230, 'model__max_depth': 3, 'model__max_bins': 155, 'model__learning_rate': 0.1, 'model__l2_regularization': 9, 'model': HistGradientBoostingRegressor()}",-2566.5260350902117,-2238.6849201134855,-2405.533147260267,-2403.5813674879882,133.84769018180168,722,-1893.6354440806863,-1913.1743534510629,-1803.190037739816,-1869.9999450905216,47.91043751976777
55,0,2000,0.603083610534668,0.0117491884710773,0.10515936215718587,0.00782667925265561,5,60,10,350,43,85,0.2,5,HistGradientBoostingRegressor(),"{'q': 5, 'model__min_samples_leaf': 60, 'model__max_leaf_nodes': 10, 'model__max_iter': 350, 'model__max_depth': 43, 'model__max_bins': 85, 'model__learning_rate': 0.2, 'model__l2_regularization': 5, 'model': HistGradientBoostingRegressor()}",-2392.0687827172255,-2368.2337490151463,-2458.728996951161,-2406.343842894511,38.29865517263886,727,-1208.4856760152538,-1397.4087016085823,-1235.8766878046217,-1280.5903551428194,83.35650918377684
56,0,2000,0.2941020329793294,0.03752096181860933,0.11313096682230632,0.00831558404723087,7,90,55,70,48,50,0.2,9,HistGradientBoostingRegressor(),"{'q': 7, 'model__min_samples_leaf': 90, 'model__max_leaf_nodes': 55, 'model__max_iter': 70, 'model__max_depth': 48, 'model__max_bins': 50, 'model__learning_rate': 0.2, 'model__l2_regularization': 9, 'model': HistGradientBoostingRegressor()}",-2455.110485621602,-2402.404353167436,-2546.581432944109,-2468.0320905777157,59.56499805094534,827,-1832.6163235075817,-1983.6368348982844,-1894.0659443395498,-1903.4397009151387,62.00913480787133
57,0,2000,0.632408062616984,0.027021572575919608,0.0991073449452718,0.008045925774647546,3,45,35,210,33,120,0.05,9,HistGradientBoostingRegressor(),"{'q': 3, 'model__min_samples_leaf': 45, 'model__max_leaf_nodes': 35, 'model__max_iter': 210, 'model__max_depth': 33, 'model__max_bins': 120, 'model__learning_rate': 0.05, 'model__l2_regularization': 9, 'model': HistGradientBoostingRegressor()}",-2406.5676214404302,-2175.8725652800877,-2363.369559484887,-2315.2699154018014,100.13402370455147,573,-1505.660245527631,-1653.1515611797433,-1526.5980701399942,-1561.8032922824561,65.1561089372942
58,0,2000,0.44052815437316895,0.004245680060238621,0.10660123825073242,0.016408146089573503,5,85,25,190,28,120,0.2,1,HistGradientBoostingRegressor(),"{'q': 5, 'model__min_samples_leaf': 85, 'model__max_leaf_nodes': 25, 'model__max_iter': 190, 'model__max_depth': 28, 'model__max_bins': 120, 'model__learning_rate': 0.2, 'model__l2_regularization': 1, 'model': HistGradientBoostingRegressor()}",-2427.9667834154325,-2424.3509651131812,-2566.6484099915133,-2472.988719506709,66.24385129595413,832,-1411.1831433955438,-1647.3626775381995,-1472.8893077204305,-1510.4783762180577,100.0163208009905
59,0,2000,0.7866242726643881,0.04737519991136057,0.09809637069702148,0.005689421536730982,8,65,35,350,38,190,0.05,9,HistGradientBoostingRegressor(),"{'q': 8, 'model__min_samples_leaf': 65, 'model__max_leaf_nodes': 35, 'model__max_iter': 350, 'model__max_depth': 38, 'model__max_bins': 190, 'model__learning_rate': 0.05, 'model__l2_regularization': 9, 'model': HistGradientBoostingRegressor()}",-2409.2517684490417,-2251.381811287748,-2469.1735942417654,-2376.602391326185,91.86149556245115,663,-1525.8379518756867,-1700.7989899295023,-1562.2487343852702,-1596.2952253968197,75.37556576622084
60,0,2000,0.5330855846405029,0.027955852493743986,0.10046704610188802,0.010460816331313445,6,80,10,250,33,85,0.2,7,HistGradientBoostingRegressor(),"{'q': 6, 'model__min_samples_leaf': 80, 'model__max_leaf_nodes': 10, 'model__max_iter': 250, 'model__max_depth': 33, 'model__max_bins': 85, 'model__learning_rate': 0.2, 'model__l2_regularization': 7, 'model': HistGradientBoostingRegressor()}",-2424.827898318468,-2400.9981710994016,-2503.7577440615646,-2443.1946044931447,43.91571002592507,792,-1409.2636417452397,-1642.8061635690547,-1435.0559165989848,-1495.7085739710928,104.54532034698488
61,0,2000,0.3676756223042806,0.0526407376506406,0.09938009579976399,0.008415282414857518,7,65,5,230,43,85,0.1,3,HistGradientBoostingRegressor(),"{'q': 7, 'model__min_samples_leaf': 65, 'model__max_leaf_nodes': 5, 'model__max_iter': 230, 'model__max_depth': 43, 'model__max_bins': 85, 'model__learning_rate': 0.1, 'model__l2_regularization': 3, 'model': HistGradientBoostingRegressor()}",-2515.1046572138757,-2332.107579587531,-2414.570208812771,-2420.594148538059,74.82957745128171,759,-1868.8919238268124,-1979.557657682166,-1878.856947914016,-1909.1021764743316,49.98537486395587
62,0,2000,0.9420545101165771,0.024458888102568556,0.1047512690226237,0.0016069171727949958,6,25,20,350,33,190,0.01,9,HistGradientBoostingRegressor(),"{'q': 6, 'model__min_samples_leaf': 25, 'model__max_leaf_nodes': 20, 'model__max_iter': 350, 'model__max_depth': 33, 'model__max_bins': 190, 'model__learning_rate': 0.01, 'model__l2_regularization': 9, 'model': HistGradientBoostingRegressor()}",-2503.122496914513,-2265.4247791339358,-2483.9378268560113,-2417.4950343014866,107.81476327898825,745,-1710.2002945525899,-1891.658990315762,-1838.8316253515936,-1813.563636739982,76.20440933601007
63,0,2000,0.552663246790568,0.0668915716510861,0.08742737770080566,0.003114871224359019,4,10,15,210,18,50,0.05,1,HistGradientBoostingRegressor(),"{'q': 4, 'model__min_samples_leaf': 10, 'model__max_leaf_nodes': 15, 'model__max_iter': 210, 'model__max_depth': 18, 'model__max_bins': 50, 'model__learning_rate': 0.05, 'model__l2_regularization': 1, 'model': HistGradientBoostingRegressor()}",-2408.6166221634594,-2148.269470634506,-2259.320853720816,-2272.068982172927,106.6678518004483,529,-1336.5243660719602,-1505.2313197789563,-1402.7536037344357,-1414.8364298617842,69.40223374258895
64,0,2000,0.8670726617177328,0.014875366912874376,0.10065062840779622,0.0041946313602698885,8,15,30,250,38,120,0.2,7,HistGradientBoostingRegressor(),"{'q': 8, 'model__min_samples_leaf': 15, 'model__max_leaf_nodes': 30, 'model__max_iter': 250, 'model__max_depth': 38, 'model__max_bins': 120, 'model__learning_rate': 0.2, 'model__l2_regularization': 7, 'model': HistGradientBoostingRegressor()}",-2446.8922359998,-2311.174247381223,-2425.9868808759584,-2394.684454752327,59.66419652011923,709,-446.5890329139512,-580.1643121581883,-414.6251201734805,-480.45948841520664,71.69942741581869
65,0,2000,0.5418785413106283,0.01709703464440514,0.09459964434305827,0.0021393217515923895,12,70,65,230,43,225,0.05,7,HistGradientBoostingRegressor(),"{'q': 12, 'model__min_samples_leaf': 70, 'model__max_leaf_nodes': 65, 'model__max_iter': 230, 'model__max_depth': 43, 'model__max_bins': 225, 'model__learning_rate': 0.05, 'model__l2_regularization': 7, 'model': HistGradientBoostingRegressor()}",-2428.7558921863097,-2241.3368285762017,-2509.5728997988954,-2393.221873520469,112.35256216676366,704,-1729.460667126175,-1845.1792572000645,-1746.3629612314298,-1773.6676285192232,51.03499886643178
66,0,2000,0.748061736424764,0.017719103483744156,0.1130070686340332,0.011252487586475155,3,70,55,390,13,120,0.1,5,HistGradientBoostingRegressor(),"{'q': 3, 'model__min_samples_leaf': 70, 'model__max_leaf_nodes': 55, 'model__max_iter': 390, 'model__max_depth': 13, 'model__max_bins': 120, 'model__learning_rate': 0.1, 'model__l2_regularization': 5, 'model': HistGradientBoostingRegressor()}",-2362.7820792968173,-2301.7123876706214,-2517.710906728788,-2394.068457898742,90.91376197014955,708,-1309.404125663682,-1503.1291421565436,-1308.9219905632965,-1373.818419461174,91.43670075180546
67,0,2000,0.6594293912251791,0.03305236993425107,0.10046887397766113,0.012833300541692357,12,45,35,210,38,120,0.01,1,HistGradientBoostingRegressor(),"{'q': 12, 'model__min_samples_leaf': 45, 'model__max_leaf_nodes': 35, 'model__max_iter': 210, 'model__max_depth': 38, 'model__max_bins': 120, 'model__learning_rate': 0.01, 'model__l2_regularization': 1, 'model': HistGradientBoostingRegressor()}",-2880.9200369077153,-2538.5046447556438,-2820.28576480973,-2746.570148824363,149.1924243513296,918,-2234.819241277061,-2308.646413722768,-2283.78174956687,-2275.7491348555664,30.670344223231208
68,0,2000,0.8718675772349039,0.015592713948813173,0.10302042961120605,0.0027609947273671428,7,20,25,310,28,85,0.05,3,HistGradientBoostingRegressor(),"{'q': 7, 'model__min_samples_leaf': 20, 'model__max_leaf_nodes': 25, 'model__max_iter': 310, 'model__max_depth': 28, 'model__max_bins': 85, 'model__learning_rate': 0.05, 'model__l2_regularization': 3, 'model': HistGradientBoostingRegressor()}",-2302.732528638809,-2154.2200346559366,-2332.8725884158475,-2263.275050570198,78.0890652732962,510,-1067.3309942627998,-1292.6138156422023,-1045.813411012548,-1135.25274030585,111.61730039288337
69,0,2000,1.0227309862772624,0.02298866592004198,0.09490331013997395,0.004923252994409668,12,15,65,250,38,85,0.01,9,HistGradientBoostingRegressor(),"{'q': 12, 'model__min_samples_leaf': 15, 'model__max_leaf_nodes': 65, 'model__max_iter': 250, 'model__max_depth': 38, 'model__max_bins': 85, 'model__learning_rate': 0.01, 'model__l2_regularization': 9, 'model': HistGradientBoostingRegressor()}",-2694.2739788834265,-2486.1775168711256,-2694.257260605616,-2624.902918786723,98.09367265479177,890,-1836.2177132831312,-1993.693534030417,-1936.8263628582126,-1922.2458700572536,65.11068323886096
70,0,2000,0.9031310876210531,0.018275559623452387,0.10363586743672688,0.003268115500950284,14,30,25,350,23,155,0.01,9,HistGradientBoostingRegressor(),"{'q': 14, 'model__min_samples_leaf': 30, 'model__max_leaf_nodes': 25, 'model__max_iter': 350, 'model__max_depth': 23, 'model__max_bins': 155, 'model__learning_rate': 0.01, 'model__l2_regularization': 9, 'model': HistGradientBoostingRegressor()}",-2483.33248352443,-2272.3076858563522,-2484.32523515261,-2413.3218015111306,99.71286108746862,742,-1700.4756971205622,-1863.7442363609161,-1829.5935503373178,-1797.9378279395987,70.31224429552715
71,0,2000,0.43361790974934894,0.02585651257176624,0.09465138117472331,0.005201677799418814,10,70,55,170,28,225,0.01,5,HistGradientBoostingRegressor(),"{'q': 10, 'model__min_samples_leaf': 70, 'model__max_leaf_nodes': 55, 'model__max_iter': 170, 'model__max_depth': 28, 'model__max_bins': 225, 'model__learning_rate': 0.01, 'model__l2_regularization': 5, 'model': HistGradientBoostingRegressor()}",-3264.074864960702,-2973.5784666915724,-3254.1515710763674,-3163.9349675762137,134.66332342094765,945,-2724.4694399170235,-2830.234086574225,-2786.3779648419863,-2780.360497111078,43.38738341230898
72,0,2000,0.6356170177459717,0.04138016424061059,0.10670121510823567,0.008293540415125924,13,50,40,230,18,155,0.2,1,HistGradientBoostingRegressor(),"{'q': 13, 'model__min_samples_leaf': 50, 'model__max_leaf_nodes': 40, 'model__max_iter': 230, 'model__max_depth': 18, 'model__max_bins': 155, 'model__learning_rate': 0.2, 'model__l2_regularization': 1, 'model': HistGradientBoostingRegressor()}",-2403.520513289018,-2216.0157628021716,-2466.038097096097,-2361.858124395762,106.23749462929896,638,-912.6015083113523,-1077.5046123995428,-954.2188266526139,-981.4416491211696,70.01937818369058
73,0,2000,1.1396833260854085,0.03284779356677237,0.11220701535542806,0.007084008211930923,10,20,35,330,33,85,0.2,7,HistGradientBoostingRegressor(),"{'q': 10, 'model__min_samples_leaf': 20, 'model__max_leaf_nodes': 35, 'model__max_iter': 330, 'model__max_depth': 33, 'model__max_bins': 85, 'model__learning_rate': 0.2, 'model__l2_regularization': 7, 'model': HistGradientBoostingRegressor()}",-2441.8646958623704,-2341.7213013812498,-2514.6423711786238,-2432.7427894740813,70.88879073160817,779,-335.0157138916687,-474.3324062469856,-316.14240017784203,-375.1635067721655,70.54503743434813
74,0,2000,0.5269790490468343,0.025503884696364176,0.09706974029541016,0.0026511469110245874,5,60,40,190,48,225,0.01,9,HistGradientBoostingRegressor(),"{'q': 5, 'model__min_samples_leaf': 60, 'model__max_leaf_nodes': 40, 'model__max_iter': 190, 'model__max_depth': 48, 'model__max_bins': 225, 'model__learning_rate': 0.01, 'model__l2_regularization': 9, 'model': HistGradientBoostingRegressor()}",-3112.243497358063,-2825.3497825789505,-3118.333994242184,-3018.642424726399,136.70115256605098,940,-2555.697929110576,-2642.156612959122,-2627.7126241932588,-2608.5223887543184,37.81511915761711
75,0,2000,0.24405487378438315,0.004434187780390997,0.10482064882914226,0.01595280623221764,10,50,55,50,3,225,0.01,1,HistGradientBoostingRegressor(),"{'q': 10, 'model__min_samples_leaf': 50, 'model__max_leaf_nodes': 55, 'model__max_iter': 50, 'model__max_depth': 3, 'model__max_bins': 225, 'model__learning_rate': 0.01, 'model__l2_regularization': 1, 'model': HistGradientBoostingRegressor()}",-5151.595884662714,-5026.803292510665,-5218.206994976924,-5132.202057383434,79.33445964964567,984,-4882.750205836205,-5028.911592578233,-4811.915943378997,-4907.859247264479,90.34978662190056
76,0,2000,0.5720412731170654,0.01739841452538214,0.11616142590840657,0.011681210631018006,7,80,30,250,48,120,0.1,7,HistGradientBoostingRegressor(),"{'q': 7, 'model__min_samples_leaf': 80, 'model__max_leaf_nodes': 30, 'model__max_iter': 250, 'model__max_depth': 48, 'model__max_bins': 120, 'model__learning_rate': 0.1, 'model__l2_regularization': 7, 'model': HistGradientBoostingRegressor()}",-2379.9234096086434,-2294.600782086236,-2490.1749685442137,-2388.233053413031,80.05874192238183,688,-1544.0921240645016,-1714.4791970387005,-1577.6065380611724,-1612.0592863881247,73.70292875066764
77,0,2000,0.3206033706665039,0.018032597106955334,0.10763223965962727,0.01331799719783384,10,85,35,90,43,190,0.1,3,HistGradientBoostingRegressor(),"{'q': 10, 'model__min_samples_leaf': 85, 'model__max_leaf_nodes': 35, 'model__max_iter': 90, 'model__max_depth': 43, 'model__max_bins': 190, 'model__learning_rate': 0.1, 'model__l2_regularization': 3, 'model': HistGradientBoostingRegressor()}",-2518.0416303826446,-2347.041557204363,-2562.748572072859,-2475.9439198866226,92.95712985968167,835,-1883.0471984514427,-1966.0314965148248,-1937.8274021244315,-1928.9686990302332,34.452439648994684
78,0,2000,1.0356337229410808,0.031761379075460304,0.09618957837422688,0.0024870885562727927,5,20,60,270,13,85,0.01,3,HistGradientBoostingRegressor(),"{'q': 5, 'model__min_samples_leaf': 20, 'model__max_leaf_nodes': 60, 'model__max_iter': 270, 'model__max_depth': 13, 'model__max_bins': 85, 'model__learning_rate': 0.01, 'model__l2_regularization': 3, 'model': HistGradientBoostingRegressor()}",-2571.136696770156,-2268.03378572867,-2532.487845528916,-2457.2194426759143,134.70175208335166,809,-1672.8895214504412,-1824.7412650226895,-1788.64456463047,-1762.0917837012003,64.774097898215
79,0,2000,1.2226300239562988,0.18581188506697024,0.10648862520853679,0.002483470481232501,9,35,40,370,48,225,0.05,1,HistGradientBoostingRegressor(),"{'q': 9, 'model__min_samples_leaf': 35, 'model__max_leaf_nodes': 40, 'model__max_iter': 370, 'model__max_depth': 48, 'model__max_bins': 225, 'model__learning_rate': 0.05, 'model__l2_regularization': 1, 'model': HistGradientBoostingRegressor()}",-2281.5838491286436,-2090.7575776414783,-2339.9971867556656,-2237.446204508596,106.43055464261643,490,-1050.5684742198937,-1202.9471504347496,-1053.502488011763,-1102.339370888802,71.15052629511227
80,0,2000,0.3534690539042155,0.011415133073794903,0.09251221021016438,0.004006867706539961,12,90,10,110,38,50,0.01,3,HistGradientBoostingRegressor(),"{'q': 12, 'model__min_samples_leaf': 90, 'model__max_leaf_nodes': 10, 'model__max_iter': 110, 'model__max_depth': 38, 'model__max_bins': 50, 'model__learning_rate': 0.01, 'model__l2_regularization': 3, 'model': HistGradientBoostingRegressor()}",-3919.756283471976,-3693.9858249704357,-3960.1534089461484,-3857.965172462853,117.11789427658867,965,-3486.567963099093,-3617.553181329399,-3534.47385674909,-3546.1983337258607,54.1133339636628
81,0,2000,0.317185640335083,0.021977173794390816,0.11025444666544597,0.007644308826884718,11,80,15,70,28,155,0.01,1,HistGradientBoostingRegressor(),"{'q': 11, 'model__min_samples_leaf': 80, 'model__max_leaf_nodes': 15, 'model__max_iter': 70, 'model__max_depth': 28, 'model__max_bins': 155, 'model__learning_rate': 0.01, 'model__l2_regularization': 1, 'model': HistGradientBoostingRegressor()}",-4553.7259732268485,-4377.605493753584,-4601.038537752732,-4510.79000157772,96.13603047686233,978,-4186.848562774249,-4331.642348150072,-4171.230167600423,-4229.907026174915,72.21975893061027
82,0,2000,0.7913512388865153,0.06345872942022926,0.1062024434407552,0.004782441649160618,10,55,40,330,33,190,0.2,5,HistGradientBoostingRegressor(),"{'q': 10, 'model__min_samples_leaf': 55, 'model__max_leaf_nodes': 40, 'model__max_iter': 330, 'model__max_depth': 33, 'model__max_bins': 190, 'model__learning_rate': 0.2, 'model__l2_regularization': 5, 'model': HistGradientBoostingRegressor()}",-2439.3291296935618,-2360.1602561451405,-2462.546649980358,-2420.6786786063535,43.83014871799491,760,-849.3013771756666,-1037.315912305658,-879.710512131093,-922.1092672041392,82.40391244289643
83,0,2000,0.285783052444458,0.009227184676538897,0.10833803812662761,0.0029618443045979826,8,75,45,70,23,225,0.05,7,HistGradientBoostingRegressor(),"{'q': 8, 'model__min_samples_leaf': 75, 'model__max_leaf_nodes': 45, 'model__max_iter': 70, 'model__max_depth': 23, 'model__max_bins': 225, 'model__learning_rate': 0.05, 'model__l2_regularization': 7, 'model': HistGradientBoostingRegressor()}",-2738.0288920544713,-2441.591348397284,-2700.853677332011,-2626.8246392612555,131.85605328194768,891,-2120.8943915941495,-2271.25724739782,-2210.9979732029424,-2201.049870731637,61.78711116105865
84,0,2000,0.7792010307312012,0.023538836555469834,0.10201104482014973,0.007639274064949264,10,55,55,370,23,120,0.01,5,HistGradientBoostingRegressor(),"{'q': 10, 'model__min_samples_leaf': 55, 'model__max_leaf_nodes': 55, 'model__max_iter': 370, 'model__max_depth': 23, 'model__max_bins': 120, 'model__learning_rate': 0.01, 'model__l2_regularization': 5, 'model': HistGradientBoostingRegressor()}",-2642.380928793944,-2289.015014691414,-2606.0350146232113,-2512.47698603619,158.70663890166793,856,-1927.8797039314486,-2094.616759095905,-2033.135112606898,-2018.5438585447507,68.847609072784
85,0,2000,0.5139909585316976,0.023084941254439235,0.09455434481302898,0.0063510420368921685,14,90,60,250,8,85,0.2,3,HistGradientBoostingRegressor(),"{'q': 14, 'model__min_samples_leaf': 90, 'model__max_leaf_nodes': 60, 'model__max_iter': 250, 'model__max_depth': 8, 'model__max_bins': 85, 'model__learning_rate': 0.2, 'model__l2_regularization': 3, 'model': HistGradientBoostingRegressor()}",-2431.845367761871,-2423.1505216643136,-2509.179185813667,-2454.7250250799502,38.66817643381641,808,-1414.719513923852,-1596.0742415741347,-1426.8788042428052,-1479.2241865802641,82.77444693993473
86,0,2000,0.44373496373494464,0.0465022922933254,0.1036977767944336,0.00838691405235548,8,65,10,170,23,225,0.2,9,HistGradientBoostingRegressor(),"{'q': 8, 'model__min_samples_leaf': 65, 'model__max_leaf_nodes': 10, 'model__max_iter': 170, 'model__max_depth': 23, 'model__max_bins': 225, 'model__learning_rate': 0.2, 'model__l2_regularization': 9, 'model': HistGradientBoostingRegressor()}",-2381.2550147527977,-2350.1009733090505,-2491.209458534803,-2407.5218155322173,60.52745805591541,733,-1459.9288443381274,-1634.2174397675403,-1504.6513010939198,-1532.9325283998623,73.90985269293576
87,0,2000,0.3662397066752116,0.012790840343410173,0.10475373268127441,0.0054804266662657,12,75,10,90,23,120,0.01,3,HistGradientBoostingRegressor(),"{'q': 12, 'model__min_samples_leaf': 75, 'model__max_leaf_nodes': 10, 'model__max_iter': 90, 'model__max_depth': 23, 'model__max_bins': 120, 'model__learning_rate': 0.01, 'model__l2_regularization': 3, 'model': HistGradientBoostingRegressor()}",-4202.390250065668,-3987.3659075274995,-4227.9477425308805,-4139.234633374683,107.89309144739062,968,-3791.6624462205227,-3925.887297098039,-3819.855887123739,-3845.8018768141005,57.78681184048906
88,0,2000,0.5942072868347168,0.03471875376808787,0.09706203142801921,0.0042143670915848405,4,75,10,290,38,225,0.05,3,HistGradientBoostingRegressor(),"{'q': 4, 'model__min_samples_leaf': 75, 'model__max_leaf_nodes': 10, 'model__max_iter': 290, 'model__max_depth': 38, 'model__max_bins': 225, 'model__learning_rate': 0.05, 'model__l2_regularization': 3, 'model': HistGradientBoostingRegressor()}",-2406.641789461473,-2247.7970540024494,-2488.9067393715104,-2381.1151942784777,100.07389067057497,672,-1742.6935540054187,-1861.365612651686,-1766.6964208640788,-1790.2518625070613,51.23090538000628
89,0,2000,1.0118333498636882,0.013497000243640112,0.10443941752115886,0.0028600736495720852,4,30,40,310,38,120,0.1,3,HistGradientBoostingRegressor(),"{'q': 4, 'model__min_samples_leaf': 30, 'model__max_leaf_nodes': 40, 'model__max_iter': 310, 'model__max_depth': 38, 'model__max_bins': 120, 'model__learning_rate': 0.1, 'model__l2_regularization': 3, 'model': HistGradientBoostingRegressor()}",-2299.1885277304277,-2186.31258379442,-2360.291501918555,-2281.9308711478006,72.06726497263523,536,-756.7168036128294,-933.3193485452559,-775.5178186201717,-821.8513235927525,79.192634259488
90,0,2000,0.6069095134735107,0.02721629543884248,0.10060183207194011,0.0046631405710868806,10,55,35,270,43,225,0.1,3,HistGradientBoostingRegressor(),"{'q': 10, 'model__min_samples_leaf': 55, 'model__max_leaf_nodes': 35, 'model__max_iter': 270, 'model__max_depth': 43, 'model__max_bins': 225, 'model__learning_rate': 0.1, 'model__l2_regularization': 3, 'model': HistGradientBoostingRegressor()}",-2384.942715769435,-2207.4960166377673,-2403.2109929704657,-2331.883241792556,88.27067774466782,595,-1213.6445456991646,-1401.2149131423928,-1251.3966130431243,-1288.7520239615606,81.00300706089385
91,0,2000,0.7240899403889974,0.006381779312904344,0.10717328389485677,0.006519795636277295,12,55,55,350,23,120,0.05,9,HistGradientBoostingRegressor(),"{'q': 12, 'model__min_samples_leaf': 55, 'model__max_leaf_nodes': 55, 'model__max_iter': 350, 'model__max_depth': 23, 'model__max_bins': 120, 'model__learning_rate': 0.05, 'model__l2_regularization': 9, 'model': HistGradientBoostingRegressor()}",-2378.124471422529,-2209.598317495595,-2408.467604435755,-2332.0634644512934,87.47746602954436,596,-1428.8708475425476,-1617.2974837901454,-1441.97021026897,-1496.0461805338875,85.9042382810275
92,0,2000,0.41990335782368976,0.0850239211560463,0.11356433232625325,0.014085690452411417,3,30,50,70,28,50,0.01,1,HistGradientBoostingRegressor(),"{'q': 3, 'model__min_samples_leaf': 30, 'model__max_leaf_nodes': 50, 'model__max_iter': 70, 'model__max_depth': 28, 'model__max_bins': 50, 'model__learning_rate': 0.01, 'model__l2_regularization': 1, 'model': HistGradientBoostingRegressor()}",-4435.933954848017,-4211.754462073984,-4369.728153715132,-4339.1388568790435,94.04215386658758,972,-3999.096091507348,-4108.98655626643,-3950.9653280906286,-4019.682658621469,66.13386524167134
93,0,2000,0.46358243624369305,0.061260326366516134,0.11315830548604329,0.011963011776043295,5,40,30,110,38,50,0.05,1,HistGradientBoostingRegressor(),"{'q': 5, 'model__min_samples_leaf': 40, 'model__max_leaf_nodes': 30, 'model__max_iter': 110, 'model__max_depth': 38, 'model__max_bins': 50, 'model__learning_rate': 0.05, 'model__l2_regularization': 1, 'model': HistGradientBoostingRegressor()}",-2454.888000263752,-2187.536700074486,-2364.4076700393907,-2335.610790125876,111.02889908424083,603,-1639.2755260528822,-1826.6781656609971,-1707.165058527257,-1724.3729167470456,77.46835965479285
94,0,2000,0.6393982569376627,0.005343251340037877,0.0991667111714681,0.00469507574686976,4,80,10,370,48,225,0.1,9,HistGradientBoostingRegressor(),"{'q': 4, 'model__min_samples_leaf': 80, 'model__max_leaf_nodes': 10, 'model__max_iter': 370, 'model__max_depth': 48, 'model__max_bins': 225, 'model__learning_rate': 0.1, 'model__l2_regularization': 9, 'model': HistGradientBoostingRegressor()}",-2376.0383720810187,-2328.028630933152,-2493.62213593039,-2399.22971298152,69.56378820377758,715,-1489.5421032821785,-1663.1968302172818,-1517.8710943308863,-1556.8700092767822,76.06873020255756
95,0,2000,0.603022575378418,0.1079045826357867,0.10400970776875813,0.01821672639004745,8,40,20,190,28,190,0.01,7,HistGradientBoostingRegressor(),"{'q': 8, 'model__min_samples_leaf': 40, 'model__max_leaf_nodes': 20, 'model__max_iter': 190, 'model__max_depth': 28, 'model__max_bins': 190, 'model__learning_rate': 0.01, 'model__l2_regularization': 7, 'model': HistGradientBoostingRegressor()}",-3014.5841735257613,-2697.3544228233523,-2985.0957880946153,-2899.011461481243,143.1003427646407,934,-2399.614289525317,-2488.5368900622793,-2458.7161731572487,-2448.9557842482814,36.95272759715905
96,0,2000,1.068764368693034,0.06616806634556652,0.09822758038838704,0.007957193252750034,10,10,55,210,33,120,0.01,9,HistGradientBoostingRegressor(),"{'q': 10, 'model__min_samples_leaf': 10, 'model__max_leaf_nodes': 55, 'model__max_iter': 210, 'model__max_depth': 33, 'model__max_bins': 120, 'model__learning_rate': 0.01, 'model__l2_regularization': 9, 'model': HistGradientBoostingRegressor()}",-2844.3977782462994,-2621.9718263905193,-2832.527836452753,-2766.299147029857,102.16981123516295,923,-1993.728128656747,-2137.527553452823,-2072.5839028741,-2067.94652832789,58.79737848425995
97,0,2000,0.4725037415822347,0.016487782313738354,0.09698605537414551,0.006439353830624985,4,20,40,370,3,190,0.1,1,HistGradientBoostingRegressor(),"{'q': 4, 'model__min_samples_leaf': 20, 'model__max_leaf_nodes': 40, 'model__max_iter': 370, 'model__max_depth': 3, 'model__max_bins': 190, 'model__learning_rate': 0.1, 'model__l2_regularization': 1, 'model': HistGradientBoostingRegressor()}",-2381.144268073469,-2215.32312896425,-2365.8517336698933,-2320.773043569204,74.82525763299105,579,-1450.8748819828254,-1710.1700313035947,-1504.8895114145892,-1555.3114749003364,111.69981920796629
98,0,2000,0.4790647029876709,0.054252001577367946,0.09545342127482097,0.002376797548128953,8,40,20,150,23,50,0.1,3,HistGradientBoostingRegressor(),"{'q': 8, 'model__min_samples_leaf': 40, 'model__max_leaf_nodes': 20, 'model__max_iter': 150, 'model__max_depth': 23, 'model__max_bins': 50, 'model__learning_rate': 0.1, 'model__l2_regularization': 3, 'model': HistGradientBoostingRegressor()}",-2407.4993909398067,-2121.353580005855,-2361.047500975946,-2296.633490640536,125.38402297044598,553,-1359.3988756340518,-1551.723491868546,-1413.004882315688,-1441.3757499394287,81.03854679401742
99,0,2000,0.6218930085500082,0.07262155707692868,0.09644460678100586,0.008019909586614304,12,10,30,150,43,155,0.05,3,HistGradientBoostingRegressor(),"{'q': 12, 'model__min_samples_leaf': 10, 'model__max_leaf_nodes': 30, 'model__max_iter': 150, 'model__max_depth': 43, 'model__max_bins': 155, 'model__learning_rate': 0.05, 'model__l2_regularization': 3, 'model': HistGradientBoostingRegressor()}",-2400.4916707086813,-2153.8226172197365,-2275.269969805983,-2276.528085911467,100.70614886683649,532,-1138.3859022625234,-1280.134565362161,-1162.502652367345,-1193.6743733306764,61.92429794243666
100,0,2000,0.2607657114664714,0.01920306478728819,0.10126026471455891,0.0091773690926968,14,35,5,90,28,120,0.1,3,HistGradientBoostingRegressor(),"{'q': 14, 'model__min_samples_leaf': 35, 'model__max_leaf_nodes': 5, 'model__max_iter': 90, 'model__max_depth': 28, 'model__max_bins': 120, 'model__learning_rate': 0.1, 'model__l2_regularization': 3, 'model': HistGradientBoostingRegressor()}",-2528.1085599555317,-2334.473056839817,-2364.0955938315306,-2408.8924035422933,85.1615822497276,736,-1948.1412986053988,-2093.337403528253,-1977.0930892372496,-2006.1905971236338,62.74538997722345
101,0,2000,0.3684196472167969,0.011307080025934628,0.10771044095357259,0.0021570616398581353,8,50,35,70,23,155,0.05,3,HistGradientBoostingRegressor(),"{'q': 8, 'model__min_samples_leaf': 50, 'model__max_leaf_nodes': 35, 'model__max_iter': 70, 'model__max_depth': 23, 'model__max_bins': 155, 'model__learning_rate': 0.05, 'model__l2_regularization': 3, 'model': HistGradientBoostingRegressor()}",-2606.9888781146124,-2268.770046664348,-2600.185866472945,-2491.981597083968,157.8588344532276,845,-1903.85159614212,-2067.1080598931203,-2022.6889341297383,-1997.882863388326,68.91866751633835
102,0,2000,0.2892879645029704,0.004345569125730294,0.11148134867350261,0.017843722335414192,5,75,50,50,33,120,0.2,5,HistGradientBoostingRegressor(),"{'q': 5, 'model__min_samples_leaf': 75, 'model__max_leaf_nodes': 50, 'model__max_iter': 50, 'model__max_depth': 33, 'model__max_bins': 120, 'model__learning_rate': 0.2, 'model__l2_regularization': 5, 'model': HistGradientBoostingRegressor()}",-2477.36540024429,-2292.6378476938316,-2543.938271582859,-2437.9805065069936,106.30570117268665,784,-1801.7078860606255,-1941.8862202838052,-1852.7567379721552,-1865.4502814388618,57.92717198173496
103,0,2000,0.34876243273417157,0.013703577122684546,0.10135889053344727,0.004399626162289422,13,10,50,150,3,225,0.1,9,HistGradientBoostingRegressor(),"{'q': 13, 'model__min_samples_leaf': 10, 'model__max_leaf_nodes': 50, 'model__max_iter': 150, 'model__max_depth': 3, 'model__max_bins': 225, 'model__learning_rate': 0.1, 'model__l2_regularization': 9, 'model': HistGradientBoostingRegressor()}",-2508.171879224374,-2289.8779926339607,-2325.8180816371228,-2374.6226511651525,95.5666250521917,657,-1691.0917434570242,-1926.8552512109115,-1751.1331218531473,-1789.6933721736943,100.03758485586559
104,0,2000,0.6743756930033366,0.019817608076300446,0.10798279444376628,0.01155271347654426,10,55,65,250,23,225,0.05,7,HistGradientBoostingRegressor(),"{'q': 10, 'model__min_samples_leaf': 55, 'model__max_leaf_nodes': 65, 'model__max_iter': 250, 'model__max_depth': 23, 'model__max_bins': 225, 'model__learning_rate': 0.05, 'model__l2_regularization': 7, 'model': HistGradientBoostingRegressor()}",-2450.939276908883,-2188.707802443861,-2418.937178271901,-2352.861419208215,116.80708027029462,623,-1530.4699495951006,-1691.0182953736335,-1546.142243721861,-1589.2101628968649,72.27298748312701
105,0,2000,0.5220203399658203,0.057474460114254354,0.10880390803019206,0.010085550987421098,12,25,15,230,48,155,0.1,5,HistGradientBoostingRegressor(),"{'q': 12, 'model__min_samples_leaf': 25, 'model__max_leaf_nodes': 15, 'model__max_iter': 230, 'model__max_depth': 48, 'model__max_bins': 155, 'model__learning_rate': 0.1, 'model__l2_regularization': 5, 'model': HistGradientBoostingRegressor()}",-2292.290389357582,-2175.418644886751,-2340.7358407619668,-2269.4816250021,69.39079483418082,523,-1198.887786411818,-1394.1845996166637,-1234.6922262035782,-1275.9215374106866,84.89249432449468
106,0,2000,0.4318329493204753,0.0499551542453767,0.09590927759806316,0.004248644590806655,5,60,5,370,13,120,0.2,5,HistGradientBoostingRegressor(),"{'q': 5, 'model__min_samples_leaf': 60, 'model__max_leaf_nodes': 5, 'model__max_iter': 370, 'model__max_depth': 13, 'model__max_bins': 120, 'model__learning_rate': 0.2, 'model__l2_regularization': 5, 'model': HistGradientBoostingRegressor()}",-2473.939245218679,-2379.9714342703296,-2383.809815474215,-2412.5734983210746,43.42042116940073,741,-1594.6877567129488,-1730.1422722961513,-1570.1331500805381,-1631.6543930298794,70.35921616246122
107,0,2000,0.4569806257883708,0.033616702872069595,0.09518074989318848,0.0012209019616977645,14,90,30,170,48,225,0.1,3,HistGradientBoostingRegressor(),"{'q': 14, 'model__min_samples_leaf': 90, 'model__max_leaf_nodes': 30, 'model__max_iter': 170, 'model__max_depth': 48, 'model__max_bins': 225, 'model__learning_rate': 0.1, 'model__l2_regularization': 3, 'model': HistGradientBoostingRegressor()}",-2441.955809126032,-2363.887741625444,-2472.9480097598134,-2426.263853503763,45.88546338310624,769,-1780.8506849709793,-1828.6068276065662,-1768.6654668841875,-1792.7076598205776,25.8673870700874
108,0,2000,0.5807305971781412,0.04787508706079485,0.09955636660257976,0.007809856120430645,3,25,50,110,28,190,0.1,9,HistGradientBoostingRegressor(),"{'q': 3, 'model__min_samples_leaf': 25, 'model__max_leaf_nodes': 50, 'model__max_iter': 110, 'model__max_depth': 28, 'model__max_bins': 190, 'model__learning_rate': 0.1, 'model__l2_regularization': 9, 'model': HistGradientBoostingRegressor()}",-2273.284071601254,-2101.589824902617,-2369.235422033629,-2248.0364395125,110.71471931792647,498,-1093.7068544562655,-1342.3083448533205,-1168.7929510118586,-1201.6027167738148,104.1090319614492
109,0,2000,0.7958333492279053,0.008445745971734682,0.09949262936909993,0.0026873196997130437,12,50,35,330,38,190,0.1,5,HistGradientBoostingRegressor(),"{'q': 12, 'model__min_samples_leaf': 50, 'model__max_leaf_nodes': 35, 'model__max_iter': 330, 'model__max_depth': 38, 'model__max_bins': 190, 'model__learning_rate': 0.1, 'model__l2_regularization': 5, 'model': HistGradientBoostingRegressor()}",-2329.636271050901,-2148.2678982970756,-2423.664712661512,-2300.52296066983,114.29943123663807,558,-1072.9873874089192,-1238.9614419887716,-1108.8255984416214,-1140.2581426131042,71.31082350404749
110,0,2000,1.0408795674641926,0.02791313585586028,0.11364936828613281,0.013608760966042216,10,25,50,350,13,85,0.05,9,HistGradientBoostingRegressor(),"{'q': 10, 'model__min_samples_leaf': 25, 'model__max_leaf_nodes': 50, 'model__max_iter': 350, 'model__max_depth': 13, 'model__max_bins': 85, 'model__learning_rate': 0.05, 'model__l2_regularization': 9, 'model': HistGradientBoostingRegressor()}",-2326.8921609035046,-2179.8840852001704,-2339.117939748993,-2281.964728617556,72.35427072156965,537,-1001.8097126554558,-1231.0022832000595,-1001.3776675147567,-1078.063221123424,108.14439174058491
111,0,2000,0.27028870582580566,0.017630673872544352,0.10878531138102214,0.014852320382533651,3,85,55,70,18,50,0.05,1,HistGradientBoostingRegressor(),"{'q': 3, 'model__min_samples_leaf': 85, 'model__max_leaf_nodes': 55, 'model__max_iter': 70, 'model__max_depth': 18, 'model__max_bins': 50, 'model__learning_rate': 0.05, 'model__l2_regularization': 1, 'model': HistGradientBoostingRegressor()}",-2779.5029395783667,-2457.972815855911,-2746.2893739105243,-2661.255043114934,144.38036148921555,901,-2194.9614194440624,-2310.4334165914624,-2264.9417561805094,-2256.7788640720114,47.493298734197076
112,0,2000,0.2691768805185954,0.006127418467461033,0.12120389938354492,0.02997807779315182,14,90,65,50,8,120,0.1,9,HistGradientBoostingRegressor(),"{'q': 14, 'model__min_samples_leaf': 90, 'model__max_leaf_nodes': 65, 'model__max_iter': 50, 'model__max_depth': 8, 'model__max_bins': 120, 'model__learning_rate': 0.1, 'model__l2_regularization': 9, 'model': HistGradientBoostingRegressor()}",-2685.2193212639836,-2393.069287137887,-2673.9958727511344,-2584.0948270510016,135.15314553856518,874,-2138.496159457458,-2196.6344190259924,-2152.8120879982666,-2162.6475554939057,24.732793642690975
113,0,2000,0.29674561818440753,0.04587141237965791,0.11722532908121745,0.006940987431754905,11,50,5,90,13,120,0.05,9,HistGradientBoostingRegressor(),"{'q': 11, 'model__min_samples_leaf': 50, 'model__max_leaf_nodes': 5, 'model__max_iter': 90, 'model__max_depth': 13, 'model__max_bins': 120, 'model__learning_rate': 0.05, 'model__l2_regularization': 9, 'model': HistGradientBoostingRegressor()}",-2769.646838296426,-2427.2281577125495,-2645.712915024258,-2614.1959703444113,141.55711816475372,887,-2192.5508677181197,-2288.5551874789257,-2236.1418078422516,-2239.0826210130995,39.248725157752126
114,0,2000,0.4682573477427165,0.017332001507891007,0.10169593493143718,0.008223894410008627,12,85,25,330,3,190,0.2,3,HistGradientBoostingRegressor(),"{'q': 12, 'model__min_samples_leaf': 85, 'model__max_leaf_nodes': 25, 'model__max_iter': 330, 'model__max_depth': 3, 'model__max_bins': 190, 'model__learning_rate': 0.2, 'model__l2_regularization': 3, 'model': HistGradientBoostingRegressor()}",-2479.0350243884627,-2457.1512921251565,-2527.1243363502163,-2487.7702176212783,29.22652254535841,842,-1702.4355439407302,-1812.7452500770323,-1646.9764488020455,-1720.719080939936,68.89866792586298
115,0,2000,0.3666139443715413,0.025125804359522566,0.11667958895365398,0.010232032142090553,13,25,5,270,48,85,0.2,5,HistGradientBoostingRegressor(),"{'q': 13, 'model__min_samples_leaf': 25, 'model__max_leaf_nodes': 5, 'model__max_iter': 270, 'model__max_depth': 48, 'model__max_bins': 85, 'model__learning_rate': 0.2, 'model__l2_regularization': 5, 'model': HistGradientBoostingRegressor()}",-2505.9919733451457,-2320.209984402703,-2309.612086842111,-2378.6046815299865,90.18026556173139,667,-1504.9984081265634,-1728.9294127970766,-1494.1636689727711,-1576.030496632137,108.20630547382652
116,0,2000,0.7523273626963297,0.022980555059732694,0.08995858828226726,0.0034707681579865526,11,20,40,150,48,190,0.01,1,HistGradientBoostingRegressor(),"{'q': 11, 'model__min_samples_leaf': 20, 'model__max_leaf_nodes': 40, 'model__max_iter': 150, 'model__max_depth': 48, 'model__max_bins': 190, 'model__learning_rate': 0.01, 'model__l2_regularization': 1, 'model': HistGradientBoostingRegressor()}",-3116.12155566465,-2822.962284505577,-3032.2568561932085,-2990.4468987878117,123.27920606036398,937,-2395.5436996151793,-2498.856035833243,-2439.5889022847637,-2444.6628792443953,42.329411645243454
117,0,2000,0.9300328890482584,0.02879467428801762,0.09597563743591309,0.00438990265294783,14,10,50,190,23,155,0.2,5,HistGradientBoostingRegressor(),"{'q': 14, 'model__min_samples_leaf': 10, 'model__max_leaf_nodes': 50, 'model__max_iter': 190, 'model__max_depth': 23, 'model__max_bins': 155, 'model__learning_rate': 0.2, 'model__l2_regularization': 5, 'model': HistGradientBoostingRegressor()}",-2381.651371649923,-2278.98371790042,-2376.203884063896,-2345.6129912047463,47.1664699127601,612,-275.8877435686724,-317.53977827168256,-233.0631211837813,-275.4968810080454,34.48855827993481
118,0,2000,0.9804941018422445,0.0524885245408207,0.10181276003519694,0.006774657651338333,8,15,30,330,33,120,0.05,9,HistGradientBoostingRegressor(),"{'q': 8, 'model__min_samples_leaf': 15, 'model__max_leaf_nodes': 30, 'model__max_iter': 330, 'model__max_depth': 33, 'model__max_bins': 120, 'model__learning_rate': 0.05, 'model__l2_regularization': 9, 'model': HistGradientBoostingRegressor()}",-2308.2075905173583,-2121.855300401099,-2345.1154124307855,-2258.392767783081,97.71525581645417,506,-955.1838057739627,-1127.2837920214945,-943.8659444798116,-1008.7778474250896,83.9236465468585
119,0,2000,0.49713484446207684,0.031016926553848537,0.09304602940877278,0.0033889082543387484,7,65,25,230,33,85,0.01,9,HistGradientBoostingRegressor(),"{'q': 7, 'model__min_samples_leaf': 65, 'model__max_leaf_nodes': 25, 'model__max_iter': 230, 'model__max_depth': 33, 'model__max_bins': 85, 'model__learning_rate': 0.01, 'model__l2_regularization': 9, 'model': HistGradientBoostingRegressor()}",-2927.7690161446567,-2648.345426585895,-2966.892506745416,-2847.668983158656,141.8451550877644,928,-2356.722525310441,-2494.910279615421,-2480.5937969182446,-2444.075533948036,62.04380983216285
120,0,2000,0.9207789897918701,0.036715054875747465,0.10602060953776042,0.01368395797865,6,10,35,190,48,190,0.05,9,HistGradientBoostingRegressor(),"{'q': 6, 'model__min_samples_leaf': 10, 'model__max_leaf_nodes': 35, 'model__max_iter': 190, 'model__max_depth': 48, 'model__max_bins': 190, 'model__learning_rate': 0.05, 'model__l2_regularization': 9, 'model': HistGradientBoostingRegressor()}",-2392.056046698751,-2154.442023636289,-2302.1847600329224,-2282.8942767893204,97.95984907709487,539,-1066.4638771622554,-1190.8751179099488,-1070.067044196321,-1109.1353464228416,57.81746209835578
121,0,2000,0.49161537488301593,0.05471385194051696,0.10589798291524251,0.017171557914413806,6,55,60,190,8,120,0.2,7,HistGradientBoostingRegressor(),"{'q': 6, 'model__min_samples_leaf': 55, 'model__max_leaf_nodes': 60, 'model__max_iter': 190, 'model__max_depth': 8, 'model__max_bins': 120, 'model__learning_rate': 0.2, 'model__l2_regularization': 7, 'model': HistGradientBoostingRegressor()}",-2386.644102477539,-2292.18497287589,-2444.58589962947,-2374.471658327633,62.80996161053049,655,-1206.943591958901,-1391.0795931266596,-1235.1937812938,-1277.7389887931201,80.96949113661418
122,0,2000,0.3949602444966634,0.0450598591298857,0.09804900487263997,0.002193115477665145,3,50,45,90,28,225,0.05,7,HistGradientBoostingRegressor(),"{'q': 3, 'model__min_samples_leaf': 50, 'model__max_leaf_nodes': 45, 'model__max_iter': 90, 'model__max_depth': 28, 'model__max_bins': 225, 'model__learning_rate': 0.05, 'model__l2_regularization': 7, 'model': HistGradientBoostingRegressor()}",-2565.5773612048224,-2227.3208405704668,-2539.9839174970125,-2444.2940397574343,153.7785918439813,795,-1820.2666985025016,-2000.7628856748818,-1916.528189246763,-1912.5192578080487,73.74176584271157
123,0,2000,0.3770224253336589,0.011633703656623435,0.1034708817799886,0.006604260285751686,11,65,40,70,23,120,0.01,1,HistGradientBoostingRegressor(),"{'q': 11, 'model__min_samples_leaf': 65, 'model__max_leaf_nodes': 40, 'model__max_iter': 70, 'model__max_depth': 23, 'model__max_bins': 120, 'model__learning_rate': 0.01, 'model__l2_regularization': 1, 'model': HistGradientBoostingRegressor()}",-4507.122568646477,-4356.788762635937,-4543.428384665806,-4469.113238649406,80.79653046586736,975,-4137.235411321662,-4269.649287724019,-4127.074122498253,-4177.986273847978,64.94815384734532
124,0,2000,0.8049763838450114,0.019906686496463932,0.10191003481547038,0.010894993607203102,13,25,55,190,43,50,0.2,3,HistGradientBoostingRegressor(),"{'q': 13, 'model__min_samples_leaf': 25, 'model__max_leaf_nodes': 55, 'model__max_iter': 190, 'model__max_depth': 43, 'model__max_bins': 50, 'model__learning_rate': 0.2, 'model__l2_regularization': 3, 'model': HistGradientBoostingRegressor()}",-2404.1813638020067,-2233.741380657049,-2444.3276861984073,-2360.7501435524878,91.29202663124988,637,-587.3052078349949,-781.6290212174578,-574.8965197715189,-647.9435829413238,94.66552061574714
125,0,2000,0.9382309118906657,0.05657199390274557,0.10352675120035808,0.006046943237259914,3,35,65,350,28,50,0.01,7,HistGradientBoostingRegressor(),"{'q': 3, 'model__min_samples_leaf': 35, 'model__max_leaf_nodes': 65, 'model__max_iter': 350, 'model__max_depth': 28, 'model__max_bins': 50, 'model__learning_rate': 0.01, 'model__l2_regularization': 7, 'model': HistGradientBoostingRegressor()}",-2526.71467822818,-2220.324593611286,-2480.5049310231884,-2409.181400954218,134.8678499964844,738,-1795.3375680938173,-1903.636440804903,-1881.7761713396444,-1860.250060079455,46.759609045361174
126,0,2000,0.2679100036621094,0.028466415852330236,0.09310690561930339,0.0016554285228673703,7,90,60,70,3,85,0.01,9,HistGradientBoostingRegressor(),"{'q': 7, 'model__min_samples_leaf': 90, 'model__max_leaf_nodes': 60, 'model__max_iter': 70, 'model__max_depth': 3, 'model__max_bins': 85, 'model__learning_rate': 0.01, 'model__l2_regularization': 9, 'model': HistGradientBoostingRegressor()}",-4711.867090273105,-4544.441109113245,-4807.324465727514,-4687.877555037954,108.65400175724483,980,-4423.831878518844,-4522.421908556486,-4378.4849689517605,-4441.579585342363,60.087139327334896
127,0,2000,0.4264810085296631,0.00593820555902378,0.10626467068990071,0.008783686696404027,3,85,35,370,3,50,0.01,1,HistGradientBoostingRegressor(),"{'q': 3, 'model__min_samples_leaf': 85, 'model__max_leaf_nodes': 35, 'model__max_iter': 370, 'model__max_depth': 3, 'model__max_bins': 50, 'model__learning_rate': 0.01, 'model__l2_regularization': 1, 'model': HistGradientBoostingRegressor()}",-2851.291180396262,-2536.145551128579,-2819.614358135171,-2735.683696553337,141.6861764059435,915,-2303.2700601168117,-2440.9645961006845,-2386.1965636978593,-2376.8104066384517,56.60401203808443
128,0,2000,0.3381508191426595,0.023931434486514427,0.12375585238138835,0.005010580570764063,9,75,60,110,13,120,0.2,1,HistGradientBoostingRegressor(),"{'q': 9, 'model__min_samples_leaf': 75, 'model__max_leaf_nodes': 60, 'model__max_iter': 110, 'model__max_depth': 13, 'model__max_bins': 120, 'model__learning_rate': 0.2, 'model__l2_regularization': 1, 'model': HistGradientBoostingRegressor()}",-2363.7045255544995,-2293.200966576274,-2549.4093848048306,-2402.104958978535,108.0636644395641,721,-1554.3017670874283,-1711.5164151483348,-1583.9214722450815,-1616.579884826948,68.2106556949584
129,0,2000,1.212619384129842,0.011810607380151503,0.1130987008412679,0.005113310675984662,7,15,65,350,13,50,0.1,1,HistGradientBoostingRegressor(),"{'q': 7, 'model__min_samples_leaf': 15, 'model__max_leaf_nodes': 65, 'model__max_iter': 350, 'model__max_depth': 13, 'model__max_bins': 50, 'model__learning_rate': 0.1, 'model__l2_regularization': 1, 'model': HistGradientBoostingRegressor()}",-2427.351054237651,-2211.904552213135,-2330.723994579318,-2323.3265336767013,88.11106865581367,585,-422.584847676465,-583.6205708996957,-360.3604664519551,-455.52196167603864,94.07411499617271
130,0,2000,0.8857060273488363,0.08616100549099268,0.09837698936462402,0.008696322430205619,10,45,25,370,13,225,0.01,5,HistGradientBoostingRegressor(),"{'q': 10, 'model__min_samples_leaf': 45, 'model__max_leaf_nodes': 25, 'model__max_iter': 370, 'model__max_depth': 13, 'model__max_bins': 225, 'model__learning_rate': 0.01, 'model__l2_regularization': 5, 'model': HistGradientBoostingRegressor()}",-2594.443326412403,-2243.5687504883067,-2519.509220036223,-2452.507098978978,150.8756776888529,804,-1848.7713412929197,-1990.987482310402,-1907.52200229521,-1915.7602752995106,58.35100426468617
131,0,2000,0.721320390701294,0.06858478380144234,0.09843691190083821,0.005113303320393555,11,45,60,270,13,190,0.05,3,HistGradientBoostingRegressor(),"{'q': 11, 'model__min_samples_leaf': 45, 'model__max_leaf_nodes': 60, 'model__max_iter': 270, 'model__max_depth': 13, 'model__max_bins': 190, 'model__learning_rate': 0.05, 'model__l2_regularization': 3, 'model': HistGradientBoostingRegressor()}",-2382.9030193961867,-2165.5357067430664,-2364.6816406546327,-2304.373455597962,98.45454125680567,561,-1378.9652322013108,-1503.5508287560292,-1396.4857351939525,-1426.3339320504308,55.067103663990906
132,0,2000,0.5037170251210531,0.021939877636054508,0.09002931912740071,0.0024982380529342623,14,25,5,370,13,50,0.2,7,HistGradientBoostingRegressor(),"{'q': 14, 'model__min_samples_leaf': 25, 'model__max_leaf_nodes': 5, 'model__max_iter': 370, 'model__max_depth': 13, 'model__max_bins': 50, 'model__learning_rate': 0.2, 'model__l2_regularization': 7, 'model': HistGradientBoostingRegressor()}",-2466.9700871746127,-2201.3772522020504,-2303.9624950862594,-2324.1032781543076,109.3591235460377,588,-1448.4084067441474,-1633.5903271807397,-1457.0432410599174,-1513.0139916616015,85.3331885662823
133,0,2000,0.41128063201904297,0.042095414010481995,0.1034093697865804,0.008626645830428936,14,55,45,110,28,120,0.01,9,HistGradientBoostingRegressor(),"{'q': 14, 'model__min_samples_leaf': 55, 'model__max_leaf_nodes': 45, 'model__max_iter': 110, 'model__max_depth': 28, 'model__max_bins': 120, 'model__learning_rate': 0.01, 'model__l2_regularization': 9, 'model': HistGradientBoostingRegressor()}",-3872.1007604778906,-3666.3489315519278,-3894.2372734735036,-3810.8956551677743,102.60871562383029,963,-3417.9242386622936,-3521.5592138957895,-3439.3786306467427,-3459.6206944016085,44.664362241828165
134,0,2000,0.703624963760376,0.031002501711760916,0.09975067774454753,0.0020986302011503878,10,40,55,230,23,120,0.2,3,HistGradientBoostingRegressor(),"{'q': 10, 'model__min_samples_leaf': 40, 'model__max_leaf_nodes': 55, 'model__max_iter': 230, 'model__max_depth': 23, 'model__max_bins': 120, 'model__learning_rate': 0.2, 'model__l2_regularization': 3, 'model': HistGradientBoostingRegressor()}",-2407.5567368813313,-2301.259210475145,-2490.5421949123665,-2399.786047422948,77.46956288487033,716,-777.0158629934355,-946.8393960743133,-789.5356134180231,-837.7969574952573,77.27386835631603
135,0,2000,0.4843837420145671,0.031531440526551664,0.09990763664245605,0.00418587594923827,5,75,20,210,18,225,0.1,9,HistGradientBoostingRegressor(),"{'q': 5, 'model__min_samples_leaf': 75, 'model__max_leaf_nodes': 20, 'model__max_iter': 210, 'model__max_depth': 18, 'model__max_bins': 225, 'model__learning_rate': 0.1, 'model__l2_regularization': 9, 'model': HistGradientBoostingRegressor()}",-2382.8611649315844,-2255.7330751253144,-2466.694997413188,-2368.429745823362,86.72728350777349,644,-1546.106052389591,-1714.5713613399114,-1585.0733014119905,-1615.2502383804976,72.00984064016372
136,0,2000,0.6183766523996989,0.03921964381030617,0.10468633969624837,0.012178866347175204,13,15,20,190,43,225,0.2,1,HistGradientBoostingRegressor(),"{'q': 13, 'model__min_samples_leaf': 15, 'model__max_leaf_nodes': 20, 'model__max_iter': 190, 'model__max_depth': 43, 'model__max_bins': 225, 'model__learning_rate': 0.2, 'model__l2_regularization': 1, 'model': HistGradientBoostingRegressor()}",-2314.6794290738494,-2238.0925462662894,-2325.543447737298,-2292.771807692479,38.91763052024207,550,-689.4632418906607,-792.3766591600848,-679.8594044595246,-720.5664351700901,50.928640439153284
137,0,2000,0.34298499425252277,0.020170625423632176,0.1014865239461263,0.0043099192647242665,5,40,45,70,18,85,0.2,7,HistGradientBoostingRegressor(),"{'q': 5, 'model__min_samples_leaf': 40, 'model__max_leaf_nodes': 45, 'model__max_iter': 70, 'model__max_depth': 18, 'model__max_bins': 85, 'model__learning_rate': 0.2, 'model__l2_regularization': 7, 'model': HistGradientBoostingRegressor()}",-2400.08333835797,-2247.6738747216395,-2391.6192752533675,-2346.4588294443256,69.93692658737608,614,-1332.976238463707,-1517.6966113330225,-1358.9495254251603,-1403.2074584072968,81.64752501712543
138,0,2000,0.3466540177663167,0.008684570425599798,0.11041100819905598,0.007320207610327801,7,30,25,210,3,50,0.05,3,HistGradientBoostingRegressor(),"{'q': 7, 'model__min_samples_leaf': 30, 'model__max_leaf_nodes': 25, 'model__max_iter': 210, 'model__max_depth': 3, 'model__max_bins': 50, 'model__learning_rate': 0.05, 'model__l2_regularization': 3, 'model': HistGradientBoostingRegressor()}",-2502.5683381412196,-2320.067717541137,-2388.5847886343026,-2403.7402814388865,75.27233157659887,723,-1876.7263555228542,-2016.1723763995258,-1910.3817970935,-1934.4268430052932,59.41336190487496
139,0,2000,0.5893654028574625,0.003178855794128195,0.11084500948588054,0.010514336730122443,10,40,50,210,8,50,0.2,5,HistGradientBoostingRegressor(),"{'q': 10, 'model__min_samples_leaf': 40, 'model__max_leaf_nodes': 50, 'model__max_iter': 210, 'model__max_depth': 8, 'model__max_bins': 50, 'model__learning_rate': 0.2, 'model__l2_regularization': 5, 'model': HistGradientBoostingRegressor()}",-2404.4929624660895,-2231.7636478418794,-2472.99760650152,-2369.7514056031628,101.50102637443375,646,-1127.434639871655,-1217.2903206925328,-1063.3335029255854,-1136.0194878299244,63.14507183241465
140,0,2000,0.5876026153564453,0.05528301452274331,0.0992129643758138,0.006171180462464483,9,10,10,310,28,190,0.05,7,HistGradientBoostingRegressor(),"{'q': 9, 'model__min_samples_leaf': 10, 'model__max_leaf_nodes': 10, 'model__max_iter': 310, 'model__max_depth': 28, 'model__max_bins': 190, 'model__learning_rate': 0.05, 'model__l2_regularization': 7, 'model': HistGradientBoostingRegressor()}",-2395.9061207584314,-2115.226254712298,-2250.037250538104,-2253.7232086696113,114.61671348870905,500,-1445.3023925102018,-1594.9456945581946,-1455.973880012526,-1498.740655693641,68.1665963581176
141,0,2000,0.6672875881195068,0.04394671646230759,0.1006167729695638,0.005690775786335762,9,45,35,230,43,225,0.2,5,HistGradientBoostingRegressor(),"{'q': 9, 'model__min_samples_leaf': 45, 'model__max_leaf_nodes': 35, 'model__max_iter': 230, 'model__max_depth': 43, 'model__max_bins': 225, 'model__learning_rate': 0.2, 'model__l2_regularization': 5, 'model': HistGradientBoostingRegressor()}",-2399.9300574262693,-2302.4350136542,-2484.8444964003434,-2395.736522493604,74.527373719784,711,-839.672128839692,-1029.1172315711349,-872.4209214712079,-913.736760627345,82.67450498234457
142,0,2000,0.5878926118214926,0.017413973177156504,0.10190645853678386,0.008120226826908097,11,55,25,210,23,155,0.2,3,HistGradientBoostingRegressor(),"{'q': 11, 'model__min_samples_leaf': 55, 'model__max_leaf_nodes': 25, 'model__max_iter': 210, 'model__max_depth': 23, 'model__max_bins': 155, 'model__learning_rate': 0.2, 'model__l2_regularization': 3, 'model': HistGradientBoostingRegressor()}",-2391.079614300886,-2238.4190651681097,-2485.138957691097,-2371.5458790533644,101.6656331680108,650,-1032.961320786277,-1227.6299814551605,-1091.8033192502915,-1117.4648738305762,81.51833494890148
143,0,2000,0.8586185773213705,0.027243699401312604,0.10179535547892253,0.008483521333903078,5,45,55,370,13,120,0.01,9,HistGradientBoostingRegressor(),"{'q': 5, 'model__min_samples_leaf': 45, 'model__max_leaf_nodes': 55, 'model__max_iter': 370, 'model__max_depth': 13, 'model__max_bins': 120, 'model__learning_rate': 0.01, 'model__l2_regularization': 9, 'model': HistGradientBoostingRegressor()}",-2614.6169183395,-2296.953579122342,-2532.5698053572005,-2481.3801009396807,134.642213908847,838,-1895.8814783679281,-2016.2782404124835,-1931.3503120148237,-1947.8366769317452,50.51531285220184
144,0,2000,0.9066542784372965,0.02004297030417314,0.09912276268005371,0.005596364385197171,11,15,50,170,48,120,0.2,7,HistGradientBoostingRegressor(),"{'q': 11, 'model__min_samples_leaf': 15, 'model__max_leaf_nodes': 50, 'model__max_iter': 170, 'model__max_depth': 48, 'model__max_bins': 120, 'model__learning_rate': 0.2, 'model__l2_regularization': 7, 'model': HistGradientBoostingRegressor()}",-2379.4506234986047,-2293.5795869210638,-2406.6656825494847,-2359.8986309897177,48.19285261267672,632,-397.1671103841798,-554.5605870176671,-359.6388317279185,-437.1221763765884,84.44299120374036
145,0,2000,0.4386800130208333,0.018357692741934554,0.11602298418680827,0.040344958144596,8,80,20,150,33,225,0.05,3,HistGradientBoostingRegressor(),"{'q': 8, 'model__min_samples_leaf': 80, 'model__max_leaf_nodes': 20, 'model__max_iter': 150, 'model__max_depth': 33, 'model__max_bins': 225, 'model__learning_rate': 0.05, 'model__l2_regularization': 3, 'model': HistGradientBoostingRegressor()}",-2540.402932087078,-2299.618782465408,-2567.811101580712,-2469.2776053777325,120.48759018461783,830,-1904.4600613389632,-2026.448813346021,-1939.0550485759952,-1956.6546410869933,51.33305073390664
146,0,2000,0.860685666402181,0.04469180296664849,0.1306153933207194,0.012584323795589008,5,60,50,270,23,190,0.2,9,HistGradientBoostingRegressor(),"{'q': 5, 'model__min_samples_leaf': 60, 'model__max_leaf_nodes': 50, 'model__max_iter': 270, 'model__max_depth': 23, 'model__max_bins': 190, 'model__learning_rate': 0.2, 'model__l2_regularization': 9, 'model': HistGradientBoostingRegressor()}",-2445.1924990366224,-2313.695663281561,-2499.7598905713403,-2419.5493509631747,78.0946112164523,752,-1052.4068275043808,-1236.452553354244,-1059.3571317313938,-1116.0721708633394,85.16906343152365
147,0,2000,0.45699389775594074,0.014087673194729911,0.09551707903544109,0.002879561821298858,8,90,30,190,8,50,0.1,7,HistGradientBoostingRegressor(),"{'q': 8, 'model__min_samples_leaf': 90, 'model__max_leaf_nodes': 30, 'model__max_iter': 190, 'model__max_depth': 8, 'model__max_bins': 50, 'model__learning_rate': 0.1, 'model__l2_regularization': 7, 'model': HistGradientBoostingRegressor()}",-2418.331664947863,-2391.1752799654,-2511.13011047672,-2440.2123517966606,51.35733432517204,787,-1750.5714028435805,-1900.3301819658454,-1804.209902872838,-1818.370495894088,61.95328765601248
148,0,2000,0.750007152557373,0.008177217376726624,0.10463142395019531,0.0030397441513278453,11,25,15,330,13,190,0.01,5,HistGradientBoostingRegressor(),"{'q': 11, 'model__min_samples_leaf': 25, 'model__max_leaf_nodes': 15, 'model__max_iter': 330, 'model__max_depth': 13, 'model__max_bins': 190, 'model__learning_rate': 0.01, 'model__l2_regularization': 5, 'model': HistGradientBoostingRegressor()}",-2546.1226820793017,-2307.4600645069904,-2488.0440964932345,-2447.2089476931756,101.62215404710086,801,-1800.4137793342186,-1971.9892036708236,-1932.1027682290699,-1901.5019170780372,73.31139350945506
149,0,2000,0.42392222086588544,0.027969320351124878,0.10050471623738606,0.005324934469453094,6,20,50,90,8,190,0.2,5,HistGradientBoostingRegressor(),"{'q': 6, 'model__min_samples_leaf': 20, 'model__max_leaf_nodes': 50, 'model__max_iter': 90, 'model__max_depth': 8, 'model__max_bins': 190, 'model__learning_rate': 0.2, 'model__l2_regularization': 5, 'model': HistGradientBoostingRegressor()}",-2317.1389593935983,-2152.762617424768,-2355.442559671229,-2275.1147121631984,87.91783195582308,531,-1130.3615837483126,-1310.653978743996,-1126.2607832105982,-1189.0921152343024,85.97351970703767
150,0,2000,0.2926858266194661,0.004358897726694855,0.10901101430257161,0.0075204827650437326,13,40,45,90,3,50,0.05,3,HistGradientBoostingRegressor(),"{'q': 13, 'model__min_samples_leaf': 40, 'model__max_leaf_nodes': 45, 'model__max_iter': 90, 'model__max_depth': 3, 'model__max_bins': 50, 'model__learning_rate': 0.05, 'model__l2_regularization': 3, 'model': HistGradientBoostingRegressor()}",-2708.971466367315,-2406.4499232440203,-2534.086238175893,-2549.8358759290763,124.00499809938364,869,-2091.2428664516237,-2210.5217240778716,-2154.458621782753,-2152.074404104083,48.72456491757273
151,0,2000,0.4774476687113444,0.062188242856513885,0.10419464111328125,0.008400127495344946,11,50,30,130,33,120,0.01,5,HistGradientBoostingRegressor(),"{'q': 11, 'model__min_samples_leaf': 50, 'model__max_leaf_nodes': 30, 'model__max_iter': 130, 'model__max_depth': 33, 'model__max_bins': 120, 'model__learning_rate': 0.01, 'model__l2_regularization': 5, 'model': HistGradientBoostingRegressor()}",-3554.526443423282,-3285.1504082496817,-3543.887758728627,-3461.1882034671967,124.5532668159583,956,-3033.994832640989,-3116.5915682191417,-3072.2517790167662,-3074.279393292299,33.75044292824985
152,0,2000,0.44034632047017414,0.01919874824067687,0.10219907760620117,0.004273306472556223,10,90,15,350,3,190,0.1,9,HistGradientBoostingRegressor(),"{'q': 10, 'model__min_samples_leaf': 90, 'model__max_leaf_nodes': 15, 'model__max_iter': 350, 'model__max_depth': 3, 'model__max_bins': 190, 'model__learning_rate': 0.1, 'model__l2_regularization': 9, 'model': HistGradientBoostingRegressor()}",-2527.8805595542167,-2421.440165740738,-2474.209682436945,-2474.5101359106334,43.45462816171599,834,-1860.4694988285876,-1932.8948529974396,-1824.6043979734827,-1872.6562499331696,45.04141308608989
153,0,2000,0.24147462844848633,0.0119577117496255,0.09899433453877766,0.0030613531405480343,14,70,5,70,13,50,0.01,9,HistGradientBoostingRegressor(),"{'q': 14, 'model__min_samples_leaf': 70, 'model__max_leaf_nodes': 5, 'model__max_iter': 70, 'model__max_depth': 13, 'model__max_bins': 50, 'model__learning_rate': 0.01, 'model__l2_regularization': 9, 'model': HistGradientBoostingRegressor()}",-4869.333244235156,-4753.341898172521,-4956.3347482878735,-4859.669963565183,83.15270508515646,981,-4582.801592851376,-4726.331376676709,-4571.428131373329,-4626.853700300471,70.4944204856419
154,0,2000,0.5604687531789144,0.027367468987456966,0.0966196060180664,0.006066265382920752,4,10,20,130,18,190,0.2,1,HistGradientBoostingRegressor(),"{'q': 4, 'model__min_samples_leaf': 10, 'model__max_leaf_nodes': 20, 'model__max_iter': 130, 'model__max_depth': 18, 'model__max_bins': 190, 'model__learning_rate': 0.2, 'model__l2_regularization': 1, 'model': HistGradientBoostingRegressor()}",-2371.221532732221,-2217.1922889231687,-2296.4647585750045,-2294.9595267434647,62.89118263183975,551,-786.4764247210588,-872.294590272881,-737.1256584736917,-798.6322244892104,55.847904358988075
155,0,2000,0.642909049987793,0.055910602462774656,0.10261003176371257,0.006975869227909937,11,55,40,270,18,85,0.1,1,HistGradientBoostingRegressor(),"{'q': 11, 'model__min_samples_leaf': 55, 'model__max_leaf_nodes': 40, 'model__max_iter': 270, 'model__max_depth': 18, 'model__max_bins': 85, 'model__learning_rate': 0.1, 'model__l2_regularization': 1, 'model': HistGradientBoostingRegressor()}",-2366.3554574402765,-2220.953911543789,-2394.7180934109892,-2327.3424874650186,76.1139785440762,589,-1262.4724908371832,-1449.1303725744635,-1313.4747388441538,-1341.6925340852667,78.77171311185326
156,0,2000,0.3365033467610677,0.035586498234433675,0.11936060587565105,0.008279985612405814,10,75,40,110,28,120,0.05,1,HistGradientBoostingRegressor(),"{'q': 10, 'model__min_samples_leaf': 75, 'model__max_leaf_nodes': 40, 'model__max_iter': 110, 'model__max_depth': 28, 'model__max_bins': 120, 'model__learning_rate': 0.05, 'model__l2_regularization': 1, 'model': HistGradientBoostingRegressor()}",-2590.149333391879,-2323.7610494093824,-2599.6935712963987,-2504.5346513658865,127.88561162888496,852,-1956.1301512262935,-2089.4637302464816,-2033.2012659395928,-2026.265049137456,54.65372296698474
157,0,2000,0.4577506383260091,0.037557443871755934,0.09960500399271648,0.0033595054539597097,9,20,55,110,8,120,0.2,7,HistGradientBoostingRegressor(),"{'q': 9, 'model__min_samples_leaf': 20, 'model__max_leaf_nodes': 55, 'model__max_iter': 110, 'model__max_depth': 8, 'model__max_bins': 120, 'model__learning_rate': 0.2, 'model__l2_regularization': 7, 'model': HistGradientBoostingRegressor()}",-2288.040949829297,-2186.147218163067,-2420.3092413134673,-2298.1658031019438,95.86395833616379,554,-1052.5496216817864,-1285.0527990825678,-979.8048887624229,-1105.8024365089257,130.18184308615903
158,0,2000,0.5459799766540527,0.017923161281208407,0.09758305549621582,0.0040754943353668955,5,75,10,290,28,225,0.1,9,HistGradientBoostingRegressor(),"{'q': 5, 'model__min_samples_leaf': 75, 'model__max_leaf_nodes': 10, 'model__max_iter': 290, 'model__max_depth': 28, 'model__max_bins': 225, 'model__learning_rate': 0.1, 'model__l2_regularization': 9, 'model': HistGradientBoostingRegressor()}",-2373.663865981595,-2296.6993637686683,-2478.000487258426,-2382.787905669563,74.29652490676712,678,-1546.5696241181367,-1700.0709609824169,-1561.7357800412824,-1602.7921217139453,69.06461949236203
159,0,2000,0.5615711212158203,0.02603634756310691,0.10270984967549641,0.004851800086456416,8,75,20,270,18,225,0.01,9,HistGradientBoostingRegressor(),"{'q': 8, 'model__min_samples_leaf': 75, 'model__max_leaf_nodes': 20, 'model__max_iter': 270, 'model__max_depth': 18, 'model__max_bins': 225, 'model__learning_rate': 0.01, 'model__l2_regularization': 9, 'model': HistGradientBoostingRegressor()}",-2871.981885332389,-2565.685585977403,-2832.7011990284095,-2756.7895567794008,136.07911625557125,920,-2291.1052487078873,-2424.9234578622013,-2372.789382445375,-2362.9393630051545,55.0732568950755
160,0,2000,0.42897502581278485,0.04158592942619641,0.09470192591349284,0.006181420839079446,14,5,50,50,8,50,0.05,9,HistGradientBoostingRegressor(),"{'q': 14, 'model__min_samples_leaf': 5, 'model__max_leaf_nodes': 50, 'model__max_iter': 50, 'model__max_depth': 8, 'model__max_bins': 50, 'model__learning_rate': 0.05, 'model__l2_regularization': 9, 'model': HistGradientBoostingRegressor()}",-2663.5832577581837,-2415.239784990394,-2683.4245438055555,-2587.415862184711,122.01603808931827,877,-1755.0135552180457,-1888.303905480637,-1831.063935123531,-1824.7937986074046,54.59588096324496
161,0,2000,0.6826282342274984,0.021950243968125848,0.09275062878926595,0.005312466163860752,11,65,45,270,43,225,0.01,7,HistGradientBoostingRegressor(),"{'q': 11, 'model__min_samples_leaf': 65, 'model__max_leaf_nodes': 45, 'model__max_iter': 270, 'model__max_depth': 43, 'model__max_bins': 225, 'model__learning_rate': 0.01, 'model__l2_regularization': 7, 'model': HistGradientBoostingRegressor()}",-2811.1599809091226,-2467.5057547246324,-2830.971388643492,-2703.212374759082,166.86587631019265,914,-2186.559282983524,-2327.4610213467763,-2320.1309683075224,-2278.0504242126076,64.7631794151566
162,0,2000,0.6790160338083903,0.05452871723604153,0.10185925165812175,0.0033231072825142143,5,5,10,390,18,155,0.1,7,HistGradientBoostingRegressor(),"{'q': 5, 'model__min_samples_leaf': 5, 'model__max_leaf_nodes': 10, 'model__max_iter': 390, 'model__max_depth': 18, 'model__max_bins': 155, 'model__learning_rate': 0.1, 'model__l2_regularization': 7, 'model': HistGradientBoostingRegressor()}",-2341.1060020430245,-2128.5227462187713,-2189.864180581963,-2219.830976281253,89.33613228540179,484,-1004.37819094432,-1173.6622129109396,-1071.1357604704808,-1083.0587214419136,69.62225588628716
163,0,2000,0.3592197895050049,0.026489408548990314,0.09876163800557454,0.009771876725856804,10,35,65,190,3,190,0.05,9,HistGradientBoostingRegressor(),"{'q': 10, 'model__min_samples_leaf': 35, 'model__max_leaf_nodes': 65, 'model__max_iter': 190, 'model__max_depth': 3, 'model__max_bins': 190, 'model__learning_rate': 0.05, 'model__l2_regularization': 9, 'model': HistGradientBoostingRegressor()}",-2557.1687001299665,-2284.785298918944,-2417.7542942118253,-2419.902764420245,111.21043493305397,757,-1934.9031950877797,-2021.1104112649061,-1916.1224167897744,-1957.3786743808203,45.712727061264424
164,0,2000,0.5478595892588297,0.04081232971849029,0.10800909996032715,0.008619918466724637,14,30,25,370,3,225,0.01,9,HistGradientBoostingRegressor(),"{'q': 14, 'model__min_samples_leaf': 30, 'model__max_leaf_nodes': 25, 'model__max_iter': 370, 'model__max_depth': 3, 'model__max_bins': 225, 'model__learning_rate': 0.01, 'model__l2_regularization': 9, 'model': HistGradientBoostingRegressor()}",-2762.941398267987,-2485.933591266424,-2669.7887969660537,-2639.554595500155,115.09101177955992,896,-2115.0636933444835,-2221.98353833747,-2206.6751509095625,-2181.240794197172,47.209767275857246
165,0,2000,0.4323871930440267,0.04099655011249466,0.1115560531616211,0.013219577828069505,8,50,45,150,13,85,0.01,7,HistGradientBoostingRegressor(),"{'q': 8, 'model__min_samples_leaf': 50, 'model__max_leaf_nodes': 45, 'model__max_iter': 150, 'model__max_depth': 13, 'model__max_bins': 85, 'model__learning_rate': 0.01, 'model__l2_regularization': 7, 'model': HistGradientBoostingRegressor()}",-3379.039866487262,-3096.0142820199503,-3360.686085963018,-3278.580078156743,129.3107826238241,948,-2836.5584021627665,-2916.9109911992145,-2880.470108079303,-2877.979833813761,32.85103489646654
166,0,2000,0.38112950325012207,0.04493957585900367,0.10376326243082683,0.012772636170373964,9,50,55,90,18,120,0.01,9,HistGradientBoostingRegressor(),"{'q': 9, 'model__min_samples_leaf': 50, 'model__max_leaf_nodes': 55, 'model__max_iter': 90, 'model__max_depth': 18, 'model__max_bins': 120, 'model__learning_rate': 0.01, 'model__l2_regularization': 9, 'model': HistGradientBoostingRegressor()}",-4191.9241702541485,-3999.6655973541388,-4229.69390877111,-4140.427892126466,100.72125233894616,969,-3771.7276618493265,-3879.1676423037006,-3788.332936990441,-3813.076080381156,47.22290904952235
167,0,2000,0.9408894379933676,0.027839012952610313,0.10398387908935547,0.008446056731950499,13,25,35,290,33,85,0.2,9,HistGradientBoostingRegressor(),"{'q': 13, 'model__min_samples_leaf': 25, 'model__max_leaf_nodes': 35, 'model__max_iter': 290, 'model__max_depth': 33, 'model__max_bins': 85, 'model__learning_rate': 0.2, 'model__l2_regularization': 9, 'model': HistGradientBoostingRegressor()}",-2416.86626473719,-2338.346567798544,-2503.6872846634565,-2419.63337239973,67.52841785482042,754,-439.9669024657958,-649.6162559955181,-441.01851470716696,-510.20055772282694,98.58272047954821
168,0,2000,0.6895772616068522,0.05636713294735167,0.0962828000386556,0.006803824788178399,3,75,55,370,43,155,0.01,3,HistGradientBoostingRegressor(),"{'q': 3, 'model__min_samples_leaf': 75, 'model__max_leaf_nodes': 55, 'model__max_iter': 370, 'model__max_depth': 43, 'model__max_bins': 155, 'model__learning_rate': 0.01, 'model__l2_regularization': 3, 'model': HistGradientBoostingRegressor()}",-2722.598383103056,-2409.437886609823,-2688.5379137353793,-2606.8580611494194,140.28797258929015,885,-2101.181468185662,-2236.7154979525694,-2174.8854396732204,-2170.9274686038175,55.40227105726441
169,0,2000,0.5363966623942057,0.024242701666102665,0.08768431345621745,0.0015450141218069262,13,10,30,90,43,155,0.1,5,HistGradientBoostingRegressor(),"{'q': 13, 'model__min_samples_leaf': 10, 'model__max_leaf_nodes': 30, 'model__max_iter': 90, 'model__max_depth': 43, 'model__max_bins': 155, 'model__learning_rate': 0.1, 'model__l2_regularization': 5, 'model': HistGradientBoostingRegressor()}",-2368.0681842234944,-2142.640075154736,-2284.2054099631428,-2264.971223113791,93.03018702692087,512,-1088.3548244372007,-1248.3269158968933,-1095.8443473251411,-1144.1753625530782,73.70971345405972
170,0,2000,0.5775970617930094,0.02789830117359448,0.09857797622680664,0.004650242789962756,7,70,10,290,13,190,0.05,7,HistGradientBoostingRegressor(),"{'q': 7, 'model__min_samples_leaf': 70, 'model__max_leaf_nodes': 10, 'model__max_iter': 290, 'model__max_depth': 13, 'model__max_bins': 190, 'model__learning_rate': 0.05, 'model__l2_regularization': 7, 'model': HistGradientBoostingRegressor()}",-2413.787704454857,-2273.159388760334,-2486.5548796989574,-2391.1673243047157,88.57452638630248,695,-1744.5656808999893,-1853.499738996649,-1777.093098627555,-1791.7195061747314,45.65892465994411
171,0,2000,0.5848154226938883,0.0017318180769616983,0.11636686325073242,0.02099246284374917,9,65,15,210,43,225,0.2,1,HistGradientBoostingRegressor(),"{'q': 9, 'model__min_samples_leaf': 65, 'model__max_leaf_nodes': 15, 'model__max_iter': 210, 'model__max_depth': 43, 'model__max_bins': 225, 'model__learning_rate': 0.2, 'model__l2_regularization': 1, 'model': HistGradientBoostingRegressor()}",-2423.954033096346,-2357.8258673461432,-2483.2735017769796,-2421.684467406489,51.238920378872294,764,-1167.0311950278783,-1385.564321583262,-1209.1495000151876,-1253.9150055421094,94.66482878848043
172,0,2000,0.45697474479675293,0.025220806485168435,0.1058500607808431,0.018838296963857585,12,20,5,290,23,155,0.05,7,HistGradientBoostingRegressor(),"{'q': 12, 'model__min_samples_leaf': 20, 'model__max_leaf_nodes': 5, 'model__max_iter': 290, 'model__max_depth': 23, 'model__max_bins': 155, 'model__learning_rate': 0.05, 'model__l2_regularization': 7, 'model': HistGradientBoostingRegressor()}",-2474.8996458173215,-2235.60164686067,-2280.171727383686,-2330.224340020559,103.90646787695509,593,-1795.390947708014,-1991.0784951169192,-1831.352532423274,-1872.6073250827358,85.04850573157066
173,0,2000,0.5854554971059164,0.023835449085622396,0.10865020751953125,0.013612004842237835,13,80,40,290,28,225,0.1,3,HistGradientBoostingRegressor(),"{'q': 13, 'model__min_samples_leaf': 80, 'model__max_leaf_nodes': 40, 'model__max_iter': 290, 'model__max_depth': 28, 'model__max_bins': 225, 'model__learning_rate': 0.1, 'model__l2_regularization': 3, 'model': HistGradientBoostingRegressor()}",-2341.728798542125,-2286.8544124139084,-2485.3910645085343,-2371.324758488189,83.71037844888136,649,-1477.7953246497186,-1640.2352512069315,-1501.2742544195526,-1539.7682767587341,71.68460900298027
174,0,2000,0.2913699150085449,0.003665231270786353,0.09981171290079753,0.006409817605455091,7,10,5,130,43,120,0.1,7,HistGradientBoostingRegressor(),"{'q': 7, 'model__min_samples_leaf': 10, 'model__max_leaf_nodes': 5, 'model__max_iter': 130, 'model__max_depth': 43, 'model__max_bins': 120, 'model__learning_rate': 0.1, 'model__l2_regularization': 7, 'model': HistGradientBoostingRegressor()}",-2508.993924417716,-2255.6151388550616,-2264.9803989970533,-2343.1964874232767,117.2988195729906,611,-1779.1617290703944,-1966.4503946877815,-1854.866619657568,-1866.8262478052477,76.92652596800163
175,0,2000,0.6511800289154053,0.021676746492902313,0.0968626340230306,0.004750942062883288,3,90,30,350,48,225,0.2,1,HistGradientBoostingRegressor(),"{'q': 3, 'model__min_samples_leaf': 90, 'model__max_leaf_nodes': 30, 'model__max_iter': 350, 'model__max_depth': 48, 'model__max_bins': 225, 'model__learning_rate': 0.2, 'model__l2_regularization': 1, 'model': HistGradientBoostingRegressor()}",-2408.8734003299505,-2418.8265322959605,-2556.9934583423,-2461.5644636560705,67.60071981422261,817,-1223.2670549223155,-1423.3084782798428,-1247.5755515655878,-1298.0503615892487,89.12509036898591
176,0,2000,0.5874960422515869,0.010171815477950878,0.10311539967854817,0.005112129729077967,12,55,30,190,48,85,0.2,9,HistGradientBoostingRegressor(),"{'q': 12, 'model__min_samples_leaf': 55, 'model__max_leaf_nodes': 30, 'model__max_iter': 190, 'model__max_depth': 48, 'model__max_bins': 85, 'model__learning_rate': 0.2, 'model__l2_regularization': 9, 'model': HistGradientBoostingRegressor()}",-2367.477543117867,-2277.002075588989,-2412.0799394356513,-2352.1865193808358,56.19530751785356,622,-1148.5178822584583,-1350.8656623061245,-1195.8915646826529,-1231.7583697490784,86.41364399140299
177,0,2000,0.5319255193074545,0.00520742220794558,0.09507505098978679,0.004116124353966241,9,95,55,250,48,50,0.1,1,HistGradientBoostingRegressor(),"{'q': 9, 'model__min_samples_leaf': 95, 'model__max_leaf_nodes': 55, 'model__max_iter': 250, 'model__max_depth': 48, 'model__max_bins': 50, 'model__learning_rate': 0.1, 'model__l2_regularization': 1, 'model': HistGradientBoostingRegressor()}",-2399.297337491514,-2383.849798602269,-2474.463307084099,-2419.203481059294,39.58023828168529,751,-1686.0397124511223,-1843.8755563907703,-1718.2348224436146,-1749.3833637618357,68.09655952016432
178,0,2000,0.25724101066589355,0.024075708343904528,0.11539006233215332,0.015032387709706222,9,80,5,70,3,85,0.2,3,HistGradientBoostingRegressor(),"{'q': 9, 'model__min_samples_leaf': 80, 'model__max_leaf_nodes': 5, 'model__max_iter': 70, 'model__max_depth': 3, 'model__max_bins': 85, 'model__learning_rate': 0.2, 'model__l2_regularization': 3, 'model': HistGradientBoostingRegressor()}",-2657.060008709136,-2371.039790146391,-2509.2216133573183,-2512.440470737615,116.78944626633611,855,-2063.4466435809195,-2151.265083140727,-2047.5732664015663,-2087.4283310410706,45.60218718982819
179,0,2000,0.6297636032104492,0.012996332647475812,0.10437361399332683,0.015322728212151393,4,50,20,230,43,50,0.01,5,HistGradientBoostingRegressor(),"{'q': 4, 'model__min_samples_leaf': 50, 'model__max_leaf_nodes': 20, 'model__max_iter': 230, 'model__max_depth': 43, 'model__max_bins': 50, 'model__learning_rate': 0.01, 'model__l2_regularization': 5, 'model': HistGradientBoostingRegressor()}",-2823.5122436936495,-2560.4139787463278,-2851.1468578361487,-2745.024360092042,131.02585660893735,917,-2232.855884181444,-2369.9928257671754,-2363.15801714299,-2322.0022423638698,63.09772069377439
180,0,2000,0.7457253138224283,0.0926843298314698,0.09601394335428874,0.004754763307636543,5,25,60,170,43,155,0.01,7,HistGradientBoostingRegressor(),"{'q': 5, 'model__min_samples_leaf': 25, 'model__max_leaf_nodes': 60, 'model__max_iter': 170, 'model__max_depth': 43, 'model__max_bins': 155, 'model__learning_rate': 0.01, 'model__l2_regularization': 7, 'model': HistGradientBoostingRegressor()}",-3115.2598201840165,-2843.457338997551,-3041.2447354311807,-2999.9872982042493,114.73383485174254,939,-2445.6728708505093,-2516.064422344499,-2476.8595097103434,-2479.5322676351175,28.799309674898733
181,0,2000,0.5757164160410563,0.05330677343799892,0.09402330716451009,0.012523066266929462,9,60,30,150,48,85,0.01,7,HistGradientBoostingRegressor(),"{'q': 9, 'model__min_samples_leaf': 60, 'model__max_leaf_nodes': 30, 'model__max_iter': 150, 'model__max_depth': 48, 'model__max_bins': 85, 'model__learning_rate': 0.01, 'model__l2_regularization': 7, 'model': HistGradientBoostingRegressor()}",-3393.794219500932,-3165.6978220117912,-3406.6397874281915,-3322.043942980305,110.67771323462637,951,-2886.444072449793,-2977.5781556381316,-2919.913674541362,-2927.978634209762,37.63985441421051
182,0,2000,0.6845136483510336,0.060243766470393076,0.09877443313598633,0.010088683914765287,3,25,40,110,13,155,0.05,5,HistGradientBoostingRegressor(),"{'q': 3, 'model__min_samples_leaf': 25, 'model__max_leaf_nodes': 40, 'model__max_iter': 110, 'model__max_depth': 13, 'model__max_bins': 155, 'model__learning_rate': 0.05, 'model__l2_regularization': 5, 'model': HistGradientBoostingRegressor()}",-2345.5596505474364,-2134.9625206832684,-2319.254816183028,-2266.592329137911,93.69379535874351,518,-1373.1589879588107,-1551.8933187112227,-1459.7921726226502,-1461.6148264308947,72.97936602244356
183,0,2000,0.9469470183054606,0.04905752213621643,0.10181307792663574,0.003496312191467285,13,55,50,330,33,50,0.1,5,HistGradientBoostingRegressor(),"{'q': 13, 'model__min_samples_leaf': 55, 'model__max_leaf_nodes': 50, 'model__max_iter': 330, 'model__max_depth': 33, 'model__max_bins': 50, 'model__learning_rate': 0.1, 'model__l2_regularization': 5, 'model': HistGradientBoostingRegressor()}",-2368.7660278326202,-2199.9941017835276,-2425.24402120379,-2331.3347169399794,95.69120066151964,594,-1242.0091847485908,-1418.0990125887495,-1277.4822876376466,-1312.530161658329,76.04021730734073
184,0,2000,0.6031946341196696,0.036727762444226236,0.09075299898783366,0.007090741302543647,13,10,25,90,33,155,0.2,3,HistGradientBoostingRegressor(),"{'q': 13, 'model__min_samples_leaf': 10, 'model__max_leaf_nodes': 25, 'model__max_iter': 90, 'model__max_depth': 33, 'model__max_bins': 155, 'model__learning_rate': 0.2, 'model__l2_regularization': 3, 'model': HistGradientBoostingRegressor()}",-2411.7246510599475,-2206.3669256642047,-2348.2425606907477,-2322.1113791383,85.84900633058629,582,-872.9895951227975,-1002.7715884691277,-857.5743464390981,-911.1118433436744,65.11804220205211
185,0,2000,0.40476489067077637,0.0802231228104443,0.0963117281595866,0.00931516667947962,8,50,35,50,13,50,0.1,1,HistGradientBoostingRegressor(),"{'q': 8, 'model__min_samples_leaf': 50, 'model__max_leaf_nodes': 35, 'model__max_iter': 50, 'model__max_depth': 13, 'model__max_bins': 50, 'model__learning_rate': 0.1, 'model__l2_regularization': 1, 'model': HistGradientBoostingRegressor()}",-2474.0573599097925,-2236.909994392782,-2492.297914204535,-2401.088422835703,116.33026757107076,719,-1787.1409293716606,-1975.261664505657,-1886.2725031501757,-1882.8916990091645,76.8371660258182
186,0,2000,0.621488094329834,0.033068564775714876,0.09227728843688965,0.0044941602692420025,4,60,10,210,43,50,0.05,7,HistGradientBoostingRegressor(),"{'q': 4, 'model__min_samples_leaf': 60, 'model__max_leaf_nodes': 10, 'model__max_iter': 210, 'model__max_depth': 43, 'model__max_bins': 50, 'model__learning_rate': 0.05, 'model__l2_regularization': 7, 'model': HistGradientBoostingRegressor()}",-2551.6587343172287,-2301.236221800375,-2480.3989473885904,-2444.4313011687314,105.3505651772884,796,-1818.3578601245956,-1958.9990448189658,-1858.7976361703454,-1878.7181803713022,59.119127017718455
187,0,2000,0.8768812815348307,0.058988673422115806,0.10146760940551758,0.007319321129037744,10,35,15,350,38,120,0.1,1,HistGradientBoostingRegressor(),"{'q': 10, 'model__min_samples_leaf': 35, 'model__max_leaf_nodes': 15, 'model__max_iter': 350, 'model__max_depth': 38, 'model__max_bins': 120, 'model__learning_rate': 0.1, 'model__l2_regularization': 1, 'model': HistGradientBoostingRegressor()}",-2331.731268998215,-2181.4891333777364,-2364.8771560716605,-2292.699186149204,79.79314647071661,549,-1093.126438410786,-1251.9619514425726,-1076.3482036571331,-1140.478864503497,79.12747645608003
188,0,2000,1.0514090061187744,0.055495331624783685,0.09482264518737793,0.0015648325263687166,7,25,40,190,43,225,0.1,9,HistGradientBoostingRegressor(),"{'q': 7, 'model__min_samples_leaf': 25, 'model__max_leaf_nodes': 40, 'model__max_iter': 190, 'model__max_depth': 43, 'model__max_bins': 225, 'model__learning_rate': 0.1, 'model__l2_regularization': 9, 'model': HistGradientBoostingRegressor()}",-2272.0547325197704,-2134.048901929938,-2396.4200104723122,-2267.5078816406735,107.16079830213454,521,-868.173361138259,-1076.569915743516,-911.0980489670231,-951.9471086162661,89.8471489011793
189,0,2000,0.8185868263244629,0.03727642019283173,0.1223600705464681,0.01953921648441322,5,40,20,290,23,50,0.2,9,HistGradientBoostingRegressor(),"{'q': 5, 'model__min_samples_leaf': 40, 'model__max_leaf_nodes': 20, 'model__max_iter': 290, 'model__max_depth': 23, 'model__max_bins': 50, 'model__learning_rate': 0.2, 'model__l2_regularization': 9, 'model': HistGradientBoostingRegressor()}",-2433.894113475166,-2238.2290311564766,-2476.437904457537,-2382.8536830297267,103.72949109705806,679,-858.476642122981,-1032.1645199081684,-863.7422201395302,-918.1277940568931,80.66479079136182
190,0,2000,0.7084064483642578,0.02338089457314757,0.09867676099141438,0.00979254488536243,5,45,45,190,23,85,0.01,1,HistGradientBoostingRegressor(),"{'q': 5, 'model__min_samples_leaf': 45, 'model__max_leaf_nodes': 45, 'model__max_iter': 190, 'model__max_depth': 23, 'model__max_bins': 85, 'model__learning_rate': 0.01, 'model__l2_regularization': 1, 'model': HistGradientBoostingRegressor()}",-2974.840463986778,-2658.9587119983344,-2922.083426857881,-2851.960867614331,138.1622242051496,930,-2354.2368897936444,-2445.145803120579,-2397.2019421867017,-2398.8615450336415,37.13195696232738
191,0,2000,0.40479334195454914,0.04192854456909004,0.0962972640991211,0.007923266327686281,14,70,5,290,18,225,0.1,3,HistGradientBoostingRegressor(),"{'q': 14, 'model__min_samples_leaf': 70, 'model__max_leaf_nodes': 5, 'model__max_iter': 290, 'model__max_depth': 18, 'model__max_bins': 225, 'model__learning_rate': 0.1, 'model__l2_regularization': 3, 'model': HistGradientBoostingRegressor()}",-2483.7447531359526,-2371.1134948964045,-2389.5384437494436,-2414.7988972606,49.32895003172019,743,-1831.16501915209,-1916.8218189565334,-1799.9666916703636,-1849.3178432596624,49.40259075917026
192,0,2000,0.584883451461792,0.029914306133586907,0.10501035054524739,0.007335338223145316,9,45,15,250,43,85,0.2,7,HistGradientBoostingRegressor(),"{'q': 9, 'model__min_samples_leaf': 45, 'model__max_leaf_nodes': 15, 'model__max_iter': 250, 'model__max_depth': 43, 'model__max_bins': 85, 'model__learning_rate': 0.2, 'model__l2_regularization': 7, 'model': HistGradientBoostingRegressor()}",-2375.3712438794187,-2335.0346181364457,-2417.384039935652,-2375.929967317172,33.621331984082275,661,-1020.5001847736655,-1207.443610735993,-1049.0100513928796,-1092.3179489675126,82.23398171025661
193,0,2000,0.6650026639302572,0.03884025781459054,0.09406375885009766,0.002914118858236291,11,95,65,370,13,225,0.01,5,HistGradientBoostingRegressor(),"{'q': 11, 'model__min_samples_leaf': 95, 'model__max_leaf_nodes': 65, 'model__max_iter': 370, 'model__max_depth': 13, 'model__max_bins': 225, 'model__learning_rate': 0.01, 'model__l2_regularization': 5, 'model': HistGradientBoostingRegressor()}",-2753.810810107031,-2443.4683026035373,-2734.789705342943,-2644.0229393511704,142.0259890474109,897,-2238.5184429108917,-2316.7249567737676,-2258.0766426070613,-2271.1066807639068,33.230519340135594
194,0,2000,0.7260739803314209,0.07266639084602018,0.1131897767384847,0.019534215837694675,10,20,30,190,48,120,0.1,1,HistGradientBoostingRegressor(),"{'q': 10, 'model__min_samples_leaf': 20, 'model__max_leaf_nodes': 30, 'model__max_iter': 190, 'model__max_depth': 48, 'model__max_bins': 120, 'model__learning_rate': 0.1, 'model__l2_regularization': 1, 'model': HistGradientBoostingRegressor()}",-2313.0901591146553,-2159.3127046376044,-2304.9343691407425,-2259.112410964334,70.64755369532509,507,-862.3446398610387,-1058.719267152299,-850.8182897562125,-923.9607322565166,95.40479104715888
195,0,2000,0.42418670654296875,0.018418255794994988,0.09794338544209798,0.012553294995046359,3,95,55,190,13,50,0.05,1,HistGradientBoostingRegressor(),"{'q': 3, 'model__min_samples_leaf': 95, 'model__max_leaf_nodes': 55, 'model__max_iter': 190, 'model__max_depth': 13, 'model__max_bins': 50, 'model__learning_rate': 0.05, 'model__l2_regularization': 1, 'model': HistGradientBoostingRegressor()}",-2536.7381868479565,-2355.6105693070976,-2560.0730904903494,-2484.140615548468,91.38237985558817,839,-1982.0547457173413,-2055.274553163187,-1999.6672509872647,-2012.3321832892645,31.204544896135065
196,0,2000,1.055843989054362,0.051370790833617494,0.1055755615234375,0.008666160891952579,10,10,25,390,48,120,0.2,5,HistGradientBoostingRegressor(),"{'q': 10, 'model__min_samples_leaf': 10, 'model__max_leaf_nodes': 25, 'model__max_iter': 390, 'model__max_depth': 48, 'model__max_bins': 120, 'model__learning_rate': 0.2, 'model__l2_regularization': 5, 'model': HistGradientBoostingRegressor()}",-2482.3179098465707,-2309.5953257493047,-2374.2452695960196,-2388.7195017306317,71.25260374762577,689,-289.35840438782986,-322.3271043184109,-242.08988063278554,-284.59179644634213,32.92965664002749
197,0,2000,0.49902764956156415,0.06263963105947348,0.09511836369832356,0.005619667435868403,14,50,45,150,28,190,0.1,5,HistGradientBoostingRegressor(),"{'q': 14, 'model__min_samples_leaf': 50, 'model__max_leaf_nodes': 45, 'model__max_iter': 150, 'model__max_depth': 28, 'model__max_bins': 190, 'model__learning_rate': 0.1, 'model__l2_regularization': 5, 'model': HistGradientBoostingRegressor()}",-2377.0873612298697,-2142.7949921640193,-2404.0868516987625,-2307.989735030884,117.32922461896717,564,-1378.672906840112,-1537.2409079320819,-1416.8642994708594,-1444.2593714143513,67.57129675469977
198,0,2000,1.2632710933685303,0.055591545247315674,0.10611891746520996,0.004343690257538293,8,30,45,390,28,190,0.05,1,HistGradientBoostingRegressor(),"{'q': 8, 'model__min_samples_leaf': 30, 'model__max_leaf_nodes': 45, 'model__max_iter': 390, 'model__max_depth': 28, 'model__max_bins': 190, 'model__learning_rate': 0.05, 'model__l2_regularization': 1, 'model': HistGradientBoostingRegressor()}",-2262.719637221669,-2100.9799516458747,-2342.154980592072,-2235.2848564865385,100.35220988195628,488,-935.5271161335697,-1123.2866866849686,-956.4024735609379,-1005.0720921264921,84.02365901696511
199,0,2000,0.5404139359792074,0.05582328052791698,0.09539445241292317,0.0033079440113545984,3,85,60,290,18,85,0.2,9,HistGradientBoostingRegressor(),"{'q': 3, 'model__min_samples_leaf': 85, 'model__max_leaf_nodes': 60, 'model__max_iter': 290, 'model__max_depth': 18, 'model__max_bins': 85, 'model__learning_rate': 0.2, 'model__l2_regularization': 9, 'model': HistGradientBoostingRegressor()}",-2412.18528143066,-2454.8990869248814,-2526.8863397662767,-2464.656902707273,47.332120330419436,821,-1314.1568425077899,-1555.9952885698558,-1359.1550608403709,-1409.7690639726723,105.01679701595725
200,0,2000,0.679781436920166,0.03132901222293775,0.11661624908447266,0.020384359040114156,5,55,35,310,43,85,0.1,7,HistGradientBoostingRegressor(),"{'q': 5, 'model__min_samples_leaf': 55, 'model__max_leaf_nodes': 35, 'model__max_iter': 310, 'model__max_depth': 43, 'model__max_bins': 85, 'model__learning_rate': 0.1, 'model__l2_regularization': 7, 'model': HistGradientBoostingRegressor()}",-2374.4243386295775,-2206.4270353616585,-2440.3357056602104,-2340.395693217149,98.47767273740368,608,-1230.6475033704012,-1435.059441247853,-1275.6476168427243,-1313.7848538203261,87.69985450355904
201,0,2000,0.9004987875620524,0.026167772664858324,0.09951098759969075,0.003048797020104925,7,25,55,290,13,155,0.05,3,HistGradientBoostingRegressor(),"{'q': 7, 'model__min_samples_leaf': 25, 'model__max_leaf_nodes': 55, 'model__max_iter': 290, 'model__max_depth': 13, 'model__max_bins': 155, 'model__learning_rate': 0.05, 'model__l2_regularization': 3, 'model': HistGradientBoostingRegressor()}",-2298.317484977578,-2150.9803890912262,-2334.9189114706455,-2261.4055951798164,79.49931115052753,508,-1020.6733200036799,-1241.2372942861268,-1104.9942652495038,-1122.3016265131034,90.87271410512817
202,0,2000,0.5891870657602946,0.06754186807940861,0.10404499371846516,0.0076776516503110365,9,30,60,250,8,155,0.2,5,HistGradientBoostingRegressor(),"{'q': 9, 'model__min_samples_leaf': 30, 'model__max_leaf_nodes': 60, 'model__max_iter': 250, 'model__max_depth': 8, 'model__max_bins': 155, 'model__learning_rate': 0.2, 'model__l2_regularization': 5, 'model': HistGradientBoostingRegressor()}",-2300.343869240887,-2222.068749549576,-2475.724223058986,-2332.712280616483,106.05363533469155,598,-889.8050436810031,-1033.9635348087868,-817.5443819291809,-913.7709868063235,89.96327864077332
203,0,2000,1.6298619111378987,0.046969520018462635,0.11050907770792644,0.008518575460835823,5,5,60,350,33,120,0.2,3,HistGradientBoostingRegressor(),"{'q': 5, 'model__min_samples_leaf': 5, 'model__max_leaf_nodes': 60, 'model__max_iter': 350, 'model__max_depth': 33, 'model__max_bins': 120, 'model__learning_rate': 0.2, 'model__l2_regularization': 3, 'model': HistGradientBoostingRegressor()}",-2390.727461282186,-2437.887303543301,-2396.5448922979026,-2408.386552374463,20.994941701116517,735,-28.55109916438751,-37.259717377982284,-27.38564222041285,-31.06548625426088,4.405749794879707
204,0,2000,0.531128724416097,0.05042820369910552,0.0961616039276123,0.00728052600831744,6,95,15,370,43,120,0.05,7,HistGradientBoostingRegressor(),"{'q': 6, 'model__min_samples_leaf': 95, 'model__max_leaf_nodes': 15, 'model__max_iter': 370, 'model__max_depth': 43, 'model__max_bins': 120, 'model__learning_rate': 0.05, 'model__l2_regularization': 7, 'model': HistGradientBoostingRegressor()}",-2424.7865275971644,-2359.8129005406195,-2475.033530855628,-2419.877652997804,47.16652202513391,756,-1795.107519330852,-1866.3439805952337,-1754.2956673129925,-1805.2490557463595,46.30222599399958
205,0,2000,0.44175004959106445,0.015397541909845762,0.10402496655782063,0.009379876615485406,7,35,40,390,3,85,0.2,3,HistGradientBoostingRegressor(),"{'q': 7, 'model__min_samples_leaf': 35, 'model__max_leaf_nodes': 40, 'model__max_iter': 390, 'model__max_depth': 3, 'model__max_bins': 85, 'model__learning_rate': 0.2, 'model__l2_regularization': 3, 'model': HistGradientBoostingRegressor()}",-2452.805308291822,-2287.1054043514546,-2373.8288978667256,-2371.246536836667,67.6713429393807,648,-1429.670343804753,-1604.627784551699,-1402.6274573637163,-1478.9751952400563,89.53308262799104
206,0,2000,0.3873719374338786,0.033595052250297394,0.10970838864644368,0.012236164633146742,10,45,5,290,28,120,0.2,9,HistGradientBoostingRegressor(),"{'q': 10, 'model__min_samples_leaf': 45, 'model__max_leaf_nodes': 5, 'model__max_iter': 290, 'model__max_depth': 28, 'model__max_bins': 120, 'model__learning_rate': 0.2, 'model__l2_regularization': 9, 'model': HistGradientBoostingRegressor()}",-2423.248925308792,-2243.117687489627,-2371.2646561564247,-2345.8770896516144,75.69769749621749,613,-1614.3142408061537,-1779.024041834043,-1576.1631942349686,-1656.5004922917217,88.02609739146077
207,0,2000,0.7067159016927084,0.06496230314253963,0.11514695485432942,0.02144242942712002,9,95,35,330,8,225,0.1,3,HistGradientBoostingRegressor(),"{'q': 9, 'model__min_samples_leaf': 95, 'model__max_leaf_nodes': 35, 'model__max_iter': 330, 'model__max_depth': 8, 'model__max_bins': 225, 'model__learning_rate': 0.1, 'model__l2_regularization': 3, 'model': HistGradientBoostingRegressor()}",-2391.3841986439866,-2407.3888721323256,-2463.871084752921,-2420.881385176411,31.092583205924633,761,-1573.3917189808415,-1699.1946212058192,-1544.3762995308273,-1605.6542132391626,67.19538467976044
208,0,2000,0.47144126892089844,0.07585490819625326,0.1025389830271403,0.004355891303438715,13,75,65,170,23,120,0.2,5,HistGradientBoostingRegressor(),"{'q': 13, 'model__min_samples_leaf': 75, 'model__max_leaf_nodes': 65, 'model__max_iter': 170, 'model__max_depth': 23, 'model__max_bins': 120, 'model__learning_rate': 0.2, 'model__l2_regularization': 5, 'model': HistGradientBoostingRegressor()}",-2364.9697582810254,-2331.4146626033116,-2523.2807701081156,-2406.5550636641506,83.66661628199186,729,-1392.5162927234635,-1593.199141330471,-1430.485791003751,-1472.0670750192285,87.04463918602391
209,0,2000,0.6325300534566244,0.03613447549620485,0.10399397214253743,0.012979715829247477,5,55,15,210,33,190,0.05,5,HistGradientBoostingRegressor(),"{'q': 5, 'model__min_samples_leaf': 55, 'model__max_leaf_nodes': 15, 'model__max_iter': 210, 'model__max_depth': 33, 'model__max_bins': 190, 'model__learning_rate': 0.05, 'model__l2_regularization': 5, 'model': HistGradientBoostingRegressor()}",-2440.8850716903553,-2216.1085875359713,-2424.2066661065646,-2360.400108444297,102.25645719703219,635,-1610.4054343022765,-1774.3455155912475,-1656.0698016978681,-1680.2735838637975,69.08185901093678
210,0,2000,0.31984607378641766,0.02078311199141014,0.10624345143636067,0.007891060213545475,8,95,40,110,3,190,0.1,3,HistGradientBoostingRegressor(),"{'q': 8, 'model__min_samples_leaf': 95, 'model__max_leaf_nodes': 40, 'model__max_iter': 110, 'model__max_depth': 3, 'model__max_bins': 190, 'model__learning_rate': 0.1, 'model__l2_regularization': 3, 'model': HistGradientBoostingRegressor()}",-2678.8337323511264,-2399.1992927939555,-2559.9365907758156,-2545.9898719736325,114.58545041619564,867,-2157.7039368710603,-2174.8038328304406,-2086.5718616426293,-2139.6932104480434,38.20567047472804
211,0,2000,0.34090431531270343,0.019703560767735745,0.10028433799743652,0.008611206312868814,10,80,10,110,3,120,0.2,3,HistGradientBoostingRegressor(),"{'q': 10, 'model__min_samples_leaf': 80, 'model__max_leaf_nodes': 10, 'model__max_iter': 110, 'model__max_depth': 3, 'model__max_bins': 120, 'model__learning_rate': 0.2, 'model__l2_regularization': 3, 'model': HistGradientBoostingRegressor()}",-2598.572991582514,-2365.451324681709,-2538.7436847008075,-2500.9226669883437,98.85764151970363,851,-1967.9535826884223,-2057.1449025420707,-1901.5120114471458,-1975.5368322258794,63.76272920132207
212,0,2000,0.8776699701944987,0.041820119891621245,0.09832096099853516,0.0029146895931082945,12,70,25,310,48,120,0.1,5,HistGradientBoostingRegressor(),"{'q': 12, 'model__min_samples_leaf': 70, 'model__max_leaf_nodes': 25, 'model__max_iter': 310, 'model__max_depth': 48, 'model__max_bins': 120, 'model__learning_rate': 0.1, 'model__l2_regularization': 5, 'model': HistGradientBoostingRegressor()}",-2343.942460916021,-2271.899864658847,-2506.344124365894,-2374.062149980254,98.05245017979198,653,-1375.1794082468252,-1579.4572481364012,-1399.1249164439123,-1451.2538576090462,91.17905039988189
213,0,2000,0.28992263476053876,0.01212622710985383,0.11743791898091634,0.01631063899245455,7,70,5,150,28,50,0.2,7,HistGradientBoostingRegressor(),"{'q': 7, 'model__min_samples_leaf': 70, 'model__max_leaf_nodes': 5, 'model__max_iter': 150, 'model__max_depth': 28, 'model__max_bins': 50, 'model__learning_rate': 0.2, 'model__l2_regularization': 7, 'model': HistGradientBoostingRegressor()}",-2520.9828112924406,-2432.5090845260133,-2428.587126387638,-2460.6930074020306,42.66138596567052,816,-1888.5499703930761,-1998.5575065460414,-1876.8186406368668,-1921.3087058586614,54.832708791931516
214,0,2000,0.6673330465952555,0.035621350919327735,0.11687366167704265,0.009845524739925327,8,80,40,370,38,85,0.2,9,HistGradientBoostingRegressor(),"{'q': 8, 'model__min_samples_leaf': 80, 'model__max_leaf_nodes': 40, 'model__max_iter': 370, 'model__max_depth': 38, 'model__max_bins': 85, 'model__learning_rate': 0.2, 'model__l2_regularization': 9, 'model': HistGradientBoostingRegressor()}",-2404.3339353878905,-2434.351827283454,-2534.1631099968113,-2457.6162908893853,55.49672720117337,810,-1187.8321160397454,-1435.9078308181051,-1218.1587083898198,-1280.6328850825569,110.49180099529259
215,0,2000,0.6598840554555258,0.0739897496001013,0.09546367327372234,0.006057182979597504,7,50,30,230,33,85,0.2,5,HistGradientBoostingRegressor(),"{'q': 7, 'model__min_samples_leaf': 50, 'model__max_leaf_nodes': 30, 'model__max_iter': 230, 'model__max_depth': 33, 'model__max_bins': 85, 'model__learning_rate': 0.2, 'model__l2_regularization': 5, 'model': HistGradientBoostingRegressor()}",-2410.2551536614583,-2323.515465157065,-2443.2909686836824,-2392.3538625007354,50.50996588251611,699,-990.6555261351472,-1144.533652525496,-1007.9732800048984,-1047.7208195551805,68.82111895136543
216,0,2000,0.7110346158345541,0.048221345845328355,0.10364206631978352,0.008440722631690298,11,35,65,190,28,190,0.2,7,HistGradientBoostingRegressor(),"{'q': 11, 'model__min_samples_leaf': 35, 'model__max_leaf_nodes': 65, 'model__max_iter': 190, 'model__max_depth': 28, 'model__max_bins': 190, 'model__learning_rate': 0.2, 'model__l2_regularization': 7, 'model': HistGradientBoostingRegressor()}",-2297.6745773484427,-2242.722238337983,-2418.8876941914996,-2319.761503292642,73.59547622994101,577,-786.4985223742284,-971.9360123575284,-781.7321396254922,-846.7222247857495,88.56089825530512
217,0,2000,1.2043170928955078,0.04052251153785745,0.09700401624043782,0.004073036277250186,8,20,40,370,13,85,0.01,9,HistGradientBoostingRegressor(),"{'q': 8, 'model__min_samples_leaf': 20, 'model__max_leaf_nodes': 40, 'model__max_iter': 370, 'model__max_depth': 13, 'model__max_bins': 85, 'model__learning_rate': 0.01, 'model__l2_regularization': 9, 'model': HistGradientBoostingRegressor()}",-2434.556300544577,-2237.3313099714856,-2454.135137787988,-2375.34091610135,97.91432055643088,659,-1543.6796658577027,-1727.0691854552208,-1653.0224399803976,-1641.2570970977738,75.32926144339662
218,0,2000,1.0818418661753337,0.034095472832337256,0.0995620886484782,0.008149897974213767,14,5,45,210,23,155,0.01,3,HistGradientBoostingRegressor(),"{'q': 14, 'model__min_samples_leaf': 5, 'model__max_leaf_nodes': 45, 'model__max_iter': 210, 'model__max_depth': 23, 'model__max_bins': 155, 'model__learning_rate': 0.01, 'model__l2_regularization': 3, 'model': HistGradientBoostingRegressor()}",-2757.9639537699295,-2476.991467968705,-2749.790039660197,-2661.581820466277,130.5677394927037,902,-1806.410519137435,-1938.4195844051658,-1867.8005310996411,-1870.8768782140805,53.936359176912674
219,0,2000,0.3885806401570638,0.011968337350209971,0.08826573689778645,0.003931601698466878,6,55,20,110,38,50,0.05,5,HistGradientBoostingRegressor(),"{'q': 6, 'model__min_samples_leaf': 55, 'model__max_leaf_nodes': 20, 'model__max_iter': 110, 'model__max_depth': 38, 'model__max_bins': 50, 'model__learning_rate': 0.05, 'model__l2_regularization': 5, 'model': HistGradientBoostingRegressor()}",-2568.977819451806,-2247.4168232430948,-2514.7745524506554,-2443.7230650485185,140.56221390598236,794,-1831.6997474867565,-1984.581506870911,-1925.7268275564763,-1914.0026939713814,62.96189095709401
220,0,2000,1.0817734400431316,0.04623202015119023,0.10520037015279134,0.008600429004132442,6,30,55,390,13,190,0.2,9,HistGradientBoostingRegressor(),"{'q': 6, 'model__min_samples_leaf': 30, 'model__max_leaf_nodes': 55, 'model__max_iter': 390, 'model__max_depth': 13, 'model__max_bins': 190, 'model__learning_rate': 0.2, 'model__l2_regularization': 9, 'model': HistGradientBoostingRegressor()}",-2378.601219924722,-2304.329622962846,-2461.591136837547,-2381.5073265750384,64.23462217235578,676,-453.848500411699,-580.4194319446364,-420.5259300185504,-484.9312874582952,68.8771259925231
221,0,2000,0.6183187961578369,0.03832837045857521,0.10828359921773274,0.015922244716068394,10,50,10,390,28,190,0.05,7,HistGradientBoostingRegressor(),"{'q': 10, 'model__min_samples_leaf': 50, 'model__max_leaf_nodes': 10, 'model__max_iter': 390, 'model__max_depth': 28, 'model__max_bins': 190, 'model__learning_rate': 0.05, 'model__l2_regularization': 7, 'model': HistGradientBoostingRegressor()}",-2385.6446984210597,-2161.8005415407797,-2389.6820513880866,-2312.3757637833087,106.48551770009334,569,-1544.0625914046673,-1687.9861137111627,-1575.5637653101144,-1602.5374901419812,61.77475990378829
222,0,2000,0.5322275956471761,0.044299981864368426,0.10260566075642903,0.00454025012720605,4,85,30,290,28,155,0.1,1,HistGradientBoostingRegressor(),"{'q': 4, 'model__min_samples_leaf': 85, 'model__max_leaf_nodes': 30, 'model__max_iter': 290, 'model__max_depth': 28, 'model__max_bins': 155, 'model__learning_rate': 0.1, 'model__l2_regularization': 1, 'model': HistGradientBoostingRegressor()}",-2403.924182002293,-2397.0101199405676,-2499.1904559799073,-2433.374919307589,46.62413333705532,781,-1504.480451399668,-1692.2157563071926,-1556.696781770007,-1584.4643298256226,79.1176917465198
223,0,2000,0.921329657236735,0.020069239750642717,0.10781462987263997,0.011930113897537413,4,10,35,250,33,50,0.2,5,HistGradientBoostingRegressor(),"{'q': 4, 'model__min_samples_leaf': 10, 'model__max_leaf_nodes': 35, 'model__max_iter': 250, 'model__max_depth': 33, 'model__max_bins': 50, 'model__learning_rate': 0.2, 'model__l2_regularization': 5, 'model': HistGradientBoostingRegressor()}",-2420.666746324882,-2296.1568136209585,-2427.5251952139397,-2381.44958505326,60.376056094244724,675,-329.96864992402874,-388.8704979789544,-299.31041091947407,-339.38318627415237,37.16384819993102
224,0,2000,0.33540622393290204,0.020773929468792834,0.10515069961547852,0.013363083396411903,5,25,5,210,8,225,0.1,5,HistGradientBoostingRegressor(),"{'q': 5, 'model__min_samples_leaf': 25, 'model__max_leaf_nodes': 5, 'model__max_iter': 210, 'model__max_depth': 8, 'model__max_bins': 225, 'model__learning_rate': 0.1, 'model__l2_regularization': 5, 'model': HistGradientBoostingRegressor()}",-2445.190274124007,-2222.1856627088346,-2286.766875508708,-2318.0476041138495,93.68965494176118,576,-1715.342750843525,-1914.7590016192783,-1755.9896827672999,-1795.3638117433677,86.04050128798858
225,0,2000,0.6686079502105713,0.0536039907790006,0.10360932350158691,0.011746678362825523,10,50,65,230,18,225,0.2,7,HistGradientBoostingRegressor(),"{'q': 10, 'model__min_samples_leaf': 50, 'model__max_leaf_nodes': 65, 'model__max_iter': 230, 'model__max_depth': 18, 'model__max_bins': 225, 'model__learning_rate': 0.2, 'model__l2_regularization': 7, 'model': HistGradientBoostingRegressor()}",-2402.7033734065963,-2241.0165753088336,-2425.9322972443497,-2356.55074865326,82.24355955919381,627,-942.6358972744098,-1103.2387340765458,-957.3564152500263,-1001.0770155336605,72.48878517441798
226,0,2000,0.3676613171895345,0.031033659451203552,0.10904796918233235,0.009898809077908848,4,5,30,230,3,85,0.1,7,HistGradientBoostingRegressor(),"{'q': 4, 'model__min_samples_leaf': 5, 'model__max_leaf_nodes': 30, 'model__max_iter': 230, 'model__max_depth': 3, 'model__max_bins': 85, 'model__learning_rate': 0.1, 'model__l2_regularization': 7, 'model': HistGradientBoostingRegressor()}",-2435.623875937159,-2192.274024624139,-2288.6527543072407,-2305.5168849561796,100.06027087186195,562,-1521.9082413159956,-1728.0023610877713,-1693.7511590369086,-1647.8872538135583,90.1713920001907
227,0,2000,0.756039539972941,0.03633561562055308,0.10611685117085774,0.0017104095616887127,5,25,45,190,18,50,0.05,9,HistGradientBoostingRegressor(),"{'q': 5, 'model__min_samples_leaf': 25, 'model__max_leaf_nodes': 45, 'model__max_iter': 190, 'model__max_depth': 18, 'model__max_bins': 50, 'model__learning_rate': 0.05, 'model__l2_regularization': 9, 'model': HistGradientBoostingRegressor()}",-2314.814879048326,-2102.315071486499,-2354.1499804243967,-2257.093310319741,110.61657489516476,504,-1230.3274380745568,-1455.4206243979181,-1284.120852354652,-1323.289638275709,95.97701452326336
228,0,2000,0.22365204493204752,0.0041169730160117825,0.10814428329467773,0.010317980885325016,6,90,60,50,3,120,0.2,3,HistGradientBoostingRegressor(),"{'q': 6, 'model__min_samples_leaf': 90, 'model__max_leaf_nodes': 60, 'model__max_iter': 50, 'model__max_depth': 3, 'model__max_bins': 120, 'model__learning_rate': 0.2, 'model__l2_regularization': 3, 'model': HistGradientBoostingRegressor()}",-2745.350264396014,-2433.833279434999,-2612.60419006834,-2597.262577966451,127.63811284569081,882,-2180.8760687226795,-2231.013831416379,-2139.67925529083,-2183.856385143296,37.34669029051687
229,0,2000,0.28574609756469727,0.01762334573971305,0.13454723358154297,0.02554233328043772,7,90,25,90,3,225,0.01,9,HistGradientBoostingRegressor(),"{'q': 7, 'model__min_samples_leaf': 90, 'model__max_leaf_nodes': 25, 'model__max_iter': 90, 'model__max_depth': 3, 'model__max_bins': 225, 'model__learning_rate': 0.01, 'model__l2_regularization': 9, 'model': HistGradientBoostingRegressor()}",-4328.6825068763155,-4166.308083940383,-4447.333385596302,-4314.107992137667,115.19003834996727,971,-3991.1773825363093,-4118.392049802976,-4015.28165470576,-4041.617029015015,55.17280034551192
230,0,2000,0.47887595494588214,0.057281421074455004,0.09172836939493816,0.004567878451370504,9,5,55,50,18,120,0.2,3,HistGradientBoostingRegressor(),"{'q': 9, 'model__min_samples_leaf': 5, 'model__max_leaf_nodes': 55, 'model__max_iter': 50, 'model__max_depth': 18, 'model__max_bins': 120, 'model__learning_rate': 0.2, 'model__l2_regularization': 3, 'model': HistGradientBoostingRegressor()}",-2379.034144797842,-2242.889253759677,-2340.568550274915,-2320.830649610811,57.306464911142314,580,-642.1022166422706,-798.5828986487691,-673.6391051951946,-704.7747401620782,67.57031786170604
231,0,2000,0.6175551414489746,0.016717464012542482,0.1046582857767741,0.014035334908636449,8,55,15,250,33,190,0.01,1,HistGradientBoostingRegressor(),"{'q': 8, 'model__min_samples_leaf': 55, 'model__max_leaf_nodes': 15, 'model__max_iter': 250, 'model__max_depth': 33, 'model__max_bins': 190, 'model__learning_rate': 0.01, 'model__l2_regularization': 1, 'model': HistGradientBoostingRegressor()}",-2807.2254449352563,-2467.1578226816628,-2802.7361539678427,-2692.3731405282538,159.26182421388862,909,-2152.486555425614,-2303.2429207396917,-2268.5420666672653,-2241.423847610857,64.46404048910489
232,0,2000,0.5021617412567139,0.057888214305072155,0.11069869995117188,0.012205053328481305,3,60,60,210,23,225,0.01,1,HistGradientBoostingRegressor(),"{'q': 3, 'model__min_samples_leaf': 60, 'model__max_leaf_nodes': 60, 'model__max_iter': 210, 'model__max_depth': 23, 'model__max_bins': 225, 'model__learning_rate': 0.01, 'model__l2_regularization': 1, 'model': HistGradientBoostingRegressor()}",-2917.9735282526403,-2630.4492100475036,-2942.4689247955534,-2830.297221031899,141.66727858792459,927,-2334.4190190272407,-2439.979624682808,-2446.128892481968,-2406.8425120640054,51.27263813088611
233,0,2000,0.6562746365865072,0.04105331730533836,0.10221028327941895,0.004101955561380709,11,75,20,350,18,190,0.01,5,HistGradientBoostingRegressor(),"{'q': 11, 'model__min_samples_leaf': 75, 'model__max_leaf_nodes': 20, 'model__max_iter': 350, 'model__max_depth': 18, 'model__max_bins': 190, 'model__learning_rate': 0.01, 'model__l2_regularization': 5, 'model': HistGradientBoostingRegressor()}",-2746.015314447737,-2431.3141427568426,-2703.2687325656734,-2626.866063256751,139.37295953436566,892,-2134.6836381144967,-2276.81631284623,-2197.382255851958,-2202.9607356042284,58.159343668116094
234,0,2000,0.7059120337168375,0.03127230241738339,0.10537004470825195,0.015065289653205057,3,25,50,190,48,85,0.01,7,HistGradientBoostingRegressor(),"{'q': 3, 'model__min_samples_leaf': 25, 'model__max_leaf_nodes': 50, 'model__max_iter': 190, 'model__max_depth': 48, 'model__max_bins': 85, 'model__learning_rate': 0.01, 'model__l2_regularization': 7, 'model': HistGradientBoostingRegressor()}",-2958.8719124973322,-2688.224202517757,-2901.6394737655082,-2849.5785295935325,116.46258958811694,929,-2276.0112041002944,-2354.2788516273326,-2324.9103052732785,-2318.400120333635,32.282534424622874
235,0,2000,0.5402357578277588,0.0660200178378959,0.10485188166300456,0.003736570638166759,5,80,45,310,43,120,0.05,5,HistGradientBoostingRegressor(),"{'q': 5, 'model__min_samples_leaf': 80, 'model__max_leaf_nodes': 45, 'model__max_iter': 310, 'model__max_depth': 43, 'model__max_bins': 120, 'model__learning_rate': 0.05, 'model__l2_regularization': 5, 'model': HistGradientBoostingRegressor()}",-2404.9027020823137,-2258.839611186992,-2522.1634285984474,-2395.301913955918,107.71564279317816,710,-1691.9977769819043,-1856.432938323762,-1721.8820354875913,-1756.7709169310858,71.51995575904841
236,0,2000,0.476559321085612,0.030525023874757518,0.0954432487487793,0.006597428904461796,8,20,40,130,8,50,0.2,3,HistGradientBoostingRegressor(),"{'q': 8, 'model__min_samples_leaf': 20, 'model__max_leaf_nodes': 40, 'model__max_iter': 130, 'model__max_depth': 8, 'model__max_bins': 50, 'model__learning_rate': 0.2, 'model__l2_regularization': 3, 'model': HistGradientBoostingRegressor()}",-2327.0522340218436,-2225.316509528203,-2392.4623359441152,-2314.943693164721,68.77206018595554,571,-1035.8281796277058,-1224.1005552871043,-890.5424574772046,-1050.1570641306714,136.5509400723509
237,0,2000,0.4990774790445964,0.017994818200457986,0.1045685609181722,0.0028632727514780274,3,65,5,370,8,190,0.01,1,HistGradientBoostingRegressor(),"{'q': 3, 'model__min_samples_leaf': 65, 'model__max_leaf_nodes': 5, 'model__max_iter': 370, 'model__max_depth': 8, 'model__max_bins': 190, 'model__learning_rate': 0.01, 'model__l2_regularization': 1, 'model': HistGradientBoostingRegressor()}",-2842.116653396294,-2505.4460153739365,-2744.897100416919,-2697.4865897290497,141.47460789686787,911,-2270.492805433477,-2381.318805385528,-2333.175312621185,-2328.328974480063,45.37411752219226
238,0,2000,0.6041297117869059,0.03687852883431804,0.10748696327209473,0.009764004498145245,6,85,10,390,18,120,0.2,3,HistGradientBoostingRegressor(),"{'q': 6, 'model__min_samples_leaf': 85, 'model__max_leaf_nodes': 10, 'model__max_iter': 390, 'model__max_depth': 18, 'model__max_bins': 120, 'model__learning_rate': 0.2, 'model__l2_regularization': 3, 'model': HistGradientBoostingRegressor()}",-2458.8690172751594,-2510.884106565026,-2577.129282273732,-2515.627468704639,48.39591706383079,858,-1218.2073991115267,-1521.3967972277535,-1271.006706423881,-1336.8703009210537,132.24840917149305
239,0,2000,0.6546643575032552,0.04711689924110455,0.1104893684387207,0.015830195652906987,7,80,60,370,48,190,0.2,5,HistGradientBoostingRegressor(),"{'q': 7, 'model__min_samples_leaf': 80, 'model__max_leaf_nodes': 60, 'model__max_iter': 370, 'model__max_depth': 48, 'model__max_bins': 190, 'model__learning_rate': 0.2, 'model__l2_regularization': 5, 'model': HistGradientBoostingRegressor()}",-2398.6567893596407,-2369.0997776853455,-2527.7905731833716,-2431.849046742786,68.90566791680158,776,-1132.7112137303411,-1376.6729431523968,-1149.5560225502186,-1219.6467264776522,111.2470567054321
240,0,2000,0.3136616547902425,0.019767554175835735,0.10459097226460774,0.015318782884739516,3,90,20,90,48,190,0.05,1,HistGradientBoostingRegressor(),"{'q': 3, 'model__min_samples_leaf': 90, 'model__max_leaf_nodes': 20, 'model__max_iter': 90, 'model__max_depth': 48, 'model__max_bins': 190, 'model__learning_rate': 0.05, 'model__l2_regularization': 1, 'model': HistGradientBoostingRegressor()}",-2690.679933549477,-2393.724595607572,-2697.1396335757436,-2593.8480542442644,141.5332256719041,881,-2152.8053714357347,-2205.731367536737,-2174.4039378475036,-2177.646892273325,21.728289254284572
241,0,2000,0.49548085530598956,0.022246556195717287,0.09891072909037273,0.004965368851045183,5,75,35,210,33,155,0.1,5,HistGradientBoostingRegressor(),"{'q': 5, 'model__min_samples_leaf': 75, 'model__max_leaf_nodes': 35, 'model__max_iter': 210, 'model__max_depth': 33, 'model__max_bins': 155, 'model__learning_rate': 0.1, 'model__l2_regularization': 5, 'model': HistGradientBoostingRegressor()}",-2393.532503749482,-2252.742587406251,-2480.4729912267185,-2375.582694127484,93.83294004118093,660,-1571.064508557123,-1729.2984103245024,-1578.15602141297,-1626.1729800981984,72.9781390014223
242,0,2000,0.9167865912119547,0.022817860106566484,0.10148239135742188,0.012753250482679085,9,30,65,270,48,85,0.05,5,HistGradientBoostingRegressor(),"{'q': 9, 'model__min_samples_leaf': 30, 'model__max_leaf_nodes': 65, 'model__max_iter': 270, 'model__max_depth': 48, 'model__max_bins': 85, 'model__learning_rate': 0.05, 'model__l2_regularization': 5, 'model': HistGradientBoostingRegressor()}",-2286.641107816798,-2160.8151313721273,-2290.4429460519855,-2245.9663950803038,60.231037274903194,496,-1135.4554595819816,-1352.7105566240762,-1179.9936039193935,-1222.7198733751504,93.69843425905238
243,0,2000,0.5193803310394287,0.03519081571860363,0.10090827941894531,0.0031381010650937393,4,85,30,290,33,85,0.2,5,HistGradientBoostingRegressor(),"{'q': 4, 'model__min_samples_leaf': 85, 'model__max_leaf_nodes': 30, 'model__max_iter': 290, 'model__max_depth': 33, 'model__max_bins': 85, 'model__learning_rate': 0.2, 'model__l2_regularization': 5, 'model': HistGradientBoostingRegressor()}",-2421.820371371903,-2449.360698253417,-2523.7985915736244,-2464.993220399648,43.07490499402947,822,-1317.374485781232,-1550.4157141216624,-1349.5800674513791,-1405.7900891180914,103.10747929040953
244,0,2000,0.4635783831278483,0.0505978659206101,0.09583306312561035,0.005127666235668038,10,10,25,110,28,120,0.1,7,HistGradientBoostingRegressor(),"{'q': 10, 'model__min_samples_leaf': 10, 'model__max_leaf_nodes': 25, 'model__max_iter': 110, 'model__max_depth': 28, 'model__max_bins': 120, 'model__learning_rate': 0.1, 'model__l2_regularization': 7, 'model': HistGradientBoostingRegressor()}",-2358.99121738287,-2163.307658660131,-2311.2131364417405,-2277.8373374949138,83.30054723751091,534,-1157.1436074544788,-1284.3729183781265,-1145.6332501336917,-1195.7165919887657,62.86536003266935
245,0,2000,0.6160029570261637,0.003363545147712468,0.09482940038045247,0.003265247821635443,13,80,30,250,43,190,0.2,1,HistGradientBoostingRegressor(),"{'q': 13, 'model__min_samples_leaf': 80, 'model__max_leaf_nodes': 30, 'model__max_iter': 250, 'model__max_depth': 43, 'model__max_bins': 190, 'model__learning_rate': 0.2, 'model__l2_regularization': 1, 'model': HistGradientBoostingRegressor()}",-2361.5725070095114,-2342.385867955217,-2515.662499468273,-2406.5402914776673,77.55760864075485,728,-1258.3842154547506,-1493.384996970415,-1287.3747066616813,-1346.3813063622822,104.61891458818039
246,0,2000,0.9131476879119873,0.022818737005070616,0.10713466008504231,0.016733306741958956,3,25,55,210,43,225,0.1,7,HistGradientBoostingRegressor(),"{'q': 3, 'model__min_samples_leaf': 25, 'model__max_leaf_nodes': 55, 'model__max_iter': 210, 'model__max_depth': 43, 'model__max_bins': 225, 'model__learning_rate': 0.1, 'model__l2_regularization': 7, 'model': HistGradientBoostingRegressor()}",-2256.801841631566,-2142.2694925854166,-2345.8504145435254,-2248.307249586836,83.32833258395445,499,-811.9579087429827,-1014.4485736789042,-842.5828218644856,-889.6631014287908,89.11801871465259
247,0,2000,0.5683207511901855,0.017562533081811587,0.10192433993021648,0.01199097888507965,8,65,20,270,33,155,0.01,1,HistGradientBoostingRegressor(),"{'q': 8, 'model__min_samples_leaf': 65, 'model__max_leaf_nodes': 20, 'model__max_iter': 270, 'model__max_depth': 33, 'model__max_bins': 155, 'model__learning_rate': 0.01, 'model__l2_regularization': 1, 'model': HistGradientBoostingRegressor()}",-2783.861430559296,-2425.4309121589213,-2816.0299841749484,-2675.107442297722,177.0357426002714,904,-2154.9846643454066,-2272.23638864207,-2287.9822510253407,-2238.4011013376057,59.3335740588939
248,0,2000,0.32387224833170575,0.019777781876619382,0.1060023307800293,0.0025597319286027064,11,90,40,150,3,155,0.01,3,HistGradientBoostingRegressor(),"{'q': 11, 'model__min_samples_leaf': 90, 'model__max_leaf_nodes': 40, 'model__max_iter': 150, 'model__max_depth': 3, 'model__max_bins': 155, 'model__learning_rate': 0.01, 'model__l2_regularization': 3, 'model': HistGradientBoostingRegressor()}",-3588.337501458994,-3353.6801313123206,-3634.8579476370405,-3525.625193469452,123.05788957049418,958,-3118.3357252748265,-3268.2208076075262,-3180.685206780472,-3189.080579887608,61.477617572989196
249,0,2000,0.511646032333374,0.006529692150804591,0.11082879702250163,0.015752793660252805,11,85,35,170,38,155,0.1,3,HistGradientBoostingRegressor(),"{'q': 11, 'model__min_samples_leaf': 85, 'model__max_leaf_nodes': 35, 'model__max_iter': 170, 'model__max_depth': 38, 'model__max_bins': 155, 'model__learning_rate': 0.1, 'model__l2_regularization': 3, 'model': HistGradientBoostingRegressor()}",-2432.207430116405,-2389.319715680623,-2536.4179960582364,-2452.648380618422,61.76757706964689,805,-1697.7459649356872,-1829.5816358475156,-1740.065918146339,-1755.7978396431806,54.959263985125496
250,0,2000,0.43002859751383465,0.06107175624670355,0.0994269847869873,0.013722147947900528,9,15,5,230,23,50,0.1,7,HistGradientBoostingRegressor(),"{'q': 9, 'model__min_samples_leaf': 15, 'model__max_leaf_nodes': 5, 'model__max_iter': 230, 'model__max_depth': 23, 'model__max_bins': 50, 'model__learning_rate': 0.1, 'model__l2_regularization': 7, 'model': HistGradientBoostingRegressor()}",-2460.311101560472,-2213.5946549001883,-2296.7454055323487,-2323.550387331003,102.48945165264169,586,-1687.2502642257425,-1910.7295361287333,-1739.1799698351504,-1779.0532567298753,95.49225273432575
251,0,2000,0.515300432840983,0.0060831473168027035,0.09488828976949056,0.0021020049357286874,8,20,5,370,23,50,0.05,3,HistGradientBoostingRegressor(),"{'q': 8, 'model__min_samples_leaf': 20, 'model__max_leaf_nodes': 5, 'model__max_iter': 370, 'model__max_depth': 23, 'model__max_bins': 50, 'model__learning_rate': 0.05, 'model__l2_regularization': 3, 'model': HistGradientBoostingRegressor()}",-2424.6305895305845,-2238.6477282000606,-2298.5057198224713,-2320.594679184372,77.51708530571828,578,-1742.9403298857542,-1987.4647241889063,-1800.4222501913123,-1843.609101421991,104.39308068304919
252,0,2000,0.7034117380777994,0.022654986688407906,0.10953688621520996,0.012073427819764471,14,80,45,390,18,190,0.01,7,HistGradientBoostingRegressor(),"{'q': 14, 'model__min_samples_leaf': 80, 'model__max_leaf_nodes': 45, 'model__max_iter': 390, 'model__max_depth': 18, 'model__max_bins': 190, 'model__learning_rate': 0.01, 'model__l2_regularization': 7, 'model': HistGradientBoostingRegressor()}",-2734.503629964504,-2441.6438251603668,-2716.89766918691,-2631.01504143726,134.09843555977335,893,-2118.4277147236257,-2244.7292718711315,-2190.5149740875936,-2184.55732022745,51.73419928898822
253,0,2000,1.420366605122884,0.051376278699338716,0.10678768157958984,0.006051999328615713,6,20,65,370,23,50,0.05,7,HistGradientBoostingRegressor(),"{'q': 6, 'model__min_samples_leaf': 20, 'model__max_leaf_nodes': 65, 'model__max_iter': 370, 'model__max_depth': 23, 'model__max_bins': 50, 'model__learning_rate': 0.05, 'model__l2_regularization': 7, 'model': HistGradientBoostingRegressor()}",-2276.625532379721,-2128.5790382431605,-2331.5427705305224,-2245.5824470511347,85.71784728997957,493,-822.5176487262231,-999.8874681668277,-808.9658836494363,-877.1236668474958,86.9832388833367
254,0,2000,0.4746695359547933,0.03690759128697213,0.09766832987467448,0.011849456646166523,5,75,60,210,28,85,0.2,3,HistGradientBoostingRegressor(),"{'q': 5, 'model__min_samples_leaf': 75, 'model__max_leaf_nodes': 60, 'model__max_iter': 210, 'model__max_depth': 28, 'model__max_bins': 85, 'model__learning_rate': 0.2, 'model__l2_regularization': 3, 'model': HistGradientBoostingRegressor()}",-2414.6586316276084,-2353.888866070007,-2490.951044315866,-2419.8328473378274,56.07488776946297,755,-1338.3052348926508,-1540.4601892819483,-1361.5303633970027,-1413.431929190534,90.32159503647664
255,0,2000,0.31354912122090656,0.01901275463643769,0.10166772206624348,0.006382409183074607,5,15,5,170,48,50,0.01,9,HistGradientBoostingRegressor(),"{'q': 5, 'model__min_samples_leaf': 15, 'model__max_leaf_nodes': 5, 'model__max_iter': 170, 'model__max_depth': 48, 'model__max_bins': 50, 'model__learning_rate': 0.01, 'model__l2_regularization': 9, 'model': HistGradientBoostingRegressor()}",-3632.85741499653,-3377.034879240189,-3551.589222382982,-3520.4938388732335,106.72857976167032,957,-3151.6499632545533,-3251.635025167615,-3170.9148714698945,-3191.3999532973544,43.312677778744195
256,0,2000,0.39086492856343585,0.022959939382888137,0.12077474594116211,0.013348345705825826,12,35,5,270,8,120,0.1,7,HistGradientBoostingRegressor(),"{'q': 12, 'model__min_samples_leaf': 35, 'model__max_leaf_nodes': 5, 'model__max_iter': 270, 'model__max_depth': 8, 'model__max_bins': 120, 'model__learning_rate': 0.1, 'model__l2_regularization': 7, 'model': HistGradientBoostingRegressor()}",-2494.2844751748,-2249.078358119305,-2297.493733567123,-2346.9521889537423,106.03808770839825,615,-1753.7518812834942,-1905.2835209832574,-1742.2771931059556,-1800.4375317909023,74.28516318658123
257,0,2000,0.3294484615325928,0.004705661767895968,0.13926092783610025,0.016174738710813198,10,90,40,90,8,50,0.01,1,HistGradientBoostingRegressor(),"{'q': 10, 'model__min_samples_leaf': 90, 'model__max_leaf_nodes': 40, 'model__max_iter': 90, 'model__max_depth': 8, 'model__max_bins': 50, 'model__learning_rate': 0.01, 'model__l2_regularization': 1, 'model': HistGradientBoostingRegressor()}",-4200.085882266752,-3979.603941906155,-4245.431270308749,-4141.707031493886,116.10945926031938,970,-3798.892378910725,-3931.2939136362575,-3829.6676843347195,-3853.2846589605674,56.573625876831564
258,0,2000,0.5943953196207682,0.050426034536430145,0.10876671473185222,0.021241117031308748,6,70,10,350,23,85,0.01,3,HistGradientBoostingRegressor(),"{'q': 6, 'model__min_samples_leaf': 70, 'model__max_leaf_nodes': 10, 'model__max_iter': 350, 'model__max_depth': 23, 'model__max_bins': 85, 'model__learning_rate': 0.01, 'model__l2_regularization': 3, 'model': HistGradientBoostingRegressor()}",-2767.0910954497363,-2461.4726548632893,-2735.531390255637,-2654.6983801895544,137.23735993739817,899,-2157.5563995099683,-2283.2536014050793,-2235.0148213208813,-2225.27494074531,51.7757703711229
259,0,2000,0.8132960796356201,0.03792826482174961,0.09864560763041179,0.0039005628633867126,10,50,30,330,18,50,0.2,7,HistGradientBoostingRegressor(),"{'q': 10, 'model__min_samples_leaf': 50, 'model__max_leaf_nodes': 30, 'model__max_iter': 330, 'model__max_depth': 18, 'model__max_bins': 50, 'model__learning_rate': 0.2, 'model__l2_regularization': 7, 'model': HistGradientBoostingRegressor()}",-2460.2834071530997,-2243.080996708989,-2509.1803616364136,-2404.181588499501,115.65113789864081,724,-866.593554726409,-1068.2169528557858,-890.4512110724888,-941.753906218228,89.95174100676346
260,0,2000,0.6997682253519694,0.027291654220628084,0.09742371241251628,0.0027260387647398817,14,45,40,230,18,190,0.05,9,HistGradientBoostingRegressor(),"{'q': 14, 'model__min_samples_leaf': 45, 'model__max_leaf_nodes': 40, 'model__max_iter': 230, 'model__max_depth': 18, 'model__max_bins': 190, 'model__learning_rate': 0.05, 'model__l2_regularization': 9, 'model': HistGradientBoostingRegressor()}",-2410.4182798828415,-2154.5302184410134,-2360.7095988909027,-2308.5526990715857,110.78487154897967,565,-1458.7026288228806,-1599.994277064721,-1483.8335661750677,-1514.1768240208896,61.54330420252894
261,0,2000,0.5052579243977865,0.020566299419489707,0.09536910057067871,0.0030749115864202744,11,45,10,230,13,190,0.05,3,HistGradientBoostingRegressor(),"{'q': 11, 'model__min_samples_leaf': 45, 'model__max_leaf_nodes': 10, 'model__max_iter': 230, 'model__max_depth': 13, 'model__max_bins': 190, 'model__learning_rate': 0.05, 'model__l2_regularization': 3, 'model': HistGradientBoostingRegressor()}",-2452.8743902612296,-2173.927570863673,-2376.06265623235,-2334.288205785751,117.64823428506358,599,-1669.1172723164455,-1786.0917662978836,-1711.9684976522237,-1722.392512088851,48.3201346458157
262,0,2000,0.9006861845652262,0.030665899428887953,0.0996561050415039,0.006323019484693385,8,15,35,250,13,85,0.2,1,HistGradientBoostingRegressor(),"{'q': 8, 'model__min_samples_leaf': 15, 'model__max_leaf_nodes': 35, 'model__max_iter': 250, 'model__max_depth': 13, 'model__max_bins': 85, 'model__learning_rate': 0.2, 'model__l2_regularization': 1, 'model': HistGradientBoostingRegressor()}",-2467.51553341934,-2393.35394742306,-2373.299497265557,-2411.3896593693194,40.52267304599619,740,-328.33572490648885,-455.01208888630094,-299.02182230685224,-360.7898786998807,67.69143171143457
263,0,2000,0.4663279056549072,0.0371139278806966,0.09319273630777995,0.009615811418265528,7,15,45,70,23,50,0.01,3,HistGradientBoostingRegressor(),"{'q': 7, 'model__min_samples_leaf': 15, 'model__max_leaf_nodes': 45, 'model__max_iter': 70, 'model__max_depth': 23, 'model__max_bins': 50, 'model__learning_rate': 0.01, 'model__l2_regularization': 3, 'model': HistGradientBoostingRegressor()}",-4390.896043971852,-4256.461961304456,-4383.712562765437,-4343.690189347249,61.74935047526012,973,-3981.790676089223,-4105.979693343876,-3940.2633196298057,-4009.344563020968,70.40308536336019
264,0,2000,0.3549172878265381,0.022644009035279498,0.10794464747111003,0.013117541713776546,12,85,40,110,28,85,0.05,3,HistGradientBoostingRegressor(),"{'q': 12, 'model__min_samples_leaf': 85, 'model__max_leaf_nodes': 40, 'model__max_iter': 110, 'model__max_depth': 28, 'model__max_bins': 85, 'model__learning_rate': 0.05, 'model__l2_regularization': 3, 'model': HistGradientBoostingRegressor()}",-2632.4851102797174,-2363.270628230058,-2651.0327834078494,-2548.9295073058747,131.49884303517314,868,-2051.185730559889,-2133.035681569351,-2110.058093372735,-2098.0931685006585,34.469534282306434
265,0,2000,0.3892928759256999,0.03407545828471824,0.11794559160868327,0.0040767133526763534,6,50,30,210,3,155,0.01,7,HistGradientBoostingRegressor(),"{'q': 6, 'model__min_samples_leaf': 50, 'model__max_leaf_nodes': 30, 'model__max_iter': 210, 'model__max_depth': 3, 'model__max_bins': 155, 'model__learning_rate': 0.01, 'model__l2_regularization': 7, 'model': HistGradientBoostingRegressor()}",-3215.5205614442025,-2880.4840745837887,-3130.3992868710807,-3075.4679742996905,142.18637700228498,943,-2690.6737195620726,-2788.977771265647,-2687.147502666049,-2722.2663311645897,47.194072591567185
266,0,2000,0.4302677313486735,0.03813818832889071,0.09631133079528809,0.004137164547534648,14,70,40,170,33,190,0.01,9,HistGradientBoostingRegressor(),"{'q': 14, 'model__min_samples_leaf': 70, 'model__max_leaf_nodes': 40, 'model__max_iter': 170, 'model__max_depth': 33, 'model__max_bins': 190, 'model__learning_rate': 0.01, 'model__l2_regularization': 9, 'model': HistGradientBoostingRegressor()}",-3289.445066993375,-3035.2775030372527,-3300.0784328660066,-3208.267000965545,122.39905204577695,946,-2769.7103198171926,-2870.696133918474,-2826.013118857713,-2822.1398575311264,41.31815805351336
267,0,2000,0.9064599672953287,0.038479161876555805,0.09427301088968913,0.00659602485706616,4,20,45,210,18,120,0.1,1,HistGradientBoostingRegressor(),"{'q': 4, 'model__min_samples_leaf': 20, 'model__max_leaf_nodes': 45, 'model__max_iter': 210, 'model__max_depth': 18, 'model__max_bins': 120, 'model__learning_rate': 0.1, 'model__l2_regularization': 1, 'model': HistGradientBoostingRegressor()}",-2346.8948349529696,-2158.563210219496,-2368.9239089213943,-2291.46065136462,94.4020388980657,546,-670.9915857832339,-858.7717362861165,-664.1451358613766,-731.3028193102423,90.17746231878877
268,0,2000,1.4976080258687336,0.029724026026237912,0.11194825172424316,0.009453918952471349,5,15,55,310,43,190,0.2,5,HistGradientBoostingRegressor(),"{'q': 5, 'model__min_samples_leaf': 15, 'model__max_leaf_nodes': 55, 'model__max_iter': 310, 'model__max_depth': 43, 'model__max_bins': 190, 'model__learning_rate': 0.2, 'model__l2_regularization': 5, 'model': HistGradientBoostingRegressor()}",-2401.0318558679437,-2316.636773396576,-2454.640983180999,-2390.7698708151725,56.80535029069725,693,-156.7067944606443,-242.10220630286096,-136.36992988593929,-178.39297688314818,45.80790652367537
269,0,2000,0.43302639325459796,0.026598059098947444,0.0982200304667155,0.010941141522972053,8,55,20,170,33,85,0.05,9,HistGradientBoostingRegressor(),"{'q': 8, 'model__min_samples_leaf': 55, 'model__max_leaf_nodes': 20, 'model__max_iter': 170, 'model__max_depth': 33, 'model__max_bins': 85, 'model__learning_rate': 0.05, 'model__l2_regularization': 9, 'model': HistGradientBoostingRegressor()}",-2496.6455798025045,-2258.096656686775,-2440.734033495104,-2398.4920899947942,101.864889348362,713,-1705.597232713865,-1838.0371688713933,-1730.7450889455174,-1758.126496843592,57.43048143168746
270,0,2000,0.40704933802286786,0.049889096330079596,0.09900299708048503,0.005005220122888713,9,70,25,130,33,85,0.01,7,HistGradientBoostingRegressor(),"{'q': 9, 'model__min_samples_leaf': 70, 'model__max_leaf_nodes': 25, 'model__max_iter': 130, 'model__max_depth': 33, 'model__max_bins': 85, 'model__learning_rate': 0.01, 'model__l2_regularization': 7, 'model': HistGradientBoostingRegressor()}",-3626.6533469126584,-3450.33324268883,-3644.1709438651797,-3573.7191778222227,87.53964165757164,959,-3149.9777354443668,-3279.260966742623,-3193.127702703872,-3207.4554682969538,53.743229799342146
271,0,2000,0.37563880284627277,0.04471914155945629,0.1067502498626709,0.00737092134766157,7,70,65,130,13,120,0.05,3,HistGradientBoostingRegressor(),"{'q': 7, 'model__min_samples_leaf': 70, 'model__max_leaf_nodes': 65, 'model__max_iter': 130, 'model__max_depth': 13, 'model__max_bins': 120, 'model__learning_rate': 0.05, 'model__l2_regularization': 3, 'model': HistGradientBoostingRegressor()}",-2550.601785737382,-2257.683100128874,-2570.8687925494896,-2459.7178928052485,143.09957134834426,814,-1886.9391443793772,-2002.3835676815374,-1935.4050505067373,-1941.5759208558839,47.331550073508545
272,0,2000,0.4146396319071452,0.01710855042830629,0.11215496063232422,0.008564838482174724,7,65,45,290,3,50,0.1,5,HistGradientBoostingRegressor(),"{'q': 7, 'model__min_samples_leaf': 65, 'model__max_leaf_nodes': 45, 'model__max_iter': 290, 'model__max_depth': 3, 'model__max_bins': 50, 'model__learning_rate': 0.1, 'model__l2_regularization': 5, 'model': HistGradientBoostingRegressor()}",-2526.838555943819,-2352.097262378803,-2511.1703994547906,-2463.3687392591373,78.94039505554929,819,-1831.9166744972952,-1937.6047579497404,-1873.9722473819038,-1881.1645599429796,43.44567309445144
273,0,2000,0.4133935769399007,0.026434536841386674,0.09798955917358398,0.005923864089864249,11,15,55,50,48,190,0.01,3,HistGradientBoostingRegressor(),"{'q': 11, 'model__min_samples_leaf': 15, 'model__max_leaf_nodes': 55, 'model__max_iter': 50, 'model__max_depth': 48, 'model__max_bins': 190, 'model__learning_rate': 0.01, 'model__l2_regularization': 3, 'model': HistGradientBoostingRegressor()}",-4990.467288253319,-4858.618791353473,-4956.24971389454,-4935.111931167111,55.863589380210506,982,-4589.398750985887,-4743.959347001112,-4525.8780633575725,-4619.745387114857,91.58074874907427
274,0,2000,0.7924927075703939,0.052910033321564284,0.10722057024637859,0.017856174454658286,6,45,15,390,28,225,0.05,9,HistGradientBoostingRegressor(),"{'q': 6, 'model__min_samples_leaf': 45, 'model__max_leaf_nodes': 15, 'model__max_iter': 390, 'model__max_depth': 28, 'model__max_bins': 225, 'model__learning_rate': 0.05, 'model__l2_regularization': 9, 'model': HistGradientBoostingRegressor()}",-2379.1960311127013,-2151.624709383732,-2373.248653728162,-2301.356464741532,105.90417601566224,559,-1373.790590377565,-1540.7587924582037,-1397.1640266110912,-1437.2378031489534,73.81971643138499
275,0,2000,0.6438006560007731,0.03672406143184657,0.11198035875956218,0.009939315432113857,11,45,15,330,18,155,0.2,3,HistGradientBoostingRegressor(),"{'q': 11, 'model__min_samples_leaf': 45, 'model__max_leaf_nodes': 15, 'model__max_iter': 330, 'model__max_depth': 18, 'model__max_bins': 155, 'model__learning_rate': 0.2, 'model__l2_regularization': 3, 'model': HistGradientBoostingRegressor()}",-2441.360089104433,-2340.154182081527,-2490.7887971014347,-2424.1010227624647,62.69557846608912,765,-867.5084573902055,-1026.5255820407317,-884.0199789751751,-926.0180061353708,71.38854808740518
276,0,2000,0.2825423876444499,0.02115336990710797,0.10085471471150716,0.013498636517800817,5,55,10,70,18,155,0.05,1,HistGradientBoostingRegressor(),"{'q': 5, 'model__min_samples_leaf': 55, 'model__max_leaf_nodes': 10, 'model__max_iter': 70, 'model__max_depth': 18, 'model__max_bins': 155, 'model__learning_rate': 0.05, 'model__l2_regularization': 1, 'model': HistGradientBoostingRegressor()}",-2712.818905150374,-2358.5912166311805,-2631.508042229624,-2567.6393880037263,151.50075373384163,872,-2035.9241222905257,-2219.0810100534068,-2133.9716492278408,-2129.658927190591,74.8356468637511
277,0,2000,0.4192836284637451,0.005242371582943612,0.09977833429972331,0.0054474017975992255,3,55,25,130,28,85,0.01,1,HistGradientBoostingRegressor(),"{'q': 3, 'model__min_samples_leaf': 55, 'model__max_leaf_nodes': 25, 'model__max_iter': 130, 'model__max_depth': 28, 'model__max_bins': 85, 'model__learning_rate': 0.01, 'model__l2_regularization': 1, 'model': HistGradientBoostingRegressor()}",-3492.8006061712053,-3247.63616678742,-3487.3491295237545,-3409.2619674941266,114.30836726437977,954,-2987.987807469939,-3087.512126284275,-3015.043321622054,-3030.1810851254227,42.01695230719248
278,0,2000,0.3554159800211589,0.009386977388139045,0.11761999130249023,0.0115187612843121,4,65,45,90,18,155,0.1,5,HistGradientBoostingRegressor(),"{'q': 4, 'model__min_samples_leaf': 65, 'model__max_leaf_nodes': 45, 'model__max_iter': 90, 'model__max_depth': 18, 'model__max_bins': 155, 'model__learning_rate': 0.1, 'model__l2_regularization': 5, 'model': HistGradientBoostingRegressor()}",-2493.0106493350813,-2261.5369302550744,-2525.4092079569114,-2426.652262515689,117.5009825798432,770,-1739.084175338608,-1866.3540306567643,-1795.177038863987,-1800.2050816197864,52.07920204612533
279,0,2000,0.39081788063049316,0.007498643645176154,0.10174242655436198,0.002423820079152255,12,25,5,290,28,155,0.2,1,HistGradientBoostingRegressor(),"{'q': 12, 'model__min_samples_leaf': 25, 'model__max_leaf_nodes': 5, 'model__max_iter': 290, 'model__max_depth': 28, 'model__max_bins': 155, 'model__learning_rate': 0.2, 'model__l2_regularization': 1, 'model': HistGradientBoostingRegressor()}",-2460.039615468587,-2226.3375558162143,-2282.13337570228,-2322.836848995694,99.6552146989844,583,-1430.0764183936114,-1629.6586155471875,-1473.7189617083852,-1511.1513318830614,85.67049320052858
280,0,2000,0.43190431594848633,0.02215482956155195,0.10328292846679688,0.002100312501109029,14,80,40,170,28,120,0.1,3,HistGradientBoostingRegressor(),"{'q': 14, 'model__min_samples_leaf': 80, 'model__max_leaf_nodes': 40, 'model__max_iter': 170, 'model__max_depth': 28, 'model__max_bins': 120, 'model__learning_rate': 0.1, 'model__l2_regularization': 3, 'model': HistGradientBoostingRegressor()}",-2401.5297051837056,-2291.205285624148,-2509.9480168385994,-2400.894335882151,89.30247620830175,717,-1660.280988697014,-1803.3573739255505,-1683.989895841011,-1715.8760861545252,62.61128679957727
281,0,2000,0.3464239438374837,0.0268693631951839,0.10675628980000813,0.0065384775676511275,8,60,5,270,3,85,0.1,3,HistGradientBoostingRegressor(),"{'q': 8, 'model__min_samples_leaf': 60, 'model__max_leaf_nodes': 5, 'model__max_iter': 270, 'model__max_depth': 3, 'model__max_bins': 85, 'model__learning_rate': 0.1, 'model__l2_regularization': 3, 'model': HistGradientBoostingRegressor()}",-2526.9168962723083,-2298.1522616350144,-2370.418936390131,-2398.496031432485,95.47969056190838,714,-1849.6148890633951,-1961.0215588039782,-1831.7462167938643,-1880.794221553746,57.19639612111859
282,0,2000,0.8783600330352783,0.004218050296591097,0.10208566983540852,0.0029518239862560097,9,50,25,390,23,120,0.1,1,HistGradientBoostingRegressor(),"{'q': 9, 'model__min_samples_leaf': 50, 'model__max_leaf_nodes': 25, 'model__max_iter': 390, 'model__max_depth': 23, 'model__max_bins': 120, 'model__learning_rate': 0.1, 'model__l2_regularization': 1, 'model': HistGradientBoostingRegressor()}",-2349.1957935597998,-2229.2872329628244,-2411.5786473994694,-2330.0205579740314,75.64525624763465,592,-1003.0719134669334,-1195.4009512661128,-1047.5176952894585,-1081.9968533408348,82.21607284117619
283,0,2000,0.34949501355489093,0.015500663256307369,0.10836585362752278,0.015747561834182328,3,80,45,130,43,120,0.05,9,HistGradientBoostingRegressor(),"{'q': 3, 'model__min_samples_leaf': 80, 'model__max_leaf_nodes': 45, 'model__max_iter': 130, 'model__max_depth': 43, 'model__max_bins': 120, 'model__learning_rate': 0.05, 'model__l2_regularization': 9, 'model': HistGradientBoostingRegressor()}",-2586.303892556991,-2325.827609942984,-2589.184418570979,-2500.4386403569847,123.47424377634003,849,-1962.2013349863096,-2086.203891281724,-2013.4902626625965,-2020.6318296435431,50.87507560129916
284,0,2000,0.8346485296885172,0.043532799270429454,0.09420204162597656,0.005258363141499765,6,15,40,170,33,190,0.05,1,HistGradientBoostingRegressor(),"{'q': 6, 'model__min_samples_leaf': 15, 'model__max_leaf_nodes': 40, 'model__max_iter': 170, 'model__max_depth': 33, 'model__max_bins': 190, 'model__learning_rate': 0.05, 'model__l2_regularization': 1, 'model': HistGradientBoostingRegressor()}",-2299.5778304861365,-2097.7111126797768,-2313.0136777591597,-2236.7675403083576,98.48061754004547,489,-986.7904224132881,-1166.2879300558757,-999.6143940283227,-1050.897582165829,81.76108630897437
285,0,2000,0.3914627234141032,0.0323822839304534,0.10462546348571777,0.017579590537744022,3,35,10,150,13,190,0.1,1,HistGradientBoostingRegressor(),"{'q': 3, 'model__min_samples_leaf': 35, 'model__max_leaf_nodes': 10, 'model__max_iter': 150, 'model__max_depth': 13, 'model__max_bins': 190, 'model__learning_rate': 0.1, 'model__l2_regularization': 1, 'model': HistGradientBoostingRegressor()}",-2333.3650061974276,-2157.7834962702123,-2310.909256192552,-2267.352586220064,78.01753769249322,520,-1573.9605562849354,-1692.3805565405505,-1580.8994474641602,-1615.746853429882,54.26220533692454
286,0,2000,0.6558870474497477,0.023982062169510415,0.1025230089823405,0.006678989468003961,3,65,35,330,13,155,0.01,7,HistGradientBoostingRegressor(),"{'q': 3, 'model__min_samples_leaf': 65, 'model__max_leaf_nodes': 35, 'model__max_iter': 330, 'model__max_depth': 13, 'model__max_bins': 155, 'model__learning_rate': 0.01, 'model__l2_regularization': 7, 'model': HistGradientBoostingRegressor()}",-2713.5585899599714,-2384.410295850967,-2731.0501906497834,-2609.673025486907,159.4447909590213,886,-2063.3367003214366,-2206.0606867585575,-2190.7987959210927,-2153.398727667029,63.98753995991374
287,0,2000,0.3692617416381836,0.03818932456213625,0.11516729990641277,0.01953356318906665,5,45,5,250,38,225,0.1,3,HistGradientBoostingRegressor(),"{'q': 5, 'model__min_samples_leaf': 45, 'model__max_leaf_nodes': 5, 'model__max_iter': 250, 'model__max_depth': 38, 'model__max_bins': 225, 'model__learning_rate': 0.1, 'model__l2_regularization': 3, 'model': HistGradientBoostingRegressor()}",-2433.036928209862,-2188.678628643278,-2350.2628597801777,-2323.9928055444393,101.47358097531122,587,-1783.0006205518866,-1861.8992988722475,-1761.9527727008076,-1802.2842307083138,43.02108195550472
288,0,2000,0.4442933400472005,0.035899283564408385,0.10863367716471355,0.018854820306381023,12,40,50,350,3,225,0.2,5,HistGradientBoostingRegressor(),"{'q': 12, 'model__min_samples_leaf': 40, 'model__max_leaf_nodes': 50, 'model__max_iter': 350, 'model__max_depth': 3, 'model__max_bins': 225, 'model__learning_rate': 0.2, 'model__l2_regularization': 5, 'model': HistGradientBoostingRegressor()}",-2462.4313777416414,-2234.122695246899,-2395.135970541357,-2363.8966811766327,95.7884249292192,640,-1472.4513047158,-1613.7988176730187,-1503.5213352259157,-1529.9238192049113,60.64980475370398
289,0,2000,0.6031696796417236,0.030044516697008795,0.09688536326090495,0.0012249251818609534,8,95,15,310,18,190,0.05,3,HistGradientBoostingRegressor(),"{'q': 8, 'model__min_samples_leaf': 95, 'model__max_leaf_nodes': 15, 'model__max_iter': 310, 'model__max_depth': 18, 'model__max_bins': 190, 'model__learning_rate': 0.05, 'model__l2_regularization': 3, 'model': HistGradientBoostingRegressor()}",-2448.9451333351312,-2370.8017238929388,-2504.3556144992244,-2441.367490575765,54.785800632161155,789,-1829.9329934789453,-1886.685372068264,-1805.9581926654491,-1840.858852737553,33.85016173262932
290,0,2000,0.6753191153208414,0.029968169655085405,0.09819261233011882,0.0038188667773090246,14,65,60,310,43,190,0.1,3,HistGradientBoostingRegressor(),"{'q': 14, 'model__min_samples_leaf': 65, 'model__max_leaf_nodes': 60, 'model__max_iter': 310, 'model__max_depth': 43, 'model__max_bins': 190, 'model__learning_rate': 0.1, 'model__l2_regularization': 3, 'model': HistGradientBoostingRegressor()}",-2360.939601449349,-2319.2488422368015,-2477.636272786559,-2385.94157215757,67.03465990818783,683,-1289.8200110773685,-1499.1730729754318,-1343.9538463929634,-1377.6489768152544,88.72691246048174
291,0,2000,0.6010645230611166,0.034044953279729465,0.11190994580586751,0.009264784746926137,8,85,50,330,38,190,0.05,7,HistGradientBoostingRegressor(),"{'q': 8, 'model__min_samples_leaf': 85, 'model__max_leaf_nodes': 50, 'model__max_iter': 330, 'model__max_depth': 38, 'model__max_bins': 190, 'model__learning_rate': 0.05, 'model__l2_regularization': 7, 'model': HistGradientBoostingRegressor()}",-2405.5293303522326,-2342.5975384395047,-2506.179871900768,-2418.102246897502,67.37137685000809,747,-1696.6731268013502,-1840.4685706199577,-1737.371121478687,-1758.1709396333317,60.51862932022002
292,0,2000,0.6552941004435221,0.038834142913804985,0.10047070185343425,0.010452284611939375,14,50,15,290,13,190,0.05,1,HistGradientBoostingRegressor(),"{'q': 14, 'model__min_samples_leaf': 50, 'model__max_leaf_nodes': 15, 'model__max_iter': 290, 'model__max_depth': 13, 'model__max_bins': 190, 'model__learning_rate': 0.05, 'model__l2_regularization': 1, 'model': HistGradientBoostingRegressor()}",-2379.16132604914,-2159.2256053558053,-2402.7158886873976,-2313.700940030781,109.65301674670332,570,-1463.8301350147678,-1606.076330108799,-1484.1552992628085,-1518.0205881287918,62.81527599326281
293,0,2000,0.8140126864115397,0.01380094638972011,0.09867795308430989,0.008806238572514384,12,20,35,210,23,50,0.01,5,HistGradientBoostingRegressor(),"{'q': 12, 'model__min_samples_leaf': 20, 'model__max_leaf_nodes': 35, 'model__max_iter': 210, 'model__max_depth': 23, 'model__max_bins': 50, 'model__learning_rate': 0.01, 'model__l2_regularization': 5, 'model': HistGradientBoostingRegressor()}",-2825.9684104340968,-2502.076626640039,-2743.1681076141367,-2690.404381562758,137.39112050988564,908,-2069.7281542349883,-2162.090072031879,-2139.1786261426687,-2123.665617469845,39.26975972545305
294,0,2000,0.3178085486094157,0.03586394958571822,0.09634606043497722,0.008981231080111403,6,75,5,150,43,85,0.1,5,HistGradientBoostingRegressor(),"{'q': 6, 'model__min_samples_leaf': 75, 'model__max_leaf_nodes': 5, 'model__max_iter': 150, 'model__max_depth': 43, 'model__max_bins': 85, 'model__learning_rate': 0.1, 'model__l2_regularization': 5, 'model': HistGradientBoostingRegressor()}",-2592.592132963209,-2350.0162672213105,-2479.617178825783,-2474.0751930034344,99.10868735971721,833,-1989.0808160017857,-2092.140450436,-2006.0073023206965,-2029.0761895861608,45.125397373530014
295,0,2000,0.27312246958414715,0.025843487563892455,0.10832095146179199,0.009338940464703831,5,95,5,70,18,155,0.2,9,HistGradientBoostingRegressor(),"{'q': 5, 'model__min_samples_leaf': 95, 'model__max_leaf_nodes': 5, 'model__max_iter': 70, 'model__max_depth': 18, 'model__max_bins': 155, 'model__learning_rate': 0.2, 'model__l2_regularization': 9, 'model': HistGradientBoostingRegressor()}",-2680.584965527771,-2433.248662491387,-2537.898024697938,-2550.5772175723655,101.37186706671196,870,-2106.702556665562,-2189.324015643373,-2058.6757304966277,-2118.2341009351876,53.956624479780494
296,0,2000,0.5789657433827718,0.01567714273209022,0.09810368220011394,0.00665623565820669,10,10,40,390,3,120,0.01,1,HistGradientBoostingRegressor(),"{'q': 10, 'model__min_samples_leaf': 10, 'model__max_leaf_nodes': 40, 'model__max_iter': 390, 'model__max_depth': 3, 'model__max_bins': 120, 'model__learning_rate': 0.01, 'model__l2_regularization': 1, 'model': HistGradientBoostingRegressor()}",-2770.1931181955556,-2455.3599695397597,-2545.0443220223833,-2590.1991365859,132.43664103218003,878,-2035.8120191387984,-2184.288827073569,-2097.001490770745,-2105.700778994371,60.92672558258248
297,0,2000,1.0097984472910564,0.08912175138761516,0.09593892097473145,0.004517478107890255,13,5,35,270,48,155,0.2,1,HistGradientBoostingRegressor(),"{'q': 13, 'model__min_samples_leaf': 5, 'model__max_leaf_nodes': 35, 'model__max_iter': 270, 'model__max_depth': 48, 'model__max_bins': 155, 'model__learning_rate': 0.2, 'model__l2_regularization': 1, 'model': HistGradientBoostingRegressor()}",-2406.3089771538775,-2202.8068227858816,-2277.936604712865,-2295.684134884208,84.02187345563041,552,-116.74076350262328,-185.72181561681748,-113.13814966418704,-138.53357626120928,33.399522518831034
298,0,2000,0.6114733219146729,0.03633820809089772,0.09301002820332845,0.000816178089646878,5,40,25,190,28,155,0.2,7,HistGradientBoostingRegressor(),"{'q': 5, 'model__min_samples_leaf': 40, 'model__max_leaf_nodes': 25, 'model__max_iter': 190, 'model__max_depth': 28, 'model__max_bins': 155, 'model__learning_rate': 0.2, 'model__l2_regularization': 7, 'model': HistGradientBoostingRegressor()}",-2391.0342371485967,-2220.1943075991253,-2431.278007839831,-2347.502184195851,91.50723779220057,616,-862.1949255241508,-1067.31403540163,-912.0218595383905,-947.1769401547236,87.35129107646517
299,0,2000,0.9014173348744711,0.02597960139520368,0.10010075569152832,0.009723089264750287,14,10,30,230,38,190,0.05,7,HistGradientBoostingRegressor(),"{'q': 14, 'model__min_samples_leaf': 10, 'model__max_leaf_nodes': 30, 'model__max_iter': 230, 'model__max_depth': 38, 'model__max_bins': 190, 'model__learning_rate': 0.05, 'model__l2_regularization': 7, 'model': HistGradientBoostingRegressor()}",-2348.035492088378,-2143.087852290129,-2305.0768479229214,-2265.4000641004764,88.24801846911538,514,-1037.5516166673851,-1164.2888298672003,-1008.467819550227,-1070.1027553616043,67.6497316415879
300,0,2000,0.6435345808664957,0.06341668246673168,0.09650739034016927,0.0023781877595467444,9,50,40,270,13,120,0.01,3,HistGradientBoostingRegressor(),"{'q': 9, 'model__min_samples_leaf': 50, 'model__max_leaf_nodes': 40, 'model__max_iter': 270, 'model__max_depth': 13, 'model__max_bins': 120, 'model__learning_rate': 0.01, 'model__l2_regularization': 3, 'model': HistGradientBoostingRegressor()}",-2735.2733169419234,-2396.951110056194,-2714.8311675401947,-2615.6851981794375,154.89334254763983,888,-2070.097672854808,-2196.9757170182334,-2178.7974309776105,-2148.6236069502174,56.01996230518245
301,0,2000,0.8657174110412598,0.06254623751898265,0.11730432510375977,0.014412726859312913,7,35,50,290,33,120,0.1,5,HistGradientBoostingRegressor(),"{'q': 7, 'model__min_samples_leaf': 35, 'model__max_leaf_nodes': 50, 'model__max_iter': 290, 'model__max_depth': 33, 'model__max_bins': 120, 'model__learning_rate': 0.1, 'model__l2_regularization': 5, 'model': HistGradientBoostingRegressor()}",-2299.525758474511,-2175.3490058888783,-2333.6752095643237,-2269.5166579759043,68.03041612456033,524,-903.5986058214304,-1092.1096839641145,-904.2699498794257,-966.6594132216569,88.70716054422364
302,0,2000,0.3268483479817708,0.04164143134875422,0.10937198003133138,0.016790616916947002,9,10,15,70,13,190,0.01,7,HistGradientBoostingRegressor(),"{'q': 9, 'model__min_samples_leaf': 10, 'model__max_leaf_nodes': 15, 'model__max_iter': 70, 'model__max_depth': 13, 'model__max_bins': 190, 'model__learning_rate': 0.01, 'model__l2_regularization': 7, 'model': HistGradientBoostingRegressor()}",-4585.219545446406,-4452.444647794462,-4597.160049276059,-4544.941414172309,65.58649632708958,979,-4177.796391931296,-4304.555995145566,-4143.582653431185,-4208.645013502683,69.24272416802944
303,0,2000,0.40551360448201496,0.018311593751333136,0.10150472323099773,0.008897586764361596,4,80,60,150,23,120,0.01,5,HistGradientBoostingRegressor(),"{'q': 4, 'model__min_samples_leaf': 80, 'model__max_leaf_nodes': 60, 'model__max_iter': 150, 'model__max_depth': 23, 'model__max_bins': 120, 'model__learning_rate': 0.01, 'model__l2_regularization': 5, 'model': HistGradientBoostingRegressor()}",-3439.0633466650247,-3230.6259296097437,-3443.898799063565,-3371.196025112778,99.41766849098049,952,-2939.6618283308735,-3071.8655625952015,-2986.1123169221514,-2999.2132359494085,54.76119305905918
304,0,2000,0.640570322672526,0.0357049991527101,0.1067817211151123,0.009334814163939208,10,85,50,350,33,85,0.2,5,HistGradientBoostingRegressor(),"{'q': 10, 'model__min_samples_leaf': 85, 'model__max_leaf_nodes': 50, 'model__max_iter': 350, 'model__max_depth': 33, 'model__max_bins': 85, 'model__learning_rate': 0.2, 'model__l2_regularization': 5, 'model': HistGradientBoostingRegressor()}",-2427.98406363551,-2476.8833746248247,-2569.530397614049,-2491.4659452914616,58.69883412315556,844,-1236.8701907115374,-1493.944077753071,-1282.1613004338867,-1337.658522966165,112.04672278788796
305,0,2000,1.5968456268310547,0.030279972497910167,0.1053326924641927,0.0045772978137866745,7,15,65,330,23,50,0.1,1,HistGradientBoostingRegressor(),"{'q': 7, 'model__min_samples_leaf': 15, 'model__max_leaf_nodes': 65, 'model__max_iter': 330, 'model__max_depth': 23, 'model__max_bins': 50, 'model__learning_rate': 0.1, 'model__l2_regularization': 1, 'model': HistGradientBoostingRegressor()}",-2431.917374132558,-2253.5838033178293,-2358.9585721439394,-2348.1532498647757,73.2041977942541,619,-307.95957356023155,-469.5843770799665,-275.54903323725205,-351.0309946258167,84.86769762203129
306,0,2000,0.4724496205647786,0.01891988976756962,0.08972001075744629,0.0053347431945485095,10,10,35,90,43,190,0.05,5,HistGradientBoostingRegressor(),"{'q': 10, 'model__min_samples_leaf': 10, 'model__max_leaf_nodes': 35, 'model__max_iter': 90, 'model__max_depth': 43, 'model__max_bins': 190, 'model__learning_rate': 0.05, 'model__l2_regularization': 5, 'model': HistGradientBoostingRegressor()}",-2453.2544809181472,-2225.2047014194986,-2330.8262165416613,-2336.4284662931022,93.1851718678235,605,-1306.275248209251,-1467.2232187303246,-1374.9682986148882,-1382.8222551848212,65.94101292855045
307,0,2000,0.30691321690877277,0.028935533524250854,0.10938239097595215,0.015603155534364099,4,35,5,130,8,190,0.2,9,HistGradientBoostingRegressor(),"{'q': 4, 'model__min_samples_leaf': 35, 'model__max_leaf_nodes': 5, 'model__max_iter': 130, 'model__max_depth': 8, 'model__max_bins': 190, 'model__learning_rate': 0.2, 'model__l2_regularization': 9, 'model': HistGradientBoostingRegressor()}",-2466.3251465955314,-2262.0623836158156,-2314.2155809525498,-2347.5343703879657,86.65419929085208,617,-1760.2386377109174,-1887.9315257938033,-1781.8330026545952,-1810.0010553864386,55.805900600593844
308,0,2000,1.507002592086792,0.08440441628583684,0.10247302055358887,0.0005005633129670262,12,5,65,270,33,120,0.2,5,HistGradientBoostingRegressor(),"{'q': 12, 'model__min_samples_leaf': 5, 'model__max_leaf_nodes': 65, 'model__max_iter': 270, 'model__max_depth': 33, 'model__max_bins': 120, 'model__learning_rate': 0.2, 'model__l2_regularization': 5, 'model': HistGradientBoostingRegressor()}",-2422.2882383216343,-2437.4215633543004,-2396.463805856644,-2418.724535844193,16.909749777766308,748,-65.24136763726689,-91.12870807174804,-63.16793143006916,-73.17933571302804,12.72031866687613
309,0,2000,0.23494640986124674,0.017591384003692076,0.08733558654785156,0.003835058129573242,4,65,25,70,3,50,0.2,5,HistGradientBoostingRegressor(),"{'q': 4, 'model__min_samples_leaf': 65, 'model__max_leaf_nodes': 25, 'model__max_iter': 70, 'model__max_depth': 3, 'model__max_bins': 50, 'model__learning_rate': 0.2, 'model__l2_regularization': 5, 'model': HistGradientBoostingRegressor()}",-2640.7632456723386,-2366.0521797218757,-2584.4411954001907,-2530.4188735981347,118.47742648165384,861,-2009.7542074926173,-2110.0518456085633,-2017.975475307532,-2045.9271761362377,45.46703741776315
310,0,2000,0.6703987916310629,0.014077912974822436,0.09222761789957683,0.003367181247516994,5,5,35,130,23,50,0.1,3,HistGradientBoostingRegressor(),"{'q': 5, 'model__min_samples_leaf': 5, 'model__max_leaf_nodes': 35, 'model__max_iter': 130, 'model__max_depth': 23, 'model__max_bins': 50, 'model__learning_rate': 0.1, 'model__l2_regularization': 3, 'model': HistGradientBoostingRegressor()}",-2409.9133723465784,-2139.62039545408,-2416.7929723578095,-2322.1089133861556,129.06942991238685,581,-800.1770223516428,-907.7325359056225,-805.3330376998616,-837.747531985709,49.53161753749149
311,0,2000,0.8640391031901041,0.075628004542895,0.10157362620035808,0.0062288454477325795,9,10,35,230,33,85,0.05,3,HistGradientBoostingRegressor(),"{'q': 9, 'model__min_samples_leaf': 10, 'model__max_leaf_nodes': 35, 'model__max_iter': 230, 'model__max_depth': 33, 'model__max_bins': 85, 'model__learning_rate': 0.05, 'model__l2_regularization': 3, 'model': HistGradientBoostingRegressor()}",-2364.144986297135,-2184.7576996388,-2304.4059440125216,-2284.436209982819,74.58347610372637,541,-912.0734190860943,-1064.117186243304,-875.227340893127,-950.4726487408417,81.75458824091358
312,0,2000,0.3941560586293538,0.061968389419177136,0.08998457590738933,0.0027330483762544222,14,70,20,150,48,85,0.01,9,HistGradientBoostingRegressor(),"{'q': 14, 'model__min_samples_leaf': 70, 'model__max_leaf_nodes': 20, 'model__max_iter': 150, 'model__max_depth': 48, 'model__max_bins': 85, 'model__learning_rate': 0.01, 'model__l2_regularization': 9, 'model': HistGradientBoostingRegressor()}",-3442.3281365334874,-3248.811365628527,-3460.519506410657,-3383.8863361908902,95.80072107877386,953,-2950.022889642118,-3065.938572202159,-2999.1496220224176,-3005.037027955565,47.50514026437053
313,0,2000,0.5496742725372314,0.04882053132531739,0.09311238924662273,0.003740372108607284,6,55,20,170,43,225,0.05,1,HistGradientBoostingRegressor(),"{'q': 6, 'model__min_samples_leaf': 55, 'model__max_leaf_nodes': 20, 'model__max_iter': 170, 'model__max_depth': 43, 'model__max_bins': 225, 'model__learning_rate': 0.05, 'model__l2_regularization': 1, 'model': HistGradientBoostingRegressor()}",-2464.6520118606472,-2189.9818357130066,-2442.4143462188968,-2365.6827312641835,124.57054752605787,643,-1633.1170042300505,-1780.2508930882243,-1675.0862769097,-1696.151391409325,61.88645301029993
314,0,2000,0.7024986743927002,0.013857563906808213,0.10055867830912273,0.0023972711164212007,7,60,35,330,38,155,0.05,5,HistGradientBoostingRegressor(),"{'q': 7, 'model__min_samples_leaf': 60, 'model__max_leaf_nodes': 35, 'model__max_iter': 330, 'model__max_depth': 38, 'model__max_bins': 155, 'model__learning_rate': 0.05, 'model__l2_regularization': 5, 'model': HistGradientBoostingRegressor()}",-2385.968363120831,-2279.631314855952,-2431.0261064795495,-2365.541928152111,63.47191067360237,642,-1503.0730946003298,-1663.3544516895474,-1507.132899029189,-1557.8534817730222,74.61886040850456
315,0,2000,0.8651134967803955,0.04491167121371323,0.09429430961608887,0.0014629436414614902,3,10,40,210,13,155,0.05,7,HistGradientBoostingRegressor(),"{'q': 3, 'model__min_samples_leaf': 10, 'model__max_leaf_nodes': 40, 'model__max_iter': 210, 'model__max_depth': 13, 'model__max_bins': 155, 'model__learning_rate': 0.05, 'model__l2_regularization': 7, 'model': HistGradientBoostingRegressor()}",-2367.1868467090076,-2152.778727875214,-2292.359319819844,-2270.774964801355,88.85240061148103,527,-956.6182096926929,-1089.4517756568723,-971.1480275736491,-1005.7393376410714,59.49010063769949
316,0,2000,0.5041406154632568,0.011580621307704774,0.10123968124389648,0.0027416943717659746,10,40,15,250,33,50,0.2,5,HistGradientBoostingRegressor(),"{'q': 10, 'model__min_samples_leaf': 40, 'model__max_leaf_nodes': 15, 'model__max_iter': 250, 'model__max_depth': 33, 'model__max_bins': 50, 'model__learning_rate': 0.2, 'model__l2_regularization': 5, 'model': HistGradientBoostingRegressor()}",-2430.2564229119166,-2219.9746508989238,-2427.6349986411697,-2359.288690817337,98.51571534563637,631,-1053.8130939278935,-1229.077119855053,-1064.9662155587537,-1115.9521431139,80.12092237172091
317,0,2000,0.25169674555460614,0.012162469265778955,0.0994877815246582,0.0065146446895817615,5,20,30,50,3,50,0.2,5,HistGradientBoostingRegressor(),"{'q': 5, 'model__min_samples_leaf': 20, 'model__max_leaf_nodes': 30, 'model__max_iter': 50, 'model__max_depth': 3, 'model__max_bins': 50, 'model__learning_rate': 0.2, 'model__l2_regularization': 5, 'model': HistGradientBoostingRegressor()}",-2498.7957472865246,-2332.4818787071003,-2392.743821816162,-2408.0071492699294,68.74980045636103,734,-1853.8606341624777,-2107.503161331683,-1894.43851152161,-1951.9341023385903,111.24429609269994
318,0,2000,0.6314663092295328,0.0063691681562493664,0.10798001289367676,0.005100139440859582,4,20,10,350,43,155,0.2,9,HistGradientBoostingRegressor(),"{'q': 4, 'model__min_samples_leaf': 20, 'model__max_leaf_nodes': 10, 'model__max_iter': 350, 'model__max_depth': 43, 'model__max_bins': 155, 'model__learning_rate': 0.2, 'model__l2_regularization': 9, 'model': HistGradientBoostingRegressor()}",-2356.744130582982,-2256.0675668917283,-2357.0573457630703,-2323.2896810792604,47.53338477897011,584,-990.2560467820445,-1174.9751512981557,-954.7730748229588,-1040.001424301053,96.53389925954721
319,0,2000,0.6175847053527832,0.07809871003978189,0.09293293952941895,0.004950530751926536,10,20,45,110,48,50,0.2,5,HistGradientBoostingRegressor(),"{'q': 10, 'model__min_samples_leaf': 20, 'model__max_leaf_nodes': 45, 'model__max_iter': 110, 'model__max_depth': 48, 'model__max_bins': 50, 'model__learning_rate': 0.2, 'model__l2_regularization': 5, 'model': HistGradientBoostingRegressor()}",-2346.262963967876,-2212.4507487487563,-2391.0828909655775,-2316.59886789407,75.88293398452497,575,-727.0176683282588,-906.2421099746342,-715.7254624654828,-782.9950802561252,87.27065650086556
320,0,2000,0.690831184387207,0.056132437900138256,0.12908275922139487,0.0037792275509338385,3,60,25,330,33,190,0.01,7,HistGradientBoostingRegressor(),"{'q': 3, 'model__min_samples_leaf': 60, 'model__max_leaf_nodes': 25, 'model__max_iter': 330, 'model__max_depth': 33, 'model__max_bins': 190, 'model__learning_rate': 0.01, 'model__l2_regularization': 7, 'model': HistGradientBoostingRegressor()}",-2703.0922818978593,-2361.9329807033855,-2689.0912275850924,-2584.705496728779,157.62762617993167,876,-2026.2031906864872,-2172.536732580414,-2146.930239281506,-2115.223387516136,63.80893201560831
321,0,2000,0.349441130956014,0.02675882384401883,0.09357166290283203,0.0024915574256085433,9,40,55,50,33,155,0.2,9,HistGradientBoostingRegressor(),"{'q': 9, 'model__min_samples_leaf': 40, 'model__max_leaf_nodes': 55, 'model__max_iter': 50, 'model__max_depth': 33, 'model__max_bins': 155, 'model__learning_rate': 0.2, 'model__l2_regularization': 9, 'model': HistGradientBoostingRegressor()}",-2386.607285769942,-2138.205679615697,-2373.4121821289646,-2299.408382504868,114.11474124495551,556,-1440.9638280016973,-1613.5905553261189,-1487.458196363318,-1514.0041932303782,72.93153962877115
322,0,2000,0.8990646203358968,0.031011917397285246,0.09654871622721355,0.005815472648275962,10,15,25,350,38,50,0.05,9,HistGradientBoostingRegressor(),"{'q': 10, 'model__min_samples_leaf': 15, 'model__max_leaf_nodes': 25, 'model__max_iter': 350, 'model__max_depth': 38, 'model__max_bins': 50, 'model__learning_rate': 0.05, 'model__l2_regularization': 9, 'model': HistGradientBoostingRegressor()}",-2332.4377391705116,-2085.457717429067,-2380.578548505461,-2266.15800170168,129.2770382628158,517,-1070.566158437962,-1230.4188955857808,-1039.2236402014594,-1113.4028980750675,83.72632448408659
323,0,2000,0.8379294077555338,0.08873727269599287,0.1035153071085612,0.007090233728654232,6,20,40,210,18,50,0.1,9,HistGradientBoostingRegressor(),"{'q': 6, 'model__min_samples_leaf': 20, 'model__max_leaf_nodes': 40, 'model__max_iter': 210, 'model__max_depth': 18, 'model__max_bins': 50, 'model__learning_rate': 0.1, 'model__l2_regularization': 9, 'model': HistGradientBoostingRegressor()}",-2297.219154368857,-2136.8858360701634,-2328.525231549173,-2254.2100739960642,83.93946318935274,502,-821.7524490467292,-1003.8607486120728,-817.5955632866845,-881.0695869818288,86.84304599173552
324,0,2000,0.2673085530598958,0.025998246083280246,0.10546938578287761,0.010266640478927168,9,85,10,50,43,155,0.2,3,HistGradientBoostingRegressor(),"{'q': 9, 'model__min_samples_leaf': 85, 'model__max_leaf_nodes': 10, 'model__max_iter': 50, 'model__max_depth': 43, 'model__max_bins': 155, 'model__learning_rate': 0.2, 'model__l2_regularization': 3, 'model': HistGradientBoostingRegressor()}",-2506.966690813318,-2386.1470196032233,-2594.3174016732573,-2495.8103706965994,85.35055009276357,848,-1889.2440547955523,-2019.8168046205124,-1929.7006662553829,-1946.2538418904826,54.576041550102325
325,0,2000,0.24695666631062826,0.008350801980397697,0.10802721977233887,0.003879375163450995,14,70,40,50,3,50,0.1,1,HistGradientBoostingRegressor(),"{'q': 14, 'model__min_samples_leaf': 70, 'model__max_leaf_nodes': 40, 'model__max_iter': 50, 'model__max_depth': 3, 'model__max_bins': 50, 'model__learning_rate': 0.1, 'model__l2_regularization': 1, 'model': HistGradientBoostingRegressor()}",-2802.6726593009143,-2432.313684165108,-2675.3908477769683,-2636.7923970809966,153.64205785528083,895,-2194.129910576369,-2332.5024987235615,-2265.4256073926863,-2264.019338897539,56.499123774612414
326,0,2000,0.5545023282368978,0.03173134030883731,0.0973831017812093,0.0005138764394446491,9,35,15,230,38,85,0.05,1,HistGradientBoostingRegressor(),"{'q': 9, 'model__min_samples_leaf': 35, 'model__max_leaf_nodes': 15, 'model__max_iter': 230, 'model__max_depth': 38, 'model__max_bins': 85, 'model__learning_rate': 0.05, 'model__l2_regularization': 1, 'model': HistGradientBoostingRegressor()}",-2351.483066448693,-2156.669084443157,-2324.368538945476,-2277.5068966124422,86.15927900435427,533,-1485.2556756775657,-1612.104933722447,-1513.6031870339168,-1536.987932144643,54.36186343724461
327,0,2000,0.7228332360585531,0.0027886848973676633,0.1033787727355957,0.009131454888140593,12,75,60,390,28,190,0.1,5,HistGradientBoostingRegressor(),"{'q': 12, 'model__min_samples_leaf': 75, 'model__max_leaf_nodes': 60, 'model__max_iter': 390, 'model__max_depth': 28, 'model__max_bins': 190, 'model__learning_rate': 0.1, 'model__l2_regularization': 5, 'model': HistGradientBoostingRegressor()}",-2342.8003316616637,-2290.3819110918407,-2489.611983672674,-2374.2647421420593,84.32343407104236,654,-1325.350079828876,-1522.1259965924946,-1356.782405010812,-1401.4194938107275,86.31161616275182
328,0,2000,0.45875922838846844,0.07240780006717226,0.10544315973917644,0.009710017933053426,5,80,25,230,18,85,0.01,9,HistGradientBoostingRegressor(),"{'q': 5, 'model__min_samples_leaf': 80, 'model__max_leaf_nodes': 25, 'model__max_iter': 230, 'model__max_depth': 18, 'model__max_bins': 85, 'model__learning_rate': 0.01, 'model__l2_regularization': 9, 'model': HistGradientBoostingRegressor()}",-3023.4551320066485,-2732.3281182691526,-3007.798161891231,-2921.1938040556774,133.7010860813765,935,-2469.5701404375072,-2581.7618976702383,-2532.8740964725184,-2528.0687115267547,45.927960917794934
329,0,2000,0.8213725090026855,0.039984472892067746,0.09378616015116374,0.001233270678648925,13,20,50,190,33,225,0.01,9,HistGradientBoostingRegressor(),"{'q': 13, 'model__min_samples_leaf': 20, 'model__max_leaf_nodes': 50, 'model__max_iter': 190, 'model__max_depth': 33, 'model__max_bins': 225, 'model__learning_rate': 0.01, 'model__l2_regularization': 9, 'model': HistGradientBoostingRegressor()}",-2991.977708166106,-2697.731520272086,-2937.802907272672,-2875.8373785702884,127.8671180902664,932,-2263.9367582470454,-2363.343498100147,-2314.971784700286,-2314.084013682493,40.58748645490442
330,0,2000,0.5320793787638346,0.04438638364851132,0.09635003407796223,0.0054933355347061815,9,65,65,230,18,120,0.1,5,HistGradientBoostingRegressor(),"{'q': 9, 'model__min_samples_leaf': 65, 'model__max_leaf_nodes': 65, 'model__max_iter': 230, 'model__max_depth': 18, 'model__max_bins': 120, 'model__learning_rate': 0.1, 'model__l2_regularization': 5, 'model': HistGradientBoostingRegressor()}",-2406.0943156856847,-2278.4073213112424,-2482.646300138802,-2389.0493123785764,84.24681683971045,691,-1436.8126499808861,-1616.1013012692738,-1462.2161014704589,-1505.0433509068728,79.21167881450684
331,0,2000,1.061321496963501,0.04566121191613542,0.11602075894673665,0.027849732927845938,6,30,35,310,28,155,0.1,3,HistGradientBoostingRegressor(),"{'q': 6, 'model__min_samples_leaf': 30, 'model__max_leaf_nodes': 35, 'model__max_iter': 310, 'model__max_depth': 28, 'model__max_bins': 155, 'model__learning_rate': 0.1, 'model__l2_regularization': 3, 'model': HistGradientBoostingRegressor()}",-2289.2385423231817,-2179.35245356725,-2386.2348281566733,-2284.9419413490355,84.51400205050007,542,-755.6888359922395,-932.4808088596724,-755.9456823738317,-814.7051090752478,83.28006198884621
332,0,2000,0.3337368170420329,0.01604719704541117,0.0952006181081136,0.010894499698842807,14,45,65,70,33,50,0.1,3,HistGradientBoostingRegressor(),"{'q': 14, 'model__min_samples_leaf': 45, 'model__max_leaf_nodes': 65, 'model__max_iter': 70, 'model__max_depth': 33, 'model__max_bins': 50, 'model__learning_rate': 0.1, 'model__l2_regularization': 3, 'model': HistGradientBoostingRegressor()}",-2463.1796519961017,-2172.9475291625454,-2436.7261713653274,-2357.617784174658,131.0274118242687,630,-1633.9882063901352,-1819.9056708466637,-1674.040380071238,-1709.311419102679,79.8930975043285
333,0,2000,0.47628625233968097,0.01858233122198016,0.10116410255432129,0.004522761559407199,9,35,15,170,28,85,0.2,1,HistGradientBoostingRegressor(),"{'q': 9, 'model__min_samples_leaf': 35, 'model__max_leaf_nodes': 15, 'model__max_iter': 170, 'model__max_depth': 28, 'model__max_bins': 85, 'model__learning_rate': 0.2, 'model__l2_regularization': 1, 'model': HistGradientBoostingRegressor()}",-2325.8866228946754,-2310.498131062499,-2407.532227037501,-2347.972326998225,42.58119843102615,618,-1117.6062237386982,-1275.3886388084377,-1122.2338978838613,-1171.742920143666,73.31293696727404
334,0,2000,0.3885498841603597,0.044533083323891165,0.09635814030965169,0.0007527006408464833,6,45,15,250,3,120,0.2,1,HistGradientBoostingRegressor(),"{'q': 6, 'model__min_samples_leaf': 45, 'model__max_leaf_nodes': 15, 'model__max_iter': 250, 'model__max_depth': 3, 'model__max_bins': 120, 'model__learning_rate': 0.2, 'model__l2_regularization': 1, 'model': HistGradientBoostingRegressor()}",-2461.1336584961136,-2274.4161502954566,-2424.1414953300878,-2386.5637680405525,80.72554803509897,685,-1654.3509142628616,-1771.1977994017539,-1565.0360697909546,-1663.5282611518567,84.41497679507583
335,0,2000,0.4449299176534017,0.033753526882213544,0.10310832659403484,0.01794782121033444,7,90,55,170,18,50,0.01,3,HistGradientBoostingRegressor(),"{'q': 7, 'model__min_samples_leaf': 90, 'model__max_leaf_nodes': 55, 'model__max_iter': 170, 'model__max_depth': 18, 'model__max_bins': 50, 'model__learning_rate': 0.01, 'model__l2_regularization': 3, 'model': HistGradientBoostingRegressor()}",-3318.322882890176,-3049.815721272205,-3304.930860062563,-3224.3564880749814,123.53999629250906,947,-2812.9422672824544,-2941.6042990910146,-2878.4643551829977,-2877.6703071854886,52.529055397582894
336,0,2000,0.7206579049428304,0.0031839514224772138,0.10402377446492513,0.01055077186681484,7,60,30,310,33,155,0.01,3,HistGradientBoostingRegressor(),"{'q': 7, 'model__min_samples_leaf': 60, 'model__max_leaf_nodes': 30, 'model__max_iter': 310, 'model__max_depth': 33, 'model__max_bins': 155, 'model__learning_rate': 0.01, 'model__l2_regularization': 3, 'model': HistGradientBoostingRegressor()}",-2711.0562217239512,-2384.0449091483692,-2709.850438153721,-2601.6505230086805,153.87119259550983,884,-2044.5104640649558,-2179.927903994209,-2160.2219776389275,-2128.2201152326975,59.73586391969611
337,0,2000,0.7081153392791748,0.04679332741431361,0.09963440895080566,0.011055232958250616,6,5,40,130,48,85,0.05,5,HistGradientBoostingRegressor(),"{'q': 6, 'model__min_samples_leaf': 5, 'model__max_leaf_nodes': 40, 'model__max_iter': 130, 'model__max_depth': 48, 'model__max_bins': 85, 'model__learning_rate': 0.05, 'model__l2_regularization': 5, 'model': HistGradientBoostingRegressor()}",-2364.613551373622,-2189.263989962701,-2302.1238003845924,-2285.3337805736387,72.56397520206916,543,-1059.6170132688114,-1178.0884912518134,-1091.3351085510178,-1109.6802043572143,50.07514139752459
338,0,2000,0.4791516462961833,0.0017105507219919562,0.10014780362447102,0.016403624484172916,6,55,5,310,23,190,0.2,7,HistGradientBoostingRegressor(),"{'q': 6, 'model__min_samples_leaf': 55, 'model__max_leaf_nodes': 5, 'model__max_iter': 310, 'model__max_depth': 23, 'model__max_bins': 190, 'model__learning_rate': 0.2, 'model__l2_regularization': 7, 'model': HistGradientBoostingRegressor()}",-2470.9341605114137,-2334.3424621143718,-2371.144790558251,-2392.1404710613456,57.705788083970305,697,-1621.1776432590186,-1756.5389632453835,-1585.6429399424453,-1654.453182148949,73.62883860508758
339,0,2000,0.4579753081003825,0.024009837203919648,0.09450173377990723,0.006067213438574537,9,20,15,110,8,225,0.1,1,HistGradientBoostingRegressor(),"{'q': 9, 'model__min_samples_leaf': 20, 'model__max_leaf_nodes': 15, 'model__max_iter': 110, 'model__max_depth': 8, 'model__max_bins': 225, 'model__learning_rate': 0.1, 'model__l2_regularization': 1, 'model': HistGradientBoostingRegressor()}",-2356.904241404331,-2145.0746863791933,-2298.4767823414995,-2266.818570041675,89.32943486538113,519,-1393.180965715768,-1557.85524265469,-1412.2932055044153,-1454.4431379582911,73.53850227710163
340,0,2000,0.6589930057525635,0.010450701402903032,0.09453256924947102,0.0014301439493091981,12,90,35,350,28,225,0.2,9,HistGradientBoostingRegressor(),"{'q': 12, 'model__min_samples_leaf': 90, 'model__max_leaf_nodes': 35, 'model__max_iter': 350, 'model__max_depth': 28, 'model__max_bins': 225, 'model__learning_rate': 0.2, 'model__l2_regularization': 9, 'model': HistGradientBoostingRegressor()}",-2386.0561904877845,-2436.217401492687,-2557.536527457767,-2459.936706479413,71.98764043743752,815,-1246.1736817920523,-1470.3577831930727,-1289.6467603269236,-1335.392741770683,97.07093263497342
341,0,2000,0.797152598698934,0.02416142175479432,0.09368101755777995,0.004427968973203776,6,20,20,270,8,225,0.01,7,HistGradientBoostingRegressor(),"{'q': 6, 'model__min_samples_leaf': 20, 'model__max_leaf_nodes': 20, 'model__max_iter': 270, 'model__max_depth': 8, 'model__max_bins': 225, 'model__learning_rate': 0.01, 'model__l2_regularization': 7, 'model': HistGradientBoostingRegressor()}",-2666.4656088653437,-2409.951960769974,-2611.420714435983,-2562.6127613571,110.26173445522434,871,-1885.69112221778,-2033.0094144894572,-2001.1128488130475,-1973.2711285067617,63.28265086983906
342,0,2000,1.2804187138875325,0.0762327046827333,0.10173328717549641,0.0010401829339969414,11,15,30,390,38,190,0.01,9,HistGradientBoostingRegressor(),"{'q': 11, 'model__min_samples_leaf': 15, 'model__max_leaf_nodes': 30, 'model__max_iter': 390, 'model__max_depth': 38, 'model__max_bins': 190, 'model__learning_rate': 0.01, 'model__l2_regularization': 9, 'model': HistGradientBoostingRegressor()}",-2441.4928012414293,-2248.514613230031,-2416.6691132677893,-2368.892175913083,85.72095064524687,645,-1508.4391656455084,-1700.042349956935,-1617.6549712659473,-1608.7121622894635,78.476856180074
343,0,2000,0.4276636441548665,0.044022932331414424,0.09312931696573894,0.007423365758060756,9,55,20,90,38,50,0.05,3,HistGradientBoostingRegressor(),"{'q': 9, 'model__min_samples_leaf': 55, 'model__max_leaf_nodes': 20, 'model__max_iter': 90, 'model__max_depth': 38, 'model__max_bins': 50, 'model__learning_rate': 0.05, 'model__l2_regularization': 3, 'model': HistGradientBoostingRegressor()}",-2599.284401563605,-2270.9365754172104,-2565.817838762093,-2478.679605247636,147.53051105625744,836,-1891.9651038397,-2060.0401530808604,-1998.3134885010804,-1983.4395818072135,69.41772285522866
344,0,2000,0.733910322189331,0.07418245553696541,0.1108105977376302,0.013674370125503087,6,70,40,330,8,120,0.05,9,HistGradientBoostingRegressor(),"{'q': 6, 'model__min_samples_leaf': 70, 'model__max_leaf_nodes': 40, 'model__max_iter': 330, 'model__max_depth': 8, 'model__max_bins': 120, 'model__learning_rate': 0.05, 'model__l2_regularization': 9, 'model': HistGradientBoostingRegressor()}",-2387.6384425427195,-2223.9421578293504,-2484.3137424178876,-2365.2981142633193,107.46366274547559,641,-1663.1116412601891,-1786.822983821736,-1639.6137217445842,-1696.5161156088363,64.57314142483168
345,0,2000,0.6243123213450114,0.00960814316262326,0.09290035565694173,0.002502303766112536,3,75,55,290,38,50,0.05,1,HistGradientBoostingRegressor(),"{'q': 3, 'model__min_samples_leaf': 75, 'model__max_leaf_nodes': 55, 'model__max_iter': 290, 'model__max_depth': 38, 'model__max_bins': 50, 'model__learning_rate': 0.05, 'model__l2_regularization': 1, 'model': HistGradientBoostingRegressor()}",-2405.7787511976,-2273.6921303883287,-2480.5141247810025,-2386.661668788977,85.50996616770996,686,-1723.3739979964914,-1864.0662414041994,-1762.147643800253,-1783.1959610669812,59.3343665655022
346,0,2000,1.0823033650716145,0.016700793603137105,0.10228864351908366,0.001962524015624443,7,30,65,370,48,120,0.05,3,HistGradientBoostingRegressor(),"{'q': 7, 'model__min_samples_leaf': 30, 'model__max_leaf_nodes': 65, 'model__max_iter': 370, 'model__max_depth': 48, 'model__max_bins': 120, 'model__learning_rate': 0.05, 'model__l2_regularization': 3, 'model': HistGradientBoostingRegressor()}",-2292.500651444153,-2143.4725656029805,-2353.006775943944,-2262.9933309970256,88.04982602965916,509,-991.5829351422663,-1176.3030760559286,-1018.6149875509534,-1062.1669995830496,81.45741598661105
347,0,2000,0.6068384647369385,0.08649036217195971,0.10467282931009929,0.01284101152073946,8,85,60,290,43,225,0.2,3,HistGradientBoostingRegressor(),"{'q': 8, 'model__min_samples_leaf': 85, 'model__max_leaf_nodes': 60, 'model__max_iter': 290, 'model__max_depth': 43, 'model__max_bins': 225, 'model__learning_rate': 0.2, 'model__l2_regularization': 3, 'model': HistGradientBoostingRegressor()}",-2412.636389911825,-2401.1855836611967,-2578.9457722621096,-2464.2559152783774,81.23259900704525,820,-1250.916543766964,-1470.0127514786107,-1276.6185359727592,-1332.5159437394445,97.78949229401758
348,0,2000,0.6637377738952637,0.049499733994288204,0.10080480575561523,0.0050516017027356095,5,95,20,370,33,190,0.2,1,HistGradientBoostingRegressor(),"{'q': 5, 'model__min_samples_leaf': 95, 'model__max_leaf_nodes': 20, 'model__max_iter': 370, 'model__max_depth': 33, 'model__max_bins': 190, 'model__learning_rate': 0.2, 'model__l2_regularization': 1, 'model': HistGradientBoostingRegressor()}",-2418.818591941008,-2492.2006415227697,-2558.7987328673994,-2489.9393221103924,57.16901921820183,843,-1273.8023037642145,-1476.9089717866734,-1270.4352013278883,-1340.382158959592,96.54882119164674
349,0,2000,0.5398062864939371,0.023893624403333345,0.09616764386494954,0.0057656122205495845,5,15,25,390,3,190,0.05,7,HistGradientBoostingRegressor(),"{'q': 5, 'model__min_samples_leaf': 15, 'model__max_leaf_nodes': 25, 'model__max_iter': 390, 'model__max_depth': 3, 'model__max_bins': 190, 'model__learning_rate': 0.05, 'model__l2_regularization': 7, 'model': HistGradientBoostingRegressor()}",-2479.5421547077335,-2224.68551483235,-2346.7022338496035,-2350.3099677965624,104.07605722200402,620,-1668.1825612684815,-1813.7257273845948,-1665.0931423681398,-1715.6671436737388,69.34935955878123
350,0,2000,0.4866983890533447,0.04241747507677203,0.09342304865519206,0.005359306310074728,12,75,55,150,43,50,0.2,1,HistGradientBoostingRegressor(),"{'q': 12, 'model__min_samples_leaf': 75, 'model__max_leaf_nodes': 55, 'model__max_iter': 150, 'model__max_depth': 43, 'model__max_bins': 50, 'model__learning_rate': 0.2, 'model__l2_regularization': 1, 'model': HistGradientBoostingRegressor()}",-2404.1409366313455,-2264.394457819825,-2500.213510098326,-2389.5829681831656,96.82150996683268,692,-1498.4762391366344,-1673.5222259954387,-1521.497296108439,-1564.4985870801709,77.6621213881852
351,0,2000,1.2750171025594075,0.06512213452128568,0.10307971636454265,0.005403129329642063,4,5,35,370,33,50,0.2,5,HistGradientBoostingRegressor(),"{'q': 4, 'model__min_samples_leaf': 5, 'model__max_leaf_nodes': 35, 'model__max_iter': 370, 'model__max_depth': 33, 'model__max_bins': 50, 'model__learning_rate': 0.2, 'model__l2_regularization': 5, 'model': HistGradientBoostingRegressor()}",-2427.7412808287863,-2269.364668036941,-2465.923893998387,-2387.6766142880383,85.09902254200377,687,-132.8338782684416,-157.58662173280808,-131.8635179365315,-140.76133931259372,11.903864811716035
352,0,2000,0.36524120966593426,0.04365539244933879,0.10433085759480794,0.01925070850568524,13,95,50,150,48,155,0.1,5,HistGradientBoostingRegressor(),"{'q': 13, 'model__min_samples_leaf': 95, 'model__max_leaf_nodes': 50, 'model__max_iter': 150, 'model__max_depth': 48, 'model__max_bins': 155, 'model__learning_rate': 0.1, 'model__l2_regularization': 5, 'model': HistGradientBoostingRegressor()}",-2466.6566164810743,-2394.3797769916255,-2495.1056110308823,-2452.047334834527,42.39887375388704,803,-1848.5164985038352,-1924.4252193669313,-1823.46354301743,-1865.4684202960655,42.92505687950242
353,0,2000,0.785916248957316,0.01539975021531004,0.10917266209920247,0.009417939495923053,5,60,45,370,43,50,0.05,7,HistGradientBoostingRegressor(),"{'q': 5, 'model__min_samples_leaf': 60, 'model__max_leaf_nodes': 45, 'model__max_iter': 370, 'model__max_depth': 43, 'model__max_bins': 50, 'model__learning_rate': 0.05, 'model__l2_regularization': 7, 'model': HistGradientBoostingRegressor()}",-2428.8034850335644,-2269.1586809545306,-2420.7187414365776,-2372.893635808224,73.42591011185193,651,-1530.7355756189024,-1707.9433171381118,-1528.9909252470477,-1589.2232726680206,83.95076998044871
354,0,2000,0.37295977274576825,0.02625172457050357,0.09517860412597656,0.007342108534595327,14,45,55,250,3,50,0.05,3,HistGradientBoostingRegressor(),"{'q': 14, 'model__min_samples_leaf': 45, 'model__max_leaf_nodes': 55, 'model__max_iter': 250, 'model__max_depth': 3, 'model__max_bins': 50, 'model__learning_rate': 0.05, 'model__l2_regularization': 3, 'model': HistGradientBoostingRegressor()}",-2541.2776971725884,-2303.319759027436,-2409.4141902320484,-2418.0038821440244,97.33561248563333,746,-1919.1794410567563,-2045.4718941434357,-1919.7176176726807,-1961.456317624291,59.40839015885826
355,0,2000,1.1246904532114665,0.015309403937446389,0.10089556376139323,0.0029872896830152825,14,30,65,370,38,50,0.01,3,HistGradientBoostingRegressor(),"{'q': 14, 'model__min_samples_leaf': 30, 'model__max_leaf_nodes': 65, 'model__max_iter': 370, 'model__max_depth': 38, 'model__max_bins': 50, 'model__learning_rate': 0.01, 'model__l2_regularization': 3, 'model': HistGradientBoostingRegressor()}",-2437.730901055411,-2206.382307496569,-2360.3162580969465,-2334.809822216309,96.15430875737663,600,-1645.0217833316435,-1785.38522276619,-1753.1698669892235,-1727.8589576956856,60.033076324213006
356,0,2000,0.2545499801635742,0.006726234110343187,0.08858211835225423,0.00305153559291263,12,75,45,90,3,120,0.1,3,HistGradientBoostingRegressor(),"{'q': 12, 'model__min_samples_leaf': 75, 'model__max_leaf_nodes': 45, 'model__max_iter': 90, 'model__max_depth': 3, 'model__max_bins': 120, 'model__learning_rate': 0.1, 'model__l2_regularization': 3, 'model': HistGradientBoostingRegressor()}",-2640.2149864605176,-2370.901745973499,-2587.2996385514666,-2532.8054569951614,116.50355428919569,862,-2073.9088119865723,-2222.9050148051947,-2089.492153897535,-2128.7686602297676,66.86778036215163
357,0,2000,0.308920939763387,0.015354575031922712,0.10637402534484863,0.006798661531658406,14,5,55,110,3,50,0.1,9,HistGradientBoostingRegressor(),"{'q': 14, 'model__min_samples_leaf': 5, 'model__max_leaf_nodes': 55, 'model__max_iter': 110, 'model__max_depth': 3, 'model__max_bins': 50, 'model__learning_rate': 0.1, 'model__l2_regularization': 9, 'model': HistGradientBoostingRegressor()}",-2550.33312915075,-2275.7601341578857,-2326.3972671120637,-2384.163510140233,119.3043349869849,681,-1792.0781887762982,-1917.3996976613691,-1859.7168651987113,-1856.3982505454596,51.21607852826629
358,0,2000,0.3073272705078125,0.006804581671579887,0.1170056660970052,0.018188296695858246,11,15,35,130,3,85,0.2,5,HistGradientBoostingRegressor(),"{'q': 11, 'model__min_samples_leaf': 15, 'model__max_leaf_nodes': 35, 'model__max_iter': 130, 'model__max_depth': 3, 'model__max_bins': 85, 'model__learning_rate': 0.2, 'model__l2_regularization': 5, 'model': HistGradientBoostingRegressor()}",-2419.2852304743783,-2389.0683697587924,-2366.9173677331273,-2391.7569893220993,21.46345372004504,696,-1541.0664793539304,-1808.235457307217,-1590.6841887483831,-1646.6620418031769,116.03147768204686
359,0,2000,0.43911393483479816,0.027591512395080342,0.0999613602956136,0.008471543227902018,6,75,55,170,8,120,0.05,1,HistGradientBoostingRegressor(),"{'q': 6, 'model__min_samples_leaf': 75, 'model__max_leaf_nodes': 55, 'model__max_iter': 170, 'model__max_depth': 8, 'model__max_bins': 120, 'model__learning_rate': 0.05, 'model__l2_regularization': 1, 'model': HistGradientBoostingRegressor()}",-2507.18539351689,-2262.8888725435336,-2543.953004688669,-2438.0090902496977,124.73513884737392,785,-1848.1954608998567,-1973.4408951520797,-1889.564250876952,-1903.733535642963,52.103622224321484
360,0,2000,0.29295802116394043,0.006812831196402911,0.09395360946655273,0.0067857496173789784,10,95,45,70,48,190,0.1,9,HistGradientBoostingRegressor(),"{'q': 10, 'model__min_samples_leaf': 95, 'model__max_leaf_nodes': 45, 'model__max_iter': 70, 'model__max_depth': 48, 'model__max_bins': 190, 'model__learning_rate': 0.1, 'model__l2_regularization': 9, 'model': HistGradientBoostingRegressor()}",-2615.5483544810063,-2361.931791727542,-2621.4290831316207,-2532.96974311339,120.9659217936088,863,-2063.9707890711984,-2137.294830229424,-2062.270406334404,-2087.8453418783424,34.97295859184855
361,0,2000,0.732954740524292,0.03050477567805051,0.0936741828918457,0.005348641618393633,7,45,65,310,8,155,0.1,7,HistGradientBoostingRegressor(),"{'q': 7, 'model__min_samples_leaf': 45, 'model__max_leaf_nodes': 65, 'model__max_iter': 310, 'model__max_depth': 8, 'model__max_bins': 155, 'model__learning_rate': 0.1, 'model__l2_regularization': 7, 'model': HistGradientBoostingRegressor()}",-2364.7917212386974,-2165.913536609954,-2397.6058001486003,-2309.437019332417,102.36677036768404,566,-1218.7510734748773,-1363.2585110642876,-1202.5576034612232,-1261.5223960001294,72.24142370796926
362,0,2000,0.6301777362823486,0.07420430545932653,0.11223697662353516,0.014654233572461487,4,90,60,370,8,50,0.1,5,HistGradientBoostingRegressor(),"{'q': 4, 'model__min_samples_leaf': 90, 'model__max_leaf_nodes': 60, 'model__max_iter': 370, 'model__max_depth': 8, 'model__max_bins': 50, 'model__learning_rate': 0.1, 'model__l2_regularization': 5, 'model': HistGradientBoostingRegressor()}",-2364.2849450809517,-2402.7471702719163,-2525.720612523644,-2430.9175759588375,68.85030863204203,775,-1546.818024605491,-1735.5554838519745,-1585.6261087777805,-1622.6665390784153,81.38162052268167
363,0,2000,0.3989502588907878,0.006742780793406245,0.10330319404602051,0.010145354457819831,3,90,50,130,33,225,0.2,7,HistGradientBoostingRegressor(),"{'q': 3, 'model__min_samples_leaf': 90, 'model__max_leaf_nodes': 50, 'model__max_iter': 130, 'model__max_depth': 33, 'model__max_bins': 225, 'model__learning_rate': 0.2, 'model__l2_regularization': 7, 'model': HistGradientBoostingRegressor()}",-2412.7747382761636,-2387.8853782542246,-2534.9419706158624,-2445.2006957154167,64.26503650842305,798,-1599.377585360196,-1736.9931992556367,-1629.981100063204,-1655.4506282263455,58.99738381541196
364,0,2000,0.47265807787577313,0.024110113746540218,0.10169005393981934,0.0037379917417755923,12,75,5,310,48,120,0.01,9,HistGradientBoostingRegressor(),"{'q': 12, 'model__min_samples_leaf': 75, 'model__max_leaf_nodes': 5, 'model__max_iter': 310, 'model__max_depth': 48, 'model__max_bins': 120, 'model__learning_rate': 0.01, 'model__l2_regularization': 9, 'model': HistGradientBoostingRegressor()}",-2984.987291305859,-2596.538096117975,-2883.804359150415,-2821.7765821914163,164.53728685090437,926,-2458.495436692192,-2520.960318863376,-2492.3044377721412,-2490.5867311092366,25.530090263580007
365,0,2000,0.43576844533284503,0.042613535806014444,0.1133259932200114,0.010761028517133607,10,85,20,250,3,225,0.01,5,HistGradientBoostingRegressor(),"{'q': 10, 'model__min_samples_leaf': 85, 'model__max_leaf_nodes': 20, 'model__max_iter': 250, 'model__max_depth': 3, 'model__max_bins': 225, 'model__learning_rate': 0.01, 'model__l2_regularization': 5, 'model': HistGradientBoostingRegressor()}",-3067.385751581106,-2738.0450743351594,-3078.2665593301845,-2961.232461748817,157.87981804676312,936,-2522.39507086904,-2679.501299518155,-2616.9981769394517,-2606.2981824422154,64.5830688946036
366,0,2000,0.37614234288533527,0.02688482096873046,0.1068429946899414,0.007291877027088946,11,85,55,110,48,85,0.2,7,HistGradientBoostingRegressor(),"{'q': 11, 'model__min_samples_leaf': 85, 'model__max_leaf_nodes': 55, 'model__max_iter': 110, 'model__max_depth': 48, 'model__max_bins': 85, 'model__learning_rate': 0.2, 'model__l2_regularization': 7, 'model': HistGradientBoostingRegressor()}",-2414.098583105474,-2390.0535852719695,-2491.474678301691,-2431.8756155597116,43.271057994885396,777,-1633.3849094365853,-1790.180506612163,-1683.550977779372,-1702.3721312760401,65.38038282553552
367,0,2000,0.6389320691426595,0.056973796266835214,0.09620094299316406,0.0035444493551641766,11,35,40,170,43,50,0.05,7,HistGradientBoostingRegressor(),"{'q': 11, 'model__min_samples_leaf': 35, 'model__max_leaf_nodes': 40, 'model__max_iter': 170, 'model__max_depth': 43, 'model__max_bins': 50, 'model__learning_rate': 0.05, 'model__l2_regularization': 7, 'model': HistGradientBoostingRegressor()}",-2391.5085106689808,-2100.8516255578616,-2358.6589257686474,-2283.673020665163,129.96799782707058,540,-1464.9393111751353,-1613.165806831366,-1499.6604501563068,-1525.9218560542695,63.298339016832514
368,0,2000,0.9748289585113525,0.02584007692317783,0.10280299186706543,0.004436177203948853,10,25,30,310,23,85,0.1,5,HistGradientBoostingRegressor(),"{'q': 10, 'model__min_samples_leaf': 25, 'model__max_leaf_nodes': 30, 'model__max_iter': 310, 'model__max_depth': 23, 'model__max_bins': 85, 'model__learning_rate': 0.1, 'model__l2_regularization': 5, 'model': HistGradientBoostingRegressor()}",-2325.420798601226,-2287.982873864192,-2393.42796656356,-2335.6105463429926,43.64661203251414,602,-745.840046312775,-983.1156020685828,-744.9323206041289,-824.6293229951622,112.06733536106508
369,0,2000,0.32935325304667157,0.01987074183893499,0.09761468569437663,0.011623811225723278,5,90,25,110,13,225,0.1,5,HistGradientBoostingRegressor(),"{'q': 5, 'model__min_samples_leaf': 90, 'model__max_leaf_nodes': 25, 'model__max_iter': 110, 'model__max_depth': 13, 'model__max_bins': 225, 'model__learning_rate': 0.1, 'model__l2_regularization': 5, 'model': HistGradientBoostingRegressor()}",-2511.758243435487,-2367.7685785437125,-2528.0010342758483,-2469.175952085016,72.01179819992474,829,-1896.3591422636878,-1948.892568154215,-1900.3761140922363,-1915.2092748367131,23.87407523099054
370,0,2000,0.4809126853942871,0.010522777737194686,0.09195391337076823,0.0029796376991632753,13,5,15,110,38,155,0.05,1,HistGradientBoostingRegressor(),"{'q': 13, 'model__min_samples_leaf': 5, 'model__max_leaf_nodes': 15, 'model__max_iter': 110, 'model__max_depth': 38, 'model__max_bins': 155, 'model__learning_rate': 0.05, 'model__l2_regularization': 1, 'model': HistGradientBoostingRegressor()}",-2445.9269955284044,-2196.3895478273243,-2235.397943487383,-2292.5714956143706,109.60184228501919,548,-1493.866987398969,-1593.8674834669084,-1568.6590839477387,-1552.131184937872,42.46491404849226
371,0,2000,0.6258242925008138,0.06022790189179992,0.12825258572896323,0.01637278302455128,11,80,35,350,38,155,0.1,7,HistGradientBoostingRegressor(),"{'q': 11, 'model__min_samples_leaf': 80, 'model__max_leaf_nodes': 35, 'model__max_iter': 350, 'model__max_depth': 38, 'model__max_bins': 155, 'model__learning_rate': 0.1, 'model__l2_regularization': 7, 'model': HistGradientBoostingRegressor()}",-2348.936544682517,-2299.949507746043,-2469.980824391096,-2372.9556256065516,71.46257457037262,652,-1419.9373871806831,-1612.9513314279684,-1457.1060223646878,-1496.6649136577798,83.61528998425882
372,0,2000,0.9128255844116211,0.09884273930028403,0.0985865592956543,0.003436334140474315,3,20,40,170,33,190,0.05,9,HistGradientBoostingRegressor(),"{'q': 3, 'model__min_samples_leaf': 20, 'model__max_leaf_nodes': 40, 'model__max_iter': 170, 'model__max_depth': 33, 'model__max_bins': 190, 'model__learning_rate': 0.05, 'model__l2_regularization': 9, 'model': HistGradientBoostingRegressor()}",-2323.539984006774,-2122.890907065209,-2344.0594238378744,-2263.496771636619,99.77564404419495,511,-1126.2913826940678,-1337.778499874293,-1198.3782460027337,-1220.8160428570316,87.7849312393899
373,0,2000,0.4984586238861084,0.03041279164406432,0.09417104721069336,0.0037853228534894556,5,10,15,230,48,85,0.2,3,HistGradientBoostingRegressor(),"{'q': 5, 'model__min_samples_leaf': 10, 'model__max_leaf_nodes': 15, 'model__max_iter': 230, 'model__max_depth': 48, 'model__max_bins': 85, 'model__learning_rate': 0.2, 'model__l2_regularization': 3, 'model': HistGradientBoostingRegressor()}",-2376.129634668116,-2254.1333586314213,-2315.150130640949,-2315.137707980162,49.80477190957531,572,-709.3062386836569,-819.8887096893558,-710.5061637956985,-746.5670373895704,51.84856588628375
374,0,2000,0.3594733079274495,0.008560071933444283,0.1114960511525472,0.017132300797935516,5,35,40,70,28,85,0.05,9,HistGradientBoostingRegressor(),"{'q': 5, 'model__min_samples_leaf': 35, 'model__max_leaf_nodes': 40, 'model__max_iter': 70, 'model__max_depth': 28, 'model__max_bins': 85, 'model__learning_rate': 0.05, 'model__l2_regularization': 9, 'model': HistGradientBoostingRegressor()}",-2492.3583140417686,-2275.1123542035016,-2463.7259050200305,-2410.3988577551004,96.37351726143292,739,-1792.8233951363004,-1890.4830845443278,-1862.5019216440228,-1848.6028004415505,41.06290224739647
375,0,2000,0.269351323445638,0.017716739432321955,0.10132400194803874,0.004138647292114388,14,45,25,70,3,190,0.05,5,HistGradientBoostingRegressor(),"{'q': 14, 'model__min_samples_leaf': 45, 'model__max_leaf_nodes': 25, 'model__max_iter': 70, 'model__max_depth': 3, 'model__max_bins': 190, 'model__learning_rate': 0.05, 'model__l2_regularization': 5, 'model': HistGradientBoostingRegressor()}",-2847.1933143148603,-2467.855669965932,-2678.775948659795,-2664.608310980196,155.18763604770797,903,-2252.9284096583965,-2320.202366724768,-2237.6260770067834,-2270.2522844633163,35.86826252264
376,0,2000,0.49112892150878906,0.028068745006999882,0.10633500417073567,0.01150261248344464,6,80,25,170,23,225,0.2,1,HistGradientBoostingRegressor(),"{'q': 6, 'model__min_samples_leaf': 80, 'model__max_leaf_nodes': 25, 'model__max_iter': 170, 'model__max_depth': 23, 'model__max_bins': 225, 'model__learning_rate': 0.2, 'model__l2_regularization': 1, 'model': HistGradientBoostingRegressor()}",-2353.7602911442036,-2293.581489831947,-2556.247540148417,-2401.1964403748557,112.35658914838405,720,-1417.8136285406122,-1604.0379397922982,-1465.5874410766232,-1495.8130031365115,78.97283067261512
377,0,2000,0.3431697686513265,0.03011995160622808,0.09726357460021973,0.006287471659231643,13,45,30,70,13,190,0.01,5,HistGradientBoostingRegressor(),"{'q': 13, 'model__min_samples_leaf': 45, 'model__max_leaf_nodes': 30, 'model__max_iter': 70, 'model__max_depth': 13, 'model__max_bins': 190, 'model__learning_rate': 0.01, 'model__l2_regularization': 5, 'model': HistGradientBoostingRegressor()}",-4528.448705517374,-4380.288915257494,-4616.629839471546,-4508.4558200821375,97.51596353284201,977,-4134.203405416921,-4253.376877818026,-4142.775804590916,-4176.785362608621,54.271334720113835
378,0,2000,0.7348029613494873,0.0531186578112996,0.09943636258443196,0.016186204350052164,10,15,50,130,13,225,0.01,9,HistGradientBoostingRegressor(),"{'q': 10, 'model__min_samples_leaf': 15, 'model__max_leaf_nodes': 50, 'model__max_iter': 130, 'model__max_depth': 13, 'model__max_bins': 225, 'model__learning_rate': 0.01, 'model__l2_regularization': 9, 'model': HistGradientBoostingRegressor()}",-3500.6667430919024,-3303.7753677180795,-3513.2845119983403,-3439.2422076027738,95.92792625821806,955,-2895.915059245911,-3003.3856295327764,-2931.041429300314,-2943.4473726930005,44.74305490272897
379,0,2000,0.5916412671407064,0.03059783629301375,0.10274696350097656,0.0034214723582331424,10,95,50,390,13,85,0.01,9,HistGradientBoostingRegressor(),"{'q': 10, 'model__min_samples_leaf': 95, 'model__max_leaf_nodes': 50, 'model__max_iter': 390, 'model__max_depth': 13, 'model__max_bins': 85, 'model__learning_rate': 0.01, 'model__l2_regularization': 9, 'model': HistGradientBoostingRegressor()}",-2753.944844306441,-2441.2796485440226,-2742.708879928132,-2645.977790926199,144.81611062519445,898,-2241.179017313946,-2314.4528359131978,-2255.263921599953,-2270.2985916090324,31.74685390964424
380,0,2000,0.6659253438313802,0.0021243925550523397,0.11418366432189941,0.01770782726224957,8,45,20,270,38,155,0.1,9,HistGradientBoostingRegressor(),"{'q': 8, 'model__min_samples_leaf': 45, 'model__max_leaf_nodes': 20, 'model__max_iter': 270, 'model__max_depth': 38, 'model__max_bins': 155, 'model__learning_rate': 0.1, 'model__l2_regularization': 9, 'model': HistGradientBoostingRegressor()}",-2349.994888754115,-2160.728935622815,-2401.975790708351,-2304.233205028427,103.66809231138524,560,-1145.9728099555682,-1330.7619454508567,-1185.5873026294066,-1220.774019345277,79.43691385498397
381,0,2000,0.35889069239298504,0.019565472604137997,0.10437734921773274,0.009703511406655941,10,70,45,110,38,50,0.2,9,HistGradientBoostingRegressor(),"{'q': 10, 'model__min_samples_leaf': 70, 'model__max_leaf_nodes': 45, 'model__max_iter': 110, 'model__max_depth': 38, 'model__max_bins': 50, 'model__learning_rate': 0.2, 'model__l2_regularization': 9, 'model': HistGradientBoostingRegressor()}",-2393.522637027019,-2290.5560439789,-2482.8706614884286,-2388.9831141647824,78.57770454703478,690,-1579.139717045005,-1756.5254764272165,-1608.2032928854644,-1647.9561621192286,77.68159313135698
382,0,2000,0.3018943468729655,0.022219325464925724,0.11140028635660808,0.00930998450619032,11,60,30,50,43,50,0.05,9,HistGradientBoostingRegressor(),"{'q': 11, 'model__min_samples_leaf': 60, 'model__max_leaf_nodes': 30, 'model__max_iter': 50, 'model__max_depth': 43, 'model__max_bins': 50, 'model__learning_rate': 0.05, 'model__l2_regularization': 9, 'model': HistGradientBoostingRegressor()}",-2875.83700421622,-2545.1068547987575,-2864.531492005796,-2761.8251170069248,153.31244248805746,922,-2256.67810032223,-2374.433929410101,-2352.8540563440683,-2327.9886953587998,51.188041922170065
383,0,2000,0.45182569821675617,0.03276912073658829,0.09927701950073242,0.0015944891631200634,14,75,20,130,18,225,0.05,1,HistGradientBoostingRegressor(),"{'q': 14, 'model__min_samples_leaf': 75, 'model__max_leaf_nodes': 20, 'model__max_iter': 130, 'model__max_depth': 18, 'model__max_bins': 225, 'model__learning_rate': 0.05, 'model__l2_regularization': 1, 'model': HistGradientBoostingRegressor()}",-2539.1258179217825,-2303.349043001058,-2558.4944854177893,-2466.9897821135432,115.9813345416784,824,-1904.7604984558996,-2036.6658112825205,-1968.0095206856051,-1969.811943474675,53.86519862214751
384,0,2000,0.7329753239949545,0.04130992004570551,0.10342319806416829,0.008569738452414655,6,65,60,350,38,155,0.05,5,HistGradientBoostingRegressor(),"{'q': 6, 'model__min_samples_leaf': 65, 'model__max_leaf_nodes': 60, 'model__max_iter': 350, 'model__max_depth': 38, 'model__max_bins': 155, 'model__learning_rate': 0.05, 'model__l2_regularization': 5, 'model': HistGradientBoostingRegressor()}",-2396.82312264959,-2273.4853458370817,-2478.5702493496933,-2382.959572612122,84.29750066253584,680,-1518.1151594810367,-1683.7670366916507,-1563.4958238785541,-1588.4593400170804,69.89286544108744
385,0,2000,0.46144882837931317,0.05989599671368425,0.0927577018737793,0.001455953387502277,5,30,65,110,23,50,0.01,5,HistGradientBoostingRegressor(),"{'q': 5, 'model__min_samples_leaf': 30, 'model__max_leaf_nodes': 65, 'model__max_iter': 110, 'model__max_depth': 23, 'model__max_bins': 50, 'model__learning_rate': 0.01, 'model__l2_regularization': 5, 'model': HistGradientBoostingRegressor()}",-3733.755023377202,-3516.9705180520523,-3721.7315707026137,-3657.485704043956,99.480413396504,960,-3234.313260291508,-3326.5579627492484,-3243.8861921011426,-3268.2524717139663,41.41302508073999
386,0,2000,0.5072868665059408,0.05106221931594585,0.10769931475321452,0.014040607652004843,11,95,55,290,38,120,0.1,9,HistGradientBoostingRegressor(),"{'q': 11, 'model__min_samples_leaf': 95, 'model__max_leaf_nodes': 55, 'model__max_iter': 290, 'model__max_depth': 38, 'model__max_bins': 120, 'model__learning_rate': 0.1, 'model__l2_regularization': 9, 'model': HistGradientBoostingRegressor()}",-2408.495186542566,-2393.9060807360593,-2473.0436762997547,-2425.1483145261263,34.386865337687624,767,-1622.8783115114784,-1762.088789219475,-1627.1999378559422,-1670.7223461956319,64.62991720396563
387,0,2000,0.6972070535024008,0.004537206123189978,0.1086720625559489,0.011572539483799327,6,85,65,390,13,85,0.2,3,HistGradientBoostingRegressor(),"{'q': 6, 'model__min_samples_leaf': 85, 'model__max_leaf_nodes': 65, 'model__max_iter': 390, 'model__max_depth': 13, 'model__max_bins': 85, 'model__learning_rate': 0.2, 'model__l2_regularization': 3, 'model': HistGradientBoostingRegressor()}",-2478.490261573852,-2480.8224262090444,-2543.4144531640013,-2500.909046982299,30.070937397815634,850,-1182.3663233924553,-1444.749339096284,-1241.7936846034945,-1289.6364490307446,112.3325696714594
388,0,2000,0.4513915379842122,0.07894482146081486,0.10138734181722005,0.013267851138329588,14,80,35,150,48,120,0.05,3,HistGradientBoostingRegressor(),"{'q': 14, 'model__min_samples_leaf': 80, 'model__max_leaf_nodes': 35, 'model__max_iter': 150, 'model__max_depth': 48, 'model__max_bins': 120, 'model__learning_rate': 0.05, 'model__l2_regularization': 3, 'model': HistGradientBoostingRegressor()}",-2540.632632124632,-2305.729740743853,-2571.3856688120295,-2472.5826805601714,118.64896392407611,831,-1910.8314222372546,-2032.1414700297871,-1955.4912200033814,-1966.1547040901412,50.09533806325735
389,0,2000,0.5340109666188558,0.014717492877704007,0.09042795499165852,0.001280182062304383,12,60,50,150,43,155,0.1,5,HistGradientBoostingRegressor(),"{'q': 12, 'model__min_samples_leaf': 60, 'model__max_leaf_nodes': 50, 'model__max_iter': 150, 'model__max_depth': 43, 'model__max_bins': 155, 'model__learning_rate': 0.1, 'model__l2_regularization': 5, 'model': HistGradientBoostingRegressor()}",-2421.1483363602997,-2270.390847565323,-2434.31955084236,-2375.286244922661,74.36689905595759,658,-1530.8275183011442,-1685.3324334328338,-1551.479357808003,-1589.2131031806603,68.48756020791441
390,0,2000,0.5534637769063314,0.005986271621419745,0.09622351328531902,0.005242130591307147,14,75,20,210,28,50,0.05,9,HistGradientBoostingRegressor(),"{'q': 14, 'model__min_samples_leaf': 75, 'model__max_leaf_nodes': 20, 'model__max_iter': 210, 'model__max_depth': 28, 'model__max_bins': 50, 'model__learning_rate': 0.05, 'model__l2_regularization': 9, 'model': HistGradientBoostingRegressor()}",-2490.7791945414438,-2288.438834929227,-2517.4323596098843,-2432.2167963601846,102.24700304319569,778,-1824.9161686702457,-1962.4532643801072,-1871.1839117258542,-1886.1844482587358,57.14236750597365
391,0,2000,0.4765617847442627,0.02760786901379734,0.09840861956278484,0.0030299156094889027,6,75,35,290,3,50,0.05,9,HistGradientBoostingRegressor(),"{'q': 6, 'model__min_samples_leaf': 75, 'model__max_leaf_nodes': 35, 'model__max_iter': 290, 'model__max_depth': 3, 'model__max_bins': 50, 'model__learning_rate': 0.05, 'model__l2_regularization': 9, 'model': HistGradientBoostingRegressor()}",-2616.6174826952124,-2327.6527137866146,-2513.3124566802735,-2485.8608843873667,119.5557081687984,841,-2027.4146306399314,-2108.8709767105893,-2034.4887616621622,-2056.9247896708944,36.84486027839933
392,0,2000,0.40201560656229657,0.06355878489431949,0.0956573486328125,0.0073733144209267515,8,85,60,110,33,120,0.2,1,HistGradientBoostingRegressor(),"{'q': 8, 'model__min_samples_leaf': 85, 'model__max_leaf_nodes': 60, 'model__max_iter': 110, 'model__max_depth': 33, 'model__max_bins': 120, 'model__learning_rate': 0.2, 'model__l2_regularization': 1, 'model': HistGradientBoostingRegressor()}",-2397.170878580897,-2362.8351850461736,-2544.359074090096,-2434.7883792390553,78.7360054876737,783,-1610.2776236293219,-1798.8131705887552,-1652.9703710145934,-1687.3537217442235,80.71792127473194
393,0,2000,0.4053906599680583,0.05608452271371534,0.1081244945526123,0.014960638581452817,5,15,65,170,3,120,0.01,7,HistGradientBoostingRegressor(),"{'q': 5, 'model__min_samples_leaf': 15, 'model__max_leaf_nodes': 65, 'model__max_iter': 170, 'model__max_depth': 3, 'model__max_bins': 120, 'model__learning_rate': 0.01, 'model__l2_regularization': 7, 'model': HistGradientBoostingRegressor()}",-3425.621737304469,-3135.263076039603,-3329.2197110016546,-3296.701508115242,120.7479832325788,949,-2890.6568335931256,-2924.8956743082267,-2906.2329048030615,-2907.2618042348045,13.996869385901913
394,0,2000,0.6273686091105143,0.018699925196064917,0.0963136355082194,0.00912568098922247,10,10,65,70,48,85,0.05,9,HistGradientBoostingRegressor(),"{'q': 10, 'model__min_samples_leaf': 10, 'model__max_leaf_nodes': 65, 'model__max_iter': 70, 'model__max_depth': 48, 'model__max_bins': 85, 'model__learning_rate': 0.05, 'model__l2_regularization': 9, 'model': HistGradientBoostingRegressor()}",-2470.721298112343,-2294.581706454262,-2451.5599927690314,-2405.620999111879,78.90535381515755,726,-1400.2186706545303,-1575.5660698008762,-1505.2380344596802,-1493.674258305029,72.05076120839226
395,0,2000,0.7005275885264078,0.08332151850787739,0.1052110989888509,0.006903738839055832,12,15,60,250,8,120,0.1,5,HistGradientBoostingRegressor(),"{'q': 12, 'model__min_samples_leaf': 15, 'model__max_leaf_nodes': 60, 'model__max_iter': 250, 'model__max_depth': 8, 'model__max_bins': 120, 'model__learning_rate': 0.1, 'model__l2_regularization': 5, 'model': HistGradientBoostingRegressor()}",-2352.699212904983,-2175.1916152757094,-2369.941031435249,-2299.2772865386473,88.02371057897999,555,-875.0287351249773,-1153.514577412713,-790.8713457406762,-939.8048860927888,154.97202042097396
396,0,2000,0.6919289429982504,0.05715299560664935,0.0998224417368571,0.0045587338146200725,3,70,65,390,8,155,0.2,1,HistGradientBoostingRegressor(),"{'q': 3, 'model__min_samples_leaf': 70, 'model__max_leaf_nodes': 65, 'model__max_iter': 390, 'model__max_depth': 8, 'model__max_bins': 155, 'model__learning_rate': 0.2, 'model__l2_regularization': 1, 'model': HistGradientBoostingRegressor()}",-2409.6109883751724,-2436.824962329276,-2558.196254908504,-2468.210735204317,64.5920294975476,828,-1052.9487684990272,-1230.10342344566,-1037.8279523311217,-1106.9600480919364,87.2940545532816
397,0,2000,0.6047033468882242,0.032580411546358296,0.09575780232747395,0.0074522284436000456,13,60,10,330,18,190,0.05,5,HistGradientBoostingRegressor(),"{'q': 13, 'model__min_samples_leaf': 60, 'model__max_leaf_nodes': 10, 'model__max_iter': 330, 'model__max_depth': 18, 'model__max_bins': 190, 'model__learning_rate': 0.05, 'model__l2_regularization': 5, 'model': HistGradientBoostingRegressor()}",-2437.9222114483655,-2265.424464510582,-2435.4225377951516,-2379.589737918033,80.7334888434025,670,-1646.605435934942,-1789.0735597126823,-1669.9523649414396,-1701.8771201963546,62.389550790454464
398,0,2000,0.5818781852722168,0.009077291029444356,0.10018332799275716,0.011144731448769693,11,85,25,250,28,155,0.1,3,HistGradientBoostingRegressor(),"{'q': 11, 'model__min_samples_leaf': 85, 'model__max_leaf_nodes': 25, 'model__max_iter': 250, 'model__max_depth': 28, 'model__max_bins': 155, 'model__learning_rate': 0.1, 'model__l2_regularization': 3, 'model': HistGradientBoostingRegressor()}",-2403.5355675640844,-2394.215605016159,-2527.2901085010394,-2441.6804270270945,60.6546431145297,791,-1564.602041662591,-1725.309390317288,-1605.891338582916,-1631.9342568542652,68.14390739198775
399,0,2000,0.9455014069875082,0.044748053194819594,0.1059585412343343,0.005726434353767502,3,10,35,210,38,190,0.1,3,HistGradientBoostingRegressor(),"{'q': 3, 'model__min_samples_leaf': 10, 'model__max_leaf_nodes': 35, 'model__max_iter': 210, 'model__max_depth': 38, 'model__max_bins': 190, 'model__learning_rate': 0.1, 'model__l2_regularization': 3, 'model': HistGradientBoostingRegressor()}",-2360.1526495357452,-2232.42299831825,-2307.474735909961,-2300.0167945879853,52.41139581304352,557,-609.5031955598243,-736.2155675120314,-585.6996241888887,-643.8061290869149,66.061994798002
400,0,2000,0.2730340162913005,0.021471577732417528,0.09218374888102214,0.0058142132286824535,4,75,25,50,28,155,0.2,1,HistGradientBoostingRegressor(),"{'q': 4, 'model__min_samples_leaf': 75, 'model__max_leaf_nodes': 25, 'model__max_iter': 50, 'model__max_depth': 28, 'model__max_bins': 155, 'model__learning_rate': 0.2, 'model__l2_regularization': 1, 'model': HistGradientBoostingRegressor()}",-2453.144953447217,-2282.453275268592,-2554.875314905662,-2430.157847873824,112.39735224339023,774,-1792.6146674744011,-1919.5100869583837,-1832.6387184559685,-1848.2544909629178,52.96855126547934
401,0,2000,0.7249600092569987,0.02316654821844128,0.09642545382181804,0.003880260005747718,14,70,55,370,33,50,0.1,3,HistGradientBoostingRegressor(),"{'q': 14, 'model__min_samples_leaf': 70, 'model__max_leaf_nodes': 55, 'model__max_iter': 370, 'model__max_depth': 33, 'model__max_bins': 50, 'model__learning_rate': 0.1, 'model__l2_regularization': 3, 'model': HistGradientBoostingRegressor()}",-2362.477271601687,-2359.633667600059,-2499.149688555349,-2407.0868759190316,65.10858941702315,731,-1396.6923242468133,-1585.7425454630093,-1427.6452185311293,-1470.0266960803174,82.79347303144291
402,0,2000,0.5727614561716715,0.06031050339803588,0.09016029040018718,0.004270864482429544,4,55,50,170,18,120,0.2,5,HistGradientBoostingRegressor(),"{'q': 4, 'model__min_samples_leaf': 55, 'model__max_leaf_nodes': 50, 'model__max_iter': 170, 'model__max_depth': 18, 'model__max_bins': 120, 'model__learning_rate': 0.2, 'model__l2_regularization': 5, 'model': HistGradientBoostingRegressor()}",-2391.7977005351695,-2287.3761250027524,-2453.0640449607577,-2377.41262349956,68.40233688012377,665,-1157.1541354552264,-1366.2266045148535,-1210.1470524094443,-1244.509264126508,88.7445604914781
403,0,2000,1.0185819466908772,0.053798174775719756,0.10843642552693684,0.015786366988188742,12,10,35,270,48,120,0.1,1,HistGradientBoostingRegressor(),"{'q': 12, 'model__min_samples_leaf': 10, 'model__max_leaf_nodes': 35, 'model__max_iter': 270, 'model__max_depth': 48, 'model__max_bins': 120, 'model__learning_rate': 0.1, 'model__l2_regularization': 1, 'model': HistGradientBoostingRegressor()}",-2363.4696266786,-2344.207935286101,-2298.572255686466,-2335.4166058837222,27.21375626306798,601,-488.79231035227247,-592.4053546295509,-435.5430118572721,-505.58022561303187,65.12973831312284
404,0,2000,0.4468514124552409,0.02556194804158714,0.09571083386739095,0.0018518887694519532,8,5,5,310,48,155,0.05,1,HistGradientBoostingRegressor(),"{'q': 8, 'model__min_samples_leaf': 5, 'model__max_leaf_nodes': 5, 'model__max_iter': 310, 'model__max_depth': 48, 'model__max_bins': 155, 'model__learning_rate': 0.05, 'model__l2_regularization': 1, 'model': HistGradientBoostingRegressor()}",-2440.3326933843687,-2188.252172866344,-2187.113497312735,-2271.8994545211494,119.1011925800069,528,-1633.7049950169485,-1799.5764922336136,-1761.9810081578298,-1731.7541651361307,71.00978771276709
405,0,2000,0.6377516587575277,0.02356768525551739,0.0960386594136556,0.0030940261404295444,4,90,55,330,18,225,0.05,3,HistGradientBoostingRegressor(),"{'q': 4, 'model__min_samples_leaf': 90, 'model__max_leaf_nodes': 55, 'model__max_iter': 330, 'model__max_depth': 18, 'model__max_bins': 225, 'model__learning_rate': 0.05, 'model__l2_regularization': 3, 'model': HistGradientBoostingRegressor()}",-2453.4529529771316,-2356.5595880457427,-2466.662492931399,-2425.5583446514242,49.0866193328924,768,-1776.9173465004792,-1838.2022478480283,-1759.0257233140528,-1791.3817725541867,33.903246895808124
406,0,2000,0.7232599258422852,0.0357100429157722,0.09570542971293132,0.003421989019156797,9,30,40,190,48,155,0.1,7,HistGradientBoostingRegressor(),"{'q': 9, 'model__min_samples_leaf': 30, 'model__max_leaf_nodes': 40, 'model__max_iter': 190, 'model__max_depth': 48, 'model__max_bins': 155, 'model__learning_rate': 0.1, 'model__l2_regularization': 7, 'model': HistGradientBoostingRegressor()}",-2261.1933926873235,-2125.9159203134113,-2352.676602541461,-2246.595305180732,93.14837579643276,497,-991.7067780244698,-1203.7765841435237,-1017.5708194182707,-1071.0180605287549,94.46641856090072
407,0,2000,0.613945722579956,0.03331423004055925,0.10451626777648926,0.01098591645373772,14,55,50,250,13,85,0.2,7,HistGradientBoostingRegressor(),"{'q': 14, 'model__min_samples_leaf': 55, 'model__max_leaf_nodes': 50, 'model__max_iter': 250, 'model__max_depth': 13, 'model__max_bins': 85, 'model__learning_rate': 0.2, 'model__l2_regularization': 7, 'model': HistGradientBoostingRegressor()}",-2427.8133202042463,-2286.5071365578733,-2458.9575574971477,-2391.092671419756,75.03817453313864,694,-999.1709937907316,-1224.7110902103789,-1076.2756853874141,-1100.052589796175,93.59875234458153
408,0,2000,0.7120335896809896,0.002614445380652352,0.0953384240468343,0.005975919777751371,11,25,65,270,8,155,0.05,7,HistGradientBoostingRegressor(),"{'q': 11, 'model__min_samples_leaf': 25, 'model__max_leaf_nodes': 65, 'model__max_iter': 270, 'model__max_depth': 8, 'model__max_bins': 155, 'model__learning_rate': 0.05, 'model__l2_regularization': 7, 'model': HistGradientBoostingRegressor()}",-2308.7088838843497,-2144.907291374393,-2355.2837849764173,-2269.633320078387,90.22099545056409,525,-1264.8150569447093,-1473.7412126008282,-1305.5734045024305,-1348.043224682656,90.42602445799447
409,0,2000,0.5891373157501221,0.037270539560423435,0.09322706858317058,0.0031879953617735537,3,45,50,150,23,120,0.2,3,HistGradientBoostingRegressor(),"{'q': 3, 'model__min_samples_leaf': 45, 'model__max_leaf_nodes': 50, 'model__max_iter': 150, 'model__max_depth': 23, 'model__max_bins': 120, 'model__learning_rate': 0.2, 'model__l2_regularization': 3, 'model': HistGradientBoostingRegressor()}",-2408.351310169123,-2214.201911365129,-2440.423442925291,-2354.3255548198476,99.94375757111646,625,-1063.3591831893852,-1233.8947761090496,-1084.1542246422553,-1127.1360613135632,75.96567569564836
410,0,2000,0.2924066384633382,0.025029939924588795,0.09326903025309245,0.002399056284045693,6,85,65,50,33,120,0.05,3,HistGradientBoostingRegressor(),"{'q': 6, 'model__min_samples_leaf': 85, 'model__max_leaf_nodes': 65, 'model__max_iter': 50, 'model__max_depth': 33, 'model__max_bins': 120, 'model__learning_rate': 0.05, 'model__l2_regularization': 3, 'model': HistGradientBoostingRegressor()}",-2908.9828890364142,-2624.5041175350925,-2908.7121237517686,-2814.066376774425,134.04080454448635,925,-2359.562402622898,-2485.5334462330047,-2438.9662323298007,-2428.020693728568,52.00659937936189
411,0,2000,0.7508873144785563,0.015107530721318048,0.1102446715037028,0.015589751963975324,3,60,65,350,43,50,0.01,7,HistGradientBoostingRegressor(),"{'q': 3, 'model__min_samples_leaf': 60, 'model__max_leaf_nodes': 65, 'model__max_iter': 350, 'model__max_depth': 43, 'model__max_bins': 50, 'model__learning_rate': 0.01, 'model__l2_regularization': 7, 'model': HistGradientBoostingRegressor()}",-2689.5836361544407,-2375.007540675678,-2659.808750161131,-2574.7999756637496,141.79656499794785,873,-2041.7066905175388,-2178.80110896471,-2130.3104850462573,-2116.939428176169,56.76154075727308
412,0,2000,0.3489543596903483,0.01137898951554387,0.1083206335703532,0.016899574134407958,14,85,45,130,38,85,0.2,1,HistGradientBoostingRegressor(),"{'q': 14, 'model__min_samples_leaf': 85, 'model__max_leaf_nodes': 45, 'model__max_iter': 130, 'model__max_depth': 38, 'model__max_bins': 85, 'model__learning_rate': 0.2, 'model__l2_regularization': 1, 'model': HistGradientBoostingRegressor()}",-2412.9646800344185,-2416.3415519269006,-2522.8389304100506,-2450.7150541237897,51.01791165111482,802,-1572.998966838208,-1738.3600853817923,-1612.1238841121963,-1641.160978777399,70.5617437966839
413,0,2000,0.4712127049763997,0.03642027161156924,0.10722804069519043,0.013117838652567715,11,75,45,170,8,225,0.2,1,HistGradientBoostingRegressor(),"{'q': 11, 'model__min_samples_leaf': 75, 'model__max_leaf_nodes': 45, 'model__max_iter': 170, 'model__max_depth': 8, 'model__max_bins': 225, 'model__learning_rate': 0.2, 'model__l2_regularization': 1, 'model': HistGradientBoostingRegressor()}",-2375.592646865247,-2301.9883271554177,-2502.3390600580783,-2393.3066780262475,82.74637643078594,705,-1380.1266924356678,-1558.1834493410772,-1419.2826813384813,-1452.5309410384089,76.39867908859586
414,0,2000,0.3158113956451416,0.007960415708042904,0.11979190508524577,0.004601796689070395,4,55,5,150,33,190,0.01,7,HistGradientBoostingRegressor(),"{'q': 4, 'model__min_samples_leaf': 55, 'model__max_leaf_nodes': 5, 'model__max_iter': 150, 'model__max_depth': 33, 'model__max_bins': 190, 'model__learning_rate': 0.01, 'model__l2_regularization': 7, 'model': HistGradientBoostingRegressor()}",-3763.9481676639693,-3474.256845999012,-3736.0488804643273,-3658.0846313757697,130.48392893112532,961,-3292.7048168575116,-3415.7348164109217,-3322.524357746472,-3343.6546636716353,52.402051924813385
415,0,2000,0.6613344351450602,0.02096014475453655,0.09201089541117351,0.00530768929913335,3,15,20,210,43,85,0.05,9,HistGradientBoostingRegressor(),"{'q': 3, 'model__min_samples_leaf': 15, 'model__max_leaf_nodes': 20, 'model__max_iter': 210, 'model__max_depth': 43, 'model__max_bins': 85, 'model__learning_rate': 0.05, 'model__l2_regularization': 9, 'model': HistGradientBoostingRegressor()}",-2368.0260697748436,-2177.4947418266743,-2322.519458045703,-2289.3467565490737,81.24394470097063,545,-1321.2070132703177,-1502.4976834657252,-1313.1912383080617,-1378.9653116813681,87.4118539675363
416,0,2000,0.3993844191233317,0.01589654738905718,0.11267550786336263,0.004479337776632864,6,95,35,150,48,85,0.05,5,HistGradientBoostingRegressor(),"{'q': 6, 'model__min_samples_leaf': 95, 'model__max_leaf_nodes': 35, 'model__max_iter': 150, 'model__max_depth': 48, 'model__max_bins': 85, 'model__learning_rate': 0.05, 'model__l2_regularization': 5, 'model': HistGradientBoostingRegressor()}",-2598.7970997937996,-2359.7546404570426,-2603.5527205794797,-2520.7014869434406,113.82316556161852,859,-2068.5300773444633,-2114.096193632449,-2042.0727072664756,-2074.899659414463,29.746420836656686
417,0,2000,0.47051509221394855,0.05629205034185349,0.10096486409505208,0.0034628371068157497,14,70,15,190,28,85,0.01,9,HistGradientBoostingRegressor(),"{'q': 14, 'model__min_samples_leaf': 70, 'model__max_leaf_nodes': 15, 'model__max_iter': 190, 'model__max_depth': 28, 'model__max_bins': 85, 'model__learning_rate': 0.01, 'model__l2_regularization': 9, 'model': HistGradientBoostingRegressor()}",-3180.6561122052562,-2898.4199441847036,-3163.7413523880878,-3080.939136259349,129.24516465901578,944,-2633.744793437506,-2740.4064152338024,-2695.7280013101954,-2689.959736660501,43.73503590834035
418,0,2000,0.2902516523996989,0.006732897285371755,0.11180933316548665,0.01702472275566461,10,70,15,70,8,155,0.05,5,HistGradientBoostingRegressor(),"{'q': 10, 'model__min_samples_leaf': 70, 'model__max_leaf_nodes': 15, 'model__max_iter': 70, 'model__max_depth': 8, 'model__max_bins': 155, 'model__learning_rate': 0.05, 'model__l2_regularization': 5, 'model': HistGradientBoostingRegressor()}",-2748.487441495464,-2406.9254838251227,-2713.0051307252484,-2622.8060186819453,153.33634618478268,889,-2112.547627342485,-2225.8925849638813,-2189.295944785904,-2175.91205236409,47.2307547177898
419,0,2000,0.7349780400594076,0.011341934003074783,0.0913239320119222,0.006252502305088493,6,5,60,90,28,50,0.01,7,HistGradientBoostingRegressor(),"{'q': 6, 'model__min_samples_leaf': 5, 'model__max_leaf_nodes': 60, 'model__max_iter': 90, 'model__max_depth': 28, 'model__max_bins': 50, 'model__learning_rate': 0.01, 'model__l2_regularization': 7, 'model': HistGradientBoostingRegressor()}",-4033.752781563279,-3933.3438522911842,-4073.772783368212,-4013.623139074225,59.07042718039766,966,-3489.071779394599,-3633.931642655557,-3502.208458883699,-3541.7372936446186,65.41147493196634
420,0,2000,0.5168477694193522,0.04466571319018445,0.09543093045552571,0.007815410472302768,10,80,10,250,43,50,0.05,7,HistGradientBoostingRegressor(),"{'q': 10, 'model__min_samples_leaf': 80, 'model__max_leaf_nodes': 10, 'model__max_iter': 250, 'model__max_depth': 43, 'model__max_bins': 50, 'model__learning_rate': 0.05, 'model__l2_regularization': 7, 'model': HistGradientBoostingRegressor()}",-2506.8888003764378,-2341.918553894642,-2512.3765802701864,-2453.7279781804223,79.09293879725179,806,-1861.2550595954965,-1976.2800291252538,-1906.7052010062575,-1914.7467632423359,47.30176843930144
421,0,2000,0.43155503273010254,0.01261001182431223,0.10336041450500488,0.012330314842454148,9,70,15,270,3,120,0.2,3,HistGradientBoostingRegressor(),"{'q': 9, 'model__min_samples_leaf': 70, 'model__max_leaf_nodes': 15, 'model__max_iter': 270, 'model__max_depth': 3, 'model__max_bins': 120, 'model__learning_rate': 0.2, 'model__l2_regularization': 3, 'model': HistGradientBoostingRegressor()}",-2491.0174403319147,-2411.376784215829,-2536.9253298570466,-2479.773184801597,51.868000989560244,837,-1743.1297123877005,-1846.2448734969114,-1686.6423106348261,-1758.6722988398126,66.07785061704367
422,0,2000,0.526217540105184,0.017592848394917145,0.14662814140319824,0.037384151393981706,13,75,20,150,33,225,0.1,1,HistGradientBoostingRegressor(),"{'q': 13, 'model__min_samples_leaf': 75, 'model__max_leaf_nodes': 20, 'model__max_iter': 150, 'model__max_depth': 33, 'model__max_bins': 225, 'model__learning_rate': 0.1, 'model__l2_regularization': 1, 'model': HistGradientBoostingRegressor()}",-2394.622744523244,-2244.8180002990744,-2491.2306910421653,-2376.890478621495,101.37596191182044,664,-1645.2014822785643,-1787.7172164367387,-1671.8127063411139,-1701.5771350188054,61.871504111574694
423,0,2000,0.6739740371704102,0.021080320068056674,0.11234887440999348,0.022721314973385563,11,60,60,290,48,190,0.05,1,HistGradientBoostingRegressor(),"{'q': 11, 'model__min_samples_leaf': 60, 'model__max_leaf_nodes': 60, 'model__max_iter': 290, 'model__max_depth': 48, 'model__max_bins': 190, 'model__learning_rate': 0.05, 'model__l2_regularization': 1, 'model': HistGradientBoostingRegressor()}",-2390.0609692028115,-2278.327450060687,-2412.9488359138063,-2360.4457517257683,58.81340670240088,636,-1536.2448208123694,-1697.223302915758,-1532.004342879262,-1588.490822202463,76.90496162938419
424,0,2000,0.3316614627838135,0.01163662359166215,0.11997254689534505,0.0265524767014486,14,25,50,210,3,50,0.2,7,HistGradientBoostingRegressor(),"{'q': 14, 'model__min_samples_leaf': 25, 'model__max_leaf_nodes': 50, 'model__max_iter': 210, 'model__max_depth': 3, 'model__max_bins': 50, 'model__learning_rate': 0.2, 'model__l2_regularization': 7, 'model': HistGradientBoostingRegressor()}",-2428.389344318988,-2237.4693567714244,-2404.068061609306,-2356.6422542332393,84.85091166371086,628,-1591.1942745831145,-1773.2766820934587,-1550.928827699306,-1638.4665947919596,96.73209147560259
425,0,2000,0.5118220647176107,0.039238613052563,0.11430470148722331,0.012907030042567508,11,90,60,250,38,190,0.2,3,HistGradientBoostingRegressor(),"{'q': 11, 'model__min_samples_leaf': 90, 'model__max_leaf_nodes': 60, 'model__max_iter': 250, 'model__max_depth': 38, 'model__max_bins': 190, 'model__learning_rate': 0.2, 'model__l2_regularization': 3, 'model': HistGradientBoostingRegressor()}",-2415.651932356498,-2421.462487412265,-2541.833103159541,-2459.6491743094343,58.16120848379696,813,-1363.9057342061526,-1571.9930573854626,-1402.4786241363427,-1446.1258052426526,90.38396181800516
426,0,2000,0.47306100527445477,0.04159197956180896,0.1089628537495931,0.004533494269259545,14,60,5,370,43,50,0.2,7,HistGradientBoostingRegressor(),"{'q': 14, 'model__min_samples_leaf': 60, 'model__max_leaf_nodes': 5, 'model__max_iter': 370, 'model__max_depth': 43, 'model__max_bins': 50, 'model__learning_rate': 0.2, 'model__l2_regularization': 7, 'model': HistGradientBoostingRegressor()}",-2570.9300473403173,-2382.5858106338105,-2409.9042855123694,-2454.473381162166,83.0991018419962,807,-1636.3983781541692,-1775.1257910097956,-1612.5254347279526,-1674.6832012973057,71.68921224317974
427,0,2000,0.45740199089050293,0.02149047497421838,0.10078930854797363,0.0021626988691868065,5,90,65,230,48,190,0.2,5,HistGradientBoostingRegressor(),"{'q': 5, 'model__min_samples_leaf': 90, 'model__max_leaf_nodes': 65, 'model__max_iter': 230, 'model__max_depth': 48, 'model__max_bins': 190, 'model__learning_rate': 0.2, 'model__l2_regularization': 5, 'model': HistGradientBoostingRegressor()}",-2382.0624025631205,-2421.0855945482836,-2533.2069070079697,-2445.4516347064578,64.06477576490887,799,-1402.8445686161438,-1598.2027920431606,-1442.7650741682637,-1481.2708116091892,84.27426545528665
428,0,2000,0.48600339889526367,0.020085873221785677,0.0944366455078125,0.0029081684993092776,9,50,15,210,8,85,0.2,5,HistGradientBoostingRegressor(),"{'q': 9, 'model__min_samples_leaf': 50, 'model__max_leaf_nodes': 15, 'model__max_iter': 210, 'model__max_depth': 8, 'model__max_bins': 85, 'model__learning_rate': 0.2, 'model__l2_regularization': 5, 'model': HistGradientBoostingRegressor()}",-2332.600245307737,-2299.8849141236688,-2426.526494612277,-2353.0038846812276,53.676524054908455,624,-1191.0279977148125,-1315.1704375818201,-1190.7921283191222,-1232.3301878719183,58.57698147220246
429,0,2000,0.665369987487793,0.02226559451145309,0.10651230812072754,0.009652226602449895,4,15,35,150,13,85,0.2,7,HistGradientBoostingRegressor(),"{'q': 4, 'model__min_samples_leaf': 15, 'model__max_leaf_nodes': 35, 'model__max_iter': 150, 'model__max_depth': 13, 'model__max_bins': 85, 'model__learning_rate': 0.2, 'model__l2_regularization': 7, 'model': HistGradientBoostingRegressor()}",-2375.252036513352,-2276.3613501031614,-2418.474607001125,-2356.695997872546,59.48271106837665,629,-609.1273788901968,-811.2459623889384,-597.7733519486019,-672.7155644092458,98.0653926563177
430,0,2000,0.3729846477508545,0.03248477548805018,0.11891921361287434,0.02828003321375404,8,60,15,110,38,155,0.01,1,HistGradientBoostingRegressor(),"{'q': 8, 'model__min_samples_leaf': 60, 'model__max_leaf_nodes': 15, 'model__max_iter': 110, 'model__max_depth': 38, 'model__max_bins': 155, 'model__learning_rate': 0.01, 'model__l2_regularization': 1, 'model': HistGradientBoostingRegressor()}",-3760.2715611072936,-3553.9455018111094,-3784.9595488273985,-3699.7255372486,103.57360742819296,962,-3300.649891549027,-3400.4767007898017,-3324.623753845784,-3341.916782061538,42.549066417111476
431,0,2000,0.2499659856160482,0.010984643596074367,0.1071479320526123,0.015493253008904265,8,55,5,50,23,225,0.01,7,HistGradientBoostingRegressor(),"{'q': 8, 'model__min_samples_leaf': 55, 'model__max_leaf_nodes': 5, 'model__max_iter': 50, 'model__max_depth': 23, 'model__max_bins': 225, 'model__learning_rate': 0.01, 'model__l2_regularization': 7, 'model': HistGradientBoostingRegressor()}",-5340.397027425788,-5223.7056336322585,-5411.742010722676,-5325.281557260241,77.5060335546707,986,-5094.877659129117,-5223.186071841185,-5024.391805367467,-5114.151845445923,82.2938263757258
432,0,2000,0.7424492835998535,0.06957790944368301,0.10417906443277995,0.01161052764697147,8,30,20,250,28,190,0.2,7,HistGradientBoostingRegressor(),"{'q': 8, 'model__min_samples_leaf': 30, 'model__max_leaf_nodes': 20, 'model__max_iter': 250, 'model__max_depth': 28, 'model__max_bins': 190, 'model__learning_rate': 0.2, 'model__l2_regularization': 7, 'model': HistGradientBoostingRegressor()}",-2300.9227239137836,-2287.161692028866,-2430.7591891700827,-2339.6145350375773,64.693392152702,607,-775.7220630922712,-950.901137030889,-748.2115351198395,-824.9449117476665,89.76983644494736
433,0,2000,8.294955730438232,5.178073931346785,0.10486626625061035,0.004385486176540948,12,40,50,390,13,190,0.05,3,HistGradientBoostingRegressor(),"{'q': 12, 'model__min_samples_leaf': 40, 'model__max_leaf_nodes': 50, 'model__max_iter': 390, 'model__max_depth': 13, 'model__max_bins': 190, 'model__learning_rate': 0.05, 'model__l2_regularization': 3, 'model': HistGradientBoostingRegressor()}",-2334.6369443984267,-2139.4104358399168,-2332.210019890162,-2268.752466709502,91.46399365412867,522,-1142.086293343593,-1332.7947858154612,-1181.4759819902579,-1218.7856870497706,82.20479646972765
434,0,2000,4.207115411758423,5.083108649277896,0.09305421511332194,0.004743740881757876,12,80,30,230,33,155,0.05,7,HistGradientBoostingRegressor(),"{'q': 12, 'model__min_samples_leaf': 80, 'model__max_leaf_nodes': 30, 'model__max_iter': 230, 'model__max_depth': 33, 'model__max_bins': 155, 'model__learning_rate': 0.05, 'model__l2_regularization': 7, 'model': HistGradientBoostingRegressor()}",-2467.534115983549,-2268.154979579004,-2524.3779789985742,-2420.0223581870428,109.86531665202847,758,-1786.648723160996,-1910.8090621813146,-1824.033403711295,-1840.4970630178686,52.007925708378366
435,0,2000,0.3742508888244629,0.02110512210697605,0.10915915171305339,0.0013182611095242651,7,15,10,70,48,85,0.2,1,HistGradientBoostingRegressor(),"{'q': 7, 'model__min_samples_leaf': 15, 'model__max_leaf_nodes': 10, 'model__max_iter': 70, 'model__max_depth': 48, 'model__max_bins': 85, 'model__learning_rate': 0.2, 'model__l2_regularization': 1, 'model': HistGradientBoostingRegressor()}",-2482.665761466009,-2255.4271586678065,-2284.378537630371,-2340.8238192547287,100.99141222123662,609,-1469.9808432319078,-1672.4231700778537,-1484.343893005446,-1542.2493021050693,92.23340402459488
436,0,2000,0.4204413890838623,0.06257693346656344,0.11451411247253418,0.006205145957983163,5,40,10,250,3,85,0.2,1,HistGradientBoostingRegressor(),"{'q': 5, 'model__min_samples_leaf': 40, 'model__max_leaf_nodes': 10, 'model__max_iter': 250, 'model__max_depth': 3, 'model__max_bins': 85, 'model__learning_rate': 0.2, 'model__l2_regularization': 1, 'model': HistGradientBoostingRegressor()}",-2489.6757983523307,-2308.4687067081336,-2379.5398195574508,-2392.561441539305,74.54830422759841,701,-1624.8233197186435,-1731.5850254760833,-1539.585327924216,-1631.9978910396476,78.54755171330828
437,0,2000,0.5860575040181478,0.04256436986155283,0.11091820398966472,0.01375540788797377,12,60,60,190,23,225,0.05,1,HistGradientBoostingRegressor(),"{'q': 12, 'model__min_samples_leaf': 60, 'model__max_leaf_nodes': 60, 'model__max_iter': 190, 'model__max_depth': 23, 'model__max_bins': 225, 'model__learning_rate': 0.05, 'model__l2_regularization': 1, 'model': HistGradientBoostingRegressor()}",-2464.426942367857,-2267.8077451745885,-2448.3993850280854,-2393.5446908568433,89.14989355273772,706,-1672.0771751525506,-1805.4280416306397,-1679.0138926641857,-1718.8397031491252,61.29265743518837
438,0,2000,0.3339279492696126,0.0194788587295058,0.10785269737243652,0.004517361109658002,13,85,10,110,23,85,0.01,5,HistGradientBoostingRegressor(),"{'q': 13, 'model__min_samples_leaf': 85, 'model__max_leaf_nodes': 10, 'model__max_iter': 110, 'model__max_depth': 23, 'model__max_bins': 85, 'model__learning_rate': 0.01, 'model__l2_regularization': 5, 'model': HistGradientBoostingRegressor()}",-3912.3330804267393,-3672.2657975194124,-3967.4318196231006,-3850.67689918975,128.14538270957462,964,-3473.895274878645,-3592.461412761004,-3523.7302683007583,-3530.028985313469,48.608899322992905
439,0,2000,0.6881162325541178,0.01716112918586527,0.09270636240641277,0.005767017048475926,9,50,10,350,38,190,0.01,9,HistGradientBoostingRegressor(),"{'q': 9, 'model__min_samples_leaf': 50, 'model__max_leaf_nodes': 10, 'model__max_iter': 350, 'model__max_depth': 38, 'model__max_bins': 190, 'model__learning_rate': 0.01, 'model__l2_regularization': 9, 'model': HistGradientBoostingRegressor()}",-2728.7493266522747,-2354.5512014694277,-2670.613692360713,-2584.6380734941386,164.41799273438667,875,-2048.4853956784345,-2233.053456413183,-2166.9228543075633,-2149.4872354663935,76.35156782554138
440,0,2000,1.0955913066864014,0.0831997339718854,0.1014726956685384,0.0064808678537959215,12,5,65,290,8,85,0.1,9,HistGradientBoostingRegressor(),"{'q': 12, 'model__min_samples_leaf': 5, 'model__max_leaf_nodes': 65, 'model__max_iter': 290, 'model__max_depth': 8, 'model__max_bins': 85, 'model__learning_rate': 0.1, 'model__l2_regularization': 9, 'model': HistGradientBoostingRegressor()}",-2346.8670351942324,-2156.2839718675123,-2332.5282774105203,-2278.5597614907547,86.65997361214163,535,-648.3270622309944,-839.5706147077548,-559.4930477589498,-682.463574899233,116.86127673400398
441,0,2000,0.441206693649292,0.004378796238237823,0.09496267636617024,0.006461689083568512,11,85,10,210,48,120,0.01,5,HistGradientBoostingRegressor(),"{'q': 11, 'model__min_samples_leaf': 85, 'model__max_leaf_nodes': 10, 'model__max_iter': 210, 'model__max_depth': 48, 'model__max_bins': 120, 'model__learning_rate': 0.01, 'model__l2_regularization': 5, 'model': HistGradientBoostingRegressor()}",-3083.301820880858,-2780.530334412832,-3115.7978611538565,-2993.2100054825155,150.97125559321478,938,-2559.457779352105,-2660.8706207720365,-2633.404390507603,-2617.9109302105812,42.82660065269084
442,0,2000,0.5227756500244141,0.05789833419822188,0.10916399955749512,0.008608886885062346,4,50,20,150,13,155,0.2,1,HistGradientBoostingRegressor(),"{'q': 4, 'model__min_samples_leaf': 50, 'model__max_leaf_nodes': 20, 'model__max_iter': 150, 'model__max_depth': 13, 'model__max_bins': 155, 'model__learning_rate': 0.2, 'model__l2_regularization': 1, 'model': HistGradientBoostingRegressor()}",-2374.8481879610185,-2165.2594459691663,-2477.7921303749144,-2339.2999214350334,130.04340081992527,606,-1094.9441269515526,-1280.7433540446273,-1153.619323944748,-1176.435601646976,77.54901715790203
443,0,2000,0.43202972412109375,0.06719251671476893,0.09893234570821126,0.007026591698980227,11,40,25,230,3,50,0.1,3,HistGradientBoostingRegressor(),"{'q': 11, 'model__min_samples_leaf': 40, 'model__max_leaf_nodes': 25, 'model__max_iter': 230, 'model__max_depth': 3, 'model__max_bins': 50, 'model__learning_rate': 0.1, 'model__l2_regularization': 3, 'model': HistGradientBoostingRegressor()}",-2510.7570746037345,-2274.394800806627,-2396.3312206823975,-2393.8276986975866,96.5107311317626,707,-1802.7555010867552,-1931.9556503147726,-1758.7728610142096,-1831.1613374719125,73.49937996580215
444,0,2000,0.8573042551676432,0.09356082417393768,0.10022981961568196,0.005002140828225232,10,30,60,230,48,85,0.2,9,HistGradientBoostingRegressor(),"{'q': 10, 'model__min_samples_leaf': 30, 'model__max_leaf_nodes': 60, 'model__max_iter': 230, 'model__max_depth': 48, 'model__max_bins': 85, 'model__learning_rate': 0.2, 'model__l2_regularization': 9, 'model': HistGradientBoostingRegressor()}",-2394.4186827705917,-2319.762167092031,-2442.5532035463557,-2385.578017802993,50.51750637936522,682,-642.3058028940674,-836.8059638683935,-620.7845156780343,-699.9654274801651,97.15894451918226
445,0,2000,0.30730636914571124,0.03840399747897589,0.12295190493265788,0.009547357033852783,9,55,20,150,3,50,0.05,9,HistGradientBoostingRegressor(),"{'q': 9, 'model__min_samples_leaf': 55, 'model__max_leaf_nodes': 20, 'model__max_iter': 150, 'model__max_depth': 3, 'model__max_bins': 50, 'model__learning_rate': 0.05, 'model__l2_regularization': 9, 'model': HistGradientBoostingRegressor()}",-2706.7525627101995,-2336.253167337577,-2547.558049717796,-2530.187926588524,151.75361912436503,860,-2091.2571887560043,-2223.406487273818,-2100.0531918375304,-2138.2389559557846,60.329504725624695
446,0,2000,0.5238424936930338,0.026643177423666193,0.0969239870707194,0.0036264625577868033,14,60,10,230,28,225,0.1,5,HistGradientBoostingRegressor(),"{'q': 14, 'model__min_samples_leaf': 60, 'model__max_leaf_nodes': 10, 'model__max_iter': 230, 'model__max_depth': 28, 'model__max_bins': 225, 'model__learning_rate': 0.1, 'model__l2_regularization': 5, 'model': HistGradientBoostingRegressor()}",-2430.8656606027303,-2263.077666507404,-2435.599766590063,-2376.5143645667326,80.23513897633323,662,-1547.1191428752095,-1689.2244392628802,-1549.8437341363099,-1595.3957720914666,66.35621014272368
447,0,2000,1.008344252904256,0.04105966546626903,0.0972444216410319,0.003704757909592825,7,30,45,330,28,120,0.1,3,HistGradientBoostingRegressor(),"{'q': 7, 'model__min_samples_leaf': 30, 'model__max_leaf_nodes': 45, 'model__max_iter': 330, 'model__max_depth': 28, 'model__max_bins': 120, 'model__learning_rate': 0.1, 'model__l2_regularization': 3, 'model': HistGradientBoostingRegressor()}",-2306.1667144984644,-2210.280074500764,-2358.1474032340752,-2291.5313974111014,61.247210039135865,547,-731.1560266694927,-913.2586851240956,-741.30475166422,-795.2398211526028,83.55472595688786
448,0,2000,0.8273770809173584,0.08756583197845753,0.10831332206726074,0.01723043157622595,3,15,65,150,18,120,0.1,5,HistGradientBoostingRegressor(),"{'q': 3, 'model__min_samples_leaf': 15, 'model__max_leaf_nodes': 65, 'model__max_iter': 150, 'model__max_depth': 18, 'model__max_bins': 120, 'model__learning_rate': 0.1, 'model__l2_regularization': 5, 'model': HistGradientBoostingRegressor()}",-2334.260386618268,-2161.6964672991094,-2362.4962756134346,-2286.1510431769375,88.75442693009505,544,-696.7720197210746,-886.0527826819093,-703.3021051767787,-762.0423025265876,87.72916616982745
449,0,2000,0.36057114601135254,0.02159882284833226,0.1071947415669759,0.02198364325979145,6,75,15,250,3,120,0.2,7,HistGradientBoostingRegressor(),"{'q': 6, 'model__min_samples_leaf': 75, 'model__max_leaf_nodes': 15, 'model__max_iter': 250, 'model__max_depth': 3, 'model__max_bins': 120, 'model__learning_rate': 0.2, 'model__l2_regularization': 7, 'model': HistGradientBoostingRegressor()}",-2481.058405360492,-2404.499326603145,-2488.1921529787664,-2457.916628314135,37.883845988604534,811,-1804.9048762624616,-1877.2700630438399,-1733.9417005553348,-1805.372213287212,58.514492087175014
450,0,2000,0.25907405217488605,0.01075489442556439,0.11914706230163574,0.003255584044042834,11,90,35,50,43,225,0.01,3,HistGradientBoostingRegressor(),"{'q': 11, 'model__min_samples_leaf': 90, 'model__max_leaf_nodes': 35, 'model__max_iter': 50, 'model__max_depth': 43, 'model__max_bins': 225, 'model__learning_rate': 0.01, 'model__l2_regularization': 3, 'model': HistGradientBoostingRegressor()}",-5156.749451626017,-4949.571877511185,-5189.844778611374,-5098.722035916192,106.32701908497776,983,-4831.170363047201,-4938.565603304251,-4770.344162556371,-4846.693376302607,69.54775930835258
451,0,2000,0.9899963537851969,0.03857584400546047,0.10485339164733887,0.004979044858443217,6,40,35,370,13,225,0.2,9,HistGradientBoostingRegressor(),"{'q': 6, 'model__min_samples_leaf': 40, 'model__max_leaf_nodes': 35, 'model__max_iter': 370, 'model__max_depth': 13, 'model__max_bins': 225, 'model__learning_rate': 0.2, 'model__l2_regularization': 9, 'model': HistGradientBoostingRegressor()}",-2387.6831622627346,-2326.141768688158,-2464.925491432518,-2392.916807461137,56.77894977450061,702,-578.7835979067008,-725.8626703110107,-603.0287019664698,-635.8916567280604,64.38448949643497
452,0,2000,0.24460625648498535,0.010937443161526625,0.09647536277770996,0.01364679697937522,10,10,5,90,28,190,0.01,7,HistGradientBoostingRegressor(),"{'q': 10, 'model__min_samples_leaf': 10, 'model__max_leaf_nodes': 5, 'model__max_iter': 90, 'model__max_depth': 28, 'model__max_bins': 190, 'model__learning_rate': 0.01, 'model__l2_regularization': 7, 'model': HistGradientBoostingRegressor()}",-4498.145343974188,-4384.628168310665,-4589.643034379685,-4490.805515554846,83.85773126052446,976,-4168.5289913349425,-4318.821020067387,-4161.6071847845005,-4216.319065395611,72.53489222496836
453,0,2000,0.647697925567627,0.027457376425006782,0.10131390889485677,0.002157149768752374,5,65,40,270,48,155,0.2,5,HistGradientBoostingRegressor(),"{'q': 5, 'model__min_samples_leaf': 65, 'model__max_leaf_nodes': 40, 'model__max_iter': 270, 'model__max_depth': 48, 'model__max_bins': 155, 'model__learning_rate': 0.2, 'model__l2_regularization': 5, 'model': HistGradientBoostingRegressor()}",-2405.9087317618005,-2350.6869022631936,-2564.1428781647405,-2440.2461707299117,90.46236122714983,788,-1080.8157030602968,-1306.7621878779016,-1133.310427225398,-1173.6294393878654,96.54764128545017
454,0,2000,0.8048961162567139,0.06989399376625645,0.11112364133199056,0.012850034755028925,14,55,20,330,28,225,0.2,1,HistGradientBoostingRegressor(),"{'q': 14, 'model__min_samples_leaf': 55, 'model__max_leaf_nodes': 20, 'model__max_iter': 330, 'model__max_depth': 28, 'model__max_bins': 225, 'model__learning_rate': 0.2, 'model__l2_regularization': 1, 'model': HistGradientBoostingRegressor()}",-2439.5417312439986,-2299.2354306710986,-2481.096182251708,-2406.6244480556015,77.8074284831676,730,-810.6273122416987,-987.0401037090459,-854.6653662484953,-884.1109273997466,74.96954515872646
455,0,2000,0.27680595715840656,0.0136485379199885,0.09383209546407063,0.005834225967595579,3,40,65,110,3,155,0.1,3,HistGradientBoostingRegressor(),"{'q': 3, 'model__min_samples_leaf': 40, 'model__max_leaf_nodes': 65, 'model__max_iter': 110, 'model__max_depth': 3, 'model__max_bins': 155, 'model__learning_rate': 0.1, 'model__l2_regularization': 3, 'model': HistGradientBoostingRegressor()}",-2527.5637791453387,-2274.4947422218693,-2375.3513136320744,-2392.4699449997606,104.0216965101356,700,-1888.1650143373724,-1989.0254777644814,-1883.70766429061,-1920.2993854641547,48.63074346209827
456,0,2000,0.6358799934387207,0.003687648091656768,0.09464637438456218,0.00691123412036904,6,25,15,230,23,155,0.01,9,HistGradientBoostingRegressor(),"{'q': 6, 'model__min_samples_leaf': 25, 'model__max_leaf_nodes': 15, 'model__max_iter': 230, 'model__max_depth': 23, 'model__max_bins': 155, 'model__learning_rate': 0.01, 'model__l2_regularization': 9, 'model': HistGradientBoostingRegressor()}",-2858.697071894667,-2605.5995066883715,-2818.0797820359444,-2760.7921202063276,110.9834868400614,921,-2166.893891841982,-2303.6578469800547,-2274.2847203989604,-2248.2788197403324,58.783926420136325
457,0,2000,0.585193951924642,0.05630749890152136,0.09381262461344402,0.003110831102849465,7,45,50,210,8,50,0.2,3,HistGradientBoostingRegressor(),"{'q': 7, 'model__min_samples_leaf': 45, 'model__max_leaf_nodes': 50, 'model__max_iter': 210, 'model__max_depth': 8, 'model__max_bins': 50, 'model__learning_rate': 0.2, 'model__l2_regularization': 3, 'model': HistGradientBoostingRegressor()}",-2424.23360577834,-2269.844496802711,-2464.3080740825385,-2386.12872555453,83.83717212458143,684,-1114.5185236016573,-1273.330941389987,-1107.0126051976033,-1164.954023396416,76.69529306770181
458,0,2000,0.38429760932922363,0.03572517901352991,0.09229040145874023,0.010206802390366606,10,85,50,90,48,155,0.05,7,HistGradientBoostingRegressor(),"{'q': 10, 'model__min_samples_leaf': 85, 'model__max_leaf_nodes': 50, 'model__max_iter': 90, 'model__max_depth': 48, 'model__max_bins': 155, 'model__learning_rate': 0.05, 'model__l2_regularization': 7, 'model': HistGradientBoostingRegressor()}",-2692.73012807988,-2407.4260473536538,-2703.950878047734,-2601.3690178270895,137.21487566223811,883,-2105.0510418121607,-2210.143727136335,-2163.7275466452297,-2159.640771864575,43.001119545443885
459,0,2000,0.38014761606852215,0.01879847049406552,0.11584806442260742,0.00620566897470058,10,60,10,110,43,225,0.2,1,HistGradientBoostingRegressor(),"{'q': 10, 'model__min_samples_leaf': 60, 'model__max_leaf_nodes': 10, 'model__max_iter': 110, 'model__max_depth': 43, 'model__max_bins': 225, 'model__learning_rate': 0.2, 'model__l2_regularization': 1, 'model': HistGradientBoostingRegressor()}",-2440.095540269062,-2312.903646507823,-2468.293648544498,-2407.097611773794,67.59270496620951,732,-1557.8162704119802,-1716.8449009011456,-1593.9467713355068,-1622.869314216211,68.06815919272633
460,0,2000,0.33113551139831543,0.023616828811014158,0.11789520581563313,0.007206922373161599,4,75,60,90,33,155,0.05,1,HistGradientBoostingRegressor(),"{'q': 4, 'model__min_samples_leaf': 75, 'model__max_leaf_nodes': 60, 'model__max_iter': 90, 'model__max_depth': 33, 'model__max_bins': 155, 'model__learning_rate': 0.05, 'model__l2_regularization': 1, 'model': HistGradientBoostingRegressor()}",-2642.1872577614677,-2348.3498863257587,-2631.8939719483715,-2540.8103720118656,136.15497749771947,866,-2011.19209924082,-2155.0028704155225,-2097.067489146497,-2087.75415293428,59.078694129198034
461,0,2000,0.7212697664896647,0.02730475928711609,0.1001733938852946,0.006505574898290611,3,55,30,290,23,50,0.05,1,HistGradientBoostingRegressor(),"{'q': 3, 'model__min_samples_leaf': 55, 'model__max_leaf_nodes': 30, 'model__max_iter': 290, 'model__max_depth': 23, 'model__max_bins': 50, 'model__learning_rate': 0.05, 'model__l2_regularization': 1, 'model': HistGradientBoostingRegressor()}",-2414.554504572279,-2188.5518018980356,-2405.9744642058686,-2336.360256892061,104.5750409959691,604,-1508.8147959443286,-1697.8017214249423,-1552.6134022883864,-1586.409973219219,80.76992284947771
462,0,2000,0.5399612585703532,0.03247717765511707,0.10613671938578288,0.005854487697329,12,95,60,330,8,190,0.1,9,HistGradientBoostingRegressor(),"{'q': 12, 'model__min_samples_leaf': 95, 'model__max_leaf_nodes': 60, 'model__max_iter': 330, 'model__max_depth': 8, 'model__max_bins': 190, 'model__learning_rate': 0.1, 'model__l2_regularization': 9, 'model': HistGradientBoostingRegressor()}",-2396.920738274129,-2404.7153553697594,-2486.409835399269,-2429.3486430143857,40.47364386202763,772,-1595.3839774910616,-1712.6153045630233,-1571.9239824247493,-1626.6410881596112,61.54276159313064
463,0,2000,0.9017641544342041,0.04723881224488351,0.10108653704325359,0.007748521076477889,11,20,45,210,18,155,0.2,5,HistGradientBoostingRegressor(),"{'q': 11, 'model__min_samples_leaf': 20, 'model__max_leaf_nodes': 45, 'model__max_iter': 210, 'model__max_depth': 18, 'model__max_bins': 155, 'model__learning_rate': 0.2, 'model__l2_regularization': 5, 'model': HistGradientBoostingRegressor()}",-2362.974165260077,-2265.4328056535564,-2451.8314155442204,-2360.079462152618,76.12443725836108,633,-411.87602604014006,-567.3460814615019,-402.2832918705445,-460.50179979072874,75.6517483011012
464,0,2000,0.6002804438273112,0.03475104289884062,0.11462767918904622,0.010735894497462532,8,75,15,330,18,120,0.2,5,HistGradientBoostingRegressor(),"{'q': 8, 'model__min_samples_leaf': 75, 'model__max_leaf_nodes': 15, 'model__max_iter': 330, 'model__max_depth': 18, 'model__max_bins': 120, 'model__learning_rate': 0.2, 'model__l2_regularization': 5, 'model': HistGradientBoostingRegressor()}",-2400.3919779606085,-2390.5133772517033,-2533.233823162398,-2441.3797261249033,65.07574071762646,790,-1149.8116850231784,-1392.0136841760232,-1176.6032698302763,-1239.4762130098259,108.41342886208889
465,0,2000,0.2578519980112712,0.015085421894492286,0.1007683277130127,0.006863608385562888,13,65,5,90,43,120,0.1,7,HistGradientBoostingRegressor(),"{'q': 13, 'model__min_samples_leaf': 65, 'model__max_leaf_nodes': 5, 'model__max_iter': 90, 'model__max_depth': 43, 'model__max_bins': 120, 'model__learning_rate': 0.1, 'model__l2_regularization': 7, 'model': HistGradientBoostingRegressor()}",-2627.9832167341388,-2329.898636678087,-2519.160622357084,-2492.347491923103,123.16063275129882,846,-2014.996393672111,-2154.000465425034,-2096.565772015076,-2088.520877037407,57.03258274807608
466,0,2000,0.5229903062184652,0.008130353450928772,0.09119693438212077,0.0048839534282965735,14,45,50,110,23,225,0.05,9,HistGradientBoostingRegressor(),"{'q': 14, 'model__min_samples_leaf': 45, 'model__max_leaf_nodes': 50, 'model__max_iter': 110, 'model__max_depth': 23, 'model__max_bins': 225, 'model__learning_rate': 0.05, 'model__l2_regularization': 9, 'model': HistGradientBoostingRegressor()}",-2517.9453824649513,-2200.625486610652,-2425.4692978978605,-2381.346722324488,133.24934104319073,674,-1715.5170922788661,-1878.2588844085146,-1754.7843278321443,-1782.8534348398416,69.34036247645669
467,0,2000,0.4430816173553467,0.05748061072612524,0.10033432642618816,0.003950366794253723,14,15,5,310,43,155,0.01,5,HistGradientBoostingRegressor(),"{'q': 14, 'model__min_samples_leaf': 15, 'model__max_leaf_nodes': 5, 'model__max_iter': 310, 'model__max_depth': 43, 'model__max_bins': 155, 'model__learning_rate': 0.01, 'model__l2_regularization': 5, 'model': HistGradientBoostingRegressor()}",-2912.1500603374407,-2660.7475096954845,-2801.2476083707606,-2791.3817261345616,102.87148079535694,924,-2311.3657621597144,-2485.292410921163,-2406.8700351389566,-2401.176069406611,71.11931627749675
468,0,2000,0.4818679491678874,0.0746387184672201,0.10656539599100749,0.017578951352941907,7,45,15,170,8,155,0.2,1,HistGradientBoostingRegressor(),"{'q': 7, 'model__min_samples_leaf': 45, 'model__max_leaf_nodes': 15, 'model__max_iter': 170, 'model__max_depth': 8, 'model__max_bins': 155, 'model__learning_rate': 0.2, 'model__l2_regularization': 1, 'model': HistGradientBoostingRegressor()}",-2405.177693412522,-2303.9447565061114,-2433.8240533152457,-2380.9821677446266,55.714902444906336,671,-1181.740939295962,-1351.3917489125508,-1202.9134287417555,-1245.3487056500896,75.48030138434021
469,0,2000,0.9048864046732584,0.052179235325793966,0.10364603996276855,0.006093125042227059,3,10,20,370,38,120,0.01,5,HistGradientBoostingRegressor(),"{'q': 3, 'model__min_samples_leaf': 10, 'model__max_leaf_nodes': 20, 'model__max_iter': 370, 'model__max_depth': 38, 'model__max_bins': 120, 'model__learning_rate': 0.01, 'model__l2_regularization': 5, 'model': HistGradientBoostingRegressor()}",-2571.3487768291197,-2296.382008672881,-2390.971266245524,-2419.5673505825084,114.06133708704749,753,-1645.099920591804,-1790.453674520637,-1741.3695682226835,-1725.6410544450416,60.37365901639022
470,0,2000,0.4206140836079915,0.053209399415624616,0.09150632222493489,0.004833629164978862,12,60,55,90,23,225,0.2,3,HistGradientBoostingRegressor(),"{'q': 12, 'model__min_samples_leaf': 60, 'model__max_leaf_nodes': 55, 'model__max_iter': 90, 'model__max_depth': 23, 'model__max_bins': 225, 'model__learning_rate': 0.2, 'model__l2_regularization': 3, 'model': HistGradientBoostingRegressor()}",-2423.031642767642,-2290.0862060468676,-2422.866663190847,-2378.6615040017855,62.632230043948105,668,-1451.1478184295354,-1621.8279247945593,-1466.0368282544473,-1513.0041904928476,77.18969928653598
471,0,2000,0.5311042467753092,0.026619937582289945,0.09931310017903645,0.011827791681034127,3,5,25,110,48,50,0.1,9,HistGradientBoostingRegressor(),"{'q': 3, 'model__min_samples_leaf': 5, 'model__max_leaf_nodes': 25, 'model__max_iter': 110, 'model__max_depth': 48, 'model__max_bins': 50, 'model__learning_rate': 0.1, 'model__l2_regularization': 9, 'model': HistGradientBoostingRegressor()}",-2358.696293899012,-2095.1216016565336,-2318.115709316377,-2257.311201623974,115.87578324644566,505,-1174.8239254858509,-1276.137973755077,-1180.7818401911848,-1210.5812464773708,46.419374945035315
472,0,2000,0.5831499894460043,0.020306820571993064,0.1010893980662028,0.012393645919845757,5,40,50,150,43,50,0.05,7,HistGradientBoostingRegressor(),"{'q': 5, 'model__min_samples_leaf': 40, 'model__max_leaf_nodes': 50, 'model__max_iter': 150, 'model__max_depth': 43, 'model__max_bins': 50, 'model__learning_rate': 0.05, 'model__l2_regularization': 7, 'model': HistGradientBoostingRegressor()}",-2411.2531891205103,-2154.623287355557,-2363.2953347737757,-2309.723937083281,111.40660545304986,567,-1568.6702688019489,-1744.4245427224403,-1632.9237370840224,-1648.6728495361374,72.61045428679353
473,0,2000,0.6210952599843343,0.01713616407207433,0.10392236709594727,0.004974414443768984,5,80,45,350,23,50,0.1,7,HistGradientBoostingRegressor(),"{'q': 5, 'model__min_samples_leaf': 80, 'model__max_leaf_nodes': 45, 'model__max_iter': 350, 'model__max_depth': 23, 'model__max_bins': 50, 'model__learning_rate': 0.1, 'model__l2_regularization': 7, 'model': HistGradientBoostingRegressor()}",-2411.453153968874,-2370.584858973854,-2475.1291084065247,-2419.055707116418,43.0172378869296,749,-1516.1736232043702,-1674.3155141697234,-1520.922531792659,-1570.4705563889177,73.45506324988996
474,0,2000,0.39003507296244305,0.04280776701348475,0.10011672973632812,0.009276063315717613,6,95,15,170,13,155,0.2,7,HistGradientBoostingRegressor(),"{'q': 6, 'model__min_samples_leaf': 95, 'model__max_leaf_nodes': 15, 'model__max_iter': 170, 'model__max_depth': 13, 'model__max_bins': 155, 'model__learning_rate': 0.2, 'model__l2_regularization': 7, 'model': HistGradientBoostingRegressor()}",-2390.6686869929504,-2435.104082191769,-2491.911489089899,-2439.2280860915394,41.434943387069424,786,-1579.7726223521183,-1714.728909037683,-1561.6319966847611,-1618.7111760248542,68.29750783443936
475,0,2000,0.46853137016296387,0.01658889115790452,0.10593136151631673,0.0030156250950038816,3,70,25,190,28,120,0.01,7,HistGradientBoostingRegressor(),"{'q': 3, 'model__min_samples_leaf': 70, 'model__max_leaf_nodes': 25, 'model__max_iter': 190, 'model__max_depth': 28, 'model__max_bins': 120, 'model__learning_rate': 0.01, 'model__l2_regularization': 7, 'model': HistGradientBoostingRegressor()}",-3159.6294041761726,-2853.863700480023,-3149.64214973335,-3054.378418129849,141.84392904049707,942,-2609.221135849308,-2703.481072334113,-2669.714657435462,-2660.805621872961,38.993692588419854
476,0,2000,0.4409322738647461,0.040909431940015985,0.10696625709533691,0.016863485688584128,14,35,55,90,23,85,0.05,9,HistGradientBoostingRegressor(),"{'q': 14, 'model__min_samples_leaf': 35, 'model__max_leaf_nodes': 55, 'model__max_iter': 90, 'model__max_depth': 23, 'model__max_bins': 85, 'model__learning_rate': 0.05, 'model__l2_regularization': 9, 'model': HistGradientBoostingRegressor()}",-2418.8529894240614,-2229.87464948212,-2374.959343487598,-2341.2289941312597,80.7527320180912,610,-1653.5581484944119,-1786.5338158914246,-1735.6615857286329,-1725.2511833714898,54.78390510510941
477,0,2000,0.8708492914835612,0.020850534784562207,0.10469802220662434,0.016080558287044678,5,25,55,230,13,190,0.05,9,HistGradientBoostingRegressor(),"{'q': 5, 'model__min_samples_leaf': 25, 'model__max_leaf_nodes': 55, 'model__max_iter': 230, 'model__max_depth': 13, 'model__max_bins': 190, 'model__learning_rate': 0.05, 'model__l2_regularization': 9, 'model': HistGradientBoostingRegressor()}",-2294.5462871033665,-2086.2931725966523,-2352.7802428640116,-2244.539900854677,114.39498431359065,492,-1132.361828182266,-1366.1207216264809,-1212.2109698871275,-1236.8978398986246,97.01507178196378
478,0,2000,0.2814316749572754,0.00843796221664214,0.08876832326253255,0.005744611123211396,3,55,35,110,3,225,0.2,5,HistGradientBoostingRegressor(),"{'q': 3, 'model__min_samples_leaf': 55, 'model__max_leaf_nodes': 35, 'model__max_iter': 110, 'model__max_depth': 3, 'model__max_bins': 225, 'model__learning_rate': 0.2, 'model__l2_regularization': 5, 'model': HistGradientBoostingRegressor()}",-2588.6127175648826,-2273.164602722552,-2428.07985611232,-2429.9523921332516,128.78796031399133,773,-1910.4602690028214,-1956.5470145739725,-1795.0343972103376,-1887.347226929044,67.93252008349239
479,0,2000,0.4532863299051921,0.007521035975045511,0.10364103317260742,0.0018707671571762095,3,80,5,370,13,155,0.05,7,HistGradientBoostingRegressor(),"{'q': 3, 'model__min_samples_leaf': 80, 'model__max_leaf_nodes': 5, 'model__max_iter': 370, 'model__max_depth': 13, 'model__max_bins': 155, 'model__learning_rate': 0.05, 'model__l2_regularization': 7, 'model': HistGradientBoostingRegressor()}",-2572.974016552532,-2376.389625131348,-2445.852207184482,-2465.071949622787,81.39780755505801,823,-1952.4343286179496,-2055.87081123024,-1976.5946853992393,-1994.9666084158098,44.18085671642386
480,0,2000,0.6368746757507324,0.029246830464708766,0.09767738978068034,0.0006312373810273257,14,55,50,250,23,155,0.01,3,HistGradientBoostingRegressor(),"{'q': 14, 'model__min_samples_leaf': 55, 'model__max_leaf_nodes': 50, 'model__max_iter': 250, 'model__max_depth': 23, 'model__max_bins': 155, 'model__learning_rate': 0.01, 'model__l2_regularization': 3, 'model': HistGradientBoostingRegressor()}",-2800.0070994305943,-2480.8577290591297,-2810.4293756904026,-2697.0980680600424,152.96419868503241,910,-2160.2897794138066,-2293.3901942693146,-2268.801316737867,-2240.827096806996,57.82645210301044
481,0,2000,1.3111224969228108,0.02471401329709638,0.0976242224375407,0.006149127554422056,13,5,45,270,23,225,0.05,5,HistGradientBoostingRegressor(),"{'q': 13, 'model__min_samples_leaf': 5, 'model__max_leaf_nodes': 45, 'model__max_iter': 270, 'model__max_depth': 23, 'model__max_bins': 225, 'model__learning_rate': 0.05, 'model__l2_regularization': 5, 'model': HistGradientBoostingRegressor()}",-2312.9412643930705,-2162.2368902056505,-2287.7332996645546,-2254.303818087759,65.90953283946858,503,-640.2299864753282,-754.0127387344726,-646.6540047801949,-680.2989099966653,52.18948433790987
482,0,2000,0.6905936400095621,0.05547293510020632,0.0935811201731364,0.004008309778786159,11,35,40,190,48,190,0.2,1,HistGradientBoostingRegressor(),"{'q': 11, 'model__min_samples_leaf': 35, 'model__max_leaf_nodes': 40, 'model__max_iter': 190, 'model__max_depth': 48, 'model__max_bins': 190, 'model__learning_rate': 0.2, 'model__l2_regularization': 1, 'model': HistGradientBoostingRegressor()}",-2301.9306671549575,-2255.1592556356795,-2389.7346423354606,-2315.6081883753664,55.784941913267524,574,-755.1390535082961,-896.7409793199278,-743.8653663136172,-798.581799713947,69.56144723159161
483,0,2000,0.657650868097941,0.04859680366591465,0.10865235328674316,0.003967226769058944,10,90,45,390,28,225,0.05,3,HistGradientBoostingRegressor(),"{'q': 10, 'model__min_samples_leaf': 90, 'model__max_leaf_nodes': 45, 'model__max_iter': 390, 'model__max_depth': 28, 'model__max_bins': 225, 'model__learning_rate': 0.05, 'model__l2_regularization': 3, 'model': HistGradientBoostingRegressor()}",-2419.501547562369,-2346.120424266295,-2479.9063541681758,-2415.1761086656134,54.703447948399806,744,-1717.570832805517,-1793.4509379383937,-1710.554390334962,-1740.5253870262907,37.53347901760813
484,0,2000,0.6379126707712809,0.06089002833622854,0.11915310223897298,0.010865053119497852,13,60,15,350,13,85,0.05,1,HistGradientBoostingRegressor(),"{'q': 13, 'model__min_samples_leaf': 60, 'model__max_leaf_nodes': 15, 'model__max_iter': 350, 'model__max_depth': 13, 'model__max_bins': 85, 'model__learning_rate': 0.05, 'model__l2_regularization': 1, 'model': HistGradientBoostingRegressor()}",-2415.4600571001474,-2289.3529251853975,-2419.029703873262,-2374.614228719602,60.30645628667551,656,-1529.7748330664556,-1686.826640021805,-1531.553568916698,-1582.7183473349862,73.61926120216762
485,0,2000,0.39313562711079914,0.028643869107783073,0.09421809514363606,0.004292545977926899,6,35,25,70,33,190,0.05,9,HistGradientBoostingRegressor(),"{'q': 6, 'model__min_samples_leaf': 35, 'model__max_leaf_nodes': 25, 'model__max_iter': 70, 'model__max_depth': 33, 'model__max_bins': 190, 'model__learning_rate': 0.05, 'model__l2_regularization': 9, 'model': HistGradientBoostingRegressor()}",-2506.7739805657175,-2245.508444474313,-2450.712004087251,-2400.998143042427,112.30470774421494,718,-1775.5569829590554,-1879.3241433070707,-1836.0158640561333,-1830.2989967740866,42.55520195630677
486,0,2000,0.7505176067352295,0.012177249254442185,0.10246809323628743,0.010019425830475354,12,30,35,270,8,225,0.05,9,HistGradientBoostingRegressor(),"{'q': 12, 'model__min_samples_leaf': 30, 'model__max_leaf_nodes': 35, 'model__max_iter': 270, 'model__max_depth': 8, 'model__max_bins': 225, 'model__learning_rate': 0.05, 'model__l2_regularization': 9, 'model': HistGradientBoostingRegressor()}",-2286.6729344841815,-2111.373148250146,-2338.852574895373,-2245.632885876567,97.29657951849012,494,-1316.808918688113,-1504.2031337618444,-1344.2783730631186,-1388.430141837692,82.6284130922591
487,0,2000,0.2966272830963135,0.02403252497621212,0.11594311396280925,0.026005228121720684,11,75,40,70,48,85,0.05,7,HistGradientBoostingRegressor(),"{'q': 11, 'model__min_samples_leaf': 75, 'model__max_leaf_nodes': 40, 'model__max_iter': 70, 'model__max_depth': 48, 'model__max_bins': 85, 'model__learning_rate': 0.05, 'model__l2_regularization': 7, 'model': HistGradientBoostingRegressor()}",-2766.226957584768,-2440.175423949353,-2701.5534739782793,-2635.9852851708,140.9533993538798,894,-2152.516636425823,-2268.513700736556,-2224.19340627144,-2215.0745811446063,47.79256888504332
488,0,2000,0.7291167577107748,0.0349825791136247,0.10626784960428874,0.016439445284613604,8,30,35,170,38,120,0.05,3,HistGradientBoostingRegressor(),"{'q': 8, 'model__min_samples_leaf': 30, 'model__max_leaf_nodes': 35, 'model__max_iter': 170, 'model__max_depth': 38, 'model__max_bins': 120, 'model__learning_rate': 0.05, 'model__l2_regularization': 3, 'model': HistGradientBoostingRegressor()}",-2276.911516725595,-2126.161509284272,-2298.4844165722675,-2233.8524808607112,76.65662189816241,486,-1275.2578324717379,-1479.2192041534877,-1346.2697488839988,-1366.9155951697414,84.53696828889363
489,0,2000,0.3607601324717204,0.007431799194599033,0.10453335444132487,0.012057599278364473,9,35,5,250,48,50,0.2,9,HistGradientBoostingRegressor(),"{'q': 9, 'model__min_samples_leaf': 35, 'model__max_leaf_nodes': 5, 'model__max_iter': 250, 'model__max_depth': 48, 'model__max_bins': 50, 'model__learning_rate': 0.2, 'model__l2_regularization': 9, 'model': HistGradientBoostingRegressor()}",-2482.557781397079,-2234.830350300111,-2371.86970752752,-2363.085946408237,101.32484352821609,639,-1642.5066889428285,-1808.3701110364773,-1648.2832729487614,-1699.7200243093557,76.863399352586
490,0,2000,0.3900742530822754,0.009836463939700217,0.11789266268412273,0.026962822804987636,8,45,10,150,38,155,0.01,1,HistGradientBoostingRegressor(),"{'q': 8, 'model__min_samples_leaf': 45, 'model__max_leaf_nodes': 10, 'model__max_iter': 150, 'model__max_depth': 38, 'model__max_bins': 155, 'model__learning_rate': 0.01, 'model__l2_regularization': 1, 'model': HistGradientBoostingRegressor()}",-3389.3860594777625,-3133.6673229821045,-3384.755066496074,-3302.602816318647,119.47039300079015,950,-2851.6762629202726,-2973.711071814672,-2911.4223916276374,-2912.2699087875276,49.82410634405376
491,0,2000,0.40485207239786786,0.007412515387900941,0.10576605796813965,0.004771684096050398,12,65,5,290,33,120,0.2,5,HistGradientBoostingRegressor(),"{'q': 12, 'model__min_samples_leaf': 65, 'model__max_leaf_nodes': 5, 'model__max_iter': 290, 'model__max_depth': 33, 'model__max_bins': 120, 'model__learning_rate': 0.2, 'model__l2_regularization': 5, 'model': HistGradientBoostingRegressor()}",-2479.78123420871,-2446.6872875894883,-2407.492472357442,-2444.653664718547,29.546776349637586,797,-1679.8560417244678,-1820.593508847278,-1647.16490603628,-1715.8714855360085,75.24273702690695
492,0,2000,0.707957903544108,0.059639479816018096,0.09404571851094563,0.006170608941923296,13,35,60,190,28,225,0.1,5,HistGradientBoostingRegressor(),"{'q': 13, 'model__min_samples_leaf': 35, 'model__max_leaf_nodes': 60, 'model__max_iter': 190, 'model__max_depth': 28, 'model__max_bins': 225, 'model__learning_rate': 0.1, 'model__l2_regularization': 5, 'model': HistGradientBoostingRegressor()}",-2302.3795071884697,-2127.99809943516,-2332.097942992465,-2254.158516538698,90.03012269776939,501,-1059.3287112586465,-1224.4322362584803,-1079.7511844938176,-1121.1707106703147,73.49138885319303
493,0,2000,1.0215399265289307,0.030145276303942807,0.11949642499287923,0.011842728151251704,10,15,35,290,43,50,0.1,5,HistGradientBoostingRegressor(),"{'q': 10, 'model__min_samples_leaf': 15, 'model__max_leaf_nodes': 35, 'model__max_iter': 290, 'model__max_depth': 43, 'model__max_bins': 50, 'model__learning_rate': 0.1, 'model__l2_regularization': 5, 'model': HistGradientBoostingRegressor()}",-2386.898911021658,-2194.247573406716,-2340.63504846124,-2307.2605109632045,82.11386113648291,563,-630.6115254611145,-813.883754143324,-600.3858479328601,-681.6270425124329,94.33018684059742
494,0,2000,0.35834256807963055,0.019877446268321636,0.10266304016113281,0.01977805813524511,8,75,55,130,38,155,0.1,5,HistGradientBoostingRegressor(),"{'q': 8, 'model__min_samples_leaf': 75, 'model__max_leaf_nodes': 55, 'model__max_iter': 130, 'model__max_depth': 38, 'model__max_bins': 155, 'model__learning_rate': 0.1, 'model__l2_regularization': 5, 'model': HistGradientBoostingRegressor()}",-2445.086878547754,-2256.599989380947,-2477.9142884994935,-2393.200385476065,97.5163605796217,703,-1712.6245581504916,-1858.774366361136,-1743.499024773558,-1771.6326497617283,62.8944472972153
495,0,2000,0.6011199156443278,0.020984144221065572,0.09937961896260579,0.0027415427567076983,6,90,10,350,28,155,0.01,3,HistGradientBoostingRegressor(),"{'q': 6, 'model__min_samples_leaf': 90, 'model__max_leaf_nodes': 10, 'model__max_iter': 350, 'model__max_depth': 28, 'model__max_bins': 155, 'model__learning_rate': 0.01, 'model__l2_regularization': 3, 'model': HistGradientBoostingRegressor()}",-2796.2969134828177,-2452.872876959134,-2777.780730303012,-2675.6501735816546,157.70860297336552,905,-2243.5209802069103,-2310.9278965748495,-2274.4491761617705,-2276.2993509811768,27.549839124822007
496,0,2000,0.5494097868601481,0.04072165486071509,0.09988697369893391,0.004016711386295549,4,60,25,190,33,190,0.2,3,HistGradientBoostingRegressor(),"{'q': 4, 'model__min_samples_leaf': 60, 'model__max_leaf_nodes': 25, 'model__max_iter': 190, 'model__max_depth': 33, 'model__max_bins': 190, 'model__learning_rate': 0.2, 'model__l2_regularization': 3, 'model': HistGradientBoostingRegressor()}",-2410.505281502654,-2305.031381379138,-2473.612643386815,-2396.3831020895354,69.5436910081591,712,-1174.5249036314583,-1364.5817134762162,-1183.13816925017,-1240.7482621192814,87.63404909958365
497,0,2000,0.5564383665720621,0.061669964060928166,0.10354185104370117,0.008248675138860516,6,55,25,190,18,155,0.2,3,HistGradientBoostingRegressor(),"{'q': 6, 'model__min_samples_leaf': 55, 'model__max_leaf_nodes': 25, 'model__max_iter': 190, 'model__max_depth': 18, 'model__max_bins': 155, 'model__learning_rate': 0.2, 'model__l2_regularization': 3, 'model': HistGradientBoostingRegressor()}",-2383.7842937323935,-2226.338139068995,-2499.587218589771,-2369.9032171303866,111.98445749436517,647,-1086.3647325792426,-1275.715444572548,-1151.7718623897065,-1171.284013180499,78.52373761886652
498,0,2000,0.9017730553944906,0.0622672379381486,0.13555733362833658,0.043589050653866625,13,65,25,390,43,225,0.2,9,HistGradientBoostingRegressor(),"{'q': 13, 'model__min_samples_leaf': 65, 'model__max_leaf_nodes': 25, 'model__max_iter': 390, 'model__max_depth': 43, 'model__max_bins': 225, 'model__learning_rate': 0.2, 'model__l2_regularization': 9, 'model': HistGradientBoostingRegressor()}",-2431.571024099453,-2400.4211917577227,-2571.492182720412,-2467.828132859196,74.3964803779991,825,-938.3740680895598,-1140.578136891305,-949.383042002036,-1009.4450823276335,92.83393013351133
499,0,2000,0.28604332605997723,0.013009131569734598,0.08545430501302083,0.0011695162794217477,8,80,60,90,38,155,0.2,3,HistGradientBoostingRegressor(),"{'q': 8, 'model__min_samples_leaf': 80, 'model__max_leaf_nodes': 60, 'model__max_iter': 90, 'model__max_depth': 38, 'model__max_bins': 155, 'model__learning_rate': 0.2, 'model__l2_regularization': 3, 'model': HistGradientBoostingRegressor()}",-2390.3337448114708,-2300.802247425525,-2535.8457566499324,-2408.993916295643,96.85905329221099,737,-1658.1298646373687,-1827.0717140381676,-1686.854634263083,-1724.0187376462065,73.8070234008669
500,1,4000,0.4094505310058594,0.03980128476350251,0.14484612147013345,0.011435704883889388,14,35,5,90,28,120,0.1,3,HistGradientBoostingRegressor(),"{'q': 14, 'model__min_samples_leaf': 35, 'model__max_leaf_nodes': 5, 'model__max_iter': 90, 'model__max_depth': 28, 'model__max_bins': 120, 'model__learning_rate': 0.1, 'model__l2_regularization': 3, 'model': HistGradientBoostingRegressor()}",-2386.320578247864,-2216.8765302658553,-2193.8734192885872,-2265.690175934102,85.8139703095914,516,-1926.3722708991988,-2031.6480947229986,-2045.775405321798,-2001.2652569813317,53.2704718045101
501,1,4000,2.3330699602762857,0.12099866190821308,0.17828869819641113,0.030981529669587747,5,5,60,350,33,120,0.2,3,HistGradientBoostingRegressor(),"{'q': 5, 'model__min_samples_leaf': 5, 'model__max_leaf_nodes': 60, 'model__max_iter': 350, 'model__max_depth': 33, 'model__max_bins': 120, 'model__learning_rate': 0.2, 'model__l2_regularization': 3, 'model': HistGradientBoostingRegressor()}",-2104.411286790618,-1967.6078214182562,-1983.9936005554525,-2018.6709029214423,60.99553813741047,259,-111.62373578005467,-145.87292023392783,-126.54048974800956,-128.012381920664,14.020853727330534
502,1,4000,0.2912606398264567,0.047335847439398816,0.11733738581339519,0.010446604190953501,5,20,30,50,3,50,0.2,5,HistGradientBoostingRegressor(),"{'q': 5, 'model__min_samples_leaf': 20, 'model__max_leaf_nodes': 30, 'model__max_iter': 50, 'model__max_depth': 3, 'model__max_bins': 50, 'model__learning_rate': 0.2, 'model__l2_regularization': 5, 'model': HistGradientBoostingRegressor()}",-2412.8307036110714,-2187.383257159711,-2210.516681169577,-2270.2435473134533,101.26569568017962,526,-1903.4357644931902,-1946.1147960107942,-1964.482565856079,-1938.0110421200213,25.57252574543841
503,1,4000,0.6264909108479818,0.1044552724071502,0.178725004196167,0.024737602593114295,8,65,10,170,23,225,0.2,9,HistGradientBoostingRegressor(),"{'q': 8, 'model__min_samples_leaf': 65, 'model__max_leaf_nodes': 10, 'model__max_iter': 170, 'model__max_depth': 23, 'model__max_bins': 225, 'model__learning_rate': 0.2, 'model__l2_regularization': 9, 'model': HistGradientBoostingRegressor()}",-2176.0535718755877,-2066.059427811219,-2041.3666153727693,-2094.4932050198586,58.54629978493345,422,-1519.4548896659278,-1570.092094870356,-1573.8213972164792,-1554.456127250921,24.79639622146811
504,1,4000,0.5625218550364176,0.02357049614762255,0.13775221506754556,0.00366865476078406,10,60,10,110,43,225,0.2,1,HistGradientBoostingRegressor(),"{'q': 10, 'model__min_samples_leaf': 60, 'model__max_leaf_nodes': 10, 'model__max_iter': 110, 'model__max_depth': 43, 'model__max_bins': 225, 'model__learning_rate': 0.2, 'model__l2_regularization': 1, 'model': HistGradientBoostingRegressor()}",-2188.6731807602464,-2065.6044490855006,-2068.68936070496,-2107.655663516902,57.30187748600464,438,-1619.0621785703495,-1647.4012336050896,-1659.5765967692626,-1642.0133363149005,16.973049193870548
505,1,4000,1.2314346631368,0.03582054496028645,0.17109807332356772,0.031863066932644624,14,70,55,370,33,50,0.1,3,HistGradientBoostingRegressor(),"{'q': 14, 'model__min_samples_leaf': 70, 'model__max_leaf_nodes': 55, 'model__max_iter': 370, 'model__max_depth': 33, 'model__max_bins': 50, 'model__learning_rate': 0.1, 'model__l2_regularization': 3, 'model': HistGradientBoostingRegressor()}",-2161.723178356554,-2052.8372277706253,-2070.606809844165,-2095.0557386571145,47.69591281459264,423,-1193.4385569564104,-1227.1247329641308,-1241.5232409646,-1220.6955102950471,20.150027082502202
506,1,4000,0.971796989440918,0.13770092409721035,0.19078310330708823,0.04725521464525324,14,55,20,330,28,225,0.2,1,HistGradientBoostingRegressor(),"{'q': 14, 'model__min_samples_leaf': 55, 'model__max_leaf_nodes': 20, 'model__max_iter': 330, 'model__max_depth': 28, 'model__max_bins': 225, 'model__learning_rate': 0.2, 'model__l2_regularization': 1, 'model': HistGradientBoostingRegressor()}",-2130.0849495891844,-2082.0961474130063,-2048.2433373988238,-2086.808144800338,33.5774186124446,406,-968.3081739001184,-1008.1523865644833,-988.4734749346604,-988.3113451330873,16.266735695178742
507,1,4000,0.8034946918487549,0.14033866661814398,0.12305720647176106,0.0018483196954545433,13,75,65,170,23,120,0.2,5,HistGradientBoostingRegressor(),"{'q': 13, 'model__min_samples_leaf': 75, 'model__max_leaf_nodes': 65, 'model__max_iter': 170, 'model__max_depth': 23, 'model__max_bins': 120, 'model__learning_rate': 0.2, 'model__l2_regularization': 5, 'model': HistGradientBoostingRegressor()}",-2137.448574773599,-2043.2818370605187,-2055.6119970928935,-2078.7808029756707,41.78866510914461,381,-1223.1389506167222,-1268.9421403367814,-1252.9126111810992,-1248.3312340448676,18.977615050039415
508,1,4000,0.9899797439575195,0.12845994036037145,0.1770509878794352,0.047354417038908,13,80,30,250,43,190,0.2,1,HistGradientBoostingRegressor(),"{'q': 13, 'model__min_samples_leaf': 80, 'model__max_leaf_nodes': 30, 'model__max_iter': 250, 'model__max_depth': 43, 'model__max_bins': 190, 'model__learning_rate': 0.2, 'model__l2_regularization': 1, 'model': HistGradientBoostingRegressor()}",-2146.3617986547574,-2062.394973581567,-2025.5519091317715,-2078.1028937893648,50.555655269415304,380,-1100.3189584729294,-1149.3954906598076,-1123.9054130662325,-1124.5399540663232,20.04043387060305
509,1,4000,0.8415043354034424,0.03520588806279288,0.13742661476135254,0.011230621700132386,5,60,10,350,43,85,0.2,5,HistGradientBoostingRegressor(),"{'q': 5, 'model__min_samples_leaf': 60, 'model__max_leaf_nodes': 10, 'model__max_iter': 350, 'model__max_depth': 43, 'model__max_bins': 85, 'model__learning_rate': 0.2, 'model__l2_regularization': 5, 'model': HistGradientBoostingRegressor()}",-2173.2610939690253,-2075.302121060877,-2071.285394114238,-2106.616203048047,47.15357631005877,436,-1309.7472927410176,-1370.8518565620261,-1367.7648035666439,-1349.4546509565625,28.105612682550028
510,1,4000,0.8398329416910807,0.11524384247819648,0.12519240379333496,0.01460730935418806,10,10,65,70,48,85,0.05,9,HistGradientBoostingRegressor(),"{'q': 10, 'model__min_samples_leaf': 10, 'model__max_leaf_nodes': 65, 'model__max_iter': 70, 'model__max_depth': 48, 'model__max_bins': 85, 'model__learning_rate': 0.05, 'model__l2_regularization': 9, 'model': HistGradientBoostingRegressor()}",-2236.9659747698624,-2034.4755987186245,-2078.572434694518,-2116.6713360610015,86.94531926194657,445,-1476.885951329941,-1547.0279941439303,-1548.43296304858,-1524.1156361741505,33.40135558395065
511,1,4000,1.0068702697753906,0.10577053609163488,0.15856663386027017,0.025086717336343996,6,80,30,250,38,190,0.05,3,HistGradientBoostingRegressor(),"{'q': 6, 'model__min_samples_leaf': 80, 'model__max_leaf_nodes': 30, 'model__max_iter': 250, 'model__max_depth': 38, 'model__max_bins': 190, 'model__learning_rate': 0.05, 'model__l2_regularization': 3, 'model': HistGradientBoostingRegressor()}",-2162.655338953094,-2062.7988780763194,-2041.635909602918,-2089.030042210777,52.77297950622846,415,-1556.5598533500597,-1632.3869847256158,-1610.990157499142,-1599.978998524939,31.92044986763016
512,1,4000,1.1798990567525227,0.061789287702508536,0.1559128761291504,0.016663117114640393,10,50,30,330,18,50,0.2,7,HistGradientBoostingRegressor(),"{'q': 10, 'model__min_samples_leaf': 50, 'model__max_leaf_nodes': 30, 'model__max_iter': 330, 'model__max_depth': 18, 'model__max_bins': 50, 'model__learning_rate': 0.2, 'model__l2_regularization': 7, 'model': HistGradientBoostingRegressor()}",-2219.638069523725,-2052.947606037497,-2110.0492660866043,-2127.5449805492754,69.16647874383885,458,-838.1218640498471,-890.2120359939005,-872.0631427703448,-866.7990142713642,21.589037186044177
513,1,4000,0.5470863183339437,0.0500433095669101,0.15711204210917154,0.006587000225118064,7,30,25,210,3,50,0.05,3,HistGradientBoostingRegressor(),"{'q': 7, 'model__min_samples_leaf': 30, 'model__max_leaf_nodes': 25, 'model__max_iter': 210, 'model__max_depth': 3, 'model__max_bins': 50, 'model__learning_rate': 0.05, 'model__l2_regularization': 3, 'model': HistGradientBoostingRegressor()}",-2346.449889801736,-2181.750381842895,-2149.8221122635687,-2226.007461302733,86.15736585510483,485,-1877.1254758901437,-1934.779934495721,-1970.7891367262387,-1927.5648490373678,38.57687937900338
514,1,4000,0.6048524379730225,0.03234330641137989,0.18051942189534506,0.019056263969655443,9,55,25,230,3,155,0.1,9,HistGradientBoostingRegressor(),"{'q': 9, 'model__min_samples_leaf': 55, 'model__max_leaf_nodes': 25, 'model__max_iter': 230, 'model__max_depth': 3, 'model__max_bins': 155, 'model__learning_rate': 0.1, 'model__l2_regularization': 9, 'model': HistGradientBoostingRegressor()}",-2275.9878953990883,-2135.4023446995384,-2160.3240024461156,-2190.5714141815806,61.24950995120965,478,-1748.6283575061095,-1864.1533186401768,-1879.51009372757,-1830.7639232912854,58.41601384557386
515,1,4000,0.6943780581156412,0.040604496478030085,0.1533180077870687,0.021509965780252098,9,75,60,110,13,120,0.2,1,HistGradientBoostingRegressor(),"{'q': 9, 'model__min_samples_leaf': 75, 'model__max_leaf_nodes': 60, 'model__max_iter': 110, 'model__max_depth': 13, 'model__max_bins': 120, 'model__learning_rate': 0.2, 'model__l2_regularization': 1, 'model': HistGradientBoostingRegressor()}",-2123.143572307241,-2070.1943595536304,-2040.2131832319837,-2077.8503716976184,34.2862776195283,379,-1385.6274899542555,-1416.605381762616,-1403.3708925535357,-1401.867921423469,12.69124729583299
516,1,4000,0.9353103637695312,0.05692986687591988,0.16453893979390463,0.04151692754666205,6,80,25,170,23,225,0.2,1,HistGradientBoostingRegressor(),"{'q': 6, 'model__min_samples_leaf': 80, 'model__max_leaf_nodes': 25, 'model__max_iter': 170, 'model__max_depth': 23, 'model__max_bins': 225, 'model__learning_rate': 0.2, 'model__l2_regularization': 1, 'model': HistGradientBoostingRegressor()}",-2149.6230772933404,-2070.9136763855618,-2029.026185101056,-2083.187646259986,49.99260181245539,396,-1242.7416832060073,-1294.4214883658847,-1279.2257550800737,-1272.129642217322,21.686657628772647
517,1,4000,0.5585753122965494,0.09707175961905179,0.1384736696879069,0.007476399950350608,8,50,35,50,13,50,0.1,1,HistGradientBoostingRegressor(),"{'q': 8, 'model__min_samples_leaf': 50, 'model__max_leaf_nodes': 35, 'model__max_iter': 50, 'model__max_depth': 13, 'model__max_bins': 50, 'model__learning_rate': 0.1, 'model__l2_regularization': 1, 'model': HistGradientBoostingRegressor()}",-2218.2279096879743,-2063.6895904976795,-2098.1601917630655,-2126.6925639829064,66.23742760156584,457,-1655.9292105559591,-1707.919828129933,-1729.6375103534356,-1697.8288496797759,30.925709362059024
518,1,4000,0.9778316815694174,0.27852178778672465,0.13600691159566244,0.007860998468878562,6,35,25,70,33,190,0.05,9,HistGradientBoostingRegressor(),"{'q': 6, 'model__min_samples_leaf': 35, 'model__max_leaf_nodes': 25, 'model__max_iter': 70, 'model__max_depth': 33, 'model__max_bins': 190, 'model__learning_rate': 0.05, 'model__l2_regularization': 9, 'model': HistGradientBoostingRegressor()}",-2297.1137174864125,-2150.829928846274,-2167.262412035344,-2205.068686122677,65.43048461282189,481,-1761.6373570164621,-1858.0066655887465,-1860.1927534563993,-1826.6122586872025,45.952860849520356
519,1,4000,0.9146589438120524,0.10164837326969373,0.15915234883626303,0.014201792228399868,14,80,40,170,28,120,0.1,3,HistGradientBoostingRegressor(),"{'q': 14, 'model__min_samples_leaf': 80, 'model__max_leaf_nodes': 40, 'model__max_iter': 170, 'model__max_depth': 28, 'model__max_bins': 120, 'model__learning_rate': 0.1, 'model__l2_regularization': 3, 'model': HistGradientBoostingRegressor()}",-2153.570077878097,-2052.9479239662655,-2030.134805075024,-2078.8842689731287,53.625784452559444,383,-1476.2176296684827,-1549.738272682465,-1536.597531343617,-1520.8511445648548,32.01335929199079
520,1,4000,1.648371934890747,0.06413203771999301,0.18268704414367676,0.049082279866611685,10,40,55,230,23,120,0.2,3,HistGradientBoostingRegressor(),"{'q': 10, 'model__min_samples_leaf': 40, 'model__max_leaf_nodes': 55, 'model__max_iter': 230, 'model__max_depth': 23, 'model__max_bins': 120, 'model__learning_rate': 0.2, 'model__l2_regularization': 3, 'model': HistGradientBoostingRegressor()}",-2142.166093241641,-2059.4967701478377,-2060.8903992002924,-2087.5177541965904,38.64639932146397,408,-700.2997951887613,-763.7815387406913,-712.749716448533,-725.6103501259953,27.4654918644913
521,1,4000,0.9628438154856364,0.09239901064555339,0.1792729695638021,0.026908884990364604,4,80,10,370,48,225,0.1,9,HistGradientBoostingRegressor(),"{'q': 4, 'model__min_samples_leaf': 80, 'model__max_leaf_nodes': 10, 'model__max_iter': 370, 'model__max_depth': 48, 'model__max_bins': 225, 'model__learning_rate': 0.1, 'model__l2_regularization': 9, 'model': HistGradientBoostingRegressor()}",-2149.7695840487736,-2066.9618042623288,-2035.9588628770277,-2084.2300837293765,48.0407130825669,398,-1528.4031240134507,-1582.3489213034304,-1577.0636719871297,-1562.605239101337,24.2806091692888
522,1,4000,0.588910977045695,0.05383901030038061,0.1512316862742106,0.024441502872423165,8,60,5,270,3,85,0.1,3,HistGradientBoostingRegressor(),"{'q': 8, 'model__min_samples_leaf': 60, 'model__max_leaf_nodes': 5, 'model__max_iter': 270, 'model__max_depth': 3, 'model__max_bins': 85, 'model__learning_rate': 0.1, 'model__l2_regularization': 3, 'model': HistGradientBoostingRegressor()}",-2293.219656976785,-2137.7040237788415,-2111.934081299382,-2180.952587351669,80.0788930805388,476,-1788.193517901189,-1885.325026796729,-1889.6793841115266,-1854.3993096031481,46.848303050510054
523,1,4000,0.8881680965423584,0.007564032026853515,0.1827696959177653,0.019513770012801898,8,55,20,170,33,85,0.05,9,HistGradientBoostingRegressor(),"{'q': 8, 'model__min_samples_leaf': 55, 'model__max_leaf_nodes': 20, 'model__max_iter': 170, 'model__max_depth': 33, 'model__max_bins': 85, 'model__learning_rate': 0.05, 'model__l2_regularization': 9, 'model': HistGradientBoostingRegressor()}",-2191.997574527725,-2063.4065069920835,-2051.7433581964306,-2102.382479905413,63.546078547155325,429,-1590.6431809570875,-1702.9327665046321,-1669.7855628945622,-1654.4538367854275,47.10650432600567
524,1,4000,1.1597246328989665,0.08270532777710146,0.16927862167358398,0.03167479830639733,4,60,25,190,33,190,0.2,3,HistGradientBoostingRegressor(),"{'q': 4, 'model__min_samples_leaf': 60, 'model__max_leaf_nodes': 25, 'model__max_iter': 190, 'model__max_depth': 33, 'model__max_bins': 190, 'model__learning_rate': 0.2, 'model__l2_regularization': 3, 'model': HistGradientBoostingRegressor()}",-2112.687342469795,-2049.4054439598594,-2030.3888106600564,-2064.160532363237,35.1809281652551,346,-1099.0163464433288,-1148.5877130604867,-1137.006164792385,-1128.2034080987335,21.173040895265725
525,1,4000,1.3837106227874756,0.11226280630023544,0.15527629852294922,0.021476159167512787,9,45,35,230,43,225,0.2,5,HistGradientBoostingRegressor(),"{'q': 9, 'model__min_samples_leaf': 45, 'model__max_leaf_nodes': 35, 'model__max_iter': 230, 'model__max_depth': 43, 'model__max_bins': 225, 'model__learning_rate': 0.2, 'model__l2_regularization': 5, 'model': HistGradientBoostingRegressor()}",-2130.8131531194113,-2033.7395089681424,-2009.8815754601098,-2058.144745849221,52.29928813542358,334,-823.0314227903139,-880.6897739391703,-860.9413745813164,-854.8875237702669,23.924996642745054
526,1,4000,1.216234604517619,0.04643014511421126,0.1591180960337321,0.015159517151811044,5,80,45,310,43,120,0.05,5,HistGradientBoostingRegressor(),"{'q': 5, 'model__min_samples_leaf': 80, 'model__max_leaf_nodes': 45, 'model__max_iter': 310, 'model__max_depth': 43, 'model__max_bins': 120, 'model__learning_rate': 0.05, 'model__l2_regularization': 5, 'model': HistGradientBoostingRegressor()}",-2146.769645977257,-2052.3015759603836,-2033.5918356653444,-2077.5543525343282,49.535046383141626,376,-1506.6608597323361,-1562.7535241022167,-1569.164355479642,-1546.1929131047316,28.075637393962374
527,1,4000,1.2020390033721924,0.05168947202591459,0.15758132934570312,0.01953995124310831,8,15,30,250,38,120,0.2,7,HistGradientBoostingRegressor(),"{'q': 8, 'model__min_samples_leaf': 15, 'model__max_leaf_nodes': 30, 'model__max_iter': 250, 'model__max_depth': 38, 'model__max_bins': 120, 'model__learning_rate': 0.2, 'model__l2_regularization': 7, 'model': HistGradientBoostingRegressor()}",-2134.788406772303,-2048.922681755978,-2080.218187991505,-2087.976425506595,35.48120037569383,412,-671.1231670671998,-744.511878825803,-699.0770669269391,-704.9040376066473,30.242805688554217
528,1,4000,1.3313609759012859,0.03994755437627553,0.1680943171183268,0.0220690750718247,3,70,55,390,13,120,0.1,5,HistGradientBoostingRegressor(),"{'q': 3, 'model__min_samples_leaf': 70, 'model__max_leaf_nodes': 55, 'model__max_iter': 390, 'model__max_depth': 13, 'model__max_bins': 120, 'model__learning_rate': 0.1, 'model__l2_regularization': 5, 'model': HistGradientBoostingRegressor()}",-2149.8171569154556,-2064.3344192707204,-2006.856981630698,-2073.6695192722914,58.73534426215981,368,-1161.3522946278667,-1188.6533012089146,-1204.43755121639,-1184.814382351057,17.797711600514464
529,1,4000,0.48873694737752277,0.10521576080758786,0.14864818255106607,0.02297463839494413,11,40,25,230,3,50,0.1,3,HistGradientBoostingRegressor(),"{'q': 11, 'model__min_samples_leaf': 40, 'model__max_leaf_nodes': 25, 'model__max_iter': 230, 'model__max_depth': 3, 'model__max_bins': 50, 'model__learning_rate': 0.1, 'model__l2_regularization': 3, 'model': HistGradientBoostingRegressor()}",-2267.3687394925596,-2159.696500425624,-2051.783120657888,-2159.616120192024,88.01247869031049,470,-1746.0814364878336,-1844.072797623616,-1806.4398244932474,-1798.8646862015657,40.361811607957755
530,1,4000,1.013478438059489,0.07751146135052264,0.1665349801381429,0.013025999678454865,12,60,60,190,23,225,0.05,1,HistGradientBoostingRegressor(),"{'q': 12, 'model__min_samples_leaf': 60, 'model__max_leaf_nodes': 60, 'model__max_iter': 190, 'model__max_depth': 23, 'model__max_bins': 225, 'model__learning_rate': 0.05, 'model__l2_regularization': 1, 'model': HistGradientBoostingRegressor()}",-2156.3522677004144,-2039.3379431183357,-2020.349212568394,-2072.013141129048,60.13850222661177,363,-1438.2529847989813,-1531.6181882108472,-1537.0233409805353,-1502.2981713301212,45.34051431462668
531,1,4000,0.6962615648905436,0.15100959344217016,0.1326619784037272,0.01019349726223116,11,75,45,170,8,225,0.2,1,HistGradientBoostingRegressor(),"{'q': 11, 'model__min_samples_leaf': 75, 'model__max_leaf_nodes': 45, 'model__max_iter': 170, 'model__max_depth': 8, 'model__max_bins': 225, 'model__learning_rate': 0.2, 'model__l2_regularization': 1, 'model': HistGradientBoostingRegressor()}",-2173.4383532959628,-2039.365240917166,-2025.4814689502548,-2079.428354387794,66.71631335759217,386,-1391.120151534222,-1397.3037920957288,-1399.4856198437049,-1395.9698544912187,3.5430502074516923
532,1,4000,1.0833149751027424,0.029008619377217278,0.15721670786539713,0.01660619294857608,12,70,65,230,43,225,0.05,7,HistGradientBoostingRegressor(),"{'q': 12, 'model__min_samples_leaf': 70, 'model__max_leaf_nodes': 65, 'model__max_iter': 230, 'model__max_depth': 43, 'model__max_bins': 225, 'model__learning_rate': 0.05, 'model__l2_regularization': 7, 'model': HistGradientBoostingRegressor()}",-2150.6092895454867,-2048.9902822718523,-2022.6726454791703,-2074.0907390988364,55.16321795925436,369,-1482.520647046043,-1568.0458391616721,-1581.5112998172615,-1544.0259286749922,43.83685214412697
533,1,4000,0.6589248975118002,0.04306538037104758,0.1478570302327474,0.016722922044561692,8,75,55,130,38,155,0.1,5,HistGradientBoostingRegressor(),"{'q': 8, 'model__min_samples_leaf': 75, 'model__max_leaf_nodes': 55, 'model__max_iter': 130, 'model__max_depth': 38, 'model__max_bins': 155, 'model__learning_rate': 0.1, 'model__l2_regularization': 5, 'model': HistGradientBoostingRegressor()}",-2157.444960990347,-2070.4262463394844,-2034.90385957286,-2087.591688967564,51.47860202463504,410,-1502.6061977141778,-1558.7476047102873,-1577.5213249845858,-1546.2917091363504,31.82693905480046
534,1,4000,1.4163054625193279,0.06436503325762909,0.17876553535461426,0.017437398581906908,6,40,35,370,13,225,0.2,9,HistGradientBoostingRegressor(),"{'q': 6, 'model__min_samples_leaf': 40, 'model__max_leaf_nodes': 35, 'model__max_iter': 370, 'model__max_depth': 13, 'model__max_bins': 225, 'model__learning_rate': 0.2, 'model__l2_regularization': 9, 'model': HistGradientBoostingRegressor()}",-2140.693159346355,-2067.2040645447164,-2025.4372450396997,-2077.778156310257,47.643397640983615,378,-677.3951720709614,-744.0179116013228,-747.3403029825188,-722.917795551601,32.21791952255268
535,1,4000,0.5358354250590006,0.08718827536927037,0.13873990376790366,0.01895566915635349,5,40,10,250,3,85,0.2,1,HistGradientBoostingRegressor(),"{'q': 5, 'model__min_samples_leaf': 40, 'model__max_leaf_nodes': 10, 'model__max_iter': 250, 'model__max_depth': 3, 'model__max_bins': 85, 'model__learning_rate': 0.2, 'model__l2_regularization': 1, 'model': HistGradientBoostingRegressor()}",-2197.618417874321,-2101.975096149946,-2046.1145677251668,-2115.2360272498113,62.5579378002551,442,-1525.3461806901862,-1681.1176709891715,-1635.8312961643555,-1614.0983826145712,65.4238944423902
536,1,4000,0.45188260078430176,0.08344774973618704,0.17368340492248535,0.018338985097430267,3,40,65,110,3,155,0.1,3,HistGradientBoostingRegressor(),"{'q': 3, 'model__min_samples_leaf': 40, 'model__max_leaf_nodes': 65, 'model__max_iter': 110, 'model__max_depth': 3, 'model__max_bins': 155, 'model__learning_rate': 0.1, 'model__l2_regularization': 3, 'model': HistGradientBoostingRegressor()}",-2339.1296129076736,-2172.887066699818,-2143.8841472496647,-2218.633608952385,86.02231323345755,482,-1862.0665419713412,-1915.2424417751074,-1932.0859466387583,-1903.1316434617356,29.840496357972505
537,1,4000,1.2485777537027996,0.057699300302401946,0.17967796325683594,0.01497670822113994,7,50,30,230,33,85,0.2,5,HistGradientBoostingRegressor(),"{'q': 7, 'model__min_samples_leaf': 50, 'model__max_leaf_nodes': 30, 'model__max_iter': 230, 'model__max_depth': 33, 'model__max_bins': 85, 'model__learning_rate': 0.2, 'model__l2_regularization': 5, 'model': HistGradientBoostingRegressor()}",-2143.0797715196727,-2055.1260639717448,-2048.5485928776393,-2082.251476123019,43.095838330751285,393,-927.0022443013038,-1006.6357896548601,-974.9087936280226,-969.5156091947288,32.73316580211239
538,1,4000,0.5757872263590494,0.07086584229973024,0.1535336176554362,0.030099361680780742,10,35,35,210,3,50,0.2,1,HistGradientBoostingRegressor(),"{'q': 10, 'model__min_samples_leaf': 35, 'model__max_leaf_nodes': 35, 'model__max_iter': 210, 'model__max_depth': 3, 'model__max_bins': 50, 'model__learning_rate': 0.2, 'model__l2_regularization': 1, 'model': HistGradientBoostingRegressor()}",-2218.519312776791,-2095.3971749560346,-2078.733815742021,-2130.8834344916154,62.340207769862296,461,-1602.3391832828456,-1703.9235357345387,-1668.8755848971282,-1658.379434638171,42.130527676507214
539,1,4000,0.7226399580637614,0.03505702592747975,0.18643665313720703,0.010524009221129144,6,55,5,310,23,190,0.2,7,HistGradientBoostingRegressor(),"{'q': 6, 'model__min_samples_leaf': 55, 'model__max_leaf_nodes': 5, 'model__max_iter': 310, 'model__max_depth': 23, 'model__max_bins': 190, 'model__learning_rate': 0.2, 'model__l2_regularization': 7, 'model': HistGradientBoostingRegressor()}",-2209.0178629736006,-2091.9479072524427,-2021.387047873087,-2107.4509393663766,77.3803967309767,437,-1635.5279345481677,-1741.314702409479,-1696.1785107441917,-1691.0070492339462,43.34180487127646
540,1,4000,0.6317528088887533,0.06276030863563872,0.17517312367757162,0.026423739910375655,11,15,35,130,3,85,0.2,5,HistGradientBoostingRegressor(),"{'q': 11, 'model__min_samples_leaf': 15, 'model__max_leaf_nodes': 35, 'model__max_iter': 130, 'model__max_depth': 3, 'model__max_bins': 85, 'model__learning_rate': 0.2, 'model__l2_regularization': 5, 'model': HistGradientBoostingRegressor()}",-2214.3071195972507,-2115.953386999691,-2086.716522554078,-2138.99234305034,54.57676694581141,463,-1616.1049086664043,-1715.929375113436,-1695.4124750429046,-1675.8155862742485,43.044624615368285
541,1,4000,0.8419298330942789,0.012831472161983088,0.15218806266784668,0.015561102010171541,7,70,10,290,13,190,0.05,7,HistGradientBoostingRegressor(),"{'q': 7, 'model__min_samples_leaf': 70, 'model__max_leaf_nodes': 10, 'model__max_iter': 290, 'model__max_depth': 13, 'model__max_bins': 190, 'model__learning_rate': 0.05, 'model__l2_regularization': 7, 'model': HistGradientBoostingRegressor()}",-2198.0267012206905,-2095.0319878188097,-2063.5621889343124,-2118.873625991271,57.42527927178237,449,-1675.9528261153628,-1766.3025096302003,-1783.1933658957482,-1741.816233880437,47.08019129221398
542,1,4000,1.1996842225392659,0.011522193011502271,0.1517634391784668,0.013488929474769776,14,55,50,250,13,85,0.2,7,HistGradientBoostingRegressor(),"{'q': 14, 'model__min_samples_leaf': 55, 'model__max_leaf_nodes': 50, 'model__max_iter': 250, 'model__max_depth': 13, 'model__max_bins': 85, 'model__learning_rate': 0.2, 'model__l2_regularization': 7, 'model': HistGradientBoostingRegressor()}",-2141.5505420771783,-2027.7529648955103,-2053.6047863979993,-2074.302764456896,48.708499360305666,371,-941.0998800364239,-1009.8936080647994,-1011.6729293508317,-987.5554724840182,32.85709510696768
543,1,4000,1.9233539899190266,0.11605508846378182,0.16099230448404947,0.019632354657456785,5,15,55,310,43,190,0.2,5,HistGradientBoostingRegressor(),"{'q': 5, 'model__min_samples_leaf': 15, 'model__max_leaf_nodes': 55, 'model__max_iter': 310, 'model__max_depth': 43, 'model__max_bins': 190, 'model__learning_rate': 0.2, 'model__l2_regularization': 5, 'model': HistGradientBoostingRegressor()}",-2158.3409630455276,-2032.1578803301481,-2076.697458943469,-2089.0654341063814,52.2511097050381,416,-280.45224696080163,-339.8571499966469,-291.8404403874485,-304.0499457816324,25.742826090032647
544,1,4000,0.7310617764790853,0.12799945882652913,0.14841771125793457,0.026561367233964368,12,75,55,150,43,50,0.2,1,HistGradientBoostingRegressor(),"{'q': 12, 'model__min_samples_leaf': 75, 'model__max_leaf_nodes': 55, 'model__max_iter': 150, 'model__max_depth': 43, 'model__max_bins': 50, 'model__learning_rate': 0.2, 'model__l2_regularization': 1, 'model': HistGradientBoostingRegressor()}",-2176.5667165168447,-2099.355175838375,-2078.38627549169,-2118.1027226156366,42.21731582023092,447,-1322.124948773487,-1352.9302702278874,-1343.2212410146037,-1339.4254866719928,12.859439354013423
545,1,4000,1.119848410288493,0.04143758660826093,0.16202100118001303,0.0156425327763798,9,65,65,230,18,120,0.1,5,HistGradientBoostingRegressor(),"{'q': 9, 'model__min_samples_leaf': 65, 'model__max_leaf_nodes': 65, 'model__max_iter': 230, 'model__max_depth': 18, 'model__max_bins': 120, 'model__learning_rate': 0.1, 'model__l2_regularization': 5, 'model': HistGradientBoostingRegressor()}",-2121.3920974601865,-2026.463072116732,-2004.677404616734,-2050.844191397884,50.6715509560456,321,-1259.8832548428104,-1323.6853408770846,-1319.3503929724532,-1300.9729962307827,29.10868231108835
546,1,4000,0.6621833642323812,0.04248579115405529,0.15454538663228354,0.005104580769980655,10,70,45,110,38,50,0.2,9,HistGradientBoostingRegressor(),"{'q': 10, 'model__min_samples_leaf': 70, 'model__max_leaf_nodes': 45, 'model__max_iter': 110, 'model__max_depth': 38, 'model__max_bins': 50, 'model__learning_rate': 0.2, 'model__l2_regularization': 9, 'model': HistGradientBoostingRegressor()}",-2139.0509386453064,-2051.8465619211975,-2082.3624241893685,-2091.0866415852906,36.13156336536944,420,-1392.5638493036504,-1452.5250814303665,-1451.6399865184867,-1432.242972417501,28.05970368771864
547,1,4000,1.2830368677775066,0.06021323958834285,0.15614000956217447,0.005052255022509,10,10,25,390,48,120,0.2,5,HistGradientBoostingRegressor(),"{'q': 10, 'model__min_samples_leaf': 10, 'model__max_leaf_nodes': 25, 'model__max_iter': 390, 'model__max_depth': 48, 'model__max_bins': 120, 'model__learning_rate': 0.2, 'model__l2_regularization': 5, 'model': HistGradientBoostingRegressor()}",-2103.6975629877224,-2002.303535456491,-2050.5654635318983,-2052.188853992037,41.409851904996216,322,-460.71481238167075,-579.3980270545674,-491.32953476409256,-510.48079140011026,50.30907363042426
548,1,4000,0.9600287278493246,0.1262566974827079,0.14147265752156576,0.022501051695602906,7,80,30,250,48,120,0.1,7,HistGradientBoostingRegressor(),"{'q': 7, 'model__min_samples_leaf': 80, 'model__max_leaf_nodes': 30, 'model__max_iter': 250, 'model__max_depth': 48, 'model__max_bins': 120, 'model__learning_rate': 0.1, 'model__l2_regularization': 7, 'model': HistGradientBoostingRegressor()}",-2140.0225182341346,-2050.339669028044,-2048.588271896366,-2079.650153052848,42.69569616222188,387,-1375.7737979351834,-1424.928035709547,-1417.1377738052754,-1405.9465358166688,21.57108602710109
549,1,4000,1.5802637736002605,0.15063571874313436,0.17473904291788736,0.0425982322999639,4,5,35,370,33,50,0.2,5,HistGradientBoostingRegressor(),"{'q': 4, 'model__min_samples_leaf': 5, 'model__max_leaf_nodes': 35, 'model__max_iter': 370, 'model__max_depth': 33, 'model__max_bins': 50, 'model__learning_rate': 0.2, 'model__l2_regularization': 5, 'model': HistGradientBoostingRegressor()}",-2140.810017661009,-2016.1727631970057,-2082.6949572594535,-2079.8925793724898,50.92151667973764,388,-317.18531376389865,-358.14949402561655,-337.982977746341,-337.77259517861876,16.724218202898268
550,1,4000,1.215742031733195,0.01355218346856131,0.17275285720825195,0.038324252660517956,3,75,55,290,38,50,0.05,1,HistGradientBoostingRegressor(),"{'q': 3, 'model__min_samples_leaf': 75, 'model__max_leaf_nodes': 55, 'model__max_iter': 290, 'model__max_depth': 38, 'model__max_bins': 50, 'model__learning_rate': 0.05, 'model__l2_regularization': 1, 'model': HistGradientBoostingRegressor()}",-2196.0616621685276,-2070.0706008619436,-2051.485083779618,-2105.8724489366964,64.22318376223596,435,-1543.9105080689149,-1561.3553249846316,-1595.7095674049858,-1566.991800152844,21.519185645478586
551,1,4000,0.7951494057973226,0.08956527613034387,0.15810028711954752,0.02366678342837846,6,45,15,250,3,120,0.2,1,HistGradientBoostingRegressor(),"{'q': 6, 'model__min_samples_leaf': 45, 'model__max_leaf_nodes': 15, 'model__max_iter': 250, 'model__max_depth': 3, 'model__max_bins': 120, 'model__learning_rate': 0.2, 'model__l2_regularization': 1, 'model': HistGradientBoostingRegressor()}",-2206.7312569099313,-2079.8477970897607,-2075.312793647136,-2120.630615882276,60.91049090310592,451,-1556.7221871761926,-1682.722856937783,-1643.4421358467391,-1627.629059986905,52.6408093985645
552,1,4000,0.8536703586578369,0.06460648526902218,0.1597017447153727,0.026165764025373947,7,45,50,210,8,50,0.2,3,HistGradientBoostingRegressor(),"{'q': 7, 'model__min_samples_leaf': 45, 'model__max_leaf_nodes': 50, 'model__max_iter': 210, 'model__max_depth': 8, 'model__max_bins': 50, 'model__learning_rate': 0.2, 'model__l2_regularization': 3, 'model': HistGradientBoostingRegressor()}",-2153.0416854541268,-2064.202980544933,-2083.202411190463,-2100.149025729841,38.19659392097153,426,-1162.792846188272,-1231.0567907228794,-1197.5733698205586,-1197.1410022439034,27.870315596191777
553,1,4000,1.3462803363800049,0.03218790874495161,0.1656804084777832,0.024084818660288384,14,65,60,310,43,190,0.1,3,HistGradientBoostingRegressor(),"{'q': 14, 'model__min_samples_leaf': 65, 'model__max_leaf_nodes': 60, 'model__max_iter': 310, 'model__max_depth': 43, 'model__max_bins': 190, 'model__learning_rate': 0.1, 'model__l2_regularization': 3, 'model': HistGradientBoostingRegressor()}",-2126.639589152692,-2017.9193119085198,-1990.1483851812209,-2044.9024287474776,58.89837935605181,302,-1144.6670097034328,-1184.896561472173,-1180.4098976475088,-1169.9911562743716,18.000311807089727
554,1,4000,1.6198062896728516,0.07361252231178254,0.1792316436767578,0.039190262022300026,10,30,60,230,48,85,0.2,9,HistGradientBoostingRegressor(),"{'q': 10, 'model__min_samples_leaf': 30, 'model__max_leaf_nodes': 60, 'model__max_iter': 230, 'model__max_depth': 48, 'model__max_bins': 85, 'model__learning_rate': 0.2, 'model__l2_regularization': 9, 'model': HistGradientBoostingRegressor()}",-2171.3511781579546,-2030.6687772256412,-2044.558235923462,-2082.192730435686,63.299030355464375,392,-566.0840464980475,-650.5116064313348,-610.0468231875161,-608.8808253722995,34.47726673477295
555,1,4000,0.3579707145690918,0.012809662317027692,0.12967856725056967,0.0018285812281259267,14,5,55,110,3,50,0.1,9,HistGradientBoostingRegressor(),"{'q': 14, 'model__min_samples_leaf': 5, 'model__max_leaf_nodes': 55, 'model__max_iter': 110, 'model__max_depth': 3, 'model__max_bins': 50, 'model__learning_rate': 0.1, 'model__l2_regularization': 9, 'model': HistGradientBoostingRegressor()}",-2348.4417766197903,-2169.7352415059127,-2141.1163693050876,-2219.7644624769305,91.73566497561357,483,-1838.8879203975127,-1870.8532432997451,-1947.4459582393604,-1885.7290406455395,45.54981818494896
556,1,4000,1.2391804059346516,0.1090171732938668,0.1754904588063558,0.03265347331667557,6,65,60,350,38,155,0.05,5,HistGradientBoostingRegressor(),"{'q': 6, 'model__min_samples_leaf': 65, 'model__max_leaf_nodes': 60, 'model__max_iter': 350, 'model__max_depth': 38, 'model__max_bins': 155, 'model__learning_rate': 0.05, 'model__l2_regularization': 5, 'model': HistGradientBoostingRegressor()}",-2121.935491284457,-2027.328095145876,-1987.7533959516247,-2045.6723274606527,56.29441548023029,303,-1335.8477981476485,-1402.71600832532,-1393.5092482695425,-1377.3576849141702,29.591599395867537
557,1,4000,0.8045126597086588,0.1757271651627165,0.14483038584391275,0.03518793996438718,5,40,20,290,23,50,0.2,9,HistGradientBoostingRegressor(),"{'q': 5, 'model__min_samples_leaf': 40, 'model__max_leaf_nodes': 20, 'model__max_iter': 290, 'model__max_depth': 23, 'model__max_bins': 50, 'model__learning_rate': 0.2, 'model__l2_regularization': 9, 'model': HistGradientBoostingRegressor()}",-2187.378026166593,-2074.5335791127754,-2043.6794845558645,-2101.863696611744,61.76578992259465,428,-1008.0324152906538,-1090.2592817327939,-1047.805344056945,-1048.6990136934644,33.57492492210827
558,1,4000,0.7159787019093832,0.10718620748623019,0.14238508542378744,0.022260385838087968,5,75,10,290,28,225,0.1,9,HistGradientBoostingRegressor(),"{'q': 5, 'model__min_samples_leaf': 75, 'model__max_leaf_nodes': 10, 'model__max_iter': 290, 'model__max_depth': 28, 'model__max_bins': 225, 'model__learning_rate': 0.1, 'model__l2_regularization': 9, 'model': HistGradientBoostingRegressor()}",-2172.374887701709,-2055.317246347043,-2038.7464374210053,-2088.8128571565853,59.473286096834634,414,-1568.8754657947286,-1622.2324813248174,-1626.7681013599122,-1605.9586828264862,26.28709063835971
559,1,4000,1.1278901894887288,0.05805636788665218,0.2602636019388835,0.09881096989817204,5,10,55,150,13,50,0.2,7,HistGradientBoostingRegressor(),"{'q': 5, 'model__min_samples_leaf': 10, 'model__max_leaf_nodes': 55, 'model__max_iter': 150, 'model__max_depth': 13, 'model__max_bins': 50, 'model__learning_rate': 0.2, 'model__l2_regularization': 7, 'model': HistGradientBoostingRegressor()}",-2179.6937277119305,-2047.971560831813,-2097.817664910862,-2108.4943178182016,54.302704044864676,440,-606.0472079400483,-681.8236332888799,-619.2654388771574,-635.7120933686953,33.04931661053198
560,1,4000,1.8979260921478271,0.14538480728611516,0.19527109464009604,0.03750221634625888,6,30,55,390,13,190,0.2,9,HistGradientBoostingRegressor(),"{'q': 6, 'model__min_samples_leaf': 30, 'model__max_leaf_nodes': 55, 'model__max_iter': 390, 'model__max_depth': 13, 'model__max_bins': 190, 'model__learning_rate': 0.2, 'model__l2_regularization': 9, 'model': HistGradientBoostingRegressor()}",-2136.4405149463237,-2086.2272410309465,-2040.002036088772,-2087.5565973553475,39.38206395698028,409,-504.7527723159153,-558.8034235975317,-539.2536169330333,-534.2699376154934,22.345708322431573
561,1,4000,1.1279444694519043,0.19145925422691065,0.14592870076497397,0.03465429875854898,4,10,35,250,33,50,0.2,5,HistGradientBoostingRegressor(),"{'q': 4, 'model__min_samples_leaf': 10, 'model__max_leaf_nodes': 35, 'model__max_iter': 250, 'model__max_depth': 33, 'model__max_bins': 50, 'model__learning_rate': 0.2, 'model__l2_regularization': 5, 'model': HistGradientBoostingRegressor()}",-2219.0301956365006,-2078.126315130383,-2077.2827370780947,-2124.8130826149923,66.62244964756384,456,-551.9626339774887,-591.6917574161855,-558.0502441925497,-567.2348785287413,17.471289653198927
562,1,4000,0.7442756493886312,0.1397179562084119,0.14876468976338705,0.031046633295440596,14,45,50,110,23,225,0.05,9,HistGradientBoostingRegressor(),"{'q': 14, 'model__min_samples_leaf': 45, 'model__max_leaf_nodes': 50, 'model__max_iter': 110, 'model__max_depth': 23, 'model__max_bins': 225, 'model__learning_rate': 0.05, 'model__l2_regularization': 9, 'model': HistGradientBoostingRegressor()}",-2171.836387962702,-2052.0792750558994,-2036.5354437142603,-2086.8170355776206,60.451745953161144,407,-1539.1285622847722,-1633.8798238756485,-1614.377220714645,-1595.7952022916886,40.85273511666825
563,1,4000,0.7034134864807129,0.07849777371601263,0.16960867245992026,0.04794544746442025,14,25,65,390,3,120,0.05,7,HistGradientBoostingRegressor(),"{'q': 14, 'model__min_samples_leaf': 25, 'model__max_leaf_nodes': 65, 'model__max_iter': 390, 'model__max_depth': 3, 'model__max_bins': 120, 'model__learning_rate': 0.05, 'model__l2_regularization': 7, 'model': HistGradientBoostingRegressor()}",-2279.9596524485573,-2138.220531468843,-2076.211954679161,-2164.7973795321873,85.2761307999641,471,-1698.7580727311424,-1818.7494319737896,-1787.2137345856822,-1768.2404130968716,50.79023376898902
564,1,4000,0.8205584685007731,0.052276124929131126,0.15442132949829102,0.02719077971323252,4,75,10,290,38,225,0.05,3,HistGradientBoostingRegressor(),"{'q': 4, 'model__min_samples_leaf': 75, 'model__max_leaf_nodes': 10, 'model__max_iter': 290, 'model__max_depth': 38, 'model__max_bins': 225, 'model__learning_rate': 0.05, 'model__l2_regularization': 3, 'model': HistGradientBoostingRegressor()}",-2214.154530959777,-2081.850544301767,-2063.7761923961507,-2119.9270892192317,67.03620231848812,450,-1702.7555555534072,-1766.7297283942448,-1780.668148756919,-1750.051144234857,33.92368319326301
565,1,4000,0.7130159536997477,0.04898205197504843,0.13166435559590658,0.015296729822174672,7,45,15,170,8,155,0.2,1,HistGradientBoostingRegressor(),"{'q': 7, 'model__min_samples_leaf': 45, 'model__max_leaf_nodes': 15, 'model__max_iter': 170, 'model__max_depth': 8, 'model__max_bins': 155, 'model__learning_rate': 0.2, 'model__l2_regularization': 1, 'model': HistGradientBoostingRegressor()}",-2130.6702035521803,-2043.7536786539335,-2024.234092330144,-2066.219324845419,46.2651084304229,352,-1322.832803828606,-1421.3024795439226,-1350.4498215569263,-1364.8617016431517,41.47164472732908
566,1,4000,0.8579400380452474,0.09278971072977545,0.1549992561340332,0.011791310084922142,13,60,10,330,18,190,0.05,5,HistGradientBoostingRegressor(),"{'q': 13, 'model__min_samples_leaf': 60, 'model__max_leaf_nodes': 10, 'model__max_iter': 330, 'model__max_depth': 18, 'model__max_bins': 190, 'model__learning_rate': 0.05, 'model__l2_regularization': 5, 'model': HistGradientBoostingRegressor()}",-2189.285104337885,-2062.5485932709153,-2063.48386189536,-2105.1058531680533,59.52494394501165,433,-1653.7935409710742,-1715.5276774116328,-1725.7475907453943,-1698.3562697093673,31.785628320457505
567,1,4000,1.1572333971659343,0.1207399152933736,0.14773925145467123,0.0173033102401667,4,60,30,310,23,120,0.05,1,HistGradientBoostingRegressor(),"{'q': 4, 'model__min_samples_leaf': 60, 'model__max_leaf_nodes': 30, 'model__max_iter': 310, 'model__max_depth': 23, 'model__max_bins': 120, 'model__learning_rate': 0.05, 'model__l2_regularization': 1, 'model': HistGradientBoostingRegressor()}",-2138.8837090075435,-2027.5926152961529,-2018.2924189299508,-2061.5895810778825,54.786921020851885,341,-1337.1983497726605,-1411.5853886176355,-1411.8076496772462,-1386.8637960225142,35.1188910549339
568,1,4000,0.7274270057678223,0.0326243705170803,0.16052635510762533,0.019511170894216005,12,60,55,90,23,225,0.2,3,HistGradientBoostingRegressor(),"{'q': 12, 'model__min_samples_leaf': 60, 'model__max_leaf_nodes': 55, 'model__max_iter': 90, 'model__max_depth': 23, 'model__max_bins': 225, 'model__learning_rate': 0.2, 'model__l2_regularization': 3, 'model': HistGradientBoostingRegressor()}",-2145.038494320355,-2039.772954933034,-2047.199506683537,-2077.3369853123086,47.96810856670396,375,-1259.450751769747,-1340.4050147058565,-1351.614526816284,-1317.1567644306292,41.060128375768414
569,1,4000,0.6011229356129965,0.06187946199862331,0.13722832997639975,0.01851073815096971,13,25,5,270,48,85,0.2,5,HistGradientBoostingRegressor(),"{'q': 13, 'model__min_samples_leaf': 25, 'model__max_leaf_nodes': 5, 'model__max_iter': 270, 'model__max_depth': 48, 'model__max_bins': 85, 'model__learning_rate': 0.2, 'model__l2_regularization': 5, 'model': HistGradientBoostingRegressor()}",-2185.7784422601603,-2104.9082748542214,-2021.0085162263033,-2103.898411113562,67.27083072616095,430,-1546.7138276841536,-1675.5807907407288,-1608.845648822697,-1610.3800890825266,52.6209047308477
570,1,4000,0.8452860514322916,0.02965600044527295,0.15696159998575845,0.0026536316477837243,7,60,10,330,18,190,0.05,9,HistGradientBoostingRegressor(),"{'q': 7, 'model__min_samples_leaf': 60, 'model__max_leaf_nodes': 10, 'model__max_iter': 330, 'model__max_depth': 18, 'model__max_bins': 190, 'model__learning_rate': 0.05, 'model__l2_regularization': 9, 'model': HistGradientBoostingRegressor()}",-2195.125090166835,-2065.222184853233,-2029.6070017870509,-2096.651425602373,71.1332424668666,424,-1660.5947283137166,-1721.3666199510644,-1715.6855095539775,-1699.2156192729196,27.407403716246122
571,1,4000,0.9194606145222982,0.03355049472230033,0.1315288543701172,0.010092489721810202,4,55,50,170,18,120,0.2,5,HistGradientBoostingRegressor(),"{'q': 4, 'model__min_samples_leaf': 55, 'model__max_leaf_nodes': 50, 'model__max_iter': 170, 'model__max_depth': 18, 'model__max_bins': 120, 'model__learning_rate': 0.2, 'model__l2_regularization': 5, 'model': HistGradientBoostingRegressor()}",-2128.2926076205417,-2047.7205536891192,-2052.6957231551282,-2076.2362948215964,36.86536635262702,373,-1025.7838014504885,-1104.4970772903375,-1092.6239436532173,-1074.301607464681,34.64800091312966
572,1,4000,0.7722867329915365,0.10615816303852664,0.1560970147450765,0.017142561648661143,13,75,20,150,33,225,0.1,1,HistGradientBoostingRegressor(),"{'q': 13, 'model__min_samples_leaf': 75, 'model__max_leaf_nodes': 20, 'model__max_iter': 150, 'model__max_depth': 33, 'model__max_bins': 225, 'model__learning_rate': 0.1, 'model__l2_regularization': 1, 'model': HistGradientBoostingRegressor()}",-2172.078141239207,-2055.351968801817,-2022.1560800803654,-2083.19539670713,64.29410788798423,397,-1523.0118042584131,-1573.1312936751476,-1553.1452083266106,-1549.7627687533904,20.600509345619013
573,1,4000,1.5342010656992595,0.031149919485228474,0.15001996358235678,0.00902199930798992,8,65,35,350,38,190,0.05,9,HistGradientBoostingRegressor(),"{'q': 8, 'model__min_samples_leaf': 65, 'model__max_leaf_nodes': 35, 'model__max_iter': 350, 'model__max_depth': 38, 'model__max_bins': 190, 'model__learning_rate': 0.05, 'model__l2_regularization': 9, 'model': HistGradientBoostingRegressor()}",-2106.2708940782118,-2025.410724174786,-2005.4883168253668,-2045.7233116927885,43.579298435448194,304,-1339.0541588789258,-1413.9966041448322,-1403.469922243038,-1385.506895088932,33.126980786188
574,1,4000,0.5952252546946207,0.06719550751390763,0.13741501172383627,0.013580590978247965,14,60,10,230,28,225,0.1,5,HistGradientBoostingRegressor(),"{'q': 14, 'model__min_samples_leaf': 60, 'model__max_leaf_nodes': 10, 'model__max_iter': 230, 'model__max_depth': 28, 'model__max_bins': 225, 'model__learning_rate': 0.1, 'model__l2_regularization': 5, 'model': HistGradientBoostingRegressor()}",-2178.3480637758107,-2068.537383499451,-2017.7496055321494,-2088.211684269137,67.02375091782665,413,-1580.9987654002084,-1641.880716277283,-1638.861371827942,-1620.5802845018113,28.015490965045856
575,1,4000,0.8187777201334635,0.028675920211453276,0.14438899358113608,0.02376435418725369,9,45,15,250,43,85,0.2,7,HistGradientBoostingRegressor(),"{'q': 9, 'model__min_samples_leaf': 45, 'model__max_leaf_nodes': 15, 'model__max_iter': 250, 'model__max_depth': 43, 'model__max_bins': 85, 'model__learning_rate': 0.2, 'model__l2_regularization': 7, 'model': HistGradientBoostingRegressor()}",-2125.150910214662,-2033.4842673808369,-2019.6133071323675,-2059.4161615759554,46.82516252685161,338,-1187.6332921340183,-1275.8806751438362,-1238.0897516493617,-1233.8679063090722,36.15031706249493
576,1,4000,0.9102883338928223,0.028398293938332212,0.14177672068277994,0.018819926808021886,5,75,35,210,33,155,0.1,5,HistGradientBoostingRegressor(),"{'q': 5, 'model__min_samples_leaf': 75, 'model__max_leaf_nodes': 35, 'model__max_iter': 210, 'model__max_depth': 33, 'model__max_bins': 155, 'model__learning_rate': 0.1, 'model__l2_regularization': 5, 'model': HistGradientBoostingRegressor()}",-2137.291872022672,-2040.7757888760875,-2021.8841867095218,-2066.650615869427,50.542809981811295,354,-1370.23908236118,-1410.6669925107703,-1422.6799617768345,-1401.195345549595,22.43205341454741
577,1,4000,1.6602086226145427,0.06871531279122936,0.15894198417663574,0.02064764831369006,8,20,40,370,13,85,0.01,9,HistGradientBoostingRegressor(),"{'q': 8, 'model__min_samples_leaf': 20, 'model__max_leaf_nodes': 40, 'model__max_iter': 370, 'model__max_depth': 13, 'model__max_bins': 85, 'model__learning_rate': 0.01, 'model__l2_regularization': 9, 'model': HistGradientBoostingRegressor()}",-2253.432010816833,-2078.5704872964247,-2116.1794034243476,-2149.393967179202,75.15115229118153,466,-1611.6327010063844,-1681.7458591364955,-1675.2816510165787,-1656.2200703864862,31.638285118219546
578,1,4000,0.8187000751495361,0.20659100424562643,0.14130798975626627,0.013572745669087685,12,60,50,150,43,155,0.1,5,HistGradientBoostingRegressor(),"{'q': 12, 'model__min_samples_leaf': 60, 'model__max_leaf_nodes': 50, 'model__max_iter': 150, 'model__max_depth': 43, 'model__max_bins': 155, 'model__learning_rate': 0.1, 'model__l2_regularization': 5, 'model': HistGradientBoostingRegressor()}",-2123.3838954767466,-2022.6680829960173,-2005.762760450263,-2050.6049129743424,51.92322988899382,319,-1326.3214809492015,-1410.2465462280609,-1395.9389164375925,-1377.502314538285,36.65865393701162
579,1,4000,0.49375756581624347,0.09639156391368355,0.15351533889770508,0.019477765777935464,13,10,50,150,3,225,0.1,9,HistGradientBoostingRegressor(),"{'q': 13, 'model__min_samples_leaf': 10, 'model__max_leaf_nodes': 50, 'model__max_iter': 150, 'model__max_depth': 3, 'model__max_bins': 225, 'model__learning_rate': 0.1, 'model__l2_regularization': 9, 'model': HistGradientBoostingRegressor()}",-2303.0132769332786,-2127.649696040477,-2069.8513494932,-2166.8381074889853,99.13936250143465,473,-1755.649507869913,-1816.6430673576747,-1823.8474851111391,-1798.713353446242,30.592450110640733
580,1,4000,1.0245343844095867,0.014363683290343598,0.24096528689066568,0.016640446949162606,13,60,15,350,13,85,0.05,1,HistGradientBoostingRegressor(),"{'q': 13, 'model__min_samples_leaf': 60, 'model__max_leaf_nodes': 15, 'model__max_iter': 350, 'model__max_depth': 13, 'model__max_bins': 85, 'model__learning_rate': 0.05, 'model__l2_regularization': 1, 'model': HistGradientBoostingRegressor()}",-2172.0778478851207,-2052.8556177434416,-2017.8534875192001,-2080.9289843825877,66.01703703545657,389,-1514.1894411506846,-1601.076907556418,-1580.0078689391992,-1565.0914058821006,37.006608483730794
581,1,4000,0.7639122009277344,0.1412169565881163,0.15320158004760742,0.0291630600584916,6,55,60,190,8,120,0.2,7,HistGradientBoostingRegressor(),"{'q': 6, 'model__min_samples_leaf': 55, 'model__max_leaf_nodes': 60, 'model__max_iter': 190, 'model__max_depth': 8, 'model__max_bins': 120, 'model__learning_rate': 0.2, 'model__l2_regularization': 7, 'model': HistGradientBoostingRegressor()}",-2146.940826869875,-2006.1293405955805,-2044.3674693687433,-2065.8125456114,59.452429936232505,350,-1257.5110561440354,-1310.8462005900833,-1277.7998084770463,-1282.0523550703883,21.980635760696398
582,1,4000,1.5631409486134846,0.05853772748382327,0.1674633820851644,0.018290607355705202,12,75,60,390,28,190,0.1,5,HistGradientBoostingRegressor(),"{'q': 12, 'model__min_samples_leaf': 75, 'model__max_leaf_nodes': 60, 'model__max_iter': 390, 'model__max_depth': 28, 'model__max_bins': 190, 'model__learning_rate': 0.1, 'model__l2_regularization': 5, 'model': HistGradientBoostingRegressor()}",-2110.761337508174,-2036.3863180376275,-2004.4312669392416,-2050.5263074950144,44.54567284027938,318,-1163.3690918468797,-1201.441108420415,-1190.2216443684483,-1185.010614878581,15.973639383936868
583,1,4000,1.0763200124104817,0.08488660327100206,0.14442737897237143,0.014129945017135723,12,70,25,310,48,120,0.1,5,HistGradientBoostingRegressor(),"{'q': 12, 'model__min_samples_leaf': 70, 'model__max_leaf_nodes': 25, 'model__max_iter': 310, 'model__max_depth': 48, 'model__max_bins': 120, 'model__learning_rate': 0.1, 'model__l2_regularization': 5, 'model': HistGradientBoostingRegressor()}",-2146.0900911690073,-2039.0227031658346,-1999.4430093054407,-2061.5186012134277,61.94562522352797,340,-1233.275765389707,-1286.0988633097559,-1285.421960756869,-1268.2655298187774,24.74304293288524
584,1,4000,1.1154637336730957,0.11206707302580801,0.13696932792663574,0.01347272406419637,11,80,35,350,38,155,0.1,7,HistGradientBoostingRegressor(),"{'q': 11, 'model__min_samples_leaf': 80, 'model__max_leaf_nodes': 35, 'model__max_iter': 350, 'model__max_depth': 38, 'model__max_bins': 155, 'model__learning_rate': 0.1, 'model__l2_regularization': 7, 'model': HistGradientBoostingRegressor()}",-2101.3435759368217,-2020.7493133849769,-1996.252077420678,-2039.4483222474921,44.894657918453795,290,-1247.7380991415196,-1289.0649134962669,-1298.5045629044257,-1278.4358585140706,22.046028638714457
585,1,4000,1.2280129591623943,0.0697867165525497,0.17546629905700684,0.027191058355034062,5,60,45,370,43,50,0.05,7,HistGradientBoostingRegressor(),"{'q': 5, 'model__min_samples_leaf': 60, 'model__max_leaf_nodes': 45, 'model__max_iter': 370, 'model__max_depth': 43, 'model__max_bins': 50, 'model__learning_rate': 0.05, 'model__l2_regularization': 7, 'model': HistGradientBoostingRegressor()}",-2148.773023755337,-2001.289225049223,-2018.1006868346992,-2056.054311879753,65.92028499504426,330,-1358.4642589044443,-1406.7902863842467,-1396.0425101217033,-1387.0990184701313,20.717798550778458
586,1,4000,0.772356907526652,0.13918675456408602,0.14014013608296713,0.025963343748037618,11,55,25,210,23,155,0.2,3,HistGradientBoostingRegressor(),"{'q': 11, 'model__min_samples_leaf': 55, 'model__max_leaf_nodes': 25, 'model__max_iter': 210, 'model__max_depth': 23, 'model__max_bins': 155, 'model__learning_rate': 0.2, 'model__l2_regularization': 3, 'model': HistGradientBoostingRegressor()}",-2140.0992017470626,-2037.9229607435673,-2040.8288015155188,-2072.950321335383,47.49624604853546,366,-1032.2776939009862,-1090.3271601122822,-1090.0799793175736,-1070.894944443614,27.306706187191264
587,1,4000,0.9455575942993164,0.045122039536569354,0.17078701655069986,0.03170833193868351,13,80,40,290,28,225,0.1,3,HistGradientBoostingRegressor(),"{'q': 13, 'model__min_samples_leaf': 80, 'model__max_leaf_nodes': 40, 'model__max_iter': 290, 'model__max_depth': 28, 'model__max_bins': 225, 'model__learning_rate': 0.1, 'model__l2_regularization': 3, 'model': HistGradientBoostingRegressor()}",-2121.879712834262,-2027.4232642186896,-1998.1686082235158,-2049.1571950921557,52.79130082638119,313,-1291.8971870056935,-1338.713243679284,-1335.3930546880783,-1322.0011617910186,21.329836491652557
588,1,4000,0.749091625213623,0.11091756756737858,0.13232008616129556,0.0055245400383753486,7,35,40,390,3,85,0.2,3,HistGradientBoostingRegressor(),"{'q': 7, 'model__min_samples_leaf': 35, 'model__max_leaf_nodes': 40, 'model__max_iter': 390, 'model__max_depth': 3, 'model__max_bins': 85, 'model__learning_rate': 0.2, 'model__l2_regularization': 3, 'model': HistGradientBoostingRegressor()}",-2198.0402942456262,-2046.032244897533,-2008.726991831202,-2084.266510324787,81.8790812004104,399,-1401.166618389419,-1513.2629798968994,-1494.122594441637,-1469.5173975759851,48.95889670871574
589,1,4000,0.9165637493133545,0.04856508753146672,0.13849091529846191,0.013948881802264487,6,55,25,190,18,155,0.2,3,HistGradientBoostingRegressor(),"{'q': 6, 'model__min_samples_leaf': 55, 'model__max_leaf_nodes': 25, 'model__max_iter': 190, 'model__max_depth': 18, 'model__max_bins': 155, 'model__learning_rate': 0.2, 'model__l2_regularization': 3, 'model': HistGradientBoostingRegressor()}",-2100.5653838628523,-2023.2012638205674,-2023.2063492552859,-2048.9909989795688,36.46859734559061,312,-1076.61883986349,-1146.2660960860778,-1122.4748352441286,-1115.1199237312321,28.90508741099168
590,1,4000,0.7488683064778646,0.12790150292391725,0.1505113442738851,0.018388402940100173,10,40,50,210,8,50,0.2,5,HistGradientBoostingRegressor(),"{'q': 10, 'model__min_samples_leaf': 40, 'model__max_leaf_nodes': 50, 'model__max_iter': 210, 'model__max_depth': 8, 'model__max_bins': 50, 'model__learning_rate': 0.2, 'model__l2_regularization': 5, 'model': HistGradientBoostingRegressor()}",-2157.819551317096,-2054.231045372903,-2046.1887149103552,-2086.079770533451,50.8338265330035,404,-1140.2950552524646,-1178.5642233697918,-1117.2021569391818,-1145.3538118538127,25.305059611632473
591,1,4000,1.5254170099894206,0.04231353475271137,0.16403706868489584,0.031655974124914915,11,15,30,390,38,190,0.01,9,HistGradientBoostingRegressor(),"{'q': 11, 'model__min_samples_leaf': 15, 'model__max_leaf_nodes': 30, 'model__max_iter': 390, 'model__max_depth': 38, 'model__max_bins': 190, 'model__learning_rate': 0.01, 'model__l2_regularization': 9, 'model': HistGradientBoostingRegressor()}",-2250.8353374294534,-2062.540332401522,-2118.5359443534617,-2143.970538061479,78.94699127657798,464,-1643.206832553509,-1687.5944931056,-1711.3220606643856,-1680.707795441165,28.23108250008833
592,1,4000,0.8582653204600016,0.18826081530115862,0.18002756436665854,0.0344084336774663,5,75,20,210,18,225,0.1,9,HistGradientBoostingRegressor(),"{'q': 5, 'model__min_samples_leaf': 75, 'model__max_leaf_nodes': 20, 'model__max_iter': 210, 'model__max_depth': 18, 'model__max_bins': 225, 'model__learning_rate': 0.1, 'model__l2_regularization': 9, 'model': HistGradientBoostingRegressor()}",-2137.2096608705365,-2054.1966779608965,-2027.1348135518463,-2072.8470507944267,46.83300337853277,365,-1426.4490041132526,-1481.54104328747,-1484.7453599765472,-1464.245135792423,26.757897137018347
593,1,4000,0.8286431630452474,0.07831471130391895,0.15836199124654135,0.028360601634004532,6,55,20,170,43,225,0.05,1,HistGradientBoostingRegressor(),"{'q': 6, 'model__min_samples_leaf': 55, 'model__max_leaf_nodes': 20, 'model__max_iter': 170, 'model__max_depth': 43, 'model__max_bins': 225, 'model__learning_rate': 0.05, 'model__l2_regularization': 1, 'model': HistGradientBoostingRegressor()}",-2175.3350572229283,-2041.9942269635737,-2019.179980540931,-2078.836421575811,68.86756600546003,382,-1562.3788077622678,-1656.967472708825,-1627.860396480682,-1615.735558983925,39.55597424186886
594,1,4000,1.5651391347249348,0.035069770186575075,0.16115601857503256,0.004107442206916402,7,60,35,330,38,155,0.05,5,HistGradientBoostingRegressor(),"{'q': 7, 'model__min_samples_leaf': 60, 'model__max_leaf_nodes': 35, 'model__max_iter': 330, 'model__max_depth': 38, 'model__max_bins': 155, 'model__learning_rate': 0.05, 'model__l2_regularization': 5, 'model': HistGradientBoostingRegressor()}",-2121.289495927138,-2025.644840158115,-2003.641307895751,-2050.1918813270013,51.06983427541416,316,-1314.7449111467936,-1377.7560157616067,-1372.8316669696621,-1355.1108646260209,28.613749060798654
595,1,4000,1.1457873185475667,0.009189004121617278,0.20325001080830893,0.03104230868356941,6,70,40,330,8,120,0.05,9,HistGradientBoostingRegressor(),"{'q': 6, 'model__min_samples_leaf': 70, 'model__max_leaf_nodes': 40, 'model__max_iter': 330, 'model__max_depth': 8, 'model__max_bins': 120, 'model__learning_rate': 0.05, 'model__l2_regularization': 9, 'model': HistGradientBoostingRegressor()}",-2162.6342857982436,-2059.065417086678,-2041.574195133594,-2087.757966006172,53.424920281060224,411,-1537.8696889986074,-1589.5679117582447,-1610.3507237965487,-1579.2627748511338,30.474273153495872
596,1,4000,0.7243233521779379,0.14967177142410443,0.16010340054829916,0.017486514326682072,12,40,50,350,3,225,0.2,5,HistGradientBoostingRegressor(),"{'q': 12, 'model__min_samples_leaf': 40, 'model__max_leaf_nodes': 50, 'model__max_iter': 350, 'model__max_depth': 3, 'model__max_bins': 225, 'model__learning_rate': 0.2, 'model__l2_regularization': 5, 'model': HistGradientBoostingRegressor()}",-2198.691524312628,-2135.6335843062593,-2008.5789670847814,-2114.3013585678896,79.06534847893187,441,-1465.9577226154422,-1592.333587944903,-1568.6433833708493,-1542.3115646437316,54.84972405005545
597,1,4000,0.628653367360433,0.028178268168973706,0.18764638900756836,0.031469215334963226,9,35,5,250,48,50,0.2,9,HistGradientBoostingRegressor(),"{'q': 9, 'model__min_samples_leaf': 35, 'model__max_leaf_nodes': 5, 'model__max_iter': 250, 'model__max_depth': 48, 'model__max_bins': 50, 'model__learning_rate': 0.2, 'model__l2_regularization': 9, 'model': HistGradientBoostingRegressor()}",-2239.895942420513,-2087.9955300586485,-2021.684162568287,-2116.5252116824827,91.34021482617285,444,-1652.4928101758019,-1743.271436300808,-1714.9882151704248,-1703.584153882345,37.92737973797317
598,1,4000,1.0797340075174968,0.11535138250795893,0.14923969904581705,0.02804851081894686,13,50,40,230,18,155,0.2,1,HistGradientBoostingRegressor(),"{'q': 13, 'model__min_samples_leaf': 50, 'model__max_leaf_nodes': 40, 'model__max_iter': 230, 'model__max_depth': 18, 'model__max_bins': 155, 'model__learning_rate': 0.2, 'model__l2_regularization': 1, 'model': HistGradientBoostingRegressor()}",-2116.077846530252,-2070.617461361814,-2024.8188806833903,-2070.504729525152,37.256402073647365,361,-847.548776367158,-899.0763584040661,-864.8298381666448,-870.4849909792896,21.41274531119801
599,1,4000,1.2347540060679119,0.04711033803932946,0.1586631933848063,0.009976971185394777,13,25,55,190,43,50,0.2,3,HistGradientBoostingRegressor(),"{'q': 13, 'model__min_samples_leaf': 25, 'model__max_leaf_nodes': 55, 'model__max_iter': 190, 'model__max_depth': 43, 'model__max_bins': 50, 'model__learning_rate': 0.2, 'model__l2_regularization': 3, 'model': HistGradientBoostingRegressor()}",-2188.342569123229,-2096.5834800968146,-2087.214701650466,-2124.0469169568364,45.6244939188042,452,-596.2523779170725,-686.9923075215884,-620.0152968734043,-634.4199941040216,38.41922420600952
600,1,4000,1.1666956742604573,0.2797426679548671,0.18028871218363443,0.031093882581192583,11,60,60,290,48,190,0.05,1,HistGradientBoostingRegressor(),"{'q': 11, 'model__min_samples_leaf': 60, 'model__max_leaf_nodes': 60, 'model__max_iter': 290, 'model__max_depth': 48, 'model__max_bins': 190, 'model__learning_rate': 0.05, 'model__l2_regularization': 1, 'model': HistGradientBoostingRegressor()}",-2138.4650379422756,-2021.7908883362643,-1992.270202857271,-2050.84204304527,63.12004247900911,320,-1317.9093773747027,-1405.3719277817759,-1398.7055085068694,-1373.9956045544493,39.752223803042966
601,1,4000,0.8149503072102865,0.021322351525499415,0.1463923454284668,0.009749787312400662,5,55,15,210,33,190,0.05,5,HistGradientBoostingRegressor(),"{'q': 5, 'model__min_samples_leaf': 55, 'model__max_leaf_nodes': 15, 'model__max_iter': 210, 'model__max_depth': 33, 'model__max_bins': 190, 'model__learning_rate': 0.05, 'model__l2_regularization': 5, 'model': HistGradientBoostingRegressor()}",-2180.551713967341,-2038.8912189338878,-2029.5798010901692,-2083.0075779971326,69.07879304193611,395,-1602.097560608335,-1699.3459817356606,-1683.6161057959407,-1661.6865493799787,42.62231759997776
602,1,4000,0.6883909702301025,0.05634921848431415,0.15404295921325684,0.01768565395136927,5,40,45,250,3,155,0.2,7,HistGradientBoostingRegressor(),"{'q': 5, 'model__min_samples_leaf': 40, 'model__max_leaf_nodes': 45, 'model__max_iter': 250, 'model__max_depth': 3, 'model__max_bins': 155, 'model__learning_rate': 0.2, 'model__l2_regularization': 7, 'model': HistGradientBoostingRegressor()}",-2229.3487680309486,-2111.0537532218414,-2042.2583358544962,-2127.553619035762,77.26530757462012,459,-1542.5571468800467,-1658.112743822706,-1658.6397458208853,-1619.7698788412126,54.59807026783192
603,1,4000,1.0992952982584636,0.11982177759251114,0.2072120507558187,0.10591046203926743,11,20,45,210,18,155,0.2,5,HistGradientBoostingRegressor(),"{'q': 11, 'model__min_samples_leaf': 20, 'model__max_leaf_nodes': 45, 'model__max_iter': 210, 'model__max_depth': 18, 'model__max_bins': 155, 'model__learning_rate': 0.2, 'model__l2_regularization': 5, 'model': HistGradientBoostingRegressor()}",-2138.1484649261156,-2081.7018456923965,-2017.9147224593912,-2079.2550110259676,49.11570323771057,385,-558.1691742270061,-639.1237741835635,-591.9242532511464,-596.4057338872386,33.20115023158395
604,1,4000,1.0569001038869221,0.13868468913115853,0.1681516170501709,0.0048901685090862465,11,15,50,170,48,120,0.2,7,HistGradientBoostingRegressor(),"{'q': 11, 'model__min_samples_leaf': 15, 'model__max_leaf_nodes': 50, 'model__max_iter': 170, 'model__max_depth': 48, 'model__max_bins': 120, 'model__learning_rate': 0.2, 'model__l2_regularization': 7, 'model': HistGradientBoostingRegressor()}",-2144.3722711873206,-2050.2306131950413,-2064.990997833957,-2086.5312940721064,41.34127246795261,405,-584.2252910233626,-658.5206402339073,-623.0119746585093,-621.9193019719264,30.340788594225213
605,1,4000,0.7631343205769857,0.1023040941495331,0.13290230433146158,0.018015950447679903,10,40,15,250,33,50,0.2,5,HistGradientBoostingRegressor(),"{'q': 10, 'model__min_samples_leaf': 40, 'model__max_leaf_nodes': 15, 'model__max_iter': 250, 'model__max_depth': 33, 'model__max_bins': 50, 'model__learning_rate': 0.2, 'model__l2_regularization': 5, 'model': HistGradientBoostingRegressor()}",-2155.853684610875,-2068.3075542867537,-2024.8563781890366,-2083.005872362222,54.479990137847736,394,-1175.6948353323533,-1255.6291972222361,-1212.5892614187323,-1214.637764657774,32.66519888021464
606,1,4000,0.6690086523691813,0.014039179605485922,0.1567994753519694,0.04315798304592461,14,45,65,70,33,50,0.1,3,HistGradientBoostingRegressor(),"{'q': 14, 'model__min_samples_leaf': 45, 'model__max_leaf_nodes': 65, 'model__max_iter': 70, 'model__max_depth': 33, 'model__max_bins': 50, 'model__learning_rate': 0.1, 'model__l2_regularization': 3, 'model': HistGradientBoostingRegressor()}",-2167.1729044620224,-2011.8890714068937,-2043.2560918983716,-2074.106022589096,67.04255300324884,370,-1509.6376579834637,-1543.8207013773865,-1572.569770678702,-1542.009376679851,25.72383298216492
607,1,4000,0.9352626005808512,0.06772634608291642,0.15018383661905924,0.027171549568129734,4,15,35,150,13,85,0.2,7,HistGradientBoostingRegressor(),"{'q': 4, 'model__min_samples_leaf': 15, 'model__max_leaf_nodes': 35, 'model__max_iter': 150, 'model__max_depth': 13, 'model__max_bins': 85, 'model__learning_rate': 0.2, 'model__l2_regularization': 7, 'model': HistGradientBoostingRegressor()}",-2110.059104363326,-2031.405894858989,-2072.7711304050567,-2071.412043209124,32.124416257605695,362,-816.5250550139582,-927.0801971676528,-869.9137880400641,-871.173013407225,45.14272994661771
608,1,4000,0.5775890350341797,0.0958426128223833,0.12784528732299805,0.010637627696669216,14,25,50,210,3,50,0.2,7,HistGradientBoostingRegressor(),"{'q': 14, 'model__min_samples_leaf': 25, 'model__max_leaf_nodes': 50, 'model__max_iter': 210, 'model__max_depth': 3, 'model__max_bins': 50, 'model__learning_rate': 0.2, 'model__l2_regularization': 7, 'model': HistGradientBoostingRegressor()}",-2242.197601553082,-2096.1384312902437,-2077.7832344412564,-2138.7064224281944,73.56197582236823,462,-1553.8675314596903,-1721.1058864845209,-1652.2964792765065,-1642.4232990735727,68.63078324553067
609,1,4000,1.2460113366444905,0.04292616552567437,0.15210088094075522,0.03721675256435888,10,50,65,230,18,225,0.2,7,HistGradientBoostingRegressor(),"{'q': 10, 'model__min_samples_leaf': 50, 'model__max_leaf_nodes': 65, 'model__max_iter': 230, 'model__max_depth': 18, 'model__max_bins': 225, 'model__learning_rate': 0.2, 'model__l2_regularization': 7, 'model': HistGradientBoostingRegressor()}",-2135.928221671842,-2071.3555950709183,-1995.8484838817342,-2067.7107668748313,57.24535972036269,355,-858.5002283833494,-894.2603297449464,-862.7472238825458,-871.8359273369473,15.950958387287343
610,1,4000,1.2165823777516682,0.19734859916025865,0.15342020988464355,0.01935147841115379,8,25,20,330,33,120,0.2,9,HistGradientBoostingRegressor(),"{'q': 8, 'model__min_samples_leaf': 25, 'model__max_leaf_nodes': 20, 'model__max_iter': 330, 'model__max_depth': 33, 'model__max_bins': 120, 'model__learning_rate': 0.2, 'model__l2_regularization': 9, 'model': HistGradientBoostingRegressor()}",-2116.7377655505998,-2066.371254710906,-2034.3587420772196,-2072.4892541129084,33.908192860714394,364,-843.5897187011157,-907.4213576165862,-858.9121388397717,-869.9744050524911,27.207839948313417
611,1,4000,1.2368383407592773,0.20705280376353477,0.16142630577087402,0.007628279336248725,3,45,50,150,23,120,0.2,3,HistGradientBoostingRegressor(),"{'q': 3, 'model__min_samples_leaf': 45, 'model__max_leaf_nodes': 50, 'model__max_iter': 150, 'model__max_depth': 23, 'model__max_bins': 120, 'model__learning_rate': 0.2, 'model__l2_regularization': 3, 'model': HistGradientBoostingRegressor()}",-2134.368544922683,-2041.9390610360617,-2069.553812478105,-2081.9538061456165,38.73949109201574,391,-948.6581886500118,-1016.7241846150754,-976.3584649428786,-980.5802794026553,27.94772190690562
612,1,4000,0.7781151930491129,0.04719333928521361,0.14549922943115234,0.026499413844533685,9,50,15,210,8,85,0.2,5,HistGradientBoostingRegressor(),"{'q': 9, 'model__min_samples_leaf': 50, 'model__max_leaf_nodes': 15, 'model__max_iter': 210, 'model__max_depth': 8, 'model__max_bins': 85, 'model__learning_rate': 0.2, 'model__l2_regularization': 5, 'model': HistGradientBoostingRegressor()}",-2153.325711246529,-2046.8186820907263,-2036.9522274094882,-2079.0322069155814,52.687634990407716,384,-1286.185256400008,-1374.7901481476629,-1325.3742385765454,-1328.783214374739,36.253023298275046
613,1,4000,1.4404003620147705,0.0637257803685103,0.185015598932902,0.03299502465261994,10,55,65,250,23,225,0.05,7,HistGradientBoostingRegressor(),"{'q': 10, 'model__min_samples_leaf': 55, 'model__max_leaf_nodes': 65, 'model__max_iter': 250, 'model__max_depth': 23, 'model__max_bins': 225, 'model__learning_rate': 0.05, 'model__l2_regularization': 7, 'model': HistGradientBoostingRegressor()}",-2108.634894690945,-2006.1457539401003,-1994.6675774997177,-2036.4827420435877,51.23401853153701,284,-1326.191740154871,-1434.2361132080246,-1413.5574857212814,-1391.3284463613925,46.82587803241477
614,1,4000,1.064128081003825,0.21539616537863437,0.14903529485066733,0.013120514163153024,12,55,30,190,48,85,0.2,9,HistGradientBoostingRegressor(),"{'q': 12, 'model__min_samples_leaf': 55, 'model__max_leaf_nodes': 30, 'model__max_iter': 190, 'model__max_depth': 48, 'model__max_bins': 85, 'model__learning_rate': 0.2, 'model__l2_regularization': 9, 'model': HistGradientBoostingRegressor()}",-2144.4567465713926,-2049.6860279307516,-2039.049026920147,-2077.730600474097,47.381926071538565,377,-1031.9461754205877,-1125.1011872448641,-1097.5648692277155,-1084.8707439643892,39.07530907658558
615,1,4000,0.9694943428039551,0.2179738578166305,0.15107250213623047,0.02992854809849741,7,5,55,90,43,120,0.2,7,HistGradientBoostingRegressor(),"{'q': 7, 'model__min_samples_leaf': 5, 'model__max_leaf_nodes': 55, 'model__max_iter': 90, 'model__max_depth': 43, 'model__max_bins': 120, 'model__learning_rate': 0.2, 'model__l2_regularization': 7, 'model': HistGradientBoostingRegressor()}",-2108.8257540204218,-1962.8080997089173,-1966.2915827985044,-2012.6418121759477,68.02718410147872,252,-714.3900285514441,-806.6123561167346,-757.275158584071,-759.42584775075,37.680308945201
616,1,4000,0.711125373840332,0.020673548606574128,0.13996203740437826,0.003750392072567812,5,15,25,390,3,190,0.05,7,HistGradientBoostingRegressor(),"{'q': 5, 'model__min_samples_leaf': 15, 'model__max_leaf_nodes': 25, 'model__max_iter': 390, 'model__max_depth': 3, 'model__max_bins': 190, 'model__learning_rate': 0.05, 'model__l2_regularization': 7, 'model': HistGradientBoostingRegressor()}",-2238.4852756247437,-2126.526010833342,-2098.701244349916,-2154.5708436026675,60.414006839777734,469,-1672.9903915845762,-1782.6292479191698,-1790.7642278835926,-1748.7946224624463,53.704472433212096
617,1,4000,2.0830540657043457,0.10215493985061642,0.16393756866455078,0.006615826233846342,7,15,65,330,23,50,0.1,1,HistGradientBoostingRegressor(),"{'q': 7, 'model__min_samples_leaf': 15, 'model__max_leaf_nodes': 65, 'model__max_iter': 330, 'model__max_depth': 23, 'model__max_bins': 50, 'model__learning_rate': 0.1, 'model__l2_regularization': 1, 'model': HistGradientBoostingRegressor()}",-2171.5838041445513,-2097.397305892355,-2083.1834104517934,-2117.388173496233,38.75894298460244,446,-448.3469488515336,-506.2092867124364,-464.6208417025646,-473.0590257555115,24.364109509219652
618,1,4000,0.5208889643351237,0.06792966708804384,0.142594575881958,0.038671604046877306,9,35,15,170,28,85,0.2,1,HistGradientBoostingRegressor(),"{'q': 9, 'model__min_samples_leaf': 35, 'model__max_leaf_nodes': 15, 'model__max_iter': 170, 'model__max_depth': 28, 'model__max_bins': 85, 'model__learning_rate': 0.2, 'model__l2_regularization': 1, 'model': HistGradientBoostingRegressor()}",-2158.96548416823,-2009.552616911846,-2013.4441554373213,-2060.6540855057992,69.53480830129315,339,-1236.0543621136767,-1348.98354115921,-1281.2463280499292,-1288.7614104409388,46.40838442553442
619,1,4000,0.5176210403442383,0.06274638235479299,0.16515072186787924,0.01791046672024273,4,35,5,130,8,190,0.2,9,HistGradientBoostingRegressor(),"{'q': 4, 'model__min_samples_leaf': 35, 'model__max_leaf_nodes': 5, 'model__max_iter': 130, 'model__max_depth': 8, 'model__max_bins': 190, 'model__learning_rate': 0.2, 'model__l2_regularization': 9, 'model': HistGradientBoostingRegressor()}",-2281.5011488159166,-2175.1772453236754,-2083.2512252406755,-2179.9765397934225,81.00630827268022,475,-1738.0727955427528,-1871.3388102229542,-1859.6293870431177,-1823.0136642696082,60.25219792868299
620,1,4000,0.9292218685150146,0.05029915382654301,0.16746226946512857,0.031143956958837118,5,40,25,190,28,155,0.2,7,HistGradientBoostingRegressor(),"{'q': 5, 'model__min_samples_leaf': 40, 'model__max_leaf_nodes': 25, 'model__max_iter': 190, 'model__max_depth': 28, 'model__max_bins': 155, 'model__learning_rate': 0.2, 'model__l2_regularization': 7, 'model': HistGradientBoostingRegressor()}",-2101.4359523083112,-2015.662713901434,-1989.3741814320158,-2035.4909492139204,47.84927244092176,282,-1032.3546983623917,-1097.5084780841642,-1061.5271940409486,-1063.7967901625016,26.647289454708627
621,1,4000,0.6315640608469645,0.09233800743444819,0.13837297757466635,0.012464989596129579,12,35,5,270,8,120,0.1,7,HistGradientBoostingRegressor(),"{'q': 12, 'model__min_samples_leaf': 35, 'model__max_leaf_nodes': 5, 'model__max_iter': 270, 'model__max_depth': 8, 'model__max_bins': 120, 'model__learning_rate': 0.1, 'model__l2_regularization': 7, 'model': HistGradientBoostingRegressor()}",-2277.9544397005848,-2128.0374733503904,-2047.6892674324374,-2151.2270601611376,95.42476999277066,467,-1707.6131691478465,-1860.8599863950503,-1808.5171296066546,-1792.3300950498506,63.601162541297676
622,1,4000,0.8147896925608317,0.013097354534814034,0.16489934921264648,0.02590991433612671,5,40,45,70,18,85,0.2,7,HistGradientBoostingRegressor(),"{'q': 5, 'model__min_samples_leaf': 40, 'model__max_leaf_nodes': 45, 'model__max_iter': 70, 'model__max_depth': 18, 'model__max_bins': 85, 'model__learning_rate': 0.2, 'model__l2_regularization': 7, 'model': HistGradientBoostingRegressor()}",-2138.9415912002364,-1990.466868348667,-2018.1668664702274,-2049.1917753397106,64.46236400273868,314,-1220.097881783376,-1317.271895120274,-1263.9552460191344,-1267.1083409742614,39.73372809798534
623,1,4000,0.6823017597198486,0.04098094788997278,0.15336092313130698,0.009894851658215232,10,45,5,290,28,120,0.2,9,HistGradientBoostingRegressor(),"{'q': 10, 'model__min_samples_leaf': 45, 'model__max_leaf_nodes': 5, 'model__max_iter': 290, 'model__max_depth': 28, 'model__max_bins': 120, 'model__learning_rate': 0.2, 'model__l2_regularization': 9, 'model': HistGradientBoostingRegressor()}",-2193.671733430232,-2073.349179500981,-2049.893895076633,-2105.6382693359487,62.98124425671709,434,-1592.2018899099023,-1721.8300337106368,-1682.221447105787,-1665.4177902421088,54.237969967543094
624,1,4000,1.6859081586201985,0.18430391607728752,0.13952533404032388,0.014765384548903375,14,10,50,190,23,155,0.2,5,HistGradientBoostingRegressor(),"{'q': 14, 'model__min_samples_leaf': 10, 'model__max_leaf_nodes': 50, 'model__max_iter': 190, 'model__max_depth': 23, 'model__max_bins': 155, 'model__learning_rate': 0.2, 'model__l2_regularization': 5, 'model': HistGradientBoostingRegressor()}",-2114.516588488606,-1941.352641642117,-2019.5303762100818,-2025.1332021136016,70.80481087912163,270,-466.9728933542342,-531.6984761138835,-474.4555374290532,-491.042302299057,28.910100225049923
625,1,4000,0.42603262265523273,0.09609933007706538,0.11994258562723796,0.00860541164717455,7,10,5,130,43,120,0.1,7,HistGradientBoostingRegressor(),"{'q': 7, 'model__min_samples_leaf': 10, 'model__max_leaf_nodes': 5, 'model__max_iter': 130, 'model__max_depth': 43, 'model__max_bins': 120, 'model__learning_rate': 0.1, 'model__l2_regularization': 7, 'model': HistGradientBoostingRegressor()}",-2338.2445608466815,-2137.7762146611535,-2134.401269936737,-2203.474015148191,95.3071265396768,480,-1829.5190491517972,-1913.4355192751168,-1956.389213197559,-1899.781260541491,52.68673911224866
626,1,4000,0.8238966464996338,0.06546755033613307,0.1594710350036621,0.018487579456446825,14,35,55,90,23,85,0.05,9,HistGradientBoostingRegressor(),"{'q': 14, 'model__min_samples_leaf': 35, 'model__max_leaf_nodes': 55, 'model__max_iter': 90, 'model__max_depth': 23, 'model__max_bins': 85, 'model__learning_rate': 0.05, 'model__l2_regularization': 9, 'model': HistGradientBoostingRegressor()}",-2199.500034731417,-2046.50723737879,-2066.6860457988532,-2104.2311059696867,67.8671381837049,432,-1548.5809086126733,-1640.1535530654035,-1630.413597255452,-1606.3826863111763,41.06499574759764
627,1,4000,0.4631819725036621,0.07101403347850407,0.15646489461263022,0.00458087502506571,7,15,10,70,48,85,0.2,1,HistGradientBoostingRegressor(),"{'q': 7, 'model__min_samples_leaf': 15, 'model__max_leaf_nodes': 10, 'model__max_iter': 70, 'model__max_depth': 48, 'model__max_bins': 85, 'model__learning_rate': 0.2, 'model__l2_regularization': 1, 'model': HistGradientBoostingRegressor()}",-2197.886840630922,-2077.851248841601,-2096.5724838382034,-2124.1035244369086,52.72952665182832,453,-1557.4133522987431,-1652.190131053033,-1627.22293230112,-1612.2754718842987,40.11009330533674
628,1,4000,1.255751609802246,0.08448342577229905,0.18378996849060059,0.026201260906034356,5,55,35,310,43,85,0.1,7,HistGradientBoostingRegressor(),"{'q': 5, 'model__min_samples_leaf': 55, 'model__max_leaf_nodes': 35, 'model__max_iter': 310, 'model__max_depth': 43, 'model__max_bins': 85, 'model__learning_rate': 0.1, 'model__l2_regularization': 7, 'model': HistGradientBoostingRegressor()}",-2112.295700713809,-2029.9681333936342,-2015.5575534122293,-2052.607129173224,42.61424161996195,323,-1072.4016035023449,-1160.1309144614359,-1145.5942962007994,-1126.0422713881933,38.391138352869845
629,1,4000,0.8825319608052572,0.17333698549748966,0.16234326362609863,0.029419222188374797,8,30,20,250,28,190,0.2,7,HistGradientBoostingRegressor(),"{'q': 8, 'model__min_samples_leaf': 30, 'model__max_leaf_nodes': 20, 'model__max_iter': 250, 'model__max_depth': 28, 'model__max_bins': 190, 'model__learning_rate': 0.2, 'model__l2_regularization': 7, 'model': HistGradientBoostingRegressor()}",-2106.8843783190487,-2047.8390414950495,-2016.6361023000625,-2057.11984070472,37.42359110309474,331,-970.1462889844676,-1030.1540361802154,-1000.321133739114,-1000.2071529679323,24.498192784902102
630,1,4000,0.6633294423421224,0.09904908621738577,0.13517053922017416,0.01451404391927736,4,50,20,150,13,155,0.2,1,HistGradientBoostingRegressor(),"{'q': 4, 'model__min_samples_leaf': 50, 'model__max_leaf_nodes': 20, 'model__max_iter': 150, 'model__max_depth': 13, 'model__max_bins': 155, 'model__learning_rate': 0.2, 'model__l2_regularization': 1, 'model': HistGradientBoostingRegressor()}",-2109.0313425183867,-2026.9804316750462,-1997.9814631983968,-2044.664412463943,47.0287947726542,301,-1226.8083099337423,-1288.6891208746702,-1249.1641688314173,-1254.8871998799432,25.584806741026444
631,1,4000,0.7400590578715006,0.04221294027301231,0.1523460547129313,0.02282733133651279,10,10,35,90,43,190,0.05,5,HistGradientBoostingRegressor(),"{'q': 10, 'model__min_samples_leaf': 10, 'model__max_leaf_nodes': 35, 'model__max_iter': 90, 'model__max_depth': 43, 'model__max_bins': 190, 'model__learning_rate': 0.05, 'model__l2_regularization': 5, 'model': HistGradientBoostingRegressor()}",-2179.0214519073656,-2017.9189999918408,-2023.6657830050067,-2073.5354116347376,74.62678204705942,367,-1469.5446024490652,-1548.3168860067672,-1515.9996837170288,-1511.2870573909538,32.33083976010791
632,1,4000,1.2175766626993816,0.11203731914690951,0.20531368255615234,0.04993456312580062,3,55,30,290,23,50,0.05,1,HistGradientBoostingRegressor(),"{'q': 3, 'model__min_samples_leaf': 55, 'model__max_leaf_nodes': 30, 'model__max_iter': 290, 'model__max_depth': 23, 'model__max_bins': 50, 'model__learning_rate': 0.05, 'model__l2_regularization': 1, 'model': HistGradientBoostingRegressor()}",-2160.59550777591,-2017.22235346567,-2031.961364708052,-2069.9264086498774,64.39448095059859,359,-1392.9874639212608,-1446.695348118635,-1438.3432257144352,-1426.0086792514437,23.59717474014508
633,1,4000,0.770511786142985,0.10087966553630354,0.12980310122172037,0.018448481838638713,5,40,30,110,38,50,0.05,1,HistGradientBoostingRegressor(),"{'q': 5, 'model__min_samples_leaf': 40, 'model__max_leaf_nodes': 30, 'model__max_iter': 110, 'model__max_depth': 38, 'model__max_bins': 50, 'model__learning_rate': 0.05, 'model__l2_regularization': 1, 'model': HistGradientBoostingRegressor()}",-2208.407661615407,-2037.838812491654,-2054.35383493909,-2100.200103015384,76.81077743495352,427,-1602.7330308972844,-1648.5141077642843,-1648.9912564314445,-1633.4127983643377,21.69474616256191
634,1,4000,1.243412971496582,0.04109762146692993,0.15138562520345053,0.025503266686263112,10,25,30,310,23,85,0.1,5,HistGradientBoostingRegressor(),"{'q': 10, 'model__min_samples_leaf': 25, 'model__max_leaf_nodes': 30, 'model__max_iter': 310, 'model__max_depth': 23, 'model__max_bins': 85, 'model__learning_rate': 0.1, 'model__l2_regularization': 5, 'model': HistGradientBoostingRegressor()}",-2120.4452305075297,-2034.3075860046404,-1987.3064302199555,-2047.3530822440418,55.13089735410215,310,-938.4225037096136,-995.4159459245473,-971.4947094523546,-968.4443863621718,23.36723442618778
635,1,4000,1.2553540865580242,0.012987215651556113,0.1289370059967041,0.006354028548521656,12,10,35,270,48,120,0.1,1,HistGradientBoostingRegressor(),"{'q': 12, 'model__min_samples_leaf': 10, 'model__max_leaf_nodes': 35, 'model__max_iter': 270, 'model__max_depth': 48, 'model__max_bins': 120, 'model__learning_rate': 0.1, 'model__l2_regularization': 1, 'model': HistGradientBoostingRegressor()}",-2062.5919380058035,-1973.8964391061254,-1965.0254836107297,-2000.504620240886,44.05148301159819,245,-703.0375437003412,-770.3732715771966,-724.887894630436,-732.7662366359913,28.048485006548393
636,1,4000,2.1458629767100015,0.046534946360401695,0.15265091260274252,0.00787854574348693,14,30,65,370,38,50,0.01,3,HistGradientBoostingRegressor(),"{'q': 14, 'model__min_samples_leaf': 30, 'model__max_leaf_nodes': 65, 'model__max_iter': 370, 'model__max_depth': 38, 'model__max_bins': 50, 'model__learning_rate': 0.01, 'model__l2_regularization': 3, 'model': HistGradientBoostingRegressor()}",-2228.1417011755475,-2063.18868631584,-2081.664824616662,-2124.33173736935,73.7912522399542,454,-1575.1834470128092,-1632.685405144725,-1627.1960800125187,-1611.688310723351,25.90993346827546
637,1,4000,0.602247397104899,0.06210831533553146,0.12696568171183267,0.011655895431116755,11,45,10,230,13,190,0.05,3,HistGradientBoostingRegressor(),"{'q': 11, 'model__min_samples_leaf': 45, 'model__max_leaf_nodes': 10, 'model__max_iter': 230, 'model__max_depth': 13, 'model__max_bins': 190, 'model__learning_rate': 0.05, 'model__l2_regularization': 3, 'model': HistGradientBoostingRegressor()}",-2208.1303380639965,-2080.4884555723293,-2066.123065018658,-2118.247286218328,63.826918920145474,448,-1693.2521459291956,-1802.4817606920078,-1766.7614962331138,-1754.1651342847724,45.473643912771465
638,1,4000,0.9465576012929281,0.022458582920004997,0.17380634943644205,0.004487605546845867,9,30,60,250,8,155,0.2,5,HistGradientBoostingRegressor(),"{'q': 9, 'model__min_samples_leaf': 30, 'model__max_leaf_nodes': 60, 'model__max_iter': 250, 'model__max_depth': 8, 'model__max_bins': 155, 'model__learning_rate': 0.2, 'model__l2_regularization': 5, 'model': HistGradientBoostingRegressor()}",-2113.0646359261805,-2052.310902103478,-2008.9863262952656,-2058.1206214416416,42.68792384268506,333,-938.8928687193549,-1026.9580592729876,-977.403925662425,-981.0849512182558,36.04656163601851
639,1,4000,0.7131431897481283,0.05523192837046798,0.15605942408243814,0.015650149609030183,4,10,15,190,18,50,0.2,1,HistGradientBoostingRegressor(),"{'q': 4, 'model__min_samples_leaf': 10, 'model__max_leaf_nodes': 15, 'model__max_iter': 190, 'model__max_depth': 18, 'model__max_bins': 50, 'model__learning_rate': 0.2, 'model__l2_regularization': 1, 'model': HistGradientBoostingRegressor()}",-2139.457862242336,-2017.9050396822165,-2039.3177449289578,-2065.560215617837,52.97969811777259,349,-996.6254803646584,-1048.9539881055973,-1027.3540032131853,-1024.3111572278137,21.471102508043916
640,1,4000,1.3990299701690674,0.018422940563055993,0.1614380677541097,0.01923860841285436,12,55,55,350,23,120,0.05,9,HistGradientBoostingRegressor(),"{'q': 12, 'model__min_samples_leaf': 55, 'model__max_leaf_nodes': 55, 'model__max_iter': 350, 'model__max_depth': 23, 'model__max_bins': 120, 'model__learning_rate': 0.05, 'model__l2_regularization': 9, 'model': HistGradientBoostingRegressor()}",-2102.76472701313,-1994.7639856857963,-2023.999702752565,-2040.5094718171638,45.61044754394329,294,-1260.1507583906666,-1359.906533428597,-1324.557323429197,-1314.8715384161535,41.29700947077333
641,1,4000,1.2354639371236165,0.17384080174079763,0.20574267705281576,0.10318974294777526,10,55,35,270,43,225,0.1,3,HistGradientBoostingRegressor(),"{'q': 10, 'model__min_samples_leaf': 55, 'model__max_leaf_nodes': 35, 'model__max_iter': 270, 'model__max_depth': 43, 'model__max_bins': 225, 'model__learning_rate': 0.1, 'model__l2_regularization': 3, 'model': HistGradientBoostingRegressor()}",-2098.323102067991,-2019.88261214998,-2009.1789970552095,-2042.4615704243934,39.74103573722194,297,-1071.768765142587,-1160.1547849149,-1126.3816613220397,-1119.435070459842,36.41623691206069
642,1,4000,1.472277323404948,0.2864178307998842,0.19060500462849936,0.03690641627770076,13,55,50,330,33,50,0.1,5,HistGradientBoostingRegressor(),"{'q': 13, 'model__min_samples_leaf': 55, 'model__max_leaf_nodes': 50, 'model__max_iter': 330, 'model__max_depth': 33, 'model__max_bins': 50, 'model__learning_rate': 0.1, 'model__l2_regularization': 5, 'model': HistGradientBoostingRegressor()}",-2148.536911370497,-2016.606482945391,-2041.933660229035,-2069.0256848483077,57.1657988345389,357,-1100.7161280241748,-1155.209689916923,-1119.4347112878509,-1125.1201764096497,22.607232724330892
643,1,4000,0.5455939769744873,0.02854545954486703,0.1522547403971354,0.017963659845693387,12,20,5,290,23,155,0.05,7,HistGradientBoostingRegressor(),"{'q': 12, 'model__min_samples_leaf': 20, 'model__max_leaf_nodes': 5, 'model__max_iter': 290, 'model__max_depth': 23, 'model__max_bins': 155, 'model__learning_rate': 0.05, 'model__l2_regularization': 7, 'model': HistGradientBoostingRegressor()}",-2308.4390427046137,-2146.20149715541,-2128.449443609217,-2194.3633278230805,80.98862222796662,479,-1809.2306765488445,-1918.8212594807956,-1932.8773436487406,-1886.9764265594604,55.273228052822326
644,1,4000,1.3025779724121094,0.03163338281164021,0.19447803497314453,0.06824814679699291,9,50,25,390,23,120,0.1,1,HistGradientBoostingRegressor(),"{'q': 9, 'model__min_samples_leaf': 50, 'model__max_leaf_nodes': 25, 'model__max_iter': 390, 'model__max_depth': 23, 'model__max_bins': 120, 'model__learning_rate': 0.1, 'model__l2_regularization': 1, 'model': HistGradientBoostingRegressor()}",-2105.7244461234122,-1999.511667968285,-2034.0043249793284,-2046.4134796903418,44.24009419323128,308,-1029.8449835542408,-1124.612298356334,-1068.4494090639057,-1074.302230324827,38.90931873158383
645,1,4000,0.6275027592976888,0.10455925972777773,0.12668021519978842,0.008976312829342362,4,50,30,70,38,225,0.2,1,HistGradientBoostingRegressor(),"{'q': 4, 'model__min_samples_leaf': 50, 'model__max_leaf_nodes': 30, 'model__max_iter': 70, 'model__max_depth': 38, 'model__max_bins': 225, 'model__learning_rate': 0.2, 'model__l2_regularization': 1, 'model': HistGradientBoostingRegressor()}",-2155.8458608660294,-2044.4189132713166,-2053.611508137462,-2084.625427424936,50.5000894701926,400,-1324.117138449428,-1419.5983914960677,-1372.3801008926723,-1372.0318769460562,38.9808360247003
646,1,4000,2.1781280835469565,0.04172126109795679,0.15257088343302408,0.0031943037355579565,13,20,55,390,13,85,0.01,5,HistGradientBoostingRegressor(),"{'q': 13, 'model__min_samples_leaf': 20, 'model__max_leaf_nodes': 55, 'model__max_iter': 390, 'model__max_depth': 13, 'model__max_bins': 85, 'model__learning_rate': 0.01, 'model__l2_regularization': 5, 'model': HistGradientBoostingRegressor()}",-2182.184875178456,-2012.2363103131152,-2062.4818530091966,-2085.6343461669226,71.28654445036665,403,-1481.2463459238143,-1556.375185606011,-1536.5528553782606,-1524.7247956360286,31.791119157689938
647,1,4000,1.1695274511973064,0.20108778407128772,0.1674213409423828,0.04201322261825889,11,55,40,270,18,85,0.1,1,HistGradientBoostingRegressor(),"{'q': 11, 'model__min_samples_leaf': 55, 'model__max_leaf_nodes': 40, 'model__max_iter': 270, 'model__max_depth': 18, 'model__max_bins': 85, 'model__learning_rate': 0.1, 'model__l2_regularization': 1, 'model': HistGradientBoostingRegressor()}",-2114.161456258486,-2053.6211960430246,-2023.4929098504226,-2063.758520717311,37.70296487547282,345,-1105.7127311534223,-1197.0276372181077,-1169.6594163236252,-1157.466594898385,38.26313881645907
648,1,4000,0.6308433214823405,0.0623753508749878,0.16445199648539224,0.01851323751278592,14,25,5,370,13,50,0.2,7,HistGradientBoostingRegressor(),"{'q': 14, 'model__min_samples_leaf': 25, 'model__max_leaf_nodes': 5, 'model__max_iter': 370, 'model__max_depth': 13, 'model__max_bins': 50, 'model__learning_rate': 0.2, 'model__l2_regularization': 7, 'model': HistGradientBoostingRegressor()}",-2178.7450040950625,-2042.8915204902362,-2047.5673444499869,-2089.734623011762,62.96878479517425,418,-1497.0761699002753,-1577.4433803319232,-1572.052666875047,-1548.8574057024152,36.680941770817384
649,1,4000,0.6378043492635092,0.029834056872870076,0.15911197662353516,0.02984475131445261,5,45,5,250,38,225,0.1,3,HistGradientBoostingRegressor(),"{'q': 5, 'model__min_samples_leaf': 45, 'model__max_leaf_nodes': 5, 'model__max_iter': 250, 'model__max_depth': 38, 'model__max_bins': 225, 'model__learning_rate': 0.1, 'model__l2_regularization': 3, 'model': HistGradientBoostingRegressor()}",-2251.5498081417236,-2135.7478865478165,-2053.953255748808,-2147.083650146116,81.0657101026033,465,-1720.825265982904,-1854.0189947951733,-1850.7079995108575,-1808.5174200963113,62.02244804493722
650,1,4000,0.5397826035817465,0.08419265394887038,0.16350388526916504,0.03307230106346064,9,15,5,230,23,50,0.1,7,HistGradientBoostingRegressor(),"{'q': 9, 'model__min_samples_leaf': 15, 'model__max_leaf_nodes': 5, 'model__max_iter': 230, 'model__max_depth': 23, 'model__max_bins': 50, 'model__learning_rate': 0.1, 'model__l2_regularization': 7, 'model': HistGradientBoostingRegressor()}",-2293.144831182847,-2104.15571842667,-2103.064635127465,-2166.7883949123275,89.3486032568721,472,-1749.4776011956324,-1808.210298499168,-1837.2343622147464,-1798.3074206365156,36.50445195327488
651,1,4000,1.9240125020345051,0.13801598517077465,0.1761183738708496,0.04876283617554939,7,15,65,350,13,50,0.1,1,HistGradientBoostingRegressor(),"{'q': 7, 'model__min_samples_leaf': 15, 'model__max_leaf_nodes': 65, 'model__max_iter': 350, 'model__max_depth': 13, 'model__max_bins': 50, 'model__learning_rate': 0.1, 'model__l2_regularization': 1, 'model': HistGradientBoostingRegressor()}",-2173.8874752179486,-2102.0892131210594,-2070.6572000489537,-2115.544629462654,43.20423281393339,443,-482.3181134930994,-566.8431219556622,-520.4792293126435,-523.2134882538016,34.56131163470755
652,1,4000,0.731907844543457,0.20811696200520938,0.1676487922668457,0.019028969823162104,4,20,10,350,43,155,0.2,9,HistGradientBoostingRegressor(),"{'q': 4, 'model__min_samples_leaf': 20, 'model__max_leaf_nodes': 10, 'model__max_iter': 350, 'model__max_depth': 43, 'model__max_bins': 155, 'model__learning_rate': 0.2, 'model__l2_regularization': 9, 'model': HistGradientBoostingRegressor()}",-2097.408271664465,-2085.3786002085862,-1950.5528111633812,-2044.4465610121442,66.57429656321645,300,-1101.761829620098,-1180.7056419122348,-1166.3191981688883,-1149.5955565670736,34.32969090183683
653,1,4000,0.5652183691660563,0.03695499609976747,0.15149974822998047,0.016760456306995714,12,25,5,290,28,155,0.2,1,HistGradientBoostingRegressor(),"{'q': 12, 'model__min_samples_leaf': 25, 'model__max_leaf_nodes': 5, 'model__max_iter': 290, 'model__max_depth': 28, 'model__max_bins': 155, 'model__learning_rate': 0.2, 'model__l2_regularization': 1, 'model': HistGradientBoostingRegressor()}",-2194.38488465877,-2094.184854638058,-1978.9835027213496,-2089.184414006059,88.00830316897454,417,-1479.938977797159,-1587.4075686636277,-1549.3996642959876,-1538.9154035855915,44.49579978446489
654,1,4000,0.6999828815460205,0.014806414947951933,0.1363837718963623,0.012022996660473092,13,10,25,90,33,155,0.2,3,HistGradientBoostingRegressor(),"{'q': 13, 'model__min_samples_leaf': 10, 'model__max_leaf_nodes': 25, 'model__max_iter': 90, 'model__max_depth': 33, 'model__max_bins': 155, 'model__learning_rate': 0.2, 'model__l2_regularization': 3, 'model': HistGradientBoostingRegressor()}",-2078.407032493774,-1998.0959540516483,-1984.8865317169316,-2020.463172754118,41.32586252982441,263,-1074.6788810798375,-1139.3699608054835,-1105.5059516149267,-1106.5182645000825,26.419721573735536
655,1,4000,0.9374316533406576,0.058946964491061,0.15174142519632974,0.030200311654927297,5,5,35,130,23,50,0.1,3,HistGradientBoostingRegressor(),"{'q': 5, 'model__min_samples_leaf': 5, 'model__max_leaf_nodes': 35, 'model__max_iter': 130, 'model__max_depth': 23, 'model__max_bins': 50, 'model__learning_rate': 0.1, 'model__l2_regularization': 3, 'model': HistGradientBoostingRegressor()}",-2095.4946837990915,-2014.032991823724,-2030.4517542913916,-2046.6598099714026,35.17601092190683,309,-1027.97411450538,-1085.1676570571628,-1073.5094324003544,-1062.2170679876324,24.676756241828514
656,1,4000,0.7053370475769043,0.10991944479261127,0.1315023104349772,0.02084473654817408,9,5,55,50,18,120,0.2,3,HistGradientBoostingRegressor(),"{'q': 9, 'model__min_samples_leaf': 5, 'model__max_leaf_nodes': 55, 'model__max_iter': 50, 'model__max_depth': 18, 'model__max_bins': 120, 'model__learning_rate': 0.2, 'model__l2_regularization': 3, 'model': HistGradientBoostingRegressor()}",-2091.8909603221564,-1969.4580303619414,-1956.6767003489842,-2006.008563677694,60.95178498492396,249,-894.6995999653054,-964.1345561872009,-939.8426544258517,-932.892270192786,28.76959236328723
657,1,4000,0.7125453948974609,0.0361015570218686,0.16680232683817545,0.03175261006477169,4,20,40,370,3,190,0.1,1,HistGradientBoostingRegressor(),"{'q': 4, 'model__min_samples_leaf': 20, 'model__max_leaf_nodes': 40, 'model__max_iter': 370, 'model__max_depth': 3, 'model__max_bins': 190, 'model__learning_rate': 0.1, 'model__l2_regularization': 1, 'model': HistGradientBoostingRegressor()}",-2197.421547490461,-2101.525043314074,-1999.5549163632284,-2099.5005023892545,80.7913980688426,425,-1506.3019032411048,-1598.836331595492,-1596.8156726877914,-1567.3179691747962,43.1527596037128
658,1,4000,0.699836254119873,0.04561835039654509,0.14240439732869467,0.01855773575671044,8,20,5,370,23,50,0.05,3,HistGradientBoostingRegressor(),"{'q': 8, 'model__min_samples_leaf': 20, 'model__max_leaf_nodes': 5, 'model__max_iter': 370, 'model__max_depth': 23, 'model__max_bins': 50, 'model__learning_rate': 0.05, 'model__l2_regularization': 3, 'model': HistGradientBoostingRegressor()}",-2321.906672564068,-2131.6347555494367,-2099.010860017336,-2184.1840960436134,98.29110065682998,477,-1804.3544903514319,-1879.026085764802,-1883.986747633111,-1855.7891079164483,36.426107437638244
659,1,4000,1.418157656987508,0.04273840194406612,0.1728532314300537,0.041765091044433884,11,35,65,190,28,190,0.2,7,HistGradientBoostingRegressor(),"{'q': 11, 'model__min_samples_leaf': 35, 'model__max_leaf_nodes': 65, 'model__max_iter': 190, 'model__max_depth': 28, 'model__max_bins': 190, 'model__learning_rate': 0.2, 'model__l2_regularization': 7, 'model': HistGradientBoostingRegressor()}",-2126.370088998516,-2030.3716804445899,-2021.4507473972646,-2059.397505613457,47.49660307544988,337,-704.4894261379787,-775.1567170179001,-710.4110819655953,-730.0190750404913,32.00855661012883
660,1,4000,0.42448194821675617,0.0038352994117629136,0.1461490790049235,0.02821840891838886,5,25,5,210,8,225,0.1,5,HistGradientBoostingRegressor(),"{'q': 5, 'model__min_samples_leaf': 25, 'model__max_leaf_nodes': 5, 'model__max_iter': 210, 'model__max_depth': 8, 'model__max_bins': 225, 'model__learning_rate': 0.1, 'model__l2_regularization': 5, 'model': HistGradientBoostingRegressor()}",-2297.269584013293,-2142.2036300468744,-2067.452008023263,-2168.97507402781,95.71332968157775,474,-1735.960727563522,-1848.4021863218502,-1827.9581084323388,-1804.1070074392371,48.90416939186656
661,1,4000,0.8234098752339681,0.06412270256385603,0.12700732549031576,0.011884587193663608,10,20,45,110,48,50,0.2,5,HistGradientBoostingRegressor(),"{'q': 10, 'model__min_samples_leaf': 20, 'model__max_leaf_nodes': 45, 'model__max_iter': 110, 'model__max_depth': 48, 'model__max_bins': 50, 'model__learning_rate': 0.2, 'model__l2_regularization': 5, 'model': HistGradientBoostingRegressor()}",-2164.0461578870977,-2039.9678421913222,-2065.5913360194336,-2089.868445365951,53.4845188513599,419,-884.0907642585782,-972.507114011967,-914.0557172305384,-923.5511985003612,36.714991028530015
662,1,4000,1.1334770520528157,0.019836363311217336,0.15730134646097818,0.016215904249755622,11,35,40,190,48,190,0.2,1,HistGradientBoostingRegressor(),"{'q': 11, 'model__min_samples_leaf': 35, 'model__max_leaf_nodes': 40, 'model__max_iter': 190, 'model__max_depth': 48, 'model__max_bins': 190, 'model__learning_rate': 0.2, 'model__l2_regularization': 1, 'model': HistGradientBoostingRegressor()}",-2105.94209792137,-2081.285854690405,-2067.883627586335,-2085.0371933993697,15.762110637913116,401,-762.4732259285794,-833.3167280602422,-779.401215885023,-791.7303899579483,30.207138765089915
663,1,4000,1.0498559474945068,0.08460877969279712,0.17423669497172037,0.03225289734817875,3,45,35,210,33,120,0.05,9,HistGradientBoostingRegressor(),"{'q': 3, 'model__min_samples_leaf': 45, 'model__max_leaf_nodes': 35, 'model__max_iter': 210, 'model__max_depth': 33, 'model__max_bins': 120, 'model__learning_rate': 0.05, 'model__l2_regularization': 9, 'model': HistGradientBoostingRegressor()}",-2109.0470464711257,-2007.8173352912395,-2020.457215894887,-2045.7738658857506,45.03748943166288,305,-1380.8367908386574,-1460.6086662394953,-1437.8386746261444,-1426.4280439014321,33.55135264430241
664,1,4000,0.7296053568522135,0.10123699347745269,0.1338499387105306,0.018618236244588818,5,10,15,230,48,85,0.2,3,HistGradientBoostingRegressor(),"{'q': 5, 'model__min_samples_leaf': 10, 'model__max_leaf_nodes': 15, 'model__max_iter': 230, 'model__max_depth': 48, 'model__max_bins': 85, 'model__learning_rate': 0.2, 'model__l2_regularization': 3, 'model': HistGradientBoostingRegressor()}",-2080.786395580065,-2026.934242721471,-2012.8772025638912,-2040.1992802884758,29.267564985463782,293,-920.0919475274425,-1015.8722595365442,-960.8527998640342,-965.605668976007,39.246310788292604
665,1,4000,0.8165063858032227,0.08449997435151406,0.1406892935434977,0.016487204544184956,8,20,40,130,8,50,0.2,3,HistGradientBoostingRegressor(),"{'q': 8, 'model__min_samples_leaf': 20, 'model__max_leaf_nodes': 40, 'model__max_iter': 130, 'model__max_depth': 8, 'model__max_bins': 50, 'model__learning_rate': 0.2, 'model__l2_regularization': 3, 'model': HistGradientBoostingRegressor()}",-2186.0848021620027,-2090.814563298625,-2047.2794063648298,-2108.059590608486,57.964228628760544,439,-979.3562497156812,-1128.5393994523192,-998.964616532839,-1035.6200885669466,66.18973114649768
666,1,4000,0.9438219865163168,0.022789674607362163,0.15152287483215332,0.01929863569939204,14,50,15,290,13,190,0.05,1,HistGradientBoostingRegressor(),"{'q': 14, 'model__min_samples_leaf': 50, 'model__max_leaf_nodes': 15, 'model__max_iter': 290, 'model__max_depth': 13, 'model__max_bins': 190, 'model__learning_rate': 0.05, 'model__l2_regularization': 1, 'model': HistGradientBoostingRegressor()}",-2168.0696304510147,-2021.7864555534557,-1995.0434764161782,-2061.6331874735497,76.04969440462649,342,-1529.7720050012817,-1615.7969959758784,-1570.2730847131468,-1571.9473618967688,35.139504560257706
667,1,4000,0.8620711167653402,0.04575297104067497,0.15938027699788412,0.020180544529097094,10,50,10,390,28,190,0.05,7,HistGradientBoostingRegressor(),"{'q': 10, 'model__min_samples_leaf': 50, 'model__max_leaf_nodes': 10, 'model__max_iter': 390, 'model__max_depth': 28, 'model__max_bins': 190, 'model__learning_rate': 0.05, 'model__l2_regularization': 7, 'model': HistGradientBoostingRegressor()}",-2174.2203081841653,-2053.6649516317148,-2001.3849697363844,-2076.423409850755,72.37160640044128,374,-1601.9017709250013,-1703.1872385001273,-1655.6440699190032,-1653.5776931147104,41.375426848158405
668,1,4000,1.6176455815633137,0.11678963665866761,0.16832208633422852,0.025676642783289478,5,10,40,310,43,190,0.1,9,HistGradientBoostingRegressor(),"{'q': 5, 'model__min_samples_leaf': 10, 'model__max_leaf_nodes': 40, 'model__max_iter': 310, 'model__max_depth': 43, 'model__max_bins': 190, 'model__learning_rate': 0.1, 'model__l2_regularization': 9, 'model': HistGradientBoostingRegressor()}",-2087.6510060076935,-1944.6020171101563,-1975.1050844413178,-2002.4527025197224,61.51786985407109,247,-704.816987273532,-773.5001649346303,-743.7321832265529,-740.6831118115718,28.122557384618478
669,1,4000,0.9361244042714437,0.14302205368254303,0.154736598332723,0.008692057936183672,5,40,50,150,43,50,0.05,7,HistGradientBoostingRegressor(),"{'q': 5, 'model__min_samples_leaf': 40, 'model__max_leaf_nodes': 50, 'model__max_iter': 150, 'model__max_depth': 43, 'model__max_bins': 50, 'model__learning_rate': 0.05, 'model__l2_regularization': 7, 'model': HistGradientBoostingRegressor()}",-2172.4659568778084,-2010.17043063082,-2023.4845344575817,-2068.7069739887365,73.56974576463004,356,-1449.4957874054342,-1494.4570116965442,-1492.7341669391212,-1478.8956553470332,20.80074076809353
670,1,4000,0.8890270392100016,0.13924654725970056,0.1491243044535319,0.018339310847807426,7,45,65,310,8,155,0.1,7,HistGradientBoostingRegressor(),"{'q': 7, 'model__min_samples_leaf': 45, 'model__max_leaf_nodes': 65, 'model__max_iter': 310, 'model__max_depth': 8, 'model__max_bins': 155, 'model__learning_rate': 0.1, 'model__l2_regularization': 7, 'model': HistGradientBoostingRegressor()}",-2095.1301822943597,-2034.8022679162839,-1989.2342780698866,-2039.7222427601766,43.371574771410636,292,-1262.4440331561157,-1349.1518151413452,-1300.3636866716981,-1303.9865116563863,35.49087685449867
671,1,4000,1.1495715777079265,0.04083763757112236,0.2573587894439697,0.051889826549393246,14,45,40,230,18,190,0.05,9,HistGradientBoostingRegressor(),"{'q': 14, 'model__min_samples_leaf': 45, 'model__max_leaf_nodes': 40, 'model__max_iter': 230, 'model__max_depth': 18, 'model__max_bins': 190, 'model__learning_rate': 0.05, 'model__l2_regularization': 9, 'model': HistGradientBoostingRegressor()}",-2107.6234233992536,-1987.7524771875585,-2011.4204434051783,-2035.5987813306635,51.83759867799301,283,-1324.3447276508905,-1409.2672037027862,-1377.5675127943996,-1370.3931480493586,35.03864882114572
672,1,4000,0.960085391998291,0.13823768682493934,0.1253049373626709,0.008404235880404084,14,50,45,150,28,190,0.1,5,HistGradientBoostingRegressor(),"{'q': 14, 'model__min_samples_leaf': 50, 'model__max_leaf_nodes': 45, 'model__max_iter': 150, 'model__max_depth': 28, 'model__max_bins': 190, 'model__learning_rate': 0.1, 'model__l2_regularization': 5, 'model': HistGradientBoostingRegressor()}",-2101.812171246459,-2017.2862385914816,-2013.2641407086903,-2044.1208501822102,40.82695769911801,299,-1234.9268357225933,-1326.9430630846814,-1294.8965868687292,-1285.588828558668,38.1376655294715
673,1,4000,1.4003020127614338,0.03691846241879007,0.17317835489908853,0.04002611914235601,10,15,35,290,43,50,0.1,5,HistGradientBoostingRegressor(),"{'q': 10, 'model__min_samples_leaf': 15, 'model__max_leaf_nodes': 35, 'model__max_iter': 290, 'model__max_depth': 43, 'model__max_bins': 50, 'model__learning_rate': 0.1, 'model__l2_regularization': 5, 'model': HistGradientBoostingRegressor()}",-2129.011305847091,-2064.042094053116,-2049.9414304255406,-2080.9982767752495,34.43491831629295,390,-830.0311380849846,-892.699675929278,-861.3326826047016,-861.3544988729882,25.584328091595182
674,1,4000,0.46407755215962726,0.0433846422929354,0.17946235338846842,0.05480092492939245,4,5,30,230,3,85,0.1,7,HistGradientBoostingRegressor(),"{'q': 4, 'model__min_samples_leaf': 5, 'model__max_leaf_nodes': 30, 'model__max_iter': 230, 'model__max_depth': 3, 'model__max_bins': 85, 'model__learning_rate': 0.1, 'model__l2_regularization': 7, 'model': HistGradientBoostingRegressor()}",-2261.3211550078036,-2064.8564891599453,-2046.9643237315488,-2124.380655966432,97.10666851184517,455,-1649.6333209713043,-1720.5367607639946,-1724.0912381725104,-1698.0871066359366,34.2927162950336
675,1,4000,1.1379876931508381,0.09189647083763977,0.23656694094340006,0.06970269700807842,11,45,60,270,13,190,0.05,3,HistGradientBoostingRegressor(),"{'q': 11, 'model__min_samples_leaf': 45, 'model__max_leaf_nodes': 60, 'model__max_iter': 270, 'model__max_depth': 13, 'model__max_bins': 190, 'model__learning_rate': 0.05, 'model__l2_regularization': 3, 'model': HistGradientBoostingRegressor()}",-2097.5131412555825,-1997.154111087951,-2010.0683671031713,-2034.9118731489016,44.57864644670189,279,-1296.6483667004793,-1412.5706793439308,-1338.2047316017658,-1349.141259215392,47.95276404500742
676,1,4000,0.9540888468424479,0.15769342192802105,0.13329005241394043,0.010639231056664127,8,45,20,270,38,155,0.1,9,HistGradientBoostingRegressor(),"{'q': 8, 'model__min_samples_leaf': 45, 'model__max_leaf_nodes': 20, 'model__max_iter': 270, 'model__max_depth': 38, 'model__max_bins': 155, 'model__learning_rate': 0.1, 'model__l2_regularization': 9, 'model': HistGradientBoostingRegressor()}",-2101.8163020727916,-2000.571883487919,-1994.044992260032,-2032.1443926069142,49.3374861117537,276,-1252.808958812926,-1326.2692129473533,-1294.3721540560423,-1291.1501086054407,30.076440581048004
677,1,4000,0.9654335975646973,0.1150099179173385,0.17621898651123047,0.03275863060658668,6,45,15,390,28,225,0.05,9,HistGradientBoostingRegressor(),"{'q': 6, 'model__min_samples_leaf': 45, 'model__max_leaf_nodes': 15, 'model__max_iter': 390, 'model__max_depth': 28, 'model__max_bins': 225, 'model__learning_rate': 0.05, 'model__l2_regularization': 9, 'model': HistGradientBoostingRegressor()}",-2124.1375548858246,-2026.0032643885415,-2016.9419009033807,-2055.694240059249,48.537906735456865,328,-1441.6901160152588,-1540.7411245706965,-1519.270974360822,-1500.5674049822592,42.545216766685485
678,1,4000,1.5394642353057861,0.06252867584220273,0.1686993439992269,0.016002099815936748,12,50,35,330,38,190,0.1,5,HistGradientBoostingRegressor(),"{'q': 12, 'model__min_samples_leaf': 50, 'model__max_leaf_nodes': 35, 'model__max_iter': 330, 'model__max_depth': 38, 'model__max_bins': 190, 'model__learning_rate': 0.1, 'model__l2_regularization': 5, 'model': HistGradientBoostingRegressor()}",-2074.2412435182764,-2023.107642728523,-1978.5098267371036,-2025.2862376613011,39.11253632484516,271,-987.844763062446,-1059.3857732291588,-1005.8185268041223,-1017.683021031909,30.38753803101215
679,1,4000,1.276196797688802,0.11352275555077193,0.13439337412516275,0.008530561847248225,3,10,35,210,38,190,0.1,3,HistGradientBoostingRegressor(),"{'q': 3, 'model__min_samples_leaf': 10, 'model__max_leaf_nodes': 35, 'model__max_iter': 210, 'model__max_depth': 38, 'model__max_bins': 190, 'model__learning_rate': 0.1, 'model__l2_regularization': 3, 'model': HistGradientBoostingRegressor()}",-2052.7244538807013,-1928.507731134363,-1940.4736049396677,-1973.9019299849106,55.949609703482196,237,-834.9726868773276,-926.6036998959805,-855.1821934801286,-872.2528600844789,39.30747495022454
680,1,4000,0.5787906646728516,0.023475010470878892,0.15779534975687662,0.03561631558711796,9,40,55,50,33,155,0.2,9,HistGradientBoostingRegressor(),"{'q': 9, 'model__min_samples_leaf': 40, 'model__max_leaf_nodes': 55, 'model__max_iter': 50, 'model__max_depth': 33, 'model__max_bins': 155, 'model__learning_rate': 0.2, 'model__l2_regularization': 9, 'model': HistGradientBoostingRegressor()}",-2153.828733508508,-1998.870688608692,-2045.342260980954,-2066.0138943660513,64.92809479159355,351,-1307.8895390901935,-1393.213402034952,-1366.744661695384,-1355.9492009401765,35.65993902258669
681,1,4000,1.105872631072998,0.04470200506477988,0.1583570639292399,0.02690192402663626,12,15,60,250,8,120,0.1,5,HistGradientBoostingRegressor(),"{'q': 12, 'model__min_samples_leaf': 15, 'model__max_leaf_nodes': 60, 'model__max_iter': 250, 'model__max_depth': 8, 'model__max_bins': 120, 'model__learning_rate': 0.1, 'model__l2_regularization': 5, 'model': HistGradientBoostingRegressor()}",-2066.4267275787565,-2015.4130585565542,-2028.9278527102929,-2036.9225462818679,21.579850953366005,285,-928.479454202418,-1067.261099570082,-1012.5931170045011,-1002.7778902590003,57.0808799265756
682,1,4000,0.7190117041269938,0.11100593410746992,0.13586719830830893,0.029499343892862843,9,20,55,110,8,120,0.2,7,HistGradientBoostingRegressor(),"{'q': 9, 'model__min_samples_leaf': 20, 'model__max_leaf_nodes': 55, 'model__max_iter': 110, 'model__max_depth': 8, 'model__max_bins': 120, 'model__learning_rate': 0.2, 'model__l2_regularization': 7, 'model': HistGradientBoostingRegressor()}",-2115.76053685863,-2039.8617090077707,-2029.5895318144517,-2061.7372592269508,38.42972200979217,343,-1088.2035763714862,-1229.6005174863294,-1118.6063083348693,-1145.4701340642284,60.770182319794735
683,1,4000,0.7027026017506918,0.05647392975857361,0.14876572291056314,0.020173896657309395,8,40,20,150,23,50,0.1,3,HistGradientBoostingRegressor(),"{'q': 8, 'model__min_samples_leaf': 40, 'model__max_leaf_nodes': 20, 'model__max_iter': 150, 'model__max_depth': 23, 'model__max_bins': 50, 'model__learning_rate': 0.1, 'model__l2_regularization': 3, 'model': HistGradientBoostingRegressor()}",-2170.0281066180282,-2011.7279474559846,-2017.1423418706988,-2066.299465314904,73.38052505791846,353,-1447.175213141023,-1501.2197449877876,-1475.0017917776513,-1474.465583302154,22.066845345916338
684,1,4000,1.282177209854126,0.07698755141422506,0.17422199249267578,0.03931712023440524,13,5,35,270,48,155,0.2,1,HistGradientBoostingRegressor(),"{'q': 13, 'model__min_samples_leaf': 5, 'model__max_leaf_nodes': 35, 'model__max_iter': 270, 'model__max_depth': 48, 'model__max_bins': 155, 'model__learning_rate': 0.2, 'model__l2_regularization': 1, 'model': HistGradientBoostingRegressor()}",-2057.1835228173086,-1957.3914070819342,-1972.4684874943835,-1995.6811391312087,43.92218109144889,240,-292.33074447874645,-322.704905348976,-313.98500488499565,-309.673551570906,12.769465778497466
685,1,4000,0.6350126266479492,0.1598499193756527,0.12388229370117188,0.004173639762490259,4,10,20,130,18,190,0.2,1,HistGradientBoostingRegressor(),"{'q': 4, 'model__min_samples_leaf': 10, 'model__max_leaf_nodes': 20, 'model__max_iter': 130, 'model__max_depth': 18, 'model__max_bins': 190, 'model__learning_rate': 0.2, 'model__l2_regularization': 1, 'model': HistGradientBoostingRegressor()}",-2133.7692618700307,-1957.0385373649362,-1969.219976515095,-2020.0092585833543,80.59404703318472,261,-975.1702194832465,-1030.4560342174896,-1006.0193903134585,-1003.8818813380649,22.62089058329607
686,1,4000,0.8252190748850504,0.0605354340712085,0.15009164810180664,0.024716929055262748,13,15,20,190,43,225,0.2,1,HistGradientBoostingRegressor(),"{'q': 13, 'model__min_samples_leaf': 15, 'model__max_leaf_nodes': 20, 'model__max_iter': 190, 'model__max_depth': 43, 'model__max_bins': 225, 'model__learning_rate': 0.2, 'model__l2_regularization': 1, 'model': HistGradientBoostingRegressor()}",-2113.2059540391006,-2074.181600720188,-1986.963501359084,-2058.1170187061243,52.77526132025304,332,-883.4146653119683,-957.0983641091605,-887.6913314921931,-909.4014536377739,33.77196983486814
687,1,4000,0.8771719932556152,0.09481160657293154,0.171893040339152,0.03178556731369834,10,35,15,350,38,120,0.1,1,HistGradientBoostingRegressor(),"{'q': 10, 'model__min_samples_leaf': 35, 'model__max_leaf_nodes': 15, 'model__max_iter': 350, 'model__max_depth': 38, 'model__max_bins': 120, 'model__learning_rate': 0.1, 'model__l2_regularization': 1, 'model': HistGradientBoostingRegressor()}",-2064.1469000860693,-1989.1368771151176,-2002.6136325487628,-2018.63246991665,32.65045430505562,258,-1194.357953874188,-1301.5805678806566,-1246.0126452749764,-1247.317055676607,43.783165360420966
688,1,4000,0.6171816190083822,0.012369938627372644,0.16637476285298666,0.011884117358117719,13,5,15,110,38,155,0.05,1,HistGradientBoostingRegressor(),"{'q': 13, 'model__min_samples_leaf': 5, 'model__max_leaf_nodes': 15, 'model__max_iter': 110, 'model__max_depth': 38, 'model__max_bins': 155, 'model__learning_rate': 0.05, 'model__l2_regularization': 1, 'model': HistGradientBoostingRegressor()}",-2233.668877968827,-2079.5926962065078,-2079.116069069808,-2130.792547748381,72.744810963058,460,-1634.821467025544,-1695.397843225725,-1689.860124095496,-1673.3598114489216,27.34434221141536
689,1,4000,1.5509453614552815,0.07263028323721173,0.20597163836161295,0.04920076788717034,7,30,45,330,28,120,0.1,3,HistGradientBoostingRegressor(),"{'q': 7, 'model__min_samples_leaf': 30, 'model__max_leaf_nodes': 45, 'model__max_iter': 330, 'model__max_depth': 28, 'model__max_bins': 120, 'model__learning_rate': 0.1, 'model__l2_regularization': 3, 'model': HistGradientBoostingRegressor()}",-2094.2854083299158,-2011.5300323720428,-2031.8451127385963,-2045.8868511468515,35.21354735161482,306,-745.2531974379561,-823.0353187273182,-776.7461617097882,-781.6782259583542,31.945354814977872
690,1,4000,1.173136790593465,0.15682186330471276,0.1531388759613037,0.01864297149644023,4,20,45,210,18,120,0.1,1,HistGradientBoostingRegressor(),"{'q': 4, 'model__min_samples_leaf': 20, 'model__max_leaf_nodes': 45, 'model__max_iter': 210, 'model__max_depth': 18, 'model__max_bins': 120, 'model__learning_rate': 0.1, 'model__l2_regularization': 1, 'model': HistGradientBoostingRegressor()}",-2089.538891998731,-1981.6548663300975,-2017.9363025272792,-2029.710020285369,44.82340215410513,274,-822.8628301414674,-904.4408377611411,-855.5528571176887,-860.9521750067657,33.52220465153772
691,1,4000,0.7854704062143961,0.14097344289818278,0.1265695889790853,0.013436592897392997,3,15,20,210,43,85,0.05,9,HistGradientBoostingRegressor(),"{'q': 3, 'model__min_samples_leaf': 15, 'model__max_leaf_nodes': 20, 'model__max_iter': 210, 'model__max_depth': 43, 'model__max_bins': 85, 'model__learning_rate': 0.05, 'model__l2_regularization': 9, 'model': HistGradientBoostingRegressor()}",-2155.4124977251186,-2021.7104413612337,-2031.4332315531403,-2069.5187235464973,60.86563614095623,358,-1447.9655802821221,-1512.841539597235,-1512.609741614058,-1491.1389538311385,30.528331871431863
692,1,4000,1.176723798116048,0.015071952041708924,0.16622487703959146,0.026043870559681326,3,15,65,150,18,120,0.1,5,HistGradientBoostingRegressor(),"{'q': 3, 'model__min_samples_leaf': 15, 'model__max_leaf_nodes': 65, 'model__max_iter': 150, 'model__max_depth': 18, 'model__max_bins': 120, 'model__learning_rate': 0.1, 'model__l2_regularization': 5, 'model': HistGradientBoostingRegressor()}",-2078.2720964029536,-1969.9071221580496,-2048.3344873491933,-2032.1712353033988,45.69230386178536,277,-800.0864057841148,-881.0838876857377,-843.8549837284747,-841.6750923994424,33.10299043143711
693,1,4000,0.9158647855122884,0.017745514399839346,0.13416322072347006,0.010822278274359392,6,5,40,130,48,85,0.05,5,HistGradientBoostingRegressor(),"{'q': 6, 'model__min_samples_leaf': 5, 'model__max_leaf_nodes': 40, 'model__max_iter': 130, 'model__max_depth': 48, 'model__max_bins': 85, 'model__learning_rate': 0.05, 'model__l2_regularization': 5, 'model': HistGradientBoostingRegressor()}",-2093.669505171816,-1984.5653672627286,-1999.9409531215194,-2026.058608518688,48.218441629769515,272,-1263.2466785954337,-1345.1191268948917,-1302.86867545848,-1303.7448269829351,33.43002820576346
694,1,4000,1.4183520476023357,0.035108262428450616,0.1429616610209147,0.005618105078538328,6,30,35,310,28,155,0.1,3,HistGradientBoostingRegressor(),"{'q': 6, 'model__min_samples_leaf': 30, 'model__max_leaf_nodes': 35, 'model__max_iter': 310, 'model__max_depth': 28, 'model__max_bins': 155, 'model__learning_rate': 0.1, 'model__l2_regularization': 3, 'model': HistGradientBoostingRegressor()}",-2085.6348455018797,-1989.5025948637485,-1990.9125817596553,-2022.016674041761,44.98852313430198,268,-877.3348110554734,-956.4626230456439,-912.8836063009198,-915.560346800679,32.35919614128499
695,1,4000,1.1555642286936443,0.04537736241662364,0.14290634791056314,0.01291356342476813,9,10,35,230,33,85,0.05,3,HistGradientBoostingRegressor(),"{'q': 9, 'model__min_samples_leaf': 10, 'model__max_leaf_nodes': 35, 'model__max_iter': 230, 'model__max_depth': 33, 'model__max_bins': 85, 'model__learning_rate': 0.05, 'model__l2_regularization': 3, 'model': HistGradientBoostingRegressor()}",-2062.328938944085,-1972.9679317341927,-1955.3306836196084,-1996.8758514326285,46.83907292599937,241,-1101.5000750107731,-1181.9328490116977,-1146.40771920761,-1143.280214410027,32.910927750167644
696,1,4000,0.9566020965576172,0.01835010398959141,0.15176264444986978,0.01672451951949516,11,35,40,170,43,50,0.05,7,HistGradientBoostingRegressor(),"{'q': 11, 'model__min_samples_leaf': 35, 'model__max_leaf_nodes': 40, 'model__max_iter': 170, 'model__max_depth': 43, 'model__max_bins': 50, 'model__learning_rate': 0.05, 'model__l2_regularization': 7, 'model': HistGradientBoostingRegressor()}",-2152.9199268065204,-1995.0344892775013,-2040.022421380834,-2062.6589458216185,66.41416528121655,344,-1402.071876886041,-1461.7375168350734,-1446.121124323877,-1436.643506014997,25.263492556632
697,1,4000,1.124790906906128,0.0415314303838072,0.17116975784301758,0.04605136903729225,6,10,35,190,48,190,0.05,9,HistGradientBoostingRegressor(),"{'q': 6, 'model__min_samples_leaf': 10, 'model__max_leaf_nodes': 35, 'model__max_iter': 190, 'model__max_depth': 48, 'model__max_bins': 190, 'model__learning_rate': 0.05, 'model__l2_regularization': 9, 'model': HistGradientBoostingRegressor()}",-2117.773020901901,-1970.999926174202,-1965.2943361234625,-2018.0224277331884,70.57277127235056,257,-1224.5754571674302,-1300.2043522153726,-1267.8662849525324,-1264.215364778445,30.98310674256046
698,1,4000,0.7240635553995768,0.1462806142623691,0.13524198532104492,0.017859519896492555,6,40,20,150,43,155,0.1,3,HistGradientBoostingRegressor(),"{'q': 6, 'model__min_samples_leaf': 40, 'model__max_leaf_nodes': 20, 'model__max_iter': 150, 'model__max_depth': 43, 'model__max_bins': 155, 'model__learning_rate': 0.1, 'model__l2_regularization': 3, 'model': HistGradientBoostingRegressor()}",-2108.1604475580234,-2007.4765401129694,-2023.3738541951402,-2046.336947288711,44.19494720680975,307,-1389.2778290335752,-1477.0174480108897,-1443.6951384836475,-1436.6634718427042,36.162996155214564
699,1,4000,1.6488447189331055,0.11344400794293848,0.13960639635721842,0.0108755017365195,10,25,50,350,13,85,0.05,9,HistGradientBoostingRegressor(),"{'q': 10, 'model__min_samples_leaf': 25, 'model__max_leaf_nodes': 50, 'model__max_iter': 350, 'model__max_depth': 13, 'model__max_bins': 85, 'model__learning_rate': 0.05, 'model__l2_regularization': 9, 'model': HistGradientBoostingRegressor()}",-2104.5666053843024,-2023.8740683702958,-1972.2446488771104,-2033.5617742105694,54.452816130472435,278,-1028.7683455627339,-1136.9813798998312,-1097.0638071213439,-1087.604510861303,44.681270605716264
700,1,4000,1.5517725944519043,0.047744163039428564,0.14574337005615234,0.010626404274901153,4,30,40,310,38,120,0.1,3,HistGradientBoostingRegressor(),"{'q': 4, 'model__min_samples_leaf': 30, 'model__max_leaf_nodes': 40, 'model__max_iter': 310, 'model__max_depth': 38, 'model__max_bins': 120, 'model__learning_rate': 0.1, 'model__l2_regularization': 3, 'model': HistGradientBoostingRegressor()}",-2107.249845252829,-1993.4271479998747,-2011.1572663588777,-2037.278086537194,50.00416341049586,286,-816.3027364812101,-907.0276303770767,-842.6797789711909,-855.3367152764926,38.104244038176894
701,1,4000,1.5766456127166748,0.26413333334253863,0.18412033716837564,0.04185512225641524,12,5,65,290,8,85,0.1,9,HistGradientBoostingRegressor(),"{'q': 12, 'model__min_samples_leaf': 5, 'model__max_leaf_nodes': 65, 'model__max_iter': 290, 'model__max_depth': 8, 'model__max_bins': 85, 'model__learning_rate': 0.1, 'model__l2_regularization': 9, 'model': HistGradientBoostingRegressor()}",-2081.7472051873856,-1950.615979377443,-1946.9814112910076,-1993.114865285279,62.69009107605278,239,-758.00800237183,-803.924346788891,-719.3950995927426,-760.4424829178212,34.55182995186118
702,1,4000,0.6589596271514893,0.017446484177895138,0.134263277053833,0.01750339206467088,10,10,25,110,28,120,0.1,7,HistGradientBoostingRegressor(),"{'q': 10, 'model__min_samples_leaf': 10, 'model__max_leaf_nodes': 25, 'model__max_iter': 110, 'model__max_depth': 28, 'model__max_bins': 120, 'model__learning_rate': 0.1, 'model__l2_regularization': 7, 'model': HistGradientBoostingRegressor()}",-2107.477829365699,-1996.3048795976279,-2015.0081708284292,-2039.5969599305852,48.602555503226085,291,-1303.2647762877775,-1394.7797829284066,-1343.2888245168983,-1347.1111279110276,37.45848023733454
703,1,4000,0.790452241897583,0.10730635034577617,0.14344501495361328,0.01139585770491048,9,35,15,230,38,85,0.05,1,HistGradientBoostingRegressor(),"{'q': 9, 'model__min_samples_leaf': 35, 'model__max_leaf_nodes': 15, 'model__max_iter': 230, 'model__max_depth': 38, 'model__max_bins': 85, 'model__learning_rate': 0.05, 'model__l2_regularization': 1, 'model': HistGradientBoostingRegressor()}",-2153.0066485451734,-2021.279021514441,-2003.7270099082166,-2059.337559989277,66.6205268218214,336,-1547.3828860659141,-1650.9121980487002,-1604.2714347627393,-1600.8555062924513,42.334627555488254
704,1,4000,0.8958503405253092,0.0796734909668229,0.15414802233378092,0.005495168749122121,12,10,30,150,43,155,0.05,3,HistGradientBoostingRegressor(),"{'q': 12, 'model__min_samples_leaf': 10, 'model__max_leaf_nodes': 30, 'model__max_iter': 150, 'model__max_depth': 43, 'model__max_bins': 155, 'model__learning_rate': 0.05, 'model__l2_regularization': 3, 'model': HistGradientBoostingRegressor()}",-2084.2109505025796,-1985.0798788696964,-1966.7819453655914,-2012.0242582459557,51.58741769620799,251,-1309.8217332420013,-1381.9136547847143,-1342.5428473094828,-1344.7594117787328,29.47310815489182
705,1,4000,0.6441390514373779,0.07314275646672205,0.16028356552124023,0.04275719651762108,6,20,50,90,8,190,0.2,5,HistGradientBoostingRegressor(),"{'q': 6, 'model__min_samples_leaf': 20, 'model__max_leaf_nodes': 50, 'model__max_iter': 90, 'model__max_depth': 8, 'model__max_bins': 190, 'model__learning_rate': 0.2, 'model__l2_regularization': 5, 'model': HistGradientBoostingRegressor()}",-2113.0338949080615,-2069.9687315515775,-2012.6524984268792,-2065.2183749621727,41.11796530044545,348,-1134.3563427444883,-1296.678171682175,-1198.480831500032,-1209.8384486422317,66.75248129111253
706,1,4000,1.415796438852946,0.03847650299699698,0.17539032300313315,0.02227874688621067,7,15,30,350,43,120,0.05,5,HistGradientBoostingRegressor(),"{'q': 7, 'model__min_samples_leaf': 15, 'model__max_leaf_nodes': 30, 'model__max_iter': 350, 'model__max_depth': 43, 'model__max_bins': 120, 'model__learning_rate': 0.05, 'model__l2_regularization': 5, 'model': HistGradientBoostingRegressor()}",-2061.9376963837167,-1998.5212444179106,-1996.4261269019025,-2018.96168923451,30.400660872399616,260,-1051.5591357721212,-1144.1294488867957,-1120.323677744622,-1105.3374208011794,39.24926020889545
707,1,4000,0.6990257898966471,0.11631368836077552,0.16100064913431802,0.03478897232905726,4,10,15,210,18,50,0.05,1,HistGradientBoostingRegressor(),"{'q': 4, 'model__min_samples_leaf': 10, 'model__max_leaf_nodes': 15, 'model__max_iter': 210, 'model__max_depth': 18, 'model__max_bins': 50, 'model__learning_rate': 0.05, 'model__l2_regularization': 1, 'model': HistGradientBoostingRegressor()}",-2196.589865720351,-2008.7004288244166,-2051.5106727304,-2085.6003224250558,80.40393143993272,402,-1490.2000599669645,-1526.59763181838,-1531.9649558753629,-1516.2542158869026,18.55292110708346
708,1,4000,0.6438766320546468,0.03830358845799335,0.17482431729634604,0.010251752100667302,8,5,5,310,48,155,0.05,1,HistGradientBoostingRegressor(),"{'q': 8, 'model__min_samples_leaf': 5, 'model__max_leaf_nodes': 5, 'model__max_iter': 310, 'model__max_depth': 48, 'model__max_bins': 155, 'model__learning_rate': 0.05, 'model__l2_regularization': 1, 'model': HistGradientBoostingRegressor()}",-2280.285847569277,-2114.1456908406963,-2064.128728814918,-2152.8534224082973,92.39297000449982,468,-1748.3340052418907,-1836.721846597559,-1845.7301556631621,-1810.2620025008707,43.94386602197948
709,1,4000,1.1369086106618245,0.025951279415006426,0.1474467913309733,0.013211720641737191,3,10,40,210,13,155,0.05,7,HistGradientBoostingRegressor(),"{'q': 3, 'model__min_samples_leaf': 10, 'model__max_leaf_nodes': 40, 'model__max_iter': 210, 'model__max_depth': 13, 'model__max_bins': 155, 'model__learning_rate': 0.05, 'model__l2_regularization': 7, 'model': HistGradientBoostingRegressor()}",-2097.003236515649,-1951.470106304174,-1949.6754725269598,-1999.3829384489275,69.0318628053994,243,-1126.4993973848998,-1204.5717639115885,-1144.6412268736692,-1158.570796056719,33.360138658669044
710,1,4000,0.9861982663472494,0.07203112549982713,0.15427637100219727,0.03755141083137193,11,25,65,270,8,155,0.05,7,HistGradientBoostingRegressor(),"{'q': 11, 'model__min_samples_leaf': 25, 'model__max_leaf_nodes': 65, 'model__max_iter': 270, 'model__max_depth': 8, 'model__max_bins': 155, 'model__learning_rate': 0.05, 'model__l2_regularization': 7, 'model': HistGradientBoostingRegressor()}",-2107.0790147850357,-2020.0894840206386,-1967.1768581309225,-2031.448452312199,57.67681787110263,275,-1274.2103534156292,-1376.344778685042,-1342.370084156749,-1330.9750720858067,42.4675949507465
711,1,4000,1.743647575378418,0.1398003923176737,0.1716446876525879,0.026845055999065524,7,35,50,290,33,120,0.1,5,HistGradientBoostingRegressor(),"{'q': 7, 'model__min_samples_leaf': 35, 'model__max_leaf_nodes': 50, 'model__max_iter': 290, 'model__max_depth': 33, 'model__max_bins': 120, 'model__learning_rate': 0.1, 'model__l2_regularization': 5, 'model': HistGradientBoostingRegressor()}",-2114.328454051477,-2013.8337644800936,-2032.7446822735515,-2053.635633601707,43.60519497765305,325,-832.5526179284587,-920.6881414180009,-862.6059580049595,-871.9489057838064,36.58265190034391
712,1,4000,0.7296767234802246,0.06961495498783889,0.13030306498209634,0.010424050928336969,12,25,15,230,48,155,0.1,5,HistGradientBoostingRegressor(),"{'q': 12, 'model__min_samples_leaf': 25, 'model__max_leaf_nodes': 15, 'model__max_iter': 230, 'model__max_depth': 48, 'model__max_bins': 155, 'model__learning_rate': 0.1, 'model__l2_regularization': 5, 'model': HistGradientBoostingRegressor()}",-2104.2191665530763,-2037.0197032063707,-1963.6836636326823,-2034.9741777973766,57.391608131742,280,-1315.0998026975087,-1425.2797388380304,-1379.443130783148,-1373.274224106229,45.1917849405823
713,1,4000,1.6145226160685222,0.09917300187970597,0.17369731267293295,0.03203449455439847,12,40,50,390,13,190,0.05,3,HistGradientBoostingRegressor(),"{'q': 12, 'model__min_samples_leaf': 40, 'model__max_leaf_nodes': 50, 'model__max_iter': 390, 'model__max_depth': 13, 'model__max_bins': 190, 'model__learning_rate': 0.05, 'model__l2_regularization': 3, 'model': HistGradientBoostingRegressor()}",-2070.4305485358263,-2009.8020078186617,-1993.7099438825712,-2024.6475000790197,33.03335965282704,269,-1152.45244089798,-1246.588582978485,-1188.5904309233422,-1195.8771515999358,38.774781625125655
714,1,4000,1.167033592859904,0.20497953474647806,0.15432540575663248,0.029770444908942817,7,25,40,190,43,225,0.1,9,HistGradientBoostingRegressor(),"{'q': 7, 'model__min_samples_leaf': 25, 'model__max_leaf_nodes': 40, 'model__max_iter': 190, 'model__max_depth': 43, 'model__max_bins': 225, 'model__learning_rate': 0.1, 'model__l2_regularization': 9, 'model': HistGradientBoostingRegressor()}",-2118.273008719592,-2037.029077554431,-1962.461690934179,-2039.2545924027338,63.62916718383034,289,-1003.4878933259794,-1081.703477090424,-1052.6955777987046,-1045.9623160717026,32.284382147992716
715,1,4000,0.5348918437957764,0.08676925384672501,0.13113760948181152,0.010398559275091021,3,35,10,150,13,190,0.1,1,HistGradientBoostingRegressor(),"{'q': 3, 'model__min_samples_leaf': 35, 'model__max_leaf_nodes': 10, 'model__max_iter': 150, 'model__max_depth': 13, 'model__max_bins': 190, 'model__learning_rate': 0.1, 'model__l2_regularization': 1, 'model': HistGradientBoostingRegressor()}",-2185.6205872632695,-2076.956310020993,-2016.8553794413897,-2093.144092241884,69.84247543681813,421,-1604.7280342261358,-1711.8924918127807,-1670.4806672176592,-1662.3670644188587,44.124280203704025
716,1,4000,0.6523280143737793,0.03372285597109028,0.16939791043599448,0.008620087949146956,9,20,15,110,8,225,0.1,1,HistGradientBoostingRegressor(),"{'q': 9, 'model__min_samples_leaf': 20, 'model__max_leaf_nodes': 15, 'model__max_iter': 110, 'model__max_depth': 8, 'model__max_bins': 225, 'model__learning_rate': 0.1, 'model__l2_regularization': 1, 'model': HistGradientBoostingRegressor()}",-2154.9380153347615,-2015.0881226634117,-2006.3861924287107,-2058.8041101422946,68.06970296746347,335,-1481.7048165483925,-1585.9517204638714,-1552.5792136141729,-1540.0785835421457,43.46687288912503
717,1,4000,0.8995583852132162,0.07794480272301409,0.12856237093607584,0.008825968434084255,3,25,40,110,13,155,0.05,5,HistGradientBoostingRegressor(),"{'q': 3, 'model__min_samples_leaf': 25, 'model__max_leaf_nodes': 40, 'model__max_iter': 110, 'model__max_depth': 13, 'model__max_bins': 155, 'model__learning_rate': 0.05, 'model__l2_regularization': 5, 'model': HistGradientBoostingRegressor()}",-2144.1587692339936,-2029.8142547463794,-1991.9080487174035,-2055.2936908992588,64.71461310737936,327,-1410.9099669266116,-1507.0975737726367,-1480.8564396775946,-1466.2879934589475,40.597156276522476
718,1,4000,1.2980259259541829,0.0059739249965600595,0.18106508255004883,0.0722716844568571,10,15,25,350,38,50,0.05,9,HistGradientBoostingRegressor(),"{'q': 10, 'model__min_samples_leaf': 15, 'model__max_leaf_nodes': 25, 'model__max_iter': 350, 'model__max_depth': 38, 'model__max_bins': 50, 'model__learning_rate': 0.05, 'model__l2_regularization': 9, 'model': HistGradientBoostingRegressor()}",-2160.701898123288,-2002.9969607630119,-2046.2269590170538,-2069.9752726344514,66.53669973132556,360,-1221.5203874035385,-1292.3058821422521,-1246.4011428403383,-1253.409137462043,29.31985172557432
719,1,4000,0.8882630666097006,0.09917968166032923,0.15402921040852866,0.024114866762743496,6,25,20,210,13,120,0.05,5,HistGradientBoostingRegressor(),"{'q': 6, 'model__min_samples_leaf': 25, 'model__max_leaf_nodes': 20, 'model__max_iter': 210, 'model__max_depth': 13, 'model__max_bins': 120, 'model__learning_rate': 0.05, 'model__l2_regularization': 5, 'model': HistGradientBoostingRegressor()}",-2130.1861127502416,-2035.13588275657,-1992.9569898614359,-2052.759661789416,57.392834818507126,324,-1444.033906100884,-1541.0766248616287,-1513.4390166935198,-1499.5165158853442,40.82237407504604
720,1,4000,1.1320943037668865,0.12365364948835601,0.13404194513956705,0.015853352370162853,14,10,30,230,38,190,0.05,7,HistGradientBoostingRegressor(),"{'q': 14, 'model__min_samples_leaf': 10, 'model__max_leaf_nodes': 30, 'model__max_iter': 230, 'model__max_depth': 38, 'model__max_bins': 190, 'model__learning_rate': 0.05, 'model__l2_regularization': 7, 'model': HistGradientBoostingRegressor()}",-2109.053021304393,-1966.260901718541,-1946.9826744168217,-2007.4321991465852,72.28649543769471,250,-1199.302503257004,-1270.2364668263187,-1235.23988568603,-1234.926285256451,28.95951836426488
721,1,4000,1.5841079552968342,0.0777724510285814,0.13331731160481772,0.014175247877649049,12,5,35,290,13,50,0.05,1,HistGradientBoostingRegressor(),"{'q': 12, 'model__min_samples_leaf': 5, 'model__max_leaf_nodes': 35, 'model__max_iter': 290, 'model__max_depth': 13, 'model__max_bins': 50, 'model__learning_rate': 0.05, 'model__l2_regularization': 1, 'model': HistGradientBoostingRegressor()}",-2079.429472379275,-1972.8707075160205,-1957.9071134014875,-2003.4024310989278,54.10520949402714,248,-929.1533763965026,-972.4019432663752,-966.7608769026513,-956.1053988551763,19.196597674060616
722,1,4000,0.5592343012491862,0.03849160899590619,0.1567843755086263,0.02807300638847129,13,10,30,90,43,155,0.1,5,HistGradientBoostingRegressor(),"{'q': 13, 'model__min_samples_leaf': 10, 'model__max_leaf_nodes': 30, 'model__max_iter': 90, 'model__max_depth': 43, 'model__max_bins': 155, 'model__learning_rate': 0.1, 'model__l2_regularization': 5, 'model': HistGradientBoostingRegressor()}",-2109.674574468491,-1990.8005890026318,-1961.8451682774626,-2020.7734439161952,63.96437736454119,264,-1268.8017561652543,-1351.9265173827807,-1297.8201673409978,-1306.1828136296774,34.44688540908425
723,1,4000,1.035529375076294,0.04577630176183542,0.13214238484700522,0.0012315670010984562,3,20,40,170,33,190,0.05,9,HistGradientBoostingRegressor(),"{'q': 3, 'model__min_samples_leaf': 20, 'model__max_leaf_nodes': 40, 'model__max_iter': 170, 'model__max_depth': 33, 'model__max_bins': 190, 'model__learning_rate': 0.05, 'model__l2_regularization': 9, 'model': HistGradientBoostingRegressor()}",-2129.275277570951,-2001.185462841718,-1974.5732737852122,-2035.0113380659604,67.53428694544816,281,-1260.5764906548939,-1357.9560646167963,-1308.4631942953054,-1308.9985831889987,39.75684710169243
724,1,4000,1.086609681447347,0.08239249551317361,0.1501022974650065,0.027824080590199057,7,20,25,310,28,85,0.05,3,HistGradientBoostingRegressor(),"{'q': 7, 'model__min_samples_leaf': 20, 'model__max_leaf_nodes': 25, 'model__max_iter': 310, 'model__max_depth': 28, 'model__max_bins': 85, 'model__learning_rate': 0.05, 'model__l2_regularization': 3, 'model': HistGradientBoostingRegressor()}",-2125.6510074830385,-1983.9784760158411,-2006.0428549099263,-2038.5574461362685,62.2397275328393,288,-1212.3816375428635,-1291.1403325890542,-1265.793116207288,-1256.4383621130685,32.82647894070886
725,1,4000,2.1893393993377686,0.17170476899382386,0.1451860268910726,0.002785766682117673,7,30,65,370,48,120,0.05,3,HistGradientBoostingRegressor(),"{'q': 7, 'model__min_samples_leaf': 30, 'model__max_leaf_nodes': 65, 'model__max_iter': 370, 'model__max_depth': 48, 'model__max_bins': 120, 'model__learning_rate': 0.05, 'model__l2_regularization': 3, 'model': HistGradientBoostingRegressor()}",-2101.039951513571,-1952.755980917502,-1989.9684615313045,-2014.5881313207926,62.99010551582171,254,-874.5348022118849,-968.558878673437,-902.5054521710387,-915.1997110187868,39.420721237966326
726,1,4000,1.4558337529500325,0.01398372701410263,0.17930261294047037,0.020018602192845177,7,25,55,290,13,155,0.05,3,HistGradientBoostingRegressor(),"{'q': 7, 'model__min_samples_leaf': 25, 'model__max_leaf_nodes': 55, 'model__max_iter': 290, 'model__max_depth': 13, 'model__max_bins': 155, 'model__learning_rate': 0.05, 'model__l2_regularization': 3, 'model': HistGradientBoostingRegressor()}",-2069.9667868277475,-1984.6043344914601,-1943.8441540616084,-1999.471758460272,52.55162443139061,244,-1043.0672853423148,-1150.3422030168285,-1109.0631097294454,-1100.8241993628628,44.18058942974739
727,1,4000,0.9472560882568359,0.16066682795226062,0.12695964177449545,0.004975320433304688,10,20,30,190,48,120,0.1,1,HistGradientBoostingRegressor(),"{'q': 10, 'model__min_samples_leaf': 20, 'model__max_leaf_nodes': 30, 'model__max_iter': 190, 'model__max_depth': 48, 'model__max_bins': 120, 'model__learning_rate': 0.1, 'model__l2_regularization': 1, 'model': HistGradientBoostingRegressor()}",-2109.057927626085,-2017.0600504067256,-2003.28448181649,-2043.1341532831004,46.953165248040264,298,-1040.8843348816642,-1111.2006559199854,-1082.092108697485,-1078.0590331663782,28.84782516089985
728,1,4000,1.3850807348887126,0.08793444846690836,0.1355889638264974,0.002406277589780395,8,15,30,330,33,120,0.05,9,HistGradientBoostingRegressor(),"{'q': 8, 'model__min_samples_leaf': 15, 'model__max_leaf_nodes': 30, 'model__max_iter': 330, 'model__max_depth': 33, 'model__max_bins': 120, 'model__learning_rate': 0.05, 'model__l2_regularization': 9, 'model': HistGradientBoostingRegressor()}",-2099.9816073599723,-1966.8740838217268,-1997.3564729826003,-2021.4040547214329,56.939253280641275,267,-1120.3879370101095,-1200.8109166879663,-1162.538323619098,-1161.245725772391,32.84526370687485
729,1,4000,0.6262705326080322,0.03304566798260792,0.13634260495503744,0.017331840419099402,3,5,25,110,48,50,0.1,9,HistGradientBoostingRegressor(),"{'q': 3, 'model__min_samples_leaf': 5, 'model__max_leaf_nodes': 25, 'model__max_iter': 110, 'model__max_depth': 48, 'model__max_bins': 50, 'model__learning_rate': 0.1, 'model__l2_regularization': 9, 'model': HistGradientBoostingRegressor()}",-2159.882855904135,-2005.1785630990275,-2062.6367725916907,-2075.8993971982845,63.850228199402515,372,-1364.7001788667087,-1391.5780975306432,-1396.5415163068044,-1384.273264234719,13.98780741942649
730,1,4000,1.2147420247395833,0.04399286169161961,0.13587109247843424,0.012927953676352903,5,25,45,190,18,50,0.05,9,HistGradientBoostingRegressor(),"{'q': 5, 'model__min_samples_leaf': 25, 'model__max_leaf_nodes': 45, 'model__max_iter': 190, 'model__max_depth': 18, 'model__max_bins': 50, 'model__learning_rate': 0.05, 'model__l2_regularization': 9, 'model': HistGradientBoostingRegressor()}",-2148.0437683030063,-1980.9471581776934,-2020.6850927132455,-2049.8920063979817,71.27459638180322,315,-1277.821495294251,-1338.3745262716564,-1325.6852849433974,-1313.9604355031015,26.07388809947424
731,1,4000,1.7233866850535076,0.024113106265869357,0.14124464988708496,0.021778211470630734,13,5,45,270,23,225,0.05,5,HistGradientBoostingRegressor(),"{'q': 13, 'model__min_samples_leaf': 5, 'model__max_leaf_nodes': 45, 'model__max_iter': 270, 'model__max_depth': 23, 'model__max_bins': 225, 'model__learning_rate': 0.05, 'model__l2_regularization': 5, 'model': HistGradientBoostingRegressor()}",-2048.6532030919852,-1931.1096909742444,-1947.7273048012812,-1975.8300662891704,51.938702414014024,238,-904.3697583021323,-985.7668977953565,-920.2762735931916,-936.8043098968934,35.22551695823371
732,1,4000,1.0517640113830566,0.08087667979422859,0.13128209114074707,0.010878372239829088,6,20,40,210,18,50,0.1,9,HistGradientBoostingRegressor(),"{'q': 6, 'model__min_samples_leaf': 20, 'model__max_leaf_nodes': 40, 'model__max_iter': 210, 'model__max_depth': 18, 'model__max_bins': 50, 'model__learning_rate': 0.1, 'model__l2_regularization': 9, 'model': HistGradientBoostingRegressor()}",-2177.408855572792,-1986.0385832725267,-2031.101942669842,-2064.849793838387,81.68979280971047,347,-992.9804964304471,-1090.8804323499971,-1014.9460255458391,-1032.9356514420945,41.94297194348865
733,1,4000,1.3300968805948894,0.050940631965353034,0.15868735313415527,0.005341663210939035,13,35,60,190,28,225,0.1,5,HistGradientBoostingRegressor(),"{'q': 13, 'model__min_samples_leaf': 35, 'model__max_leaf_nodes': 60, 'model__max_iter': 190, 'model__max_depth': 28, 'model__max_bins': 225, 'model__learning_rate': 0.1, 'model__l2_regularization': 5, 'model': HistGradientBoostingRegressor()}",-2113.353178072338,-2007.0486362720033,-1991.7609113192361,-2037.3875752211923,54.07715627361417,287,-959.5500256236962,-1038.6103507473895,-983.4479310472555,-993.8694358061138,33.1067925884825
734,1,4000,0.7717556953430176,0.10308051208785778,0.1479802926381429,0.017535512413897187,9,10,10,310,28,190,0.05,7,HistGradientBoostingRegressor(),"{'q': 9, 'model__min_samples_leaf': 10, 'model__max_leaf_nodes': 10, 'model__max_iter': 310, 'model__max_depth': 28, 'model__max_bins': 190, 'model__learning_rate': 0.05, 'model__l2_regularization': 7, 'model': HistGradientBoostingRegressor()}",-2164.9652112461977,-1991.292651630139,-1994.9982215751172,-2050.4186948171514,81.0107446852026,317,-1531.0510608371862,-1620.2619761393453,-1617.3902070828058,-1589.5677480197792,41.394152352698285
735,1,4000,1.4583516120910645,0.051703737173710324,0.15316335360209146,0.03218076978105864,3,25,55,210,43,225,0.1,7,HistGradientBoostingRegressor(),"{'q': 3, 'model__min_samples_leaf': 25, 'model__max_leaf_nodes': 55, 'model__max_iter': 210, 'model__max_depth': 43, 'model__max_bins': 225, 'model__learning_rate': 0.1, 'model__l2_regularization': 7, 'model': HistGradientBoostingRegressor()}",-2110.071194399623,-2023.5324617878493,-1991.6708574937293,-2041.7581712270674,50.025275666602646,295,-819.6398766021127,-896.6514706741896,-859.9869255388332,-858.7594242717119,31.451830629299074
736,1,4000,0.8966419696807861,0.16265724432873585,0.12941543261210123,0.011843642890548258,3,25,50,110,28,190,0.1,9,HistGradientBoostingRegressor(),"{'q': 3, 'model__min_samples_leaf': 25, 'model__max_leaf_nodes': 50, 'model__max_iter': 110, 'model__max_depth': 28, 'model__max_bins': 190, 'model__learning_rate': 0.1, 'model__l2_regularization': 9, 'model': HistGradientBoostingRegressor()}",-2118.065139097353,-1988.725157606547,-1943.2026004104778,-2016.664299038126,74.07056805036245,256,-1133.859511048878,-1213.400147198672,-1188.3339573911117,-1178.5312052128872,33.20390200442553
737,1,4000,1.0995906988779705,0.03442362324736806,0.1413573424021403,0.013932693219520943,9,30,40,190,48,155,0.1,7,HistGradientBoostingRegressor(),"{'q': 9, 'model__min_samples_leaf': 30, 'model__max_leaf_nodes': 40, 'model__max_iter': 190, 'model__max_depth': 48, 'model__max_bins': 155, 'model__learning_rate': 0.1, 'model__l2_regularization': 7, 'model': HistGradientBoostingRegressor()}",-2095.3058889316876,-1977.457873374668,-1990.351045905551,-2021.038269403969,52.778265458509026,266,-1040.507049337915,-1124.515832941008,-1083.0398149236073,-1082.6875657341768,34.297346741270594
738,1,4000,1.6812652746836345,0.0967297585129013,0.1410184701283773,0.009939025334905838,9,30,65,270,48,85,0.05,5,HistGradientBoostingRegressor(),"{'q': 9, 'model__min_samples_leaf': 30, 'model__max_leaf_nodes': 65, 'model__max_iter': 270, 'model__max_depth': 48, 'model__max_bins': 85, 'model__learning_rate': 0.05, 'model__l2_regularization': 5, 'model': HistGradientBoostingRegressor()}",-2087.663479289635,-1970.7803875174857,-2002.4177267920488,-2020.2871978663898,49.36194744207788,262,-1039.5668101602919,-1138.9800343337793,-1076.2459656588946,-1084.9309367176554,41.047280274180125
739,1,4000,0.6973566214243571,0.09139905175251332,0.15984741846720377,0.027157414705996127,10,30,20,170,13,225,0.1,9,HistGradientBoostingRegressor(),"{'q': 10, 'model__min_samples_leaf': 30, 'model__max_leaf_nodes': 20, 'model__max_iter': 170, 'model__max_depth': 13, 'model__max_bins': 225, 'model__learning_rate': 0.1, 'model__l2_regularization': 9, 'model': HistGradientBoostingRegressor()}",-2111.358919425512,-2003.6303823239982,-2011.3532767254542,-2042.1141928249883,49.06482036360999,296,-1329.3481081703846,-1425.4115301530678,-1382.2722747481725,-1379.0106376905417,39.285484749268804
740,1,4000,1.079957644144694,0.039231020315513065,0.14086031913757324,0.012324411447421654,12,30,35,270,8,225,0.05,9,HistGradientBoostingRegressor(),"{'q': 12, 'model__min_samples_leaf': 30, 'model__max_leaf_nodes': 35, 'model__max_iter': 270, 'model__max_depth': 8, 'model__max_bins': 225, 'model__learning_rate': 0.05, 'model__l2_regularization': 9, 'model': HistGradientBoostingRegressor()}",-2138.959400195008,-2027.788639907042,-2001.1061668339262,-2055.9514023119923,59.69776308893818,329,-1359.4066102306886,-1489.325147230394,-1451.0787523104716,-1433.2701699238514,54.513397552049724
741,1,4000,2.031146287918091,0.1243703740133246,0.15583697954813638,0.004651552288354421,6,20,65,370,23,50,0.05,7,HistGradientBoostingRegressor(),"{'q': 6, 'model__min_samples_leaf': 20, 'model__max_leaf_nodes': 65, 'model__max_iter': 370, 'model__max_depth': 23, 'model__max_bins': 50, 'model__learning_rate': 0.05, 'model__l2_regularization': 7, 'model': HistGradientBoostingRegressor()}",-2161.7975428858085,-2000.574393542904,-2002.0659055151486,-2054.812613981287,75.65221922948886,326,-836.2433682289768,-935.3890903119936,-862.8501809515542,-878.1608798308416,41.89893934194406
742,1,4000,1.2358190218607585,0.23883255112545473,0.14064502716064453,0.00476304720608085,5,25,55,230,13,190,0.05,9,HistGradientBoostingRegressor(),"{'q': 5, 'model__min_samples_leaf': 25, 'model__max_leaf_nodes': 55, 'model__max_iter': 230, 'model__max_depth': 13, 'model__max_bins': 190, 'model__learning_rate': 0.05, 'model__l2_regularization': 9, 'model': HistGradientBoostingRegressor()}",-2112.6583232139305,-2005.8662339572904,-1961.231003128153,-2026.585186766458,63.53222054580663,273,-1135.239008521484,-1263.890102987816,-1237.7900212966829,-1212.3063776019942,55.526798928173065
743,1,4000,0.9572811126708984,0.08403261005460823,0.13860019048055014,0.016826138691942744,7,15,15,310,43,225,0.05,5,HistGradientBoostingRegressor(),"{'q': 7, 'model__min_samples_leaf': 15, 'model__max_leaf_nodes': 15, 'model__max_iter': 310, 'model__max_depth': 43, 'model__max_bins': 225, 'model__learning_rate': 0.05, 'model__l2_regularization': 5, 'model': HistGradientBoostingRegressor()}",-2133.495166435338,-2016.4108104999007,-1992.8116255580421,-2047.5725341644272,61.51560471268877,311,-1368.8966861110769,-1487.4144902187265,-1466.8039576150134,-1441.0383779816057,51.7011688649874
744,1,4000,1.5630703767140706,0.024144672147038075,0.1754904588063558,0.044696099703725505,9,35,40,370,48,225,0.05,1,HistGradientBoostingRegressor(),"{'q': 9, 'model__min_samples_leaf': 35, 'model__max_leaf_nodes': 40, 'model__max_iter': 370, 'model__max_depth': 48, 'model__max_bins': 225, 'model__learning_rate': 0.05, 'model__l2_regularization': 1, 'model': HistGradientBoostingRegressor()}",-2082.6843175374456,-1983.7627176588173,-1981.2584143082859,-2015.9018165015161,47.23342543353735,255,-1040.1081050922494,-1126.3778775678318,-1063.2920916510222,-1076.5926914370345,36.453604090203385
745,1,4000,1.048154354095459,0.1660215112408878,0.13501103719075522,0.01573696117486221,6,15,40,170,33,190,0.05,1,HistGradientBoostingRegressor(),"{'q': 6, 'model__min_samples_leaf': 15, 'model__max_leaf_nodes': 40, 'model__max_iter': 170, 'model__max_depth': 33, 'model__max_bins': 190, 'model__learning_rate': 0.05, 'model__l2_regularization': 1, 'model': HistGradientBoostingRegressor()}",-2059.463857253056,-1959.3235306394422,-1975.2386244208967,-1998.0086707711316,43.93842290952349,242,-1135.3347637086142,-1219.4708387678038,-1176.762425060602,-1177.18934251234,34.349735326242275
746,1,4000,2.118218024571737,0.3038033008128876,0.18214193979899088,0.01104271361613758,8,30,45,390,28,190,0.05,1,HistGradientBoostingRegressor(),"{'q': 8, 'model__min_samples_leaf': 30, 'model__max_leaf_nodes': 45, 'model__max_iter': 390, 'model__max_depth': 28, 'model__max_bins': 190, 'model__learning_rate': 0.05, 'model__l2_regularization': 1, 'model': HistGradientBoostingRegressor()}",-2086.4999607020845,-1977.9261196984728,-1978.019909850553,-2014.1486634170367,51.1601072664381,253,-933.5664761070658,-1023.9321829536125,-973.1909335449146,-976.8965308685309,36.98458086025038
747,1,4000,0.7405057748158773,0.051658095006465087,0.1293299992879232,0.008620507837367085,14,15,15,230,38,50,0.05,5,HistGradientBoostingRegressor(),"{'q': 14, 'model__min_samples_leaf': 15, 'model__max_leaf_nodes': 15, 'model__max_iter': 230, 'model__max_depth': 38, 'model__max_bins': 50, 'model__learning_rate': 0.05, 'model__l2_regularization': 5, 'model': HistGradientBoostingRegressor()}",-2203.809371796769,-2061.110391853141,-2047.0938694816693,-2104.0045443771933,70.80427674011403,431,-1536.0274590451636,-1602.993504913563,-1572.5955250482998,-1570.538829669009,27.377427706348865
748,1,4000,0.9877813657124838,0.0740923517834365,0.15551630655924478,0.006632887674790338,8,30,35,170,38,120,0.05,3,HistGradientBoostingRegressor(),"{'q': 8, 'model__min_samples_leaf': 30, 'model__max_leaf_nodes': 35, 'model__max_iter': 170, 'model__max_depth': 38, 'model__max_bins': 120, 'model__learning_rate': 0.05, 'model__l2_regularization': 3, 'model': HistGradientBoostingRegressor()}",-2102.192435791139,-1965.086926228973,-1995.4423184969867,-2020.9072268390328,58.798108562134914,265,-1327.7054715255008,-1410.2103705545185,-1390.0914533760515,-1376.0024318186904,35.1249198080218
749,1,4000,0.7224284013112386,0.09991978134112298,0.14266482988993326,0.02598977991696806,5,5,10,390,18,155,0.1,7,HistGradientBoostingRegressor(),"{'q': 5, 'model__min_samples_leaf': 5, 'model__max_leaf_nodes': 10, 'model__max_iter': 390, 'model__max_depth': 18, 'model__max_bins': 155, 'model__learning_rate': 0.1, 'model__l2_regularization': 7, 'model': HistGradientBoostingRegressor()}",-2086.0831012903545,-1974.3969746986893,-1945.510718176264,-2001.996931388436,60.616097589944886,246,-1207.1963778733013,-1269.399524358122,-1256.4227295827784,-1244.3395439380674,26.793163178274067
750,2,8000,1.133846680323283,0.01885607336932839,0.3674619992574056,0.01241707486837859,13,50,40,230,18,155,0.2,1,HistGradientBoostingRegressor(),"{'q': 13, 'model__min_samples_leaf': 50, 'model__max_leaf_nodes': 40, 'model__max_iter': 230, 'model__max_depth': 18, 'model__max_bins': 155, 'model__learning_rate': 0.2, 'model__l2_regularization': 1, 'model': HistGradientBoostingRegressor()}",-1895.7761573045523,-1879.5941721785762,-1882.4648356110151,-1885.9450550313813,7.049733142218823,213,-1013.8049055083115,-1059.0373200218805,-963.6291849117941,-1012.1571368139954,38.9676311618468
751,2,8000,1.1599937280019124,0.03248424560895563,0.3573046525319417,0.0018685668473664653,10,15,25,350,38,50,0.05,9,HistGradientBoostingRegressor(),"{'q': 10, 'model__min_samples_leaf': 15, 'model__max_leaf_nodes': 25, 'model__max_iter': 350, 'model__max_depth': 38, 'model__max_bins': 50, 'model__learning_rate': 0.05, 'model__l2_regularization': 9, 'model': HistGradientBoostingRegressor()}",-1874.4784949365803,-1884.4712005677502,-1870.1181788318727,-1876.3559581120678,6.008103373451925,199,-1430.4060617511236,-1478.3085779880505,-1373.147326896325,-1427.287322211833,42.98850299812485
752,2,8000,1.277939796447754,0.22960038714983416,0.3305380344390869,0.042368149488153206,3,55,30,290,23,50,0.05,1,HistGradientBoostingRegressor(),"{'q': 3, 'model__min_samples_leaf': 55, 'model__max_leaf_nodes': 30, 'model__max_iter': 290, 'model__max_depth': 23, 'model__max_bins': 50, 'model__learning_rate': 0.05, 'model__l2_regularization': 1, 'model': HistGradientBoostingRegressor()}",-1890.2295246347492,-1896.6367406977922,-1908.6522181474988,-1898.5061611600133,7.636314936521223,225,-1537.930025017395,-1597.119718181813,-1473.8514775340825,-1536.3004069110968,50.33723955797851
753,2,8000,0.9102347691853842,0.027733393456559327,0.20215932528177896,0.0003980578568756636,3,15,20,210,43,85,0.05,9,HistGradientBoostingRegressor(),"{'q': 3, 'model__min_samples_leaf': 15, 'model__max_leaf_nodes': 20, 'model__max_iter': 210, 'model__max_depth': 43, 'model__max_bins': 85, 'model__learning_rate': 0.05, 'model__l2_regularization': 9, 'model': HistGradientBoostingRegressor()}",-1912.609970333799,-1947.2964631490943,-1919.0783988069604,-1926.3282774299514,15.060074169637101,233,-1604.8682211017594,-1671.3267745207697,-1551.6943680127183,-1609.2964545450825,48.93999802682423
754,2,8000,1.7042141755421956,0.05895216018750834,0.32702986399332684,0.08952173400476603,13,55,50,330,33,50,0.1,5,HistGradientBoostingRegressor(),"{'q': 13, 'model__min_samples_leaf': 55, 'model__max_leaf_nodes': 50, 'model__max_iter': 330, 'model__max_depth': 33, 'model__max_bins': 50, 'model__learning_rate': 0.1, 'model__l2_regularization': 5, 'model': HistGradientBoostingRegressor()}",-1905.8779133487708,-1875.5092418614456,-1884.393869528197,-1888.5936749128043,12.74866858218804,217,-1152.9464224050505,-1218.368164434353,-1103.5743175406467,-1158.2963014600166,47.01682482963589
755,2,8000,1.05702805519104,0.1634591403431157,0.1613163153330485,0.006896241928588047,5,40,50,150,43,50,0.05,7,HistGradientBoostingRegressor(),"{'q': 5, 'model__min_samples_leaf': 40, 'model__max_leaf_nodes': 50, 'model__max_iter': 150, 'model__max_depth': 43, 'model__max_bins': 50, 'model__learning_rate': 0.05, 'model__l2_regularization': 7, 'model': HistGradientBoostingRegressor()}",-1882.5116214347568,-1889.7463575481247,-1911.254041437338,-1894.5040068067399,12.206776717659617,222,-1505.0374808233491,-1580.1615712802966,-1485.853345852817,-1523.6841326521544,40.69630256864937
756,2,8000,1.6881896654764812,0.11009650934604777,0.22139469782511392,0.011489699219228825,10,50,65,230,18,225,0.2,7,HistGradientBoostingRegressor(),"{'q': 10, 'model__min_samples_leaf': 50, 'model__max_leaf_nodes': 65, 'model__max_iter': 230, 'model__max_depth': 18, 'model__max_bins': 225, 'model__learning_rate': 0.2, 'model__l2_regularization': 7, 'model': HistGradientBoostingRegressor()}",-1903.6542043664133,-1887.7855916375902,-1871.165234598879,-1887.5350102009606,13.264749838858089,215,-938.014610895286,-988.3349448033409,-884.0807036632966,-936.8100864539743,42.570137093733635
757,2,8000,1.1963763236999512,0.07798793135077607,0.21990172068277994,0.03162199404004131,5,75,35,210,33,155,0.1,5,HistGradientBoostingRegressor(),"{'q': 5, 'model__min_samples_leaf': 75, 'model__max_leaf_nodes': 35, 'model__max_iter': 210, 'model__max_depth': 33, 'model__max_bins': 155, 'model__learning_rate': 0.1, 'model__l2_regularization': 5, 'model': HistGradientBoostingRegressor()}",-1873.1049124240863,-1881.6640073489607,-1890.2089526478644,-1881.6592908069706,6.982695977843207,208,-1410.085656263433,-1460.5005965102032,-1350.2486620405457,-1406.9449716047275,45.064917535110645
758,2,8000,0.8889002005259196,0.06945981306491893,0.1840060551961263,0.015475995451048961,8,40,20,150,23,50,0.1,3,HistGradientBoostingRegressor(),"{'q': 8, 'model__min_samples_leaf': 40, 'model__max_leaf_nodes': 20, 'model__max_iter': 150, 'model__max_depth': 23, 'model__max_bins': 50, 'model__learning_rate': 0.1, 'model__l2_regularization': 3, 'model': HistGradientBoostingRegressor()}",-1936.642583350748,-1940.9648004732244,-1926.5076612857872,-1934.7050150365867,6.059034389530229,234,-1580.3773674996366,-1658.8203031550872,-1523.6738029919575,-1587.6238245488937,55.41075395872029
759,2,8000,0.8386883735656738,0.05054884448822741,0.20469927787780762,0.021957577414071523,7,45,15,170,8,155,0.2,1,HistGradientBoostingRegressor(),"{'q': 7, 'model__min_samples_leaf': 45, 'model__max_leaf_nodes': 15, 'model__max_iter': 170, 'model__max_depth': 8, 'model__max_bins': 155, 'model__learning_rate': 0.2, 'model__l2_regularization': 1, 'model': HistGradientBoostingRegressor()}",-1920.8437394249781,-1942.8062058547441,-1913.102168843072,-1925.5840380409315,12.581342719121947,232,-1496.0330782077613,-1550.5909516877637,-1413.4681282176277,-1486.6973860377175,56.36803787210075
760,2,8000,0.7783745924631754,0.054265526373991076,0.20047911008199057,0.01657870144583875,9,40,55,50,33,155,0.2,9,HistGradientBoostingRegressor(),"{'q': 9, 'model__min_samples_leaf': 40, 'model__max_leaf_nodes': 55, 'model__max_iter': 50, 'model__max_depth': 33, 'model__max_bins': 155, 'model__learning_rate': 0.2, 'model__l2_regularization': 9, 'model': HistGradientBoostingRegressor()}",-1877.1454628577474,-1837.744688609116,-1890.2078827612545,-1868.3660114093727,22.29956293984284,186,-1386.276890522869,-1457.7830526952139,-1356.7193921201642,-1400.2597784460825,42.42724547750003
761,2,8000,0.9743226369222006,0.03151297487913052,0.2230675220489502,0.023875288131233446,6,55,60,190,8,120,0.2,7,HistGradientBoostingRegressor(),"{'q': 6, 'model__min_samples_leaf': 55, 'model__max_leaf_nodes': 60, 'model__max_iter': 190, 'model__max_depth': 8, 'model__max_bins': 120, 'model__learning_rate': 0.2, 'model__l2_regularization': 7, 'model': HistGradientBoostingRegressor()}",-1885.1143695010346,-1898.1494333043486,-1895.6440736758782,-1892.9692921604208,5.647658169878451,220,-1359.944092655436,-1439.883408615432,-1261.9648746523285,-1353.930791974399,72.75928816174344
762,2,8000,0.8118254343668619,0.152285361594008,0.225648562113444,0.01229351078169817,4,10,15,190,18,50,0.2,1,HistGradientBoostingRegressor(),"{'q': 4, 'model__min_samples_leaf': 10, 'model__max_leaf_nodes': 15, 'model__max_iter': 190, 'model__max_depth': 18, 'model__max_bins': 50, 'model__learning_rate': 0.2, 'model__l2_regularization': 1, 'model': HistGradientBoostingRegressor()}",-1891.6421193855626,-1916.0037158800483,-1900.4357526096587,-1902.6938626250897,10.072938716229626,226,-1262.5428574293007,-1317.6035397979124,-1241.8651200099332,-1274.0038390790487,31.964486890682657
763,2,8000,0.8627160390218099,0.03406143878731374,0.2503715356190999,0.1023295830479463,6,20,50,90,8,190,0.2,5,HistGradientBoostingRegressor(),"{'q': 6, 'model__min_samples_leaf': 20, 'model__max_leaf_nodes': 50, 'model__max_iter': 90, 'model__max_depth': 8, 'model__max_bins': 190, 'model__learning_rate': 0.2, 'model__l2_regularization': 5, 'model': HistGradientBoostingRegressor()}",-1820.4394716512006,-1823.1308959246849,-1847.347469146105,-1830.3059455739967,12.100167640684775,144,-1348.0891564806502,-1406.3647528617053,-1258.4095957326613,-1337.621168358339,60.85428613645693
764,2,8000,1.3650293350219727,0.026652110775691417,0.26055359840393066,0.007653926452333285,6,20,40,210,18,50,0.1,9,HistGradientBoostingRegressor(),"{'q': 6, 'model__min_samples_leaf': 20, 'model__max_leaf_nodes': 40, 'model__max_iter': 210, 'model__max_depth': 18, 'model__max_bins': 50, 'model__learning_rate': 0.1, 'model__l2_regularization': 9, 'model': HistGradientBoostingRegressor()}",-1849.0413721488978,-1863.8563346081148,-1856.4210739936389,-1856.4395935835503,6.048197274031882,174,-1203.8347824988884,-1291.7331586412881,-1171.0366377494447,-1222.2015262965404,50.95694586050227
765,2,8000,1.0622046788533528,0.08840839174509015,0.20073835055033365,0.014849243072453715,4,60,25,190,33,190,0.2,3,HistGradientBoostingRegressor(),"{'q': 4, 'model__min_samples_leaf': 60, 'model__max_leaf_nodes': 25, 'model__max_iter': 190, 'model__max_depth': 33, 'model__max_bins': 190, 'model__learning_rate': 0.2, 'model__l2_regularization': 3, 'model': HistGradientBoostingRegressor()}",-1872.3395924037295,-1877.150058401845,-1890.878618532028,-1880.1227564458675,7.855001493406815,205,-1313.7590308852093,-1344.1613115413513,-1231.7403720202462,-1296.553571482269,47.480787592819496
766,2,8000,1.5413275559743245,0.04637501635775153,0.23685638109842935,0.023593699563681642,11,55,40,270,18,85,0.1,1,HistGradientBoostingRegressor(),"{'q': 11, 'model__min_samples_leaf': 55, 'model__max_leaf_nodes': 40, 'model__max_iter': 270, 'model__max_depth': 18, 'model__max_bins': 85, 'model__learning_rate': 0.1, 'model__l2_regularization': 1, 'model': HistGradientBoostingRegressor()}",-1872.1052940677143,-1858.8680260313706,-1904.2743274596285,-1878.4158825195711,19.066562306911088,203,-1250.3958496656896,-1304.7961760587586,-1186.3704130053827,-1247.1874795766105,48.40031382587623
767,2,8000,1.1547619501749675,0.06849302651678932,0.19281268119812012,0.020705243907087972,11,35,40,170,43,50,0.05,7,HistGradientBoostingRegressor(),"{'q': 11, 'model__min_samples_leaf': 35, 'model__max_leaf_nodes': 40, 'model__max_iter': 170, 'model__max_depth': 43, 'model__max_bins': 50, 'model__learning_rate': 0.05, 'model__l2_regularization': 7, 'model': HistGradientBoostingRegressor()}",-1865.0026329127206,-1893.2600162293415,-1899.2852992273256,-1885.8493161231293,14.944657004155893,212,-1511.394697783869,-1580.703421231107,-1479.5491953693363,-1523.882438128104,42.22954808032176
768,2,8000,0.8425453503926595,0.051787973067102505,0.20190676053365073,0.009400524176458959,9,20,55,110,8,120,0.2,7,HistGradientBoostingRegressor(),"{'q': 9, 'model__min_samples_leaf': 20, 'model__max_leaf_nodes': 55, 'model__max_iter': 110, 'model__max_depth': 8, 'model__max_bins': 120, 'model__learning_rate': 0.2, 'model__l2_regularization': 7, 'model': HistGradientBoostingRegressor()}",-1876.5626497461922,-1872.5802046027795,-1865.5275408541452,-1871.5567984010388,4.562815450658687,192,-1293.0012999609278,-1347.6047673518995,-1184.1210280600394,-1274.9090317909556,67.9570005168114
769,2,8000,1.0972669919331868,0.052945140405617507,0.20316108067830405,0.011904328954662943,14,50,15,290,13,190,0.05,1,HistGradientBoostingRegressor(),"{'q': 14, 'model__min_samples_leaf': 50, 'model__max_leaf_nodes': 15, 'model__max_iter': 290, 'model__max_depth': 13, 'model__max_bins': 190, 'model__learning_rate': 0.05, 'model__l2_regularization': 1, 'model': HistGradientBoostingRegressor()}",-1923.4989152611545,-1907.436466363742,-1916.552373856116,-1915.8292518270043,6.5773725882623015,230,-1656.8102930855416,-1710.4076441319912,-1575.423490162439,-1647.5471424599907,55.494954277259446
770,2,8000,1.490959644317627,0.09527218057838062,0.2054576873779297,0.027424737828778082,4,60,30,310,23,120,0.05,1,HistGradientBoostingRegressor(),"{'q': 4, 'model__min_samples_leaf': 60, 'model__max_leaf_nodes': 30, 'model__max_iter': 310, 'model__max_depth': 23, 'model__max_bins': 120, 'model__learning_rate': 0.05, 'model__l2_regularization': 1, 'model': HistGradientBoostingRegressor()}",-1874.5647385779932,-1867.58352317917,-1881.7445317244678,-1874.6309311605437,5.781396996602579,195,-1507.6313065827076,-1527.1401300142843,-1422.0744453163368,-1485.6152939711094,45.63060474248735
771,2,8000,1.4725560347239177,0.18923601007215626,0.2565337022145589,0.04737191841266811,12,70,25,310,48,120,0.1,5,HistGradientBoostingRegressor(),"{'q': 12, 'model__min_samples_leaf': 70, 'model__max_leaf_nodes': 25, 'model__max_iter': 310, 'model__max_depth': 48, 'model__max_bins': 120, 'model__learning_rate': 0.1, 'model__l2_regularization': 5, 'model': HistGradientBoostingRegressor()}",-1862.3760902570366,-1878.8366027866334,-1882.396009222185,-1874.5362340886184,8.72044215419259,194,-1420.9652386423138,-1454.7805226240926,-1330.5544239426683,-1402.1000617363582,52.440137764702634
772,2,8000,0.7676119804382324,0.1427654981065803,0.1966243584950765,0.008799432405355585,9,35,15,170,28,85,0.2,1,HistGradientBoostingRegressor(),"{'q': 9, 'model__min_samples_leaf': 35, 'model__max_leaf_nodes': 15, 'model__max_iter': 170, 'model__max_depth': 28, 'model__max_bins': 85, 'model__learning_rate': 0.2, 'model__l2_regularization': 1, 'model': HistGradientBoostingRegressor()}",-1891.533261312183,-1895.4560591097238,-1899.964990576352,-1895.6514369994195,3.445010303409603,223,-1439.8709962173643,-1529.5779473000896,-1352.5023621428686,-1440.6504352201075,72.29290586939729
773,2,8000,1.0585333506266277,0.042038947560086345,0.23300989468892416,0.021302877136456868,9,45,15,250,43,85,0.2,7,HistGradientBoostingRegressor(),"{'q': 9, 'model__min_samples_leaf': 45, 'model__max_leaf_nodes': 15, 'model__max_iter': 250, 'model__max_depth': 43, 'model__max_bins': 85, 'model__learning_rate': 0.2, 'model__l2_regularization': 7, 'model': HistGradientBoostingRegressor()}",-1928.6494433145301,-1877.6254767054465,-1919.7843257027575,-1908.6864152409114,22.2595897625508,229,-1421.9047114135064,-1487.9161573488288,-1330.4779236834197,-1413.432930815252,64.55244717695173
774,2,8000,1.5784338315327961,0.032906400435820965,0.24618268013000488,0.020838594947343327,11,35,65,190,28,190,0.2,7,HistGradientBoostingRegressor(),"{'q': 11, 'model__min_samples_leaf': 35, 'model__max_leaf_nodes': 65, 'model__max_iter': 190, 'model__max_depth': 28, 'model__max_bins': 190, 'model__learning_rate': 0.2, 'model__l2_regularization': 7, 'model': HistGradientBoostingRegressor()}",-1833.021009136229,-1783.152712085862,-1860.929628230242,-1825.7011164841108,32.17139301264793,137,-841.0081679739475,-885.402666377719,-784.3043588947819,-836.9050644154828,41.37506123328592
775,2,8000,0.8751676877339681,0.20413890273465254,0.20647700627644858,0.049904608507926364,9,35,15,230,38,85,0.05,1,HistGradientBoostingRegressor(),"{'q': 9, 'model__min_samples_leaf': 35, 'model__max_leaf_nodes': 15, 'model__max_iter': 230, 'model__max_depth': 38, 'model__max_bins': 85, 'model__learning_rate': 0.05, 'model__l2_regularization': 1, 'model': HistGradientBoostingRegressor()}",-1937.3104792803722,-1923.1118702107296,-1950.7577708761708,-1937.0600401224244,11.28778087815122,235,-1671.0669935978851,-1748.5999188982557,-1621.971349097093,-1680.5460871977448,52.12861392158282
776,2,8000,0.7242602507273356,0.05540492737344479,0.2003601392110189,0.012749512749062573,9,20,15,110,8,225,0.1,1,HistGradientBoostingRegressor(),"{'q': 9, 'model__min_samples_leaf': 20, 'model__max_leaf_nodes': 15, 'model__max_iter': 110, 'model__max_depth': 8, 'model__max_bins': 225, 'model__learning_rate': 0.1, 'model__l2_regularization': 1, 'model': HistGradientBoostingRegressor()}",-1921.214402218961,-1944.153850267069,-1904.441226241473,-1923.2698262425008,16.27762682717178,231,-1649.1616019505907,-1712.9907377943439,-1576.5131164968388,-1646.2218187472579,55.75552004192499
777,2,8000,1.4089723428090413,0.08784613611017797,0.22683127721150717,0.024513881721662762,9,45,35,230,43,225,0.2,5,HistGradientBoostingRegressor(),"{'q': 9, 'model__min_samples_leaf': 45, 'model__max_leaf_nodes': 35, 'model__max_iter': 230, 'model__max_depth': 43, 'model__max_bins': 225, 'model__learning_rate': 0.2, 'model__l2_regularization': 5, 'model': HistGradientBoostingRegressor()}",-1892.6019680312424,-1866.8726722341664,-1871.1231245942588,-1876.8659216198894,11.261555659604367,200,-1060.7217060857706,-1102.3328879663252,-1000.5798701140918,-1054.5448213887294,41.76948318992099
778,2,8000,1.2107441425323486,0.0375449557361649,0.2354124387105306,0.021683796898414303,9,30,60,250,8,155,0.2,5,HistGradientBoostingRegressor(),"{'q': 9, 'model__min_samples_leaf': 30, 'model__max_leaf_nodes': 60, 'model__max_iter': 250, 'model__max_depth': 8, 'model__max_bins': 155, 'model__learning_rate': 0.2, 'model__l2_regularization': 5, 'model': HistGradientBoostingRegressor()}",-1808.3661085372082,-1819.9071554202592,-1852.2840213093132,-1826.8524284222603,18.5898427170825,138,-1153.9284736051018,-1167.905226490509,-1015.2195832704207,-1112.3510944553439,68.91896330282917
779,2,8000,0.9434976577758789,0.0994024603311969,0.196579376856486,0.061198783211189926,13,15,20,190,43,225,0.2,1,HistGradientBoostingRegressor(),"{'q': 13, 'model__min_samples_leaf': 15, 'model__max_leaf_nodes': 20, 'model__max_iter': 190, 'model__max_depth': 43, 'model__max_bins': 225, 'model__learning_rate': 0.2, 'model__l2_regularization': 1, 'model': HistGradientBoostingRegressor()}",-1811.7068959844737,-1866.2810433276422,-1831.906245640542,-1836.6313949842195,22.52893941576046,149,-1126.3424260981542,-1219.812303377644,-1084.0218301487948,-1143.3921865415311,56.73202448535923
780,2,8000,1.0733075936635335,0.03671226070078808,0.24141772588094076,0.02529626642968792,8,30,20,250,28,190,0.2,7,HistGradientBoostingRegressor(),"{'q': 8, 'model__min_samples_leaf': 30, 'model__max_leaf_nodes': 20, 'model__max_iter': 250, 'model__max_depth': 28, 'model__max_bins': 190, 'model__learning_rate': 0.2, 'model__l2_regularization': 7, 'model': HistGradientBoostingRegressor()}",-1798.6711164549552,-1786.0606184441308,-1858.6795839289568,-1814.4704396093475,31.681671842715627,126,-1202.3872749020545,-1275.1637818897398,-1127.9792728052148,-1201.843443199003,60.08905470662737
781,2,8000,2.000181039174398,0.1084654215812128,0.3174600601196289,0.04400728964127745,5,60,45,370,43,50,0.05,7,HistGradientBoostingRegressor(),"{'q': 5, 'model__min_samples_leaf': 60, 'model__max_leaf_nodes': 45, 'model__max_iter': 370, 'model__max_depth': 43, 'model__max_bins': 50, 'model__learning_rate': 0.05, 'model__l2_regularization': 7, 'model': HistGradientBoostingRegressor()}",-1898.2628004624614,-1867.4881446058146,-1883.5137172083128,-1883.088220758863,12.567302712333383,210,-1391.0735085744113,-1462.496304534771,-1337.9123622532768,-1397.1607251208197,51.042990524732026
782,2,8000,1.191818078358968,0.2857370316568106,0.17144203186035156,0.020913359077864273,12,30,35,270,8,225,0.05,9,HistGradientBoostingRegressor(),"{'q': 12, 'model__min_samples_leaf': 30, 'model__max_leaf_nodes': 35, 'model__max_iter': 270, 'model__max_depth': 8, 'model__max_bins': 225, 'model__learning_rate': 0.05, 'model__l2_regularization': 9, 'model': HistGradientBoostingRegressor()}",-1858.0863119642274,-1863.1039617793629,-1857.8666327398148,-1859.6856354944684,2.418784912982837,176,-1506.3183866346885,-1563.6210534177974,-1404.4996070653353,-1491.4796823726072,65.80298387590034
783,2,8000,1.1559982299804688,0.17434444885268602,0.27860069274902344,0.09081505276416582,6,45,15,390,28,225,0.05,9,HistGradientBoostingRegressor(),"{'q': 6, 'model__min_samples_leaf': 45, 'model__max_leaf_nodes': 15, 'model__max_iter': 390, 'model__max_depth': 28, 'model__max_bins': 225, 'model__learning_rate': 0.05, 'model__l2_regularization': 9, 'model': HistGradientBoostingRegressor()}",-1933.0294718463476,-1897.6131419714964,-1892.5004780842592,-1907.7143639673677,18.021761811751517,228,-1593.1050814411306,-1667.2081365776935,-1535.303941514228,-1598.539053177684,53.98657367321643
784,2,8000,0.8701186180114746,0.014877113050218676,0.23105494181315103,0.00907063604687601,3,25,40,110,13,155,0.05,5,HistGradientBoostingRegressor(),"{'q': 3, 'model__min_samples_leaf': 25, 'model__max_leaf_nodes': 40, 'model__max_iter': 110, 'model__max_depth': 13, 'model__max_bins': 155, 'model__learning_rate': 0.05, 'model__l2_regularization': 5, 'model': HistGradientBoostingRegressor()}",-1871.8059345607296,-1879.9784000241048,-1890.9025958789741,-1880.8956434879362,7.82311191512645,207,-1545.2214633144874,-1617.9214531028863,-1528.001245309134,-1563.7147205755027,38.96931583959756
785,2,8000,5.866612354914348,0.10709320691918403,0.38259204228719074,0.060547073888783165,6,20,65,370,23,50,0.05,7,HistGradientBoostingRegressor(),"{'q': 6, 'model__min_samples_leaf': 20, 'model__max_leaf_nodes': 65, 'model__max_iter': 370, 'model__max_depth': 23, 'model__max_bins': 50, 'model__learning_rate': 0.05, 'model__l2_regularization': 7, 'model': HistGradientBoostingRegressor()}",-1846.771642548712,-1848.3032833329748,-1873.313612876112,-1856.1295129192665,12.167071665446178,173,-1058.1115073015962,-1122.996335806312,-1028.3394949027042,-1069.8157793368707,39.51979985078791
786,2,8000,3.291961908340454,1.3203711024422062,0.19515379269917807,0.01691601451148214,7,35,50,290,33,120,0.1,5,HistGradientBoostingRegressor(),"{'q': 7, 'model__min_samples_leaf': 35, 'model__max_leaf_nodes': 50, 'model__max_iter': 290, 'model__max_depth': 33, 'model__max_bins': 120, 'model__learning_rate': 0.1, 'model__l2_regularization': 5, 'model': HistGradientBoostingRegressor()}",-1818.248563491652,-1814.7933693669431,-1841.4934745008818,-1824.8451357864924,11.856361951054957,135,-1048.448104785558,-1077.9118974357928,-983.0275286645566,-1036.4625102953023,39.65267301408247
787,2,8000,0.9788156350453695,0.21420408056599757,0.19025699297587076,0.007647820259917,6,25,20,210,13,120,0.05,5,HistGradientBoostingRegressor(),"{'q': 6, 'model__min_samples_leaf': 25, 'model__max_leaf_nodes': 20, 'model__max_iter': 210, 'model__max_depth': 13, 'model__max_bins': 120, 'model__learning_rate': 0.05, 'model__l2_regularization': 5, 'model': HistGradientBoostingRegressor()}",-1880.101344609159,-1880.971430973801,-1889.8655037656017,-1883.6460931161873,4.412109411609636,211,-1601.8504653230052,-1647.3042806960914,-1522.8074595076773,-1590.6540685089246,51.43853353092894
788,2,8000,1.7538843949635823,0.23410973469492927,0.20680157343546549,0.033660911876031166,5,55,35,310,43,85,0.1,7,HistGradientBoostingRegressor(),"{'q': 5, 'model__min_samples_leaf': 55, 'model__max_leaf_nodes': 35, 'model__max_iter': 310, 'model__max_depth': 43, 'model__max_bins': 85, 'model__learning_rate': 0.1, 'model__l2_regularization': 7, 'model': HistGradientBoostingRegressor()}",-1843.8670655849683,-1868.4538897646878,-1894.381101713279,-1868.9006856876451,20.624688788612,189,-1269.2738073972373,-1317.9652573622773,-1205.400617190237,-1264.213227316584,46.09343161687832
789,2,8000,1.5270999272664387,0.061765585484752396,0.1813373565673828,0.017088174469002973,10,10,25,390,48,120,0.2,5,HistGradientBoostingRegressor(),"{'q': 10, 'model__min_samples_leaf': 10, 'model__max_leaf_nodes': 25, 'model__max_iter': 390, 'model__max_depth': 48, 'model__max_bins': 120, 'model__learning_rate': 0.2, 'model__l2_regularization': 5, 'model': HistGradientBoostingRegressor()}",-1827.4484833649537,-1826.9064482575968,-1812.865338639621,-1822.4067567540571,6.750429380924313,132,-750.0824119185654,-781.8337295129295,-719.3634918891893,-750.4265444402281,25.50452858593275
790,2,8000,1.5671478112538655,0.07792468949948594,0.2032012939453125,0.028814216426376396,9,65,65,230,18,120,0.1,5,HistGradientBoostingRegressor(),"{'q': 9, 'model__min_samples_leaf': 65, 'model__max_leaf_nodes': 65, 'model__max_iter': 230, 'model__max_depth': 18, 'model__max_bins': 120, 'model__learning_rate': 0.1, 'model__l2_regularization': 5, 'model': HistGradientBoostingRegressor()}",-1845.4281169313867,-1840.921147251612,-1854.767542536101,-1847.0389355730333,5.766380616168583,160,-1307.7430038853486,-1322.9334193296331,-1211.9267447039074,-1280.8677226396296,49.141503228891985
791,2,8000,2.0392865339914956,0.03182609095497184,0.21927165985107422,0.0460506330908693,11,60,60,290,48,190,0.05,1,HistGradientBoostingRegressor(),"{'q': 11, 'model__min_samples_leaf': 60, 'model__max_leaf_nodes': 60, 'model__max_iter': 290, 'model__max_depth': 48, 'model__max_bins': 190, 'model__learning_rate': 0.05, 'model__l2_regularization': 1, 'model': HistGradientBoostingRegressor()}",-1851.287562635731,-1833.0713493756305,-1875.7731340493278,-1853.3773486868965,17.49544717699318,170,-1332.6356798942663,-1366.666289151142,-1272.7504407626432,-1324.017469936017,38.822259953075275
792,2,8000,1.1966633001963298,0.12796905494836025,0.1948064168294271,0.03211569027576087,12,60,50,150,43,155,0.1,5,HistGradientBoostingRegressor(),"{'q': 12, 'model__min_samples_leaf': 60, 'model__max_leaf_nodes': 50, 'model__max_iter': 150, 'model__max_depth': 43, 'model__max_bins': 155, 'model__learning_rate': 0.1, 'model__l2_regularization': 5, 'model': HistGradientBoostingRegressor()}",-1866.7912164647112,-1840.8022094309465,-1872.6253866554357,-1860.072937517031,13.833054764571289,177,-1374.082975192812,-1417.4221916562867,-1325.7637938882915,-1372.4229869124636,37.43778965312258
793,2,8000,2.620206038157145,0.12757682961116187,0.2586839199066162,0.03529275413312194,12,75,60,390,28,190,0.1,5,HistGradientBoostingRegressor(),"{'q': 12, 'model__min_samples_leaf': 75, 'model__max_leaf_nodes': 60, 'model__max_iter': 390, 'model__max_depth': 28, 'model__max_bins': 190, 'model__learning_rate': 0.1, 'model__l2_regularization': 5, 'model': HistGradientBoostingRegressor()}",-1857.0615495558645,-1872.200143039851,-1876.3981831032586,-1868.553291899658,8.304656993341988,188,-1119.9308010708417,-1156.9408666922893,-1075.0247840992624,-1117.2988172874645,33.49384670675965
794,2,8000,0.8832590579986572,0.04064003172734549,0.18505756060282388,0.027090076569900593,9,10,10,310,28,190,0.05,7,HistGradientBoostingRegressor(),"{'q': 9, 'model__min_samples_leaf': 10, 'model__max_leaf_nodes': 10, 'model__max_iter': 310, 'model__max_depth': 28, 'model__max_bins': 190, 'model__learning_rate': 0.05, 'model__l2_regularization': 7, 'model': HistGradientBoostingRegressor()}",-1962.792260909448,-1949.661716160896,-1942.3286327416463,-1951.5942032706635,8.465258384305235,236,-1697.6217674509057,-1736.903353784644,-1622.2071108171642,-1685.577410684238,47.592765102522804
795,2,8000,1.6768067677815754,0.07017179350638432,0.20327337582906088,0.028698439049117036,7,60,35,330,38,155,0.05,5,HistGradientBoostingRegressor(),"{'q': 7, 'model__min_samples_leaf': 60, 'model__max_leaf_nodes': 35, 'model__max_iter': 330, 'model__max_depth': 38, 'model__max_bins': 155, 'model__learning_rate': 0.05, 'model__l2_regularization': 5, 'model': HistGradientBoostingRegressor()}",-1860.057608142148,-1859.530655620595,-1892.0539143682238,-1870.5473927103221,15.208928849118701,191,-1434.4233466991343,-1482.9424893962048,-1378.5587675191173,-1431.9748678714852,42.64963176593965
796,2,8000,1.347205400466919,0.13295796333485344,0.21210153897603354,0.03715377604019963,5,25,45,190,18,50,0.05,9,HistGradientBoostingRegressor(),"{'q': 5, 'model__min_samples_leaf': 25, 'model__max_leaf_nodes': 45, 'model__max_iter': 190, 'model__max_depth': 18, 'model__max_bins': 50, 'model__learning_rate': 0.05, 'model__l2_regularization': 9, 'model': HistGradientBoostingRegressor()}",-1850.3020488962025,-1871.9416251292785,-1883.244795963656,-1868.4961566630457,13.66771343474369,187,-1423.7530409016322,-1495.077342406045,-1395.3802555965935,-1438.0702129680903,41.94133475509378
797,2,8000,0.8029502232869467,0.071649804686785,0.19999003410339355,0.010909659185000465,5,40,45,70,18,85,0.2,7,HistGradientBoostingRegressor(),"{'q': 5, 'model__min_samples_leaf': 40, 'model__max_leaf_nodes': 45, 'model__max_iter': 70, 'model__max_depth': 18, 'model__max_bins': 85, 'model__learning_rate': 0.2, 'model__l2_regularization': 7, 'model': HistGradientBoostingRegressor()}",-1875.522247736584,-1864.1392214105522,-1899.7542072634199,-1879.8052254701852,14.851817577317712,204,-1364.8664486630648,-1418.9061713258702,-1310.238110402228,-1364.670243463721,44.363767037123864
798,2,8000,1.7266087532043457,0.05074005690197539,0.23542936642964682,0.04320889674960768,13,80,40,290,28,225,0.1,3,HistGradientBoostingRegressor(),"{'q': 13, 'model__min_samples_leaf': 80, 'model__max_leaf_nodes': 40, 'model__max_iter': 290, 'model__max_depth': 28, 'model__max_bins': 225, 'model__learning_rate': 0.1, 'model__l2_regularization': 3, 'model': HistGradientBoostingRegressor()}",-1866.58644641586,-1886.5259140154426,-1874.156186535186,-1875.7561823221629,8.218498724522133,197,-1280.9290197790965,-1329.7710270693058,-1230.503492528521,-1280.4011797923076,40.52751998942785
799,2,8000,1.0164790153503418,0.1581934296238921,0.1715852419535319,0.006456616272305233,6,55,25,190,18,155,0.2,3,HistGradientBoostingRegressor(),"{'q': 6, 'model__min_samples_leaf': 55, 'model__max_leaf_nodes': 25, 'model__max_iter': 190, 'model__max_depth': 18, 'model__max_bins': 155, 'model__learning_rate': 0.2, 'model__l2_regularization': 3, 'model': HistGradientBoostingRegressor()}",-1863.9236747631544,-1887.6757726380092,-1894.2696708523113,-1881.9563727511584,13.032101927165952,209,-1300.6316301690774,-1342.3186934825771,-1242.2287376429672,-1295.0596870982074,41.05106354434301
800,2,8000,1.1462753613789876,0.049601712507468865,0.20222830772399902,0.019109141212058787,7,15,15,310,43,225,0.05,5,HistGradientBoostingRegressor(),"{'q': 7, 'model__min_samples_leaf': 15, 'model__max_leaf_nodes': 15, 'model__max_iter': 310, 'model__max_depth': 43, 'model__max_bins': 225, 'model__learning_rate': 0.05, 'model__l2_regularization': 5, 'model': HistGradientBoostingRegressor()}",-1882.803790861411,-1922.6538040083053,-1852.7576944305895,-1886.0717631001019,28.62838062063187,214,-1552.3021141122422,-1628.6604293270218,-1493.8322419825702,-1558.2649284739446,55.20462777691577
801,2,8000,1.4049506187438965,0.042988483103270185,0.20396105448404947,0.014569299267397478,10,25,30,310,23,85,0.1,5,HistGradientBoostingRegressor(),"{'q': 10, 'model__min_samples_leaf': 25, 'model__max_leaf_nodes': 30, 'model__max_iter': 310, 'model__max_depth': 23, 'model__max_bins': 85, 'model__learning_rate': 0.1, 'model__l2_regularization': 5, 'model': HistGradientBoostingRegressor()}",-1830.8398190445232,-1852.5690442803061,-1873.2707582727946,-1852.2265405325413,17.32405134605722,166,-1184.756190036112,-1247.8087363266934,-1127.9854570040684,-1186.850127788958,48.940051753082216
802,2,8000,1.010164737701416,0.062334951663044244,0.1895302931467692,0.0231094977094611,5,5,35,130,23,50,0.1,3,HistGradientBoostingRegressor(),"{'q': 5, 'model__min_samples_leaf': 5, 'model__max_leaf_nodes': 35, 'model__max_iter': 130, 'model__max_depth': 23, 'model__max_bins': 50, 'model__learning_rate': 0.1, 'model__l2_regularization': 3, 'model': HistGradientBoostingRegressor()}",-1837.9947032751438,-1907.9532613607462,-1886.0722624308653,-1877.3400756889184,29.220292906657917,201,-1257.6646954473451,-1352.3471383480044,-1265.3493824090524,-1291.787072068134,42.9372008425606
803,2,8000,1.532481590906779,0.054208904439325016,0.24942334493001303,0.030847325216222056,9,50,25,390,23,120,0.1,1,HistGradientBoostingRegressor(),"{'q': 9, 'model__min_samples_leaf': 50, 'model__max_leaf_nodes': 25, 'model__max_iter': 390, 'model__max_depth': 23, 'model__max_bins': 120, 'model__learning_rate': 0.1, 'model__l2_regularization': 1, 'model': HistGradientBoostingRegressor()}",-1864.9079418562972,-1862.4270361372426,-1863.351610824271,-1863.5621962726036,1.0237131662064134,182,-1273.5758433705992,-1303.69572529176,-1194.2685968509022,-1257.1800551710871,46.153298998846886
804,2,8000,0.8959546089172363,0.054098415943010555,0.21682111422220865,0.017774656077795433,6,40,20,150,43,155,0.1,3,HistGradientBoostingRegressor(),"{'q': 6, 'model__min_samples_leaf': 40, 'model__max_leaf_nodes': 20, 'model__max_iter': 150, 'model__max_depth': 43, 'model__max_bins': 155, 'model__learning_rate': 0.1, 'model__l2_regularization': 3, 'model': HistGradientBoostingRegressor()}",-1870.441904564373,-1901.756299369923,-1891.35780953539,-1887.8520044898953,13.022181902999838,216,-1526.4889464475652,-1618.3953685497631,-1487.897625302878,-1544.2606467667354,54.73749627271534
805,2,8000,1.8151100476582844,0.15592368948887572,0.2566192150115967,0.012223631508678187,7,30,45,330,28,120,0.1,3,HistGradientBoostingRegressor(),"{'q': 7, 'model__min_samples_leaf': 30, 'model__max_leaf_nodes': 45, 'model__max_iter': 330, 'model__max_depth': 28, 'model__max_bins': 120, 'model__learning_rate': 0.1, 'model__l2_regularization': 3, 'model': HistGradientBoostingRegressor()}",-1807.4227519652072,-1819.009787819595,-1841.9415771483255,-1822.7913723110426,14.343700335109645,133,-997.5168207051703,-1036.7187439841466,-927.0439260747817,-987.0931635880329,45.37716673713647
806,2,8000,1.1276373068491619,0.13143464920853332,0.21791831652323404,0.014652837036234352,3,45,35,210,33,120,0.05,9,HistGradientBoostingRegressor(),"{'q': 3, 'model__min_samples_leaf': 45, 'model__max_leaf_nodes': 35, 'model__max_iter': 210, 'model__max_depth': 33, 'model__max_bins': 120, 'model__learning_rate': 0.05, 'model__l2_regularization': 9, 'model': HistGradientBoostingRegressor()}",-1880.5429107052933,-1840.6897369920857,-1875.0657942490764,-1865.4328139821519,17.638302929911607,184,-1512.5525607623906,-1573.0916645298275,-1466.7223386121534,-1517.455521301457,43.563269242033314
807,2,8000,1.8198429743448894,0.041735136592386896,0.20076553026835123,0.008930629471453736,8,65,35,350,38,190,0.05,9,HistGradientBoostingRegressor(),"{'q': 8, 'model__min_samples_leaf': 65, 'model__max_leaf_nodes': 35, 'model__max_iter': 350, 'model__max_depth': 38, 'model__max_bins': 190, 'model__learning_rate': 0.05, 'model__l2_regularization': 9, 'model': HistGradientBoostingRegressor()}",-1858.9808898949025,-1847.3246524324647,-1897.490256006055,-1867.9319327778073,21.435761738962537,185,-1433.3211569488142,-1484.82960259405,-1372.5695178429744,-1430.240092461946,45.88174201763227
808,2,8000,2.3017943700154624,0.020399600882817257,0.21526336669921875,0.0022661360817425942,6,65,60,350,38,155,0.05,5,HistGradientBoostingRegressor(),"{'q': 6, 'model__min_samples_leaf': 65, 'model__max_leaf_nodes': 60, 'model__max_iter': 350, 'model__max_depth': 38, 'model__max_bins': 155, 'model__learning_rate': 0.05, 'model__l2_regularization': 5, 'model': HistGradientBoostingRegressor()}",-1852.9631596576241,-1843.6992997459365,-1861.4810857517457,-1852.7145150517688,7.261512537303026,168,-1320.1903870625638,-1362.4666175907798,-1255.2802528253605,-1312.6457524929012,44.0826521509969
809,2,8000,2.2361106077829995,0.054318091666262065,0.2634957631429036,0.051648415082123346,14,65,60,310,43,190,0.1,3,HistGradientBoostingRegressor(),"{'q': 14, 'model__min_samples_leaf': 65, 'model__max_leaf_nodes': 60, 'model__max_iter': 310, 'model__max_depth': 43, 'model__max_bins': 190, 'model__learning_rate': 0.1, 'model__l2_regularization': 3, 'model': HistGradientBoostingRegressor()}",-1846.01429489205,-1860.4270177624835,-1884.2777222773286,-1863.5730116439538,15.77858098697536,183,-1116.134927298938,-1155.723104564612,-1068.8811104717588,-1113.5797141117696,35.49910628292582
810,2,8000,0.8043226401011149,0.07309364530948581,0.19858908653259277,0.01715011976654063,4,50,20,150,13,155,0.2,1,HistGradientBoostingRegressor(),"{'q': 4, 'model__min_samples_leaf': 50, 'model__max_leaf_nodes': 20, 'model__max_iter': 150, 'model__max_depth': 13, 'model__max_bins': 155, 'model__learning_rate': 0.2, 'model__l2_regularization': 1, 'model': HistGradientBoostingRegressor()}",-1888.2248027537514,-1909.8505121872793,-1888.9177747591282,-1895.6643632333862,10.03511066727179,224,-1417.945864232264,-1475.7202631680118,-1352.3411504967746,-1415.335759299017,50.40311396932654
811,2,8000,1.0192949771881104,0.013617512028343255,0.20177372296651205,0.011844160289622497,4,20,10,350,43,155,0.2,9,HistGradientBoostingRegressor(),"{'q': 4, 'model__min_samples_leaf': 20, 'model__max_leaf_nodes': 10, 'model__max_iter': 350, 'model__max_depth': 43, 'model__max_bins': 155, 'model__learning_rate': 0.2, 'model__l2_regularization': 9, 'model': HistGradientBoostingRegressor()}",-1851.3475997849753,-1834.6540142604078,-1874.6220872514007,-1853.5412337655946,16.39045936277216,171,-1361.9596470587799,-1399.3490271709375,-1281.4867786306,-1347.5984842867724,49.176957035242594
812,2,8000,1.2434353828430176,0.03253677097990598,0.20130840937296549,0.009329727770459916,14,50,45,150,28,190,0.1,5,HistGradientBoostingRegressor(),"{'q': 14, 'model__min_samples_leaf': 50, 'model__max_leaf_nodes': 45, 'model__max_iter': 150, 'model__max_depth': 28, 'model__max_bins': 190, 'model__learning_rate': 0.1, 'model__l2_regularization': 5, 'model': HistGradientBoostingRegressor()}",-1850.1986760832342,-1810.856499426698,-1864.1627906966662,-1841.7393220688662,22.569310652520663,156,-1338.0197444534522,-1394.883063388443,-1296.3118278539694,-1343.0715452319548,40.39977423226872
813,2,8000,1.1169450283050537,0.038008707761511065,0.19892493883768717,0.01915271756209711,10,20,30,190,48,120,0.1,1,HistGradientBoostingRegressor(),"{'q': 10, 'model__min_samples_leaf': 20, 'model__max_leaf_nodes': 30, 'model__max_iter': 190, 'model__max_depth': 48, 'model__max_bins': 120, 'model__learning_rate': 0.1, 'model__l2_regularization': 1, 'model': HistGradientBoostingRegressor()}",-1806.2183682681284,-1861.462854219112,-1837.2486287912022,-1834.9766170928142,22.61061454074631,147,-1245.3953684286346,-1326.8225550853003,-1195.3612461778573,-1255.8597232305974,54.17653843981151
814,2,8000,1.5063645044962566,0.055010741892027766,0.21528848012288412,0.04257131022408219,10,55,35,270,43,225,0.1,3,HistGradientBoostingRegressor(),"{'q': 10, 'model__min_samples_leaf': 55, 'model__max_leaf_nodes': 35, 'model__max_iter': 270, 'model__max_depth': 43, 'model__max_bins': 225, 'model__learning_rate': 0.1, 'model__l2_regularization': 3, 'model': HistGradientBoostingRegressor()}",-1870.7756440256662,-1862.562288274629,-1856.060373338721,-1863.132768546339,6.021012298765282,181,-1262.2799041849485,-1307.7708083000375,-1213.4142513200777,-1261.1549879350212,38.52911486746192
815,2,8000,0.9021583398183187,0.11809082655889039,0.21391558647155762,0.014796181652814738,10,30,20,170,13,225,0.1,9,HistGradientBoostingRegressor(),"{'q': 10, 'model__min_samples_leaf': 30, 'model__max_leaf_nodes': 20, 'model__max_iter': 170, 'model__max_depth': 13, 'model__max_bins': 225, 'model__learning_rate': 0.1, 'model__l2_regularization': 9, 'model': HistGradientBoostingRegressor()}",-1846.5429650487,-1860.8407230835544,-1875.811854097236,-1861.0651807431634,11.950027962717524,178,-1495.7395716726974,-1570.2159422757006,-1433.4872818384333,-1499.8142652622773,55.89355354677382
816,2,8000,1.6852360566457112,0.10001724623063377,0.18088324864705405,0.01693503884920957,3,25,55,210,43,225,0.1,7,HistGradientBoostingRegressor(),"{'q': 3, 'model__min_samples_leaf': 25, 'model__max_leaf_nodes': 55, 'model__max_iter': 210, 'model__max_depth': 43, 'model__max_bins': 225, 'model__learning_rate': 0.1, 'model__l2_regularization': 7, 'model': HistGradientBoostingRegressor()}",-1778.1737014529745,-1776.3467333482065,-1812.1609730443995,-1788.8938026151936,16.469271749741473,104,-1038.4329351428335,-1099.5937794737058,-1000.4354879351013,-1046.1540675172134,40.84771400434177
817,2,8000,2.2806660334269204,0.08097905810489266,0.2387409210205078,0.027006090045805547,12,55,55,350,23,120,0.05,9,HistGradientBoostingRegressor(),"{'q': 12, 'model__min_samples_leaf': 55, 'model__max_leaf_nodes': 55, 'model__max_iter': 350, 'model__max_depth': 23, 'model__max_bins': 120, 'model__learning_rate': 0.05, 'model__l2_regularization': 9, 'model': HistGradientBoostingRegressor()}",-1855.147830880718,-1843.9093297272389,-1844.4666730796532,-1847.84127789587,5.171521071755251,161,-1323.7538366505523,-1340.1721485720009,-1251.8999550795854,-1305.2753134340462,38.33263971419852
818,2,8000,0.8079309463500977,0.09023202670373441,0.2021940549214681,0.014213076752324406,5,10,15,230,48,85,0.2,3,HistGradientBoostingRegressor(),"{'q': 5, 'model__min_samples_leaf': 10, 'model__max_leaf_nodes': 15, 'model__max_iter': 230, 'model__max_depth': 48, 'model__max_bins': 85, 'model__learning_rate': 0.2, 'model__l2_regularization': 3, 'model': HistGradientBoostingRegressor()}",-1863.9114806642037,-1854.7949141371325,-1825.3183287842116,-1848.0082411951826,16.47021635607297,162,-1189.8597845779607,-1255.741182397894,-1156.6097530217637,-1200.7369066658728,41.19461057974438
819,2,8000,1.375201145807902,0.12650324158098833,0.24069293340047201,0.013800906806566095,7,45,65,310,8,155,0.1,7,HistGradientBoostingRegressor(),"{'q': 7, 'model__min_samples_leaf': 45, 'model__max_leaf_nodes': 65, 'model__max_iter': 310, 'model__max_depth': 8, 'model__max_bins': 155, 'model__learning_rate': 0.1, 'model__l2_regularization': 7, 'model': HistGradientBoostingRegressor()}",-1889.0423788240707,-1883.3297995231796,-1870.218935129137,-1880.863704492129,7.88000535789642,206,-1389.6405288359238,-1432.4168361405607,-1272.2490381234784,-1364.768801033321,67.71205216860237
820,2,8000,0.8596847057342529,0.13661815203167815,0.20816938082377115,0.007157014372969131,10,10,25,110,28,120,0.1,7,HistGradientBoostingRegressor(),"{'q': 10, 'model__min_samples_leaf': 10, 'model__max_leaf_nodes': 25, 'model__max_iter': 110, 'model__max_depth': 28, 'model__max_bins': 120, 'model__learning_rate': 0.1, 'model__l2_regularization': 7, 'model': HistGradientBoostingRegressor()}",-1887.173059346245,-1892.353450069181,-1898.983538180158,-1892.8366825318615,4.833700292827214,219,-1485.7844566169724,-1544.8671436763416,-1425.693956986346,-1485.44851909322,48.65282963320865
821,2,8000,1.8638163407643635,0.14149363026507,0.28845755259195965,0.09246179321242011,11,80,35,350,38,155,0.1,7,HistGradientBoostingRegressor(),"{'q': 11, 'model__min_samples_leaf': 80, 'model__max_leaf_nodes': 35, 'model__max_iter': 350, 'model__max_depth': 38, 'model__max_bins': 155, 'model__learning_rate': 0.1, 'model__l2_regularization': 7, 'model': HistGradientBoostingRegressor()}",-1871.5401531224393,-1890.2520314874505,-1864.370182314013,-1875.387455641301,10.91081517464428,196,-1278.00304183706,-1320.0575843120346,-1227.815564382633,-1275.2920635105759,37.70640628840169
822,2,8000,1.304229736328125,0.16437216874813615,0.2543047269185384,0.054924444664855944,7,25,40,190,43,225,0.1,9,HistGradientBoostingRegressor(),"{'q': 7, 'model__min_samples_leaf': 25, 'model__max_leaf_nodes': 40, 'model__max_iter': 190, 'model__max_depth': 43, 'model__max_bins': 225, 'model__learning_rate': 0.1, 'model__l2_regularization': 9, 'model': HistGradientBoostingRegressor()}",-1789.3315905342374,-1783.1803955677005,-1826.2424256108898,-1799.5848039042758,19.016324498857728,113,-1212.6934091885598,-1262.57504091856,-1156.8412897478245,-1210.7032466183148,43.188556311834574
823,2,8000,1.3167524337768555,0.02569618588209234,0.20883989334106445,0.02044590802321859,7,20,25,310,28,85,0.05,3,HistGradientBoostingRegressor(),"{'q': 7, 'model__min_samples_leaf': 20, 'model__max_leaf_nodes': 25, 'model__max_iter': 310, 'model__max_depth': 28, 'model__max_bins': 85, 'model__learning_rate': 0.05, 'model__l2_regularization': 3, 'model': HistGradientBoostingRegressor()}",-1845.4313873186545,-1900.4904190509574,-1868.9611249668073,-1871.6276437788063,22.556698720568455,193,-1412.5756902930877,-1478.3313776362359,-1349.2074156908704,-1413.3714945400645,52.717640092709466
824,2,8000,1.5845870176951091,0.05000981485063535,0.20071959495544434,0.00473600693567802,13,35,60,190,28,225,0.1,5,HistGradientBoostingRegressor(),"{'q': 13, 'model__min_samples_leaf': 35, 'model__max_leaf_nodes': 60, 'model__max_iter': 190, 'model__max_depth': 28, 'model__max_bins': 225, 'model__learning_rate': 0.1, 'model__l2_regularization': 5, 'model': HistGradientBoostingRegressor()}",-1796.7264107878216,-1782.8634654279213,-1824.1677236059809,-1801.2525332739078,17.163425735737093,114,-1101.8198226977786,-1149.5973588219608,-1040.6595974490522,-1097.3589263229305,44.58537623171635
825,2,8000,1.6611483097076416,0.040421453410932034,0.19863510131835938,0.009668971262776067,4,30,40,310,38,120,0.1,3,HistGradientBoostingRegressor(),"{'q': 4, 'model__min_samples_leaf': 30, 'model__max_leaf_nodes': 40, 'model__max_iter': 310, 'model__max_depth': 38, 'model__max_bins': 120, 'model__learning_rate': 0.1, 'model__l2_regularization': 3, 'model': HistGradientBoostingRegressor()}",-1800.9820077611882,-1808.6706989677944,-1850.8287564544196,-1820.1604877278007,21.91173236926916,130,-1067.8255535560265,-1100.4448739083068,-996.3933419117468,-1054.8879231253602,43.45278693461958
826,2,8000,1.343850056330363,0.09254464885080281,0.18157394727071127,0.018548724970869908,12,15,60,250,8,120,0.1,5,HistGradientBoostingRegressor(),"{'q': 12, 'model__min_samples_leaf': 15, 'model__max_leaf_nodes': 60, 'model__max_iter': 250, 'model__max_depth': 8, 'model__max_bins': 120, 'model__learning_rate': 0.1, 'model__l2_regularization': 5, 'model': HistGradientBoostingRegressor()}",-1808.3328815965056,-1834.757077293714,-1815.9166308198019,-1819.6688632366738,11.109124347243007,129,-1149.6421895511696,-1188.6813602909883,-1087.2453876282157,-1141.8563124901245,41.7754237857457
827,2,8000,1.9382518132527669,0.03655912902785158,0.1961692969004313,0.0025673773908211424,10,55,65,250,23,225,0.05,7,HistGradientBoostingRegressor(),"{'q': 10, 'model__min_samples_leaf': 55, 'model__max_leaf_nodes': 65, 'model__max_iter': 250, 'model__max_depth': 23, 'model__max_bins': 225, 'model__learning_rate': 0.05, 'model__l2_regularization': 7, 'model': HistGradientBoostingRegressor()}",-1860.9105553202949,-1845.4847494339876,-1865.1907628640834,-1857.1953558727885,8.463008587487908,175,-1368.878412860813,-1403.2572410191804,-1307.5437891108186,-1359.893147663604,39.5880239639187
828,2,8000,1.4595593611399333,0.030724917875743468,0.17943437894185385,0.0029773168694137704,14,45,40,230,18,190,0.05,9,HistGradientBoostingRegressor(),"{'q': 14, 'model__min_samples_leaf': 45, 'model__max_leaf_nodes': 40, 'model__max_iter': 230, 'model__max_depth': 18, 'model__max_bins': 190, 'model__learning_rate': 0.05, 'model__l2_regularization': 9, 'model': HistGradientBoostingRegressor()}",-1869.9437956091817,-1833.461092130632,-1879.8826534311934,-1861.0958470570022,19.957537984129395,179,-1428.164353667964,-1502.7553108733155,-1392.3982009097774,-1441.1059551503522,45.97308427455369
829,2,8000,0.9731419881184896,0.09194979360100394,0.22603058815002441,0.035515837835658724,5,40,25,190,28,155,0.2,7,HistGradientBoostingRegressor(),"{'q': 5, 'model__min_samples_leaf': 40, 'model__max_leaf_nodes': 25, 'model__max_iter': 190, 'model__max_depth': 28, 'model__max_bins': 155, 'model__learning_rate': 0.2, 'model__l2_regularization': 7, 'model': HistGradientBoostingRegressor()}",-1823.7638899051135,-1875.2663272446985,-1886.7207576685971,-1861.9169916061364,27.380593749837114,180,-1240.7521889483144,-1304.2058381794343,-1187.7821133760215,-1244.2467135012566,47.59397511354799
830,2,8000,1.2531064351399739,0.01861846166308082,0.22982271512349448,0.03240954538374456,3,20,40,170,33,190,0.05,9,HistGradientBoostingRegressor(),"{'q': 3, 'model__min_samples_leaf': 20, 'model__max_leaf_nodes': 40, 'model__max_iter': 170, 'model__max_depth': 33, 'model__max_bins': 190, 'model__learning_rate': 0.05, 'model__l2_regularization': 9, 'model': HistGradientBoostingRegressor()}",-1817.448764119089,-1811.4414940019901,-1846.055907360956,-1824.9820551606783,15.101926113011965,136,-1421.33366154042,-1487.1233818877356,-1383.3479032846055,-1430.6016489042538,42.87002979673416
831,2,8000,0.9906307061513265,0.056469766192742396,0.21347419420878092,0.018181774707026963,12,25,15,230,48,155,0.1,5,HistGradientBoostingRegressor(),"{'q': 12, 'model__min_samples_leaf': 25, 'model__max_leaf_nodes': 15, 'model__max_iter': 230, 'model__max_depth': 48, 'model__max_bins': 155, 'model__learning_rate': 0.1, 'model__l2_regularization': 5, 'model': HistGradientBoostingRegressor()}",-1843.8838743792253,-1859.0279698157906,-1857.9456456755906,-1853.619163290202,6.898054992593055,172,-1487.1932555737349,-1550.610719231149,-1417.100706519208,-1484.9682271080308,54.527937410349935
832,2,8000,1.6754746437072754,0.08255046461423377,0.17868336041768393,0.011641119652288376,11,45,60,270,13,190,0.05,3,HistGradientBoostingRegressor(),"{'q': 11, 'model__min_samples_leaf': 45, 'model__max_leaf_nodes': 60, 'model__max_iter': 270, 'model__max_depth': 13, 'model__max_bins': 190, 'model__learning_rate': 0.05, 'model__l2_regularization': 3, 'model': HistGradientBoostingRegressor()}",-1867.7159094021608,-1823.765635549658,-1856.2700634241294,-1849.250536125316,18.61651534796608,165,-1376.8006248669228,-1426.8042636133362,-1309.2872207959192,-1370.9640364253928,48.15331876146236
833,2,8000,1.9829174677530925,0.02741855034469936,0.2182630697886149,0.027468440449330753,10,25,50,350,13,85,0.05,9,HistGradientBoostingRegressor(),"{'q': 10, 'model__min_samples_leaf': 25, 'model__max_leaf_nodes': 50, 'model__max_iter': 350, 'model__max_depth': 13, 'model__max_bins': 85, 'model__learning_rate': 0.05, 'model__l2_regularization': 9, 'model': HistGradientBoostingRegressor()}",-1827.5572460482333,-1835.2644472252082,-1868.2752315071084,-1843.6989749268498,17.660587534953127,157,-1229.3191953458359,-1309.4020870968393,-1165.29132640825,-1234.670869616975,58.954548310198255
834,2,8000,1.3520393371582031,0.13979248103607642,0.21264195442199707,0.021467602913971137,3,15,65,150,18,120,0.1,5,HistGradientBoostingRegressor(),"{'q': 3, 'model__min_samples_leaf': 15, 'model__max_leaf_nodes': 65, 'model__max_iter': 150, 'model__max_depth': 18, 'model__max_bins': 120, 'model__learning_rate': 0.1, 'model__l2_regularization': 5, 'model': HistGradientBoostingRegressor()}",-1795.2754271838699,-1809.539430959849,-1818.2734348954477,-1807.6960976797225,9.478941497223062,120,-1030.099898481313,-1099.767760433235,-1014.8461977107683,-1048.2379522084386,36.96538649928733
835,2,8000,0.9687550067901611,0.016468166945582854,0.19866164525349936,0.007135533036842813,8,45,20,270,38,155,0.1,9,HistGradientBoostingRegressor(),"{'q': 8, 'model__min_samples_leaf': 45, 'model__max_leaf_nodes': 20, 'model__max_iter': 270, 'model__max_depth': 38, 'model__max_bins': 155, 'model__learning_rate': 0.1, 'model__l2_regularization': 9, 'model': HistGradientBoostingRegressor()}",-1891.2103840992759,-1892.1272025858552,-1895.832435868895,-1893.0566741846753,1.9981289130950275,221,-1459.7082478666644,-1512.1973951436769,-1397.3202619726578,-1456.408634994333,46.95639477379308
836,2,8000,1.333769957224528,0.018257794216581972,0.20557896296183267,0.014640598355735529,11,25,65,270,8,155,0.05,7,HistGradientBoostingRegressor(),"{'q': 11, 'model__min_samples_leaf': 25, 'model__max_leaf_nodes': 65, 'model__max_iter': 270, 'model__max_depth': 8, 'model__max_bins': 155, 'model__learning_rate': 0.05, 'model__l2_regularization': 7, 'model': HistGradientBoostingRegressor()}",-1826.3547607336882,-1834.8723678689632,-1846.9322583832636,-1836.053128995305,8.442116638524588,148,-1401.4231044251346,-1471.515804249939,-1317.4531171868641,-1396.7973419539792,62.980823245934154
837,2,8000,1.3659278551737468,0.041329820848724566,0.20608417193094888,0.043037388982172624,4,20,45,210,18,120,0.1,1,HistGradientBoostingRegressor(),"{'q': 4, 'model__min_samples_leaf': 20, 'model__max_leaf_nodes': 45, 'model__max_iter': 210, 'model__max_depth': 18, 'model__max_bins': 120, 'model__learning_rate': 0.1, 'model__l2_regularization': 1, 'model': HistGradientBoostingRegressor()}",-1795.2431758915725,-1822.5678871967518,-1829.484908973386,-1815.76532402057,14.783554386231504,127,-1056.0376474947943,-1125.0974966314352,-1019.5988587610174,-1066.911334295749,43.75056911334474
838,2,8000,1.6663627624511719,0.16277149285519277,0.21227216720581055,0.015857077054106914,5,25,55,230,13,190,0.05,9,HistGradientBoostingRegressor(),"{'q': 5, 'model__min_samples_leaf': 25, 'model__max_leaf_nodes': 55, 'model__max_iter': 230, 'model__max_depth': 13, 'model__max_bins': 190, 'model__learning_rate': 0.05, 'model__l2_regularization': 9, 'model': HistGradientBoostingRegressor()}",-1799.9570169330632,-1787.8769404629584,-1826.2175587110496,-1804.683838702357,16.005371701202264,117,-1314.844661307419,-1380.2663502415942,-1265.4597724458213,-1320.1902613316115,47.0217620257415
839,2,8000,1.0031370321909587,0.11960033534602675,0.17229708035786948,0.026857019113451355,6,5,40,130,48,85,0.05,5,HistGradientBoostingRegressor(),"{'q': 6, 'model__min_samples_leaf': 5, 'model__max_leaf_nodes': 40, 'model__max_iter': 130, 'model__max_depth': 48, 'model__max_bins': 85, 'model__learning_rate': 0.05, 'model__l2_regularization': 5, 'model': HistGradientBoostingRegressor()}",-1897.0773926066565,-1920.5755439523555,-1902.4777058977622,-1906.7102141522582,10.049091957638922,227,-1449.847354521182,-1538.687911499152,-1421.9016490111171,-1470.1456383438172,49.7913849381546
840,2,8000,1.6278329690297444,0.05721504238119127,0.2960962454477946,0.08980280676766948,12,50,35,330,38,190,0.1,5,HistGradientBoostingRegressor(),"{'q': 12, 'model__min_samples_leaf': 50, 'model__max_leaf_nodes': 35, 'model__max_iter': 330, 'model__max_depth': 38, 'model__max_bins': 190, 'model__learning_rate': 0.1, 'model__l2_regularization': 5, 'model': HistGradientBoostingRegressor()}",-1862.0059004705681,-1829.3890597629606,-1856.2732037207732,-1849.2227213181006,14.218451650798837,164,-1178.1456810097775,-1241.2666283994831,-1129.829794964668,-1183.0807014579761,45.62753395054923
841,2,8000,1.25450603167216,0.15561774098133332,0.21251630783081055,0.056639199789905025,14,10,50,190,23,155,0.2,5,HistGradientBoostingRegressor(),"{'q': 14, 'model__min_samples_leaf': 10, 'model__max_leaf_nodes': 50, 'model__max_iter': 190, 'model__max_depth': 23, 'model__max_bins': 155, 'model__learning_rate': 0.2, 'model__l2_regularization': 5, 'model': HistGradientBoostingRegressor()}",-1787.48815036745,-1827.862989048809,-1811.2037667821357,-1808.8516353994648,16.56665911134863,121,-720.2104943902666,-774.4277575366532,-711.2299887817978,-735.2894135695725,27.916779262778785
842,2,8000,2.1117159525553384,0.1824405225500605,0.20740731557210287,0.008170762342854285,12,40,50,390,13,190,0.05,3,HistGradientBoostingRegressor(),"{'q': 12, 'model__min_samples_leaf': 40, 'model__max_leaf_nodes': 50, 'model__max_iter': 390, 'model__max_depth': 13, 'model__max_bins': 190, 'model__learning_rate': 0.05, 'model__l2_regularization': 3, 'model': HistGradientBoostingRegressor()}",-1812.2789728081152,-1813.478571477754,-1836.8228267673383,-1820.8601236844024,11.297954874740968,131,-1272.7803581773637,-1340.66143373252,-1221.0968655311847,-1278.1795524803563,48.96110678646906
843,2,8000,1.6796713670094807,0.1424672101558149,0.20204933484395346,0.041896216811127214,6,30,35,310,28,155,0.1,3,HistGradientBoostingRegressor(),"{'q': 6, 'model__min_samples_leaf': 30, 'model__max_leaf_nodes': 35, 'model__max_iter': 310, 'model__max_depth': 28, 'model__max_bins': 155, 'model__learning_rate': 0.1, 'model__l2_regularization': 3, 'model': HistGradientBoostingRegressor()}",-1760.4965812724938,-1787.8776525739738,-1845.62940525109,-1798.0012130325192,35.48487271041027,111,-1086.2946617255172,-1156.5864933252824,-1042.4511512749002,-1095.1107687752335,47.01072135781705
844,2,8000,1.5473098754882812,0.08586793596050468,0.19442327817281088,0.03532227927934184,8,15,30,330,33,120,0.05,9,HistGradientBoostingRegressor(),"{'q': 8, 'model__min_samples_leaf': 15, 'model__max_leaf_nodes': 30, 'model__max_iter': 330, 'model__max_depth': 33, 'model__max_bins': 120, 'model__learning_rate': 0.05, 'model__l2_regularization': 9, 'model': HistGradientBoostingRegressor()}",-1822.4361482602887,-1823.7490834246228,-1837.640241283517,-1827.9418243228095,6.8787313919666415,140,-1325.506502358814,-1394.4299127888348,-1276.2509920517236,-1332.0624690664574,48.468545478835374
845,2,8000,1.2593642870585124,0.11988901751407142,0.19084946314493814,0.00660708161868355,9,30,40,190,48,155,0.1,7,HistGradientBoostingRegressor(),"{'q': 9, 'model__min_samples_leaf': 30, 'model__max_leaf_nodes': 40, 'model__max_iter': 190, 'model__max_depth': 48, 'model__max_bins': 155, 'model__learning_rate': 0.1, 'model__l2_regularization': 7, 'model': HistGradientBoostingRegressor()}",-1764.6808474283646,-1782.0312941958464,-1838.8211776900803,-1795.1777731047634,31.663012844706,109,-1217.280787086156,-1295.4367807850324,-1171.3244790432311,-1228.0140156381397,51.23389182480561
846,2,8000,1.1244685649871826,0.13778204274532665,0.2406278451283773,0.04618942137016171,8,30,35,170,38,120,0.05,3,HistGradientBoostingRegressor(),"{'q': 8, 'model__min_samples_leaf': 30, 'model__max_leaf_nodes': 35, 'model__max_iter': 170, 'model__max_depth': 38, 'model__max_bins': 120, 'model__learning_rate': 0.05, 'model__l2_regularization': 3, 'model': HistGradientBoostingRegressor()}",-1836.8063941723021,-1860.4250502548475,-1842.8880719610352,-1846.7065054627283,10.013176472080135,159,-1488.0234665633789,-1547.8938236449583,-1430.0171527156256,-1488.6448143079876,48.12495501026708
847,2,8000,0.7933075428009033,0.026657156849488377,0.21377317110697427,0.026692815973751553,13,10,30,90,43,155,0.1,5,HistGradientBoostingRegressor(),"{'q': 13, 'model__min_samples_leaf': 10, 'model__max_leaf_nodes': 30, 'model__max_iter': 90, 'model__max_depth': 43, 'model__max_bins': 155, 'model__learning_rate': 0.1, 'model__l2_regularization': 5, 'model': HistGradientBoostingRegressor()}",-1844.032132852456,-1879.9362270450827,-1882.7785730258788,-1868.9156443078057,17.63352090820267,190,-1438.118492956254,-1530.6256463129434,-1422.0528717291634,-1463.5990036661203,47.84665898981724
848,2,8000,0.7901101112365723,0.04708685447655719,0.2175318400065104,0.031958027665348776,13,10,25,90,33,155,0.2,3,HistGradientBoostingRegressor(),"{'q': 13, 'model__min_samples_leaf': 10, 'model__max_leaf_nodes': 25, 'model__max_iter': 90, 'model__max_depth': 33, 'model__max_bins': 155, 'model__learning_rate': 0.2, 'model__l2_regularization': 3, 'model': HistGradientBoostingRegressor()}",-1811.769083036266,-1853.078462760773,-1845.8592194921036,-1836.902255096381,18.014561178771654,150,-1297.9854969004875,-1353.8431310497365,-1274.861158003383,-1308.896595317869,33.15445739845614
849,2,8000,2.1107398668924966,0.04542946263893001,0.25569812456766766,0.054776514969214846,9,30,65,270,48,85,0.05,5,HistGradientBoostingRegressor(),"{'q': 9, 'model__min_samples_leaf': 30, 'model__max_leaf_nodes': 65, 'model__max_iter': 270, 'model__max_depth': 48, 'model__max_bins': 85, 'model__learning_rate': 0.05, 'model__l2_regularization': 5, 'model': HistGradientBoostingRegressor()}",-1821.1113673435102,-1810.8492287508432,-1853.8868602960358,-1828.6158187967965,18.353873813920725,141,-1188.5944719856425,-1244.680499434016,-1143.728453404079,-1192.3344749412456,41.29826159366819
850,2,8000,0.8185586134592692,0.1319709422779535,0.16931637128194174,0.021851112498106395,4,10,20,130,18,190,0.2,1,HistGradientBoostingRegressor(),"{'q': 4, 'model__min_samples_leaf': 10, 'model__max_leaf_nodes': 20, 'model__max_iter': 130, 'model__max_depth': 18, 'model__max_bins': 190, 'model__learning_rate': 0.2, 'model__l2_regularization': 1, 'model': HistGradientBoostingRegressor()}",-1817.7898770144288,-1855.4993225231442,-1838.7830370787624,-1837.3574122054451,15.427786076929701,152,-1205.379297723732,-1249.051202849419,-1189.9361609308517,-1214.7888871680009,25.034007874499675
851,2,8000,1.4634870688120525,0.07741305792959288,0.1990999380747477,0.03251333399367295,7,15,30,350,43,120,0.05,5,HistGradientBoostingRegressor(),"{'q': 7, 'model__min_samples_leaf': 15, 'model__max_leaf_nodes': 30, 'model__max_iter': 350, 'model__max_depth': 43, 'model__max_bins': 120, 'model__learning_rate': 0.05, 'model__l2_regularization': 5, 'model': HistGradientBoostingRegressor()}",-1809.862015243315,-1811.7991730982294,-1806.363699404685,-1809.341629248743,2.2493250477737443,122,-1285.8883088219334,-1336.3684011826824,-1232.5431020806418,-1284.9332706950859,42.39188017199243
852,2,8000,2.391215721766154,0.03886323761620944,0.20162439346313477,0.037779000315500896,5,5,60,350,33,120,0.2,3,HistGradientBoostingRegressor(),"{'q': 5, 'model__min_samples_leaf': 5, 'model__max_leaf_nodes': 60, 'model__max_iter': 350, 'model__max_depth': 33, 'model__max_bins': 120, 'model__learning_rate': 0.2, 'model__l2_regularization': 3, 'model': HistGradientBoostingRegressor()}",-1820.5093219784367,-1828.2048316611265,-1837.222436348615,-1828.6455299960592,6.830212747026989,142,-313.7653447338626,-322.6187317755299,-309.3775566880795,-315.2538777324907,5.5072060242396885
853,2,8000,0.8845243453979492,0.024349463766601864,0.24222731590270996,0.0321814486147336,10,35,15,350,38,120,0.1,1,HistGradientBoostingRegressor(),"{'q': 10, 'model__min_samples_leaf': 35, 'model__max_leaf_nodes': 15, 'model__max_iter': 350, 'model__max_depth': 38, 'model__max_bins': 120, 'model__learning_rate': 0.1, 'model__l2_regularization': 1, 'model': HistGradientBoostingRegressor()}",-1845.1651582321667,-1859.0857193550617,-1855.8174539580982,-1853.3561105151086,5.943577158149985,169,-1424.1063783045504,-1481.7422366811404,-1335.3522628646906,-1413.7336259501271,60.21185709393048
854,2,8000,1.2727522055308025,0.0760221202997037,0.2835541566212972,0.09835777071920411,6,10,35,190,48,190,0.05,9,HistGradientBoostingRegressor(),"{'q': 6, 'model__min_samples_leaf': 10, 'model__max_leaf_nodes': 35, 'model__max_iter': 190, 'model__max_depth': 48, 'model__max_bins': 190, 'model__learning_rate': 0.05, 'model__l2_regularization': 9, 'model': HistGradientBoostingRegressor()}",-1819.9855870393405,-1850.7288129369629,-1849.5269497815657,-1840.0804499192898,14.217682755030657,153,-1394.996621696696,-1472.653221219512,-1358.8746764471603,-1408.841506454456,47.47034118334843
855,2,8000,1.1416230996449788,0.1868797602171066,0.1612574259440104,0.0034302254435471012,3,25,50,110,28,190,0.1,9,HistGradientBoostingRegressor(),"{'q': 3, 'model__min_samples_leaf': 25, 'model__max_leaf_nodes': 50, 'model__max_iter': 110, 'model__max_depth': 28, 'model__max_bins': 190, 'model__learning_rate': 0.1, 'model__l2_regularization': 9, 'model': HistGradientBoostingRegressor()}",-1808.1445429622333,-1784.246739149479,-1829.847503351867,-1807.41292848786,18.623620642699667,119,-1303.1807107421823,-1356.874081083267,-1251.926577895193,-1303.9937899068807,42.848496120235396
856,2,8000,2.0834333101908364,0.04462286456114638,0.19304498036702475,0.008540269189411122,9,35,40,370,48,225,0.05,1,HistGradientBoostingRegressor(),"{'q': 9, 'model__min_samples_leaf': 35, 'model__max_leaf_nodes': 40, 'model__max_iter': 370, 'model__max_depth': 48, 'model__max_bins': 225, 'model__learning_rate': 0.05, 'model__l2_regularization': 1, 'model': HistGradientBoostingRegressor()}",-1767.3348543674185,-1797.1560839785134,-1829.1863185711525,-1797.8924189723614,25.256122003108064,110,-1223.9040847994197,-1279.2757174178173,-1163.543581344649,-1222.241127853962,47.262077111685905
857,2,8000,2.519801298777262,0.1650486423637415,0.21896870930989584,0.012163471953458549,7,30,65,370,48,120,0.05,3,HistGradientBoostingRegressor(),"{'q': 7, 'model__min_samples_leaf': 30, 'model__max_leaf_nodes': 65, 'model__max_iter': 370, 'model__max_depth': 48, 'model__max_bins': 120, 'model__learning_rate': 0.05, 'model__l2_regularization': 3, 'model': HistGradientBoostingRegressor()}",-1796.1094544396105,-1802.1183229898056,-1834.2590149507005,-1810.8289307933721,16.7481990679196,123,-1061.6731012238338,-1092.4735129050016,-995.9341096075033,-1050.0269079121128,40.2632128313157
858,2,8000,2.286476453145345,0.1965210486623749,0.2546240488688151,0.012917878894018693,8,30,45,390,28,190,0.05,1,HistGradientBoostingRegressor(),"{'q': 8, 'model__min_samples_leaf': 30, 'model__max_leaf_nodes': 45, 'model__max_iter': 390, 'model__max_depth': 28, 'model__max_bins': 190, 'model__learning_rate': 0.05, 'model__l2_regularization': 1, 'model': HistGradientBoostingRegressor()}",-1741.5092389945164,-1760.5674962125613,-1827.8828726548038,-1776.653202620627,37.050988389022784,96,-1131.3530082786247,-1180.567521902619,-1091.9087767798494,-1134.609768987031,36.26796694439805
859,2,8000,0.9325133959452311,0.02602165981767598,0.1684109369913737,0.011699697865883261,7,5,55,90,43,120,0.2,7,HistGradientBoostingRegressor(),"{'q': 7, 'model__min_samples_leaf': 5, 'model__max_leaf_nodes': 55, 'model__max_iter': 90, 'model__max_depth': 43, 'model__max_bins': 120, 'model__learning_rate': 0.2, 'model__l2_regularization': 7, 'model': HistGradientBoostingRegressor()}",-1809.2121371521132,-1795.259378504924,-1845.2659688247732,-1816.579161493937,21.069243849650853,128,-991.2611292463445,-1041.5822570956566,-975.7438337381154,-1002.8624066933721,28.10239285605279
860,2,8000,1.0665887196858723,0.1129419460375176,0.1876523494720459,0.029610961233263844,12,10,30,150,43,155,0.05,3,HistGradientBoostingRegressor(),"{'q': 12, 'model__min_samples_leaf': 10, 'model__max_leaf_nodes': 30, 'model__max_iter': 150, 'model__max_depth': 43, 'model__max_bins': 155, 'model__learning_rate': 0.05, 'model__l2_regularization': 3, 'model': HistGradientBoostingRegressor()}",-1850.334065406612,-1884.5181675234423,-1892.4500269026712,-1875.7674199442417,18.27330002272077,198,-1470.1740437882845,-1553.5877394209276,-1466.2628252090362,-1496.6748694727494,40.27514106739081
861,2,8000,1.2805041472117107,0.07930765276263474,0.19728446006774902,0.016307018033904812,14,10,30,230,38,190,0.05,7,HistGradientBoostingRegressor(),"{'q': 14, 'model__min_samples_leaf': 10, 'model__max_leaf_nodes': 30, 'model__max_iter': 230, 'model__max_depth': 38, 'model__max_bins': 190, 'model__learning_rate': 0.05, 'model__l2_regularization': 7, 'model': HistGradientBoostingRegressor()}",-1817.2801996926034,-1858.5314254806456,-1849.011736475445,-1841.6077872162314,17.635754510440176,155,-1385.6526772794396,-1457.7791604770437,-1335.6631885508773,-1393.031675435787,50.12594045808747
862,2,8000,0.8170749346415201,0.04420915435105671,0.21130037307739258,0.02327466102755269,9,5,55,50,18,120,0.2,3,HistGradientBoostingRegressor(),"{'q': 9, 'model__min_samples_leaf': 5, 'model__max_leaf_nodes': 55, 'model__max_iter': 50, 'model__max_depth': 18, 'model__max_bins': 120, 'model__learning_rate': 0.2, 'model__l2_regularization': 3, 'model': HistGradientBoostingRegressor()}",-1831.9619646509345,-1821.6100924050447,-1851.2911304424895,-1834.954395832823,12.300595867106438,146,-1150.2057897633927,-1200.7866024167115,-1140.7712388737061,-1163.92121035127,26.350781604177058
863,2,8000,1.429410696029663,0.0894585843058547,0.19822200139363608,0.04689624432517204,12,5,35,290,13,50,0.05,1,HistGradientBoostingRegressor(),"{'q': 12, 'model__min_samples_leaf': 5, 'model__max_leaf_nodes': 35, 'model__max_iter': 290, 'model__max_depth': 13, 'model__max_bins': 50, 'model__learning_rate': 0.05, 'model__l2_regularization': 1, 'model': HistGradientBoostingRegressor()}",-1826.6704142568262,-1865.07754645469,-1855.2911505333611,-1849.013037081626,16.295970510133106,163,-1184.126952045581,-1249.9209425088343,-1173.6951910705645,-1202.58102854166,33.74419456315976
864,2,8000,1.8418850898742676,0.07683995680427731,0.2373222510019938,0.04525912130918209,5,10,40,310,43,190,0.1,9,HistGradientBoostingRegressor(),"{'q': 5, 'model__min_samples_leaf': 10, 'model__max_leaf_nodes': 40, 'model__max_iter': 310, 'model__max_depth': 43, 'model__max_bins': 190, 'model__learning_rate': 0.1, 'model__l2_regularization': 9, 'model': HistGradientBoostingRegressor()}",-1759.485016791568,-1782.703084906879,-1779.5470685905268,-1773.911723429658,10.282266548558347,95,-961.7785538919127,-1035.9874337400222,-918.752445347516,-972.1728109931504,48.42204085856453
865,2,8000,0.9526147047678629,0.18579877546316562,0.20958518981933594,0.04724761039195123,5,5,10,390,18,155,0.1,7,HistGradientBoostingRegressor(),"{'q': 5, 'model__min_samples_leaf': 5, 'model__max_leaf_nodes': 10, 'model__max_iter': 390, 'model__max_depth': 18, 'model__max_bins': 155, 'model__learning_rate': 0.1, 'model__l2_regularization': 7, 'model': HistGradientBoostingRegressor()}",-1826.2780664732502,-1850.247789095667,-1845.4487585896131,-1840.65820471951,10.355319259062615,154,-1379.4317503880934,-1478.9685453808002,-1388.374126566372,-1415.5914741117551,44.96280977956236
866,2,8000,1.384220043818156,0.01535062620538341,0.22497852643330893,0.03519622234520225,12,10,35,270,48,120,0.1,1,HistGradientBoostingRegressor(),"{'q': 12, 'model__min_samples_leaf': 10, 'model__max_leaf_nodes': 35, 'model__max_iter': 270, 'model__max_depth': 48, 'model__max_bins': 120, 'model__learning_rate': 0.1, 'model__l2_regularization': 1, 'model': HistGradientBoostingRegressor()}",-1805.4060798138241,-1794.9849442898626,-1806.2636698777899,-1802.2182313271587,5.126675089008595,116,-983.9347912345264,-1041.3041608045005,-932.2485088701612,-985.8291536363962,44.54192976951157
867,2,8000,2.2138048807779946,0.10369494375354277,0.18389892578125,0.01387570659085779,7,25,55,290,13,155,0.05,3,HistGradientBoostingRegressor(),"{'q': 7, 'model__min_samples_leaf': 25, 'model__max_leaf_nodes': 55, 'model__max_iter': 290, 'model__max_depth': 13, 'model__max_bins': 155, 'model__learning_rate': 0.05, 'model__l2_regularization': 3, 'model': HistGradientBoostingRegressor()}",-1776.7826670344816,-1782.2162242880663,-1814.4944608247192,-1791.1644507157555,16.645277906366324,105,-1222.601719761485,-1281.4491556637224,-1153.846916262403,-1219.2992638958701,52.145709546207506
868,2,8000,1.6515897909800212,0.23765916804981344,0.18423287073771158,0.009500292127940202,3,10,40,210,13,155,0.05,7,HistGradientBoostingRegressor(),"{'q': 3, 'model__min_samples_leaf': 10, 'model__max_leaf_nodes': 40, 'model__max_iter': 210, 'model__max_depth': 13, 'model__max_bins': 155, 'model__learning_rate': 0.05, 'model__l2_regularization': 7, 'model': HistGradientBoostingRegressor()}",-1801.4811857716857,-1827.3837436688439,-1845.2596332810026,-1824.708187573844,17.97233182597856,134,-1311.0969379913593,-1391.3846959063162,-1275.6614959094427,-1326.047709935706,48.412181254156806
869,2,8000,1.4466548760732014,0.08328037256092312,0.1919837792714437,0.025044949092824016,6,15,40,170,33,190,0.05,1,HistGradientBoostingRegressor(),"{'q': 6, 'model__min_samples_leaf': 15, 'model__max_leaf_nodes': 40, 'model__max_iter': 170, 'model__max_depth': 33, 'model__max_bins': 190, 'model__learning_rate': 0.05, 'model__l2_regularization': 1, 'model': HistGradientBoostingRegressor()}",-1798.8801107744648,-1805.5463571424752,-1830.6240386551522,-1811.6835021906973,13.666690682842923,124,-1332.2564228109268,-1411.4380010648842,-1301.8512461236799,-1348.5152233331637,46.19217581980966
870,2,8000,1.6017327308654785,0.08367308709501102,0.20215113957722983,0.026472446947091426,9,10,35,230,33,85,0.05,3,HistGradientBoostingRegressor(),"{'q': 9, 'model__min_samples_leaf': 10, 'model__max_leaf_nodes': 35, 'model__max_iter': 230, 'model__max_depth': 33, 'model__max_bins': 85, 'model__learning_rate': 0.05, 'model__l2_regularization': 3, 'model': HistGradientBoostingRegressor()}",-1841.0348707658688,-1874.8136271210583,-1841.1780891138767,-1852.3421956669347,15.889809136085425,167,-1337.0039893302553,-1391.990134936637,-1287.021288574655,-1338.6718042805157,42.86957648241608
871,2,8000,1.6848825613657634,0.1479911361877651,0.1824974219004313,0.012041729803510622,13,5,35,270,48,155,0.2,1,HistGradientBoostingRegressor(),"{'q': 13, 'model__min_samples_leaf': 5, 'model__max_leaf_nodes': 35, 'model__max_iter': 270, 'model__max_depth': 48, 'model__max_bins': 155, 'model__learning_rate': 0.2, 'model__l2_regularization': 1, 'model': HistGradientBoostingRegressor()}",-1773.4626529251937,-1746.9128212902006,-1814.1714268777812,-1778.182300364392,27.660276093574822,97,-565.7274400986163,-616.0257594706752,-579.7457136722608,-587.1663044138508,21.194010287956953
872,2,8000,1.9436464309692383,0.20123483859441607,0.18963980674743652,0.028890888973738024,12,5,65,290,8,85,0.1,9,HistGradientBoostingRegressor(),"{'q': 12, 'model__min_samples_leaf': 5, 'model__max_leaf_nodes': 65, 'model__max_iter': 290, 'model__max_depth': 8, 'model__max_bins': 85, 'model__learning_rate': 0.1, 'model__l2_regularization': 9, 'model': HistGradientBoostingRegressor()}",-1817.2948164446223,-1845.1077236935905,-1824.4790546061326,-1828.9605315814485,11.78847401264309,143,-841.0139732435415,-984.4454329922853,-825.2498993472404,-883.5697685276891,71.61960284415788
873,2,8000,1.7057283719380696,0.16738972171172156,0.17711337407430014,0.007796829499193355,13,5,45,270,23,225,0.05,5,HistGradientBoostingRegressor(),"{'q': 13, 'model__min_samples_leaf': 5, 'model__max_leaf_nodes': 45, 'model__max_iter': 270, 'model__max_depth': 23, 'model__max_bins': 225, 'model__learning_rate': 0.05, 'model__l2_regularization': 5, 'model': HistGradientBoostingRegressor()}",-1796.8123072229025,-1809.6957278526063,-1808.1276707159152,-1804.8785685971413,5.7395197368267,118,-1125.33601492439,-1201.168382280949,-1118.1811386074828,-1148.2285119376072,37.547929084082476
874,2,8000,0.955613931020101,0.08657246457877381,0.1927067438761393,0.03360255197481311,3,10,35,210,38,190,0.1,3,HistGradientBoostingRegressor(),"{'q': 3, 'model__min_samples_leaf': 10, 'model__max_leaf_nodes': 35, 'model__max_iter': 210, 'model__max_depth': 38, 'model__max_bins': 190, 'model__learning_rate': 0.1, 'model__l2_regularization': 3, 'model': HistGradientBoostingRegressor()}",-1745.1922755593862,-1804.4014451316511,-1789.7562238275293,-1779.7833148395223,25.179695862892004,100,-1075.106762448131,-1161.6013210346398,-1047.6777228680817,-1094.7952687836175,48.54808280523356
875,3,16000,1.1046528021494548,0.18276398640146507,0.3143072923024495,0.07732208094156841,12,25,15,230,48,155,0.1,5,HistGradientBoostingRegressor(),"{'q': 12, 'model__min_samples_leaf': 25, 'model__max_leaf_nodes': 15, 'model__max_iter': 230, 'model__max_depth': 48, 'model__max_bins': 155, 'model__learning_rate': 0.1, 'model__l2_regularization': 5, 'model': HistGradientBoostingRegressor()}",-1789.8382808669785,-1944.9219671379894,-1777.2998225729,-1837.3533568592893,76.23454016855369,151,-1606.4958823917311,-1864.5860309067991,-1527.9144798130721,-1666.332131037201,143.81056015452148
876,3,16000,0.8543527921040853,0.039738004250807944,0.28070251146952313,0.0661123665308795,4,20,10,350,43,155,0.2,9,HistGradientBoostingRegressor(),"{'q': 4, 'model__min_samples_leaf': 20, 'model__max_leaf_nodes': 10, 'model__max_iter': 350, 'model__max_depth': 43, 'model__max_bins': 155, 'model__learning_rate': 0.2, 'model__l2_regularization': 9, 'model': HistGradientBoostingRegressor()}",-1842.2002018850171,-1913.2139011910592,-1919.7899705570903,-1891.7346912110559,35.128909240778455,218,-1669.809658203999,-1820.6108039912199,-1739.0499926137486,-1743.1568182696558,61.63276133902957
877,3,16000,2.002391258875529,0.6319168746221279,0.27811574935913086,0.0355814390292026,11,60,60,290,48,190,0.05,1,HistGradientBoostingRegressor(),"{'q': 11, 'model__min_samples_leaf': 60, 'model__max_leaf_nodes': 60, 'model__max_iter': 290, 'model__max_depth': 48, 'model__max_bins': 190, 'model__learning_rate': 0.05, 'model__l2_regularization': 1, 'model': HistGradientBoostingRegressor()}",-1701.787776938795,-1767.9395135805883,-1714.5332753316216,-1728.0868552836682,28.65644444470484,69,-1468.9578557534364,-1653.190737627151,-1329.9018050374186,-1484.0167994726687,132.41100740549328
878,3,16000,0.871085007985433,0.038076474694198316,0.2604653040568034,0.015883688809281937,10,35,15,350,38,120,0.1,1,HistGradientBoostingRegressor(),"{'q': 10, 'model__min_samples_leaf': 35, 'model__max_leaf_nodes': 15, 'model__max_iter': 350, 'model__max_depth': 38, 'model__max_bins': 120, 'model__learning_rate': 0.1, 'model__l2_regularization': 1, 'model': HistGradientBoostingRegressor()}",-1815.9194815539972,-1835.9904382990424,-1843.35308074929,-1831.7543335341097,11.593360999198499,145,-1665.184304047299,-1740.8134800893895,-1655.2594464277572,-1687.085743521482,38.206700609752545
879,3,16000,1.7187008062998455,0.18384260730367216,0.3191076119740804,0.049298392715828886,6,65,60,350,38,155,0.05,5,HistGradientBoostingRegressor(),"{'q': 6, 'model__min_samples_leaf': 65, 'model__max_leaf_nodes': 60, 'model__max_iter': 350, 'model__max_depth': 38, 'model__max_bins': 155, 'model__learning_rate': 0.05, 'model__l2_regularization': 5, 'model': HistGradientBoostingRegressor()}",-1734.7655483440267,-1772.7397351206337,-1761.8978564007937,-1756.4677132884847,15.971319210828637,85,-1571.9271136550117,-1559.6978241996158,-1462.3393452816272,-1531.3214277120849,49.03253785312912
880,3,16000,1.0711442629496257,0.30109039263330756,0.24171368281046549,0.024541088242719448,9,10,35,230,33,85,0.05,3,HistGradientBoostingRegressor(),"{'q': 9, 'model__min_samples_leaf': 10, 'model__max_leaf_nodes': 35, 'model__max_iter': 230, 'model__max_depth': 33, 'model__max_bins': 85, 'model__learning_rate': 0.05, 'model__l2_regularization': 3, 'model': HistGradientBoostingRegressor()}",-1892.3593605255753,-1829.571670683215,-1809.9029660832746,-1843.9446657640217,35.16344206512155,158,-1765.8329510097597,-1688.8644604210604,-1489.9494212597715,-1648.2156108968638,116.23876927129699
881,3,16000,1.2554512023925781,0.2953455642015561,0.31308428446451825,0.04817126719987156,10,25,30,310,23,85,0.1,5,HistGradientBoostingRegressor(),"{'q': 10, 'model__min_samples_leaf': 25, 'model__max_leaf_nodes': 30, 'model__max_iter': 310, 'model__max_depth': 23, 'model__max_bins': 85, 'model__learning_rate': 0.1, 'model__l2_regularization': 5, 'model': HistGradientBoostingRegressor()}",-1732.1657802577326,-1798.4947223462786,-1743.2367952522893,-1757.9657659521001,29.01251538047374,86,-1418.2329021639343,-1625.8579142373871,-1357.6550038217758,-1467.2486067410325,114.84802932641936
882,3,16000,1.7983827590942383,0.1903807346355427,0.293656587600708,0.060414605060211006,11,45,60,270,13,190,0.05,3,HistGradientBoostingRegressor(),"{'q': 11, 'model__min_samples_leaf': 45, 'model__max_leaf_nodes': 60, 'model__max_iter': 270, 'model__max_depth': 13, 'model__max_bins': 190, 'model__learning_rate': 0.05, 'model__l2_regularization': 3, 'model': HistGradientBoostingRegressor()}",-1730.7144900016663,-1699.119421030395,-1727.2911566223866,-1719.0416892181493,14.156326740248872,64,-1535.1745985994246,-1461.260300843211,-1392.3259666100305,-1462.920288684222,58.329521313737104
883,3,16000,1.5967259407043457,0.4354050474724748,0.31952770551045734,0.011967771641711172,12,50,35,330,38,190,0.1,5,HistGradientBoostingRegressor(),"{'q': 12, 'model__min_samples_leaf': 50, 'model__max_leaf_nodes': 35, 'model__max_iter': 330, 'model__max_depth': 38, 'model__max_bins': 190, 'model__learning_rate': 0.1, 'model__l2_regularization': 5, 'model': HistGradientBoostingRegressor()}",-1661.1708799769228,-1706.0540823053489,-1780.672868186262,-1715.9659434895111,49.28735497465742,61,-1325.5080374817717,-1406.107338881142,-1513.2236914952528,-1414.9463559527221,76.88904498267182
884,3,16000,1.5271626313527424,0.45224393986251865,0.3247384230295817,0.04573255192932408,12,5,35,290,13,50,0.05,1,HistGradientBoostingRegressor(),"{'q': 12, 'model__min_samples_leaf': 5, 'model__max_leaf_nodes': 35, 'model__max_iter': 290, 'model__max_depth': 13, 'model__max_bins': 50, 'model__learning_rate': 0.05, 'model__l2_regularization': 1, 'model': HistGradientBoostingRegressor()}",-1757.1993515563001,-1937.452538464554,-1741.6673474712172,-1812.106412497357,88.85962434823082,125,-1371.3172755135909,-1775.3111522128038,-1351.9905079369787,-1499.5396452211244,195.15946306817318
885,3,16000,0.7406763235727946,0.17330669469723856,0.2537633577982585,0.020690056097685084,5,10,15,230,48,85,0.2,3,HistGradientBoostingRegressor(),"{'q': 5, 'model__min_samples_leaf': 10, 'model__max_leaf_nodes': 15, 'model__max_iter': 230, 'model__max_depth': 48, 'model__max_bins': 85, 'model__learning_rate': 0.2, 'model__l2_regularization': 3, 'model': HistGradientBoostingRegressor()}",-1786.883773258235,-1963.7569053752864,-1883.8174537384295,-1878.1527107906502,72.31916850887366,202,-1525.4509478787857,-1862.7990244806356,-1679.6272725928775,-1689.2924149840994,137.8912432071591
886,3,16000,1.9194873968760173,0.6863267110695871,0.2817734082539876,0.07107793482979839,12,55,55,350,23,120,0.05,9,HistGradientBoostingRegressor(),"{'q': 12, 'model__min_samples_leaf': 55, 'model__max_leaf_nodes': 55, 'model__max_iter': 350, 'model__max_depth': 23, 'model__max_bins': 120, 'model__learning_rate': 0.05, 'model__l2_regularization': 9, 'model': HistGradientBoostingRegressor()}",-1697.4502546311985,-1778.676366469589,-1778.3458506783418,-1751.4908239263766,38.212691238053914,83,-1387.3135746171338,-1579.9143740153238,-1511.996232080675,-1493.0747269043777,79.75915621756936
887,3,16000,1.2994203567504883,0.17669599437424768,0.30250128110249835,0.021861268601916967,9,65,65,230,18,120,0.1,5,HistGradientBoostingRegressor(),"{'q': 9, 'model__min_samples_leaf': 65, 'model__max_leaf_nodes': 65, 'model__max_iter': 230, 'model__max_depth': 18, 'model__max_bins': 120, 'model__learning_rate': 0.1, 'model__l2_regularization': 5, 'model': HistGradientBoostingRegressor()}",-1727.4337112230019,-1742.1992824531815,-1781.7071730025496,-1750.446722226244,22.91167621529439,81,-1432.832858584566,-1503.8440378924709,-1522.1505138348277,-1486.2758034372882,38.52179496731122
888,3,16000,1.2840358416239421,0.08304790951285071,0.26988975207010907,0.006225466490683132,8,30,35,170,38,120,0.05,3,HistGradientBoostingRegressor(),"{'q': 8, 'model__min_samples_leaf': 30, 'model__max_leaf_nodes': 35, 'model__max_iter': 170, 'model__max_depth': 38, 'model__max_bins': 120, 'model__learning_rate': 0.05, 'model__l2_regularization': 3, 'model': HistGradientBoostingRegressor()}",-1778.9783821173337,-1790.2203051674244,-1767.1426459043205,-1778.7804443963596,9.422454519993526,99,-1601.7878061996257,-1599.5275118780883,-1523.9584022168767,-1575.091240098197,36.168149569780525
889,3,16000,1.8819008668263753,0.4001532110359419,0.310104767481486,0.011308563630594636,10,25,50,350,13,85,0.05,9,HistGradientBoostingRegressor(),"{'q': 10, 'model__min_samples_leaf': 25, 'model__max_leaf_nodes': 50, 'model__max_iter': 350, 'model__max_depth': 13, 'model__max_bins': 85, 'model__learning_rate': 0.05, 'model__l2_regularization': 9, 'model': HistGradientBoostingRegressor()}",-1707.5980372404404,-1760.0657601994758,-1777.1072623407524,-1748.2570199268896,29.58003666473402,79,-1358.4838672291794,-1469.4886432600933,-1488.7568569881873,-1438.9097891591534,57.41116444143699
890,3,16000,1.359299103418986,0.02274862674308068,0.27512232462565106,0.019307784305459947,14,50,45,150,28,190,0.1,5,HistGradientBoostingRegressor(),"{'q': 14, 'model__min_samples_leaf': 50, 'model__max_leaf_nodes': 45, 'model__max_iter': 150, 'model__max_depth': 28, 'model__max_bins': 190, 'model__learning_rate': 0.1, 'model__l2_regularization': 5, 'model': HistGradientBoostingRegressor()}",-1709.2017746832933,-1696.319968111196,-1738.071564011326,-1714.5311022686049,17.456617454623775,59,-1483.1740128299264,-1442.7822297181754,-1381.3815775076014,-1435.779273351901,41.85057562816698
891,3,16000,1.6337560017903645,0.15185250242448112,0.30145986874898273,0.01659448854904075,14,10,30,230,38,190,0.05,7,HistGradientBoostingRegressor(),"{'q': 14, 'model__min_samples_leaf': 10, 'model__max_leaf_nodes': 30, 'model__max_iter': 230, 'model__max_depth': 38, 'model__max_bins': 190, 'model__learning_rate': 0.05, 'model__l2_regularization': 7, 'model': HistGradientBoostingRegressor()}",-1747.6770974941105,-1761.3135416253467,-1770.028984801738,-1759.673207973732,9.198541095184078,88,-1499.0184386621302,-1539.0474295563895,-1447.3042905041757,-1495.1233862408983,37.55511031192751
892,3,16000,1.1523043314615886,0.28999514712364555,0.2599613666534424,0.03559597138387675,5,5,10,390,18,155,0.1,7,HistGradientBoostingRegressor(),"{'q': 5, 'model__min_samples_leaf': 5, 'model__max_leaf_nodes': 10, 'model__max_iter': 390, 'model__max_depth': 18, 'model__max_bins': 155, 'model__learning_rate': 0.1, 'model__l2_regularization': 7, 'model': HistGradientBoostingRegressor()}",-1778.47733214339,-1925.9711446955478,-1777.0469217461741,-1827.1651328617038,69.8688414071126,139,-1554.9334235186686,-1864.6356832493777,-1489.1635184346667,-1636.2442084009044,163.71401781009325
893,3,16000,1.5228601296742756,0.1714990363630209,0.29294466972351074,0.03790876486607694,6,10,35,190,48,190,0.05,9,HistGradientBoostingRegressor(),"{'q': 6, 'model__min_samples_leaf': 10, 'model__max_leaf_nodes': 35, 'model__max_iter': 190, 'model__max_depth': 48, 'model__max_bins': 190, 'model__learning_rate': 0.05, 'model__l2_regularization': 9, 'model': HistGradientBoostingRegressor()}",-1735.1338110518102,-1785.1786020936365,-1773.653706441973,-1764.6553731958065,21.39856348000669,91,-1497.8840681058073,-1614.9968995855097,-1464.8943360046674,-1525.9251012319946,64.40714014493095
894,3,16000,0.8468149503072103,0.14159913966799273,0.24804210662841797,0.03688339139436729,4,10,20,130,18,190,0.2,1,HistGradientBoostingRegressor(),"{'q': 4, 'model__min_samples_leaf': 10, 'model__max_leaf_nodes': 20, 'model__max_iter': 130, 'model__max_depth': 18, 'model__max_bins': 190, 'model__learning_rate': 0.2, 'model__l2_regularization': 1, 'model': HistGradientBoostingRegressor()}",-1839.727631676124,-1792.9947813561216,-1729.7466720693562,-1787.4896950338673,45.067966085073294,103,-1678.6919825533319,-1570.7196071906976,-1341.2934803393334,-1530.2350233611212,140.68567439497383
895,3,16000,0.8759229977925619,0.10244125448087374,0.2618423302968343,0.007885034681645515,13,10,25,90,33,155,0.2,3,HistGradientBoostingRegressor(),"{'q': 13, 'model__min_samples_leaf': 10, 'model__max_leaf_nodes': 25, 'model__max_iter': 90, 'model__max_depth': 33, 'model__max_bins': 155, 'model__learning_rate': 0.2, 'model__l2_regularization': 3, 'model': HistGradientBoostingRegressor()}",-1799.6967501495028,-1823.6578062260098,-1781.1329411691274,-1801.49583251488,17.407250597467954,115,-1534.9160001767657,-1662.3887129544942,-1407.5411897350557,-1534.948634288772,104.04106824233563
896,3,16000,0.9052810668945312,0.10749800737440669,0.3138606548309326,0.012645608322566412,13,15,20,190,43,225,0.2,1,HistGradientBoostingRegressor(),"{'q': 13, 'model__min_samples_leaf': 15, 'model__max_leaf_nodes': 20, 'model__max_iter': 190, 'model__max_depth': 43, 'model__max_bins': 225, 'model__learning_rate': 0.2, 'model__l2_regularization': 1, 'model': HistGradientBoostingRegressor()}",-1752.0390253538621,-1807.5140924694242,-1775.933141971932,-1778.4954199317392,22.71995773362435,98,-1475.476005966074,-1620.952443926447,-1422.6888761649952,-1506.372442019172,83.8373540293439
897,3,16000,1.5365289847056072,0.19180162664147293,0.2922225793202718,0.08093041432779859,11,25,65,270,8,155,0.05,7,HistGradientBoostingRegressor(),"{'q': 11, 'model__min_samples_leaf': 25, 'model__max_leaf_nodes': 65, 'model__max_iter': 270, 'model__max_depth': 8, 'model__max_bins': 155, 'model__learning_rate': 0.05, 'model__l2_regularization': 7, 'model': HistGradientBoostingRegressor()}",-1780.232537255048,-1784.9398471188783,-1783.6226154084372,-1782.9316665941212,1.9828849750690503,101,-1603.8905926452353,-1603.135910227878,-1466.5032634951408,-1557.8432554560848,64.58786255923908
898,3,16000,1.0242950121561687,0.1706073446657753,0.3012839953104655,0.02775517231250391,10,20,30,190,48,120,0.1,1,HistGradientBoostingRegressor(),"{'q': 10, 'model__min_samples_leaf': 20, 'model__max_leaf_nodes': 30, 'model__max_iter': 190, 'model__max_depth': 48, 'model__max_bins': 120, 'model__learning_rate': 0.1, 'model__l2_regularization': 1, 'model': HistGradientBoostingRegressor()}",-1786.2362809393162,-1737.4319780029423,-1766.354825429085,-1763.3410281237811,20.037917838012863,89,-1596.4091480353625,-1517.641795322655,-1438.12594516508,-1517.3922961743658,64.61908781512105
899,3,16000,0.9098857243855795,0.0758172532856783,0.3386834462483724,0.05479165165151581,9,5,55,50,18,120,0.2,3,HistGradientBoostingRegressor(),"{'q': 9, 'model__min_samples_leaf': 5, 'model__max_leaf_nodes': 55, 'model__max_iter': 50, 'model__max_depth': 18, 'model__max_bins': 120, 'model__learning_rate': 0.2, 'model__l2_regularization': 3, 'model': HistGradientBoostingRegressor()}",-1710.1437545646816,-1871.6038578200573,-1791.9353445945408,-1791.2276523264266,65.91771060480845,106,-1349.502984899964,-1632.5902401754413,-1336.9138816291434,-1439.6690355681828,136.51267284426402
900,3,16000,1.086408535639445,0.06051300670894145,0.34125542640686035,0.05988483240898408,6,20,50,90,8,190,0.2,5,HistGradientBoostingRegressor(),"{'q': 6, 'model__min_samples_leaf': 20, 'model__max_leaf_nodes': 50, 'model__max_iter': 90, 'model__max_depth': 8, 'model__max_bins': 190, 'model__learning_rate': 0.2, 'model__l2_regularization': 5, 'model': HistGradientBoostingRegressor()}",-1718.3497681879226,-1723.0778129490002,-1769.6620553933292,-1737.0298788434172,23.155025539526,72,-1436.8696190153676,-1452.7972867611672,-1418.1404257431755,-1435.9357771732368,14.164004832548489
901,3,16000,1.4748600323994954,0.486369779194139,0.2716539700826009,0.006694809647612375,12,5,65,290,8,85,0.1,9,HistGradientBoostingRegressor(),"{'q': 12, 'model__min_samples_leaf': 5, 'model__max_leaf_nodes': 65, 'model__max_iter': 290, 'model__max_depth': 8, 'model__max_bins': 85, 'model__learning_rate': 0.1, 'model__l2_regularization': 9, 'model': HistGradientBoostingRegressor()}",-1776.5343507440678,-1811.8131866334516,-1727.8189235797693,-1772.0554869857626,34.436455701353154,93,-1511.7704413910612,-1612.9307733271635,-1151.7312316917553,-1425.47748213666,197.92441387869758
902,3,16000,0.9604490598042806,0.10561123249418314,0.27298633257548016,0.025696177563973754,5,5,60,350,33,120,0.2,3,HistGradientBoostingRegressor(),"{'q': 5, 'model__min_samples_leaf': 5, 'model__max_leaf_nodes': 60, 'model__max_iter': 350, 'model__max_depth': 33, 'model__max_bins': 120, 'model__learning_rate': 0.2, 'model__l2_regularization': 3, 'model': HistGradientBoostingRegressor()}",-1734.8458789400324,-1737.2230203205825,-1701.0830968462797,-1724.3839987022982,16.504781544825864,68,-1400.338566563245,-1400.2715854441037,-1142.0776824048507,-1314.2292781374,121.7295638059077
903,3,16000,2.1750383377075195,0.5198476857412434,0.2983103593190511,0.06548264143024322,9,30,65,270,48,85,0.05,5,HistGradientBoostingRegressor(),"{'q': 9, 'model__min_samples_leaf': 30, 'model__max_leaf_nodes': 65, 'model__max_iter': 270, 'model__max_depth': 48, 'model__max_bins': 85, 'model__learning_rate': 0.05, 'model__l2_regularization': 5, 'model': HistGradientBoostingRegressor()}",-1709.6945737261292,-1785.3651726751825,-1733.1262494329271,-1742.7286652780797,31.629782156216255,76,-1337.445543478687,-1598.3990822286266,-1302.5133550877588,-1412.7859935983577,132.02077727791172
904,3,16000,1.5624730587005615,0.2867403213169546,0.32351088523864746,0.04650567218358184,8,15,30,330,33,120,0.05,9,HistGradientBoostingRegressor(),"{'q': 8, 'model__min_samples_leaf': 15, 'model__max_leaf_nodes': 30, 'model__max_iter': 330, 'model__max_depth': 33, 'model__max_bins': 120, 'model__learning_rate': 0.05, 'model__l2_regularization': 9, 'model': HistGradientBoostingRegressor()}",-1726.697922460568,-1761.6175736847217,-1866.2800031059446,-1784.8651664170782,59.30782542638726,102,-1449.7144600405954,-1550.1061653708623,-1662.5107484090468,-1554.110457940168,86.91985141528457
905,3,16000,1.0867025057474773,0.35067283767136914,0.27642305692036945,0.041492748539957776,9,30,60,250,8,155,0.2,5,HistGradientBoostingRegressor(),"{'q': 9, 'model__min_samples_leaf': 30, 'model__max_leaf_nodes': 60, 'model__max_iter': 250, 'model__max_depth': 8, 'model__max_bins': 155, 'model__learning_rate': 0.2, 'model__l2_regularization': 5, 'model': HistGradientBoostingRegressor()}",-1767.850099198917,-1853.4254125767231,-1755.7773302613434,-1792.3509473456613,43.466505609876656,107,-1519.7874843971879,-1658.6297688249572,-1307.9384990893063,-1495.4519174371505,144.19952966093106
906,3,16000,1.4383242925008137,0.16716482682331935,0.31289196014404297,0.05649890475170838,11,35,65,190,28,190,0.2,7,HistGradientBoostingRegressor(),"{'q': 11, 'model__min_samples_leaf': 35, 'model__max_leaf_nodes': 65, 'model__max_iter': 190, 'model__max_depth': 28, 'model__max_bins': 190, 'model__learning_rate': 0.2, 'model__l2_regularization': 7, 'model': HistGradientBoostingRegressor()}",-1666.7371282476752,-1670.4540255831237,-1722.8562072856594,-1686.682453705486,25.623676128532527,50,-1192.123655131277,-1261.135164562994,-1262.1853122172524,-1238.481377303841,32.78266316510828
907,3,16000,1.5810075600941975,0.1534615101761258,0.26091400782267254,0.03135897240760273,3,20,40,170,33,190,0.05,9,HistGradientBoostingRegressor(),"{'q': 3, 'model__min_samples_leaf': 20, 'model__max_leaf_nodes': 40, 'model__max_iter': 170, 'model__max_depth': 33, 'model__max_bins': 190, 'model__learning_rate': 0.05, 'model__l2_regularization': 9, 'model': HistGradientBoostingRegressor()}",-1736.0039900890172,-1747.9948257132505,-1768.4012682659752,-1750.8000280227477,13.374048958504329,82,-1511.29794844449,-1544.8191063470942,-1470.1921076118806,-1508.769720801155,30.518750371083758
908,3,16000,1.6751760641733806,0.39019419363567953,0.2773114840189616,0.031404923884371244,7,35,50,290,33,120,0.1,5,HistGradientBoostingRegressor(),"{'q': 7, 'model__min_samples_leaf': 35, 'model__max_leaf_nodes': 50, 'model__max_iter': 290, 'model__max_depth': 33, 'model__max_bins': 120, 'model__learning_rate': 0.1, 'model__l2_regularization': 5, 'model': HistGradientBoostingRegressor()}",-1696.72408388858,-1708.7723388976237,-1751.1978834057613,-1718.8981020639883,23.36303373901451,63,-1236.8859377615195,-1336.7544898072115,-1422.9414097376357,-1332.1939457687888,76.02525275419406
909,3,16000,1.6939527193705242,0.2153004806434341,0.3265993595123291,0.05752254570095525,3,10,40,210,13,155,0.05,7,HistGradientBoostingRegressor(),"{'q': 3, 'model__min_samples_leaf': 10, 'model__max_leaf_nodes': 40, 'model__max_iter': 210, 'model__max_depth': 13, 'model__max_bins': 155, 'model__learning_rate': 0.05, 'model__l2_regularization': 7, 'model': HistGradientBoostingRegressor()}",-1743.0060433251695,-1780.5727379016973,-1775.87396059525,-1766.484247274039,16.712054981209015,92,-1461.4515990828745,-1566.3364954135293,-1438.0274767790045,-1488.605190425136,55.79001826985192
910,3,16000,1.3938686052958171,0.7313641566348689,0.3072839577992757,0.036852669142500225,7,30,45,330,28,120,0.1,3,HistGradientBoostingRegressor(),"{'q': 7, 'model__min_samples_leaf': 30, 'model__max_leaf_nodes': 45, 'model__max_iter': 330, 'model__max_depth': 28, 'model__max_bins': 120, 'model__learning_rate': 0.1, 'model__l2_regularization': 3, 'model': HistGradientBoostingRegressor()}",-1786.3666330002795,-1809.2882000882748,-1683.0850415139043,-1759.5799582008196,54.89355620134871,87,-1623.189745147012,-1622.4581698776828,-1244.690444526829,-1496.7794531838415,178.2540976898803
911,3,16000,0.9199851353963217,0.11707652807280702,0.259644349416097,0.030021029648664318,10,10,25,390,48,120,0.2,5,HistGradientBoostingRegressor(),"{'q': 10, 'model__min_samples_leaf': 10, 'model__max_leaf_nodes': 25, 'model__max_iter': 390, 'model__max_depth': 48, 'model__max_bins': 120, 'model__learning_rate': 0.2, 'model__l2_regularization': 5, 'model': HistGradientBoostingRegressor()}",-1732.3086557718004,-1891.0815638801707,-1773.003753950147,-1798.797991200706,67.33605321470733,112,-1401.9374365892045,-1771.060864409467,-1446.9388463304508,-1539.9790491097076,164.42908449409438
912,3,16000,2.3414536317189536,0.45777551596274485,0.3611874580383301,0.06892871825379497,12,40,50,390,13,190,0.05,3,HistGradientBoostingRegressor(),"{'q': 12, 'model__min_samples_leaf': 40, 'model__max_leaf_nodes': 50, 'model__max_iter': 390, 'model__max_depth': 13, 'model__max_bins': 190, 'model__learning_rate': 0.05, 'model__l2_regularization': 3, 'model': HistGradientBoostingRegressor()}",-1674.5337401974605,-1715.6899867973018,-1731.4839365749667,-1707.2358878565763,24.006041719170238,55,-1346.0607822763,-1499.6149728845774,-1346.1690407917788,-1397.2815986508851,72.360636359447
913,3,16000,1.2079397042592366,0.22560561695064402,0.30712540944417316,0.08322822725314812,4,30,40,310,38,120,0.1,3,HistGradientBoostingRegressor(),"{'q': 4, 'model__min_samples_leaf': 30, 'model__max_leaf_nodes': 40, 'model__max_iter': 310, 'model__max_depth': 38, 'model__max_bins': 120, 'model__learning_rate': 0.1, 'model__l2_regularization': 3, 'model': HistGradientBoostingRegressor()}",-1709.2715580290258,-1809.2987324968742,-1709.0981883542393,-1742.5561596267132,47.19417894371868,75,-1387.6612372715874,-1627.1455305005923,-1357.376764394468,-1457.394510722216,120.66715615336344
914,3,16000,1.3732505639394124,0.25676494805029476,0.2687869866689046,0.025399329587710823,12,15,60,250,8,120,0.1,5,HistGradientBoostingRegressor(),"{'q': 12, 'model__min_samples_leaf': 15, 'model__max_leaf_nodes': 60, 'model__max_iter': 250, 'model__max_depth': 8, 'model__max_bins': 120, 'model__learning_rate': 0.1, 'model__l2_regularization': 5, 'model': HistGradientBoostingRegressor()}",-1689.533477348172,-1778.196367489666,-1753.5345995053153,-1740.4214814477175,37.3652460713163,73,-1322.848096052617,-1528.5094475457456,-1380.1089957336108,-1410.4888464439912,86.66544629160191
915,3,16000,1.1652733484903972,0.28435361358704647,0.2651228904724121,0.030162425669631975,7,5,55,90,43,120,0.2,7,HistGradientBoostingRegressor(),"{'q': 7, 'model__min_samples_leaf': 5, 'model__max_leaf_nodes': 55, 'model__max_iter': 90, 'model__max_depth': 43, 'model__max_bins': 120, 'model__learning_rate': 0.2, 'model__l2_regularization': 7, 'model': HistGradientBoostingRegressor()}",-1703.348072555651,-1796.031057043667,-1731.076464083657,-1743.485197894325,38.84169932336009,77,-1311.085667810242,-1474.5858049139451,-1193.7004504347885,-1326.4573077196585,115.18495583292389
916,3,16000,1.4403715928395588,0.20400562314560977,0.31106797854105633,0.04737704536196416,4,20,45,210,18,120,0.1,1,HistGradientBoostingRegressor(),"{'q': 4, 'model__min_samples_leaf': 20, 'model__max_leaf_nodes': 45, 'model__max_iter': 210, 'model__max_depth': 18, 'model__max_bins': 120, 'model__learning_rate': 0.1, 'model__l2_regularization': 1, 'model': HistGradientBoostingRegressor()}",-1705.9712029055747,-1805.2397866079518,-1720.2842934556909,-1743.8317609897392,43.81343285659665,78,-1388.2446170378391,-1606.180290214339,-1377.1011888604735,-1457.1753653708838,105.46056045931363
917,3,16000,1.1432530879974365,0.2341004312869492,0.28736265500386554,0.02285528853533654,8,30,20,250,28,190,0.2,7,HistGradientBoostingRegressor(),"{'q': 8, 'model__min_samples_leaf': 30, 'model__max_leaf_nodes': 20, 'model__max_iter': 250, 'model__max_depth': 28, 'model__max_bins': 190, 'model__learning_rate': 0.2, 'model__l2_regularization': 7, 'model': HistGradientBoostingRegressor()}",-1837.559517003599,-1803.8491654211975,-1742.7614721688963,-1794.7233848645644,39.235419620511664,108,-1708.1041989616017,-1567.6210567168496,-1393.1112380399911,-1556.2788312394807,128.84519371872958
918,3,16000,1.5159297784169514,0.053387385979600424,0.2743508815765381,0.004309168934290517,6,15,40,170,33,190,0.05,1,HistGradientBoostingRegressor(),"{'q': 6, 'model__min_samples_leaf': 15, 'model__max_leaf_nodes': 40, 'model__max_iter': 170, 'model__max_depth': 33, 'model__max_bins': 190, 'model__learning_rate': 0.05, 'model__l2_regularization': 1, 'model': HistGradientBoostingRegressor()}",-1731.3186006029098,-1741.8567529971253,-1752.9387149799622,-1742.038022859999,8.827305383169405,74,-1493.2435336316673,-1497.6816240831547,-1417.9083908550022,-1469.6111828566081,36.60426375241814
919,3,16000,2.0731809933980307,0.5870965585426057,0.2967514197031657,0.052232902347790315,7,30,65,370,48,120,0.05,3,HistGradientBoostingRegressor(),"{'q': 7, 'model__min_samples_leaf': 30, 'model__max_leaf_nodes': 65, 'model__max_iter': 370, 'model__max_depth': 48, 'model__max_bins': 120, 'model__learning_rate': 0.05, 'model__l2_regularization': 3, 'model': HistGradientBoostingRegressor()}",-1719.3989340116093,-1709.8632305742349,-1739.741070929458,-1723.0010785051008,12.460682693631234,67,-1424.975341472073,-1319.6837681501272,-1419.2983850270302,-1387.9858315497434,48.35242742685302
920,3,16000,1.787652889887492,0.17319923291592104,0.348556915918986,0.03174398910195402,7,15,30,350,43,120,0.05,5,HistGradientBoostingRegressor(),"{'q': 7, 'model__min_samples_leaf': 15, 'model__max_leaf_nodes': 30, 'model__max_iter': 350, 'model__max_depth': 43, 'model__max_bins': 120, 'model__learning_rate': 0.05, 'model__l2_regularization': 5, 'model': HistGradientBoostingRegressor()}",-1720.1217439593497,-1766.5351682645578,-1832.8380910367623,-1773.16500108689,46.25443933330788,94,-1406.6400505877966,-1542.0001749606556,-1608.30935473187,-1518.983193426774,83.92442289618666
921,3,16000,1.18989102045695,0.08793813608353747,0.24373793601989746,0.008463515599295712,14,10,50,190,23,155,0.2,5,HistGradientBoostingRegressor(),"{'q': 14, 'model__min_samples_leaf': 10, 'model__max_leaf_nodes': 50, 'model__max_iter': 190, 'model__max_depth': 23, 'model__max_bins': 155, 'model__learning_rate': 0.2, 'model__l2_regularization': 5, 'model': HistGradientBoostingRegressor()}",-1713.787833218736,-1754.2025838058523,-1722.4159488108912,-1730.135455278493,17.37874374693052,70,-1279.1063704421529,-1404.8535434867729,-1214.2176890569458,-1299.392534328624,79.13765889246041
922,3,16000,1.3715023199717205,0.28569014770379453,0.26259581247965497,0.031139548659703305,3,15,65,150,18,120,0.1,5,HistGradientBoostingRegressor(),"{'q': 3, 'model__min_samples_leaf': 15, 'model__max_leaf_nodes': 65, 'model__max_iter': 150, 'model__max_depth': 18, 'model__max_bins': 120, 'model__learning_rate': 0.1, 'model__l2_regularization': 5, 'model': HistGradientBoostingRegressor()}",-1726.277250768797,-1730.9802335692088,-1703.552656260133,-1720.2700468660466,11.975888924786899,66,-1445.1269283267604,-1325.8225494432918,-1201.917545994994,-1324.289007921682,99.29573581226506
923,3,16000,1.2073566913604736,0.09978221140970164,0.285876989364624,0.057514990427172036,3,25,50,110,28,190,0.1,9,HistGradientBoostingRegressor(),"{'q': 3, 'model__min_samples_leaf': 25, 'model__max_leaf_nodes': 50, 'model__max_iter': 110, 'model__max_depth': 28, 'model__max_bins': 190, 'model__learning_rate': 0.1, 'model__l2_regularization': 9, 'model': HistGradientBoostingRegressor()}",-1723.1657172054418,-1700.7084945695174,-1735.7967149817423,-1719.8903089189005,14.510732292729106,65,-1417.3630701306902,-1439.2235306650991,-1383.35928073304,-1413.315293842943,22.985386296146675
924,3,16000,1.6625378131866455,0.2601343026140584,0.2691942056020101,0.029859076800038364,13,5,45,270,23,225,0.05,5,HistGradientBoostingRegressor(),"{'q': 13, 'model__min_samples_leaf': 5, 'model__max_leaf_nodes': 45, 'model__max_iter': 270, 'model__max_depth': 23, 'model__max_bins': 225, 'model__learning_rate': 0.05, 'model__l2_regularization': 5, 'model': HistGradientBoostingRegressor()}",-1731.9863077000791,-1722.1555857403441,-1692.911180625148,-1715.6843580218572,16.595661684486274,60,-1470.2032144446127,-1489.75015263519,-1279.6592419045965,-1413.2042029947997,94.76712922595927
925,3,16000,1.951748291651408,0.16458347688270003,0.3293779691060384,0.04179501861908098,5,25,55,230,13,190,0.05,9,HistGradientBoostingRegressor(),"{'q': 5, 'model__min_samples_leaf': 25, 'model__max_leaf_nodes': 55, 'model__max_iter': 230, 'model__max_depth': 13, 'model__max_bins': 190, 'model__learning_rate': 0.05, 'model__l2_regularization': 9, 'model': HistGradientBoostingRegressor()}",-1713.7848151004978,-1694.784698422735,-1710.0455169031952,-1706.2050101421428,8.218403234141405,54,-1463.7505532646794,-1419.6623547817474,-1362.7316833313107,-1415.3815304592456,41.35171994257559
926,3,16000,1.070552905400594,0.1418141188713258,0.24915544191996256,0.03772664369104141,12,10,35,270,48,120,0.1,1,HistGradientBoostingRegressor(),"{'q': 12, 'model__min_samples_leaf': 10, 'model__max_leaf_nodes': 35, 'model__max_iter': 270, 'model__max_depth': 48, 'model__max_bins': 120, 'model__learning_rate': 0.1, 'model__l2_regularization': 1, 'model': HistGradientBoostingRegressor()}",-1741.2443949068502,-1799.6612328093438,-1750.7665510815998,-1763.8907262659313,25.59055448576447,90,-1411.747182392419,-1593.68494051743,-1397.569912353535,-1467.6673450877945,89.29566811008357
927,3,16000,1.5109726587931316,0.4131764845969341,0.3126564025878906,0.09076305954211981,13,35,60,190,28,225,0.1,5,HistGradientBoostingRegressor(),"{'q': 13, 'model__min_samples_leaf': 35, 'model__max_leaf_nodes': 60, 'model__max_iter': 190, 'model__max_depth': 28, 'model__max_bins': 225, 'model__learning_rate': 0.1, 'model__l2_regularization': 5, 'model': HistGradientBoostingRegressor()}",-1652.783285406442,-1689.298333952005,-1750.6746269312202,-1697.5854154298893,40.39129836937663,53,-1235.3673098658523,-1332.3403411178956,-1433.7305284606316,-1333.81272648146,80.98813724578916
928,3,16000,1.4036373297373455,0.20129308065927454,0.2740953763326009,0.04491305648209848,7,25,40,190,43,225,0.1,9,HistGradientBoostingRegressor(),"{'q': 7, 'model__min_samples_leaf': 25, 'model__max_leaf_nodes': 40, 'model__max_iter': 190, 'model__max_depth': 43, 'model__max_bins': 225, 'model__learning_rate': 0.1, 'model__l2_regularization': 9, 'model': HistGradientBoostingRegressor()}",-1673.2330760043983,-1674.462841289828,-1713.671782558115,-1687.1225666174469,18.77984257943379,51,-1357.6066694364051,-1364.3998806449392,-1389.6611762961584,-1370.555908792501,13.791189564855545
929,3,16000,1.8960585594177246,0.2879345678128532,0.29439473152160645,0.056191927783191015,6,30,35,310,28,155,0.1,3,HistGradientBoostingRegressor(),"{'q': 6, 'model__min_samples_leaf': 30, 'model__max_leaf_nodes': 35, 'model__max_iter': 310, 'model__max_depth': 28, 'model__max_bins': 155, 'model__learning_rate': 0.1, 'model__l2_regularization': 3, 'model': HistGradientBoostingRegressor()}",-1703.5131990999994,-1726.5796925705063,-1709.799639271604,-1713.2975103140368,9.736258919740857,58,-1316.7940919140635,-1444.225395818984,-1321.366666215516,-1360.7953846495213,59.02345399211003
930,3,16000,2.4778446356455484,0.9729962915361238,0.32240041097005206,0.01745296929301446,9,35,40,370,48,225,0.05,1,HistGradientBoostingRegressor(),"{'q': 9, 'model__min_samples_leaf': 35, 'model__max_leaf_nodes': 40, 'model__max_iter': 370, 'model__max_depth': 48, 'model__max_bins': 225, 'model__learning_rate': 0.05, 'model__l2_regularization': 1, 'model': HistGradientBoostingRegressor()}",-1659.865409102999,-1770.626388052328,-1709.023635245124,-1713.1718108001503,45.31301604601716,57,-1340.0176044769084,-1647.8199915702332,-1315.7712539858408,-1434.5362833443276,151.13884681307428
931,3,16000,1.4622662862141926,0.1727560666285449,0.3292284806569417,0.08924425069154135,9,30,40,190,48,155,0.1,7,HistGradientBoostingRegressor(),"{'q': 9, 'model__min_samples_leaf': 30, 'model__max_leaf_nodes': 40, 'model__max_iter': 190, 'model__max_depth': 48, 'model__max_bins': 155, 'model__learning_rate': 0.1, 'model__l2_regularization': 7, 'model': HistGradientBoostingRegressor()}",-1761.1842226979034,-1749.9038393852609,-1739.2230018996377,-1750.1036879942674,8.966744460781578,80,-1555.1126295812337,-1501.6079717097386,-1394.8069473765795,-1483.8425162225174,66.63926016634254
932,3,16000,1.6222650210062664,0.4900649895191114,0.31409772237141925,0.08793318833800752,7,25,55,290,13,155,0.05,3,HistGradientBoostingRegressor(),"{'q': 7, 'model__min_samples_leaf': 25, 'model__max_leaf_nodes': 55, 'model__max_iter': 290, 'model__max_depth': 13, 'model__max_bins': 155, 'model__learning_rate': 0.05, 'model__l2_regularization': 3, 'model': HistGradientBoostingRegressor()}",-1777.89897842745,-1714.6579312549338,-1765.4291019606671,-1752.662003881017,27.350887942937153,84,-1591.446119831421,-1380.1675146913826,-1479.0359778025777,-1483.549870775127,86.31316496651704
933,3,16000,1.3984920183817546,0.23302877711023431,0.3779432773590088,0.07560140727776389,3,25,55,210,43,225,0.1,7,HistGradientBoostingRegressor(),"{'q': 3, 'model__min_samples_leaf': 25, 'model__max_leaf_nodes': 55, 'model__max_iter': 210, 'model__max_depth': 43, 'model__max_bins': 225, 'model__learning_rate': 0.1, 'model__l2_regularization': 7, 'model': HistGradientBoostingRegressor()}",-1654.7563596447562,-1678.7091624504194,-1699.7208848583743,-1677.7288023178498,18.369775201195274,49,-1291.1948820932473,-1379.9841432947483,-1246.8190157143804,-1305.9993470341253,55.36314621065279
934,3,16000,1.2893446286519368,0.2863576660273146,0.2841453552246094,0.06265612733932656,3,10,35,210,38,190,0.1,3,HistGradientBoostingRegressor(),"{'q': 3, 'model__min_samples_leaf': 10, 'model__max_leaf_nodes': 35, 'model__max_iter': 210, 'model__max_depth': 38, 'model__max_bins': 190, 'model__learning_rate': 0.1, 'model__l2_regularization': 3, 'model': HistGradientBoostingRegressor()}",-1647.9233682582753,-1779.9975405206844,-1702.2604242555271,-1710.060444344829,54.2004119279873,56,-1251.867614987528,-1618.6227523575546,-1258.6575563243694,-1376.3826412231508,171.31205329776756
935,3,16000,1.0484097798665364,0.05845695037843541,0.2527058919270833,0.018163575149605496,13,5,35,270,48,155,0.2,1,HistGradientBoostingRegressor(),"{'q': 13, 'model__min_samples_leaf': 5, 'model__max_leaf_nodes': 35, 'model__max_iter': 270, 'model__max_depth': 48, 'model__max_bins': 155, 'model__learning_rate': 0.2, 'model__l2_regularization': 1, 'model': HistGradientBoostingRegressor()}",-1732.9049168286474,-1720.6517547883332,-1694.489374219016,-1716.015348611999,16.022082161235318,62,-1326.9195697674872,-1225.4395294553276,-1149.485121675001,-1233.9480736326052,72.68673577062881
936,3,16000,2.013606071472168,0.6395412713570862,0.3234412670135498,0.06978491013932202,8,30,45,390,28,190,0.05,1,HistGradientBoostingRegressor(),"{'q': 8, 'model__min_samples_leaf': 30, 'model__max_leaf_nodes': 45, 'model__max_iter': 390, 'model__max_depth': 28, 'model__max_bins': 190, 'model__learning_rate': 0.05, 'model__l2_regularization': 1, 'model': HistGradientBoostingRegressor()}",-1659.8364700144018,-1666.165515650874,-1761.638724666059,-1695.8802367771116,46.57000645442491,52,-1282.2694931927879,-1319.768794619298,-1479.3791828449178,-1360.4724902190012,85.46207956473917
937,3,16000,1.125584602355957,0.2581184507321549,0.2833257516225179,0.0536618834333844,5,10,40,310,43,190,0.1,9,HistGradientBoostingRegressor(),"{'q': 5, 'model__min_samples_leaf': 10, 'model__max_leaf_nodes': 40, 'model__max_iter': 310, 'model__max_depth': 43, 'model__max_bins': 190, 'model__learning_rate': 0.1, 'model__l2_regularization': 9, 'model': HistGradientBoostingRegressor()}",-1666.0094705138383,-1793.3431114339396,-1740.746753577687,-1733.366445175155,52.245036393133,71,-1241.3315497779924,-1595.7361423463533,-1354.120621827924,-1397.0627713174233,147.83701602433752
938,4,32000,1.5957528750101726,0.13998324104010226,0.3960043589274089,0.06135853513701402,9,30,40,190,48,155,0.1,7,HistGradientBoostingRegressor(),"{'q': 9, 'model__min_samples_leaf': 30, 'model__max_leaf_nodes': 40, 'model__max_iter': 190, 'model__max_depth': 48, 'model__max_bins': 155, 'model__learning_rate': 0.1, 'model__l2_regularization': 7, 'model': HistGradientBoostingRegressor()}",-1595.9779098415372,-1630.0311223350072,-1600.3038129025217,-1608.7709483596889,15.136591589453396,36,-1393.755415590458,-1498.4150461783158,-1421.8419789544537,-1438.0041469077423,44.229110499831506
939,4,32000,2.6390738487243652,0.45384818446960307,0.5355645815531412,0.049353455445247496,10,25,50,350,13,85,0.05,9,HistGradientBoostingRegressor(),"{'q': 10, 'model__min_samples_leaf': 25, 'model__max_leaf_nodes': 50, 'model__max_iter': 350, 'model__max_depth': 13, 'model__max_bins': 85, 'model__learning_rate': 0.05, 'model__l2_regularization': 9, 'model': HistGradientBoostingRegressor()}",-1607.2555415773184,-1653.3497136320207,-1570.7913966454566,-1610.465550618265,33.780635917102146,37,-1381.2343463638624,-1536.3609301675303,-1335.2694431281743,-1417.6215732198555,86.03282028244419
940,4,32000,1.6092909971872966,0.2642678606461074,0.444502592086792,0.0538385476877389,4,20,45,210,18,120,0.1,1,HistGradientBoostingRegressor(),"{'q': 4, 'model__min_samples_leaf': 20, 'model__max_leaf_nodes': 45, 'model__max_iter': 210, 'model__max_depth': 18, 'model__max_bins': 120, 'model__learning_rate': 0.1, 'model__l2_regularization': 1, 'model': HistGradientBoostingRegressor()}",-1601.9942672039035,-1604.961195967257,-1580.17492139989,-1595.7101281903504,11.051625946392758,27,-1432.1375218261096,-1409.7229151789268,-1321.460549591505,-1387.773662198847,47.77499573028071
941,4,32000,1.43315323193868,0.1364929360452215,0.4417634805043538,0.04549283148378672,7,5,55,90,43,120,0.2,7,HistGradientBoostingRegressor(),"{'q': 7, 'model__min_samples_leaf': 5, 'model__max_leaf_nodes': 55, 'model__max_iter': 90, 'model__max_depth': 43, 'model__max_bins': 120, 'model__learning_rate': 0.2, 'model__l2_regularization': 7, 'model': HistGradientBoostingRegressor()}",-1620.8250677187493,-1591.111938668129,-1588.5286297482328,-1600.155212045037,14.65379521768966,30,-1416.796349477486,-1327.32446782023,-1277.829394488605,-1340.6500705954402,57.510186991595646
942,4,32000,2.3093464374542236,0.09093806838041683,0.45569459597269696,0.07309277662611645,9,30,65,270,48,85,0.05,5,HistGradientBoostingRegressor(),"{'q': 9, 'model__min_samples_leaf': 30, 'model__max_leaf_nodes': 65, 'model__max_iter': 270, 'model__max_depth': 48, 'model__max_bins': 85, 'model__learning_rate': 0.05, 'model__l2_regularization': 5, 'model': HistGradientBoostingRegressor()}",-1626.6005897185232,-1616.3570695100361,-1611.3262345226697,-1618.0946312504095,6.355618105974278,40,-1435.9624726078014,-1444.1570755429213,-1417.0705971624325,-1432.3967151043853,11.341819304210707
943,4,32000,1.787718137105306,0.5628633427423049,0.45860902468363446,0.03499101935992983,4,30,40,310,38,120,0.1,3,HistGradientBoostingRegressor(),"{'q': 4, 'model__min_samples_leaf': 30, 'model__max_leaf_nodes': 40, 'model__max_iter': 310, 'model__max_depth': 38, 'model__max_bins': 120, 'model__learning_rate': 0.1, 'model__l2_regularization': 3, 'model': HistGradientBoostingRegressor()}",-1629.070062206408,-1590.224748881354,-1641.8151677145188,-1620.3699929340935,21.941759772218916,41,-1485.7164482597946,-1353.440419334006,-1465.4295547774884,-1434.8621407904295,58.16649697484046
944,4,32000,2.027455965677897,0.05953854163342777,0.4083094596862793,0.019970356737209816,6,15,40,170,33,190,0.05,1,HistGradientBoostingRegressor(),"{'q': 6, 'model__min_samples_leaf': 15, 'model__max_leaf_nodes': 40, 'model__max_iter': 170, 'model__max_depth': 33, 'model__max_bins': 190, 'model__learning_rate': 0.05, 'model__l2_regularization': 1, 'model': HistGradientBoostingRegressor()}",-1648.523231407792,-1645.7807506196334,-1631.2861561817203,-1641.8633794030484,7.562562992518225,46,-1507.154975854735,-1515.059440505965,-1468.8930533823075,-1497.0358232476692,20.159890246504666
945,4,32000,1.8136460781097412,0.22791877652916465,0.47300267219543457,0.12280750661537038,12,15,60,250,8,120,0.1,5,HistGradientBoostingRegressor(),"{'q': 12, 'model__min_samples_leaf': 15, 'model__max_leaf_nodes': 60, 'model__max_iter': 250, 'model__max_depth': 8, 'model__max_bins': 120, 'model__learning_rate': 0.1, 'model__l2_regularization': 5, 'model': HistGradientBoostingRegressor()}",-1572.7313809152272,-1638.6975733899087,-1579.3148854067583,-1596.914613237298,29.66701256933351,28,-1305.1968259374473,-1438.819159403997,-1326.4900276470532,-1356.8353376628327,58.61945285896577
946,4,32000,1.3930819829305012,0.1632385077229854,0.4150837262471517,0.02301110210507215,6,20,50,90,8,190,0.2,5,HistGradientBoostingRegressor(),"{'q': 6, 'model__min_samples_leaf': 20, 'model__max_leaf_nodes': 50, 'model__max_iter': 90, 'model__max_depth': 8, 'model__max_bins': 190, 'model__learning_rate': 0.2, 'model__l2_regularization': 5, 'model': HistGradientBoostingRegressor()}",-1611.049835792541,-1625.7677960635033,-1704.7512100549154,-1647.1896139703201,41.14330724422461,48,-1402.0695809917827,-1419.4817206174976,-1554.4797457020713,-1458.6770157704505,68.11469713333852
947,4,32000,1.780527671178182,0.2277441426318015,0.44191892941792804,0.007489572784018084,5,10,40,310,43,190,0.1,9,HistGradientBoostingRegressor(),"{'q': 5, 'model__min_samples_leaf': 10, 'model__max_leaf_nodes': 40, 'model__max_iter': 310, 'model__max_depth': 43, 'model__max_bins': 190, 'model__learning_rate': 0.1, 'model__l2_regularization': 9, 'model': HistGradientBoostingRegressor()}",-1606.5896839105635,-1581.9912234403255,-1659.5590573664588,-1616.0466549057826,32.365289434839084,39,-1402.3168502846581,-1390.913098438013,-1475.9031261278835,-1423.044358283518,37.66561997864315
948,4,32000,1.8045364220937092,0.12662866234365353,0.42098363240559894,0.059067202107704865,14,10,50,190,23,155,0.2,5,HistGradientBoostingRegressor(),"{'q': 14, 'model__min_samples_leaf': 10, 'model__max_leaf_nodes': 50, 'model__max_iter': 190, 'model__max_depth': 23, 'model__max_bins': 155, 'model__learning_rate': 0.2, 'model__l2_regularization': 5, 'model': HistGradientBoostingRegressor()}",-1553.0518533304619,-1532.341082120819,-1574.4143012888221,-1553.2690789133678,17.17700658836511,17,-1206.997742521647,-1256.9630420483459,-1282.9207524764938,-1248.9605123488288,31.507736841868724
949,4,32000,2.898734966913859,0.41305532338369433,0.5543593565622965,0.09803400794332075,11,60,60,290,48,190,0.05,1,HistGradientBoostingRegressor(),"{'q': 11, 'model__min_samples_leaf': 60, 'model__max_leaf_nodes': 60, 'model__max_iter': 290, 'model__max_depth': 48, 'model__max_bins': 190, 'model__learning_rate': 0.05, 'model__l2_regularization': 1, 'model': HistGradientBoostingRegressor()}",-1592.500716630733,-1604.2335345326678,-1589.653695884582,-1595.4626490159942,6.309923736580803,26,-1393.7116055172667,-1400.7810129379466,-1398.7351381657631,-1397.7425855403253,2.9701852754318736
950,4,32000,1.419427712758382,0.17846219226976565,0.37419406572977704,0.040870916064137564,5,5,60,350,33,120,0.2,3,HistGradientBoostingRegressor(),"{'q': 5, 'model__min_samples_leaf': 5, 'model__max_leaf_nodes': 60, 'model__max_iter': 350, 'model__max_depth': 33, 'model__max_bins': 120, 'model__learning_rate': 0.2, 'model__l2_regularization': 3, 'model': HistGradientBoostingRegressor()}",-1544.5431080960439,-1632.4958077104316,-1620.2943159528584,-1599.1110772531113,38.90558266472415,29,-1135.7852856140669,-1403.3289038105875,-1346.2422359538264,-1295.1188084594935,115.05100474281721
951,4,32000,2.173001209894816,0.14209372335356213,0.6165138085683187,0.17309505878533654,7,30,65,370,48,120,0.05,3,HistGradientBoostingRegressor(),"{'q': 7, 'model__min_samples_leaf': 30, 'model__max_leaf_nodes': 65, 'model__max_iter': 370, 'model__max_depth': 48, 'model__max_bins': 120, 'model__learning_rate': 0.05, 'model__l2_regularization': 3, 'model': HistGradientBoostingRegressor()}",-1622.0132501691633,-1638.6664665030344,-1622.2635796577138,-1627.6477654433038,7.792068445797527,43,-1468.1764160622663,-1468.6073507336534,-1432.0938905231699,-1456.2925524396967,17.111942322746792
952,4,32000,2.1011339823404946,0.33298798999820506,0.5902032852172852,0.07629191260784035,3,15,65,150,18,120,0.1,5,HistGradientBoostingRegressor(),"{'q': 3, 'model__min_samples_leaf': 15, 'model__max_leaf_nodes': 65, 'model__max_iter': 150, 'model__max_depth': 18, 'model__max_bins': 120, 'model__learning_rate': 0.1, 'model__l2_regularization': 5, 'model': HistGradientBoostingRegressor()}",-1575.2029377468994,-1577.384344469647,-1600.5612166596734,-1584.3828329587402,11.474455926200736,22,-1340.056277412348,-1312.2430331685268,-1371.7637813078434,-1341.354363962906,24.316573720894468
953,4,32000,1.8591303030649822,0.21421955053332803,0.4909846782684326,0.05160788515920472,3,25,50,110,28,190,0.1,9,HistGradientBoostingRegressor(),"{'q': 3, 'model__min_samples_leaf': 25, 'model__max_leaf_nodes': 50, 'model__max_iter': 110, 'model__max_depth': 28, 'model__max_bins': 190, 'model__learning_rate': 0.1, 'model__l2_regularization': 9, 'model': HistGradientBoostingRegressor()}",-1704.5359535316709,-1626.759593417567,-1605.5915464793202,-1645.629031142853,42.5404958581557,47,-1577.1471277788621,-1467.1744537467648,-1419.9950898654733,-1488.1055571303668,65.84210442021666
954,4,32000,2.9812143643697104,0.1274077392575616,0.5049890677134196,0.07509448605805345,11,45,60,270,13,190,0.05,3,HistGradientBoostingRegressor(),"{'q': 11, 'model__min_samples_leaf': 45, 'model__max_leaf_nodes': 60, 'model__max_iter': 270, 'model__max_depth': 13, 'model__max_bins': 190, 'model__learning_rate': 0.05, 'model__l2_regularization': 3, 'model': HistGradientBoostingRegressor()}",-1607.0537219439361,-1610.1842020765487,-1588.0175871312676,-1601.751837050584,9.795311534942094,32,-1416.4683528729993,-1437.2107378956364,-1378.8364686355912,-1410.8385198014087,24.161403011435983
955,4,32000,2.383656660715739,0.8007132582196678,0.4950907230377197,0.11477410351094032,7,35,50,290,33,120,0.1,5,HistGradientBoostingRegressor(),"{'q': 7, 'model__min_samples_leaf': 35, 'model__max_leaf_nodes': 50, 'model__max_iter': 290, 'model__max_depth': 33, 'model__max_bins': 120, 'model__learning_rate': 0.1, 'model__l2_regularization': 5, 'model': HistGradientBoostingRegressor()}",-1566.8770747263297,-1575.4323795339826,-1667.5246434868302,-1603.2780325823808,45.56327885200789,33,-1269.191610341497,-1303.5456901362124,-1518.0047356071914,-1363.5806786949668,110.09130366672285
956,4,32000,1.4100775718688965,0.22276670927415157,0.44719425837198895,0.023224253928339635,13,5,35,270,48,155,0.2,1,HistGradientBoostingRegressor(),"{'q': 13, 'model__min_samples_leaf': 5, 'model__max_leaf_nodes': 35, 'model__max_iter': 270, 'model__max_depth': 48, 'model__max_bins': 155, 'model__learning_rate': 0.2, 'model__l2_regularization': 1, 'model': HistGradientBoostingRegressor()}",-1615.492687428586,-1590.5259444392084,-1554.9904626613968,-1587.0030315097304,24.82522892914088,23,-1418.1010479631464,-1387.306647921236,-1241.5211087059079,-1348.9762681967634,77.01528958325613
957,4,32000,2.1184070905049643,0.3263138273677188,0.5115183194478353,0.026118411729977236,12,50,35,330,38,190,0.1,5,HistGradientBoostingRegressor(),"{'q': 12, 'model__min_samples_leaf': 50, 'model__max_leaf_nodes': 35, 'model__max_iter': 330, 'model__max_depth': 38, 'model__max_bins': 190, 'model__learning_rate': 0.1, 'model__l2_regularization': 5, 'model': HistGradientBoostingRegressor()}",-1597.9164192197572,-1607.058093948357,-1613.0439015248553,-1606.0061382309898,6.220403971138843,34,-1384.9404105339238,-1447.8523493485275,-1436.646693270843,-1423.1464843844315,27.40036181434675
958,4,32000,2.324556907018026,0.4578381886782213,0.43042953809102374,0.08364527474260368,13,5,45,270,23,225,0.05,5,HistGradientBoostingRegressor(),"{'q': 13, 'model__min_samples_leaf': 5, 'model__max_leaf_nodes': 45, 'model__max_iter': 270, 'model__max_depth': 23, 'model__max_bins': 225, 'model__learning_rate': 0.05, 'model__l2_regularization': 5, 'model': HistGradientBoostingRegressor()}",-1618.0163352604636,-1629.7630056629414,-1669.9315707991516,-1639.2369705741855,22.22783433166588,45,-1421.3708340869814,-1467.5255171185777,-1507.4985120425906,-1465.46495441605,35.191653049121086
959,4,32000,1.811172087987264,0.023031333722004322,0.5296492576599121,0.06436241847709334,14,50,45,150,28,190,0.1,5,HistGradientBoostingRegressor(),"{'q': 14, 'model__min_samples_leaf': 50, 'model__max_leaf_nodes': 45, 'model__max_iter': 150, 'model__max_depth': 28, 'model__max_bins': 190, 'model__learning_rate': 0.1, 'model__l2_regularization': 5, 'model': HistGradientBoostingRegressor()}",-1620.238683447297,-1620.1280994550664,-1597.6614740616,-1612.6760856546546,10.61702965907595,38,-1441.8083606018436,-1461.4544969046037,-1401.207791975259,-1434.8235498272354,25.086610637000447
960,4,32000,2.233208974202474,0.2371977274677071,0.4824959437052409,0.061312118214887266,6,30,35,310,28,155,0.1,3,HistGradientBoostingRegressor(),"{'q': 6, 'model__min_samples_leaf': 30, 'model__max_leaf_nodes': 35, 'model__max_iter': 310, 'model__max_depth': 28, 'model__max_bins': 155, 'model__learning_rate': 0.1, 'model__l2_regularization': 3, 'model': HistGradientBoostingRegressor()}",-1557.4663032162152,-1600.0721646897955,-1573.054892261089,-1576.864453389033,17.601125436879233,20,-1300.7740738806788,-1433.862972199571,-1321.1084889665417,-1351.9151783489306,58.537468325630826
961,4,32000,2.8435160319010415,0.09709291593029634,0.5146509011586508,0.09355276121124594,9,35,40,370,48,225,0.05,1,HistGradientBoostingRegressor(),"{'q': 9, 'model__min_samples_leaf': 35, 'model__max_leaf_nodes': 40, 'model__max_iter': 370, 'model__max_depth': 48, 'model__max_bins': 225, 'model__learning_rate': 0.05, 'model__l2_regularization': 1, 'model': HistGradientBoostingRegressor()}",-1577.225170309335,-1596.954060962878,-1575.4173331554503,-1583.198854809221,9.754361111521417,21,-1394.0294444766425,-1410.9517609933566,-1367.8604363235274,-1390.9472139311756,17.72645244263903
962,4,32000,1.5742363929748535,0.25510399191120753,0.38512547810872394,0.017202902388582988,3,10,35,210,38,190,0.1,3,HistGradientBoostingRegressor(),"{'q': 3, 'model__min_samples_leaf': 10, 'model__max_leaf_nodes': 35, 'model__max_iter': 210, 'model__max_depth': 38, 'model__max_bins': 190, 'model__learning_rate': 0.1, 'model__l2_regularization': 3, 'model': HistGradientBoostingRegressor()}",-1605.6467796876777,-1720.9608680954238,-1565.6702013134711,-1630.759283032191,65.8370522100689,44,-1397.4656165036622,-1610.6530760381424,-1339.1480806176983,-1449.088924386501,116.69751517531304
963,4,32000,2.5752576192220054,0.5755444793073573,0.4362498124440511,0.024648291240034877,12,40,50,390,13,190,0.05,3,HistGradientBoostingRegressor(),"{'q': 12, 'model__min_samples_leaf': 40, 'model__max_leaf_nodes': 50, 'model__max_iter': 390, 'model__max_depth': 13, 'model__max_bins': 190, 'model__learning_rate': 0.05, 'model__l2_regularization': 3, 'model': HistGradientBoostingRegressor()}",-1628.4756710959066,-1616.915063764432,-1558.2914890887514,-1601.2274079830302,30.724927544695568,31,-1476.0339142754617,-1483.3420669062184,-1315.1383129111182,-1424.8380980309328,77.62681845521656
964,4,32000,2.5379313627878823,0.006349759336425744,0.46822333335876465,0.021370443360341877,5,25,55,230,13,190,0.05,9,HistGradientBoostingRegressor(),"{'q': 5, 'model__min_samples_leaf': 25, 'model__max_leaf_nodes': 55, 'model__max_iter': 230, 'model__max_depth': 13, 'model__max_bins': 190, 'model__learning_rate': 0.05, 'model__l2_regularization': 9, 'model': HistGradientBoostingRegressor()}",-1612.9040508891007,-1606.5575239416623,-1603.4877116365096,-1607.6497621557576,3.9210202300948414,35,-1420.7546645979608,-1440.5035196385866,-1397.5454185731157,-1419.6012009365543,17.556527192688957
965,4,32000,2.0126964251200357,0.27483191190445255,0.4382346471150716,0.03332115810090929,13,35,60,190,28,225,0.1,5,HistGradientBoostingRegressor(),"{'q': 13, 'model__min_samples_leaf': 35, 'model__max_leaf_nodes': 60, 'model__max_iter': 190, 'model__max_depth': 28, 'model__max_bins': 225, 'model__learning_rate': 0.1, 'model__l2_regularization': 5, 'model': HistGradientBoostingRegressor()}",-1608.0287754298997,-1599.9630001878243,-1554.9232266015815,-1587.6383340731018,23.3662559434007,24,-1433.696595849089,-1386.2003724538008,-1268.7310737839368,-1362.8760140289423,69.33697974147945
966,4,32000,2.1084956328074136,0.353458042886727,0.4619276523590088,0.029853743855777288,8,30,45,390,28,190,0.05,1,HistGradientBoostingRegressor(),"{'q': 8, 'model__min_samples_leaf': 30, 'model__max_leaf_nodes': 45, 'model__max_iter': 390, 'model__max_depth': 28, 'model__max_bins': 190, 'model__learning_rate': 0.05, 'model__l2_regularization': 1, 'model': HistGradientBoostingRegressor()}",-1618.1536104027343,-1673.9550492108579,-1587.9607624907494,-1626.6898073681139,35.622131052655746,42,-1435.6732616846336,-1563.5943594379837,-1392.571571909897,-1463.9463976775048,72.62564344005408
967,4,32000,1.9512020746866863,0.10287194867196985,0.4498125712076823,0.05525208662506757,7,25,40,190,43,225,0.1,9,HistGradientBoostingRegressor(),"{'q': 7, 'model__min_samples_leaf': 25, 'model__max_leaf_nodes': 40, 'model__max_iter': 190, 'model__max_depth': 43, 'model__max_bins': 225, 'model__learning_rate': 0.1, 'model__l2_regularization': 9, 'model': HistGradientBoostingRegressor()}",-1580.0416292983293,-1628.138242186551,-1574.9139733505508,-1594.3646149451436,23.9731326928132,25,-1379.2069614783888,-1460.2787976451236,-1352.8497934028583,-1397.445184175457,45.714493059145944
968,4,32000,1.970965305964152,0.5748425158454795,0.4341746966044108,0.09560043002385545,11,35,65,190,28,190,0.2,7,HistGradientBoostingRegressor(),"{'q': 11, 'model__min_samples_leaf': 35, 'model__max_leaf_nodes': 65, 'model__max_iter': 190, 'model__max_depth': 28, 'model__max_bins': 190, 'model__learning_rate': 0.2, 'model__l2_regularization': 7, 'model': HistGradientBoostingRegressor()}",-1543.8483086678887,-1558.5790822985264,-1595.7464742864227,-1566.0579550842795,21.837354117067417,18,-1147.6754032330587,-1183.199732354268,-1357.4693463918218,-1229.4481606597162,91.67901427287386
969,4,32000,1.470119794209798,0.07457555138691561,0.4093787670135498,0.08571006365802263,3,25,55,210,43,225,0.1,7,HistGradientBoostingRegressor(),"{'q': 3, 'model__min_samples_leaf': 25, 'model__max_leaf_nodes': 55, 'model__max_iter': 210, 'model__max_depth': 43, 'model__max_bins': 225, 'model__learning_rate': 0.1, 'model__l2_regularization': 7, 'model': HistGradientBoostingRegressor()}",-1601.104798641368,-1579.1287753266693,-1546.3235477684382,-1575.5190405788253,22.509538726401654,19,-1432.6460252613845,-1368.027145395145,-1269.0974145653377,-1356.5901950739558,67.25642417711875
970,5,64000,3.6825703779856362,0.032973054638468564,1.214159647623698,0.014945398047295964,11,45,60,270,13,190,0.05,3,HistGradientBoostingRegressor(),"{'q': 11, 'model__min_samples_leaf': 45, 'model__max_leaf_nodes': 60, 'model__max_iter': 270, 'model__max_depth': 13, 'model__max_bins': 190, 'model__learning_rate': 0.05, 'model__l2_regularization': 3, 'model': HistGradientBoostingRegressor()}",-1504.9399742622131,-1506.3740378017644,-1499.4695877660033,-1503.5945332766603,2.9749527904696142,13,-1380.9725757601216,-1391.3421095033523,-1370.2994071543965,-1380.8713641392899,8.590945364387283
971,5,64000,3.9706227779388428,0.6170484193492785,1.1486509641011555,0.15258231735486263,12,40,50,390,13,190,0.05,3,HistGradientBoostingRegressor(),"{'q': 12, 'model__min_samples_leaf': 40, 'model__max_leaf_nodes': 50, 'model__max_iter': 390, 'model__max_depth': 13, 'model__max_bins': 190, 'model__learning_rate': 0.05, 'model__l2_regularization': 3, 'model': HistGradientBoostingRegressor()}",-1522.2139045962936,-1497.1979559205452,-1507.5572784509006,-1508.9897129892463,10.262823638970062,14,-1410.0383956443818,-1365.506014416314,-1390.7628222771248,-1388.76907744594,18.23484774270405
972,5,64000,2.259527047475179,0.19906834062351406,0.7356704076131185,0.06387063701844956,7,5,55,90,43,120,0.2,7,HistGradientBoostingRegressor(),"{'q': 7, 'model__min_samples_leaf': 5, 'model__max_leaf_nodes': 55, 'model__max_iter': 90, 'model__max_depth': 43, 'model__max_bins': 120, 'model__learning_rate': 0.2, 'model__l2_regularization': 7, 'model': HistGradientBoostingRegressor()}",-1509.4380821746292,-1511.82218389958,-1522.7699972951984,-1514.6767544564693,5.804964541591925,16,-1340.5012928924675,-1346.4710179672843,-1338.382504561769,-1341.7849384738404,3.4245994181055335
973,5,64000,3.062743584314982,0.5224462502547882,0.8551613489786783,0.03679850050346773,5,5,60,350,33,120,0.2,3,HistGradientBoostingRegressor(),"{'q': 5, 'model__min_samples_leaf': 5, 'model__max_leaf_nodes': 60, 'model__max_iter': 350, 'model__max_depth': 33, 'model__max_bins': 120, 'model__learning_rate': 0.2, 'model__l2_regularization': 3, 'model': HistGradientBoostingRegressor()}",-1441.1742924619157,-1499.5437152982747,-1438.5152420307388,-1459.7444165969764,28.163283072530916,2,-1080.0029308825085,-1311.0374062907126,-1103.4724675323764,-1164.8376015685324,103.82193719133598
974,5,64000,3.1114113330841064,0.29609477389135014,0.9566057523091634,0.1330476865873952,12,15,60,250,8,120,0.1,5,HistGradientBoostingRegressor(),"{'q': 12, 'model__min_samples_leaf': 15, 'model__max_leaf_nodes': 60, 'model__max_iter': 250, 'model__max_depth': 8, 'model__max_bins': 120, 'model__learning_rate': 0.1, 'model__l2_regularization': 5, 'model': HistGradientBoostingRegressor()}",-1484.3314511078092,-1509.7664928035938,-1465.2712446205219,-1486.4563961773083,18.22714681237087,7,-1319.47375468089,-1377.1882017415655,-1262.3190263315278,-1319.6603275846612,46.89533005841714
975,5,64000,3.1243983109792075,0.06856897327188347,0.8719316323598226,0.026722869258028935,4,20,45,210,18,120,0.1,1,HistGradientBoostingRegressor(),"{'q': 4, 'model__min_samples_leaf': 20, 'model__max_leaf_nodes': 45, 'model__max_iter': 210, 'model__max_depth': 18, 'model__max_bins': 120, 'model__learning_rate': 0.1, 'model__l2_regularization': 1, 'model': HistGradientBoostingRegressor()}",-1475.8231664426053,-1509.4103063624368,-1486.4974771635323,-1490.576983322858,14.01203696532779,9,-1318.6667922092076,-1371.214561406429,-1327.0183552069602,-1338.9665696075324,23.0562628140041
976,5,64000,4.218042771021525,0.24599356160810662,1.0842477480570476,0.12627581233672472,11,60,60,290,48,190,0.05,1,HistGradientBoostingRegressor(),"{'q': 11, 'model__min_samples_leaf': 60, 'model__max_leaf_nodes': 60, 'model__max_iter': 290, 'model__max_depth': 48, 'model__max_bins': 190, 'model__learning_rate': 0.05, 'model__l2_regularization': 1, 'model': HistGradientBoostingRegressor()}",-1500.3384728920098,-1511.8706589817696,-1494.259834946471,-1502.1563222734167,7.303593320216798,12,-1375.354385612752,-1395.6752581544392,-1364.861023902052,-1378.6302225564143,12.791340531816735
977,5,64000,2.7977569897969565,0.2497770234732836,0.8651790618896484,0.026597479743032136,7,25,40,190,43,225,0.1,9,HistGradientBoostingRegressor(),"{'q': 7, 'model__min_samples_leaf': 25, 'model__max_leaf_nodes': 40, 'model__max_iter': 190, 'model__max_depth': 43, 'model__max_bins': 225, 'model__learning_rate': 0.1, 'model__l2_regularization': 9, 'model': HistGradientBoostingRegressor()}",-1512.8932696931975,-1533.3346211473336,-1495.2149088072435,-1513.814266549258,15.575927872403154,15,-1395.1970701239693,-1437.0210533814613,-1367.1510658201883,-1399.789729775206,28.708572267497495
978,5,64000,3.2384933630625405,0.09561899766739217,0.9893976847330729,0.03500892807980148,13,35,60,190,28,225,0.1,5,HistGradientBoostingRegressor(),"{'q': 13, 'model__min_samples_leaf': 35, 'model__max_leaf_nodes': 60, 'model__max_iter': 190, 'model__max_depth': 28, 'model__max_bins': 225, 'model__learning_rate': 0.1, 'model__l2_regularization': 5, 'model': HistGradientBoostingRegressor()}",-1470.0747071475007,-1468.5093216042972,-1459.0665633610868,-1465.8835307042948,4.862502153795036,4,-1308.3507002742788,-1317.8938315535129,-1302.7470630551852,-1309.6638649609922,6.252969966680177
979,5,64000,2.583613316218058,0.15316454005258603,0.8968660831451416,0.07180017191170404,13,5,35,270,48,155,0.2,1,HistGradientBoostingRegressor(),"{'q': 13, 'model__min_samples_leaf': 5, 'model__max_leaf_nodes': 35, 'model__max_iter': 270, 'model__max_depth': 48, 'model__max_bins': 155, 'model__learning_rate': 0.2, 'model__l2_regularization': 1, 'model': HistGradientBoostingRegressor()}",-1459.810582475862,-1463.519287222159,-1487.2233379380802,-1470.1844025453672,12.14310811974133,6,-1226.8661304291604,-1251.5128550811678,-1318.697543329512,-1265.6921762799468,38.80757624538727
980,5,64000,3.005188465118408,0.06451198587201988,0.8566495577494303,0.0834999996367159,3,15,65,150,18,120,0.1,5,HistGradientBoostingRegressor(),"{'q': 3, 'model__min_samples_leaf': 15, 'model__max_leaf_nodes': 65, 'model__max_iter': 150, 'model__max_depth': 18, 'model__max_bins': 120, 'model__learning_rate': 0.1, 'model__l2_regularization': 5, 'model': HistGradientBoostingRegressor()}",-1494.3929059885943,-1490.1991357854238,-1482.036884991991,-1488.8763089220029,5.13031622807446,8,-1326.9174104646502,-1332.5663961776302,-1323.5217834624814,-1327.6685300349206,3.7304503971495784
981,5,64000,4.353746334711711,0.07549860148756427,0.9494453271230062,0.04332759139122796,9,35,40,370,48,225,0.05,1,HistGradientBoostingRegressor(),"{'q': 9, 'model__min_samples_leaf': 35, 'model__max_leaf_nodes': 40, 'model__max_iter': 370, 'model__max_depth': 48, 'model__max_bins': 225, 'model__learning_rate': 0.05, 'model__l2_regularization': 1, 'model': HistGradientBoostingRegressor()}",-1495.047706378459,-1506.074097949357,-1493.7012559210295,-1498.2743534162819,5.542577216091546,11,-1373.4230062323516,-1395.0478375305004,-1370.6143593684637,-1379.6950677104385,10.916433488472245
982,5,64000,3.0578853289286294,0.3015933280129538,0.9521737098693848,0.04532263608086391,6,30,35,310,28,155,0.1,3,HistGradientBoostingRegressor(),"{'q': 6, 'model__min_samples_leaf': 30, 'model__max_leaf_nodes': 35, 'model__max_iter': 310, 'model__max_depth': 28, 'model__max_bins': 155, 'model__learning_rate': 0.1, 'model__l2_regularization': 3, 'model': HistGradientBoostingRegressor()}",-1471.4751395216206,-1483.7434364586595,-1528.0047870780488,-1494.4077876861095,24.278887310312925,10,-1311.707244967009,-1342.3491163884203,-1420.9748513328386,-1358.3437375627561,46.01973040709352
983,5,64000,3.373464266459147,0.22947939961021294,0.9196521441141764,0.12353281481572886,3,25,55,210,43,225,0.1,7,HistGradientBoostingRegressor(),"{'q': 3, 'model__min_samples_leaf': 25, 'model__max_leaf_nodes': 55, 'model__max_iter': 210, 'model__max_depth': 43, 'model__max_bins': 225, 'model__learning_rate': 0.1, 'model__l2_regularization': 7, 'model': HistGradientBoostingRegressor()}",-1487.1196022814736,-1451.6700384105907,-1459.613493799221,-1466.1343781637618,15.189016740850072,5,-1350.4496047931302,-1299.0850778134334,-1285.0211505759873,-1311.5186110608502,28.120754104067657
984,5,64000,3.3364384969075522,0.10314136912220648,0.9012767473856608,0.014177355192174923,11,35,65,190,28,190,0.2,7,HistGradientBoostingRegressor(),"{'q': 11, 'model__min_samples_leaf': 35, 'model__max_leaf_nodes': 65, 'model__max_iter': 190, 'model__max_depth': 28, 'model__max_bins': 190, 'model__learning_rate': 0.2, 'model__l2_regularization': 7, 'model': HistGradientBoostingRegressor()}",-1460.7945226313866,-1450.2844073183162,-1434.898937662714,-1448.659289204139,10.634098829745966,1,-1222.3958584595675,-1234.2126465484214,-1176.404024178934,-1211.004176395641,24.937081094208434
985,5,64000,2.6069632371266684,0.04901243745773848,0.7751470406850179,0.11554231099575228,14,10,50,190,23,155,0.2,5,HistGradientBoostingRegressor(),"{'q': 14, 'model__min_samples_leaf': 10, 'model__max_leaf_nodes': 50, 'model__max_iter': 190, 'model__max_depth': 23, 'model__max_bins': 155, 'model__learning_rate': 0.2, 'model__l2_regularization': 5, 'model': HistGradientBoostingRegressor()}",-1455.3805928937345,-1491.2697890786962,-1439.5759141251117,-1462.075432032514,21.62837380618048,3,-1248.7305840961062,-1329.7995303350895,-1225.2639518062588,-1267.931355412485,44.78410438944628
