,iter,n_resources,mean_fit_time,std_fit_time,mean_score_time,std_score_time,param_selector__selection_method,param_selector__n_features_to_select,param_selector__model_name,param_selector__k,param_scaler__scaler_name,param_outlier_remover__z_columns,param_outlier_remover__threshold,param_outlier_remover__sev_outliers_cols,param_outlier_remover__outlier_method,param_outlier_remover__n_neighbors,param_outlier_remover__model_columns,param_outlier_remover__mod_outliers_cols,param_outlier_remover__contamination_LOF,param_outlier_remover__contamination_IF,param_model,param_imputer__knn_scaling_method,param_imputer__knn_neighbors,param_imputer__imputation_method,param_encoder__method,params,split0_test_score,split1_test_score,split2_test_score,mean_test_score,std_test_score,rank_test_score,split0_train_score,split1_train_score,split2_train_score,mean_train_score,std_train_score
0,0,2000,0.1247102419535319,0.005789403620874765,0.007246176401774089,0.00020433657641591145,rfe,8,dt,7,robust,"['car_age', 'mileage', 'tax', 'mpg']",3,"['car_age', 'mileage', 'engineSize']",Isolation_Forest,50,"['car_age', 'mileage', 'tax', 'mpg', 'engineSize']","['car_age', 'mileage', 'tax', 'mpg']",0.15,0.15,"DecisionTreeRegressor(max_depth=10, max_features='sqrt', min_samples_leaf=4,
                      min_samples_split=10, random_state=42)",robust,14,iterative,target,"{'selector__selection_method': 'rfe', 'selector__n_features_to_select': 8, 'selector__model_name': 'dt', 'selector__k': 7, 'scaler__scaler_name': 'robust', 'outlier_remover__z_columns': ['car_age', 'mileage', 'tax', 'mpg'], 'outlier_remover__threshold': 3, 'outlier_remover__sev_outliers_cols': ['car_age', 'mileage', 'engineSize'], 'outlier_remover__outlier_method': 'Isolation_Forest', 'outlier_remover__n_neighbors': 50, 'outlier_remover__model_columns': ['car_age', 'mileage', 'tax', 'mpg', 'engineSize'], 'outlier_remover__mod_outliers_cols': ['car_age', 'mileage', 'tax', 'mpg'], 'outlier_remover__contamination_LOF': 0.15, 'outlier_remover__contamination_IF': 0.15, 'model': DecisionTreeRegressor(max_depth=10, max_features='sqrt', min_samples_leaf=4,
                      min_samples_split=10, random_state=42), 'imputer__knn_scaling_method': 'robust', 'imputer__knn_neighbors': 14, 'imputer__imputation_method': 'iterative', 'encoder__method': 'target'}",-3227.185017234577,-3359.504708049079,-3176.5458395906253,-3254.411854958094,77.13391993244163,263,-2622.311109542881,-2509.120314403326,-2484.043621807132,-2538.4916819177797,60.14694485696783
1,0,2000,0.18738245964050293,0.011512000599944287,0.08775051434834798,0.006358836335573336,rfe,7,dt,5,minmax,"['car_age', 'mileage', 'tax', 'mpg']",2,"['car_age', 'mileage']",IQR,100,"['car_age', 'mileage', 'tax', 'mpg', 'engineSize']","['tax', 'mpg']",0.3,0.3,"DecisionTreeRegressor(max_depth=10, max_features='sqrt', min_samples_leaf=4,
                      min_samples_split=10, random_state=42)",minmax,20,knn_modelwise,freq,"{'selector__selection_method': 'rfe', 'selector__n_features_to_select': 7, 'selector__model_name': 'dt', 'selector__k': 5, 'scaler__scaler_name': 'minmax', 'outlier_remover__z_columns': ['car_age', 'mileage', 'tax', 'mpg'], 'outlier_remover__threshold': 2, 'outlier_remover__sev_outliers_cols': ['car_age', 'mileage'], 'outlier_remover__outlier_method': 'IQR', 'outlier_remover__n_neighbors': 100, 'outlier_remover__model_columns': ['car_age', 'mileage', 'tax', 'mpg', 'engineSize'], 'outlier_remover__mod_outliers_cols': ['tax', 'mpg'], 'outlier_remover__contamination_LOF': 0.3, 'outlier_remover__contamination_IF': 0.3, 'model': DecisionTreeRegressor(max_depth=10, max_features='sqrt', min_samples_leaf=4,
                      min_samples_split=10, random_state=42), 'imputer__knn_scaling_method': 'minmax', 'imputer__knn_neighbors': 20, 'imputer__imputation_method': 'knn_modelwise', 'encoder__method': 'freq'}",-3769.818723023915,-3342.1685148408264,-3631.1459751901066,-3581.044404351616,178.14563459919148,360,-2753.0579405721446,-2574.7477085421237,-2732.861659590027,-2686.889102901432,79.72344568575608
2,0,2000,0.19078763326009116,0.0033667009935467473,0.08631292978922527,0.005803143655852823,rfe,7,dt,6,standard,"['car_age', 'mileage', 'tax', 'mpg']",3,"['car_age', 'mileage']",LOF,90,"['car_age', 'mileage', 'tax', 'mpg']","['tax', 'mpg']",0.15,0.5,"DecisionTreeRegressor(max_depth=10, max_features='sqrt', min_samples_leaf=4,
                      min_samples_split=10, random_state=42)",minmax,10,knn_modelwise,freq,"{'selector__selection_method': 'rfe', 'selector__n_features_to_select': 7, 'selector__model_name': 'dt', 'selector__k': 6, 'scaler__scaler_name': 'standard', 'outlier_remover__z_columns': ['car_age', 'mileage', 'tax', 'mpg'], 'outlier_remover__threshold': 3, 'outlier_remover__sev_outliers_cols': ['car_age', 'mileage'], 'outlier_remover__outlier_method': 'LOF', 'outlier_remover__n_neighbors': 90, 'outlier_remover__model_columns': ['car_age', 'mileage', 'tax', 'mpg'], 'outlier_remover__mod_outliers_cols': ['tax', 'mpg'], 'outlier_remover__contamination_LOF': 0.15, 'outlier_remover__contamination_IF': 0.5, 'model': DecisionTreeRegressor(max_depth=10, max_features='sqrt', min_samples_leaf=4,
                      min_samples_split=10, random_state=42), 'imputer__knn_scaling_method': 'minmax', 'imputer__knn_neighbors': 10, 'imputer__imputation_method': 'knn_modelwise', 'encoder__method': 'freq'}",-3871.232982654879,-3567.1276817171074,-3617.077241270452,-3685.1459685474797,133.1541018005051,374,-2827.6054303335027,-2848.096136036239,-2648.759320689898,-2774.8202956865466,89.53023443834788
3,0,2000,0.06068563461303711,0.0057664622363476315,0.00535273551940918,0.00029249292600887623,rfe,5,dt,5,minmax,"['car_age', 'mileage', 'tax', 'mpg']",3,"['car_age', 'mileage']",z_score,100,"['car_age', 'mileage', 'tax', 'mpg']","['tax', 'mpg']",0.3,0.3,"DecisionTreeRegressor(max_depth=10, max_features='sqrt', min_samples_leaf=4,
                      min_samples_split=10, random_state=42)",minmax,16,iterative,freq,"{'selector__selection_method': 'rfe', 'selector__n_features_to_select': 5, 'selector__model_name': 'dt', 'selector__k': 5, 'scaler__scaler_name': 'minmax', 'outlier_remover__z_columns': ['car_age', 'mileage', 'tax', 'mpg'], 'outlier_remover__threshold': 3, 'outlier_remover__sev_outliers_cols': ['car_age', 'mileage'], 'outlier_remover__outlier_method': 'z_score', 'outlier_remover__n_neighbors': 100, 'outlier_remover__model_columns': ['car_age', 'mileage', 'tax', 'mpg'], 'outlier_remover__mod_outliers_cols': ['tax', 'mpg'], 'outlier_remover__contamination_LOF': 0.3, 'outlier_remover__contamination_IF': 0.3, 'model': DecisionTreeRegressor(max_depth=10, max_features='sqrt', min_samples_leaf=4,
                      min_samples_split=10, random_state=42), 'imputer__knn_scaling_method': 'minmax', 'imputer__knn_neighbors': 16, 'imputer__imputation_method': 'iterative', 'encoder__method': 'freq'}",-3470.5956348277145,-3224.342701612333,-3199.6565999172267,-3298.1983121190915,122.31919599161083,276,-2448.0980272648803,-2467.3352815557464,-2468.0354586523576,-2461.156255824328,9.237985416194677
4,0,2000,0.08489163716634114,0.0016015321312010868,0.004481395085652669,0.0001456363952306963,rfe,10,dt,10,standard,"['car_age', 'mileage', 'tax', 'mpg']",3,"['car_age', 'mileage', 'engineSize']",Isolation_Forest,100,"['car_age', 'mileage', 'tax', 'mpg', 'engineSize']","['tax', 'mpg']",0.5,0.05,"DecisionTreeRegressor(max_depth=10, max_features='sqrt', min_samples_leaf=4,
                      min_samples_split=10, random_state=42)",standard,16,simple,target,"{'selector__selection_method': 'rfe', 'selector__n_features_to_select': 10, 'selector__model_name': 'dt', 'selector__k': 10, 'scaler__scaler_name': 'standard', 'outlier_remover__z_columns': ['car_age', 'mileage', 'tax', 'mpg'], 'outlier_remover__threshold': 3, 'outlier_remover__sev_outliers_cols': ['car_age', 'mileage', 'engineSize'], 'outlier_remover__outlier_method': 'Isolation_Forest', 'outlier_remover__n_neighbors': 100, 'outlier_remover__model_columns': ['car_age', 'mileage', 'tax', 'mpg', 'engineSize'], 'outlier_remover__mod_outliers_cols': ['tax', 'mpg'], 'outlier_remover__contamination_LOF': 0.5, 'outlier_remover__contamination_IF': 0.05, 'model': DecisionTreeRegressor(max_depth=10, max_features='sqrt', min_samples_leaf=4,
                      min_samples_split=10, random_state=42), 'imputer__knn_scaling_method': 'standard', 'imputer__knn_neighbors': 16, 'imputer__imputation_method': 'simple', 'encoder__method': 'target'}",-3178.8108417321523,-3135.6811136104634,-3293.0828445313664,-3202.5249332913277,66.41081652904538,248,-2417.229754158797,-2310.7371030757113,-2388.388466898107,-2372.1184413775386,44.97189108399388
5,0,2000,0.04512826601664225,0.005908754136233417,0.005601723988850911,0.0004419910224965709,rfe,9,dt,10,standard,"['car_age', 'mileage', 'tax', 'mpg']",3,"['car_age', 'mileage']",z_score,90,"['tax', 'mpg']","['tax', 'mpg']",0.05,0.15,"DecisionTreeRegressor(max_depth=10, max_features='sqrt', min_samples_leaf=4,
                      min_samples_split=10, random_state=42)",robust,11,iterative,freq,"{'selector__selection_method': 'rfe', 'selector__n_features_to_select': 9, 'selector__model_name': 'dt', 'selector__k': 10, 'scaler__scaler_name': 'standard', 'outlier_remover__z_columns': ['car_age', 'mileage', 'tax', 'mpg'], 'outlier_remover__threshold': 3, 'outlier_remover__sev_outliers_cols': ['car_age', 'mileage'], 'outlier_remover__outlier_method': 'z_score', 'outlier_remover__n_neighbors': 90, 'outlier_remover__model_columns': ['tax', 'mpg'], 'outlier_remover__mod_outliers_cols': ['tax', 'mpg'], 'outlier_remover__contamination_LOF': 0.05, 'outlier_remover__contamination_IF': 0.15, 'model': DecisionTreeRegressor(max_depth=10, max_features='sqrt', min_samples_leaf=4,
                      min_samples_split=10, random_state=42), 'imputer__knn_scaling_method': 'robust', 'imputer__knn_neighbors': 11, 'imputer__imputation_method': 'iterative', 'encoder__method': 'freq'}",-3439.4238172360633,-3094.7286639811387,-3365.6937532849693,-3299.948744834057,148.2014209817546,278,-2272.120108107246,-2388.7971526415467,-2451.547486551981,-2370.821582433591,74.34553058574267
6,0,2000,0.03662935892740885,0.00681592745911713,0.00862741470336914,0.0031849741320367463,kbest,9,dt,5,standard,"['car_age', 'mileage', 'tax', 'mpg']",2,"['car_age', 'mileage', 'engineSize']",z_score,30,"['car_age', 'mileage', 'tax', 'mpg']","['tax', 'mpg']",0.3,0.05,"DecisionTreeRegressor(max_depth=10, max_features='sqrt', min_samples_leaf=4,
                      min_samples_split=10, random_state=42)",robust,10,iterative,freq,"{'selector__selection_method': 'kbest', 'selector__n_features_to_select': 9, 'selector__model_name': 'dt', 'selector__k': 5, 'scaler__scaler_name': 'standard', 'outlier_remover__z_columns': ['car_age', 'mileage', 'tax', 'mpg'], 'outlier_remover__threshold': 2, 'outlier_remover__sev_outliers_cols': ['car_age', 'mileage', 'engineSize'], 'outlier_remover__outlier_method': 'z_score', 'outlier_remover__n_neighbors': 30, 'outlier_remover__model_columns': ['car_age', 'mileage', 'tax', 'mpg'], 'outlier_remover__mod_outliers_cols': ['tax', 'mpg'], 'outlier_remover__contamination_LOF': 0.3, 'outlier_remover__contamination_IF': 0.05, 'model': DecisionTreeRegressor(max_depth=10, max_features='sqrt', min_samples_leaf=4,
                      min_samples_split=10, random_state=42), 'imputer__knn_scaling_method': 'robust', 'imputer__knn_neighbors': 10, 'imputer__imputation_method': 'iterative', 'encoder__method': 'freq'}",-3463.831414194494,-3379.060852800064,-3207.1112374529043,-3350.001168149154,106.80094019737837,300,-2464.2383405623987,-2538.102729791205,-2571.196797749855,-2524.512622701153,44.71052187140098
7,0,2000,0.1352399984995524,0.016631088216020423,0.01063227653503418,0.0016681497770716,rfe,7,dt,10,robust,"['car_age', 'mileage', 'tax', 'mpg']",3,"['car_age', 'mileage', 'engineSize']",Isolation_Forest,100,"['tax', 'mpg']","['tax', 'mpg']",0.05,0.3,"DecisionTreeRegressor(max_depth=10, max_features='sqrt', min_samples_leaf=4,
                      min_samples_split=10, random_state=42)",robust,16,simple,target,"{'selector__selection_method': 'rfe', 'selector__n_features_to_select': 7, 'selector__model_name': 'dt', 'selector__k': 10, 'scaler__scaler_name': 'robust', 'outlier_remover__z_columns': ['car_age', 'mileage', 'tax', 'mpg'], 'outlier_remover__threshold': 3, 'outlier_remover__sev_outliers_cols': ['car_age', 'mileage', 'engineSize'], 'outlier_remover__outlier_method': 'Isolation_Forest', 'outlier_remover__n_neighbors': 100, 'outlier_remover__model_columns': ['tax', 'mpg'], 'outlier_remover__mod_outliers_cols': ['tax', 'mpg'], 'outlier_remover__contamination_LOF': 0.05, 'outlier_remover__contamination_IF': 0.3, 'model': DecisionTreeRegressor(max_depth=10, max_features='sqrt', min_samples_leaf=4,
                      min_samples_split=10, random_state=42), 'imputer__knn_scaling_method': 'robust', 'imputer__knn_neighbors': 16, 'imputer__imputation_method': 'simple', 'encoder__method': 'target'}",-3313.3454537804982,-3682.539475063399,-3622.145083787743,-3539.34333754388,161.69550235660967,347,-2846.9934414571658,-2834.388892730696,-3133.4705719016647,-2938.2843020298424,138.11342831650228
8,0,2000,0.24413426717122397,0.04543902771717544,0.08929189046223958,0.006859585234260601,rfe,6,dt,7,robust,"['car_age', 'mileage', 'tax', 'mpg']",2,"['car_age', 'mileage', 'engineSize']",LOF,30,"['car_age', 'mileage', 'tax', 'mpg']","['car_age', 'mileage', 'tax', 'mpg']",0.05,0.15,"DecisionTreeRegressor(max_depth=10, max_features='sqrt', min_samples_leaf=4,
                      min_samples_split=10, random_state=42)",robust,17,knn_modelwise,freq,"{'selector__selection_method': 'rfe', 'selector__n_features_to_select': 6, 'selector__model_name': 'dt', 'selector__k': 7, 'scaler__scaler_name': 'robust', 'outlier_remover__z_columns': ['car_age', 'mileage', 'tax', 'mpg'], 'outlier_remover__threshold': 2, 'outlier_remover__sev_outliers_cols': ['car_age', 'mileage', 'engineSize'], 'outlier_remover__outlier_method': 'LOF', 'outlier_remover__n_neighbors': 30, 'outlier_remover__model_columns': ['car_age', 'mileage', 'tax', 'mpg'], 'outlier_remover__mod_outliers_cols': ['car_age', 'mileage', 'tax', 'mpg'], 'outlier_remover__contamination_LOF': 0.05, 'outlier_remover__contamination_IF': 0.15, 'model': DecisionTreeRegressor(max_depth=10, max_features='sqrt', min_samples_leaf=4,
                      min_samples_split=10, random_state=42), 'imputer__knn_scaling_method': 'robust', 'imputer__knn_neighbors': 17, 'imputer__imputation_method': 'knn_modelwise', 'encoder__method': 'freq'}",-3344.3689967049886,-3309.2492913075844,-3447.134433081705,-3366.9175736980924,58.50587904263867,305,-2424.352269728009,-2408.547639544983,-2538.0372282119374,-2456.9790458283096,57.678813454673964
9,0,2000,0.09371137619018555,0.0013538555436045869,0.00464169184366862,0.00031280767948937103,rfe,7,dt,10,minmax,"['car_age', 'mileage', 'tax', 'mpg']",3,"['car_age', 'mileage', 'engineSize']",Isolation_Forest,100,"['car_age', 'mileage', 'tax', 'mpg', 'engineSize']","['tax', 'mpg']",0.5,0.15,"DecisionTreeRegressor(max_depth=10, max_features='sqrt', min_samples_leaf=4,
                      min_samples_split=10, random_state=42)",robust,16,simple,target,"{'selector__selection_method': 'rfe', 'selector__n_features_to_select': 7, 'selector__model_name': 'dt', 'selector__k': 10, 'scaler__scaler_name': 'minmax', 'outlier_remover__z_columns': ['car_age', 'mileage', 'tax', 'mpg'], 'outlier_remover__threshold': 3, 'outlier_remover__sev_outliers_cols': ['car_age', 'mileage', 'engineSize'], 'outlier_remover__outlier_method': 'Isolation_Forest', 'outlier_remover__n_neighbors': 100, 'outlier_remover__model_columns': ['car_age', 'mileage', 'tax', 'mpg', 'engineSize'], 'outlier_remover__mod_outliers_cols': ['tax', 'mpg'], 'outlier_remover__contamination_LOF': 0.5, 'outlier_remover__contamination_IF': 0.15, 'model': DecisionTreeRegressor(max_depth=10, max_features='sqrt', min_samples_leaf=4,
                      min_samples_split=10, random_state=42), 'imputer__knn_scaling_method': 'robust', 'imputer__knn_neighbors': 16, 'imputer__imputation_method': 'simple', 'encoder__method': 'target'}",-3656.6933384092936,-3332.522428943315,-3149.83050928093,-3379.6820922111797,209.59565400655924,308,-2713.4797006815875,-2659.9725605510534,-2631.344555551585,-2668.2656055947423,34.04043148428181
10,0,2000,0.044356346130371094,0.009213632202888072,0.005201260248819987,0.0005555911528522352,model,6,dt,6,standard,"['car_age', 'mileage', 'tax', 'mpg']",2,"['car_age', 'mileage']",IQR,100,"['car_age', 'mileage', 'tax', 'mpg', 'engineSize']","['tax', 'mpg']",0.05,0.3,"DecisionTreeRegressor(max_depth=10, max_features='sqrt', min_samples_leaf=4,
                      min_samples_split=10, random_state=42)",minmax,12,iterative,freq,"{'selector__selection_method': 'model', 'selector__n_features_to_select': 6, 'selector__model_name': 'dt', 'selector__k': 6, 'scaler__scaler_name': 'standard', 'outlier_remover__z_columns': ['car_age', 'mileage', 'tax', 'mpg'], 'outlier_remover__threshold': 2, 'outlier_remover__sev_outliers_cols': ['car_age', 'mileage'], 'outlier_remover__outlier_method': 'IQR', 'outlier_remover__n_neighbors': 100, 'outlier_remover__model_columns': ['car_age', 'mileage', 'tax', 'mpg', 'engineSize'], 'outlier_remover__mod_outliers_cols': ['tax', 'mpg'], 'outlier_remover__contamination_LOF': 0.05, 'outlier_remover__contamination_IF': 0.3, 'model': DecisionTreeRegressor(max_depth=10, max_features='sqrt', min_samples_leaf=4,
                      min_samples_split=10, random_state=42), 'imputer__knn_scaling_method': 'minmax', 'imputer__knn_neighbors': 12, 'imputer__imputation_method': 'iterative', 'encoder__method': 'freq'}",-3414.486980861101,-3435.2692470182706,-3122.643464471483,-3324.1332307836183,142.72717585903993,286,-2584.2811260605745,-2405.466906878141,-2304.7420093552637,-2431.4966807646597,115.59611091651199
11,0,2000,0.20253968238830566,0.011347345616031457,0.1436610221862793,0.006140428262576505,rfe,7,dt,8,minmax,"['car_age', 'mileage', 'tax', 'mpg']",2,"['car_age', 'mileage', 'engineSize']",IQR,70,"['tax', 'mpg']","['car_age', 'mileage', 'tax', 'mpg']",0.05,0.15,"DecisionTreeRegressor(max_depth=10, max_features='sqrt', min_samples_leaf=4,
                      min_samples_split=10, random_state=42)",minmax,10,knn_modelwise,freq,"{'selector__selection_method': 'rfe', 'selector__n_features_to_select': 7, 'selector__model_name': 'dt', 'selector__k': 8, 'scaler__scaler_name': 'minmax', 'outlier_remover__z_columns': ['car_age', 'mileage', 'tax', 'mpg'], 'outlier_remover__threshold': 2, 'outlier_remover__sev_outliers_cols': ['car_age', 'mileage', 'engineSize'], 'outlier_remover__outlier_method': 'IQR', 'outlier_remover__n_neighbors': 70, 'outlier_remover__model_columns': ['tax', 'mpg'], 'outlier_remover__mod_outliers_cols': ['car_age', 'mileage', 'tax', 'mpg'], 'outlier_remover__contamination_LOF': 0.05, 'outlier_remover__contamination_IF': 0.15, 'model': DecisionTreeRegressor(max_depth=10, max_features='sqrt', min_samples_leaf=4,
                      min_samples_split=10, random_state=42), 'imputer__knn_scaling_method': 'minmax', 'imputer__knn_neighbors': 10, 'imputer__imputation_method': 'knn_modelwise', 'encoder__method': 'freq'}",-3805.0797256969604,-3343.3225599500292,-3545.561766064725,-3564.654683903905,188.99439967605738,355,-2687.882734637491,-2610.8422488221704,-2501.059826754351,-2599.9282700713375,76.65957616461792
12,0,2000,0.021754980087280273,0.00543344830453372,0.004629929860432942,0.0007632583292851895,kbest,9,dt,10,robust,"['car_age', 'mileage', 'tax', 'mpg']",3,"['car_age', 'mileage', 'engineSize']",IQR,30,"['car_age', 'mileage', 'tax', 'mpg']","['tax', 'mpg']",0.3,0.15,"DecisionTreeRegressor(max_depth=10, max_features='sqrt', min_samples_leaf=4,
                      min_samples_split=10, random_state=42)",minmax,14,simple,freq,"{'selector__selection_method': 'kbest', 'selector__n_features_to_select': 9, 'selector__model_name': 'dt', 'selector__k': 10, 'scaler__scaler_name': 'robust', 'outlier_remover__z_columns': ['car_age', 'mileage', 'tax', 'mpg'], 'outlier_remover__threshold': 3, 'outlier_remover__sev_outliers_cols': ['car_age', 'mileage', 'engineSize'], 'outlier_remover__outlier_method': 'IQR', 'outlier_remover__n_neighbors': 30, 'outlier_remover__model_columns': ['car_age', 'mileage', 'tax', 'mpg'], 'outlier_remover__mod_outliers_cols': ['tax', 'mpg'], 'outlier_remover__contamination_LOF': 0.3, 'outlier_remover__contamination_IF': 0.15, 'model': DecisionTreeRegressor(max_depth=10, max_features='sqrt', min_samples_leaf=4,
                      min_samples_split=10, random_state=42), 'imputer__knn_scaling_method': 'minmax', 'imputer__knn_neighbors': 14, 'imputer__imputation_method': 'simple', 'encoder__method': 'freq'}",-3310.2311110096243,-3019.3865327073245,-3124.622400905572,-3151.4133482075067,120.23853604387669,226,-2546.499652705648,-2471.0911215780234,-2403.353943420732,-2473.648239234801,58.46695739021241
13,0,2000,0.0213623841603597,0.005204394982508413,0.005132595698038737,0.0009274298922960092,kbest,9,dt,5,minmax,"['car_age', 'mileage', 'tax', 'mpg']",3,"['car_age', 'mileage']",z_score,70,"['car_age', 'mileage', 'tax', 'mpg']","['tax', 'mpg']",0.5,0.15,"DecisionTreeRegressor(max_depth=10, max_features='sqrt', min_samples_leaf=4,
                      min_samples_split=10, random_state=42)",standard,14,simple,freq,"{'selector__selection_method': 'kbest', 'selector__n_features_to_select': 9, 'selector__model_name': 'dt', 'selector__k': 5, 'scaler__scaler_name': 'minmax', 'outlier_remover__z_columns': ['car_age', 'mileage', 'tax', 'mpg'], 'outlier_remover__threshold': 3, 'outlier_remover__sev_outliers_cols': ['car_age', 'mileage'], 'outlier_remover__outlier_method': 'z_score', 'outlier_remover__n_neighbors': 70, 'outlier_remover__model_columns': ['car_age', 'mileage', 'tax', 'mpg'], 'outlier_remover__mod_outliers_cols': ['tax', 'mpg'], 'outlier_remover__contamination_LOF': 0.5, 'outlier_remover__contamination_IF': 0.15, 'model': DecisionTreeRegressor(max_depth=10, max_features='sqrt', min_samples_leaf=4,
                      min_samples_split=10, random_state=42), 'imputer__knn_scaling_method': 'standard', 'imputer__knn_neighbors': 14, 'imputer__imputation_method': 'simple', 'encoder__method': 'freq'}",-3539.728313800928,-3225.989291349114,-3163.486022289346,-3309.7345424797954,164.6197958846937,284,-2519.0515856967286,-2505.8228804275373,-2521.560741797962,-2515.4784026407424,6.903902181248149
14,0,2000,0.11492156982421875,0.01081184683366531,0.005385796229044597,0.00019818118834965967,kbest,8,dt,8,standard,"['car_age', 'mileage', 'tax', 'mpg']",3,"['car_age', 'mileage']",Isolation_Forest,100,"['car_age', 'mileage', 'tax', 'mpg', 'engineSize']","['car_age', 'mileage', 'tax', 'mpg']",0.05,0.3,"DecisionTreeRegressor(max_depth=10, max_features='sqrt', min_samples_leaf=4,
                      min_samples_split=10, random_state=42)",standard,13,iterative,freq,"{'selector__selection_method': 'kbest', 'selector__n_features_to_select': 8, 'selector__model_name': 'dt', 'selector__k': 8, 'scaler__scaler_name': 'standard', 'outlier_remover__z_columns': ['car_age', 'mileage', 'tax', 'mpg'], 'outlier_remover__threshold': 3, 'outlier_remover__sev_outliers_cols': ['car_age', 'mileage'], 'outlier_remover__outlier_method': 'Isolation_Forest', 'outlier_remover__n_neighbors': 100, 'outlier_remover__model_columns': ['car_age', 'mileage', 'tax', 'mpg', 'engineSize'], 'outlier_remover__mod_outliers_cols': ['car_age', 'mileage', 'tax', 'mpg'], 'outlier_remover__contamination_LOF': 0.05, 'outlier_remover__contamination_IF': 0.3, 'model': DecisionTreeRegressor(max_depth=10, max_features='sqrt', min_samples_leaf=4,
                      min_samples_split=10, random_state=42), 'imputer__knn_scaling_method': 'standard', 'imputer__knn_neighbors': 13, 'imputer__imputation_method': 'iterative', 'encoder__method': 'freq'}",-3641.5693143002645,-3771.2290106464397,-3804.792555204906,-3739.1969600505367,70.37990144867365,380,-3332.369362022239,-3240.899380676232,-3663.9631055717673,-3412.410616090079,181.75199328606325
15,0,2000,0.19692635536193848,0.017757086618695527,0.12896601359049478,0.014852715455778074,rfe,10,dt,6,standard,"['car_age', 'mileage', 'tax', 'mpg']",3,"['car_age', 'mileage']",IQR,70,"['car_age', 'mileage', 'tax', 'mpg', 'engineSize']","['car_age', 'mileage', 'tax', 'mpg']",0.15,0.5,"DecisionTreeRegressor(max_depth=10, max_features='sqrt', min_samples_leaf=4,
                      min_samples_split=10, random_state=42)",standard,20,knn_modelwise,target,"{'selector__selection_method': 'rfe', 'selector__n_features_to_select': 10, 'selector__model_name': 'dt', 'selector__k': 6, 'scaler__scaler_name': 'standard', 'outlier_remover__z_columns': ['car_age', 'mileage', 'tax', 'mpg'], 'outlier_remover__threshold': 3, 'outlier_remover__sev_outliers_cols': ['car_age', 'mileage'], 'outlier_remover__outlier_method': 'IQR', 'outlier_remover__n_neighbors': 70, 'outlier_remover__model_columns': ['car_age', 'mileage', 'tax', 'mpg', 'engineSize'], 'outlier_remover__mod_outliers_cols': ['car_age', 'mileage', 'tax', 'mpg'], 'outlier_remover__contamination_LOF': 0.15, 'outlier_remover__contamination_IF': 0.5, 'model': DecisionTreeRegressor(max_depth=10, max_features='sqrt', min_samples_leaf=4,
                      min_samples_split=10, random_state=42), 'imputer__knn_scaling_method': 'standard', 'imputer__knn_neighbors': 20, 'imputer__imputation_method': 'knn_modelwise', 'encoder__method': 'target'}",-3132.563172053429,-3164.3041483113648,-2961.709211125639,-3086.1921771634775,88.97145242018169,190,-2190.270083446626,-2232.0591704324966,-2028.6713087116336,-2150.3335208635854,87.70348661658421
16,0,2000,0.11279773712158203,0.011496116349590305,0.004306475321451823,0.00018083640155902868,rfe,6,dt,6,robust,"['car_age', 'mileage', 'tax', 'mpg']",2,"['car_age', 'mileage', 'engineSize']",Isolation_Forest,50,"['car_age', 'mileage', 'tax', 'mpg']","['car_age', 'mileage', 'tax', 'mpg']",0.3,0.15,"DecisionTreeRegressor(max_depth=10, max_features='sqrt', min_samples_leaf=4,
                      min_samples_split=10, random_state=42)",robust,13,simple,freq,"{'selector__selection_method': 'rfe', 'selector__n_features_to_select': 6, 'selector__model_name': 'dt', 'selector__k': 6, 'scaler__scaler_name': 'robust', 'outlier_remover__z_columns': ['car_age', 'mileage', 'tax', 'mpg'], 'outlier_remover__threshold': 2, 'outlier_remover__sev_outliers_cols': ['car_age', 'mileage', 'engineSize'], 'outlier_remover__outlier_method': 'Isolation_Forest', 'outlier_remover__n_neighbors': 50, 'outlier_remover__model_columns': ['car_age', 'mileage', 'tax', 'mpg'], 'outlier_remover__mod_outliers_cols': ['car_age', 'mileage', 'tax', 'mpg'], 'outlier_remover__contamination_LOF': 0.3, 'outlier_remover__contamination_IF': 0.15, 'model': DecisionTreeRegressor(max_depth=10, max_features='sqrt', min_samples_leaf=4,
                      min_samples_split=10, random_state=42), 'imputer__knn_scaling_method': 'robust', 'imputer__knn_neighbors': 13, 'imputer__imputation_method': 'simple', 'encoder__method': 'freq'}",-3348.680835775797,-3177.597592114735,-3467.9081869275315,-3331.3955382726876,119.14737791902415,291,-2637.1430510702776,-2611.018116796453,-2742.889814444032,-2663.683660770254,57.01367749671116
17,0,2000,0.020802100499471027,0.0009737899816124265,0.006124337514241536,0.0027081558071639297,kbest,7,dt,7,minmax,"['car_age', 'mileage', 'tax', 'mpg']",3,"['car_age', 'mileage']",IQR,90,"['car_age', 'mileage', 'tax', 'mpg', 'engineSize']","['tax', 'mpg']",0.3,0.3,"DecisionTreeRegressor(max_depth=10, max_features='sqrt', min_samples_leaf=4,
                      min_samples_split=10, random_state=42)",robust,13,simple,target,"{'selector__selection_method': 'kbest', 'selector__n_features_to_select': 7, 'selector__model_name': 'dt', 'selector__k': 7, 'scaler__scaler_name': 'minmax', 'outlier_remover__z_columns': ['car_age', 'mileage', 'tax', 'mpg'], 'outlier_remover__threshold': 3, 'outlier_remover__sev_outliers_cols': ['car_age', 'mileage'], 'outlier_remover__outlier_method': 'IQR', 'outlier_remover__n_neighbors': 90, 'outlier_remover__model_columns': ['car_age', 'mileage', 'tax', 'mpg', 'engineSize'], 'outlier_remover__mod_outliers_cols': ['tax', 'mpg'], 'outlier_remover__contamination_LOF': 0.3, 'outlier_remover__contamination_IF': 0.3, 'model': DecisionTreeRegressor(max_depth=10, max_features='sqrt', min_samples_leaf=4,
                      min_samples_split=10, random_state=42), 'imputer__knn_scaling_method': 'robust', 'imputer__knn_neighbors': 13, 'imputer__imputation_method': 'simple', 'encoder__method': 'target'}",-3394.924337262275,-3555.248124468676,-3208.578515863638,-3386.250325864863,141.66011727108037,309,-2412.5449186547166,-2396.7939284291847,-2253.8597542575594,-2354.3995337804868,71.38257898189798
18,0,2000,0.04207237561543783,0.003412585997991871,0.004193226496378581,0.00019645424077671314,model,9,dt,9,minmax,"['car_age', 'mileage', 'tax', 'mpg']",3,"['car_age', 'mileage', 'engineSize']",LOF,100,"['car_age', 'mileage', 'tax', 'mpg', 'engineSize']","['car_age', 'mileage', 'tax', 'mpg']",0.05,0.3,"DecisionTreeRegressor(max_depth=10, max_features='sqrt', min_samples_leaf=4,
                      min_samples_split=10, random_state=42)",robust,10,simple,target,"{'selector__selection_method': 'model', 'selector__n_features_to_select': 9, 'selector__model_name': 'dt', 'selector__k': 9, 'scaler__scaler_name': 'minmax', 'outlier_remover__z_columns': ['car_age', 'mileage', 'tax', 'mpg'], 'outlier_remover__threshold': 3, 'outlier_remover__sev_outliers_cols': ['car_age', 'mileage', 'engineSize'], 'outlier_remover__outlier_method': 'LOF', 'outlier_remover__n_neighbors': 100, 'outlier_remover__model_columns': ['car_age', 'mileage', 'tax', 'mpg', 'engineSize'], 'outlier_remover__mod_outliers_cols': ['car_age', 'mileage', 'tax', 'mpg'], 'outlier_remover__contamination_LOF': 0.05, 'outlier_remover__contamination_IF': 0.3, 'model': DecisionTreeRegressor(max_depth=10, max_features='sqrt', min_samples_leaf=4,
                      min_samples_split=10, random_state=42), 'imputer__knn_scaling_method': 'robust', 'imputer__knn_neighbors': 10, 'imputer__imputation_method': 'simple', 'encoder__method': 'target'}",-3405.9026610248065,-2876.3176140838564,-3024.53122683058,-3102.2505006464144,223.07740753336057,197,-2262.8767124237734,-2128.353244250644,-2147.310148661287,-2179.5133684452344,59.45265004282362
19,0,2000,0.1368264357248942,0.012425856016927372,0.006697893142700195,0.0018977224006991838,rfe,7,dt,9,standard,"['car_age', 'mileage', 'tax', 'mpg']",3,"['car_age', 'mileage']",Isolation_Forest,70,"['car_age', 'mileage', 'tax', 'mpg', 'engineSize']","['tax', 'mpg']",0.15,0.15,"DecisionTreeRegressor(max_depth=10, max_features='sqrt', min_samples_leaf=4,
                      min_samples_split=10, random_state=42)",minmax,20,iterative,target,"{'selector__selection_method': 'rfe', 'selector__n_features_to_select': 7, 'selector__model_name': 'dt', 'selector__k': 9, 'scaler__scaler_name': 'standard', 'outlier_remover__z_columns': ['car_age', 'mileage', 'tax', 'mpg'], 'outlier_remover__threshold': 3, 'outlier_remover__sev_outliers_cols': ['car_age', 'mileage'], 'outlier_remover__outlier_method': 'Isolation_Forest', 'outlier_remover__n_neighbors': 70, 'outlier_remover__model_columns': ['car_age', 'mileage', 'tax', 'mpg', 'engineSize'], 'outlier_remover__mod_outliers_cols': ['tax', 'mpg'], 'outlier_remover__contamination_LOF': 0.15, 'outlier_remover__contamination_IF': 0.15, 'model': DecisionTreeRegressor(max_depth=10, max_features='sqrt', min_samples_leaf=4,
                      min_samples_split=10, random_state=42), 'imputer__knn_scaling_method': 'minmax', 'imputer__knn_neighbors': 20, 'imputer__imputation_method': 'iterative', 'encoder__method': 'target'}",-3349.6547136388367,-3355.6604115941936,-3306.2613550019987,-3337.1921600783426,22.008379146525836,295,-2657.1015809259084,-2596.674611009346,-2595.6233370276823,-2616.466509654312,28.736539540938782
20,0,2000,0.09882259368896484,0.007898108073530133,0.0051270325978597,0.0012058207096436809,rfe,8,dt,6,standard,"['car_age', 'mileage', 'tax', 'mpg']",3,"['car_age', 'mileage']",Isolation_Forest,90,"['tax', 'mpg']","['car_age', 'mileage', 'tax', 'mpg']",0.15,0.5,"DecisionTreeRegressor(max_depth=10, max_features='sqrt', min_samples_leaf=4,
                      min_samples_split=10, random_state=42)",minmax,20,simple,freq,"{'selector__selection_method': 'rfe', 'selector__n_features_to_select': 8, 'selector__model_name': 'dt', 'selector__k': 6, 'scaler__scaler_name': 'standard', 'outlier_remover__z_columns': ['car_age', 'mileage', 'tax', 'mpg'], 'outlier_remover__threshold': 3, 'outlier_remover__sev_outliers_cols': ['car_age', 'mileage'], 'outlier_remover__outlier_method': 'Isolation_Forest', 'outlier_remover__n_neighbors': 90, 'outlier_remover__model_columns': ['tax', 'mpg'], 'outlier_remover__mod_outliers_cols': ['car_age', 'mileage', 'tax', 'mpg'], 'outlier_remover__contamination_LOF': 0.15, 'outlier_remover__contamination_IF': 0.5, 'model': DecisionTreeRegressor(max_depth=10, max_features='sqrt', min_samples_leaf=4,
                      min_samples_split=10, random_state=42), 'imputer__knn_scaling_method': 'minmax', 'imputer__knn_neighbors': 20, 'imputer__imputation_method': 'simple', 'encoder__method': 'freq'}",-3979.8761471942935,-4679.3662229836855,-4106.238883947114,-4255.160418041698,304.3625130440952,394,-3577.873447725811,-4386.256007042752,-3526.876130916789,-3830.3351952284506,393.64632462540425
21,0,2000,0.03986342748006185,0.006133519701125778,0.00812236467997233,0.002463468721205879,model,7,dt,5,standard,"['car_age', 'mileage', 'tax', 'mpg']",2,"['car_age', 'mileage']",z_score,90,"['car_age', 'mileage', 'tax', 'mpg']","['tax', 'mpg']",0.3,0.15,"DecisionTreeRegressor(max_depth=10, max_features='sqrt', min_samples_leaf=4,
                      min_samples_split=10, random_state=42)",robust,10,iterative,freq,"{'selector__selection_method': 'model', 'selector__n_features_to_select': 7, 'selector__model_name': 'dt', 'selector__k': 5, 'scaler__scaler_name': 'standard', 'outlier_remover__z_columns': ['car_age', 'mileage', 'tax', 'mpg'], 'outlier_remover__threshold': 2, 'outlier_remover__sev_outliers_cols': ['car_age', 'mileage'], 'outlier_remover__outlier_method': 'z_score', 'outlier_remover__n_neighbors': 90, 'outlier_remover__model_columns': ['car_age', 'mileage', 'tax', 'mpg'], 'outlier_remover__mod_outliers_cols': ['tax', 'mpg'], 'outlier_remover__contamination_LOF': 0.3, 'outlier_remover__contamination_IF': 0.15, 'model': DecisionTreeRegressor(max_depth=10, max_features='sqrt', min_samples_leaf=4,
                      min_samples_split=10, random_state=42), 'imputer__knn_scaling_method': 'robust', 'imputer__knn_neighbors': 10, 'imputer__imputation_method': 'iterative', 'encoder__method': 'freq'}",-3463.831414194494,-3379.060852800064,-3207.1112374529043,-3350.001168149154,106.80094019737837,300,-2464.2383405623987,-2538.102729791205,-2571.196797749855,-2524.512622701153,44.71052187140098
22,0,2000,0.14299456278483072,0.0052917581291155695,0.004410664240519206,0.00033882248773990507,rfe,6,dt,8,minmax,"['car_age', 'mileage', 'tax', 'mpg']",3,"['car_age', 'mileage', 'engineSize']",Isolation_Forest,100,"['car_age', 'mileage', 'tax', 'mpg']","['tax', 'mpg']",0.05,0.15,"DecisionTreeRegressor(max_depth=10, max_features='sqrt', min_samples_leaf=4,
                      min_samples_split=10, random_state=42)",minmax,13,simple,freq,"{'selector__selection_method': 'rfe', 'selector__n_features_to_select': 6, 'selector__model_name': 'dt', 'selector__k': 8, 'scaler__scaler_name': 'minmax', 'outlier_remover__z_columns': ['car_age', 'mileage', 'tax', 'mpg'], 'outlier_remover__threshold': 3, 'outlier_remover__sev_outliers_cols': ['car_age', 'mileage', 'engineSize'], 'outlier_remover__outlier_method': 'Isolation_Forest', 'outlier_remover__n_neighbors': 100, 'outlier_remover__model_columns': ['car_age', 'mileage', 'tax', 'mpg'], 'outlier_remover__mod_outliers_cols': ['tax', 'mpg'], 'outlier_remover__contamination_LOF': 0.05, 'outlier_remover__contamination_IF': 0.15, 'model': DecisionTreeRegressor(max_depth=10, max_features='sqrt', min_samples_leaf=4,
                      min_samples_split=10, random_state=42), 'imputer__knn_scaling_method': 'minmax', 'imputer__knn_neighbors': 13, 'imputer__imputation_method': 'simple', 'encoder__method': 'freq'}",-3348.680835775797,-3177.597592114735,-3467.9081869275315,-3331.3955382726876,119.14737791902415,291,-2637.1430510702776,-2611.018116796453,-2742.889814444032,-2663.683660770254,57.01367749671116
23,0,2000,0.2016261418660482,0.013665653555846506,0.1013033390045166,0.009974387730948117,rfe,6,dt,5,minmax,"['car_age', 'mileage', 'tax', 'mpg']",3,"['car_age', 'mileage']",IQR,90,"['tax', 'mpg']","['car_age', 'mileage', 'tax', 'mpg']",0.5,0.3,"DecisionTreeRegressor(max_depth=10, max_features='sqrt', min_samples_leaf=4,
                      min_samples_split=10, random_state=42)",minmax,13,knn_modelwise,freq,"{'selector__selection_method': 'rfe', 'selector__n_features_to_select': 6, 'selector__model_name': 'dt', 'selector__k': 5, 'scaler__scaler_name': 'minmax', 'outlier_remover__z_columns': ['car_age', 'mileage', 'tax', 'mpg'], 'outlier_remover__threshold': 3, 'outlier_remover__sev_outliers_cols': ['car_age', 'mileage'], 'outlier_remover__outlier_method': 'IQR', 'outlier_remover__n_neighbors': 90, 'outlier_remover__model_columns': ['tax', 'mpg'], 'outlier_remover__mod_outliers_cols': ['car_age', 'mileage', 'tax', 'mpg'], 'outlier_remover__contamination_LOF': 0.5, 'outlier_remover__contamination_IF': 0.3, 'model': DecisionTreeRegressor(max_depth=10, max_features='sqrt', min_samples_leaf=4,
                      min_samples_split=10, random_state=42), 'imputer__knn_scaling_method': 'minmax', 'imputer__knn_neighbors': 13, 'imputer__imputation_method': 'knn_modelwise', 'encoder__method': 'freq'}",-3214.460821754418,-3103.756942589249,-3301.546664770964,-3206.58814303821,80.93898052568775,250,-2372.321989148761,-2424.3557867183363,-2442.129881784693,-2412.93588588393,29.620894313172577
24,0,2000,0.017986615498860676,0.0027219586685304953,0.004668315251668294,0.0007507555953805597,kbest,10,dt,8,minmax,"['car_age', 'mileage', 'tax', 'mpg']",3,"['car_age', 'mileage', 'engineSize']",z_score,30,"['tax', 'mpg']","['car_age', 'mileage', 'tax', 'mpg']",0.05,0.5,"DecisionTreeRegressor(max_depth=10, max_features='sqrt', min_samples_leaf=4,
                      min_samples_split=10, random_state=42)",standard,16,simple,freq,"{'selector__selection_method': 'kbest', 'selector__n_features_to_select': 10, 'selector__model_name': 'dt', 'selector__k': 8, 'scaler__scaler_name': 'minmax', 'outlier_remover__z_columns': ['car_age', 'mileage', 'tax', 'mpg'], 'outlier_remover__threshold': 3, 'outlier_remover__sev_outliers_cols': ['car_age', 'mileage', 'engineSize'], 'outlier_remover__outlier_method': 'z_score', 'outlier_remover__n_neighbors': 30, 'outlier_remover__model_columns': ['tax', 'mpg'], 'outlier_remover__mod_outliers_cols': ['car_age', 'mileage', 'tax', 'mpg'], 'outlier_remover__contamination_LOF': 0.05, 'outlier_remover__contamination_IF': 0.5, 'model': DecisionTreeRegressor(max_depth=10, max_features='sqrt', min_samples_leaf=4,
                      min_samples_split=10, random_state=42), 'imputer__knn_scaling_method': 'standard', 'imputer__knn_neighbors': 16, 'imputer__imputation_method': 'simple', 'encoder__method': 'freq'}",-3634.7537012591515,-3395.7866378124,-3552.017079372378,-3527.5191394813096,99.08389087795162,344,-2711.7760004891875,-2584.9597320697853,-2823.938240550463,-2706.891324369812,97.6236888072621
25,0,2000,0.2665747006734212,0.015801177357396022,0.11232940355936687,0.016496770089364305,kbest,8,dt,5,minmax,"['car_age', 'mileage', 'tax', 'mpg']",3,"['car_age', 'mileage']",Isolation_Forest,30,"['tax', 'mpg']","['tax', 'mpg']",0.15,0.15,"DecisionTreeRegressor(max_depth=10, max_features='sqrt', min_samples_leaf=4,
                      min_samples_split=10, random_state=42)",minmax,10,knn_modelwise,target,"{'selector__selection_method': 'kbest', 'selector__n_features_to_select': 8, 'selector__model_name': 'dt', 'selector__k': 5, 'scaler__scaler_name': 'minmax', 'outlier_remover__z_columns': ['car_age', 'mileage', 'tax', 'mpg'], 'outlier_remover__threshold': 3, 'outlier_remover__sev_outliers_cols': ['car_age', 'mileage'], 'outlier_remover__outlier_method': 'Isolation_Forest', 'outlier_remover__n_neighbors': 30, 'outlier_remover__model_columns': ['tax', 'mpg'], 'outlier_remover__mod_outliers_cols': ['tax', 'mpg'], 'outlier_remover__contamination_LOF': 0.15, 'outlier_remover__contamination_IF': 0.15, 'model': DecisionTreeRegressor(max_depth=10, max_features='sqrt', min_samples_leaf=4,
                      min_samples_split=10, random_state=42), 'imputer__knn_scaling_method': 'minmax', 'imputer__knn_neighbors': 10, 'imputer__imputation_method': 'knn_modelwise', 'encoder__method': 'target'}",-3042.83061354406,-4037.4016739833896,-3276.465244102493,-3452.232510543314,424.62807061389003,322,-2720.2906421127905,-3166.98467076925,-2584.9740881466287,-2824.0831336762226,248.6815105711047
26,0,2000,0.07820590337117513,0.01019040220684052,0.007496039072672526,0.0010578354336379986,rfe,6,dt,8,standard,"['car_age', 'mileage', 'tax', 'mpg']",3,"['car_age', 'mileage']",IQR,100,"['car_age', 'mileage', 'tax', 'mpg']","['car_age', 'mileage', 'tax', 'mpg']",0.15,0.05,"DecisionTreeRegressor(max_depth=10, max_features='sqrt', min_samples_leaf=4,
                      min_samples_split=10, random_state=42)",robust,20,iterative,target,"{'selector__selection_method': 'rfe', 'selector__n_features_to_select': 6, 'selector__model_name': 'dt', 'selector__k': 8, 'scaler__scaler_name': 'standard', 'outlier_remover__z_columns': ['car_age', 'mileage', 'tax', 'mpg'], 'outlier_remover__threshold': 3, 'outlier_remover__sev_outliers_cols': ['car_age', 'mileage'], 'outlier_remover__outlier_method': 'IQR', 'outlier_remover__n_neighbors': 100, 'outlier_remover__model_columns': ['car_age', 'mileage', 'tax', 'mpg'], 'outlier_remover__mod_outliers_cols': ['car_age', 'mileage', 'tax', 'mpg'], 'outlier_remover__contamination_LOF': 0.15, 'outlier_remover__contamination_IF': 0.05, 'model': DecisionTreeRegressor(max_depth=10, max_features='sqrt', min_samples_leaf=4,
                      min_samples_split=10, random_state=42), 'imputer__knn_scaling_method': 'robust', 'imputer__knn_neighbors': 20, 'imputer__imputation_method': 'iterative', 'encoder__method': 'target'}",-3230.376384352582,-2869.261039219149,-3056.3399653530055,-3051.9924629749125,147.4567704004697,178,-2275.4341124069033,-2028.4057584402772,-2097.308662947409,-2133.7161779315297,104.08292295522327
27,0,2000,0.21720377604166666,0.015022525988846246,0.1002202828725179,0.009030845919684914,model,10,dt,5,minmax,"['car_age', 'mileage', 'tax', 'mpg']",2,"['car_age', 'mileage']",LOF,90,"['car_age', 'mileage', 'tax', 'mpg', 'engineSize']","['tax', 'mpg']",0.05,0.5,"DecisionTreeRegressor(max_depth=10, max_features='sqrt', min_samples_leaf=4,
                      min_samples_split=10, random_state=42)",minmax,10,knn_modelwise,freq,"{'selector__selection_method': 'model', 'selector__n_features_to_select': 10, 'selector__model_name': 'dt', 'selector__k': 5, 'scaler__scaler_name': 'minmax', 'outlier_remover__z_columns': ['car_age', 'mileage', 'tax', 'mpg'], 'outlier_remover__threshold': 2, 'outlier_remover__sev_outliers_cols': ['car_age', 'mileage'], 'outlier_remover__outlier_method': 'LOF', 'outlier_remover__n_neighbors': 90, 'outlier_remover__model_columns': ['car_age', 'mileage', 'tax', 'mpg', 'engineSize'], 'outlier_remover__mod_outliers_cols': ['tax', 'mpg'], 'outlier_remover__contamination_LOF': 0.05, 'outlier_remover__contamination_IF': 0.5, 'model': DecisionTreeRegressor(max_depth=10, max_features='sqrt', min_samples_leaf=4,
                      min_samples_split=10, random_state=42), 'imputer__knn_scaling_method': 'minmax', 'imputer__knn_neighbors': 10, 'imputer__imputation_method': 'knn_modelwise', 'encoder__method': 'freq'}",-3315.789137830969,-3187.13128638697,-3181.715201705262,-3228.211875307734,61.965937829410926,254,-2511.096444564418,-2591.2144807745253,-2456.505311262397,-2519.6054122004466,55.322942711169894
28,0,2000,0.04139335950215658,0.006992684790574652,0.00657200813293457,0.0005702648464621914,kbest,10,dt,5,robust,"['car_age', 'mileage', 'tax', 'mpg']",3,"['car_age', 'mileage']",z_score,100,"['car_age', 'mileage', 'tax', 'mpg', 'engineSize']","['tax', 'mpg']",0.15,0.3,"DecisionTreeRegressor(max_depth=10, max_features='sqrt', min_samples_leaf=4,
                      min_samples_split=10, random_state=42)",standard,19,iterative,target,"{'selector__selection_method': 'kbest', 'selector__n_features_to_select': 10, 'selector__model_name': 'dt', 'selector__k': 5, 'scaler__scaler_name': 'robust', 'outlier_remover__z_columns': ['car_age', 'mileage', 'tax', 'mpg'], 'outlier_remover__threshold': 3, 'outlier_remover__sev_outliers_cols': ['car_age', 'mileage'], 'outlier_remover__outlier_method': 'z_score', 'outlier_remover__n_neighbors': 100, 'outlier_remover__model_columns': ['car_age', 'mileage', 'tax', 'mpg', 'engineSize'], 'outlier_remover__mod_outliers_cols': ['tax', 'mpg'], 'outlier_remover__contamination_LOF': 0.15, 'outlier_remover__contamination_IF': 0.3, 'model': DecisionTreeRegressor(max_depth=10, max_features='sqrt', min_samples_leaf=4,
                      min_samples_split=10, random_state=42), 'imputer__knn_scaling_method': 'standard', 'imputer__knn_neighbors': 19, 'imputer__imputation_method': 'iterative', 'encoder__method': 'target'}",-3044.0195063505525,-3156.782569740292,-2969.4102362455487,-3056.7374374454644,77.02124022336307,180,-2237.6847606554093,-2416.555272383048,-2249.8903266629286,-2301.3767865671284,81.59577871649536
29,0,2000,0.13167293866475424,0.013768853795091815,0.006315469741821289,0.0017388554079616548,rfe,6,dt,5,minmax,"['car_age', 'mileage', 'tax', 'mpg']",2,"['car_age', 'mileage']",Isolation_Forest,30,"['tax', 'mpg']","['tax', 'mpg']",0.5,0.3,"DecisionTreeRegressor(max_depth=10, max_features='sqrt', min_samples_leaf=4,
                      min_samples_split=10, random_state=42)",standard,19,iterative,freq,"{'selector__selection_method': 'rfe', 'selector__n_features_to_select': 6, 'selector__model_name': 'dt', 'selector__k': 5, 'scaler__scaler_name': 'minmax', 'outlier_remover__z_columns': ['car_age', 'mileage', 'tax', 'mpg'], 'outlier_remover__threshold': 2, 'outlier_remover__sev_outliers_cols': ['car_age', 'mileage'], 'outlier_remover__outlier_method': 'Isolation_Forest', 'outlier_remover__n_neighbors': 30, 'outlier_remover__model_columns': ['tax', 'mpg'], 'outlier_remover__mod_outliers_cols': ['tax', 'mpg'], 'outlier_remover__contamination_LOF': 0.5, 'outlier_remover__contamination_IF': 0.3, 'model': DecisionTreeRegressor(max_depth=10, max_features='sqrt', min_samples_leaf=4,
                      min_samples_split=10, random_state=42), 'imputer__knn_scaling_method': 'standard', 'imputer__knn_neighbors': 19, 'imputer__imputation_method': 'iterative', 'encoder__method': 'freq'}",-3648.0869599875628,-3398.204820202085,-3681.915745957586,-3576.069175382411,126.52507873365478,359,-3018.5986885004986,-2789.635674584403,-2806.3315743502617,-2871.5219791450545,104.22206130299297
30,0,2000,0.02657326062520345,0.0008961242662838626,0.006320079167683919,0.0015876733903129915,kbest,10,dt,6,robust,"['car_age', 'mileage', 'tax', 'mpg']",3,"['car_age', 'mileage', 'engineSize']",z_score,30,"['car_age', 'mileage', 'tax', 'mpg']","['tax', 'mpg']",0.5,0.3,"DecisionTreeRegressor(max_depth=10, max_features='sqrt', min_samples_leaf=4,
                      min_samples_split=10, random_state=42)",standard,13,simple,target,"{'selector__selection_method': 'kbest', 'selector__n_features_to_select': 10, 'selector__model_name': 'dt', 'selector__k': 6, 'scaler__scaler_name': 'robust', 'outlier_remover__z_columns': ['car_age', 'mileage', 'tax', 'mpg'], 'outlier_remover__threshold': 3, 'outlier_remover__sev_outliers_cols': ['car_age', 'mileage', 'engineSize'], 'outlier_remover__outlier_method': 'z_score', 'outlier_remover__n_neighbors': 30, 'outlier_remover__model_columns': ['car_age', 'mileage', 'tax', 'mpg'], 'outlier_remover__mod_outliers_cols': ['tax', 'mpg'], 'outlier_remover__contamination_LOF': 0.5, 'outlier_remover__contamination_IF': 0.3, 'model': DecisionTreeRegressor(max_depth=10, max_features='sqrt', min_samples_leaf=4,
                      min_samples_split=10, random_state=42), 'imputer__knn_scaling_method': 'standard', 'imputer__knn_neighbors': 13, 'imputer__imputation_method': 'simple', 'encoder__method': 'target'}",-3149.925290387392,-2929.4480216787883,-3062.612051973551,-3047.32845467991,90.65593477163019,177,-2211.716376551654,-2187.722466740308,-2228.5790400614515,-2209.339294451138,16.764104218457156
31,0,2000,0.22775983810424805,0.013809494107221617,0.09072041511535645,0.011105515406791378,model,10,dt,7,minmax,"['car_age', 'mileage', 'tax', 'mpg']",3,"['car_age', 'mileage']",LOF,100,"['tax', 'mpg']","['car_age', 'mileage', 'tax', 'mpg']",0.5,0.05,"DecisionTreeRegressor(max_depth=10, max_features='sqrt', min_samples_leaf=4,
                      min_samples_split=10, random_state=42)",standard,14,knn_modelwise,target,"{'selector__selection_method': 'model', 'selector__n_features_to_select': 10, 'selector__model_name': 'dt', 'selector__k': 7, 'scaler__scaler_name': 'minmax', 'outlier_remover__z_columns': ['car_age', 'mileage', 'tax', 'mpg'], 'outlier_remover__threshold': 3, 'outlier_remover__sev_outliers_cols': ['car_age', 'mileage'], 'outlier_remover__outlier_method': 'LOF', 'outlier_remover__n_neighbors': 100, 'outlier_remover__model_columns': ['tax', 'mpg'], 'outlier_remover__mod_outliers_cols': ['car_age', 'mileage', 'tax', 'mpg'], 'outlier_remover__contamination_LOF': 0.5, 'outlier_remover__contamination_IF': 0.05, 'model': DecisionTreeRegressor(max_depth=10, max_features='sqrt', min_samples_leaf=4,
                      min_samples_split=10, random_state=42), 'imputer__knn_scaling_method': 'standard', 'imputer__knn_neighbors': 14, 'imputer__imputation_method': 'knn_modelwise', 'encoder__method': 'target'}",-3479.2546263398635,-3938.878670874902,-3725.67349899226,-3714.602265402342,187.8039664802791,376,-3235.420423259904,-3356.257989120506,-3479.101034364819,-3356.9264822484097,99.48331591917895
32,0,2000,0.13322035471598306,0.005170228020969986,0.0071709950764973955,0.0020592118714722937,rfe,6,dt,10,robust,"['car_age', 'mileage', 'tax', 'mpg']",3,"['car_age', 'mileage']",Isolation_Forest,100,"['tax', 'mpg']","['tax', 'mpg']",0.05,0.15,"DecisionTreeRegressor(max_depth=10, max_features='sqrt', min_samples_leaf=4,
                      min_samples_split=10, random_state=42)",robust,20,iterative,target,"{'selector__selection_method': 'rfe', 'selector__n_features_to_select': 6, 'selector__model_name': 'dt', 'selector__k': 10, 'scaler__scaler_name': 'robust', 'outlier_remover__z_columns': ['car_age', 'mileage', 'tax', 'mpg'], 'outlier_remover__threshold': 3, 'outlier_remover__sev_outliers_cols': ['car_age', 'mileage'], 'outlier_remover__outlier_method': 'Isolation_Forest', 'outlier_remover__n_neighbors': 100, 'outlier_remover__model_columns': ['tax', 'mpg'], 'outlier_remover__mod_outliers_cols': ['tax', 'mpg'], 'outlier_remover__contamination_LOF': 0.05, 'outlier_remover__contamination_IF': 0.15, 'model': DecisionTreeRegressor(max_depth=10, max_features='sqrt', min_samples_leaf=4,
                      min_samples_split=10, random_state=42), 'imputer__knn_scaling_method': 'robust', 'imputer__knn_neighbors': 20, 'imputer__imputation_method': 'iterative', 'encoder__method': 'target'}",-3244.958242135812,-2940.9457522538846,-3123.455573334606,-3103.119855908101,124.94279905484808,198,-2563.84951663629,-2437.1500913853192,-2280.0268166526894,-2427.008808224766,116.091818473144
33,0,2000,0.0436553160349528,0.003128141535010796,0.004400173823038737,0.00016529273492951984,rfe,9,dt,8,robust,"['car_age', 'mileage', 'tax', 'mpg']",3,"['car_age', 'mileage', 'engineSize']",LOF,70,"['car_age', 'mileage', 'tax', 'mpg', 'engineSize']","['tax', 'mpg']",0.05,0.5,"DecisionTreeRegressor(max_depth=10, max_features='sqrt', min_samples_leaf=4,
                      min_samples_split=10, random_state=42)",standard,12,simple,target,"{'selector__selection_method': 'rfe', 'selector__n_features_to_select': 9, 'selector__model_name': 'dt', 'selector__k': 8, 'scaler__scaler_name': 'robust', 'outlier_remover__z_columns': ['car_age', 'mileage', 'tax', 'mpg'], 'outlier_remover__threshold': 3, 'outlier_remover__sev_outliers_cols': ['car_age', 'mileage', 'engineSize'], 'outlier_remover__outlier_method': 'LOF', 'outlier_remover__n_neighbors': 70, 'outlier_remover__model_columns': ['car_age', 'mileage', 'tax', 'mpg', 'engineSize'], 'outlier_remover__mod_outliers_cols': ['tax', 'mpg'], 'outlier_remover__contamination_LOF': 0.05, 'outlier_remover__contamination_IF': 0.5, 'model': DecisionTreeRegressor(max_depth=10, max_features='sqrt', min_samples_leaf=4,
                      min_samples_split=10, random_state=42), 'imputer__knn_scaling_method': 'standard', 'imputer__knn_neighbors': 12, 'imputer__imputation_method': 'simple', 'encoder__method': 'target'}",-3402.7824869771634,-2991.4989761363954,-2997.4705655868675,-3130.5840095668086,192.48882789836188,215,-2272.0817763521422,-2188.1303278031414,-2205.008609490349,-2221.7402378818774,36.257615014807904
34,0,2000,0.040314674377441406,0.005346758983855194,0.006354729334513347,0.0014589363898473056,kbest,5,dt,7,minmax,"['car_age', 'mileage', 'tax', 'mpg']",2,"['car_age', 'mileage', 'engineSize']",IQR,90,"['tax', 'mpg']","['tax', 'mpg']",0.3,0.05,"DecisionTreeRegressor(max_depth=10, max_features='sqrt', min_samples_leaf=4,
                      min_samples_split=10, random_state=42)",robust,11,iterative,target,"{'selector__selection_method': 'kbest', 'selector__n_features_to_select': 5, 'selector__model_name': 'dt', 'selector__k': 7, 'scaler__scaler_name': 'minmax', 'outlier_remover__z_columns': ['car_age', 'mileage', 'tax', 'mpg'], 'outlier_remover__threshold': 2, 'outlier_remover__sev_outliers_cols': ['car_age', 'mileage', 'engineSize'], 'outlier_remover__outlier_method': 'IQR', 'outlier_remover__n_neighbors': 90, 'outlier_remover__model_columns': ['tax', 'mpg'], 'outlier_remover__mod_outliers_cols': ['tax', 'mpg'], 'outlier_remover__contamination_LOF': 0.3, 'outlier_remover__contamination_IF': 0.05, 'model': DecisionTreeRegressor(max_depth=10, max_features='sqrt', min_samples_leaf=4,
                      min_samples_split=10, random_state=42), 'imputer__knn_scaling_method': 'robust', 'imputer__knn_neighbors': 11, 'imputer__imputation_method': 'iterative', 'encoder__method': 'target'}",-3324.686726169002,-3202.670364994094,-3037.199127218429,-3188.185406127175,117.81239440348553,239,-2058.6857607704746,-2297.4495238067484,-2104.0773306831993,-2153.404205086808,103.52741678297097
35,0,2000,0.02360399564107259,0.0014500000600548273,0.005370616912841797,0.0020235994098585747,model,8,dt,5,standard,"['car_age', 'mileage', 'tax', 'mpg']",2,"['car_age', 'mileage']",z_score,30,"['car_age', 'mileage', 'tax', 'mpg']","['car_age', 'mileage', 'tax', 'mpg']",0.05,0.5,"DecisionTreeRegressor(max_depth=10, max_features='sqrt', min_samples_leaf=4,
                      min_samples_split=10, random_state=42)",standard,13,simple,target,"{'selector__selection_method': 'model', 'selector__n_features_to_select': 8, 'selector__model_name': 'dt', 'selector__k': 5, 'scaler__scaler_name': 'standard', 'outlier_remover__z_columns': ['car_age', 'mileage', 'tax', 'mpg'], 'outlier_remover__threshold': 2, 'outlier_remover__sev_outliers_cols': ['car_age', 'mileage'], 'outlier_remover__outlier_method': 'z_score', 'outlier_remover__n_neighbors': 30, 'outlier_remover__model_columns': ['car_age', 'mileage', 'tax', 'mpg'], 'outlier_remover__mod_outliers_cols': ['car_age', 'mileage', 'tax', 'mpg'], 'outlier_remover__contamination_LOF': 0.05, 'outlier_remover__contamination_IF': 0.5, 'model': DecisionTreeRegressor(max_depth=10, max_features='sqrt', min_samples_leaf=4,
                      min_samples_split=10, random_state=42), 'imputer__knn_scaling_method': 'standard', 'imputer__knn_neighbors': 13, 'imputer__imputation_method': 'simple', 'encoder__method': 'target'}",-3038.2314772552536,-3204.4992573049826,-3016.9618077848327,-3086.56418078169,83.84355040097586,191,-2122.6859535177364,-2213.270319205969,-2149.9921064686228,-2161.9827930641095,37.94042918891181
36,0,2000,0.05201967557271322,0.0046852211026883845,0.00991964340209961,0.003850640336019578,kbest,5,dt,6,robust,"['car_age', 'mileage', 'tax', 'mpg']",2,"['car_age', 'mileage']",IQR,30,"['tax', 'mpg']","['car_age', 'mileage', 'tax', 'mpg']",0.15,0.05,"DecisionTreeRegressor(max_depth=10, max_features='sqrt', min_samples_leaf=4,
                      min_samples_split=10, random_state=42)",minmax,19,iterative,freq,"{'selector__selection_method': 'kbest', 'selector__n_features_to_select': 5, 'selector__model_name': 'dt', 'selector__k': 6, 'scaler__scaler_name': 'robust', 'outlier_remover__z_columns': ['car_age', 'mileage', 'tax', 'mpg'], 'outlier_remover__threshold': 2, 'outlier_remover__sev_outliers_cols': ['car_age', 'mileage'], 'outlier_remover__outlier_method': 'IQR', 'outlier_remover__n_neighbors': 30, 'outlier_remover__model_columns': ['tax', 'mpg'], 'outlier_remover__mod_outliers_cols': ['car_age', 'mileage', 'tax', 'mpg'], 'outlier_remover__contamination_LOF': 0.15, 'outlier_remover__contamination_IF': 0.05, 'model': DecisionTreeRegressor(max_depth=10, max_features='sqrt', min_samples_leaf=4,
                      min_samples_split=10, random_state=42), 'imputer__knn_scaling_method': 'minmax', 'imputer__knn_neighbors': 19, 'imputer__imputation_method': 'iterative', 'encoder__method': 'freq'}",-3625.899850723596,-3572.9184273460596,-3188.6026162146395,-3462.473631428098,194.86021919368324,326,-2743.9669768363574,-2555.870624062738,-2458.9861839796113,-2586.2745949595687,118.31262023142027
37,0,2000,0.04903093973795573,0.0041348749356652096,0.007688999176025391,0.0026346860882583575,kbest,7,dt,9,standard,"['car_age', 'mileage', 'tax', 'mpg']",2,"['car_age', 'mileage']",LOF,70,"['tax', 'mpg']","['tax', 'mpg']",0.3,0.5,"DecisionTreeRegressor(max_depth=10, max_features='sqrt', min_samples_leaf=4,
                      min_samples_split=10, random_state=42)",standard,13,simple,target,"{'selector__selection_method': 'kbest', 'selector__n_features_to_select': 7, 'selector__model_name': 'dt', 'selector__k': 9, 'scaler__scaler_name': 'standard', 'outlier_remover__z_columns': ['car_age', 'mileage', 'tax', 'mpg'], 'outlier_remover__threshold': 2, 'outlier_remover__sev_outliers_cols': ['car_age', 'mileage'], 'outlier_remover__outlier_method': 'LOF', 'outlier_remover__n_neighbors': 70, 'outlier_remover__model_columns': ['tax', 'mpg'], 'outlier_remover__mod_outliers_cols': ['tax', 'mpg'], 'outlier_remover__contamination_LOF': 0.3, 'outlier_remover__contamination_IF': 0.5, 'model': DecisionTreeRegressor(max_depth=10, max_features='sqrt', min_samples_leaf=4,
                      min_samples_split=10, random_state=42), 'imputer__knn_scaling_method': 'standard', 'imputer__knn_neighbors': 13, 'imputer__imputation_method': 'simple', 'encoder__method': 'target'}",-3327.8729725411,-3508.4659646026303,-3640.7231307239945,-3492.3540226225746,128.2276656954134,335,-2699.0534705091463,-2642.2729156593005,-2810.095406131596,-2717.1405974333475,69.69674883550911
38,0,2000,0.33272139231363934,0.025199574912805275,0.11192671457926433,0.01668754776235166,rfe,6,dt,5,standard,"['car_age', 'mileage', 'tax', 'mpg']",3,"['car_age', 'mileage']",Isolation_Forest,90,"['car_age', 'mileage', 'tax', 'mpg']","['car_age', 'mileage', 'tax', 'mpg']",0.05,0.05,"DecisionTreeRegressor(max_depth=10, max_features='sqrt', min_samples_leaf=4,
                      min_samples_split=10, random_state=42)",minmax,18,knn_modelwise,target,"{'selector__selection_method': 'rfe', 'selector__n_features_to_select': 6, 'selector__model_name': 'dt', 'selector__k': 5, 'scaler__scaler_name': 'standard', 'outlier_remover__z_columns': ['car_age', 'mileage', 'tax', 'mpg'], 'outlier_remover__threshold': 3, 'outlier_remover__sev_outliers_cols': ['car_age', 'mileage'], 'outlier_remover__outlier_method': 'Isolation_Forest', 'outlier_remover__n_neighbors': 90, 'outlier_remover__model_columns': ['car_age', 'mileage', 'tax', 'mpg'], 'outlier_remover__mod_outliers_cols': ['car_age', 'mileage', 'tax', 'mpg'], 'outlier_remover__contamination_LOF': 0.05, 'outlier_remover__contamination_IF': 0.05, 'model': DecisionTreeRegressor(max_depth=10, max_features='sqrt', min_samples_leaf=4,
                      min_samples_split=10, random_state=42), 'imputer__knn_scaling_method': 'minmax', 'imputer__knn_neighbors': 18, 'imputer__imputation_method': 'knn_modelwise', 'encoder__method': 'target'}",-3074.671353990602,-3219.5917954109896,-3114.8909577721233,-3136.3847023912385,61.08447363383382,219,-2378.0095488871225,-2229.66089551822,-2221.4808170009132,-2276.3837538020853,71.9378439633216
39,0,2000,0.053025404612223305,0.017734392275314773,0.0060795942942301435,0.00039581057056588763,kbest,6,dt,7,minmax,"['car_age', 'mileage', 'tax', 'mpg']",3,"['car_age', 'mileage']",IQR,70,"['car_age', 'mileage', 'tax', 'mpg']","['tax', 'mpg']",0.05,0.3,"DecisionTreeRegressor(max_depth=10, max_features='sqrt', min_samples_leaf=4,
                      min_samples_split=10, random_state=42)",robust,14,iterative,target,"{'selector__selection_method': 'kbest', 'selector__n_features_to_select': 6, 'selector__model_name': 'dt', 'selector__k': 7, 'scaler__scaler_name': 'minmax', 'outlier_remover__z_columns': ['car_age', 'mileage', 'tax', 'mpg'], 'outlier_remover__threshold': 3, 'outlier_remover__sev_outliers_cols': ['car_age', 'mileage'], 'outlier_remover__outlier_method': 'IQR', 'outlier_remover__n_neighbors': 70, 'outlier_remover__model_columns': ['car_age', 'mileage', 'tax', 'mpg'], 'outlier_remover__mod_outliers_cols': ['tax', 'mpg'], 'outlier_remover__contamination_LOF': 0.05, 'outlier_remover__contamination_IF': 0.3, 'model': DecisionTreeRegressor(max_depth=10, max_features='sqrt', min_samples_leaf=4,
                      min_samples_split=10, random_state=42), 'imputer__knn_scaling_method': 'robust', 'imputer__knn_neighbors': 14, 'imputer__imputation_method': 'iterative', 'encoder__method': 'target'}",-3324.686726169002,-3202.732423310028,-3037.199127218429,-3188.2060922324868,117.81494135160207,240,-2058.6857607704746,-2297.4495238067484,-2104.0773306831993,-2153.404205086808,103.52741678297097
40,0,2000,0.11456131935119629,0.006258673404784371,0.007646719614664714,0.002968514844852017,rfe,8,dt,7,minmax,"['car_age', 'mileage', 'tax', 'mpg']",2,"['car_age', 'mileage', 'engineSize']",Isolation_Forest,70,"['car_age', 'mileage', 'tax', 'mpg', 'engineSize']","['tax', 'mpg']",0.5,0.3,"DecisionTreeRegressor(max_depth=10, max_features='sqrt', min_samples_leaf=4,
                      min_samples_split=10, random_state=42)",standard,12,iterative,target,"{'selector__selection_method': 'rfe', 'selector__n_features_to_select': 8, 'selector__model_name': 'dt', 'selector__k': 7, 'scaler__scaler_name': 'minmax', 'outlier_remover__z_columns': ['car_age', 'mileage', 'tax', 'mpg'], 'outlier_remover__threshold': 2, 'outlier_remover__sev_outliers_cols': ['car_age', 'mileage', 'engineSize'], 'outlier_remover__outlier_method': 'Isolation_Forest', 'outlier_remover__n_neighbors': 70, 'outlier_remover__model_columns': ['car_age', 'mileage', 'tax', 'mpg', 'engineSize'], 'outlier_remover__mod_outliers_cols': ['tax', 'mpg'], 'outlier_remover__contamination_LOF': 0.5, 'outlier_remover__contamination_IF': 0.3, 'model': DecisionTreeRegressor(max_depth=10, max_features='sqrt', min_samples_leaf=4,
                      min_samples_split=10, random_state=42), 'imputer__knn_scaling_method': 'standard', 'imputer__knn_neighbors': 12, 'imputer__imputation_method': 'iterative', 'encoder__method': 'target'}",-3420.888511914202,-3551.8875566688484,-3581.177272540174,-3517.984447041075,69.69068482744383,342,-3084.723143521973,-3091.086912530139,-3085.0807636012687,-3086.963606551127,2.9192707054671345
41,0,2000,0.0918272336324056,0.02540335568824307,0.00530695915222168,0.000469686456537857,kbest,8,dt,10,robust,"['car_age', 'mileage', 'tax', 'mpg']",2,"['car_age', 'mileage']",LOF,100,"['car_age', 'mileage', 'tax', 'mpg']","['car_age', 'mileage', 'tax', 'mpg']",0.5,0.15,"DecisionTreeRegressor(max_depth=10, max_features='sqrt', min_samples_leaf=4,
                      min_samples_split=10, random_state=42)",robust,11,iterative,freq,"{'selector__selection_method': 'kbest', 'selector__n_features_to_select': 8, 'selector__model_name': 'dt', 'selector__k': 10, 'scaler__scaler_name': 'robust', 'outlier_remover__z_columns': ['car_age', 'mileage', 'tax', 'mpg'], 'outlier_remover__threshold': 2, 'outlier_remover__sev_outliers_cols': ['car_age', 'mileage'], 'outlier_remover__outlier_method': 'LOF', 'outlier_remover__n_neighbors': 100, 'outlier_remover__model_columns': ['car_age', 'mileage', 'tax', 'mpg'], 'outlier_remover__mod_outliers_cols': ['car_age', 'mileage', 'tax', 'mpg'], 'outlier_remover__contamination_LOF': 0.5, 'outlier_remover__contamination_IF': 0.15, 'model': DecisionTreeRegressor(max_depth=10, max_features='sqrt', min_samples_leaf=4,
                      min_samples_split=10, random_state=42), 'imputer__knn_scaling_method': 'robust', 'imputer__knn_neighbors': 11, 'imputer__imputation_method': 'iterative', 'encoder__method': 'freq'}",-4107.629399152946,-3572.9871711662386,-3478.0146833203753,-3719.5437512131866,277.1435199369034,379,-3392.3856178804945,-3169.9941863445224,-2897.2060667041915,-3153.195290309736,202.50489567214893
42,0,2000,0.1806944211324056,0.012965365897776646,0.0057982603708903,0.00048229261105355205,rfe,7,dt,10,minmax,"['car_age', 'mileage', 'tax', 'mpg']",2,"['car_age', 'mileage', 'engineSize']",Isolation_Forest,100,"['car_age', 'mileage', 'tax', 'mpg']","['car_age', 'mileage', 'tax', 'mpg']",0.05,0.05,"DecisionTreeRegressor(max_depth=10, max_features='sqrt', min_samples_leaf=4,
                      min_samples_split=10, random_state=42)",standard,17,iterative,freq,"{'selector__selection_method': 'rfe', 'selector__n_features_to_select': 7, 'selector__model_name': 'dt', 'selector__k': 10, 'scaler__scaler_name': 'minmax', 'outlier_remover__z_columns': ['car_age', 'mileage', 'tax', 'mpg'], 'outlier_remover__threshold': 2, 'outlier_remover__sev_outliers_cols': ['car_age', 'mileage', 'engineSize'], 'outlier_remover__outlier_method': 'Isolation_Forest', 'outlier_remover__n_neighbors': 100, 'outlier_remover__model_columns': ['car_age', 'mileage', 'tax', 'mpg'], 'outlier_remover__mod_outliers_cols': ['car_age', 'mileage', 'tax', 'mpg'], 'outlier_remover__contamination_LOF': 0.05, 'outlier_remover__contamination_IF': 0.05, 'model': DecisionTreeRegressor(max_depth=10, max_features='sqrt', min_samples_leaf=4,
                      min_samples_split=10, random_state=42), 'imputer__knn_scaling_method': 'standard', 'imputer__knn_neighbors': 17, 'imputer__imputation_method': 'iterative', 'encoder__method': 'freq'}",-3573.5927100877916,-3547.877401667152,-3553.3174175672225,-3558.262509774055,11.065252655428932,352,-2764.3241365942154,-2907.547793436359,-2573.5690494768824,-2748.4803265024857,136.8057505927157
43,0,2000,0.01769844690958659,0.0014755385292326481,0.00775901476542155,0.0027003395720214627,kbest,6,dt,10,minmax,"['car_age', 'mileage', 'tax', 'mpg']",3,"['car_age', 'mileage', 'engineSize']",z_score,50,"['car_age', 'mileage', 'tax', 'mpg', 'engineSize']","['tax', 'mpg']",0.3,0.5,"DecisionTreeRegressor(max_depth=10, max_features='sqrt', min_samples_leaf=4,
                      min_samples_split=10, random_state=42)",minmax,12,simple,freq,"{'selector__selection_method': 'kbest', 'selector__n_features_to_select': 6, 'selector__model_name': 'dt', 'selector__k': 10, 'scaler__scaler_name': 'minmax', 'outlier_remover__z_columns': ['car_age', 'mileage', 'tax', 'mpg'], 'outlier_remover__threshold': 3, 'outlier_remover__sev_outliers_cols': ['car_age', 'mileage', 'engineSize'], 'outlier_remover__outlier_method': 'z_score', 'outlier_remover__n_neighbors': 50, 'outlier_remover__model_columns': ['car_age', 'mileage', 'tax', 'mpg', 'engineSize'], 'outlier_remover__mod_outliers_cols': ['tax', 'mpg'], 'outlier_remover__contamination_LOF': 0.3, 'outlier_remover__contamination_IF': 0.5, 'model': DecisionTreeRegressor(max_depth=10, max_features='sqrt', min_samples_leaf=4,
                      min_samples_split=10, random_state=42), 'imputer__knn_scaling_method': 'minmax', 'imputer__knn_neighbors': 12, 'imputer__imputation_method': 'simple', 'encoder__method': 'freq'}",-3218.001822604673,-3265.665768150043,-3275.6260782746385,-3253.0978896764514,25.14759613925492,261,-2524.768218183797,-2490.5375833412213,-2382.4402801222177,-2465.9153605490787,60.65751330013803
44,0,2000,0.03615029652913412,0.0050032171273818715,0.00415500005086263,0.00016708525680432407,rfe,8,dt,6,minmax,"['car_age', 'mileage', 'tax', 'mpg']",3,"['car_age', 'mileage', 'engineSize']",z_score,70,"['car_age', 'mileage', 'tax', 'mpg']","['car_age', 'mileage', 'tax', 'mpg']",0.3,0.15,"DecisionTreeRegressor(max_depth=10, max_features='sqrt', min_samples_leaf=4,
                      min_samples_split=10, random_state=42)",standard,18,simple,freq,"{'selector__selection_method': 'rfe', 'selector__n_features_to_select': 8, 'selector__model_name': 'dt', 'selector__k': 6, 'scaler__scaler_name': 'minmax', 'outlier_remover__z_columns': ['car_age', 'mileage', 'tax', 'mpg'], 'outlier_remover__threshold': 3, 'outlier_remover__sev_outliers_cols': ['car_age', 'mileage', 'engineSize'], 'outlier_remover__outlier_method': 'z_score', 'outlier_remover__n_neighbors': 70, 'outlier_remover__model_columns': ['car_age', 'mileage', 'tax', 'mpg'], 'outlier_remover__mod_outliers_cols': ['car_age', 'mileage', 'tax', 'mpg'], 'outlier_remover__contamination_LOF': 0.3, 'outlier_remover__contamination_IF': 0.15, 'model': DecisionTreeRegressor(max_depth=10, max_features='sqrt', min_samples_leaf=4,
                      min_samples_split=10, random_state=42), 'imputer__knn_scaling_method': 'standard', 'imputer__knn_neighbors': 18, 'imputer__imputation_method': 'simple', 'encoder__method': 'freq'}",-3824.2980050984097,-3414.544570910575,-3222.443382738522,-3487.0953195825023,251.00458822318186,331,-2835.8324800861246,-2590.5222847195114,-2506.896600510991,-2644.4171217722087,139.59033709076314
45,0,2000,0.03648495674133301,0.0033303181785427198,0.0047566890716552734,0.0009409657939326775,kbest,5,dt,6,robust,"['car_age', 'mileage', 'tax', 'mpg']",3,"['car_age', 'mileage']",LOF,90,"['car_age', 'mileage', 'tax', 'mpg', 'engineSize']","['car_age', 'mileage', 'tax', 'mpg']",0.5,0.3,"DecisionTreeRegressor(max_depth=10, max_features='sqrt', min_samples_leaf=4,
                      min_samples_split=10, random_state=42)",standard,19,simple,target,"{'selector__selection_method': 'kbest', 'selector__n_features_to_select': 5, 'selector__model_name': 'dt', 'selector__k': 6, 'scaler__scaler_name': 'robust', 'outlier_remover__z_columns': ['car_age', 'mileage', 'tax', 'mpg'], 'outlier_remover__threshold': 3, 'outlier_remover__sev_outliers_cols': ['car_age', 'mileage'], 'outlier_remover__outlier_method': 'LOF', 'outlier_remover__n_neighbors': 90, 'outlier_remover__model_columns': ['car_age', 'mileage', 'tax', 'mpg', 'engineSize'], 'outlier_remover__mod_outliers_cols': ['car_age', 'mileage', 'tax', 'mpg'], 'outlier_remover__contamination_LOF': 0.5, 'outlier_remover__contamination_IF': 0.3, 'model': DecisionTreeRegressor(max_depth=10, max_features='sqrt', min_samples_leaf=4,
                      min_samples_split=10, random_state=42), 'imputer__knn_scaling_method': 'standard', 'imputer__knn_neighbors': 19, 'imputer__imputation_method': 'simple', 'encoder__method': 'target'}",-3670.0463014724733,-3218.051489874726,-3345.4523133739226,-3411.183368240374,190.28970213547743,312,-2971.99310472888,-2718.384645809875,-2853.596651994645,-2847.9914675111336,103.61105532596031
46,0,2000,0.22969690958658853,0.027708245849343168,0.10720531145731609,0.015180245434694218,rfe,9,dt,5,robust,"['car_age', 'mileage', 'tax', 'mpg']",3,"['car_age', 'mileage', 'engineSize']",IQR,70,"['car_age', 'mileage', 'tax', 'mpg']","['car_age', 'mileage', 'tax', 'mpg']",0.3,0.5,"DecisionTreeRegressor(max_depth=10, max_features='sqrt', min_samples_leaf=4,
                      min_samples_split=10, random_state=42)",robust,19,knn_modelwise,freq,"{'selector__selection_method': 'rfe', 'selector__n_features_to_select': 9, 'selector__model_name': 'dt', 'selector__k': 5, 'scaler__scaler_name': 'robust', 'outlier_remover__z_columns': ['car_age', 'mileage', 'tax', 'mpg'], 'outlier_remover__threshold': 3, 'outlier_remover__sev_outliers_cols': ['car_age', 'mileage', 'engineSize'], 'outlier_remover__outlier_method': 'IQR', 'outlier_remover__n_neighbors': 70, 'outlier_remover__model_columns': ['car_age', 'mileage', 'tax', 'mpg'], 'outlier_remover__mod_outliers_cols': ['car_age', 'mileage', 'tax', 'mpg'], 'outlier_remover__contamination_LOF': 0.3, 'outlier_remover__contamination_IF': 0.5, 'model': DecisionTreeRegressor(max_depth=10, max_features='sqrt', min_samples_leaf=4,
                      min_samples_split=10, random_state=42), 'imputer__knn_scaling_method': 'robust', 'imputer__knn_neighbors': 19, 'imputer__imputation_method': 'knn_modelwise', 'encoder__method': 'freq'}",-3261.0156262066816,-3334.0107154333014,-3393.338588176559,-3329.454976605514,54.116587927182145,289,-2405.5509321527325,-2392.3665818122226,-2455.186836391789,-2417.7014501189146,27.047149098013545
47,0,2000,0.19573163986206055,0.00616181513188841,0.11546142896016438,0.014822637721891718,kbest,6,dt,5,standard,"['car_age', 'mileage', 'tax', 'mpg']",2,"['car_age', 'mileage', 'engineSize']",LOF,70,"['tax', 'mpg']","['car_age', 'mileage', 'tax', 'mpg']",0.3,0.5,"DecisionTreeRegressor(max_depth=10, max_features='sqrt', min_samples_leaf=4,
                      min_samples_split=10, random_state=42)",standard,14,knn_modelwise,target,"{'selector__selection_method': 'kbest', 'selector__n_features_to_select': 6, 'selector__model_name': 'dt', 'selector__k': 5, 'scaler__scaler_name': 'standard', 'outlier_remover__z_columns': ['car_age', 'mileage', 'tax', 'mpg'], 'outlier_remover__threshold': 2, 'outlier_remover__sev_outliers_cols': ['car_age', 'mileage', 'engineSize'], 'outlier_remover__outlier_method': 'LOF', 'outlier_remover__n_neighbors': 70, 'outlier_remover__model_columns': ['tax', 'mpg'], 'outlier_remover__mod_outliers_cols': ['car_age', 'mileage', 'tax', 'mpg'], 'outlier_remover__contamination_LOF': 0.3, 'outlier_remover__contamination_IF': 0.5, 'model': DecisionTreeRegressor(max_depth=10, max_features='sqrt', min_samples_leaf=4,
                      min_samples_split=10, random_state=42), 'imputer__knn_scaling_method': 'standard', 'imputer__knn_neighbors': 14, 'imputer__imputation_method': 'knn_modelwise', 'encoder__method': 'target'}",-3360.5228901573487,-3942.953637056542,-4273.914230701847,-3859.1302526385793,377.57180780780425,388,-2936.347820038272,-3257.525320708873,-3522.51172281406,-3238.7949545204015,239.66664375405753
48,0,2000,0.21489691734313965,0.022200675963627292,0.09781869252522786,0.006833173319931971,rfe,9,dt,5,standard,"['car_age', 'mileage', 'tax', 'mpg']",2,"['car_age', 'mileage', 'engineSize']",LOF,90,"['tax', 'mpg']","['car_age', 'mileage', 'tax', 'mpg']",0.15,0.3,"DecisionTreeRegressor(max_depth=10, max_features='sqrt', min_samples_leaf=4,
                      min_samples_split=10, random_state=42)",standard,18,knn_modelwise,target,"{'selector__selection_method': 'rfe', 'selector__n_features_to_select': 9, 'selector__model_name': 'dt', 'selector__k': 5, 'scaler__scaler_name': 'standard', 'outlier_remover__z_columns': ['car_age', 'mileage', 'tax', 'mpg'], 'outlier_remover__threshold': 2, 'outlier_remover__sev_outliers_cols': ['car_age', 'mileage', 'engineSize'], 'outlier_remover__outlier_method': 'LOF', 'outlier_remover__n_neighbors': 90, 'outlier_remover__model_columns': ['tax', 'mpg'], 'outlier_remover__mod_outliers_cols': ['car_age', 'mileage', 'tax', 'mpg'], 'outlier_remover__contamination_LOF': 0.15, 'outlier_remover__contamination_IF': 0.3, 'model': DecisionTreeRegressor(max_depth=10, max_features='sqrt', min_samples_leaf=4,
                      min_samples_split=10, random_state=42), 'imputer__knn_scaling_method': 'standard', 'imputer__knn_neighbors': 18, 'imputer__imputation_method': 'knn_modelwise', 'encoder__method': 'target'}",-3531.1523998971725,-3279.631117764655,-3206.452449752105,-3339.0786558046443,139.06358675156312,296,-2480.547653028886,-2274.720139441062,-2261.8114448833694,-2339.026412451106,100.20929680690445
49,0,2000,0.06011358896891276,0.0063399681720374855,0.007067282994588216,0.002033716035685988,rfe,6,dt,6,minmax,"['car_age', 'mileage', 'tax', 'mpg']",2,"['car_age', 'mileage', 'engineSize']",z_score,100,"['car_age', 'mileage', 'tax', 'mpg', 'engineSize']","['tax', 'mpg']",0.05,0.5,"DecisionTreeRegressor(max_depth=10, max_features='sqrt', min_samples_leaf=4,
                      min_samples_split=10, random_state=42)",standard,17,iterative,freq,"{'selector__selection_method': 'rfe', 'selector__n_features_to_select': 6, 'selector__model_name': 'dt', 'selector__k': 6, 'scaler__scaler_name': 'minmax', 'outlier_remover__z_columns': ['car_age', 'mileage', 'tax', 'mpg'], 'outlier_remover__threshold': 2, 'outlier_remover__sev_outliers_cols': ['car_age', 'mileage', 'engineSize'], 'outlier_remover__outlier_method': 'z_score', 'outlier_remover__n_neighbors': 100, 'outlier_remover__model_columns': ['car_age', 'mileage', 'tax', 'mpg', 'engineSize'], 'outlier_remover__mod_outliers_cols': ['tax', 'mpg'], 'outlier_remover__contamination_LOF': 0.05, 'outlier_remover__contamination_IF': 0.5, 'model': DecisionTreeRegressor(max_depth=10, max_features='sqrt', min_samples_leaf=4,
                      min_samples_split=10, random_state=42), 'imputer__knn_scaling_method': 'standard', 'imputer__knn_neighbors': 17, 'imputer__imputation_method': 'iterative', 'encoder__method': 'freq'}",-3552.9002851495106,-3429.912408095226,-3269.4028478310033,-3417.4051803585803,116.07475264036387,316,-2620.067287873666,-2515.16481245045,-2351.5923086787607,-2495.6081363342923,110.47337929401944
50,0,2000,0.021663188934326172,0.00126187948611097,0.004293521245320638,0.00017410002397783402,rfe,10,dt,8,robust,"['car_age', 'mileage', 'tax', 'mpg']",2,"['car_age', 'mileage']",z_score,30,"['car_age', 'mileage', 'tax', 'mpg']","['car_age', 'mileage', 'tax', 'mpg']",0.05,0.3,"DecisionTreeRegressor(max_depth=10, max_features='sqrt', min_samples_leaf=4,
                      min_samples_split=10, random_state=42)",standard,19,simple,freq,"{'selector__selection_method': 'rfe', 'selector__n_features_to_select': 10, 'selector__model_name': 'dt', 'selector__k': 8, 'scaler__scaler_name': 'robust', 'outlier_remover__z_columns': ['car_age', 'mileage', 'tax', 'mpg'], 'outlier_remover__threshold': 2, 'outlier_remover__sev_outliers_cols': ['car_age', 'mileage'], 'outlier_remover__outlier_method': 'z_score', 'outlier_remover__n_neighbors': 30, 'outlier_remover__model_columns': ['car_age', 'mileage', 'tax', 'mpg'], 'outlier_remover__mod_outliers_cols': ['car_age', 'mileage', 'tax', 'mpg'], 'outlier_remover__contamination_LOF': 0.05, 'outlier_remover__contamination_IF': 0.3, 'model': DecisionTreeRegressor(max_depth=10, max_features='sqrt', min_samples_leaf=4,
                      min_samples_split=10, random_state=42), 'imputer__knn_scaling_method': 'standard', 'imputer__knn_neighbors': 19, 'imputer__imputation_method': 'simple', 'encoder__method': 'freq'}",-3215.3013689093314,-3274.777006975063,-3299.7067942365993,-3263.261723373665,35.40734644566228,266,-2524.5535160686627,-2530.801224227615,-2467.2242684135836,-2507.5263362366204,28.611780410865222
51,0,2000,0.03197336196899414,0.000128792972014092,0.004100243250528972,2.98961645437275e-05,rfe,7,dt,9,minmax,"['car_age', 'mileage', 'tax', 'mpg']",3,"['car_age', 'mileage']",z_score,30,"['car_age', 'mileage', 'tax', 'mpg']","['car_age', 'mileage', 'tax', 'mpg']",0.3,0.15,"DecisionTreeRegressor(max_depth=10, max_features='sqrt', min_samples_leaf=4,
                      min_samples_split=10, random_state=42)",robust,18,simple,freq,"{'selector__selection_method': 'rfe', 'selector__n_features_to_select': 7, 'selector__model_name': 'dt', 'selector__k': 9, 'scaler__scaler_name': 'minmax', 'outlier_remover__z_columns': ['car_age', 'mileage', 'tax', 'mpg'], 'outlier_remover__threshold': 3, 'outlier_remover__sev_outliers_cols': ['car_age', 'mileage'], 'outlier_remover__outlier_method': 'z_score', 'outlier_remover__n_neighbors': 30, 'outlier_remover__model_columns': ['car_age', 'mileage', 'tax', 'mpg'], 'outlier_remover__mod_outliers_cols': ['car_age', 'mileage', 'tax', 'mpg'], 'outlier_remover__contamination_LOF': 0.3, 'outlier_remover__contamination_IF': 0.15, 'model': DecisionTreeRegressor(max_depth=10, max_features='sqrt', min_samples_leaf=4,
                      min_samples_split=10, random_state=42), 'imputer__knn_scaling_method': 'robust', 'imputer__knn_neighbors': 18, 'imputer__imputation_method': 'simple', 'encoder__method': 'freq'}",-3881.073332599882,-3315.16219762284,-3774.2910569046726,-3656.842195709132,245.50564069534556,368,-2805.627315690133,-2584.1963324304656,-2866.757107692992,-2752.193585271197,121.38511877244989
52,0,2000,0.060189406077067055,0.004110348221549418,0.005384286244710286,0.0002802373732201587,rfe,9,dt,9,standard,"['car_age', 'mileage', 'tax', 'mpg']",3,"['car_age', 'mileage', 'engineSize']",LOF,100,"['car_age', 'mileage', 'tax', 'mpg']","['tax', 'mpg']",0.3,0.05,"DecisionTreeRegressor(max_depth=10, max_features='sqrt', min_samples_leaf=4,
                      min_samples_split=10, random_state=42)",robust,14,iterative,target,"{'selector__selection_method': 'rfe', 'selector__n_features_to_select': 9, 'selector__model_name': 'dt', 'selector__k': 9, 'scaler__scaler_name': 'standard', 'outlier_remover__z_columns': ['car_age', 'mileage', 'tax', 'mpg'], 'outlier_remover__threshold': 3, 'outlier_remover__sev_outliers_cols': ['car_age', 'mileage', 'engineSize'], 'outlier_remover__outlier_method': 'LOF', 'outlier_remover__n_neighbors': 100, 'outlier_remover__model_columns': ['car_age', 'mileage', 'tax', 'mpg'], 'outlier_remover__mod_outliers_cols': ['tax', 'mpg'], 'outlier_remover__contamination_LOF': 0.3, 'outlier_remover__contamination_IF': 0.05, 'model': DecisionTreeRegressor(max_depth=10, max_features='sqrt', min_samples_leaf=4,
                      min_samples_split=10, random_state=42), 'imputer__knn_scaling_method': 'robust', 'imputer__knn_neighbors': 14, 'imputer__imputation_method': 'iterative', 'encoder__method': 'target'}",-3413.762656736366,-3067.566018299435,-3200.1104180331877,-3227.1463643563293,142.62125814302388,253,-2513.620278280185,-2523.7365957884176,-2449.0615850233,-2495.4728196973006,33.07654756224054
53,0,2000,0.09647003809611003,0.0069667416043563855,0.005183617273966472,0.000404541243471914,kbest,5,dt,9,standard,"['car_age', 'mileage', 'tax', 'mpg']",3,"['car_age', 'mileage', 'engineSize']",Isolation_Forest,50,"['car_age', 'mileage', 'tax', 'mpg']","['car_age', 'mileage', 'tax', 'mpg']",0.05,0.5,"DecisionTreeRegressor(max_depth=10, max_features='sqrt', min_samples_leaf=4,
                      min_samples_split=10, random_state=42)",standard,18,iterative,freq,"{'selector__selection_method': 'kbest', 'selector__n_features_to_select': 5, 'selector__model_name': 'dt', 'selector__k': 9, 'scaler__scaler_name': 'standard', 'outlier_remover__z_columns': ['car_age', 'mileage', 'tax', 'mpg'], 'outlier_remover__threshold': 3, 'outlier_remover__sev_outliers_cols': ['car_age', 'mileage', 'engineSize'], 'outlier_remover__outlier_method': 'Isolation_Forest', 'outlier_remover__n_neighbors': 50, 'outlier_remover__model_columns': ['car_age', 'mileage', 'tax', 'mpg'], 'outlier_remover__mod_outliers_cols': ['car_age', 'mileage', 'tax', 'mpg'], 'outlier_remover__contamination_LOF': 0.05, 'outlier_remover__contamination_IF': 0.5, 'model': DecisionTreeRegressor(max_depth=10, max_features='sqrt', min_samples_leaf=4,
                      min_samples_split=10, random_state=42), 'imputer__knn_scaling_method': 'standard', 'imputer__knn_neighbors': 18, 'imputer__imputation_method': 'iterative', 'encoder__method': 'freq'}",-3972.477073674398,-3814.69933738378,-3902.428425579441,-3896.534945545873,64.54715768298145,389,-3340.7621435482233,-3258.0974761261064,-3501.9551515054386,-3366.9382570599228,101.26049953555756
54,0,2000,0.052070935567220054,0.007799853551321719,0.0057790279388427734,0.0010538073147007133,kbest,5,dt,10,robust,"['car_age', 'mileage', 'tax', 'mpg']",2,"['car_age', 'mileage']",LOF,50,"['tax', 'mpg']","['car_age', 'mileage', 'tax', 'mpg']",0.3,0.3,"DecisionTreeRegressor(max_depth=10, max_features='sqrt', min_samples_leaf=4,
                      min_samples_split=10, random_state=42)",robust,16,iterative,freq,"{'selector__selection_method': 'kbest', 'selector__n_features_to_select': 5, 'selector__model_name': 'dt', 'selector__k': 10, 'scaler__scaler_name': 'robust', 'outlier_remover__z_columns': ['car_age', 'mileage', 'tax', 'mpg'], 'outlier_remover__threshold': 2, 'outlier_remover__sev_outliers_cols': ['car_age', 'mileage'], 'outlier_remover__outlier_method': 'LOF', 'outlier_remover__n_neighbors': 50, 'outlier_remover__model_columns': ['tax', 'mpg'], 'outlier_remover__mod_outliers_cols': ['car_age', 'mileage', 'tax', 'mpg'], 'outlier_remover__contamination_LOF': 0.3, 'outlier_remover__contamination_IF': 0.3, 'model': DecisionTreeRegressor(max_depth=10, max_features='sqrt', min_samples_leaf=4,
                      min_samples_split=10, random_state=42), 'imputer__knn_scaling_method': 'robust', 'imputer__knn_neighbors': 16, 'imputer__imputation_method': 'iterative', 'encoder__method': 'freq'}",-3724.104844708081,-3700.8492687413345,-3360.844669203146,-3595.2662608841874,166.03276270682414,361,-3050.923699475771,-2673.785607717443,-2733.5656795411037,-2819.4249955781056,165.5035783631977
55,0,2000,0.058010101318359375,0.006017516702974482,0.01014860471089681,0.0008839960416796376,rfe,9,dt,5,standard,"['car_age', 'mileage', 'tax', 'mpg']",2,"['car_age', 'mileage', 'engineSize']",IQR,70,"['car_age', 'mileage', 'tax', 'mpg', 'engineSize']","['car_age', 'mileage', 'tax', 'mpg']",0.5,0.15,"DecisionTreeRegressor(max_depth=10, max_features='sqrt', min_samples_leaf=4,
                      min_samples_split=10, random_state=42)",robust,19,iterative,target,"{'selector__selection_method': 'rfe', 'selector__n_features_to_select': 9, 'selector__model_name': 'dt', 'selector__k': 5, 'scaler__scaler_name': 'standard', 'outlier_remover__z_columns': ['car_age', 'mileage', 'tax', 'mpg'], 'outlier_remover__threshold': 2, 'outlier_remover__sev_outliers_cols': ['car_age', 'mileage', 'engineSize'], 'outlier_remover__outlier_method': 'IQR', 'outlier_remover__n_neighbors': 70, 'outlier_remover__model_columns': ['car_age', 'mileage', 'tax', 'mpg', 'engineSize'], 'outlier_remover__mod_outliers_cols': ['car_age', 'mileage', 'tax', 'mpg'], 'outlier_remover__contamination_LOF': 0.5, 'outlier_remover__contamination_IF': 0.15, 'model': DecisionTreeRegressor(max_depth=10, max_features='sqrt', min_samples_leaf=4,
                      min_samples_split=10, random_state=42), 'imputer__knn_scaling_method': 'robust', 'imputer__knn_neighbors': 19, 'imputer__imputation_method': 'iterative', 'encoder__method': 'target'}",-3170.59819965142,-3217.926305601468,-3129.5666127598615,-3172.697039337583,36.103210160011315,234,-2009.1307538843387,-2047.08007147419,-2061.1321280766006,-2039.1143178117097,21.9639955841281
56,0,2000,0.05549391110738119,0.014926801422266961,0.007802724838256836,0.003941585848271153,kbest,7,dt,6,robust,"['car_age', 'mileage', 'tax', 'mpg']",3,"['car_age', 'mileage']",z_score,50,"['car_age', 'mileage', 'tax', 'mpg']","['car_age', 'mileage', 'tax', 'mpg']",0.15,0.3,"DecisionTreeRegressor(max_depth=10, max_features='sqrt', min_samples_leaf=4,
                      min_samples_split=10, random_state=42)",standard,14,iterative,target,"{'selector__selection_method': 'kbest', 'selector__n_features_to_select': 7, 'selector__model_name': 'dt', 'selector__k': 6, 'scaler__scaler_name': 'robust', 'outlier_remover__z_columns': ['car_age', 'mileage', 'tax', 'mpg'], 'outlier_remover__threshold': 3, 'outlier_remover__sev_outliers_cols': ['car_age', 'mileage'], 'outlier_remover__outlier_method': 'z_score', 'outlier_remover__n_neighbors': 50, 'outlier_remover__model_columns': ['car_age', 'mileage', 'tax', 'mpg'], 'outlier_remover__mod_outliers_cols': ['car_age', 'mileage', 'tax', 'mpg'], 'outlier_remover__contamination_LOF': 0.15, 'outlier_remover__contamination_IF': 0.3, 'model': DecisionTreeRegressor(max_depth=10, max_features='sqrt', min_samples_leaf=4,
                      min_samples_split=10, random_state=42), 'imputer__knn_scaling_method': 'standard', 'imputer__knn_neighbors': 14, 'imputer__imputation_method': 'iterative', 'encoder__method': 'target'}",-3123.8400314564365,-2788.98725712538,-2970.6331380607307,-2961.1534755475163,136.8673156024347,159,-2178.258817287297,-1998.796094098883,-2193.4376088301115,-2123.4975067387636,88.39468560179931
57,0,2000,0.2477583090464274,0.0406721186619076,0.10547812779744466,0.00987077539618569,model,8,dt,8,minmax,"['car_age', 'mileage', 'tax', 'mpg']",3,"['car_age', 'mileage']",LOF,50,"['tax', 'mpg']","['car_age', 'mileage', 'tax', 'mpg']",0.15,0.15,"DecisionTreeRegressor(max_depth=10, max_features='sqrt', min_samples_leaf=4,
                      min_samples_split=10, random_state=42)",minmax,20,knn_modelwise,freq,"{'selector__selection_method': 'model', 'selector__n_features_to_select': 8, 'selector__model_name': 'dt', 'selector__k': 8, 'scaler__scaler_name': 'minmax', 'outlier_remover__z_columns': ['car_age', 'mileage', 'tax', 'mpg'], 'outlier_remover__threshold': 3, 'outlier_remover__sev_outliers_cols': ['car_age', 'mileage'], 'outlier_remover__outlier_method': 'LOF', 'outlier_remover__n_neighbors': 50, 'outlier_remover__model_columns': ['tax', 'mpg'], 'outlier_remover__mod_outliers_cols': ['car_age', 'mileage', 'tax', 'mpg'], 'outlier_remover__contamination_LOF': 0.15, 'outlier_remover__contamination_IF': 0.15, 'model': DecisionTreeRegressor(max_depth=10, max_features='sqrt', min_samples_leaf=4,
                      min_samples_split=10, random_state=42), 'imputer__knn_scaling_method': 'minmax', 'imputer__knn_neighbors': 20, 'imputer__imputation_method': 'knn_modelwise', 'encoder__method': 'freq'}",-3365.8036816031877,-3660.5627835123796,-3513.635033773076,-3513.333832962881,120.33508793095054,340,-2690.4897559427213,-3140.615602477859,-2665.885524604459,-2832.3302943416797,218.22192902242256
58,0,2000,0.1895140012105306,0.023984460872583727,0.11099465688069661,0.017076779598848908,kbest,5,dt,10,minmax,"['car_age', 'mileage', 'tax', 'mpg']",2,"['car_age', 'mileage', 'engineSize']",IQR,30,"['tax', 'mpg']","['tax', 'mpg']",0.05,0.15,"DecisionTreeRegressor(max_depth=10, max_features='sqrt', min_samples_leaf=4,
                      min_samples_split=10, random_state=42)",minmax,14,knn_modelwise,freq,"{'selector__selection_method': 'kbest', 'selector__n_features_to_select': 5, 'selector__model_name': 'dt', 'selector__k': 10, 'scaler__scaler_name': 'minmax', 'outlier_remover__z_columns': ['car_age', 'mileage', 'tax', 'mpg'], 'outlier_remover__threshold': 2, 'outlier_remover__sev_outliers_cols': ['car_age', 'mileage', 'engineSize'], 'outlier_remover__outlier_method': 'IQR', 'outlier_remover__n_neighbors': 30, 'outlier_remover__model_columns': ['tax', 'mpg'], 'outlier_remover__mod_outliers_cols': ['tax', 'mpg'], 'outlier_remover__contamination_LOF': 0.05, 'outlier_remover__contamination_IF': 0.15, 'model': DecisionTreeRegressor(max_depth=10, max_features='sqrt', min_samples_leaf=4,
                      min_samples_split=10, random_state=42), 'imputer__knn_scaling_method': 'minmax', 'imputer__knn_neighbors': 14, 'imputer__imputation_method': 'knn_modelwise', 'encoder__method': 'freq'}",-3208.163526639986,-3298.7966407321956,-3203.743189530768,-3236.9011189676494,43.80393099497499,255,-2353.337219901482,-2429.231386948327,-2259.8511728480667,-2347.473259899292,69.27338956310695
59,0,2000,0.23600196838378906,0.010884271667890919,0.10058331489562988,0.0105273763226226,rfe,6,dt,9,robust,"['car_age', 'mileage', 'tax', 'mpg']",3,"['car_age', 'mileage', 'engineSize']",Isolation_Forest,30,"['car_age', 'mileage', 'tax', 'mpg', 'engineSize']","['car_age', 'mileage', 'tax', 'mpg']",0.3,0.5,"DecisionTreeRegressor(max_depth=10, max_features='sqrt', min_samples_leaf=4,
                      min_samples_split=10, random_state=42)",minmax,17,knn_modelwise,target,"{'selector__selection_method': 'rfe', 'selector__n_features_to_select': 6, 'selector__model_name': 'dt', 'selector__k': 9, 'scaler__scaler_name': 'robust', 'outlier_remover__z_columns': ['car_age', 'mileage', 'tax', 'mpg'], 'outlier_remover__threshold': 3, 'outlier_remover__sev_outliers_cols': ['car_age', 'mileage', 'engineSize'], 'outlier_remover__outlier_method': 'Isolation_Forest', 'outlier_remover__n_neighbors': 30, 'outlier_remover__model_columns': ['car_age', 'mileage', 'tax', 'mpg', 'engineSize'], 'outlier_remover__mod_outliers_cols': ['car_age', 'mileage', 'tax', 'mpg'], 'outlier_remover__contamination_LOF': 0.3, 'outlier_remover__contamination_IF': 0.5, 'model': DecisionTreeRegressor(max_depth=10, max_features='sqrt', min_samples_leaf=4,
                      min_samples_split=10, random_state=42), 'imputer__knn_scaling_method': 'minmax', 'imputer__knn_neighbors': 17, 'imputer__imputation_method': 'knn_modelwise', 'encoder__method': 'target'}",-4033.5562339042554,-3994.648931050092,-3710.7040697101365,-3912.969744888161,143.90273814921673,390,-3627.1585653067386,-3766.291087710652,-3445.0446386927983,-3612.831430570063,131.53901916406718
60,0,2000,0.19668404261271158,0.005509042736405834,0.09861636161804199,0.01355778829374255,model,7,dt,9,standard,"['car_age', 'mileage', 'tax', 'mpg']",3,"['car_age', 'mileage']",LOF,100,"['car_age', 'mileage', 'tax', 'mpg', 'engineSize']","['car_age', 'mileage', 'tax', 'mpg']",0.05,0.3,"DecisionTreeRegressor(max_depth=10, max_features='sqrt', min_samples_leaf=4,
                      min_samples_split=10, random_state=42)",minmax,19,knn_modelwise,freq,"{'selector__selection_method': 'model', 'selector__n_features_to_select': 7, 'selector__model_name': 'dt', 'selector__k': 9, 'scaler__scaler_name': 'standard', 'outlier_remover__z_columns': ['car_age', 'mileage', 'tax', 'mpg'], 'outlier_remover__threshold': 3, 'outlier_remover__sev_outliers_cols': ['car_age', 'mileage'], 'outlier_remover__outlier_method': 'LOF', 'outlier_remover__n_neighbors': 100, 'outlier_remover__model_columns': ['car_age', 'mileage', 'tax', 'mpg', 'engineSize'], 'outlier_remover__mod_outliers_cols': ['car_age', 'mileage', 'tax', 'mpg'], 'outlier_remover__contamination_LOF': 0.05, 'outlier_remover__contamination_IF': 0.3, 'model': DecisionTreeRegressor(max_depth=10, max_features='sqrt', min_samples_leaf=4,
                      min_samples_split=10, random_state=42), 'imputer__knn_scaling_method': 'minmax', 'imputer__knn_neighbors': 19, 'imputer__imputation_method': 'knn_modelwise', 'encoder__method': 'freq'}",-3292.6571685223926,-3443.285467592865,-3348.177338679978,-3361.373324931745,62.1976508671271,303,-2456.853284586142,-2427.826155483105,-2522.35259666582,-2469.010678911689,39.53617498154858
61,0,2000,0.19574260711669922,0.006879766671844682,0.11582827568054199,0.020106636944181227,rfe,5,dt,10,robust,"['car_age', 'mileage', 'tax', 'mpg']",3,"['car_age', 'mileage']",z_score,50,"['car_age', 'mileage', 'tax', 'mpg', 'engineSize']","['tax', 'mpg']",0.5,0.5,"DecisionTreeRegressor(max_depth=10, max_features='sqrt', min_samples_leaf=4,
                      min_samples_split=10, random_state=42)",minmax,15,knn_modelwise,freq,"{'selector__selection_method': 'rfe', 'selector__n_features_to_select': 5, 'selector__model_name': 'dt', 'selector__k': 10, 'scaler__scaler_name': 'robust', 'outlier_remover__z_columns': ['car_age', 'mileage', 'tax', 'mpg'], 'outlier_remover__threshold': 3, 'outlier_remover__sev_outliers_cols': ['car_age', 'mileage'], 'outlier_remover__outlier_method': 'z_score', 'outlier_remover__n_neighbors': 50, 'outlier_remover__model_columns': ['car_age', 'mileage', 'tax', 'mpg', 'engineSize'], 'outlier_remover__mod_outliers_cols': ['tax', 'mpg'], 'outlier_remover__contamination_LOF': 0.5, 'outlier_remover__contamination_IF': 0.5, 'model': DecisionTreeRegressor(max_depth=10, max_features='sqrt', min_samples_leaf=4,
                      min_samples_split=10, random_state=42), 'imputer__knn_scaling_method': 'minmax', 'imputer__knn_neighbors': 15, 'imputer__imputation_method': 'knn_modelwise', 'encoder__method': 'freq'}",-3450.902791386876,-3223.6318242692673,-3229.2066026013804,-3301.2470727525074,105.84704413551941,279,-2642.9051722534773,-2547.2334819943,-2560.377029834599,-2583.505228027459,42.343462643782836
62,0,2000,0.08535289764404297,0.0009620952950142668,0.004731019337972005,0.0003962826790014579,rfe,10,dt,6,standard,"['car_age', 'mileage', 'tax', 'mpg']",2,"['car_age', 'mileage', 'engineSize']",Isolation_Forest,100,"['car_age', 'mileage', 'tax', 'mpg', 'engineSize']","['tax', 'mpg']",0.3,0.15,"DecisionTreeRegressor(max_depth=10, max_features='sqrt', min_samples_leaf=4,
                      min_samples_split=10, random_state=42)",standard,18,simple,freq,"{'selector__selection_method': 'rfe', 'selector__n_features_to_select': 10, 'selector__model_name': 'dt', 'selector__k': 6, 'scaler__scaler_name': 'standard', 'outlier_remover__z_columns': ['car_age', 'mileage', 'tax', 'mpg'], 'outlier_remover__threshold': 2, 'outlier_remover__sev_outliers_cols': ['car_age', 'mileage', 'engineSize'], 'outlier_remover__outlier_method': 'Isolation_Forest', 'outlier_remover__n_neighbors': 100, 'outlier_remover__model_columns': ['car_age', 'mileage', 'tax', 'mpg', 'engineSize'], 'outlier_remover__mod_outliers_cols': ['tax', 'mpg'], 'outlier_remover__contamination_LOF': 0.3, 'outlier_remover__contamination_IF': 0.15, 'model': DecisionTreeRegressor(max_depth=10, max_features='sqrt', min_samples_leaf=4,
                      min_samples_split=10, random_state=42), 'imputer__knn_scaling_method': 'standard', 'imputer__knn_neighbors': 18, 'imputer__imputation_method': 'simple', 'encoder__method': 'freq'}",-3854.57386916666,-3328.1117366726694,-3347.201315609537,-3509.962307149622,243.80176306836378,338,-2978.906905006327,-2804.9677803393574,-2645.029754735629,-2809.6348133604383,136.34471940913951
63,0,2000,0.20856881141662598,0.010644902952933398,0.10218199094136556,0.023406780353820454,rfe,6,dt,7,robust,"['car_age', 'mileage', 'tax', 'mpg']",3,"['car_age', 'mileage', 'engineSize']",IQR,100,"['car_age', 'mileage', 'tax', 'mpg']","['tax', 'mpg']",0.5,0.05,"DecisionTreeRegressor(max_depth=10, max_features='sqrt', min_samples_leaf=4,
                      min_samples_split=10, random_state=42)",minmax,13,knn_modelwise,freq,"{'selector__selection_method': 'rfe', 'selector__n_features_to_select': 6, 'selector__model_name': 'dt', 'selector__k': 7, 'scaler__scaler_name': 'robust', 'outlier_remover__z_columns': ['car_age', 'mileage', 'tax', 'mpg'], 'outlier_remover__threshold': 3, 'outlier_remover__sev_outliers_cols': ['car_age', 'mileage', 'engineSize'], 'outlier_remover__outlier_method': 'IQR', 'outlier_remover__n_neighbors': 100, 'outlier_remover__model_columns': ['car_age', 'mileage', 'tax', 'mpg'], 'outlier_remover__mod_outliers_cols': ['tax', 'mpg'], 'outlier_remover__contamination_LOF': 0.5, 'outlier_remover__contamination_IF': 0.05, 'model': DecisionTreeRegressor(max_depth=10, max_features='sqrt', min_samples_leaf=4,
                      min_samples_split=10, random_state=42), 'imputer__knn_scaling_method': 'minmax', 'imputer__knn_neighbors': 13, 'imputer__imputation_method': 'knn_modelwise', 'encoder__method': 'freq'}",-3641.129996461786,-3099.1574152478256,-3186.382405432534,-3308.8899390473816,237.61262808925724,283,-2551.2409781713845,-2423.98993754776,-2446.289474204089,-2473.8401299744114,55.482644793844834
64,0,2000,0.21386130650838217,0.014531748694271885,0.09073233604431152,0.008620444554017725,rfe,6,dt,7,minmax,"['car_age', 'mileage', 'tax', 'mpg']",3,"['car_age', 'mileage']",LOF,70,"['car_age', 'mileage', 'tax', 'mpg']","['tax', 'mpg']",0.05,0.5,"DecisionTreeRegressor(max_depth=10, max_features='sqrt', min_samples_leaf=4,
                      min_samples_split=10, random_state=42)",minmax,10,knn_modelwise,freq,"{'selector__selection_method': 'rfe', 'selector__n_features_to_select': 6, 'selector__model_name': 'dt', 'selector__k': 7, 'scaler__scaler_name': 'minmax', 'outlier_remover__z_columns': ['car_age', 'mileage', 'tax', 'mpg'], 'outlier_remover__threshold': 3, 'outlier_remover__sev_outliers_cols': ['car_age', 'mileage'], 'outlier_remover__outlier_method': 'LOF', 'outlier_remover__n_neighbors': 70, 'outlier_remover__model_columns': ['car_age', 'mileage', 'tax', 'mpg'], 'outlier_remover__mod_outliers_cols': ['tax', 'mpg'], 'outlier_remover__contamination_LOF': 0.05, 'outlier_remover__contamination_IF': 0.5, 'model': DecisionTreeRegressor(max_depth=10, max_features='sqrt', min_samples_leaf=4,
                      min_samples_split=10, random_state=42), 'imputer__knn_scaling_method': 'minmax', 'imputer__knn_neighbors': 10, 'imputer__imputation_method': 'knn_modelwise', 'encoder__method': 'freq'}",-3357.1481674345555,-3380.8901187464053,-3249.196285494399,-3329.0781905584536,57.31061059711073,288,-2399.507614349055,-2345.541955854185,-2533.6010841314105,-2426.2168847782173,79.06367803756277
65,0,2000,0.2598477204640706,0.019467605368056078,0.11034353574117024,0.023534996588898505,kbest,6,dt,10,standard,"['car_age', 'mileage', 'tax', 'mpg']",3,"['car_age', 'mileage', 'engineSize']",Isolation_Forest,30,"['car_age', 'mileage', 'tax', 'mpg']","['tax', 'mpg']",0.5,0.5,"DecisionTreeRegressor(max_depth=10, max_features='sqrt', min_samples_leaf=4,
                      min_samples_split=10, random_state=42)",robust,15,knn_modelwise,target,"{'selector__selection_method': 'kbest', 'selector__n_features_to_select': 6, 'selector__model_name': 'dt', 'selector__k': 10, 'scaler__scaler_name': 'standard', 'outlier_remover__z_columns': ['car_age', 'mileage', 'tax', 'mpg'], 'outlier_remover__threshold': 3, 'outlier_remover__sev_outliers_cols': ['car_age', 'mileage', 'engineSize'], 'outlier_remover__outlier_method': 'Isolation_Forest', 'outlier_remover__n_neighbors': 30, 'outlier_remover__model_columns': ['car_age', 'mileage', 'tax', 'mpg'], 'outlier_remover__mod_outliers_cols': ['tax', 'mpg'], 'outlier_remover__contamination_LOF': 0.5, 'outlier_remover__contamination_IF': 0.5, 'model': DecisionTreeRegressor(max_depth=10, max_features='sqrt', min_samples_leaf=4,
                      min_samples_split=10, random_state=42), 'imputer__knn_scaling_method': 'robust', 'imputer__knn_neighbors': 15, 'imputer__imputation_method': 'knn_modelwise', 'encoder__method': 'target'}",-3883.634460599034,-3789.71241193854,-3564.8425661060523,-3746.0631462145416,133.75602615032392,381,-3435.35004399907,-3461.3326968510455,-3136.4553347003493,-3344.379358516822,147.40663558635174
66,0,2000,0.04260603586832682,0.008746811772956992,0.006183306376139323,0.0011181172229704618,kbest,7,dt,6,robust,"['car_age', 'mileage', 'tax', 'mpg']",2,"['car_age', 'mileage', 'engineSize']",z_score,70,"['car_age', 'mileage', 'tax', 'mpg']","['car_age', 'mileage', 'tax', 'mpg']",0.05,0.15,"DecisionTreeRegressor(max_depth=10, max_features='sqrt', min_samples_leaf=4,
                      min_samples_split=10, random_state=42)",minmax,19,iterative,target,"{'selector__selection_method': 'kbest', 'selector__n_features_to_select': 7, 'selector__model_name': 'dt', 'selector__k': 6, 'scaler__scaler_name': 'robust', 'outlier_remover__z_columns': ['car_age', 'mileage', 'tax', 'mpg'], 'outlier_remover__threshold': 2, 'outlier_remover__sev_outliers_cols': ['car_age', 'mileage', 'engineSize'], 'outlier_remover__outlier_method': 'z_score', 'outlier_remover__n_neighbors': 70, 'outlier_remover__model_columns': ['car_age', 'mileage', 'tax', 'mpg'], 'outlier_remover__mod_outliers_cols': ['car_age', 'mileage', 'tax', 'mpg'], 'outlier_remover__contamination_LOF': 0.05, 'outlier_remover__contamination_IF': 0.15, 'model': DecisionTreeRegressor(max_depth=10, max_features='sqrt', min_samples_leaf=4,
                      min_samples_split=10, random_state=42), 'imputer__knn_scaling_method': 'minmax', 'imputer__knn_neighbors': 19, 'imputer__imputation_method': 'iterative', 'encoder__method': 'target'}",-3244.173443685041,-3312.5530906776503,-3056.3575073101465,-3204.3613472242796,108.3137310553765,249,-2235.8239030161076,-2255.6180521840324,-2211.9880608327076,-2234.476672010949,17.837326217142067
67,0,2000,0.29489556948343915,0.01583438776623786,0.09476772944132487,0.009020096917216868,model,7,dt,8,standard,"['car_age', 'mileage', 'tax', 'mpg']",3,"['car_age', 'mileage', 'engineSize']",Isolation_Forest,90,"['car_age', 'mileage', 'tax', 'mpg', 'engineSize']","['tax', 'mpg']",0.05,0.3,"DecisionTreeRegressor(max_depth=10, max_features='sqrt', min_samples_leaf=4,
                      min_samples_split=10, random_state=42)",standard,19,knn_modelwise,target,"{'selector__selection_method': 'model', 'selector__n_features_to_select': 7, 'selector__model_name': 'dt', 'selector__k': 8, 'scaler__scaler_name': 'standard', 'outlier_remover__z_columns': ['car_age', 'mileage', 'tax', 'mpg'], 'outlier_remover__threshold': 3, 'outlier_remover__sev_outliers_cols': ['car_age', 'mileage', 'engineSize'], 'outlier_remover__outlier_method': 'Isolation_Forest', 'outlier_remover__n_neighbors': 90, 'outlier_remover__model_columns': ['car_age', 'mileage', 'tax', 'mpg', 'engineSize'], 'outlier_remover__mod_outliers_cols': ['tax', 'mpg'], 'outlier_remover__contamination_LOF': 0.05, 'outlier_remover__contamination_IF': 0.3, 'model': DecisionTreeRegressor(max_depth=10, max_features='sqrt', min_samples_leaf=4,
                      min_samples_split=10, random_state=42), 'imputer__knn_scaling_method': 'standard', 'imputer__knn_neighbors': 19, 'imputer__imputation_method': 'knn_modelwise', 'encoder__method': 'target'}",-3490.793889105366,-3112.484095574061,-3445.9424577404397,-3349.740147473289,168.7616432447008,299,-3047.2336325351716,-2902.6313380862,-3172.2695091154337,-3040.711493245601,110.17588830193903
68,0,2000,0.04090619087219238,0.005350254565390687,0.005148490269978841,0.0005862426128117957,model,10,dt,9,minmax,"['car_age', 'mileage', 'tax', 'mpg']",2,"['car_age', 'mileage', 'engineSize']",z_score,50,"['car_age', 'mileage', 'tax', 'mpg', 'engineSize']","['car_age', 'mileage', 'tax', 'mpg']",0.15,0.3,"DecisionTreeRegressor(max_depth=10, max_features='sqrt', min_samples_leaf=4,
                      min_samples_split=10, random_state=42)",standard,11,iterative,freq,"{'selector__selection_method': 'model', 'selector__n_features_to_select': 10, 'selector__model_name': 'dt', 'selector__k': 9, 'scaler__scaler_name': 'minmax', 'outlier_remover__z_columns': ['car_age', 'mileage', 'tax', 'mpg'], 'outlier_remover__threshold': 2, 'outlier_remover__sev_outliers_cols': ['car_age', 'mileage', 'engineSize'], 'outlier_remover__outlier_method': 'z_score', 'outlier_remover__n_neighbors': 50, 'outlier_remover__model_columns': ['car_age', 'mileage', 'tax', 'mpg', 'engineSize'], 'outlier_remover__mod_outliers_cols': ['car_age', 'mileage', 'tax', 'mpg'], 'outlier_remover__contamination_LOF': 0.15, 'outlier_remover__contamination_IF': 0.3, 'model': DecisionTreeRegressor(max_depth=10, max_features='sqrt', min_samples_leaf=4,
                      min_samples_split=10, random_state=42), 'imputer__knn_scaling_method': 'standard', 'imputer__knn_neighbors': 11, 'imputer__imputation_method': 'iterative', 'encoder__method': 'freq'}",-3426.921818787811,-3435.2655878966652,-3250.519517133014,-3370.902307939163,85.19161485515399,307,-2256.5209382072494,-2519.709297655442,-2336.9179472465116,-2371.0493943697343,110.1234001754448
69,0,2000,0.050582329432169594,0.015080174056957931,0.007044315338134766,0.0014001462833543802,kbest,10,dt,6,robust,"['car_age', 'mileage', 'tax', 'mpg']",2,"['car_age', 'mileage', 'engineSize']",IQR,90,"['car_age', 'mileage', 'tax', 'mpg', 'engineSize']","['car_age', 'mileage', 'tax', 'mpg']",0.05,0.5,"DecisionTreeRegressor(max_depth=10, max_features='sqrt', min_samples_leaf=4,
                      min_samples_split=10, random_state=42)",robust,15,iterative,freq,"{'selector__selection_method': 'kbest', 'selector__n_features_to_select': 10, 'selector__model_name': 'dt', 'selector__k': 6, 'scaler__scaler_name': 'robust', 'outlier_remover__z_columns': ['car_age', 'mileage', 'tax', 'mpg'], 'outlier_remover__threshold': 2, 'outlier_remover__sev_outliers_cols': ['car_age', 'mileage', 'engineSize'], 'outlier_remover__outlier_method': 'IQR', 'outlier_remover__n_neighbors': 90, 'outlier_remover__model_columns': ['car_age', 'mileage', 'tax', 'mpg', 'engineSize'], 'outlier_remover__mod_outliers_cols': ['car_age', 'mileage', 'tax', 'mpg'], 'outlier_remover__contamination_LOF': 0.05, 'outlier_remover__contamination_IF': 0.5, 'model': DecisionTreeRegressor(max_depth=10, max_features='sqrt', min_samples_leaf=4,
                      min_samples_split=10, random_state=42), 'imputer__knn_scaling_method': 'robust', 'imputer__knn_neighbors': 15, 'imputer__imputation_method': 'iterative', 'encoder__method': 'freq'}",-3625.899850723596,-3572.9184273460596,-3188.6026162146395,-3462.473631428098,194.86021919368324,326,-2743.9669768363574,-2555.870624062738,-2458.9861839796113,-2586.2745949595687,118.31262023142027
70,0,2000,0.21293862660725912,0.023960591443032166,0.09549117088317871,0.010612326751723366,rfe,6,dt,10,robust,"['car_age', 'mileage', 'tax', 'mpg']",3,"['car_age', 'mileage', 'engineSize']",z_score,100,"['car_age', 'mileage', 'tax', 'mpg']","['tax', 'mpg']",0.5,0.05,"DecisionTreeRegressor(max_depth=10, max_features='sqrt', min_samples_leaf=4,
                      min_samples_split=10, random_state=42)",standard,11,knn_modelwise,freq,"{'selector__selection_method': 'rfe', 'selector__n_features_to_select': 6, 'selector__model_name': 'dt', 'selector__k': 10, 'scaler__scaler_name': 'robust', 'outlier_remover__z_columns': ['car_age', 'mileage', 'tax', 'mpg'], 'outlier_remover__threshold': 3, 'outlier_remover__sev_outliers_cols': ['car_age', 'mileage', 'engineSize'], 'outlier_remover__outlier_method': 'z_score', 'outlier_remover__n_neighbors': 100, 'outlier_remover__model_columns': ['car_age', 'mileage', 'tax', 'mpg'], 'outlier_remover__mod_outliers_cols': ['tax', 'mpg'], 'outlier_remover__contamination_LOF': 0.5, 'outlier_remover__contamination_IF': 0.05, 'model': DecisionTreeRegressor(max_depth=10, max_features='sqrt', min_samples_leaf=4,
                      min_samples_split=10, random_state=42), 'imputer__knn_scaling_method': 'standard', 'imputer__knn_neighbors': 11, 'imputer__imputation_method': 'knn_modelwise', 'encoder__method': 'freq'}",-3385.6625504019003,-3424.324318530359,-2974.7545599711225,-3261.5804763011274,203.42977951062926,265,-2561.0605424867013,-2470.0977381379844,-2360.6250718667293,-2463.927784163805,81.94366243419938
71,0,2000,0.26629137992858887,0.024039159585131715,0.1086260477701823,0.019633539289897275,rfe,5,dt,7,robust,"['car_age', 'mileage', 'tax', 'mpg']",2,"['car_age', 'mileage']",Isolation_Forest,100,"['car_age', 'mileage', 'tax', 'mpg']","['car_age', 'mileage', 'tax', 'mpg']",0.5,0.15,"DecisionTreeRegressor(max_depth=10, max_features='sqrt', min_samples_leaf=4,
                      min_samples_split=10, random_state=42)",minmax,14,knn_modelwise,freq,"{'selector__selection_method': 'rfe', 'selector__n_features_to_select': 5, 'selector__model_name': 'dt', 'selector__k': 7, 'scaler__scaler_name': 'robust', 'outlier_remover__z_columns': ['car_age', 'mileage', 'tax', 'mpg'], 'outlier_remover__threshold': 2, 'outlier_remover__sev_outliers_cols': ['car_age', 'mileage'], 'outlier_remover__outlier_method': 'Isolation_Forest', 'outlier_remover__n_neighbors': 100, 'outlier_remover__model_columns': ['car_age', 'mileage', 'tax', 'mpg'], 'outlier_remover__mod_outliers_cols': ['car_age', 'mileage', 'tax', 'mpg'], 'outlier_remover__contamination_LOF': 0.5, 'outlier_remover__contamination_IF': 0.15, 'model': DecisionTreeRegressor(max_depth=10, max_features='sqrt', min_samples_leaf=4,
                      min_samples_split=10, random_state=42), 'imputer__knn_scaling_method': 'minmax', 'imputer__knn_neighbors': 14, 'imputer__imputation_method': 'knn_modelwise', 'encoder__method': 'freq'}",-3535.2500873832887,-3572.194267367848,-3292.2620795803446,-3466.568811443827,124.17285180580305,329,-2930.6567454767132,-2841.9884104990483,-2721.312333962004,-2831.3191633125884,85.79683476972151
72,0,2000,0.23369272549947104,0.030822428067237322,0.10525862375895183,0.008305135840318901,model,7,dt,7,minmax,"['car_age', 'mileage', 'tax', 'mpg']",3,"['car_age', 'mileage', 'engineSize']",IQR,50,"['tax', 'mpg']","['car_age', 'mileage', 'tax', 'mpg']",0.15,0.3,"DecisionTreeRegressor(max_depth=10, max_features='sqrt', min_samples_leaf=4,
                      min_samples_split=10, random_state=42)",minmax,10,knn_modelwise,freq,"{'selector__selection_method': 'model', 'selector__n_features_to_select': 7, 'selector__model_name': 'dt', 'selector__k': 7, 'scaler__scaler_name': 'minmax', 'outlier_remover__z_columns': ['car_age', 'mileage', 'tax', 'mpg'], 'outlier_remover__threshold': 3, 'outlier_remover__sev_outliers_cols': ['car_age', 'mileage', 'engineSize'], 'outlier_remover__outlier_method': 'IQR', 'outlier_remover__n_neighbors': 50, 'outlier_remover__model_columns': ['tax', 'mpg'], 'outlier_remover__mod_outliers_cols': ['car_age', 'mileage', 'tax', 'mpg'], 'outlier_remover__contamination_LOF': 0.15, 'outlier_remover__contamination_IF': 0.3, 'model': DecisionTreeRegressor(max_depth=10, max_features='sqrt', min_samples_leaf=4,
                      min_samples_split=10, random_state=42), 'imputer__knn_scaling_method': 'minmax', 'imputer__knn_neighbors': 10, 'imputer__imputation_method': 'knn_modelwise', 'encoder__method': 'freq'}",-3805.0797256969604,-3343.3225599500292,-3545.561766064725,-3564.654683903905,188.99439967605738,355,-2687.882734637491,-2610.8422488221704,-2501.059826754351,-2599.9282700713375,76.65957616461792
73,0,2000,0.05372929573059082,0.005869899514530787,0.005419731140136719,0.0003844489053223836,rfe,8,dt,9,minmax,"['car_age', 'mileage', 'tax', 'mpg']",3,"['car_age', 'mileage']",IQR,70,"['car_age', 'mileage', 'tax', 'mpg']","['tax', 'mpg']",0.15,0.5,"DecisionTreeRegressor(max_depth=10, max_features='sqrt', min_samples_leaf=4,
                      min_samples_split=10, random_state=42)",standard,18,iterative,freq,"{'selector__selection_method': 'rfe', 'selector__n_features_to_select': 8, 'selector__model_name': 'dt', 'selector__k': 9, 'scaler__scaler_name': 'minmax', 'outlier_remover__z_columns': ['car_age', 'mileage', 'tax', 'mpg'], 'outlier_remover__threshold': 3, 'outlier_remover__sev_outliers_cols': ['car_age', 'mileage'], 'outlier_remover__outlier_method': 'IQR', 'outlier_remover__n_neighbors': 70, 'outlier_remover__model_columns': ['car_age', 'mileage', 'tax', 'mpg'], 'outlier_remover__mod_outliers_cols': ['tax', 'mpg'], 'outlier_remover__contamination_LOF': 0.15, 'outlier_remover__contamination_IF': 0.5, 'model': DecisionTreeRegressor(max_depth=10, max_features='sqrt', min_samples_leaf=4,
                      min_samples_split=10, random_state=42), 'imputer__knn_scaling_method': 'standard', 'imputer__knn_neighbors': 18, 'imputer__imputation_method': 'iterative', 'encoder__method': 'freq'}",-3827.297153118977,-3411.981493206778,-3451.4231593021045,-3563.56726854262,187.1790591387256,353,-2691.353990425557,-2618.090821879846,-2362.7991965269407,-2557.4146696107814,140.82674873539855
74,0,2000,0.03436565399169922,0.0020522830967193307,0.004641215006510417,0.0007398467300822823,kbest,8,dt,6,standard,"['car_age', 'mileage', 'tax', 'mpg']",3,"['car_age', 'mileage', 'engineSize']",LOF,70,"['tax', 'mpg']","['tax', 'mpg']",0.15,0.3,"DecisionTreeRegressor(max_depth=10, max_features='sqrt', min_samples_leaf=4,
                      min_samples_split=10, random_state=42)",robust,13,simple,freq,"{'selector__selection_method': 'kbest', 'selector__n_features_to_select': 8, 'selector__model_name': 'dt', 'selector__k': 6, 'scaler__scaler_name': 'standard', 'outlier_remover__z_columns': ['car_age', 'mileage', 'tax', 'mpg'], 'outlier_remover__threshold': 3, 'outlier_remover__sev_outliers_cols': ['car_age', 'mileage', 'engineSize'], 'outlier_remover__outlier_method': 'LOF', 'outlier_remover__n_neighbors': 70, 'outlier_remover__model_columns': ['tax', 'mpg'], 'outlier_remover__mod_outliers_cols': ['tax', 'mpg'], 'outlier_remover__contamination_LOF': 0.15, 'outlier_remover__contamination_IF': 0.3, 'model': DecisionTreeRegressor(max_depth=10, max_features='sqrt', min_samples_leaf=4,
                      min_samples_split=10, random_state=42), 'imputer__knn_scaling_method': 'robust', 'imputer__knn_neighbors': 13, 'imputer__imputation_method': 'simple', 'encoder__method': 'freq'}",-3475.703084277543,-3523.833417772046,-3314.9434355441595,-3438.1599791979156,89.31543249650494,320,-2836.0790459074888,-2640.640596215734,-2567.4680128457508,-2681.3958849896576,113.38347011479219
75,0,2000,0.11357458432515462,0.0053130000459245255,0.006395022074381511,0.0012411755581710874,model,6,dt,6,standard,"['car_age', 'mileage', 'tax', 'mpg']",2,"['car_age', 'mileage', 'engineSize']",Isolation_Forest,50,"['car_age', 'mileage', 'tax', 'mpg']","['tax', 'mpg']",0.15,0.15,"DecisionTreeRegressor(max_depth=10, max_features='sqrt', min_samples_leaf=4,
                      min_samples_split=10, random_state=42)",robust,18,simple,target,"{'selector__selection_method': 'model', 'selector__n_features_to_select': 6, 'selector__model_name': 'dt', 'selector__k': 6, 'scaler__scaler_name': 'standard', 'outlier_remover__z_columns': ['car_age', 'mileage', 'tax', 'mpg'], 'outlier_remover__threshold': 2, 'outlier_remover__sev_outliers_cols': ['car_age', 'mileage', 'engineSize'], 'outlier_remover__outlier_method': 'Isolation_Forest', 'outlier_remover__n_neighbors': 50, 'outlier_remover__model_columns': ['car_age', 'mileage', 'tax', 'mpg'], 'outlier_remover__mod_outliers_cols': ['tax', 'mpg'], 'outlier_remover__contamination_LOF': 0.15, 'outlier_remover__contamination_IF': 0.15, 'model': DecisionTreeRegressor(max_depth=10, max_features='sqrt', min_samples_leaf=4,
                      min_samples_split=10, random_state=42), 'imputer__knn_scaling_method': 'robust', 'imputer__knn_neighbors': 18, 'imputer__imputation_method': 'simple', 'encoder__method': 'target'}",-3343.590465100504,-3372.470646361682,-3086.9066586091494,-3267.655923357112,128.35170106031939,269,-2521.8764302567038,-2532.8946581672767,-2279.13922906513,-2444.63677249637,117.11085346201898
76,0,2000,0.05362542470296224,0.005484192972217973,0.006265401840209961,0.0007079468125255119,kbest,7,dt,9,robust,"['car_age', 'mileage', 'tax', 'mpg']",3,"['car_age', 'mileage', 'engineSize']",LOF,30,"['car_age', 'mileage', 'tax', 'mpg']","['tax', 'mpg']",0.5,0.15,"DecisionTreeRegressor(max_depth=10, max_features='sqrt', min_samples_leaf=4,
                      min_samples_split=10, random_state=42)",robust,15,iterative,target,"{'selector__selection_method': 'kbest', 'selector__n_features_to_select': 7, 'selector__model_name': 'dt', 'selector__k': 9, 'scaler__scaler_name': 'robust', 'outlier_remover__z_columns': ['car_age', 'mileage', 'tax', 'mpg'], 'outlier_remover__threshold': 3, 'outlier_remover__sev_outliers_cols': ['car_age', 'mileage', 'engineSize'], 'outlier_remover__outlier_method': 'LOF', 'outlier_remover__n_neighbors': 30, 'outlier_remover__model_columns': ['car_age', 'mileage', 'tax', 'mpg'], 'outlier_remover__mod_outliers_cols': ['tax', 'mpg'], 'outlier_remover__contamination_LOF': 0.5, 'outlier_remover__contamination_IF': 0.15, 'model': DecisionTreeRegressor(max_depth=10, max_features='sqrt', min_samples_leaf=4,
                      min_samples_split=10, random_state=42), 'imputer__knn_scaling_method': 'robust', 'imputer__knn_neighbors': 15, 'imputer__imputation_method': 'iterative', 'encoder__method': 'target'}",-3737.3067922489104,-3587.3175982129655,-3600.4604368038817,-3641.6949424219188,67.8203652897911,366,-2878.2568131149487,-2706.593187521125,-2834.445356753444,-2806.4317857965057,72.82705635647453
77,0,2000,0.02634565035502116,0.003082217717755707,0.005078633626302083,0.00045151981909519895,rfe,10,dt,5,standard,"['car_age', 'mileage', 'tax', 'mpg']",3,"['car_age', 'mileage', 'engineSize']",IQR,100,"['car_age', 'mileage', 'tax', 'mpg']","['tax', 'mpg']",0.5,0.05,"DecisionTreeRegressor(max_depth=10, max_features='sqrt', min_samples_leaf=4,
                      min_samples_split=10, random_state=42)",robust,18,simple,target,"{'selector__selection_method': 'rfe', 'selector__n_features_to_select': 10, 'selector__model_name': 'dt', 'selector__k': 5, 'scaler__scaler_name': 'standard', 'outlier_remover__z_columns': ['car_age', 'mileage', 'tax', 'mpg'], 'outlier_remover__threshold': 3, 'outlier_remover__sev_outliers_cols': ['car_age', 'mileage', 'engineSize'], 'outlier_remover__outlier_method': 'IQR', 'outlier_remover__n_neighbors': 100, 'outlier_remover__model_columns': ['car_age', 'mileage', 'tax', 'mpg'], 'outlier_remover__mod_outliers_cols': ['tax', 'mpg'], 'outlier_remover__contamination_LOF': 0.5, 'outlier_remover__contamination_IF': 0.05, 'model': DecisionTreeRegressor(max_depth=10, max_features='sqrt', min_samples_leaf=4,
                      min_samples_split=10, random_state=42), 'imputer__knn_scaling_method': 'robust', 'imputer__knn_neighbors': 18, 'imputer__imputation_method': 'simple', 'encoder__method': 'target'}",-3462.2469923408744,-3040.7667440722958,-2899.12558177833,-3134.0464393971665,239.16836040526348,217,-2222.9983646248356,-2234.2738951016045,-2072.9492035904727,-2176.7404877723043,73.53573916116535
78,0,2000,0.1934797763824463,0.019794941018362256,0.09441002209981282,0.0009562378707439671,kbest,9,dt,9,minmax,"['car_age', 'mileage', 'tax', 'mpg']",2,"['car_age', 'mileage', 'engineSize']",LOF,50,"['tax', 'mpg']","['tax', 'mpg']",0.5,0.3,"DecisionTreeRegressor(max_depth=10, max_features='sqrt', min_samples_leaf=4,
                      min_samples_split=10, random_state=42)",standard,19,knn_modelwise,target,"{'selector__selection_method': 'kbest', 'selector__n_features_to_select': 9, 'selector__model_name': 'dt', 'selector__k': 9, 'scaler__scaler_name': 'minmax', 'outlier_remover__z_columns': ['car_age', 'mileage', 'tax', 'mpg'], 'outlier_remover__threshold': 2, 'outlier_remover__sev_outliers_cols': ['car_age', 'mileage', 'engineSize'], 'outlier_remover__outlier_method': 'LOF', 'outlier_remover__n_neighbors': 50, 'outlier_remover__model_columns': ['tax', 'mpg'], 'outlier_remover__mod_outliers_cols': ['tax', 'mpg'], 'outlier_remover__contamination_LOF': 0.5, 'outlier_remover__contamination_IF': 0.3, 'model': DecisionTreeRegressor(max_depth=10, max_features='sqrt', min_samples_leaf=4,
                      min_samples_split=10, random_state=42), 'imputer__knn_scaling_method': 'standard', 'imputer__knn_neighbors': 19, 'imputer__imputation_method': 'knn_modelwise', 'encoder__method': 'target'}",-3567.0671365215367,-3255.843715651814,-3757.6187861609237,-3526.843212778091,206.8139717670519,343,-3066.662615714548,-2906.6694417746826,-3364.0918344523443,-3112.4746306471916,189.53076595437975
79,0,2000,0.21059544881184897,0.0206603449608845,0.0870512326558431,0.005252019121469302,model,5,dt,6,robust,"['car_age', 'mileage', 'tax', 'mpg']",2,"['car_age', 'mileage', 'engineSize']",LOF,100,"['car_age', 'mileage', 'tax', 'mpg', 'engineSize']","['car_age', 'mileage', 'tax', 'mpg']",0.3,0.05,"DecisionTreeRegressor(max_depth=10, max_features='sqrt', min_samples_leaf=4,
                      min_samples_split=10, random_state=42)",standard,15,knn_modelwise,target,"{'selector__selection_method': 'model', 'selector__n_features_to_select': 5, 'selector__model_name': 'dt', 'selector__k': 6, 'scaler__scaler_name': 'robust', 'outlier_remover__z_columns': ['car_age', 'mileage', 'tax', 'mpg'], 'outlier_remover__threshold': 2, 'outlier_remover__sev_outliers_cols': ['car_age', 'mileage', 'engineSize'], 'outlier_remover__outlier_method': 'LOF', 'outlier_remover__n_neighbors': 100, 'outlier_remover__model_columns': ['car_age', 'mileage', 'tax', 'mpg', 'engineSize'], 'outlier_remover__mod_outliers_cols': ['car_age', 'mileage', 'tax', 'mpg'], 'outlier_remover__contamination_LOF': 0.3, 'outlier_remover__contamination_IF': 0.05, 'model': DecisionTreeRegressor(max_depth=10, max_features='sqrt', min_samples_leaf=4,
                      min_samples_split=10, random_state=42), 'imputer__knn_scaling_method': 'standard', 'imputer__knn_neighbors': 15, 'imputer__imputation_method': 'knn_modelwise', 'encoder__method': 'target'}",-3531.239434158517,-3297.834669665496,-3092.043541823434,-3307.039215215816,179.41906384234144,280,-2702.831534150426,-2767.4932587438925,-2537.1922586875503,-2669.1723505272894,96.98571420015024
80,0,2000,0.06308205922444661,0.005711216687268564,0.005726019541422526,0.0005179602644528578,rfe,6,dt,5,standard,"['car_age', 'mileage', 'tax', 'mpg']",3,"['car_age', 'mileage', 'engineSize']",LOF,30,"['car_age', 'mileage', 'tax', 'mpg']","['tax', 'mpg']",0.05,0.5,"DecisionTreeRegressor(max_depth=10, max_features='sqrt', min_samples_leaf=4,
                      min_samples_split=10, random_state=42)",robust,20,iterative,target,"{'selector__selection_method': 'rfe', 'selector__n_features_to_select': 6, 'selector__model_name': 'dt', 'selector__k': 5, 'scaler__scaler_name': 'standard', 'outlier_remover__z_columns': ['car_age', 'mileage', 'tax', 'mpg'], 'outlier_remover__threshold': 3, 'outlier_remover__sev_outliers_cols': ['car_age', 'mileage', 'engineSize'], 'outlier_remover__outlier_method': 'LOF', 'outlier_remover__n_neighbors': 30, 'outlier_remover__model_columns': ['car_age', 'mileage', 'tax', 'mpg'], 'outlier_remover__mod_outliers_cols': ['tax', 'mpg'], 'outlier_remover__contamination_LOF': 0.05, 'outlier_remover__contamination_IF': 0.5, 'model': DecisionTreeRegressor(max_depth=10, max_features='sqrt', min_samples_leaf=4,
                      min_samples_split=10, random_state=42), 'imputer__knn_scaling_method': 'robust', 'imputer__knn_neighbors': 20, 'imputer__imputation_method': 'iterative', 'encoder__method': 'target'}",-3211.1190475460116,-3114.4518166231846,-3041.8455096204198,-3122.472124596539,69.33794855850238,208,-2267.651102750168,-2186.922697198102,-2082.7293616810875,-2179.1010538764526,75.69630619871015
81,0,2000,0.037132978439331055,0.004325040919989984,0.006045023600260417,0.0014367667806179513,kbest,10,dt,5,robust,"['car_age', 'mileage', 'tax', 'mpg']",2,"['car_age', 'mileage']",LOF,70,"['car_age', 'mileage', 'tax', 'mpg']","['car_age', 'mileage', 'tax', 'mpg']",0.05,0.5,"DecisionTreeRegressor(max_depth=10, max_features='sqrt', min_samples_leaf=4,
                      min_samples_split=10, random_state=42)",minmax,20,simple,target,"{'selector__selection_method': 'kbest', 'selector__n_features_to_select': 10, 'selector__model_name': 'dt', 'selector__k': 5, 'scaler__scaler_name': 'robust', 'outlier_remover__z_columns': ['car_age', 'mileage', 'tax', 'mpg'], 'outlier_remover__threshold': 2, 'outlier_remover__sev_outliers_cols': ['car_age', 'mileage'], 'outlier_remover__outlier_method': 'LOF', 'outlier_remover__n_neighbors': 70, 'outlier_remover__model_columns': ['car_age', 'mileage', 'tax', 'mpg'], 'outlier_remover__mod_outliers_cols': ['car_age', 'mileage', 'tax', 'mpg'], 'outlier_remover__contamination_LOF': 0.05, 'outlier_remover__contamination_IF': 0.5, 'model': DecisionTreeRegressor(max_depth=10, max_features='sqrt', min_samples_leaf=4,
                      min_samples_split=10, random_state=42), 'imputer__knn_scaling_method': 'minmax', 'imputer__knn_neighbors': 20, 'imputer__imputation_method': 'simple', 'encoder__method': 'target'}",-3270.152521059017,-3167.190446425251,-3137.37014644618,-3191.5710379768157,56.88350484548295,242,-2429.442656761688,-2581.922918301706,-2303.5993770582813,-2438.3216507072248,113.79843526365302
82,0,2000,0.20240259170532227,0.013167083205341415,0.1014864444732666,0.008547080330503774,rfe,10,dt,8,robust,"['car_age', 'mileage', 'tax', 'mpg']",3,"['car_age', 'mileage']",z_score,50,"['tax', 'mpg']","['car_age', 'mileage', 'tax', 'mpg']",0.05,0.15,"DecisionTreeRegressor(max_depth=10, max_features='sqrt', min_samples_leaf=4,
                      min_samples_split=10, random_state=42)",standard,13,knn_modelwise,target,"{'selector__selection_method': 'rfe', 'selector__n_features_to_select': 10, 'selector__model_name': 'dt', 'selector__k': 8, 'scaler__scaler_name': 'robust', 'outlier_remover__z_columns': ['car_age', 'mileage', 'tax', 'mpg'], 'outlier_remover__threshold': 3, 'outlier_remover__sev_outliers_cols': ['car_age', 'mileage'], 'outlier_remover__outlier_method': 'z_score', 'outlier_remover__n_neighbors': 50, 'outlier_remover__model_columns': ['tax', 'mpg'], 'outlier_remover__mod_outliers_cols': ['car_age', 'mileage', 'tax', 'mpg'], 'outlier_remover__contamination_LOF': 0.05, 'outlier_remover__contamination_IF': 0.15, 'model': DecisionTreeRegressor(max_depth=10, max_features='sqrt', min_samples_leaf=4,
                      min_samples_split=10, random_state=42), 'imputer__knn_scaling_method': 'standard', 'imputer__knn_neighbors': 13, 'imputer__imputation_method': 'knn_modelwise', 'encoder__method': 'target'}",-3519.777990511525,-2734.290712447043,-2981.2655570985357,-3078.4447533523676,327.9536686166638,188,-2266.5129909919606,-2098.4162133762675,-2085.1415682400957,-2150.0235908694413,82.54852837998234
83,0,2000,0.22777533531188965,0.014031438998011753,0.11731362342834473,0.01838205659847508,rfe,8,dt,6,minmax,"['car_age', 'mileage', 'tax', 'mpg']",2,"['car_age', 'mileage']",z_score,70,"['car_age', 'mileage', 'tax', 'mpg']","['car_age', 'mileage', 'tax', 'mpg']",0.05,0.3,"DecisionTreeRegressor(max_depth=10, max_features='sqrt', min_samples_leaf=4,
                      min_samples_split=10, random_state=42)",minmax,12,knn_modelwise,freq,"{'selector__selection_method': 'rfe', 'selector__n_features_to_select': 8, 'selector__model_name': 'dt', 'selector__k': 6, 'scaler__scaler_name': 'minmax', 'outlier_remover__z_columns': ['car_age', 'mileage', 'tax', 'mpg'], 'outlier_remover__threshold': 2, 'outlier_remover__sev_outliers_cols': ['car_age', 'mileage'], 'outlier_remover__outlier_method': 'z_score', 'outlier_remover__n_neighbors': 70, 'outlier_remover__model_columns': ['car_age', 'mileage', 'tax', 'mpg'], 'outlier_remover__mod_outliers_cols': ['car_age', 'mileage', 'tax', 'mpg'], 'outlier_remover__contamination_LOF': 0.05, 'outlier_remover__contamination_IF': 0.3, 'model': DecisionTreeRegressor(max_depth=10, max_features='sqrt', min_samples_leaf=4,
                      min_samples_split=10, random_state=42), 'imputer__knn_scaling_method': 'minmax', 'imputer__knn_neighbors': 12, 'imputer__imputation_method': 'knn_modelwise', 'encoder__method': 'freq'}",-3402.0065188492936,-3621.5472179339367,-3222.3465076044677,-3415.300081462566,163.24386846495014,314,-2453.2232250573143,-2629.9922651456814,-2523.5728042720566,-2535.5960981583507,72.66472358417955
84,0,2000,0.06975197792053223,0.00893617132099805,0.005934317906697591,0.0007505958450879132,kbest,8,dt,9,standard,"['car_age', 'mileage', 'tax', 'mpg']",3,"['car_age', 'mileage', 'engineSize']",LOF,100,"['tax', 'mpg']","['car_age', 'mileage', 'tax', 'mpg']",0.15,0.3,"DecisionTreeRegressor(max_depth=10, max_features='sqrt', min_samples_leaf=4,
                      min_samples_split=10, random_state=42)",robust,16,iterative,target,"{'selector__selection_method': 'kbest', 'selector__n_features_to_select': 8, 'selector__model_name': 'dt', 'selector__k': 9, 'scaler__scaler_name': 'standard', 'outlier_remover__z_columns': ['car_age', 'mileage', 'tax', 'mpg'], 'outlier_remover__threshold': 3, 'outlier_remover__sev_outliers_cols': ['car_age', 'mileage', 'engineSize'], 'outlier_remover__outlier_method': 'LOF', 'outlier_remover__n_neighbors': 100, 'outlier_remover__model_columns': ['tax', 'mpg'], 'outlier_remover__mod_outliers_cols': ['car_age', 'mileage', 'tax', 'mpg'], 'outlier_remover__contamination_LOF': 0.15, 'outlier_remover__contamination_IF': 0.3, 'model': DecisionTreeRegressor(max_depth=10, max_features='sqrt', min_samples_leaf=4,
                      min_samples_split=10, random_state=42), 'imputer__knn_scaling_method': 'robust', 'imputer__knn_neighbors': 16, 'imputer__imputation_method': 'iterative', 'encoder__method': 'target'}",-3252.9771888811183,-3099.593082667995,-3138.527312352763,-3163.6991946339585,65.09935357018249,231,-2528.9509449068405,-2396.8833977015015,-2424.7811435323174,-2450.2051620468865,56.834524685150505
85,0,2000,0.04677089055379232,0.0018533491449671503,0.005293925603230794,0.0003615393427969457,rfe,6,dt,7,robust,"['car_age', 'mileage', 'tax', 'mpg']",3,"['car_age', 'mileage']",LOF,50,"['car_age', 'mileage', 'tax', 'mpg']","['car_age', 'mileage', 'tax', 'mpg']",0.3,0.3,"DecisionTreeRegressor(max_depth=10, max_features='sqrt', min_samples_leaf=4,
                      min_samples_split=10, random_state=42)",minmax,10,simple,target,"{'selector__selection_method': 'rfe', 'selector__n_features_to_select': 6, 'selector__model_name': 'dt', 'selector__k': 7, 'scaler__scaler_name': 'robust', 'outlier_remover__z_columns': ['car_age', 'mileage', 'tax', 'mpg'], 'outlier_remover__threshold': 3, 'outlier_remover__sev_outliers_cols': ['car_age', 'mileage'], 'outlier_remover__outlier_method': 'LOF', 'outlier_remover__n_neighbors': 50, 'outlier_remover__model_columns': ['car_age', 'mileage', 'tax', 'mpg'], 'outlier_remover__mod_outliers_cols': ['car_age', 'mileage', 'tax', 'mpg'], 'outlier_remover__contamination_LOF': 0.3, 'outlier_remover__contamination_IF': 0.3, 'model': DecisionTreeRegressor(max_depth=10, max_features='sqrt', min_samples_leaf=4,
                      min_samples_split=10, random_state=42), 'imputer__knn_scaling_method': 'minmax', 'imputer__knn_neighbors': 10, 'imputer__imputation_method': 'simple', 'encoder__method': 'target'}",-3510.317494254148,-3259.7158145581066,-3312.2686596223894,-3360.7673228115477,107.90239637428803,302,-2617.4486852810414,-2620.298757409305,-2669.859754545889,-2635.8690657454117,24.06319349313711
86,0,2000,0.026785850524902344,0.0034368874713571365,0.004922231038411458,0.000957207202389729,kbest,10,dt,10,minmax,"['car_age', 'mileage', 'tax', 'mpg']",2,"['car_age', 'mileage', 'engineSize']",IQR,70,"['tax', 'mpg']","['tax', 'mpg']",0.3,0.05,"DecisionTreeRegressor(max_depth=10, max_features='sqrt', min_samples_leaf=4,
                      min_samples_split=10, random_state=42)",robust,13,simple,freq,"{'selector__selection_method': 'kbest', 'selector__n_features_to_select': 10, 'selector__model_name': 'dt', 'selector__k': 10, 'scaler__scaler_name': 'minmax', 'outlier_remover__z_columns': ['car_age', 'mileage', 'tax', 'mpg'], 'outlier_remover__threshold': 2, 'outlier_remover__sev_outliers_cols': ['car_age', 'mileage', 'engineSize'], 'outlier_remover__outlier_method': 'IQR', 'outlier_remover__n_neighbors': 70, 'outlier_remover__model_columns': ['tax', 'mpg'], 'outlier_remover__mod_outliers_cols': ['tax', 'mpg'], 'outlier_remover__contamination_LOF': 0.3, 'outlier_remover__contamination_IF': 0.05, 'model': DecisionTreeRegressor(max_depth=10, max_features='sqrt', min_samples_leaf=4,
                      min_samples_split=10, random_state=42), 'imputer__knn_scaling_method': 'robust', 'imputer__knn_neighbors': 13, 'imputer__imputation_method': 'simple', 'encoder__method': 'freq'}",-3310.2311110096243,-3019.3865327073245,-3124.018556070746,-3151.2120665958987,120.28371306476987,225,-2546.499652705648,-2471.0911215780234,-2403.353943420732,-2473.648239234801,58.46695739021241
87,0,2000,0.07150705655415852,0.01107347141773677,0.008156538009643555,0.0017032907740071367,rfe,6,dt,7,standard,"['car_age', 'mileage', 'tax', 'mpg']",2,"['car_age', 'mileage']",IQR,100,"['car_age', 'mileage', 'tax', 'mpg', 'engineSize']","['tax', 'mpg']",0.15,0.3,"DecisionTreeRegressor(max_depth=10, max_features='sqrt', min_samples_leaf=4,
                      min_samples_split=10, random_state=42)",robust,14,iterative,target,"{'selector__selection_method': 'rfe', 'selector__n_features_to_select': 6, 'selector__model_name': 'dt', 'selector__k': 7, 'scaler__scaler_name': 'standard', 'outlier_remover__z_columns': ['car_age', 'mileage', 'tax', 'mpg'], 'outlier_remover__threshold': 2, 'outlier_remover__sev_outliers_cols': ['car_age', 'mileage'], 'outlier_remover__outlier_method': 'IQR', 'outlier_remover__n_neighbors': 100, 'outlier_remover__model_columns': ['car_age', 'mileage', 'tax', 'mpg', 'engineSize'], 'outlier_remover__mod_outliers_cols': ['tax', 'mpg'], 'outlier_remover__contamination_LOF': 0.15, 'outlier_remover__contamination_IF': 0.3, 'model': DecisionTreeRegressor(max_depth=10, max_features='sqrt', min_samples_leaf=4,
                      min_samples_split=10, random_state=42), 'imputer__knn_scaling_method': 'robust', 'imputer__knn_neighbors': 14, 'imputer__imputation_method': 'iterative', 'encoder__method': 'target'}",-3189.364742115231,-2875.610692403132,-3008.7088885884586,-3024.561441035607,128.57910273965666,175,-2140.6914448720618,-2024.7589050172664,-2122.5714101052968,-2096.0072533315415,50.92039059893005
88,0,2000,0.2950805028279622,0.018080408697937127,0.09016354878743489,0.004342942972376898,rfe,6,dt,6,minmax,"['car_age', 'mileage', 'tax', 'mpg']",2,"['car_age', 'mileage', 'engineSize']",Isolation_Forest,30,"['car_age', 'mileage', 'tax', 'mpg']","['tax', 'mpg']",0.15,0.5,"DecisionTreeRegressor(max_depth=10, max_features='sqrt', min_samples_leaf=4,
                      min_samples_split=10, random_state=42)",robust,15,knn_modelwise,freq,"{'selector__selection_method': 'rfe', 'selector__n_features_to_select': 6, 'selector__model_name': 'dt', 'selector__k': 6, 'scaler__scaler_name': 'minmax', 'outlier_remover__z_columns': ['car_age', 'mileage', 'tax', 'mpg'], 'outlier_remover__threshold': 2, 'outlier_remover__sev_outliers_cols': ['car_age', 'mileage', 'engineSize'], 'outlier_remover__outlier_method': 'Isolation_Forest', 'outlier_remover__n_neighbors': 30, 'outlier_remover__model_columns': ['car_age', 'mileage', 'tax', 'mpg'], 'outlier_remover__mod_outliers_cols': ['tax', 'mpg'], 'outlier_remover__contamination_LOF': 0.15, 'outlier_remover__contamination_IF': 0.5, 'model': DecisionTreeRegressor(max_depth=10, max_features='sqrt', min_samples_leaf=4,
                      min_samples_split=10, random_state=42), 'imputer__knn_scaling_method': 'robust', 'imputer__knn_neighbors': 15, 'imputer__imputation_method': 'knn_modelwise', 'encoder__method': 'freq'}",-4424.973341819675,-4136.120297433281,-3880.83658094925,-4147.310073400735,222.28377050861621,392,-3701.852146057825,-3714.4788160127364,-3612.1914063182953,-3676.1741227962852,45.535328441879265
89,0,2000,0.19581143061319986,0.02927348827397061,0.13692760467529297,0.005615356751477403,kbest,8,dt,5,robust,"['car_age', 'mileage', 'tax', 'mpg']",3,"['car_age', 'mileage']",IQR,100,"['car_age', 'mileage', 'tax', 'mpg', 'engineSize']","['tax', 'mpg']",0.05,0.15,"DecisionTreeRegressor(max_depth=10, max_features='sqrt', min_samples_leaf=4,
                      min_samples_split=10, random_state=42)",minmax,11,knn_modelwise,freq,"{'selector__selection_method': 'kbest', 'selector__n_features_to_select': 8, 'selector__model_name': 'dt', 'selector__k': 5, 'scaler__scaler_name': 'robust', 'outlier_remover__z_columns': ['car_age', 'mileage', 'tax', 'mpg'], 'outlier_remover__threshold': 3, 'outlier_remover__sev_outliers_cols': ['car_age', 'mileage'], 'outlier_remover__outlier_method': 'IQR', 'outlier_remover__n_neighbors': 100, 'outlier_remover__model_columns': ['car_age', 'mileage', 'tax', 'mpg', 'engineSize'], 'outlier_remover__mod_outliers_cols': ['tax', 'mpg'], 'outlier_remover__contamination_LOF': 0.05, 'outlier_remover__contamination_IF': 0.15, 'model': DecisionTreeRegressor(max_depth=10, max_features='sqrt', min_samples_leaf=4,
                      min_samples_split=10, random_state=42), 'imputer__knn_scaling_method': 'minmax', 'imputer__knn_neighbors': 11, 'imputer__imputation_method': 'knn_modelwise', 'encoder__method': 'freq'}",-3496.7558305312045,-3173.845625496369,-3213.0499793001163,-3294.5504784425634,143.8737841518528,273,-2571.186372235438,-2411.7135004350253,-2431.8972570563233,-2471.5990432422623,70.89933276523463
90,0,2000,0.11656276384989421,0.014070585275378312,0.00520626703898112,0.0013419410616021688,rfe,7,dt,9,robust,"['car_age', 'mileage', 'tax', 'mpg']",3,"['car_age', 'mileage']",Isolation_Forest,90,"['car_age', 'mileage', 'tax', 'mpg']","['tax', 'mpg']",0.05,0.05,"DecisionTreeRegressor(max_depth=10, max_features='sqrt', min_samples_leaf=4,
                      min_samples_split=10, random_state=42)",standard,17,simple,target,"{'selector__selection_method': 'rfe', 'selector__n_features_to_select': 7, 'selector__model_name': 'dt', 'selector__k': 9, 'scaler__scaler_name': 'robust', 'outlier_remover__z_columns': ['car_age', 'mileage', 'tax', 'mpg'], 'outlier_remover__threshold': 3, 'outlier_remover__sev_outliers_cols': ['car_age', 'mileage'], 'outlier_remover__outlier_method': 'Isolation_Forest', 'outlier_remover__n_neighbors': 90, 'outlier_remover__model_columns': ['car_age', 'mileage', 'tax', 'mpg'], 'outlier_remover__mod_outliers_cols': ['tax', 'mpg'], 'outlier_remover__contamination_LOF': 0.05, 'outlier_remover__contamination_IF': 0.05, 'model': DecisionTreeRegressor(max_depth=10, max_features='sqrt', min_samples_leaf=4,
                      min_samples_split=10, random_state=42), 'imputer__knn_scaling_method': 'standard', 'imputer__knn_neighbors': 17, 'imputer__imputation_method': 'simple', 'encoder__method': 'target'}",-3686.0510995228065,-3096.596762357777,-3240.807225737717,-3341.1516958727666,250.88624702001098,297,-2586.175214816761,-2253.754797625681,-2467.671708915174,-2435.8672404525387,137.56083890898603
91,0,2000,0.04020158449808756,0.0017634911169327264,0.005069653193155925,0.000846216859477187,rfe,7,dt,10,minmax,"['car_age', 'mileage', 'tax', 'mpg']",2,"['car_age', 'mileage', 'engineSize']",z_score,90,"['tax', 'mpg']","['car_age', 'mileage', 'tax', 'mpg']",0.05,0.15,"DecisionTreeRegressor(max_depth=10, max_features='sqrt', min_samples_leaf=4,
                      min_samples_split=10, random_state=42)",minmax,20,simple,freq,"{'selector__selection_method': 'rfe', 'selector__n_features_to_select': 7, 'selector__model_name': 'dt', 'selector__k': 10, 'scaler__scaler_name': 'minmax', 'outlier_remover__z_columns': ['car_age', 'mileage', 'tax', 'mpg'], 'outlier_remover__threshold': 2, 'outlier_remover__sev_outliers_cols': ['car_age', 'mileage', 'engineSize'], 'outlier_remover__outlier_method': 'z_score', 'outlier_remover__n_neighbors': 90, 'outlier_remover__model_columns': ['tax', 'mpg'], 'outlier_remover__mod_outliers_cols': ['car_age', 'mileage', 'tax', 'mpg'], 'outlier_remover__contamination_LOF': 0.05, 'outlier_remover__contamination_IF': 0.15, 'model': DecisionTreeRegressor(max_depth=10, max_features='sqrt', min_samples_leaf=4,
                      min_samples_split=10, random_state=42), 'imputer__knn_scaling_method': 'minmax', 'imputer__knn_neighbors': 20, 'imputer__imputation_method': 'simple', 'encoder__method': 'freq'}",-3858.652911649944,-3338.410998948208,-3779.2407467937674,-3658.76821913064,228.83492503556278,370,-2801.2984656375697,-2583.52115941403,-2865.188788362746,-2750.0028044714486,120.57527922491687
92,0,2000,0.05098334948221842,0.0026299709142893943,0.0047270456949869795,0.00015791667180338565,kbest,8,dt,9,minmax,"['car_age', 'mileage', 'tax', 'mpg']",3,"['car_age', 'mileage', 'engineSize']",LOF,90,"['tax', 'mpg']","['tax', 'mpg']",0.05,0.15,"DecisionTreeRegressor(max_depth=10, max_features='sqrt', min_samples_leaf=4,
                      min_samples_split=10, random_state=42)",standard,19,simple,freq,"{'selector__selection_method': 'kbest', 'selector__n_features_to_select': 8, 'selector__model_name': 'dt', 'selector__k': 9, 'scaler__scaler_name': 'minmax', 'outlier_remover__z_columns': ['car_age', 'mileage', 'tax', 'mpg'], 'outlier_remover__threshold': 3, 'outlier_remover__sev_outliers_cols': ['car_age', 'mileage', 'engineSize'], 'outlier_remover__outlier_method': 'LOF', 'outlier_remover__n_neighbors': 90, 'outlier_remover__model_columns': ['tax', 'mpg'], 'outlier_remover__mod_outliers_cols': ['tax', 'mpg'], 'outlier_remover__contamination_LOF': 0.05, 'outlier_remover__contamination_IF': 0.15, 'model': DecisionTreeRegressor(max_depth=10, max_features='sqrt', min_samples_leaf=4,
                      min_samples_split=10, random_state=42), 'imputer__knn_scaling_method': 'standard', 'imputer__knn_neighbors': 19, 'imputer__imputation_method': 'simple', 'encoder__method': 'freq'}",-3595.199541503144,-3420.3037196873483,-3233.5170531126955,-3416.340104767729,147.6828545329483,315,-2550.526864410145,-2528.6016058293453,-2545.3695186255145,-2541.4993296216685,9.359950610726305
93,0,2000,0.032033284505208336,0.006333061950039493,0.005918105443318685,0.0017429244735085358,kbest,10,dt,8,minmax,"['car_age', 'mileage', 'tax', 'mpg']",2,"['car_age', 'mileage']",IQR,70,"['tax', 'mpg']","['car_age', 'mileage', 'tax', 'mpg']",0.3,0.15,"DecisionTreeRegressor(max_depth=10, max_features='sqrt', min_samples_leaf=4,
                      min_samples_split=10, random_state=42)",minmax,13,simple,target,"{'selector__selection_method': 'kbest', 'selector__n_features_to_select': 10, 'selector__model_name': 'dt', 'selector__k': 8, 'scaler__scaler_name': 'minmax', 'outlier_remover__z_columns': ['car_age', 'mileage', 'tax', 'mpg'], 'outlier_remover__threshold': 2, 'outlier_remover__sev_outliers_cols': ['car_age', 'mileage'], 'outlier_remover__outlier_method': 'IQR', 'outlier_remover__n_neighbors': 70, 'outlier_remover__model_columns': ['tax', 'mpg'], 'outlier_remover__mod_outliers_cols': ['car_age', 'mileage', 'tax', 'mpg'], 'outlier_remover__contamination_LOF': 0.3, 'outlier_remover__contamination_IF': 0.15, 'model': DecisionTreeRegressor(max_depth=10, max_features='sqrt', min_samples_leaf=4,
                      min_samples_split=10, random_state=42), 'imputer__knn_scaling_method': 'minmax', 'imputer__knn_neighbors': 13, 'imputer__imputation_method': 'simple', 'encoder__method': 'target'}",-3310.8456742835915,-3049.0544664988215,-3057.6524380192745,-3139.1841929338957,121.43373889477219,222,-2416.38727593222,-2280.7647663058065,-2374.5423067766405,-2357.2314496715558,56.704588936147246
94,0,2000,0.30576316515604657,0.05397613765672877,0.10454471906026204,0.016751439603434136,rfe,10,dt,6,robust,"['car_age', 'mileage', 'tax', 'mpg']",2,"['car_age', 'mileage']",Isolation_Forest,100,"['car_age', 'mileage', 'tax', 'mpg', 'engineSize']","['car_age', 'mileage', 'tax', 'mpg']",0.05,0.05,"DecisionTreeRegressor(max_depth=10, max_features='sqrt', min_samples_leaf=4,
                      min_samples_split=10, random_state=42)",standard,20,knn_modelwise,freq,"{'selector__selection_method': 'rfe', 'selector__n_features_to_select': 10, 'selector__model_name': 'dt', 'selector__k': 6, 'scaler__scaler_name': 'robust', 'outlier_remover__z_columns': ['car_age', 'mileage', 'tax', 'mpg'], 'outlier_remover__threshold': 2, 'outlier_remover__sev_outliers_cols': ['car_age', 'mileage'], 'outlier_remover__outlier_method': 'Isolation_Forest', 'outlier_remover__n_neighbors': 100, 'outlier_remover__model_columns': ['car_age', 'mileage', 'tax', 'mpg', 'engineSize'], 'outlier_remover__mod_outliers_cols': ['car_age', 'mileage', 'tax', 'mpg'], 'outlier_remover__contamination_LOF': 0.05, 'outlier_remover__contamination_IF': 0.05, 'model': DecisionTreeRegressor(max_depth=10, max_features='sqrt', min_samples_leaf=4,
                      min_samples_split=10, random_state=42), 'imputer__knn_scaling_method': 'standard', 'imputer__knn_neighbors': 20, 'imputer__imputation_method': 'knn_modelwise', 'encoder__method': 'freq'}",-3560.1852542872234,-3070.0157224437385,-3104.128451872819,-3244.7764762012607,223.4620662029474,257,-2642.8690005470826,-2364.684805529068,-2505.7350067398647,-2504.429604272005,113.5719732039483
95,0,2000,0.21915078163146973,0.050276514396863335,0.09988625844319661,0.0041597968167910145,rfe,6,dt,9,minmax,"['car_age', 'mileage', 'tax', 'mpg']",2,"['car_age', 'mileage']",IQR,70,"['car_age', 'mileage', 'tax', 'mpg']","['car_age', 'mileage', 'tax', 'mpg']",0.15,0.15,"DecisionTreeRegressor(max_depth=10, max_features='sqrt', min_samples_leaf=4,
                      min_samples_split=10, random_state=42)",standard,14,knn_modelwise,freq,"{'selector__selection_method': 'rfe', 'selector__n_features_to_select': 6, 'selector__model_name': 'dt', 'selector__k': 9, 'scaler__scaler_name': 'minmax', 'outlier_remover__z_columns': ['car_age', 'mileage', 'tax', 'mpg'], 'outlier_remover__threshold': 2, 'outlier_remover__sev_outliers_cols': ['car_age', 'mileage'], 'outlier_remover__outlier_method': 'IQR', 'outlier_remover__n_neighbors': 70, 'outlier_remover__model_columns': ['car_age', 'mileage', 'tax', 'mpg'], 'outlier_remover__mod_outliers_cols': ['car_age', 'mileage', 'tax', 'mpg'], 'outlier_remover__contamination_LOF': 0.15, 'outlier_remover__contamination_IF': 0.15, 'model': DecisionTreeRegressor(max_depth=10, max_features='sqrt', min_samples_leaf=4,
                      min_samples_split=10, random_state=42), 'imputer__knn_scaling_method': 'standard', 'imputer__knn_neighbors': 14, 'imputer__imputation_method': 'knn_modelwise', 'encoder__method': 'freq'}",-3297.2118572823706,-3302.9832147187994,-3165.7735470861167,-3255.3228730290957,63.36475610461578,264,-2284.7937911156314,-2537.5063190055034,-2372.5802839624967,-2398.2934646945437,104.75934703131597
96,0,2000,0.029783089955647785,0.002548202859839816,0.00638278325398763,0.0007995680091116772,kbest,8,dt,9,standard,"['car_age', 'mileage', 'tax', 'mpg']",2,"['car_age', 'mileage', 'engineSize']",IQR,100,"['car_age', 'mileage', 'tax', 'mpg', 'engineSize']","['car_age', 'mileage', 'tax', 'mpg']",0.05,0.5,"DecisionTreeRegressor(max_depth=10, max_features='sqrt', min_samples_leaf=4,
                      min_samples_split=10, random_state=42)",minmax,10,simple,target,"{'selector__selection_method': 'kbest', 'selector__n_features_to_select': 8, 'selector__model_name': 'dt', 'selector__k': 9, 'scaler__scaler_name': 'standard', 'outlier_remover__z_columns': ['car_age', 'mileage', 'tax', 'mpg'], 'outlier_remover__threshold': 2, 'outlier_remover__sev_outliers_cols': ['car_age', 'mileage', 'engineSize'], 'outlier_remover__outlier_method': 'IQR', 'outlier_remover__n_neighbors': 100, 'outlier_remover__model_columns': ['car_age', 'mileage', 'tax', 'mpg', 'engineSize'], 'outlier_remover__mod_outliers_cols': ['car_age', 'mileage', 'tax', 'mpg'], 'outlier_remover__contamination_LOF': 0.05, 'outlier_remover__contamination_IF': 0.5, 'model': DecisionTreeRegressor(max_depth=10, max_features='sqrt', min_samples_leaf=4,
                      min_samples_split=10, random_state=42), 'imputer__knn_scaling_method': 'minmax', 'imputer__knn_neighbors': 10, 'imputer__imputation_method': 'simple', 'encoder__method': 'target'}",-3377.8805292988777,-3090.567653462872,-3075.053651731833,-3181.167278164527,139.24139336972112,237,-2315.1962112817305,-2119.6447146613864,-1950.8036650640265,-2128.548197002381,148.89579338831277
97,0,2000,0.10442932446797688,0.008718786620082287,0.00653831164042155,0.0020815559236738593,model,5,dt,7,standard,"['car_age', 'mileage', 'tax', 'mpg']",2,"['car_age', 'mileage', 'engineSize']",Isolation_Forest,70,"['tax', 'mpg']","['tax', 'mpg']",0.5,0.05,"DecisionTreeRegressor(max_depth=10, max_features='sqrt', min_samples_leaf=4,
                      min_samples_split=10, random_state=42)",minmax,10,simple,target,"{'selector__selection_method': 'model', 'selector__n_features_to_select': 5, 'selector__model_name': 'dt', 'selector__k': 7, 'scaler__scaler_name': 'standard', 'outlier_remover__z_columns': ['car_age', 'mileage', 'tax', 'mpg'], 'outlier_remover__threshold': 2, 'outlier_remover__sev_outliers_cols': ['car_age', 'mileage', 'engineSize'], 'outlier_remover__outlier_method': 'Isolation_Forest', 'outlier_remover__n_neighbors': 70, 'outlier_remover__model_columns': ['tax', 'mpg'], 'outlier_remover__mod_outliers_cols': ['tax', 'mpg'], 'outlier_remover__contamination_LOF': 0.5, 'outlier_remover__contamination_IF': 0.05, 'model': DecisionTreeRegressor(max_depth=10, max_features='sqrt', min_samples_leaf=4,
                      min_samples_split=10, random_state=42), 'imputer__knn_scaling_method': 'minmax', 'imputer__knn_neighbors': 10, 'imputer__imputation_method': 'simple', 'encoder__method': 'target'}",-3441.4281819102694,-3224.7943141444266,-3259.7126271204384,-3308.645041058378,94.96786830692639,282,-2508.9300148032025,-2407.066610492309,-2416.6308227317672,-2444.2091493424264,45.930827399719846
98,0,2000,0.05174883206685384,0.005419542167964807,0.005911668141682942,0.0006332596538917583,rfe,8,dt,9,minmax,"['car_age', 'mileage', 'tax', 'mpg']",3,"['car_age', 'mileage', 'engineSize']",IQR,100,"['tax', 'mpg']","['tax', 'mpg']",0.3,0.05,"DecisionTreeRegressor(max_depth=10, max_features='sqrt', min_samples_leaf=4,
                      min_samples_split=10, random_state=42)",robust,17,iterative,target,"{'selector__selection_method': 'rfe', 'selector__n_features_to_select': 8, 'selector__model_name': 'dt', 'selector__k': 9, 'scaler__scaler_name': 'minmax', 'outlier_remover__z_columns': ['car_age', 'mileage', 'tax', 'mpg'], 'outlier_remover__threshold': 3, 'outlier_remover__sev_outliers_cols': ['car_age', 'mileage', 'engineSize'], 'outlier_remover__outlier_method': 'IQR', 'outlier_remover__n_neighbors': 100, 'outlier_remover__model_columns': ['tax', 'mpg'], 'outlier_remover__mod_outliers_cols': ['tax', 'mpg'], 'outlier_remover__contamination_LOF': 0.3, 'outlier_remover__contamination_IF': 0.05, 'model': DecisionTreeRegressor(max_depth=10, max_features='sqrt', min_samples_leaf=4,
                      min_samples_split=10, random_state=42), 'imputer__knn_scaling_method': 'robust', 'imputer__knn_neighbors': 17, 'imputer__imputation_method': 'iterative', 'encoder__method': 'target'}",-3155.682533180375,-3183.5711649425393,-3015.6472934754775,-3118.300330532797,73.47416080142278,204,-2259.8563682183867,-2301.4642405439567,-2266.4273550831513,-2275.9159879484982,18.263431132643934
99,0,2000,0.05953009923299154,0.007037912068842432,0.005768299102783203,0.0004186877802378025,rfe,6,dt,7,robust,"['car_age', 'mileage', 'tax', 'mpg']",3,"['car_age', 'mileage', 'engineSize']",IQR,30,"['car_age', 'mileage', 'tax', 'mpg']","['tax', 'mpg']",0.5,0.5,"DecisionTreeRegressor(max_depth=10, max_features='sqrt', min_samples_leaf=4,
                      min_samples_split=10, random_state=42)",standard,11,iterative,freq,"{'selector__selection_method': 'rfe', 'selector__n_features_to_select': 6, 'selector__model_name': 'dt', 'selector__k': 7, 'scaler__scaler_name': 'robust', 'outlier_remover__z_columns': ['car_age', 'mileage', 'tax', 'mpg'], 'outlier_remover__threshold': 3, 'outlier_remover__sev_outliers_cols': ['car_age', 'mileage', 'engineSize'], 'outlier_remover__outlier_method': 'IQR', 'outlier_remover__n_neighbors': 30, 'outlier_remover__model_columns': ['car_age', 'mileage', 'tax', 'mpg'], 'outlier_remover__mod_outliers_cols': ['tax', 'mpg'], 'outlier_remover__contamination_LOF': 0.5, 'outlier_remover__contamination_IF': 0.5, 'model': DecisionTreeRegressor(max_depth=10, max_features='sqrt', min_samples_leaf=4,
                      min_samples_split=10, random_state=42), 'imputer__knn_scaling_method': 'standard', 'imputer__knn_neighbors': 11, 'imputer__imputation_method': 'iterative', 'encoder__method': 'freq'}",-3375.241750953186,-3435.2692470182706,-3224.941146220243,-3345.150714730566,88.46310094059771,298,-2584.2811260605745,-2405.466906878141,-2411.02577569968,-2466.924602879465,83.01461881505159
100,0,2000,0.055895725886027016,0.010188940714863329,0.005260308583577474,0.00037378296998615717,rfe,9,dt,9,standard,"['car_age', 'mileage', 'tax', 'mpg']",2,"['car_age', 'mileage', 'engineSize']",z_score,70,"['car_age', 'mileage', 'tax', 'mpg', 'engineSize']","['car_age', 'mileage', 'tax', 'mpg']",0.05,0.3,"DecisionTreeRegressor(max_depth=10, max_features='sqrt', min_samples_leaf=4,
                      min_samples_split=10, random_state=42)",robust,13,iterative,freq,"{'selector__selection_method': 'rfe', 'selector__n_features_to_select': 9, 'selector__model_name': 'dt', 'selector__k': 9, 'scaler__scaler_name': 'standard', 'outlier_remover__z_columns': ['car_age', 'mileage', 'tax', 'mpg'], 'outlier_remover__threshold': 2, 'outlier_remover__sev_outliers_cols': ['car_age', 'mileage', 'engineSize'], 'outlier_remover__outlier_method': 'z_score', 'outlier_remover__n_neighbors': 70, 'outlier_remover__model_columns': ['car_age', 'mileage', 'tax', 'mpg', 'engineSize'], 'outlier_remover__mod_outliers_cols': ['car_age', 'mileage', 'tax', 'mpg'], 'outlier_remover__contamination_LOF': 0.05, 'outlier_remover__contamination_IF': 0.3, 'model': DecisionTreeRegressor(max_depth=10, max_features='sqrt', min_samples_leaf=4,
                      min_samples_split=10, random_state=42), 'imputer__knn_scaling_method': 'robust', 'imputer__knn_neighbors': 13, 'imputer__imputation_method': 'iterative', 'encoder__method': 'freq'}",-3434.8234900192606,-3426.32137279552,-3250.519517133014,-3370.554793315932,84.94869881504383,306,-2256.5209382072494,-2519.709297655442,-2336.9179472465116,-2371.0493943697343,110.1234001754448
101,0,2000,0.043082078297932945,0.006075071987841839,0.0053450266520182295,0.00025984382815991895,model,7,dt,9,robust,"['car_age', 'mileage', 'tax', 'mpg']",2,"['car_age', 'mileage', 'engineSize']",IQR,30,"['tax', 'mpg']","['tax', 'mpg']",0.3,0.5,"DecisionTreeRegressor(max_depth=10, max_features='sqrt', min_samples_leaf=4,
                      min_samples_split=10, random_state=42)",robust,14,iterative,target,"{'selector__selection_method': 'model', 'selector__n_features_to_select': 7, 'selector__model_name': 'dt', 'selector__k': 9, 'scaler__scaler_name': 'robust', 'outlier_remover__z_columns': ['car_age', 'mileage', 'tax', 'mpg'], 'outlier_remover__threshold': 2, 'outlier_remover__sev_outliers_cols': ['car_age', 'mileage', 'engineSize'], 'outlier_remover__outlier_method': 'IQR', 'outlier_remover__n_neighbors': 30, 'outlier_remover__model_columns': ['tax', 'mpg'], 'outlier_remover__mod_outliers_cols': ['tax', 'mpg'], 'outlier_remover__contamination_LOF': 0.3, 'outlier_remover__contamination_IF': 0.5, 'model': DecisionTreeRegressor(max_depth=10, max_features='sqrt', min_samples_leaf=4,
                      min_samples_split=10, random_state=42), 'imputer__knn_scaling_method': 'robust', 'imputer__knn_neighbors': 14, 'imputer__imputation_method': 'iterative', 'encoder__method': 'target'}",-3336.8595769490626,-3269.9489122637656,-3135.0736203302326,-3247.2940365143536,83.9218907419673,259,-2313.9347897687867,-2077.8703713673017,-2061.1321280766015,-2150.97909640423,115.42951874645482
102,0,2000,0.04792332649230957,0.0018980359878849554,0.004419247309366862,7.333592549599939e-05,rfe,7,dt,10,standard,"['car_age', 'mileage', 'tax', 'mpg']",3,"['car_age', 'mileage', 'engineSize']",LOF,100,"['car_age', 'mileage', 'tax', 'mpg']","['tax', 'mpg']",0.15,0.05,"DecisionTreeRegressor(max_depth=10, max_features='sqrt', min_samples_leaf=4,
                      min_samples_split=10, random_state=42)",standard,10,simple,freq,"{'selector__selection_method': 'rfe', 'selector__n_features_to_select': 7, 'selector__model_name': 'dt', 'selector__k': 10, 'scaler__scaler_name': 'standard', 'outlier_remover__z_columns': ['car_age', 'mileage', 'tax', 'mpg'], 'outlier_remover__threshold': 3, 'outlier_remover__sev_outliers_cols': ['car_age', 'mileage', 'engineSize'], 'outlier_remover__outlier_method': 'LOF', 'outlier_remover__n_neighbors': 100, 'outlier_remover__model_columns': ['car_age', 'mileage', 'tax', 'mpg'], 'outlier_remover__mod_outliers_cols': ['tax', 'mpg'], 'outlier_remover__contamination_LOF': 0.15, 'outlier_remover__contamination_IF': 0.05, 'model': DecisionTreeRegressor(max_depth=10, max_features='sqrt', min_samples_leaf=4,
                      min_samples_split=10, random_state=42), 'imputer__knn_scaling_method': 'standard', 'imputer__knn_neighbors': 10, 'imputer__imputation_method': 'simple', 'encoder__method': 'freq'}",-3941.5680026636455,-3599.2761945169364,-3725.351751861035,-3755.398649680539,141.34598811077655,383,-2953.1523534891903,-2810.6037413580125,-2786.5766910540915,-2850.1109286337646,73.51859725608671
103,0,2000,0.02379608154296875,0.0004192102877226707,0.005472024281819661,0.002114066421483731,kbest,10,dt,9,standard,"['car_age', 'mileage', 'tax', 'mpg']",2,"['car_age', 'mileage']",LOF,50,"['car_age', 'mileage', 'tax', 'mpg', 'engineSize']","['tax', 'mpg']",0.5,0.3,"DecisionTreeRegressor(max_depth=10, max_features='sqrt', min_samples_leaf=4,
                      min_samples_split=10, random_state=42)",robust,16,simple,freq,"{'selector__selection_method': 'kbest', 'selector__n_features_to_select': 10, 'selector__model_name': 'dt', 'selector__k': 9, 'scaler__scaler_name': 'standard', 'outlier_remover__z_columns': ['car_age', 'mileage', 'tax', 'mpg'], 'outlier_remover__threshold': 2, 'outlier_remover__sev_outliers_cols': ['car_age', 'mileage'], 'outlier_remover__outlier_method': 'LOF', 'outlier_remover__n_neighbors': 50, 'outlier_remover__model_columns': ['car_age', 'mileage', 'tax', 'mpg', 'engineSize'], 'outlier_remover__mod_outliers_cols': ['tax', 'mpg'], 'outlier_remover__contamination_LOF': 0.5, 'outlier_remover__contamination_IF': 0.3, 'model': DecisionTreeRegressor(max_depth=10, max_features='sqrt', min_samples_leaf=4,
                      min_samples_split=10, random_state=42), 'imputer__knn_scaling_method': 'robust', 'imputer__knn_neighbors': 16, 'imputer__imputation_method': 'simple', 'encoder__method': 'freq'}",-3640.7489050236577,-3567.450122517971,-3446.858490147524,-3551.6858392297177,79.93646525378357,349,-3000.6377927743133,-2878.955237412838,-2833.27882904484,-2904.290619743997,70.63364110464778
104,0,2000,0.22898205121358237,0.006189676295627126,0.10345896085103352,0.013695663721411554,model,7,dt,6,minmax,"['car_age', 'mileage', 'tax', 'mpg']",2,"['car_age', 'mileage']",Isolation_Forest,90,"['car_age', 'mileage', 'tax', 'mpg', 'engineSize']","['car_age', 'mileage', 'tax', 'mpg']",0.15,0.3,"DecisionTreeRegressor(max_depth=10, max_features='sqrt', min_samples_leaf=4,
                      min_samples_split=10, random_state=42)",minmax,17,knn_modelwise,freq,"{'selector__selection_method': 'model', 'selector__n_features_to_select': 7, 'selector__model_name': 'dt', 'selector__k': 6, 'scaler__scaler_name': 'minmax', 'outlier_remover__z_columns': ['car_age', 'mileage', 'tax', 'mpg'], 'outlier_remover__threshold': 2, 'outlier_remover__sev_outliers_cols': ['car_age', 'mileage'], 'outlier_remover__outlier_method': 'Isolation_Forest', 'outlier_remover__n_neighbors': 90, 'outlier_remover__model_columns': ['car_age', 'mileage', 'tax', 'mpg', 'engineSize'], 'outlier_remover__mod_outliers_cols': ['car_age', 'mileage', 'tax', 'mpg'], 'outlier_remover__contamination_LOF': 0.15, 'outlier_remover__contamination_IF': 0.3, 'model': DecisionTreeRegressor(max_depth=10, max_features='sqrt', min_samples_leaf=4,
                      min_samples_split=10, random_state=42), 'imputer__knn_scaling_method': 'minmax', 'imputer__knn_neighbors': 17, 'imputer__imputation_method': 'knn_modelwise', 'encoder__method': 'freq'}",-3615.7181757498593,-3313.4454937309233,-3592.230495126757,-3507.1313882025133,137.29187175068085,337,-3265.520975491155,-3068.968715596303,-3141.995307869285,-3158.828332985581,81.12011985678085
105,0,2000,0.1773072878519694,0.00946600442768646,0.11307764053344727,0.021546343163849156,kbest,5,dt,10,standard,"['car_age', 'mileage', 'tax', 'mpg']",3,"['car_age', 'mileage', 'engineSize']",IQR,100,"['car_age', 'mileage', 'tax', 'mpg']","['car_age', 'mileage', 'tax', 'mpg']",0.05,0.3,"DecisionTreeRegressor(max_depth=10, max_features='sqrt', min_samples_leaf=4,
                      min_samples_split=10, random_state=42)",robust,17,knn_modelwise,freq,"{'selector__selection_method': 'kbest', 'selector__n_features_to_select': 5, 'selector__model_name': 'dt', 'selector__k': 10, 'scaler__scaler_name': 'standard', 'outlier_remover__z_columns': ['car_age', 'mileage', 'tax', 'mpg'], 'outlier_remover__threshold': 3, 'outlier_remover__sev_outliers_cols': ['car_age', 'mileage', 'engineSize'], 'outlier_remover__outlier_method': 'IQR', 'outlier_remover__n_neighbors': 100, 'outlier_remover__model_columns': ['car_age', 'mileage', 'tax', 'mpg'], 'outlier_remover__mod_outliers_cols': ['car_age', 'mileage', 'tax', 'mpg'], 'outlier_remover__contamination_LOF': 0.05, 'outlier_remover__contamination_IF': 0.3, 'model': DecisionTreeRegressor(max_depth=10, max_features='sqrt', min_samples_leaf=4,
                      min_samples_split=10, random_state=42), 'imputer__knn_scaling_method': 'robust', 'imputer__knn_neighbors': 17, 'imputer__imputation_method': 'knn_modelwise', 'encoder__method': 'freq'}",-3332.6287650960753,-3234.7279512118143,-3082.974502078048,-3216.7770727953125,102.70828687018275,252,-2378.6604517137416,-2376.6607476465474,-2327.166108910152,-2360.829102756814,23.817326608016124
106,0,2000,0.025407711664835613,0.0010563845268220637,0.004284302393595378,0.00023195831115009702,kbest,8,dt,8,minmax,"['car_age', 'mileage', 'tax', 'mpg']",2,"['car_age', 'mileage', 'engineSize']",LOF,50,"['car_age', 'mileage', 'tax', 'mpg', 'engineSize']","['car_age', 'mileage', 'tax', 'mpg']",0.5,0.5,"DecisionTreeRegressor(max_depth=10, max_features='sqrt', min_samples_leaf=4,
                      min_samples_split=10, random_state=42)",robust,10,simple,target,"{'selector__selection_method': 'kbest', 'selector__n_features_to_select': 8, 'selector__model_name': 'dt', 'selector__k': 8, 'scaler__scaler_name': 'minmax', 'outlier_remover__z_columns': ['car_age', 'mileage', 'tax', 'mpg'], 'outlier_remover__threshold': 2, 'outlier_remover__sev_outliers_cols': ['car_age', 'mileage', 'engineSize'], 'outlier_remover__outlier_method': 'LOF', 'outlier_remover__n_neighbors': 50, 'outlier_remover__model_columns': ['car_age', 'mileage', 'tax', 'mpg', 'engineSize'], 'outlier_remover__mod_outliers_cols': ['car_age', 'mileage', 'tax', 'mpg'], 'outlier_remover__contamination_LOF': 0.5, 'outlier_remover__contamination_IF': 0.5, 'model': DecisionTreeRegressor(max_depth=10, max_features='sqrt', min_samples_leaf=4,
                      min_samples_split=10, random_state=42), 'imputer__knn_scaling_method': 'robust', 'imputer__knn_neighbors': 10, 'imputer__imputation_method': 'simple', 'encoder__method': 'target'}",-3621.0560021047586,-3618.765059435307,-3912.8711943524963,-3717.5640852975207,138.10614816181015,378,-2963.6762940326807,-2876.8695525541925,-2933.9649822630213,-2924.836942949965,36.02169177781447
107,0,2000,0.1301724910736084,0.01701290677179211,0.005643049875895183,0.0003783163895495164,rfe,5,dt,8,robust,"['car_age', 'mileage', 'tax', 'mpg']",2,"['car_age', 'mileage', 'engineSize']",Isolation_Forest,50,"['tax', 'mpg']","['car_age', 'mileage', 'tax', 'mpg']",0.15,0.05,"DecisionTreeRegressor(max_depth=10, max_features='sqrt', min_samples_leaf=4,
                      min_samples_split=10, random_state=42)",standard,14,iterative,target,"{'selector__selection_method': 'rfe', 'selector__n_features_to_select': 5, 'selector__model_name': 'dt', 'selector__k': 8, 'scaler__scaler_name': 'robust', 'outlier_remover__z_columns': ['car_age', 'mileage', 'tax', 'mpg'], 'outlier_remover__threshold': 2, 'outlier_remover__sev_outliers_cols': ['car_age', 'mileage', 'engineSize'], 'outlier_remover__outlier_method': 'Isolation_Forest', 'outlier_remover__n_neighbors': 50, 'outlier_remover__model_columns': ['tax', 'mpg'], 'outlier_remover__mod_outliers_cols': ['car_age', 'mileage', 'tax', 'mpg'], 'outlier_remover__contamination_LOF': 0.15, 'outlier_remover__contamination_IF': 0.05, 'model': DecisionTreeRegressor(max_depth=10, max_features='sqrt', min_samples_leaf=4,
                      min_samples_split=10, random_state=42), 'imputer__knn_scaling_method': 'standard', 'imputer__knn_neighbors': 14, 'imputer__imputation_method': 'iterative', 'encoder__method': 'target'}",-3093.9448356221305,-3163.57727632672,-2905.5834482438763,-3054.3685200642426,108.97986785660045,179,-2222.185731831125,-2246.710137505576,-2135.59836188139,-2201.4980770726966,47.661591560660256
108,0,2000,0.023010730743408203,0.0023064373378019307,0.004676421483357747,0.000989122078879307,rfe,10,dt,9,minmax,"['car_age', 'mileage', 'tax', 'mpg']",2,"['car_age', 'mileage']",z_score,90,"['car_age', 'mileage', 'tax', 'mpg']","['tax', 'mpg']",0.5,0.3,"DecisionTreeRegressor(max_depth=10, max_features='sqrt', min_samples_leaf=4,
                      min_samples_split=10, random_state=42)",minmax,15,simple,freq,"{'selector__selection_method': 'rfe', 'selector__n_features_to_select': 10, 'selector__model_name': 'dt', 'selector__k': 9, 'scaler__scaler_name': 'minmax', 'outlier_remover__z_columns': ['car_age', 'mileage', 'tax', 'mpg'], 'outlier_remover__threshold': 2, 'outlier_remover__sev_outliers_cols': ['car_age', 'mileage'], 'outlier_remover__outlier_method': 'z_score', 'outlier_remover__n_neighbors': 90, 'outlier_remover__model_columns': ['car_age', 'mileage', 'tax', 'mpg'], 'outlier_remover__mod_outliers_cols': ['tax', 'mpg'], 'outlier_remover__contamination_LOF': 0.5, 'outlier_remover__contamination_IF': 0.3, 'model': DecisionTreeRegressor(max_depth=10, max_features='sqrt', min_samples_leaf=4,
                      min_samples_split=10, random_state=42), 'imputer__knn_scaling_method': 'minmax', 'imputer__knn_neighbors': 15, 'imputer__imputation_method': 'simple', 'encoder__method': 'freq'}",-3211.902988414012,-3282.510478294885,-3299.7067942365993,-3264.7067536484988,37.992161802981784,267,-2524.5535160686627,-2530.801224227615,-2467.2242684135836,-2507.5263362366204,28.611780410865222
109,0,2000,0.20922748247782388,0.029213060220584845,0.11738197008768718,0.0037074549444869142,rfe,10,dt,8,robust,"['car_age', 'mileage', 'tax', 'mpg']",2,"['car_age', 'mileage', 'engineSize']",IQR,50,"['car_age', 'mileage', 'tax', 'mpg', 'engineSize']","['car_age', 'mileage', 'tax', 'mpg']",0.05,0.05,"DecisionTreeRegressor(max_depth=10, max_features='sqrt', min_samples_leaf=4,
                      min_samples_split=10, random_state=42)",minmax,20,knn_modelwise,freq,"{'selector__selection_method': 'rfe', 'selector__n_features_to_select': 10, 'selector__model_name': 'dt', 'selector__k': 8, 'scaler__scaler_name': 'robust', 'outlier_remover__z_columns': ['car_age', 'mileage', 'tax', 'mpg'], 'outlier_remover__threshold': 2, 'outlier_remover__sev_outliers_cols': ['car_age', 'mileage', 'engineSize'], 'outlier_remover__outlier_method': 'IQR', 'outlier_remover__n_neighbors': 50, 'outlier_remover__model_columns': ['car_age', 'mileage', 'tax', 'mpg', 'engineSize'], 'outlier_remover__mod_outliers_cols': ['car_age', 'mileage', 'tax', 'mpg'], 'outlier_remover__contamination_LOF': 0.05, 'outlier_remover__contamination_IF': 0.05, 'model': DecisionTreeRegressor(max_depth=10, max_features='sqrt', min_samples_leaf=4,
                      min_samples_split=10, random_state=42), 'imputer__knn_scaling_method': 'minmax', 'imputer__knn_neighbors': 20, 'imputer__imputation_method': 'knn_modelwise', 'encoder__method': 'freq'}",-3440.476125413154,-3239.7564563605106,-3169.0510690340357,-3283.0945502692334,114.96820747590137,272,-2252.184924568097,-2433.358441844795,-2352.0352254384543,-2345.8595306171155,74.09257833052392
110,0,2000,0.017596085866292317,0.0010488943938117585,0.005475918451944987,0.002196353233852335,kbest,7,dt,8,minmax,"['car_age', 'mileage', 'tax', 'mpg']",3,"['car_age', 'mileage']",IQR,50,"['car_age', 'mileage', 'tax', 'mpg']","['tax', 'mpg']",0.3,0.05,"DecisionTreeRegressor(max_depth=10, max_features='sqrt', min_samples_leaf=4,
                      min_samples_split=10, random_state=42)",minmax,20,simple,freq,"{'selector__selection_method': 'kbest', 'selector__n_features_to_select': 7, 'selector__model_name': 'dt', 'selector__k': 8, 'scaler__scaler_name': 'minmax', 'outlier_remover__z_columns': ['car_age', 'mileage', 'tax', 'mpg'], 'outlier_remover__threshold': 3, 'outlier_remover__sev_outliers_cols': ['car_age', 'mileage'], 'outlier_remover__outlier_method': 'IQR', 'outlier_remover__n_neighbors': 50, 'outlier_remover__model_columns': ['car_age', 'mileage', 'tax', 'mpg'], 'outlier_remover__mod_outliers_cols': ['tax', 'mpg'], 'outlier_remover__contamination_LOF': 0.3, 'outlier_remover__contamination_IF': 0.05, 'model': DecisionTreeRegressor(max_depth=10, max_features='sqrt', min_samples_leaf=4,
                      min_samples_split=10, random_state=42), 'imputer__knn_scaling_method': 'minmax', 'imputer__knn_neighbors': 20, 'imputer__imputation_method': 'simple', 'encoder__method': 'freq'}",-3430.3419654383715,-3547.1128023493484,-3317.202699921627,-3431.5524892364488,93.86430924648849,319,-2695.8813381861883,-2597.9266095679654,-2587.51083297539,-2627.106260243181,48.81687283482107
111,0,2000,0.20141752560933432,0.01892151010058564,0.1043240229288737,0.008397236692296459,rfe,10,dt,6,robust,"['car_age', 'mileage', 'tax', 'mpg']",3,"['car_age', 'mileage']",IQR,50,"['car_age', 'mileage', 'tax', 'mpg']","['tax', 'mpg']",0.15,0.3,"DecisionTreeRegressor(max_depth=10, max_features='sqrt', min_samples_leaf=4,
                      min_samples_split=10, random_state=42)",robust,17,knn_modelwise,target,"{'selector__selection_method': 'rfe', 'selector__n_features_to_select': 10, 'selector__model_name': 'dt', 'selector__k': 6, 'scaler__scaler_name': 'robust', 'outlier_remover__z_columns': ['car_age', 'mileage', 'tax', 'mpg'], 'outlier_remover__threshold': 3, 'outlier_remover__sev_outliers_cols': ['car_age', 'mileage'], 'outlier_remover__outlier_method': 'IQR', 'outlier_remover__n_neighbors': 50, 'outlier_remover__model_columns': ['car_age', 'mileage', 'tax', 'mpg'], 'outlier_remover__mod_outliers_cols': ['tax', 'mpg'], 'outlier_remover__contamination_LOF': 0.15, 'outlier_remover__contamination_IF': 0.3, 'model': DecisionTreeRegressor(max_depth=10, max_features='sqrt', min_samples_leaf=4,
                      min_samples_split=10, random_state=42), 'imputer__knn_scaling_method': 'robust', 'imputer__knn_neighbors': 17, 'imputer__imputation_method': 'knn_modelwise', 'encoder__method': 'target'}",-3329.6274160302683,-3094.461255473117,-3091.529166082485,-3171.872612528623,111.5559136574737,233,-2268.7133101903805,-2091.6270258636896,-2023.6792965453456,-2128.0065441998054,103.28929914411795
112,0,2000,0.02304395039876302,0.0013588855987104532,0.004230817159016927,0.00024488465281348936,model,7,dt,10,robust,"['car_age', 'mileage', 'tax', 'mpg']",2,"['car_age', 'mileage', 'engineSize']",z_score,70,"['tax', 'mpg']","['tax', 'mpg']",0.15,0.5,"DecisionTreeRegressor(max_depth=10, max_features='sqrt', min_samples_leaf=4,
                      min_samples_split=10, random_state=42)",standard,11,simple,target,"{'selector__selection_method': 'model', 'selector__n_features_to_select': 7, 'selector__model_name': 'dt', 'selector__k': 10, 'scaler__scaler_name': 'robust', 'outlier_remover__z_columns': ['car_age', 'mileage', 'tax', 'mpg'], 'outlier_remover__threshold': 2, 'outlier_remover__sev_outliers_cols': ['car_age', 'mileage', 'engineSize'], 'outlier_remover__outlier_method': 'z_score', 'outlier_remover__n_neighbors': 70, 'outlier_remover__model_columns': ['tax', 'mpg'], 'outlier_remover__mod_outliers_cols': ['tax', 'mpg'], 'outlier_remover__contamination_LOF': 0.15, 'outlier_remover__contamination_IF': 0.5, 'model': DecisionTreeRegressor(max_depth=10, max_features='sqrt', min_samples_leaf=4,
                      min_samples_split=10, random_state=42), 'imputer__knn_scaling_method': 'standard', 'imputer__knn_neighbors': 11, 'imputer__imputation_method': 'simple', 'encoder__method': 'target'}",-3252.453078672091,-3112.177504253352,-3041.1718258065,-3135.2674695773144,87.78687003992427,218,-2210.1888428295056,-2144.6592906739756,-2058.9523547130834,-2137.933496072188,61.924933423278695
113,0,2000,0.1171879768371582,0.01935801953129264,0.005565722783406575,0.0005164343206034504,kbest,5,dt,6,standard,"['car_age', 'mileage', 'tax', 'mpg']",3,"['car_age', 'mileage', 'engineSize']",Isolation_Forest,30,"['car_age', 'mileage', 'tax', 'mpg']","['car_age', 'mileage', 'tax', 'mpg']",0.05,0.3,"DecisionTreeRegressor(max_depth=10, max_features='sqrt', min_samples_leaf=4,
                      min_samples_split=10, random_state=42)",robust,10,iterative,target,"{'selector__selection_method': 'kbest', 'selector__n_features_to_select': 5, 'selector__model_name': 'dt', 'selector__k': 6, 'scaler__scaler_name': 'standard', 'outlier_remover__z_columns': ['car_age', 'mileage', 'tax', 'mpg'], 'outlier_remover__threshold': 3, 'outlier_remover__sev_outliers_cols': ['car_age', 'mileage', 'engineSize'], 'outlier_remover__outlier_method': 'Isolation_Forest', 'outlier_remover__n_neighbors': 30, 'outlier_remover__model_columns': ['car_age', 'mileage', 'tax', 'mpg'], 'outlier_remover__mod_outliers_cols': ['car_age', 'mileage', 'tax', 'mpg'], 'outlier_remover__contamination_LOF': 0.05, 'outlier_remover__contamination_IF': 0.3, 'model': DecisionTreeRegressor(max_depth=10, max_features='sqrt', min_samples_leaf=4,
                      min_samples_split=10, random_state=42), 'imputer__knn_scaling_method': 'robust', 'imputer__knn_neighbors': 10, 'imputer__imputation_method': 'iterative', 'encoder__method': 'target'}",-3503.030623283773,-3793.8478506199467,-3682.4105887971523,-3659.763020900291,119.80080460944929,371,-2843.724146861153,-2899.6668134027373,-3014.8137009330917,-2919.401553732327,71.22735364095728
114,0,2000,0.03877528508504232,0.004853294307055543,0.006313403447469075,0.0020703639064984206,model,8,dt,6,robust,"['car_age', 'mileage', 'tax', 'mpg']",2,"['car_age', 'mileage']",LOF,100,"['car_age', 'mileage', 'tax', 'mpg', 'engineSize']","['car_age', 'mileage', 'tax', 'mpg']",0.3,0.5,"DecisionTreeRegressor(max_depth=10, max_features='sqrt', min_samples_leaf=4,
                      min_samples_split=10, random_state=42)",standard,11,simple,freq,"{'selector__selection_method': 'model', 'selector__n_features_to_select': 8, 'selector__model_name': 'dt', 'selector__k': 6, 'scaler__scaler_name': 'robust', 'outlier_remover__z_columns': ['car_age', 'mileage', 'tax', 'mpg'], 'outlier_remover__threshold': 2, 'outlier_remover__sev_outliers_cols': ['car_age', 'mileage'], 'outlier_remover__outlier_method': 'LOF', 'outlier_remover__n_neighbors': 100, 'outlier_remover__model_columns': ['car_age', 'mileage', 'tax', 'mpg', 'engineSize'], 'outlier_remover__mod_outliers_cols': ['car_age', 'mileage', 'tax', 'mpg'], 'outlier_remover__contamination_LOF': 0.3, 'outlier_remover__contamination_IF': 0.5, 'model': DecisionTreeRegressor(max_depth=10, max_features='sqrt', min_samples_leaf=4,
                      min_samples_split=10, random_state=42), 'imputer__knn_scaling_method': 'standard', 'imputer__knn_neighbors': 11, 'imputer__imputation_method': 'simple', 'encoder__method': 'freq'}",-3613.3005796675325,-3224.8700839798958,-3482.618261545067,-3440.262975064165,161.37955305158755,321,-2898.384571975175,-2698.618114068608,-2771.2780681420813,-2789.4269180619544,82.55783827594081
115,0,2000,0.025271177291870117,0.002990764628826608,0.008626461029052734,0.0004208742789588707,model,5,dt,6,standard,"['car_age', 'mileage', 'tax', 'mpg']",3,"['car_age', 'mileage']",IQR,90,"['car_age', 'mileage', 'tax', 'mpg']","['tax', 'mpg']",0.5,0.3,"DecisionTreeRegressor(max_depth=10, max_features='sqrt', min_samples_leaf=4,
                      min_samples_split=10, random_state=42)",robust,15,simple,freq,"{'selector__selection_method': 'model', 'selector__n_features_to_select': 5, 'selector__model_name': 'dt', 'selector__k': 6, 'scaler__scaler_name': 'standard', 'outlier_remover__z_columns': ['car_age', 'mileage', 'tax', 'mpg'], 'outlier_remover__threshold': 3, 'outlier_remover__sev_outliers_cols': ['car_age', 'mileage'], 'outlier_remover__outlier_method': 'IQR', 'outlier_remover__n_neighbors': 90, 'outlier_remover__model_columns': ['car_age', 'mileage', 'tax', 'mpg'], 'outlier_remover__mod_outliers_cols': ['tax', 'mpg'], 'outlier_remover__contamination_LOF': 0.5, 'outlier_remover__contamination_IF': 0.3, 'model': DecisionTreeRegressor(max_depth=10, max_features='sqrt', min_samples_leaf=4,
                      min_samples_split=10, random_state=42), 'imputer__knn_scaling_method': 'robust', 'imputer__knn_neighbors': 15, 'imputer__imputation_method': 'simple', 'encoder__method': 'freq'}",-3542.5756127536242,-3138.359750316351,-3258.959099506989,-3313.2981541923214,169.43467868089817,285,-2353.89686604969,-2560.728843863256,-2403.5423484413723,-2439.3893527847727,88.16130123005479
116,0,2000,0.06472174326578777,0.0191410672587705,0.006348212560017903,0.0009717054550703749,rfe,8,dt,6,standard,"['car_age', 'mileage', 'tax', 'mpg']",3,"['car_age', 'mileage', 'engineSize']",IQR,30,"['car_age', 'mileage', 'tax', 'mpg']","['car_age', 'mileage', 'tax', 'mpg']",0.05,0.15,"DecisionTreeRegressor(max_depth=10, max_features='sqrt', min_samples_leaf=4,
                      min_samples_split=10, random_state=42)",minmax,16,iterative,freq,"{'selector__selection_method': 'rfe', 'selector__n_features_to_select': 8, 'selector__model_name': 'dt', 'selector__k': 6, 'scaler__scaler_name': 'standard', 'outlier_remover__z_columns': ['car_age', 'mileage', 'tax', 'mpg'], 'outlier_remover__threshold': 3, 'outlier_remover__sev_outliers_cols': ['car_age', 'mileage', 'engineSize'], 'outlier_remover__outlier_method': 'IQR', 'outlier_remover__n_neighbors': 30, 'outlier_remover__model_columns': ['car_age', 'mileage', 'tax', 'mpg'], 'outlier_remover__mod_outliers_cols': ['car_age', 'mileage', 'tax', 'mpg'], 'outlier_remover__contamination_LOF': 0.05, 'outlier_remover__contamination_IF': 0.15, 'model': DecisionTreeRegressor(max_depth=10, max_features='sqrt', min_samples_leaf=4,
                      min_samples_split=10, random_state=42), 'imputer__knn_scaling_method': 'minmax', 'imputer__knn_neighbors': 16, 'imputer__imputation_method': 'iterative', 'encoder__method': 'freq'}",-3715.798679495762,-3184.905821908506,-3568.560270704151,-3489.75492403614,223.78489457049258,333,-2750.018417700772,-2527.5076761614796,-2526.969849256976,-2601.498647706409,105.01956603042628
117,0,2000,0.022534529368082683,0.00617527020314931,0.005544741948445638,0.0019894989188449126,kbest,5,dt,9,standard,"['car_age', 'mileage', 'tax', 'mpg']",2,"['car_age', 'mileage']",z_score,50,"['tax', 'mpg']","['tax', 'mpg']",0.05,0.5,"DecisionTreeRegressor(max_depth=10, max_features='sqrt', min_samples_leaf=4,
                      min_samples_split=10, random_state=42)",robust,17,simple,freq,"{'selector__selection_method': 'kbest', 'selector__n_features_to_select': 5, 'selector__model_name': 'dt', 'selector__k': 9, 'scaler__scaler_name': 'standard', 'outlier_remover__z_columns': ['car_age', 'mileage', 'tax', 'mpg'], 'outlier_remover__threshold': 2, 'outlier_remover__sev_outliers_cols': ['car_age', 'mileage'], 'outlier_remover__outlier_method': 'z_score', 'outlier_remover__n_neighbors': 50, 'outlier_remover__model_columns': ['tax', 'mpg'], 'outlier_remover__mod_outliers_cols': ['tax', 'mpg'], 'outlier_remover__contamination_LOF': 0.05, 'outlier_remover__contamination_IF': 0.5, 'model': DecisionTreeRegressor(max_depth=10, max_features='sqrt', min_samples_leaf=4,
                      min_samples_split=10, random_state=42), 'imputer__knn_scaling_method': 'robust', 'imputer__knn_neighbors': 17, 'imputer__imputation_method': 'simple', 'encoder__method': 'freq'}",-3655.2446956710187,-3658.449376296378,-3088.1935835095155,-3467.2958851589706,268.06900085788055,330,-2385.0130439627287,-2518.5346144154096,-2389.9751300112634,-2431.1742627964672,61.80630415918857
118,0,2000,0.05205575625101725,0.001926653091324905,0.004151980082194011,6.19259335874015e-05,rfe,10,dt,6,robust,"['car_age', 'mileage', 'tax', 'mpg']",2,"['car_age', 'mileage']",LOF,100,"['car_age', 'mileage', 'tax', 'mpg']","['car_age', 'mileage', 'tax', 'mpg']",0.3,0.15,"DecisionTreeRegressor(max_depth=10, max_features='sqrt', min_samples_leaf=4,
                      min_samples_split=10, random_state=42)",robust,16,simple,target,"{'selector__selection_method': 'rfe', 'selector__n_features_to_select': 10, 'selector__model_name': 'dt', 'selector__k': 6, 'scaler__scaler_name': 'robust', 'outlier_remover__z_columns': ['car_age', 'mileage', 'tax', 'mpg'], 'outlier_remover__threshold': 2, 'outlier_remover__sev_outliers_cols': ['car_age', 'mileage'], 'outlier_remover__outlier_method': 'LOF', 'outlier_remover__n_neighbors': 100, 'outlier_remover__model_columns': ['car_age', 'mileage', 'tax', 'mpg'], 'outlier_remover__mod_outliers_cols': ['car_age', 'mileage', 'tax', 'mpg'], 'outlier_remover__contamination_LOF': 0.3, 'outlier_remover__contamination_IF': 0.15, 'model': DecisionTreeRegressor(max_depth=10, max_features='sqrt', min_samples_leaf=4,
                      min_samples_split=10, random_state=42), 'imputer__knn_scaling_method': 'robust', 'imputer__knn_neighbors': 16, 'imputer__imputation_method': 'simple', 'encoder__method': 'target'}",-3508.723910331108,-3239.263455062323,-3246.6535330842494,-3331.546966159227,125.31934001543681,293,-2679.9554104602744,-2562.054254086614,-2591.4561720980932,-2611.1552788816607,50.10796193962504
119,0,2000,0.06931177775065105,0.01725993896343691,0.009068965911865234,0.0005837704429170805,kbest,10,dt,5,standard,"['car_age', 'mileage', 'tax', 'mpg']",3,"['car_age', 'mileage', 'engineSize']",LOF,90,"['car_age', 'mileage', 'tax', 'mpg', 'engineSize']","['tax', 'mpg']",0.5,0.3,"DecisionTreeRegressor(max_depth=10, max_features='sqrt', min_samples_leaf=4,
                      min_samples_split=10, random_state=42)",minmax,16,iterative,freq,"{'selector__selection_method': 'kbest', 'selector__n_features_to_select': 10, 'selector__model_name': 'dt', 'selector__k': 5, 'scaler__scaler_name': 'standard', 'outlier_remover__z_columns': ['car_age', 'mileage', 'tax', 'mpg'], 'outlier_remover__threshold': 3, 'outlier_remover__sev_outliers_cols': ['car_age', 'mileage', 'engineSize'], 'outlier_remover__outlier_method': 'LOF', 'outlier_remover__n_neighbors': 90, 'outlier_remover__model_columns': ['car_age', 'mileage', 'tax', 'mpg', 'engineSize'], 'outlier_remover__mod_outliers_cols': ['tax', 'mpg'], 'outlier_remover__contamination_LOF': 0.5, 'outlier_remover__contamination_IF': 0.3, 'model': DecisionTreeRegressor(max_depth=10, max_features='sqrt', min_samples_leaf=4,
                      min_samples_split=10, random_state=42), 'imputer__knn_scaling_method': 'minmax', 'imputer__knn_neighbors': 16, 'imputer__imputation_method': 'iterative', 'encoder__method': 'freq'}",-3550.095513945076,-3622.727990470814,-3852.403213197939,-3675.0755725379427,128.84794208186102,372,-3243.0244261312628,-2904.9797469537352,-3308.2160182098814,-3152.0733970982933,176.7369794841233
120,0,2000,0.06978408495585124,0.009890565493355506,0.007659037907918294,0.0012503440340823112,rfe,6,dt,6,minmax,"['car_age', 'mileage', 'tax', 'mpg']",2,"['car_age', 'mileage']",z_score,90,"['tax', 'mpg']","['car_age', 'mileage', 'tax', 'mpg']",0.5,0.3,"DecisionTreeRegressor(max_depth=10, max_features='sqrt', min_samples_leaf=4,
                      min_samples_split=10, random_state=42)",minmax,12,iterative,target,"{'selector__selection_method': 'rfe', 'selector__n_features_to_select': 6, 'selector__model_name': 'dt', 'selector__k': 6, 'scaler__scaler_name': 'minmax', 'outlier_remover__z_columns': ['car_age', 'mileage', 'tax', 'mpg'], 'outlier_remover__threshold': 2, 'outlier_remover__sev_outliers_cols': ['car_age', 'mileage'], 'outlier_remover__outlier_method': 'z_score', 'outlier_remover__n_neighbors': 90, 'outlier_remover__model_columns': ['tax', 'mpg'], 'outlier_remover__mod_outliers_cols': ['car_age', 'mileage', 'tax', 'mpg'], 'outlier_remover__contamination_LOF': 0.5, 'outlier_remover__contamination_IF': 0.3, 'model': DecisionTreeRegressor(max_depth=10, max_features='sqrt', min_samples_leaf=4,
                      min_samples_split=10, random_state=42), 'imputer__knn_scaling_method': 'minmax', 'imputer__knn_neighbors': 12, 'imputer__imputation_method': 'iterative', 'encoder__method': 'target'}",-3231.2760051800483,-2979.6779088745616,-3036.4760685145043,-3082.4766608563714,107.74179439130766,189,-2275.517971233333,-2095.88519721713,-2050.9938824964984,-2140.79901698232,97.00757705870708
121,0,2000,0.0308687686920166,0.0028575340362940863,0.006636699040730794,0.002126692347580749,model,10,dt,5,robust,"['car_age', 'mileage', 'tax', 'mpg']",3,"['car_age', 'mileage']",LOF,30,"['tax', 'mpg']","['car_age', 'mileage', 'tax', 'mpg']",0.3,0.5,"DecisionTreeRegressor(max_depth=10, max_features='sqrt', min_samples_leaf=4,
                      min_samples_split=10, random_state=42)",robust,13,simple,target,"{'selector__selection_method': 'model', 'selector__n_features_to_select': 10, 'selector__model_name': 'dt', 'selector__k': 5, 'scaler__scaler_name': 'robust', 'outlier_remover__z_columns': ['car_age', 'mileage', 'tax', 'mpg'], 'outlier_remover__threshold': 3, 'outlier_remover__sev_outliers_cols': ['car_age', 'mileage'], 'outlier_remover__outlier_method': 'LOF', 'outlier_remover__n_neighbors': 30, 'outlier_remover__model_columns': ['tax', 'mpg'], 'outlier_remover__mod_outliers_cols': ['car_age', 'mileage', 'tax', 'mpg'], 'outlier_remover__contamination_LOF': 0.3, 'outlier_remover__contamination_IF': 0.5, 'model': DecisionTreeRegressor(max_depth=10, max_features='sqrt', min_samples_leaf=4,
                      min_samples_split=10, random_state=42), 'imputer__knn_scaling_method': 'robust', 'imputer__knn_neighbors': 13, 'imputer__imputation_method': 'simple', 'encoder__method': 'target'}",-3306.0946431426632,-3160.14628052491,-3165.281574293513,-3210.507499320362,67.62282335918563,251,-2682.818672236475,-2570.264728489755,-2551.8756450113156,-2601.6530152458486,57.88170409743349
122,0,2000,0.20133058230082193,0.009447874889866592,0.09880661964416504,0.008474773491577384,kbest,5,dt,5,standard,"['car_age', 'mileage', 'tax', 'mpg']",2,"['car_age', 'mileage', 'engineSize']",LOF,90,"['car_age', 'mileage', 'tax', 'mpg']","['tax', 'mpg']",0.5,0.15,"DecisionTreeRegressor(max_depth=10, max_features='sqrt', min_samples_leaf=4,
                      min_samples_split=10, random_state=42)",standard,19,knn_modelwise,target,"{'selector__selection_method': 'kbest', 'selector__n_features_to_select': 5, 'selector__model_name': 'dt', 'selector__k': 5, 'scaler__scaler_name': 'standard', 'outlier_remover__z_columns': ['car_age', 'mileage', 'tax', 'mpg'], 'outlier_remover__threshold': 2, 'outlier_remover__sev_outliers_cols': ['car_age', 'mileage', 'engineSize'], 'outlier_remover__outlier_method': 'LOF', 'outlier_remover__n_neighbors': 90, 'outlier_remover__model_columns': ['car_age', 'mileage', 'tax', 'mpg'], 'outlier_remover__mod_outliers_cols': ['tax', 'mpg'], 'outlier_remover__contamination_LOF': 0.5, 'outlier_remover__contamination_IF': 0.15, 'model': DecisionTreeRegressor(max_depth=10, max_features='sqrt', min_samples_leaf=4,
                      min_samples_split=10, random_state=42), 'imputer__knn_scaling_method': 'standard', 'imputer__knn_neighbors': 19, 'imputer__imputation_method': 'knn_modelwise', 'encoder__method': 'target'}",-3421.7250362596524,-3506.0262211839818,-3588.6502442145566,-3505.4671672193967,68.14807734484512,336,-3068.1288912841424,-2846.991336651018,-3094.2338682453983,-3003.1180320601866,110.9114548339569
123,0,2000,0.040261030197143555,0.009478450008632346,0.005583604176839192,0.0006095067753435793,kbest,9,dt,9,standard,"['car_age', 'mileage', 'tax', 'mpg']",2,"['car_age', 'mileage', 'engineSize']",z_score,70,"['car_age', 'mileage', 'tax', 'mpg', 'engineSize']","['tax', 'mpg']",0.15,0.5,"DecisionTreeRegressor(max_depth=10, max_features='sqrt', min_samples_leaf=4,
                      min_samples_split=10, random_state=42)",minmax,14,iterative,target,"{'selector__selection_method': 'kbest', 'selector__n_features_to_select': 9, 'selector__model_name': 'dt', 'selector__k': 9, 'scaler__scaler_name': 'standard', 'outlier_remover__z_columns': ['car_age', 'mileage', 'tax', 'mpg'], 'outlier_remover__threshold': 2, 'outlier_remover__sev_outliers_cols': ['car_age', 'mileage', 'engineSize'], 'outlier_remover__outlier_method': 'z_score', 'outlier_remover__n_neighbors': 70, 'outlier_remover__model_columns': ['car_age', 'mileage', 'tax', 'mpg', 'engineSize'], 'outlier_remover__mod_outliers_cols': ['tax', 'mpg'], 'outlier_remover__contamination_LOF': 0.15, 'outlier_remover__contamination_IF': 0.5, 'model': DecisionTreeRegressor(max_depth=10, max_features='sqrt', min_samples_leaf=4,
                      min_samples_split=10, random_state=42), 'imputer__knn_scaling_method': 'minmax', 'imputer__knn_neighbors': 14, 'imputer__imputation_method': 'iterative', 'encoder__method': 'target'}",-3208.7199246420605,-3054.3339512593448,-3310.2554321321713,-3191.1031026778587,105.21950201087223,241,-2000.2919836315077,-2007.8057718871298,-2246.5065744544477,-2084.868109991028,114.33680990552028
124,0,2000,0.061296542485555015,0.0072774437004669065,0.006364663441975911,0.0011270637487506901,model,6,dt,10,standard,"['car_age', 'mileage', 'tax', 'mpg']",2,"['car_age', 'mileage']",LOF,30,"['tax', 'mpg']","['tax', 'mpg']",0.15,0.05,"DecisionTreeRegressor(max_depth=10, max_features='sqrt', min_samples_leaf=4,
                      min_samples_split=10, random_state=42)",standard,18,iterative,target,"{'selector__selection_method': 'model', 'selector__n_features_to_select': 6, 'selector__model_name': 'dt', 'selector__k': 10, 'scaler__scaler_name': 'standard', 'outlier_remover__z_columns': ['car_age', 'mileage', 'tax', 'mpg'], 'outlier_remover__threshold': 2, 'outlier_remover__sev_outliers_cols': ['car_age', 'mileage'], 'outlier_remover__outlier_method': 'LOF', 'outlier_remover__n_neighbors': 30, 'outlier_remover__model_columns': ['tax', 'mpg'], 'outlier_remover__mod_outliers_cols': ['tax', 'mpg'], 'outlier_remover__contamination_LOF': 0.15, 'outlier_remover__contamination_IF': 0.05, 'model': DecisionTreeRegressor(max_depth=10, max_features='sqrt', min_samples_leaf=4,
                      min_samples_split=10, random_state=42), 'imputer__knn_scaling_method': 'standard', 'imputer__knn_neighbors': 18, 'imputer__imputation_method': 'iterative', 'encoder__method': 'target'}",-3425.8823676914335,-3119.292150386172,-2937.4222440967433,-3160.865587391449,201.56816230721034,229,-2639.663866132305,-2418.224410325745,-2195.8240109167828,-2417.904095791611,181.1970036920856
125,0,2000,0.07268190383911133,0.007534868763234054,0.006258090337117513,0.0007792472959312054,rfe,7,dt,7,minmax,"['car_age', 'mileage', 'tax', 'mpg']",3,"['car_age', 'mileage', 'engineSize']",LOF,50,"['tax', 'mpg']","['car_age', 'mileage', 'tax', 'mpg']",0.05,0.3,"DecisionTreeRegressor(max_depth=10, max_features='sqrt', min_samples_leaf=4,
                      min_samples_split=10, random_state=42)",standard,11,iterative,target,"{'selector__selection_method': 'rfe', 'selector__n_features_to_select': 7, 'selector__model_name': 'dt', 'selector__k': 7, 'scaler__scaler_name': 'minmax', 'outlier_remover__z_columns': ['car_age', 'mileage', 'tax', 'mpg'], 'outlier_remover__threshold': 3, 'outlier_remover__sev_outliers_cols': ['car_age', 'mileage', 'engineSize'], 'outlier_remover__outlier_method': 'LOF', 'outlier_remover__n_neighbors': 50, 'outlier_remover__model_columns': ['tax', 'mpg'], 'outlier_remover__mod_outliers_cols': ['car_age', 'mileage', 'tax', 'mpg'], 'outlier_remover__contamination_LOF': 0.05, 'outlier_remover__contamination_IF': 0.3, 'model': DecisionTreeRegressor(max_depth=10, max_features='sqrt', min_samples_leaf=4,
                      min_samples_split=10, random_state=42), 'imputer__knn_scaling_method': 'standard', 'imputer__knn_neighbors': 11, 'imputer__imputation_method': 'iterative', 'encoder__method': 'target'}",-3289.2522265844846,-3257.229113747137,-3048.961655645055,-3198.480998658892,106.53135810772805,245,-2365.890642670551,-2210.7763034836576,-2308.665252538825,-2295.1107328976777,64.04638062827777
126,0,2000,0.21294379234313965,0.023539175616390223,0.0951693058013916,0.010415133431948326,rfe,7,dt,5,standard,"['car_age', 'mileage', 'tax', 'mpg']",2,"['car_age', 'mileage', 'engineSize']",IQR,30,"['car_age', 'mileage', 'tax', 'mpg', 'engineSize']","['tax', 'mpg']",0.3,0.3,"DecisionTreeRegressor(max_depth=10, max_features='sqrt', min_samples_leaf=4,
                      min_samples_split=10, random_state=42)",robust,19,knn_modelwise,freq,"{'selector__selection_method': 'rfe', 'selector__n_features_to_select': 7, 'selector__model_name': 'dt', 'selector__k': 5, 'scaler__scaler_name': 'standard', 'outlier_remover__z_columns': ['car_age', 'mileage', 'tax', 'mpg'], 'outlier_remover__threshold': 2, 'outlier_remover__sev_outliers_cols': ['car_age', 'mileage', 'engineSize'], 'outlier_remover__outlier_method': 'IQR', 'outlier_remover__n_neighbors': 30, 'outlier_remover__model_columns': ['car_age', 'mileage', 'tax', 'mpg', 'engineSize'], 'outlier_remover__mod_outliers_cols': ['tax', 'mpg'], 'outlier_remover__contamination_LOF': 0.3, 'outlier_remover__contamination_IF': 0.3, 'model': DecisionTreeRegressor(max_depth=10, max_features='sqrt', min_samples_leaf=4,
                      min_samples_split=10, random_state=42), 'imputer__knn_scaling_method': 'robust', 'imputer__knn_neighbors': 19, 'imputer__imputation_method': 'knn_modelwise', 'encoder__method': 'freq'}",-3735.0734960158097,-3385.4473426562367,-3515.5182679513127,-3545.3463688744528,144.28420676281863,348,-2690.751967826099,-2518.332982753699,-2650.933021966123,-2620.00599084864,73.70860439892316
127,0,2000,0.18701656659444174,0.011794370460318903,0.09573133786519368,0.016174636675345525,model,8,dt,10,robust,"['car_age', 'mileage', 'tax', 'mpg']",3,"['car_age', 'mileage', 'engineSize']",z_score,100,"['car_age', 'mileage', 'tax', 'mpg']","['tax', 'mpg']",0.5,0.5,"DecisionTreeRegressor(max_depth=10, max_features='sqrt', min_samples_leaf=4,
                      min_samples_split=10, random_state=42)",robust,18,knn_modelwise,target,"{'selector__selection_method': 'model', 'selector__n_features_to_select': 8, 'selector__model_name': 'dt', 'selector__k': 10, 'scaler__scaler_name': 'robust', 'outlier_remover__z_columns': ['car_age', 'mileage', 'tax', 'mpg'], 'outlier_remover__threshold': 3, 'outlier_remover__sev_outliers_cols': ['car_age', 'mileage', 'engineSize'], 'outlier_remover__outlier_method': 'z_score', 'outlier_remover__n_neighbors': 100, 'outlier_remover__model_columns': ['car_age', 'mileage', 'tax', 'mpg'], 'outlier_remover__mod_outliers_cols': ['tax', 'mpg'], 'outlier_remover__contamination_LOF': 0.5, 'outlier_remover__contamination_IF': 0.5, 'model': DecisionTreeRegressor(max_depth=10, max_features='sqrt', min_samples_leaf=4,
                      min_samples_split=10, random_state=42), 'imputer__knn_scaling_method': 'robust', 'imputer__knn_neighbors': 18, 'imputer__imputation_method': 'knn_modelwise', 'encoder__method': 'target'}",-3211.3987761647036,-2964.9501808547275,-3195.009029308035,-3123.785995442489,112.51301538733101,209,-2353.0218828176935,-2060.386359437395,-2016.8859892657945,-2143.431410506961,149.26306780054134
128,0,2000,0.040019830067952476,0.006593761547331286,0.00532221794128418,0.00022163756671742516,model,8,dt,9,robust,"['car_age', 'mileage', 'tax', 'mpg']",3,"['car_age', 'mileage', 'engineSize']",z_score,90,"['car_age', 'mileage', 'tax', 'mpg', 'engineSize']","['tax', 'mpg']",0.15,0.05,"DecisionTreeRegressor(max_depth=10, max_features='sqrt', min_samples_leaf=4,
                      min_samples_split=10, random_state=42)",minmax,19,iterative,freq,"{'selector__selection_method': 'model', 'selector__n_features_to_select': 8, 'selector__model_name': 'dt', 'selector__k': 9, 'scaler__scaler_name': 'robust', 'outlier_remover__z_columns': ['car_age', 'mileage', 'tax', 'mpg'], 'outlier_remover__threshold': 3, 'outlier_remover__sev_outliers_cols': ['car_age', 'mileage', 'engineSize'], 'outlier_remover__outlier_method': 'z_score', 'outlier_remover__n_neighbors': 90, 'outlier_remover__model_columns': ['car_age', 'mileage', 'tax', 'mpg', 'engineSize'], 'outlier_remover__mod_outliers_cols': ['tax', 'mpg'], 'outlier_remover__contamination_LOF': 0.15, 'outlier_remover__contamination_IF': 0.05, 'model': DecisionTreeRegressor(max_depth=10, max_features='sqrt', min_samples_leaf=4,
                      min_samples_split=10, random_state=42), 'imputer__knn_scaling_method': 'minmax', 'imputer__knn_neighbors': 19, 'imputer__imputation_method': 'iterative', 'encoder__method': 'freq'}",-3431.5221460046137,-3094.7286639811387,-3365.6937532849693,-3297.3148544235737,145.74914005577506,275,-2272.120108107246,-2388.7971526415467,-2451.547486551981,-2370.821582433591,74.34553058574267
129,0,2000,0.04253323872884115,0.00584782707652584,0.00537570317586263,0.0004373652351455071,model,6,dt,7,minmax,"['car_age', 'mileage', 'tax', 'mpg']",3,"['car_age', 'mileage', 'engineSize']",z_score,30,"['car_age', 'mileage', 'tax', 'mpg']","['tax', 'mpg']",0.05,0.3,"DecisionTreeRegressor(max_depth=10, max_features='sqrt', min_samples_leaf=4,
                      min_samples_split=10, random_state=42)",robust,15,iterative,target,"{'selector__selection_method': 'model', 'selector__n_features_to_select': 6, 'selector__model_name': 'dt', 'selector__k': 7, 'scaler__scaler_name': 'minmax', 'outlier_remover__z_columns': ['car_age', 'mileage', 'tax', 'mpg'], 'outlier_remover__threshold': 3, 'outlier_remover__sev_outliers_cols': ['car_age', 'mileage', 'engineSize'], 'outlier_remover__outlier_method': 'z_score', 'outlier_remover__n_neighbors': 30, 'outlier_remover__model_columns': ['car_age', 'mileage', 'tax', 'mpg'], 'outlier_remover__mod_outliers_cols': ['tax', 'mpg'], 'outlier_remover__contamination_LOF': 0.05, 'outlier_remover__contamination_IF': 0.3, 'model': DecisionTreeRegressor(max_depth=10, max_features='sqrt', min_samples_leaf=4,
                      min_samples_split=10, random_state=42), 'imputer__knn_scaling_method': 'robust', 'imputer__knn_neighbors': 15, 'imputer__imputation_method': 'iterative', 'encoder__method': 'target'}",-3554.463395550644,-3231.046331684322,-3205.155746952997,-3330.221824729321,158.91463569632435,290,-2278.113470276018,-2131.8939386252546,-2193.0420453447964,-2201.01648474869,59.95960652470911
130,0,2000,0.03948791821797689,0.0004002633201734091,0.004765033721923828,0.0004175555931081666,rfe,6,dt,10,robust,"['car_age', 'mileage', 'tax', 'mpg']",2,"['car_age', 'mileage']",z_score,100,"['car_age', 'mileage', 'tax', 'mpg']","['car_age', 'mileage', 'tax', 'mpg']",0.3,0.15,"DecisionTreeRegressor(max_depth=10, max_features='sqrt', min_samples_leaf=4,
                      min_samples_split=10, random_state=42)",robust,11,simple,target,"{'selector__selection_method': 'rfe', 'selector__n_features_to_select': 6, 'selector__model_name': 'dt', 'selector__k': 10, 'scaler__scaler_name': 'robust', 'outlier_remover__z_columns': ['car_age', 'mileage', 'tax', 'mpg'], 'outlier_remover__threshold': 2, 'outlier_remover__sev_outliers_cols': ['car_age', 'mileage'], 'outlier_remover__outlier_method': 'z_score', 'outlier_remover__n_neighbors': 100, 'outlier_remover__model_columns': ['car_age', 'mileage', 'tax', 'mpg'], 'outlier_remover__mod_outliers_cols': ['car_age', 'mileage', 'tax', 'mpg'], 'outlier_remover__contamination_LOF': 0.3, 'outlier_remover__contamination_IF': 0.15, 'model': DecisionTreeRegressor(max_depth=10, max_features='sqrt', min_samples_leaf=4,
                      min_samples_split=10, random_state=42), 'imputer__knn_scaling_method': 'robust', 'imputer__knn_neighbors': 11, 'imputer__imputation_method': 'simple', 'encoder__method': 'target'}",-3021.061967021056,-2749.490331054631,-3175.1402314063653,-2981.897509827351,175.96372817111768,162,-2102.1649174727872,-2074.1040778466736,-2120.094940467556,-2098.787978595672,18.926923474036506
131,0,2000,0.022487401962280273,0.004948822581738771,0.004412730534871419,0.00021550756636451478,kbest,9,dt,7,standard,"['car_age', 'mileage', 'tax', 'mpg']",2,"['car_age', 'mileage']",z_score,50,"['tax', 'mpg']","['car_age', 'mileage', 'tax', 'mpg']",0.15,0.15,"DecisionTreeRegressor(max_depth=10, max_features='sqrt', min_samples_leaf=4,
                      min_samples_split=10, random_state=42)",minmax,10,simple,target,"{'selector__selection_method': 'kbest', 'selector__n_features_to_select': 9, 'selector__model_name': 'dt', 'selector__k': 7, 'scaler__scaler_name': 'standard', 'outlier_remover__z_columns': ['car_age', 'mileage', 'tax', 'mpg'], 'outlier_remover__threshold': 2, 'outlier_remover__sev_outliers_cols': ['car_age', 'mileage'], 'outlier_remover__outlier_method': 'z_score', 'outlier_remover__n_neighbors': 50, 'outlier_remover__model_columns': ['tax', 'mpg'], 'outlier_remover__mod_outliers_cols': ['car_age', 'mileage', 'tax', 'mpg'], 'outlier_remover__contamination_LOF': 0.15, 'outlier_remover__contamination_IF': 0.15, 'model': DecisionTreeRegressor(max_depth=10, max_features='sqrt', min_samples_leaf=4,
                      min_samples_split=10, random_state=42), 'imputer__knn_scaling_method': 'minmax', 'imputer__knn_neighbors': 10, 'imputer__imputation_method': 'simple', 'encoder__method': 'target'}",-3397.820369008307,-3150.9553030244488,-3297.338151694447,-3282.037941242401,101.36127640182691,271,-2412.85658228491,-2214.1483606063507,-2279.9331214419544,-2302.3126881110716,82.6513685867208
132,0,2000,0.20861530303955078,0.017017278793616235,0.10425702730814616,0.004762339692235984,kbest,10,dt,5,minmax,"['car_age', 'mileage', 'tax', 'mpg']",2,"['car_age', 'mileage', 'engineSize']",z_score,90,"['car_age', 'mileage', 'tax', 'mpg']","['tax', 'mpg']",0.5,0.05,"DecisionTreeRegressor(max_depth=10, max_features='sqrt', min_samples_leaf=4,
                      min_samples_split=10, random_state=42)",minmax,19,knn_modelwise,freq,"{'selector__selection_method': 'kbest', 'selector__n_features_to_select': 10, 'selector__model_name': 'dt', 'selector__k': 5, 'scaler__scaler_name': 'minmax', 'outlier_remover__z_columns': ['car_age', 'mileage', 'tax', 'mpg'], 'outlier_remover__threshold': 2, 'outlier_remover__sev_outliers_cols': ['car_age', 'mileage', 'engineSize'], 'outlier_remover__outlier_method': 'z_score', 'outlier_remover__n_neighbors': 90, 'outlier_remover__model_columns': ['car_age', 'mileage', 'tax', 'mpg'], 'outlier_remover__mod_outliers_cols': ['tax', 'mpg'], 'outlier_remover__contamination_LOF': 0.5, 'outlier_remover__contamination_IF': 0.05, 'model': DecisionTreeRegressor(max_depth=10, max_features='sqrt', min_samples_leaf=4,
                      min_samples_split=10, random_state=42), 'imputer__knn_scaling_method': 'minmax', 'imputer__knn_neighbors': 19, 'imputer__imputation_method': 'knn_modelwise', 'encoder__method': 'freq'}",-3381.0519990130124,-3453.1557461554953,-3145.534148355986,-3326.580631174831,131.35983478928557,287,-2522.5323935892343,-2549.7867031108094,-2472.012754633412,-2514.777283777819,32.2211427645633
133,0,2000,0.1210932731628418,0.012012119443971066,0.005354166030883789,0.00033113293751340625,model,5,dt,6,minmax,"['car_age', 'mileage', 'tax', 'mpg']",2,"['car_age', 'mileage']",Isolation_Forest,30,"['tax', 'mpg']","['car_age', 'mileage', 'tax', 'mpg']",0.15,0.05,"DecisionTreeRegressor(max_depth=10, max_features='sqrt', min_samples_leaf=4,
                      min_samples_split=10, random_state=42)",standard,13,iterative,target,"{'selector__selection_method': 'model', 'selector__n_features_to_select': 5, 'selector__model_name': 'dt', 'selector__k': 6, 'scaler__scaler_name': 'minmax', 'outlier_remover__z_columns': ['car_age', 'mileage', 'tax', 'mpg'], 'outlier_remover__threshold': 2, 'outlier_remover__sev_outliers_cols': ['car_age', 'mileage'], 'outlier_remover__outlier_method': 'Isolation_Forest', 'outlier_remover__n_neighbors': 30, 'outlier_remover__model_columns': ['tax', 'mpg'], 'outlier_remover__mod_outliers_cols': ['car_age', 'mileage', 'tax', 'mpg'], 'outlier_remover__contamination_LOF': 0.15, 'outlier_remover__contamination_IF': 0.05, 'model': DecisionTreeRegressor(max_depth=10, max_features='sqrt', min_samples_leaf=4,
                      min_samples_split=10, random_state=42), 'imputer__knn_scaling_method': 'standard', 'imputer__knn_neighbors': 13, 'imputer__imputation_method': 'iterative', 'encoder__method': 'target'}",-3503.6706324444467,-3007.0221292454107,-2845.0388133481947,-3118.5771916793506,280.217019763242,205,-2478.3444712234977,-2350.0188425076085,-2172.0727652911423,-2333.4786930074165,125.58070943366882
134,0,2000,0.26205166180928546,0.03415313446723526,0.10027265548706055,0.014607188197697199,model,9,dt,10,minmax,"['car_age', 'mileage', 'tax', 'mpg']",3,"['car_age', 'mileage', 'engineSize']",Isolation_Forest,30,"['tax', 'mpg']","['tax', 'mpg']",0.05,0.3,"DecisionTreeRegressor(max_depth=10, max_features='sqrt', min_samples_leaf=4,
                      min_samples_split=10, random_state=42)",standard,13,knn_modelwise,target,"{'selector__selection_method': 'model', 'selector__n_features_to_select': 9, 'selector__model_name': 'dt', 'selector__k': 10, 'scaler__scaler_name': 'minmax', 'outlier_remover__z_columns': ['car_age', 'mileage', 'tax', 'mpg'], 'outlier_remover__threshold': 3, 'outlier_remover__sev_outliers_cols': ['car_age', 'mileage', 'engineSize'], 'outlier_remover__outlier_method': 'Isolation_Forest', 'outlier_remover__n_neighbors': 30, 'outlier_remover__model_columns': ['tax', 'mpg'], 'outlier_remover__mod_outliers_cols': ['tax', 'mpg'], 'outlier_remover__contamination_LOF': 0.05, 'outlier_remover__contamination_IF': 0.3, 'model': DecisionTreeRegressor(max_depth=10, max_features='sqrt', min_samples_leaf=4,
                      min_samples_split=10, random_state=42), 'imputer__knn_scaling_method': 'standard', 'imputer__knn_neighbors': 13, 'imputer__imputation_method': 'knn_modelwise', 'encoder__method': 'target'}",-3304.6157238892174,-3460.8208636120103,-2973.1226303257636,-3246.18640594233,203.3435198286148,258,-2711.5859870011327,-2659.365663987492,-2597.851603306064,-2656.2677514315633,46.48351180994115
135,0,2000,0.2649999459584554,0.028177249236552102,0.09888037045796712,0.014574865481701565,rfe,9,dt,7,robust,"['car_age', 'mileage', 'tax', 'mpg']",3,"['car_age', 'mileage']",Isolation_Forest,30,"['car_age', 'mileage', 'tax', 'mpg', 'engineSize']","['tax', 'mpg']",0.05,0.15,"DecisionTreeRegressor(max_depth=10, max_features='sqrt', min_samples_leaf=4,
                      min_samples_split=10, random_state=42)",standard,18,knn_modelwise,target,"{'selector__selection_method': 'rfe', 'selector__n_features_to_select': 9, 'selector__model_name': 'dt', 'selector__k': 7, 'scaler__scaler_name': 'robust', 'outlier_remover__z_columns': ['car_age', 'mileage', 'tax', 'mpg'], 'outlier_remover__threshold': 3, 'outlier_remover__sev_outliers_cols': ['car_age', 'mileage'], 'outlier_remover__outlier_method': 'Isolation_Forest', 'outlier_remover__n_neighbors': 30, 'outlier_remover__model_columns': ['car_age', 'mileage', 'tax', 'mpg', 'engineSize'], 'outlier_remover__mod_outliers_cols': ['tax', 'mpg'], 'outlier_remover__contamination_LOF': 0.05, 'outlier_remover__contamination_IF': 0.15, 'model': DecisionTreeRegressor(max_depth=10, max_features='sqrt', min_samples_leaf=4,
                      min_samples_split=10, random_state=42), 'imputer__knn_scaling_method': 'standard', 'imputer__knn_neighbors': 18, 'imputer__imputation_method': 'knn_modelwise', 'encoder__method': 'target'}",-3055.4168656834604,-3041.806706124525,-3113.743943309763,-3070.32250503925,31.202297852507876,186,-2390.6259620063443,-2343.7600466284916,-2390.458372790447,-2374.948127141761,22.05340935264428
136,0,2000,0.2654440402984619,0.02159443153485604,0.10234395662943523,0.00595139946585134,rfe,7,dt,6,minmax,"['car_age', 'mileage', 'tax', 'mpg']",3,"['car_age', 'mileage', 'engineSize']",Isolation_Forest,30,"['car_age', 'mileage', 'tax', 'mpg', 'engineSize']","['tax', 'mpg']",0.5,0.5,"DecisionTreeRegressor(max_depth=10, max_features='sqrt', min_samples_leaf=4,
                      min_samples_split=10, random_state=42)",minmax,14,knn_modelwise,freq,"{'selector__selection_method': 'rfe', 'selector__n_features_to_select': 7, 'selector__model_name': 'dt', 'selector__k': 6, 'scaler__scaler_name': 'minmax', 'outlier_remover__z_columns': ['car_age', 'mileage', 'tax', 'mpg'], 'outlier_remover__threshold': 3, 'outlier_remover__sev_outliers_cols': ['car_age', 'mileage', 'engineSize'], 'outlier_remover__outlier_method': 'Isolation_Forest', 'outlier_remover__n_neighbors': 30, 'outlier_remover__model_columns': ['car_age', 'mileage', 'tax', 'mpg', 'engineSize'], 'outlier_remover__mod_outliers_cols': ['tax', 'mpg'], 'outlier_remover__contamination_LOF': 0.5, 'outlier_remover__contamination_IF': 0.5, 'model': DecisionTreeRegressor(max_depth=10, max_features='sqrt', min_samples_leaf=4,
                      min_samples_split=10, random_state=42), 'imputer__knn_scaling_method': 'minmax', 'imputer__knn_neighbors': 14, 'imputer__imputation_method': 'knn_modelwise', 'encoder__method': 'freq'}",-4383.318646185546,-3979.721536310755,-4252.037020947624,-4205.025734481308,168.08768062380327,393,-4028.4264220577643,-3621.0851453132004,-3829.7075066575185,-3826.406358009494,166.31276183097538
137,0,2000,0.19367265701293945,0.009092798688468151,0.11084103584289551,0.01759215421397907,kbest,9,dt,8,robust,"['car_age', 'mileage', 'tax', 'mpg']",2,"['car_age', 'mileage', 'engineSize']",z_score,90,"['car_age', 'mileage', 'tax', 'mpg']","['car_age', 'mileage', 'tax', 'mpg']",0.5,0.15,"DecisionTreeRegressor(max_depth=10, max_features='sqrt', min_samples_leaf=4,
                      min_samples_split=10, random_state=42)",minmax,19,knn_modelwise,freq,"{'selector__selection_method': 'kbest', 'selector__n_features_to_select': 9, 'selector__model_name': 'dt', 'selector__k': 8, 'scaler__scaler_name': 'robust', 'outlier_remover__z_columns': ['car_age', 'mileage', 'tax', 'mpg'], 'outlier_remover__threshold': 2, 'outlier_remover__sev_outliers_cols': ['car_age', 'mileage', 'engineSize'], 'outlier_remover__outlier_method': 'z_score', 'outlier_remover__n_neighbors': 90, 'outlier_remover__model_columns': ['car_age', 'mileage', 'tax', 'mpg'], 'outlier_remover__mod_outliers_cols': ['car_age', 'mileage', 'tax', 'mpg'], 'outlier_remover__contamination_LOF': 0.5, 'outlier_remover__contamination_IF': 0.15, 'model': DecisionTreeRegressor(max_depth=10, max_features='sqrt', min_samples_leaf=4,
                      min_samples_split=10, random_state=42), 'imputer__knn_scaling_method': 'minmax', 'imputer__knn_neighbors': 19, 'imputer__imputation_method': 'knn_modelwise', 'encoder__method': 'freq'}",-3492.191191739556,-3507.4457692461588,-3476.496369320828,-3492.044443435514,12.63546570129946,334,-2657.661131254035,-2538.2580646078736,-2657.9702904445294,-2617.963162102146,56.36015625587437
138,0,2000,0.09607394536336263,0.007056301589239037,0.003998994827270508,7.2912699861895e-05,kbest,9,dt,7,standard,"['car_age', 'mileage', 'tax', 'mpg']",2,"['car_age', 'mileage']",Isolation_Forest,100,"['tax', 'mpg']","['tax', 'mpg']",0.05,0.15,"DecisionTreeRegressor(max_depth=10, max_features='sqrt', min_samples_leaf=4,
                      min_samples_split=10, random_state=42)",standard,13,simple,freq,"{'selector__selection_method': 'kbest', 'selector__n_features_to_select': 9, 'selector__model_name': 'dt', 'selector__k': 7, 'scaler__scaler_name': 'standard', 'outlier_remover__z_columns': ['car_age', 'mileage', 'tax', 'mpg'], 'outlier_remover__threshold': 2, 'outlier_remover__sev_outliers_cols': ['car_age', 'mileage'], 'outlier_remover__outlier_method': 'Isolation_Forest', 'outlier_remover__n_neighbors': 100, 'outlier_remover__model_columns': ['tax', 'mpg'], 'outlier_remover__mod_outliers_cols': ['tax', 'mpg'], 'outlier_remover__contamination_LOF': 0.05, 'outlier_remover__contamination_IF': 0.15, 'model': DecisionTreeRegressor(max_depth=10, max_features='sqrt', min_samples_leaf=4,
                      min_samples_split=10, random_state=42), 'imputer__knn_scaling_method': 'standard', 'imputer__knn_neighbors': 13, 'imputer__imputation_method': 'simple', 'encoder__method': 'freq'}",-3753.7083157211455,-4036.8030139501334,-3656.9437290066644,-3815.818352892648,161.17591140846685,386,-3206.160114064655,-3086.2894414862412,-2990.630735553212,-3094.360097034703,88.17437216908557
139,0,2000,0.025243679682413738,0.0048671390506885605,0.003937244415283203,5.918065908461839e-05,kbest,8,dt,6,robust,"['car_age', 'mileage', 'tax', 'mpg']",3,"['car_age', 'mileage']",IQR,100,"['car_age', 'mileage', 'tax', 'mpg', 'engineSize']","['car_age', 'mileage', 'tax', 'mpg']",0.05,0.05,"DecisionTreeRegressor(max_depth=10, max_features='sqrt', min_samples_leaf=4,
                      min_samples_split=10, random_state=42)",robust,15,simple,freq,"{'selector__selection_method': 'kbest', 'selector__n_features_to_select': 8, 'selector__model_name': 'dt', 'selector__k': 6, 'scaler__scaler_name': 'robust', 'outlier_remover__z_columns': ['car_age', 'mileage', 'tax', 'mpg'], 'outlier_remover__threshold': 3, 'outlier_remover__sev_outliers_cols': ['car_age', 'mileage'], 'outlier_remover__outlier_method': 'IQR', 'outlier_remover__n_neighbors': 100, 'outlier_remover__model_columns': ['car_age', 'mileage', 'tax', 'mpg', 'engineSize'], 'outlier_remover__mod_outliers_cols': ['car_age', 'mileage', 'tax', 'mpg'], 'outlier_remover__contamination_LOF': 0.05, 'outlier_remover__contamination_IF': 0.05, 'model': DecisionTreeRegressor(max_depth=10, max_features='sqrt', min_samples_leaf=4,
                      min_samples_split=10, random_state=42), 'imputer__knn_scaling_method': 'robust', 'imputer__knn_neighbors': 15, 'imputer__imputation_method': 'simple', 'encoder__method': 'freq'}",-3483.824100218711,-3570.5982612067673,-3188.1417701853966,-3414.188043870292,163.71749476647292,313,-2577.807390379781,-2782.7448656030315,-2568.138204367056,-2642.8968201166226,98.96625741235796
140,0,2000,0.06067244211832682,0.01539020818317192,0.007985273996988932,0.004437702735803276,kbest,9,dt,6,minmax,"['car_age', 'mileage', 'tax', 'mpg']",2,"['car_age', 'mileage']",LOF,30,"['car_age', 'mileage', 'tax', 'mpg', 'engineSize']","['car_age', 'mileage', 'tax', 'mpg']",0.05,0.3,"DecisionTreeRegressor(max_depth=10, max_features='sqrt', min_samples_leaf=4,
                      min_samples_split=10, random_state=42)",robust,14,iterative,freq,"{'selector__selection_method': 'kbest', 'selector__n_features_to_select': 9, 'selector__model_name': 'dt', 'selector__k': 6, 'scaler__scaler_name': 'minmax', 'outlier_remover__z_columns': ['car_age', 'mileage', 'tax', 'mpg'], 'outlier_remover__threshold': 2, 'outlier_remover__sev_outliers_cols': ['car_age', 'mileage'], 'outlier_remover__outlier_method': 'LOF', 'outlier_remover__n_neighbors': 30, 'outlier_remover__model_columns': ['car_age', 'mileage', 'tax', 'mpg', 'engineSize'], 'outlier_remover__mod_outliers_cols': ['car_age', 'mileage', 'tax', 'mpg'], 'outlier_remover__contamination_LOF': 0.05, 'outlier_remover__contamination_IF': 0.3, 'model': DecisionTreeRegressor(max_depth=10, max_features='sqrt', min_samples_leaf=4,
                      min_samples_split=10, random_state=42), 'imputer__knn_scaling_method': 'robust', 'imputer__knn_neighbors': 14, 'imputer__imputation_method': 'iterative', 'encoder__method': 'freq'}",-3676.759688086166,-3416.0044775289953,-3520.6451975527225,-3537.8031210559616,107.14201078439731,346,-2722.8536466761093,-2630.5706254830143,-2561.6052605279715,-2638.343177562365,66.05840816133555
141,0,2000,0.08131074905395508,0.011570086117335085,0.010685205459594727,0.0034776680079274358,rfe,5,dt,7,standard,"['car_age', 'mileage', 'tax', 'mpg']",3,"['car_age', 'mileage', 'engineSize']",IQR,30,"['tax', 'mpg']","['tax', 'mpg']",0.15,0.15,"DecisionTreeRegressor(max_depth=10, max_features='sqrt', min_samples_leaf=4,
                      min_samples_split=10, random_state=42)",standard,11,iterative,target,"{'selector__selection_method': 'rfe', 'selector__n_features_to_select': 5, 'selector__model_name': 'dt', 'selector__k': 7, 'scaler__scaler_name': 'standard', 'outlier_remover__z_columns': ['car_age', 'mileage', 'tax', 'mpg'], 'outlier_remover__threshold': 3, 'outlier_remover__sev_outliers_cols': ['car_age', 'mileage', 'engineSize'], 'outlier_remover__outlier_method': 'IQR', 'outlier_remover__n_neighbors': 30, 'outlier_remover__model_columns': ['tax', 'mpg'], 'outlier_remover__mod_outliers_cols': ['tax', 'mpg'], 'outlier_remover__contamination_LOF': 0.15, 'outlier_remover__contamination_IF': 0.15, 'model': DecisionTreeRegressor(max_depth=10, max_features='sqrt', min_samples_leaf=4,
                      min_samples_split=10, random_state=42), 'imputer__knn_scaling_method': 'standard', 'imputer__knn_neighbors': 11, 'imputer__imputation_method': 'iterative', 'encoder__method': 'target'}",-3027.1631072037726,-2926.843483698567,-2845.2490820036164,-2933.0852243019854,74.39712196696426,157,-2203.9098526853636,-2028.5016946505143,-1991.0776459185229,-2074.4963977514667,92.77579279934106
142,0,2000,0.025678316752115887,0.008291978360452257,0.004573424657185872,0.0006257322546062617,kbest,7,dt,8,robust,"['car_age', 'mileage', 'tax', 'mpg']",3,"['car_age', 'mileage', 'engineSize']",IQR,70,"['car_age', 'mileage', 'tax', 'mpg', 'engineSize']","['car_age', 'mileage', 'tax', 'mpg']",0.5,0.3,"DecisionTreeRegressor(max_depth=10, max_features='sqrt', min_samples_leaf=4,
                      min_samples_split=10, random_state=42)",standard,11,simple,target,"{'selector__selection_method': 'kbest', 'selector__n_features_to_select': 7, 'selector__model_name': 'dt', 'selector__k': 8, 'scaler__scaler_name': 'robust', 'outlier_remover__z_columns': ['car_age', 'mileage', 'tax', 'mpg'], 'outlier_remover__threshold': 3, 'outlier_remover__sev_outliers_cols': ['car_age', 'mileage', 'engineSize'], 'outlier_remover__outlier_method': 'IQR', 'outlier_remover__n_neighbors': 70, 'outlier_remover__model_columns': ['car_age', 'mileage', 'tax', 'mpg', 'engineSize'], 'outlier_remover__mod_outliers_cols': ['car_age', 'mileage', 'tax', 'mpg'], 'outlier_remover__contamination_LOF': 0.5, 'outlier_remover__contamination_IF': 0.3, 'model': DecisionTreeRegressor(max_depth=10, max_features='sqrt', min_samples_leaf=4,
                      min_samples_split=10, random_state=42), 'imputer__knn_scaling_method': 'standard', 'imputer__knn_neighbors': 11, 'imputer__imputation_method': 'simple', 'encoder__method': 'target'}",-3309.5503599862163,-3049.0544664988215,-3053.9444606827246,-3137.516429055921,121.66273889808913,220,-2416.38727593222,-2280.7647663058065,-2374.5423067766405,-2357.2314496715558,56.704588936147246
143,0,2000,0.08257635434468587,0.009838042051503815,0.007452805836995442,0.0021906824568232275,rfe,5,dt,7,robust,"['car_age', 'mileage', 'tax', 'mpg']",3,"['car_age', 'mileage', 'engineSize']",LOF,90,"['car_age', 'mileage', 'tax', 'mpg']","['car_age', 'mileage', 'tax', 'mpg']",0.3,0.5,"DecisionTreeRegressor(max_depth=10, max_features='sqrt', min_samples_leaf=4,
                      min_samples_split=10, random_state=42)",robust,15,iterative,freq,"{'selector__selection_method': 'rfe', 'selector__n_features_to_select': 5, 'selector__model_name': 'dt', 'selector__k': 7, 'scaler__scaler_name': 'robust', 'outlier_remover__z_columns': ['car_age', 'mileage', 'tax', 'mpg'], 'outlier_remover__threshold': 3, 'outlier_remover__sev_outliers_cols': ['car_age', 'mileage', 'engineSize'], 'outlier_remover__outlier_method': 'LOF', 'outlier_remover__n_neighbors': 90, 'outlier_remover__model_columns': ['car_age', 'mileage', 'tax', 'mpg'], 'outlier_remover__mod_outliers_cols': ['car_age', 'mileage', 'tax', 'mpg'], 'outlier_remover__contamination_LOF': 0.3, 'outlier_remover__contamination_IF': 0.5, 'model': DecisionTreeRegressor(max_depth=10, max_features='sqrt', min_samples_leaf=4,
                      min_samples_split=10, random_state=42), 'imputer__knn_scaling_method': 'robust', 'imputer__knn_neighbors': 15, 'imputer__imputation_method': 'iterative', 'encoder__method': 'freq'}",-3653.8625315461923,-3674.8192920055167,-3706.6882149594658,-3678.456679503725,21.71882666994914,373,-2979.019884190598,-2832.1876591604655,-2730.3292936129315,-2847.178945654665,102.07940198208624
144,0,2000,0.21913894017537436,0.010735795113581791,0.11542359987894694,0.01711103387247307,kbest,9,dt,7,robust,"['car_age', 'mileage', 'tax', 'mpg']",3,"['car_age', 'mileage', 'engineSize']",LOF,50,"['car_age', 'mileage', 'tax', 'mpg', 'engineSize']","['tax', 'mpg']",0.05,0.5,"DecisionTreeRegressor(max_depth=10, max_features='sqrt', min_samples_leaf=4,
                      min_samples_split=10, random_state=42)",minmax,19,knn_modelwise,freq,"{'selector__selection_method': 'kbest', 'selector__n_features_to_select': 9, 'selector__model_name': 'dt', 'selector__k': 7, 'scaler__scaler_name': 'robust', 'outlier_remover__z_columns': ['car_age', 'mileage', 'tax', 'mpg'], 'outlier_remover__threshold': 3, 'outlier_remover__sev_outliers_cols': ['car_age', 'mileage', 'engineSize'], 'outlier_remover__outlier_method': 'LOF', 'outlier_remover__n_neighbors': 50, 'outlier_remover__model_columns': ['car_age', 'mileage', 'tax', 'mpg', 'engineSize'], 'outlier_remover__mod_outliers_cols': ['tax', 'mpg'], 'outlier_remover__contamination_LOF': 0.05, 'outlier_remover__contamination_IF': 0.5, 'model': DecisionTreeRegressor(max_depth=10, max_features='sqrt', min_samples_leaf=4,
                      min_samples_split=10, random_state=42), 'imputer__knn_scaling_method': 'minmax', 'imputer__knn_neighbors': 19, 'imputer__imputation_method': 'knn_modelwise', 'encoder__method': 'freq'}",-3804.8500968018093,-3567.680020633172,-3456.7829459385257,-3609.7710211245017,145.18132253448178,363,-2829.6221776213915,-2696.172247523866,-2665.8129628995507,-2730.535796014936,71.15244107136041
145,0,2000,0.1377112865447998,0.011556862603509773,0.006405989329020183,0.001601352277315257,rfe,6,dt,7,robust,"['car_age', 'mileage', 'tax', 'mpg']",2,"['car_age', 'mileage', 'engineSize']",Isolation_Forest,90,"['car_age', 'mileage', 'tax', 'mpg']","['tax', 'mpg']",0.05,0.3,"DecisionTreeRegressor(max_depth=10, max_features='sqrt', min_samples_leaf=4,
                      min_samples_split=10, random_state=42)",minmax,17,iterative,target,"{'selector__selection_method': 'rfe', 'selector__n_features_to_select': 6, 'selector__model_name': 'dt', 'selector__k': 7, 'scaler__scaler_name': 'robust', 'outlier_remover__z_columns': ['car_age', 'mileage', 'tax', 'mpg'], 'outlier_remover__threshold': 2, 'outlier_remover__sev_outliers_cols': ['car_age', 'mileage', 'engineSize'], 'outlier_remover__outlier_method': 'Isolation_Forest', 'outlier_remover__n_neighbors': 90, 'outlier_remover__model_columns': ['car_age', 'mileage', 'tax', 'mpg'], 'outlier_remover__mod_outliers_cols': ['tax', 'mpg'], 'outlier_remover__contamination_LOF': 0.05, 'outlier_remover__contamination_IF': 0.3, 'model': DecisionTreeRegressor(max_depth=10, max_features='sqrt', min_samples_leaf=4,
                      min_samples_split=10, random_state=42), 'imputer__knn_scaling_method': 'minmax', 'imputer__knn_neighbors': 17, 'imputer__imputation_method': 'iterative', 'encoder__method': 'target'}",-3379.2890147926196,-3598.5824842503857,-3395.0760785953194,-3457.649192546108,99.86308086184758,323,-2905.9703534365676,-2753.6158040949213,-2740.9623456745367,-2800.182834402008,74.98122827354638
146,0,2000,0.08000969886779785,0.014319288924536691,0.005286057790120442,0.0006301546123241994,rfe,5,dt,7,minmax,"['car_age', 'mileage', 'tax', 'mpg']",3,"['car_age', 'mileage', 'engineSize']",LOF,100,"['car_age', 'mileage', 'tax', 'mpg', 'engineSize']","['car_age', 'mileage', 'tax', 'mpg']",0.5,0.05,"DecisionTreeRegressor(max_depth=10, max_features='sqrt', min_samples_leaf=4,
                      min_samples_split=10, random_state=42)",minmax,17,iterative,freq,"{'selector__selection_method': 'rfe', 'selector__n_features_to_select': 5, 'selector__model_name': 'dt', 'selector__k': 7, 'scaler__scaler_name': 'minmax', 'outlier_remover__z_columns': ['car_age', 'mileage', 'tax', 'mpg'], 'outlier_remover__threshold': 3, 'outlier_remover__sev_outliers_cols': ['car_age', 'mileage', 'engineSize'], 'outlier_remover__outlier_method': 'LOF', 'outlier_remover__n_neighbors': 100, 'outlier_remover__model_columns': ['car_age', 'mileage', 'tax', 'mpg', 'engineSize'], 'outlier_remover__mod_outliers_cols': ['car_age', 'mileage', 'tax', 'mpg'], 'outlier_remover__contamination_LOF': 0.5, 'outlier_remover__contamination_IF': 0.05, 'model': DecisionTreeRegressor(max_depth=10, max_features='sqrt', min_samples_leaf=4,
                      min_samples_split=10, random_state=42), 'imputer__knn_scaling_method': 'minmax', 'imputer__knn_neighbors': 17, 'imputer__imputation_method': 'iterative', 'encoder__method': 'freq'}",-3710.37277484744,-3775.5683005138717,-3767.9259825768104,-3751.2890193127073,29.099891772065995,382,-3301.439169692068,-3173.505955193912,-3414.1115700665277,-3296.3522316508365,98.29266904177497
147,0,2000,0.023298343022664387,0.001338872420152568,0.005677382151285808,0.002123973107779792,kbest,10,dt,10,standard,"['car_age', 'mileage', 'tax', 'mpg']",2,"['car_age', 'mileage']",z_score,100,"['tax', 'mpg']","['car_age', 'mileage', 'tax', 'mpg']",0.05,0.05,"DecisionTreeRegressor(max_depth=10, max_features='sqrt', min_samples_leaf=4,
                      min_samples_split=10, random_state=42)",standard,14,simple,target,"{'selector__selection_method': 'kbest', 'selector__n_features_to_select': 10, 'selector__model_name': 'dt', 'selector__k': 10, 'scaler__scaler_name': 'standard', 'outlier_remover__z_columns': ['car_age', 'mileage', 'tax', 'mpg'], 'outlier_remover__threshold': 2, 'outlier_remover__sev_outliers_cols': ['car_age', 'mileage'], 'outlier_remover__outlier_method': 'z_score', 'outlier_remover__n_neighbors': 100, 'outlier_remover__model_columns': ['tax', 'mpg'], 'outlier_remover__mod_outliers_cols': ['car_age', 'mileage', 'tax', 'mpg'], 'outlier_remover__contamination_LOF': 0.05, 'outlier_remover__contamination_IF': 0.05, 'model': DecisionTreeRegressor(max_depth=10, max_features='sqrt', min_samples_leaf=4,
                      min_samples_split=10, random_state=42), 'imputer__knn_scaling_method': 'standard', 'imputer__knn_neighbors': 14, 'imputer__imputation_method': 'simple', 'encoder__method': 'target'}",-3255.773887774854,-3098.4804397851303,-3042.6830657779724,-3132.3124644459854,90.22334887864372,216,-2210.1888428295056,-2144.6592906739756,-2058.9523547130834,-2137.933496072188,61.924933423278695
148,0,2000,0.04979403813680013,0.00492732405277528,0.007479190826416016,0.001035697351113261,rfe,10,dt,10,robust,"['car_age', 'mileage', 'tax', 'mpg']",2,"['car_age', 'mileage', 'engineSize']",z_score,50,"['tax', 'mpg']","['tax', 'mpg']",0.5,0.5,"DecisionTreeRegressor(max_depth=10, max_features='sqrt', min_samples_leaf=4,
                      min_samples_split=10, random_state=42)",robust,10,iterative,target,"{'selector__selection_method': 'rfe', 'selector__n_features_to_select': 10, 'selector__model_name': 'dt', 'selector__k': 10, 'scaler__scaler_name': 'robust', 'outlier_remover__z_columns': ['car_age', 'mileage', 'tax', 'mpg'], 'outlier_remover__threshold': 2, 'outlier_remover__sev_outliers_cols': ['car_age', 'mileage', 'engineSize'], 'outlier_remover__outlier_method': 'z_score', 'outlier_remover__n_neighbors': 50, 'outlier_remover__model_columns': ['tax', 'mpg'], 'outlier_remover__mod_outliers_cols': ['tax', 'mpg'], 'outlier_remover__contamination_LOF': 0.5, 'outlier_remover__contamination_IF': 0.5, 'model': DecisionTreeRegressor(max_depth=10, max_features='sqrt', min_samples_leaf=4,
                      min_samples_split=10, random_state=42), 'imputer__knn_scaling_method': 'robust', 'imputer__knn_neighbors': 10, 'imputer__imputation_method': 'iterative', 'encoder__method': 'target'}",-3428.5591350120644,-2759.939458388839,-2828.277646419184,-3005.5920799400287,300.38128464009463,168,-2439.6390549654816,-2184.687850263353,-2029.060887108492,-2217.7959307791084,169.24482606917692
149,0,2000,0.06663656234741211,0.014916863862789714,0.005946000417073567,0.0006543202427789243,rfe,7,dt,6,robust,"['car_age', 'mileage', 'tax', 'mpg']",3,"['car_age', 'mileage']",IQR,50,"['tax', 'mpg']","['tax', 'mpg']",0.5,0.05,"DecisionTreeRegressor(max_depth=10, max_features='sqrt', min_samples_leaf=4,
                      min_samples_split=10, random_state=42)",standard,20,iterative,freq,"{'selector__selection_method': 'rfe', 'selector__n_features_to_select': 7, 'selector__model_name': 'dt', 'selector__k': 6, 'scaler__scaler_name': 'robust', 'outlier_remover__z_columns': ['car_age', 'mileage', 'tax', 'mpg'], 'outlier_remover__threshold': 3, 'outlier_remover__sev_outliers_cols': ['car_age', 'mileage'], 'outlier_remover__outlier_method': 'IQR', 'outlier_remover__n_neighbors': 50, 'outlier_remover__model_columns': ['tax', 'mpg'], 'outlier_remover__mod_outliers_cols': ['tax', 'mpg'], 'outlier_remover__contamination_LOF': 0.5, 'outlier_remover__contamination_IF': 0.05, 'model': DecisionTreeRegressor(max_depth=10, max_features='sqrt', min_samples_leaf=4,
                      min_samples_split=10, random_state=42), 'imputer__knn_scaling_method': 'standard', 'imputer__knn_neighbors': 20, 'imputer__imputation_method': 'iterative', 'encoder__method': 'freq'}",-3783.8479528398275,-3242.940344887489,-3354.0252550609252,-3460.2711842627473,233.2543792931501,325,-2709.0099288188403,-2508.910085496335,-2471.0566114861567,-2562.992208600444,104.40019903235566
150,0,2000,0.06458107630411784,0.0062492993687548294,0.007490396499633789,0.00250234311571528,rfe,9,dt,8,minmax,"['car_age', 'mileage', 'tax', 'mpg']",2,"['car_age', 'mileage']",LOF,70,"['car_age', 'mileage', 'tax', 'mpg']","['tax', 'mpg']",0.3,0.3,"DecisionTreeRegressor(max_depth=10, max_features='sqrt', min_samples_leaf=4,
                      min_samples_split=10, random_state=42)",minmax,12,iterative,freq,"{'selector__selection_method': 'rfe', 'selector__n_features_to_select': 9, 'selector__model_name': 'dt', 'selector__k': 8, 'scaler__scaler_name': 'minmax', 'outlier_remover__z_columns': ['car_age', 'mileage', 'tax', 'mpg'], 'outlier_remover__threshold': 2, 'outlier_remover__sev_outliers_cols': ['car_age', 'mileage'], 'outlier_remover__outlier_method': 'LOF', 'outlier_remover__n_neighbors': 70, 'outlier_remover__model_columns': ['car_age', 'mileage', 'tax', 'mpg'], 'outlier_remover__mod_outliers_cols': ['tax', 'mpg'], 'outlier_remover__contamination_LOF': 0.3, 'outlier_remover__contamination_IF': 0.3, 'model': DecisionTreeRegressor(max_depth=10, max_features='sqrt', min_samples_leaf=4,
                      min_samples_split=10, random_state=42), 'imputer__knn_scaling_method': 'minmax', 'imputer__knn_neighbors': 12, 'imputer__imputation_method': 'iterative', 'encoder__method': 'freq'}",-3379.3822554666795,-3453.913090458375,-3396.268416543456,-3409.854587489504,31.907672764516985,311,-2729.2254712422728,-2594.815143274196,-2498.901372556883,-2607.6473290244508,94.46620684017493
151,0,2000,0.21401023864746094,0.026280377290562363,0.1176297664642334,0.01530598225332444,kbest,10,dt,7,minmax,"['car_age', 'mileage', 'tax', 'mpg']",3,"['car_age', 'mileage']",IQR,70,"['tax', 'mpg']","['car_age', 'mileage', 'tax', 'mpg']",0.05,0.3,"DecisionTreeRegressor(max_depth=10, max_features='sqrt', min_samples_leaf=4,
                      min_samples_split=10, random_state=42)",robust,19,knn_modelwise,freq,"{'selector__selection_method': 'kbest', 'selector__n_features_to_select': 10, 'selector__model_name': 'dt', 'selector__k': 7, 'scaler__scaler_name': 'minmax', 'outlier_remover__z_columns': ['car_age', 'mileage', 'tax', 'mpg'], 'outlier_remover__threshold': 3, 'outlier_remover__sev_outliers_cols': ['car_age', 'mileage'], 'outlier_remover__outlier_method': 'IQR', 'outlier_remover__n_neighbors': 70, 'outlier_remover__model_columns': ['tax', 'mpg'], 'outlier_remover__mod_outliers_cols': ['car_age', 'mileage', 'tax', 'mpg'], 'outlier_remover__contamination_LOF': 0.05, 'outlier_remover__contamination_IF': 0.3, 'model': DecisionTreeRegressor(max_depth=10, max_features='sqrt', min_samples_leaf=4,
                      min_samples_split=10, random_state=42), 'imputer__knn_scaling_method': 'robust', 'imputer__knn_neighbors': 19, 'imputer__imputation_method': 'knn_modelwise', 'encoder__method': 'freq'}",-3988.4076695653844,-3610.055622252083,-3551.101311251888,-3716.521534356452,193.75320313139665,377,-2744.9816337790585,-2862.3790040790013,-2971.024187057239,-2859.461608305099,92.30454077565183
152,0,2000,0.043466647466023765,0.0017094517943582312,0.006374677022298177,0.0027870653582731547,kbest,8,dt,5,robust,"['car_age', 'mileage', 'tax', 'mpg']",2,"['car_age', 'mileage']",LOF,100,"['tax', 'mpg']","['car_age', 'mileage', 'tax', 'mpg']",0.3,0.3,"DecisionTreeRegressor(max_depth=10, max_features='sqrt', min_samples_leaf=4,
                      min_samples_split=10, random_state=42)",minmax,12,simple,freq,"{'selector__selection_method': 'kbest', 'selector__n_features_to_select': 8, 'selector__model_name': 'dt', 'selector__k': 5, 'scaler__scaler_name': 'robust', 'outlier_remover__z_columns': ['car_age', 'mileage', 'tax', 'mpg'], 'outlier_remover__threshold': 2, 'outlier_remover__sev_outliers_cols': ['car_age', 'mileage'], 'outlier_remover__outlier_method': 'LOF', 'outlier_remover__n_neighbors': 100, 'outlier_remover__model_columns': ['tax', 'mpg'], 'outlier_remover__mod_outliers_cols': ['car_age', 'mileage', 'tax', 'mpg'], 'outlier_remover__contamination_LOF': 0.3, 'outlier_remover__contamination_IF': 0.3, 'model': DecisionTreeRegressor(max_depth=10, max_features='sqrt', min_samples_leaf=4,
                      min_samples_split=10, random_state=42), 'imputer__knn_scaling_method': 'minmax', 'imputer__knn_neighbors': 12, 'imputer__imputation_method': 'simple', 'encoder__method': 'freq'}",-3633.8462563864146,-3512.477864338706,-3678.268736408048,-3608.1976190443893,70.07159559338953,362,-2907.6818287665624,-2929.2649628947916,-2870.692571976726,-2902.546454546027,24.186226049184558
153,0,2000,0.05294084548950195,0.006897815731872827,0.0081636110941569,0.0015667801241970977,rfe,7,dt,5,minmax,"['car_age', 'mileage', 'tax', 'mpg']",3,"['car_age', 'mileage']",IQR,70,"['car_age', 'mileage', 'tax', 'mpg', 'engineSize']","['tax', 'mpg']",0.3,0.3,"DecisionTreeRegressor(max_depth=10, max_features='sqrt', min_samples_leaf=4,
                      min_samples_split=10, random_state=42)",robust,20,simple,freq,"{'selector__selection_method': 'rfe', 'selector__n_features_to_select': 7, 'selector__model_name': 'dt', 'selector__k': 5, 'scaler__scaler_name': 'minmax', 'outlier_remover__z_columns': ['car_age', 'mileage', 'tax', 'mpg'], 'outlier_remover__threshold': 3, 'outlier_remover__sev_outliers_cols': ['car_age', 'mileage'], 'outlier_remover__outlier_method': 'IQR', 'outlier_remover__n_neighbors': 70, 'outlier_remover__model_columns': ['car_age', 'mileage', 'tax', 'mpg', 'engineSize'], 'outlier_remover__mod_outliers_cols': ['tax', 'mpg'], 'outlier_remover__contamination_LOF': 0.3, 'outlier_remover__contamination_IF': 0.3, 'model': DecisionTreeRegressor(max_depth=10, max_features='sqrt', min_samples_leaf=4,
                      min_samples_split=10, random_state=42), 'imputer__knn_scaling_method': 'robust', 'imputer__knn_neighbors': 20, 'imputer__imputation_method': 'simple', 'encoder__method': 'freq'}",-3881.073332599882,-3317.3107217338047,-3774.2910569046726,-3657.558370412786,244.50897791879925,369,-2805.627315690133,-2584.1963324304656,-2866.757107692992,-2752.193585271197,121.38511877244989
154,0,2000,0.22426509857177734,0.023250837937614385,0.11168750127156575,0.027653177765131546,rfe,6,dt,6,robust,"['car_age', 'mileage', 'tax', 'mpg']",2,"['car_age', 'mileage']",LOF,90,"['car_age', 'mileage', 'tax', 'mpg']","['car_age', 'mileage', 'tax', 'mpg']",0.5,0.3,"DecisionTreeRegressor(max_depth=10, max_features='sqrt', min_samples_leaf=4,
                      min_samples_split=10, random_state=42)",minmax,13,knn_modelwise,freq,"{'selector__selection_method': 'rfe', 'selector__n_features_to_select': 6, 'selector__model_name': 'dt', 'selector__k': 6, 'scaler__scaler_name': 'robust', 'outlier_remover__z_columns': ['car_age', 'mileage', 'tax', 'mpg'], 'outlier_remover__threshold': 2, 'outlier_remover__sev_outliers_cols': ['car_age', 'mileage'], 'outlier_remover__outlier_method': 'LOF', 'outlier_remover__n_neighbors': 90, 'outlier_remover__model_columns': ['car_age', 'mileage', 'tax', 'mpg'], 'outlier_remover__mod_outliers_cols': ['car_age', 'mileage', 'tax', 'mpg'], 'outlier_remover__contamination_LOF': 0.5, 'outlier_remover__contamination_IF': 0.3, 'model': DecisionTreeRegressor(max_depth=10, max_features='sqrt', min_samples_leaf=4,
                      min_samples_split=10, random_state=42), 'imputer__knn_scaling_method': 'minmax', 'imputer__knn_neighbors': 13, 'imputer__imputation_method': 'knn_modelwise', 'encoder__method': 'freq'}",-3876.3712553356527,-3178.8013008691723,-3665.8449065319387,-3573.672487578921,292.1446861349467,358,-3382.856483118656,-2923.443784030977,-3090.8276430095,-3132.375970053044,189.84152097797175
155,0,2000,0.2506419817606608,0.014532624471443703,0.10703221956888835,0.01774012094634668,rfe,9,dt,5,robust,"['car_age', 'mileage', 'tax', 'mpg']",2,"['car_age', 'mileage']",Isolation_Forest,100,"['tax', 'mpg']","['car_age', 'mileage', 'tax', 'mpg']",0.05,0.15,"DecisionTreeRegressor(max_depth=10, max_features='sqrt', min_samples_leaf=4,
                      min_samples_split=10, random_state=42)",standard,12,knn_modelwise,freq,"{'selector__selection_method': 'rfe', 'selector__n_features_to_select': 9, 'selector__model_name': 'dt', 'selector__k': 5, 'scaler__scaler_name': 'robust', 'outlier_remover__z_columns': ['car_age', 'mileage', 'tax', 'mpg'], 'outlier_remover__threshold': 2, 'outlier_remover__sev_outliers_cols': ['car_age', 'mileage'], 'outlier_remover__outlier_method': 'Isolation_Forest', 'outlier_remover__n_neighbors': 100, 'outlier_remover__model_columns': ['tax', 'mpg'], 'outlier_remover__mod_outliers_cols': ['car_age', 'mileage', 'tax', 'mpg'], 'outlier_remover__contamination_LOF': 0.05, 'outlier_remover__contamination_IF': 0.15, 'model': DecisionTreeRegressor(max_depth=10, max_features='sqrt', min_samples_leaf=4,
                      min_samples_split=10, random_state=42), 'imputer__knn_scaling_method': 'standard', 'imputer__knn_neighbors': 12, 'imputer__imputation_method': 'knn_modelwise', 'encoder__method': 'freq'}",-3629.544142314051,-3697.591143824641,-3566.3068258135263,-3631.14737065074,53.608586344201484,365,-2651.655918482605,-2594.6565032612716,-2663.3730782163775,-2636.5618333200846,30.015168093929166
156,0,2000,0.04477858543395996,0.005607471550978089,0.005409717559814453,0.000610509618519985,model,7,dt,8,standard,"['car_age', 'mileage', 'tax', 'mpg']",2,"['car_age', 'mileage']",IQR,70,"['car_age', 'mileage', 'tax', 'mpg']","['tax', 'mpg']",0.3,0.3,"DecisionTreeRegressor(max_depth=10, max_features='sqrt', min_samples_leaf=4,
                      min_samples_split=10, random_state=42)",standard,13,iterative,target,"{'selector__selection_method': 'model', 'selector__n_features_to_select': 7, 'selector__model_name': 'dt', 'selector__k': 8, 'scaler__scaler_name': 'standard', 'outlier_remover__z_columns': ['car_age', 'mileage', 'tax', 'mpg'], 'outlier_remover__threshold': 2, 'outlier_remover__sev_outliers_cols': ['car_age', 'mileage'], 'outlier_remover__outlier_method': 'IQR', 'outlier_remover__n_neighbors': 70, 'outlier_remover__model_columns': ['car_age', 'mileage', 'tax', 'mpg'], 'outlier_remover__mod_outliers_cols': ['tax', 'mpg'], 'outlier_remover__contamination_LOF': 0.3, 'outlier_remover__contamination_IF': 0.3, 'model': DecisionTreeRegressor(max_depth=10, max_features='sqrt', min_samples_leaf=4,
                      min_samples_split=10, random_state=42), 'imputer__knn_scaling_method': 'standard', 'imputer__knn_neighbors': 13, 'imputer__imputation_method': 'iterative', 'encoder__method': 'target'}",-3155.682533180375,-3181.8664244877987,-3016.9004220904735,-3118.1497932528823,72.3877310579961,203,-2259.8563682183867,-2301.4642405439567,-2266.4273550831513,-2275.9159879484982,18.263431132643934
157,0,2000,0.19999265670776367,0.037514555027839486,0.1058367093404134,0.0069179821358186355,kbest,8,dt,8,minmax,"['car_age', 'mileage', 'tax', 'mpg']",3,"['car_age', 'mileage']",IQR,100,"['car_age', 'mileage', 'tax', 'mpg']","['car_age', 'mileage', 'tax', 'mpg']",0.05,0.5,"DecisionTreeRegressor(max_depth=10, max_features='sqrt', min_samples_leaf=4,
                      min_samples_split=10, random_state=42)",standard,20,knn_modelwise,freq,"{'selector__selection_method': 'kbest', 'selector__n_features_to_select': 8, 'selector__model_name': 'dt', 'selector__k': 8, 'scaler__scaler_name': 'minmax', 'outlier_remover__z_columns': ['car_age', 'mileage', 'tax', 'mpg'], 'outlier_remover__threshold': 3, 'outlier_remover__sev_outliers_cols': ['car_age', 'mileage'], 'outlier_remover__outlier_method': 'IQR', 'outlier_remover__n_neighbors': 100, 'outlier_remover__model_columns': ['car_age', 'mileage', 'tax', 'mpg'], 'outlier_remover__mod_outliers_cols': ['car_age', 'mileage', 'tax', 'mpg'], 'outlier_remover__contamination_LOF': 0.05, 'outlier_remover__contamination_IF': 0.5, 'model': DecisionTreeRegressor(max_depth=10, max_features='sqrt', min_samples_leaf=4,
                      min_samples_split=10, random_state=42), 'imputer__knn_scaling_method': 'standard', 'imputer__knn_neighbors': 20, 'imputer__imputation_method': 'knn_modelwise', 'encoder__method': 'freq'}",-3524.6533754247866,-3614.3663814433407,-3404.4801735587876,-3514.4999768089715,85.98594339630245,341,-2639.3511642474723,-2666.116915862125,-2743.0151616921557,-2682.827747267251,43.939314258347586
158,0,2000,0.0754099686940511,0.014715242751903487,0.0057830810546875,0.0009314969846811593,model,8,dt,10,minmax,"['car_age', 'mileage', 'tax', 'mpg']",3,"['car_age', 'mileage', 'engineSize']",LOF,100,"['tax', 'mpg']","['car_age', 'mileage', 'tax', 'mpg']",0.3,0.3,"DecisionTreeRegressor(max_depth=10, max_features='sqrt', min_samples_leaf=4,
                      min_samples_split=10, random_state=42)",minmax,11,iterative,target,"{'selector__selection_method': 'model', 'selector__n_features_to_select': 8, 'selector__model_name': 'dt', 'selector__k': 10, 'scaler__scaler_name': 'minmax', 'outlier_remover__z_columns': ['car_age', 'mileage', 'tax', 'mpg'], 'outlier_remover__threshold': 3, 'outlier_remover__sev_outliers_cols': ['car_age', 'mileage', 'engineSize'], 'outlier_remover__outlier_method': 'LOF', 'outlier_remover__n_neighbors': 100, 'outlier_remover__model_columns': ['tax', 'mpg'], 'outlier_remover__mod_outliers_cols': ['car_age', 'mileage', 'tax', 'mpg'], 'outlier_remover__contamination_LOF': 0.3, 'outlier_remover__contamination_IF': 0.3, 'model': DecisionTreeRegressor(max_depth=10, max_features='sqrt', min_samples_leaf=4,
                      min_samples_split=10, random_state=42), 'imputer__knn_scaling_method': 'minmax', 'imputer__knn_neighbors': 11, 'imputer__imputation_method': 'iterative', 'encoder__method': 'target'}",-3454.8425282043545,-3194.5480379025767,-3235.576930012726,-3294.9891653732193,114.2677140265017,274,-2862.1918339238437,-2804.013074973478,-2812.4528657055403,-2826.219258200954,25.668751040964494
159,0,2000,0.06827394167582194,0.009824985918554404,0.00589299201965332,0.0009436369019567018,rfe,7,dt,10,standard,"['car_age', 'mileage', 'tax', 'mpg']",2,"['car_age', 'mileage']",IQR,50,"['car_age', 'mileage', 'tax', 'mpg', 'engineSize']","['tax', 'mpg']",0.05,0.3,"DecisionTreeRegressor(max_depth=10, max_features='sqrt', min_samples_leaf=4,
                      min_samples_split=10, random_state=42)",standard,15,iterative,freq,"{'selector__selection_method': 'rfe', 'selector__n_features_to_select': 7, 'selector__model_name': 'dt', 'selector__k': 10, 'scaler__scaler_name': 'standard', 'outlier_remover__z_columns': ['car_age', 'mileage', 'tax', 'mpg'], 'outlier_remover__threshold': 2, 'outlier_remover__sev_outliers_cols': ['car_age', 'mileage'], 'outlier_remover__outlier_method': 'IQR', 'outlier_remover__n_neighbors': 50, 'outlier_remover__model_columns': ['car_age', 'mileage', 'tax', 'mpg', 'engineSize'], 'outlier_remover__mod_outliers_cols': ['tax', 'mpg'], 'outlier_remover__contamination_LOF': 0.05, 'outlier_remover__contamination_IF': 0.3, 'model': DecisionTreeRegressor(max_depth=10, max_features='sqrt', min_samples_leaf=4,
                      min_samples_split=10, random_state=42), 'imputer__knn_scaling_method': 'standard', 'imputer__knn_neighbors': 15, 'imputer__imputation_method': 'iterative', 'encoder__method': 'freq'}",-3785.2637412980584,-3240.4572189792334,-3354.0252550609252,-3459.915405112739,234.68145729730452,324,-2709.0099288188403,-2508.910085496335,-2471.0566114861567,-2562.992208600444,104.40019903235566
160,0,2000,0.020771344502766926,0.002119984769272256,0.0048369566599528,0.0001881840461050798,kbest,6,dt,5,robust,"['car_age', 'mileage', 'tax', 'mpg']",2,"['car_age', 'mileage']",IQR,30,"['car_age', 'mileage', 'tax', 'mpg', 'engineSize']","['car_age', 'mileage', 'tax', 'mpg']",0.15,0.3,"DecisionTreeRegressor(max_depth=10, max_features='sqrt', min_samples_leaf=4,
                      min_samples_split=10, random_state=42)",minmax,18,simple,freq,"{'selector__selection_method': 'kbest', 'selector__n_features_to_select': 6, 'selector__model_name': 'dt', 'selector__k': 5, 'scaler__scaler_name': 'robust', 'outlier_remover__z_columns': ['car_age', 'mileage', 'tax', 'mpg'], 'outlier_remover__threshold': 2, 'outlier_remover__sev_outliers_cols': ['car_age', 'mileage'], 'outlier_remover__outlier_method': 'IQR', 'outlier_remover__n_neighbors': 30, 'outlier_remover__model_columns': ['car_age', 'mileage', 'tax', 'mpg', 'engineSize'], 'outlier_remover__mod_outliers_cols': ['car_age', 'mileage', 'tax', 'mpg'], 'outlier_remover__contamination_LOF': 0.15, 'outlier_remover__contamination_IF': 0.3, 'model': DecisionTreeRegressor(max_depth=10, max_features='sqrt', min_samples_leaf=4,
                      min_samples_split=10, random_state=42), 'imputer__knn_scaling_method': 'minmax', 'imputer__knn_neighbors': 18, 'imputer__imputation_method': 'simple', 'encoder__method': 'freq'}",-3565.2587702873766,-3249.1418438027954,-3181.8527060310885,-3332.0844400404203,167.15194331326705,294,-2514.952293939734,-2509.2072956378647,-2525.066790017475,-2516.408793198358,6.556011646420444
161,0,2000,0.2677624225616455,0.03792764308635933,0.1217356522878011,0.01723132331853551,rfe,6,dt,6,standard,"['car_age', 'mileage', 'tax', 'mpg']",2,"['car_age', 'mileage']",z_score,90,"['car_age', 'mileage', 'tax', 'mpg']","['tax', 'mpg']",0.3,0.3,"DecisionTreeRegressor(max_depth=10, max_features='sqrt', min_samples_leaf=4,
                      min_samples_split=10, random_state=42)",standard,17,knn_modelwise,target,"{'selector__selection_method': 'rfe', 'selector__n_features_to_select': 6, 'selector__model_name': 'dt', 'selector__k': 6, 'scaler__scaler_name': 'standard', 'outlier_remover__z_columns': ['car_age', 'mileage', 'tax', 'mpg'], 'outlier_remover__threshold': 2, 'outlier_remover__sev_outliers_cols': ['car_age', 'mileage'], 'outlier_remover__outlier_method': 'z_score', 'outlier_remover__n_neighbors': 90, 'outlier_remover__model_columns': ['car_age', 'mileage', 'tax', 'mpg'], 'outlier_remover__mod_outliers_cols': ['tax', 'mpg'], 'outlier_remover__contamination_LOF': 0.3, 'outlier_remover__contamination_IF': 0.3, 'model': DecisionTreeRegressor(max_depth=10, max_features='sqrt', min_samples_leaf=4,
                      min_samples_split=10, random_state=42), 'imputer__knn_scaling_method': 'standard', 'imputer__knn_neighbors': 17, 'imputer__imputation_method': 'knn_modelwise', 'encoder__method': 'target'}",-3213.919404062868,-3221.6182256962297,-2899.74414782768,-3111.760592528926,149.95120891243909,200,-2148.1271721544663,-2209.9611961628307,-2137.503525426107,-2165.197297914468,31.948608808987508
162,0,2000,0.09586826960245769,0.005383895926738737,0.009789307912190756,0.0007774865161322107,kbest,6,dt,8,standard,"['car_age', 'mileage', 'tax', 'mpg']",3,"['car_age', 'mileage', 'engineSize']",Isolation_Forest,70,"['car_age', 'mileage', 'tax', 'mpg']","['tax', 'mpg']",0.3,0.3,"DecisionTreeRegressor(max_depth=10, max_features='sqrt', min_samples_leaf=4,
                      min_samples_split=10, random_state=42)",standard,13,simple,target,"{'selector__selection_method': 'kbest', 'selector__n_features_to_select': 6, 'selector__model_name': 'dt', 'selector__k': 8, 'scaler__scaler_name': 'standard', 'outlier_remover__z_columns': ['car_age', 'mileage', 'tax', 'mpg'], 'outlier_remover__threshold': 3, 'outlier_remover__sev_outliers_cols': ['car_age', 'mileage', 'engineSize'], 'outlier_remover__outlier_method': 'Isolation_Forest', 'outlier_remover__n_neighbors': 70, 'outlier_remover__model_columns': ['car_age', 'mileage', 'tax', 'mpg'], 'outlier_remover__mod_outliers_cols': ['tax', 'mpg'], 'outlier_remover__contamination_LOF': 0.3, 'outlier_remover__contamination_IF': 0.3, 'model': DecisionTreeRegressor(max_depth=10, max_features='sqrt', min_samples_leaf=4,
                      min_samples_split=10, random_state=42), 'imputer__knn_scaling_method': 'standard', 'imputer__knn_neighbors': 13, 'imputer__imputation_method': 'simple', 'encoder__method': 'target'}",-3548.5734126009347,-3595.910268709736,-3562.031044041518,-3568.8382417840626,19.915621044729765,357,-2759.7525931868595,-3006.249977239443,-2975.2332995385646,-2913.7452899882887,109.62305589316146
163,0,2000,0.2508575916290283,0.052583687123364864,0.11879436175028484,0.010437689947053144,kbest,7,dt,5,robust,"['car_age', 'mileage', 'tax', 'mpg']",3,"['car_age', 'mileage', 'engineSize']",LOF,90,"['car_age', 'mileage', 'tax', 'mpg']","['car_age', 'mileage', 'tax', 'mpg']",0.15,0.05,"DecisionTreeRegressor(max_depth=10, max_features='sqrt', min_samples_leaf=4,
                      min_samples_split=10, random_state=42)",standard,17,knn_modelwise,target,"{'selector__selection_method': 'kbest', 'selector__n_features_to_select': 7, 'selector__model_name': 'dt', 'selector__k': 5, 'scaler__scaler_name': 'robust', 'outlier_remover__z_columns': ['car_age', 'mileage', 'tax', 'mpg'], 'outlier_remover__threshold': 3, 'outlier_remover__sev_outliers_cols': ['car_age', 'mileage', 'engineSize'], 'outlier_remover__outlier_method': 'LOF', 'outlier_remover__n_neighbors': 90, 'outlier_remover__model_columns': ['car_age', 'mileage', 'tax', 'mpg'], 'outlier_remover__mod_outliers_cols': ['car_age', 'mileage', 'tax', 'mpg'], 'outlier_remover__contamination_LOF': 0.15, 'outlier_remover__contamination_IF': 0.05, 'model': DecisionTreeRegressor(max_depth=10, max_features='sqrt', min_samples_leaf=4,
                      min_samples_split=10, random_state=42), 'imputer__knn_scaling_method': 'standard', 'imputer__knn_neighbors': 17, 'imputer__imputation_method': 'knn_modelwise', 'encoder__method': 'target'}",-3349.652056259622,-3184.8981161654674,-3297.693360289686,-3277.4145109049255,68.77203401293501,270,-2631.4518342999245,-2512.2336117559266,-2699.724977533732,-2614.4701411965275,77.47918639135783
164,0,2000,0.21527099609375,0.05193910195793683,0.09757534662882487,0.003386961682214093,model,10,dt,8,robust,"['car_age', 'mileage', 'tax', 'mpg']",3,"['car_age', 'mileage']",LOF,30,"['car_age', 'mileage', 'tax', 'mpg', 'engineSize']","['car_age', 'mileage', 'tax', 'mpg']",0.5,0.3,"DecisionTreeRegressor(max_depth=10, max_features='sqrt', min_samples_leaf=4,
                      min_samples_split=10, random_state=42)",standard,12,knn_modelwise,freq,"{'selector__selection_method': 'model', 'selector__n_features_to_select': 10, 'selector__model_name': 'dt', 'selector__k': 8, 'scaler__scaler_name': 'robust', 'outlier_remover__z_columns': ['car_age', 'mileage', 'tax', 'mpg'], 'outlier_remover__threshold': 3, 'outlier_remover__sev_outliers_cols': ['car_age', 'mileage'], 'outlier_remover__outlier_method': 'LOF', 'outlier_remover__n_neighbors': 30, 'outlier_remover__model_columns': ['car_age', 'mileage', 'tax', 'mpg', 'engineSize'], 'outlier_remover__mod_outliers_cols': ['car_age', 'mileage', 'tax', 'mpg'], 'outlier_remover__contamination_LOF': 0.5, 'outlier_remover__contamination_IF': 0.3, 'model': DecisionTreeRegressor(max_depth=10, max_features='sqrt', min_samples_leaf=4,
                      min_samples_split=10, random_state=42), 'imputer__knn_scaling_method': 'standard', 'imputer__knn_neighbors': 12, 'imputer__imputation_method': 'knn_modelwise', 'encoder__method': 'freq'}",-3533.3792083902786,-3537.955736818926,-3863.7977272108164,-3645.044224140007,154.69336870602547,367,-3262.4102901632746,-2938.0452663607216,-3244.707592847813,-3148.3877164572696,148.91005362863592
165,0,2000,0.09749515851338704,0.006580463676662339,0.0054158369700113935,0.00014865155695184895,kbest,5,dt,5,robust,"['car_age', 'mileage', 'tax', 'mpg']",2,"['car_age', 'mileage', 'engineSize']",Isolation_Forest,90,"['car_age', 'mileage', 'tax', 'mpg']","['tax', 'mpg']",0.05,0.5,"DecisionTreeRegressor(max_depth=10, max_features='sqrt', min_samples_leaf=4,
                      min_samples_split=10, random_state=42)",robust,10,iterative,freq,"{'selector__selection_method': 'kbest', 'selector__n_features_to_select': 5, 'selector__model_name': 'dt', 'selector__k': 5, 'scaler__scaler_name': 'robust', 'outlier_remover__z_columns': ['car_age', 'mileage', 'tax', 'mpg'], 'outlier_remover__threshold': 2, 'outlier_remover__sev_outliers_cols': ['car_age', 'mileage', 'engineSize'], 'outlier_remover__outlier_method': 'Isolation_Forest', 'outlier_remover__n_neighbors': 90, 'outlier_remover__model_columns': ['car_age', 'mileage', 'tax', 'mpg'], 'outlier_remover__mod_outliers_cols': ['tax', 'mpg'], 'outlier_remover__contamination_LOF': 0.05, 'outlier_remover__contamination_IF': 0.5, 'model': DecisionTreeRegressor(max_depth=10, max_features='sqrt', min_samples_leaf=4,
                      min_samples_split=10, random_state=42), 'imputer__knn_scaling_method': 'robust', 'imputer__knn_neighbors': 10, 'imputer__imputation_method': 'iterative', 'encoder__method': 'freq'}",-4509.880309875279,-4172.804013916222,-4255.904409066591,-4312.862910952698,143.38365905779162,395,-3995.1975563679493,-3839.0104222608925,-3940.6108811178015,-3924.9396199155476,64.71886142331763
166,0,2000,0.192720095316569,0.007288461818525642,0.10029268264770508,0.021172475237896116,model,10,dt,8,robust,"['car_age', 'mileage', 'tax', 'mpg']",3,"['car_age', 'mileage']",LOF,70,"['car_age', 'mileage', 'tax', 'mpg', 'engineSize']","['tax', 'mpg']",0.3,0.3,"DecisionTreeRegressor(max_depth=10, max_features='sqrt', min_samples_leaf=4,
                      min_samples_split=10, random_state=42)",minmax,14,knn_modelwise,target,"{'selector__selection_method': 'model', 'selector__n_features_to_select': 10, 'selector__model_name': 'dt', 'selector__k': 8, 'scaler__scaler_name': 'robust', 'outlier_remover__z_columns': ['car_age', 'mileage', 'tax', 'mpg'], 'outlier_remover__threshold': 3, 'outlier_remover__sev_outliers_cols': ['car_age', 'mileage'], 'outlier_remover__outlier_method': 'LOF', 'outlier_remover__n_neighbors': 70, 'outlier_remover__model_columns': ['car_age', 'mileage', 'tax', 'mpg', 'engineSize'], 'outlier_remover__mod_outliers_cols': ['tax', 'mpg'], 'outlier_remover__contamination_LOF': 0.3, 'outlier_remover__contamination_IF': 0.3, 'model': DecisionTreeRegressor(max_depth=10, max_features='sqrt', min_samples_leaf=4,
                      min_samples_split=10, random_state=42), 'imputer__knn_scaling_method': 'minmax', 'imputer__knn_neighbors': 14, 'imputer__imputation_method': 'knn_modelwise', 'encoder__method': 'target'}",-3451.400649100001,-3187.070342865061,-3286.6946149223418,-3308.3885356291344,108.99723955308457,281,-2631.256172207901,-2599.2454349034574,-2545.3983350107123,-2591.9666473740235,35.427179894996925
167,0,2000,0.05029519399007162,0.01161222974938177,0.005889415740966797,0.0009986937933790334,kbest,7,dt,7,minmax,"['car_age', 'mileage', 'tax', 'mpg']",2,"['car_age', 'mileage']",LOF,50,"['car_age', 'mileage', 'tax', 'mpg', 'engineSize']","['tax', 'mpg']",0.3,0.5,"DecisionTreeRegressor(max_depth=10, max_features='sqrt', min_samples_leaf=4,
                      min_samples_split=10, random_state=42)",minmax,10,iterative,freq,"{'selector__selection_method': 'kbest', 'selector__n_features_to_select': 7, 'selector__model_name': 'dt', 'selector__k': 7, 'scaler__scaler_name': 'minmax', 'outlier_remover__z_columns': ['car_age', 'mileage', 'tax', 'mpg'], 'outlier_remover__threshold': 2, 'outlier_remover__sev_outliers_cols': ['car_age', 'mileage'], 'outlier_remover__outlier_method': 'LOF', 'outlier_remover__n_neighbors': 50, 'outlier_remover__model_columns': ['car_age', 'mileage', 'tax', 'mpg', 'engineSize'], 'outlier_remover__mod_outliers_cols': ['tax', 'mpg'], 'outlier_remover__contamination_LOF': 0.3, 'outlier_remover__contamination_IF': 0.5, 'model': DecisionTreeRegressor(max_depth=10, max_features='sqrt', min_samples_leaf=4,
                      min_samples_split=10, random_state=42), 'imputer__knn_scaling_method': 'minmax', 'imputer__knn_neighbors': 10, 'imputer__imputation_method': 'iterative', 'encoder__method': 'freq'}",-4239.514293446161,-3637.4255021600525,-3437.907373553403,-3771.615723053206,340.7332045677415,385,-3367.10544493254,-3052.4198435504663,-2893.5785545170675,-3104.367947666691,196.77547802438764
168,0,2000,0.10272256533304851,0.009713415854489225,0.004792690277099609,9.419213720585964e-05,rfe,8,dt,8,robust,"['car_age', 'mileage', 'tax', 'mpg']",3,"['car_age', 'mileage']",Isolation_Forest,50,"['tax', 'mpg']","['car_age', 'mileage', 'tax', 'mpg']",0.15,0.15,"DecisionTreeRegressor(max_depth=10, max_features='sqrt', min_samples_leaf=4,
                      min_samples_split=10, random_state=42)",robust,16,simple,freq,"{'selector__selection_method': 'rfe', 'selector__n_features_to_select': 8, 'selector__model_name': 'dt', 'selector__k': 8, 'scaler__scaler_name': 'robust', 'outlier_remover__z_columns': ['car_age', 'mileage', 'tax', 'mpg'], 'outlier_remover__threshold': 3, 'outlier_remover__sev_outliers_cols': ['car_age', 'mileage'], 'outlier_remover__outlier_method': 'Isolation_Forest', 'outlier_remover__n_neighbors': 50, 'outlier_remover__model_columns': ['tax', 'mpg'], 'outlier_remover__mod_outliers_cols': ['car_age', 'mileage', 'tax', 'mpg'], 'outlier_remover__contamination_LOF': 0.15, 'outlier_remover__contamination_IF': 0.15, 'model': DecisionTreeRegressor(max_depth=10, max_features='sqrt', min_samples_leaf=4,
                      min_samples_split=10, random_state=42), 'imputer__knn_scaling_method': 'robust', 'imputer__knn_neighbors': 16, 'imputer__imputation_method': 'simple', 'encoder__method': 'freq'}",-3760.8299088532117,-3307.086165116668,-3517.471541637338,-3528.4625385357394,185.40307037124833,345,-3078.0006186484507,-2792.621768730995,-2659.766575035273,-2843.4629874715733,174.4869640814232
169,0,2000,0.049003044764200844,0.007521332640388264,0.005375067392985026,0.00023852165960806828,model,8,dt,5,standard,"['car_age', 'mileage', 'tax', 'mpg']",2,"['car_age', 'mileage', 'engineSize']",IQR,30,"['car_age', 'mileage', 'tax', 'mpg']","['tax', 'mpg']",0.5,0.3,"DecisionTreeRegressor(max_depth=10, max_features='sqrt', min_samples_leaf=4,
                      min_samples_split=10, random_state=42)",robust,11,iterative,freq,"{'selector__selection_method': 'model', 'selector__n_features_to_select': 8, 'selector__model_name': 'dt', 'selector__k': 5, 'scaler__scaler_name': 'standard', 'outlier_remover__z_columns': ['car_age', 'mileage', 'tax', 'mpg'], 'outlier_remover__threshold': 2, 'outlier_remover__sev_outliers_cols': ['car_age', 'mileage', 'engineSize'], 'outlier_remover__outlier_method': 'IQR', 'outlier_remover__n_neighbors': 30, 'outlier_remover__model_columns': ['car_age', 'mileage', 'tax', 'mpg'], 'outlier_remover__mod_outliers_cols': ['tax', 'mpg'], 'outlier_remover__contamination_LOF': 0.5, 'outlier_remover__contamination_IF': 0.3, 'model': DecisionTreeRegressor(max_depth=10, max_features='sqrt', min_samples_leaf=4,
                      min_samples_split=10, random_state=42), 'imputer__knn_scaling_method': 'robust', 'imputer__knn_neighbors': 11, 'imputer__imputation_method': 'iterative', 'encoder__method': 'freq'}",-3470.5956348277145,-3171.709334970413,-3154.1437324559743,-3265.482900751367,145.21378001215908,268,-2448.0980272648803,-2472.2186576355552,-2480.911612822251,-2467.0760992408955,13.880856827890296
170,0,2000,0.20280830065409342,0.02355562239834254,0.10402528444925944,0.00838763150934504,model,8,dt,10,robust,"['car_age', 'mileage', 'tax', 'mpg']",3,"['car_age', 'mileage']",LOF,30,"['car_age', 'mileage', 'tax', 'mpg', 'engineSize']","['tax', 'mpg']",0.15,0.3,"DecisionTreeRegressor(max_depth=10, max_features='sqrt', min_samples_leaf=4,
                      min_samples_split=10, random_state=42)",standard,16,knn_modelwise,target,"{'selector__selection_method': 'model', 'selector__n_features_to_select': 8, 'selector__model_name': 'dt', 'selector__k': 10, 'scaler__scaler_name': 'robust', 'outlier_remover__z_columns': ['car_age', 'mileage', 'tax', 'mpg'], 'outlier_remover__threshold': 3, 'outlier_remover__sev_outliers_cols': ['car_age', 'mileage'], 'outlier_remover__outlier_method': 'LOF', 'outlier_remover__n_neighbors': 30, 'outlier_remover__model_columns': ['car_age', 'mileage', 'tax', 'mpg', 'engineSize'], 'outlier_remover__mod_outliers_cols': ['tax', 'mpg'], 'outlier_remover__contamination_LOF': 0.15, 'outlier_remover__contamination_IF': 0.3, 'model': DecisionTreeRegressor(max_depth=10, max_features='sqrt', min_samples_leaf=4,
                      min_samples_split=10, random_state=42), 'imputer__knn_scaling_method': 'standard', 'imputer__knn_neighbors': 16, 'imputer__imputation_method': 'knn_modelwise', 'encoder__method': 'target'}",-3230.229891264446,-3355.1764929251385,-2956.9736859816344,-3180.7933567237396,166.28158261408515,236,-2296.4416513114284,-2463.799575442253,-2271.1538494418933,-2343.798358731858,85.47938246473858
171,0,2000,0.03704301516215006,0.004984528438312464,0.005779743194580078,0.0005663185907221556,kbest,5,dt,7,minmax,"['car_age', 'mileage', 'tax', 'mpg']",3,"['car_age', 'mileage', 'engineSize']",z_score,30,"['car_age', 'mileage', 'tax', 'mpg', 'engineSize']","['car_age', 'mileage', 'tax', 'mpg']",0.5,0.5,"DecisionTreeRegressor(max_depth=10, max_features='sqrt', min_samples_leaf=4,
                      min_samples_split=10, random_state=42)",minmax,10,iterative,freq,"{'selector__selection_method': 'kbest', 'selector__n_features_to_select': 5, 'selector__model_name': 'dt', 'selector__k': 7, 'scaler__scaler_name': 'minmax', 'outlier_remover__z_columns': ['car_age', 'mileage', 'tax', 'mpg'], 'outlier_remover__threshold': 3, 'outlier_remover__sev_outliers_cols': ['car_age', 'mileage', 'engineSize'], 'outlier_remover__outlier_method': 'z_score', 'outlier_remover__n_neighbors': 30, 'outlier_remover__model_columns': ['car_age', 'mileage', 'tax', 'mpg', 'engineSize'], 'outlier_remover__mod_outliers_cols': ['car_age', 'mileage', 'tax', 'mpg'], 'outlier_remover__contamination_LOF': 0.5, 'outlier_remover__contamination_IF': 0.5, 'model': DecisionTreeRegressor(max_depth=10, max_features='sqrt', min_samples_leaf=4,
                      min_samples_split=10, random_state=42), 'imputer__knn_scaling_method': 'minmax', 'imputer__knn_neighbors': 10, 'imputer__imputation_method': 'iterative', 'encoder__method': 'freq'}",-3817.9682442997287,-3432.1661789466552,-3423.985803698117,-3558.0400756481667,183.8273089591021,351,-2784.289020634841,-2798.4530868336674,-2574.9253175520666,-2719.222475006858,102.19721923800373
172,0,2000,0.20524994532267252,0.006394460019293373,0.12242746353149414,0.02496528412446484,kbest,10,dt,10,standard,"['car_age', 'mileage', 'tax', 'mpg']",2,"['car_age', 'mileage']",LOF,90,"['car_age', 'mileage', 'tax', 'mpg']","['car_age', 'mileage', 'tax', 'mpg']",0.05,0.5,"DecisionTreeRegressor(max_depth=10, max_features='sqrt', min_samples_leaf=4,
                      min_samples_split=10, random_state=42)",standard,12,knn_modelwise,freq,"{'selector__selection_method': 'kbest', 'selector__n_features_to_select': 10, 'selector__model_name': 'dt', 'selector__k': 10, 'scaler__scaler_name': 'standard', 'outlier_remover__z_columns': ['car_age', 'mileage', 'tax', 'mpg'], 'outlier_remover__threshold': 2, 'outlier_remover__sev_outliers_cols': ['car_age', 'mileage'], 'outlier_remover__outlier_method': 'LOF', 'outlier_remover__n_neighbors': 90, 'outlier_remover__model_columns': ['car_age', 'mileage', 'tax', 'mpg'], 'outlier_remover__mod_outliers_cols': ['car_age', 'mileage', 'tax', 'mpg'], 'outlier_remover__contamination_LOF': 0.05, 'outlier_remover__contamination_IF': 0.5, 'model': DecisionTreeRegressor(max_depth=10, max_features='sqrt', min_samples_leaf=4,
                      min_samples_split=10, random_state=42), 'imputer__knn_scaling_method': 'standard', 'imputer__knn_neighbors': 12, 'imputer__imputation_method': 'knn_modelwise', 'encoder__method': 'freq'}",-3376.931098476764,-3311.4040420781416,-3064.7296998754005,-3251.021613476769,134.41715313409418,260,-2404.3961492443314,-2519.0839632782454,-2303.058841591091,-2408.8463180378894,88.24800772710896
173,0,2000,0.051304022471110024,0.0037947778298880715,0.0055315494537353516,0.0006129845375114554,model,6,dt,6,robust,"['car_age', 'mileage', 'tax', 'mpg']",2,"['car_age', 'mileage', 'engineSize']",IQR,50,"['tax', 'mpg']","['car_age', 'mileage', 'tax', 'mpg']",0.15,0.3,"DecisionTreeRegressor(max_depth=10, max_features='sqrt', min_samples_leaf=4,
                      min_samples_split=10, random_state=42)",robust,18,iterative,freq,"{'selector__selection_method': 'model', 'selector__n_features_to_select': 6, 'selector__model_name': 'dt', 'selector__k': 6, 'scaler__scaler_name': 'robust', 'outlier_remover__z_columns': ['car_age', 'mileage', 'tax', 'mpg'], 'outlier_remover__threshold': 2, 'outlier_remover__sev_outliers_cols': ['car_age', 'mileage', 'engineSize'], 'outlier_remover__outlier_method': 'IQR', 'outlier_remover__n_neighbors': 50, 'outlier_remover__model_columns': ['tax', 'mpg'], 'outlier_remover__mod_outliers_cols': ['car_age', 'mileage', 'tax', 'mpg'], 'outlier_remover__contamination_LOF': 0.15, 'outlier_remover__contamination_IF': 0.3, 'model': DecisionTreeRegressor(max_depth=10, max_features='sqrt', min_samples_leaf=4,
                      min_samples_split=10, random_state=42), 'imputer__knn_scaling_method': 'robust', 'imputer__knn_neighbors': 18, 'imputer__imputation_method': 'iterative', 'encoder__method': 'freq'}",-3432.943383634931,-3434.539355575145,-3224.9887754540478,-3364.1571715547084,98.40907355364862,304,-2484.9214459326713,-2399.75906733921,-2411.02577569968,-2431.902096323854,37.77144648211121
174,0,2000,0.03339529037475586,0.002679229225544792,0.00417025883992513,0.0003900167168199405,model,6,dt,8,minmax,"['car_age', 'mileage', 'tax', 'mpg']",2,"['car_age', 'mileage']",LOF,50,"['tax', 'mpg']","['car_age', 'mileage', 'tax', 'mpg']",0.5,0.05,"DecisionTreeRegressor(max_depth=10, max_features='sqrt', min_samples_leaf=4,
                      min_samples_split=10, random_state=42)",standard,11,simple,target,"{'selector__selection_method': 'model', 'selector__n_features_to_select': 6, 'selector__model_name': 'dt', 'selector__k': 8, 'scaler__scaler_name': 'minmax', 'outlier_remover__z_columns': ['car_age', 'mileage', 'tax', 'mpg'], 'outlier_remover__threshold': 2, 'outlier_remover__sev_outliers_cols': ['car_age', 'mileage'], 'outlier_remover__outlier_method': 'LOF', 'outlier_remover__n_neighbors': 50, 'outlier_remover__model_columns': ['tax', 'mpg'], 'outlier_remover__mod_outliers_cols': ['car_age', 'mileage', 'tax', 'mpg'], 'outlier_remover__contamination_LOF': 0.5, 'outlier_remover__contamination_IF': 0.05, 'model': DecisionTreeRegressor(max_depth=10, max_features='sqrt', min_samples_leaf=4,
                      min_samples_split=10, random_state=42), 'imputer__knn_scaling_method': 'standard', 'imputer__knn_neighbors': 11, 'imputer__imputation_method': 'simple', 'encoder__method': 'target'}",-4139.481253712785,-3532.0198398330876,-3622.9294868412626,-3764.8101934623787,267.5193993235636,384,-3723.8755677566282,-3251.4702570722316,-3179.4196455363613,-3384.9218234550735,241.47470983894763
175,0,2000,0.1706829865773519,0.004117502502291678,0.09636743863423665,0.004652974327890481,model,5,dt,7,robust,"['car_age', 'mileage', 'tax', 'mpg']",2,"['car_age', 'mileage']",IQR,70,"['tax', 'mpg']","['tax', 'mpg']",0.5,0.15,"DecisionTreeRegressor(max_depth=10, max_features='sqrt', min_samples_leaf=4,
                      min_samples_split=10, random_state=42)",minmax,13,knn_modelwise,target,"{'selector__selection_method': 'model', 'selector__n_features_to_select': 5, 'selector__model_name': 'dt', 'selector__k': 7, 'scaler__scaler_name': 'robust', 'outlier_remover__z_columns': ['car_age', 'mileage', 'tax', 'mpg'], 'outlier_remover__threshold': 2, 'outlier_remover__sev_outliers_cols': ['car_age', 'mileage'], 'outlier_remover__outlier_method': 'IQR', 'outlier_remover__n_neighbors': 70, 'outlier_remover__model_columns': ['tax', 'mpg'], 'outlier_remover__mod_outliers_cols': ['tax', 'mpg'], 'outlier_remover__contamination_LOF': 0.5, 'outlier_remover__contamination_IF': 0.15, 'model': DecisionTreeRegressor(max_depth=10, max_features='sqrt', min_samples_leaf=4,
                      min_samples_split=10, random_state=42), 'imputer__knn_scaling_method': 'minmax', 'imputer__knn_neighbors': 13, 'imputer__imputation_method': 'knn_modelwise', 'encoder__method': 'target'}",-3132.3521822569137,-2848.008517162785,-3022.6081076367673,-3000.9896023521555,117.08501127484557,167,-2216.146498679208,-2128.650104808976,-2066.7342404744,-2137.176947987528,61.29456754834952
176,0,2000,0.0785067081451416,0.010722874417357055,0.005613644917805989,0.0004602452873912393,rfe,9,dt,9,minmax,"['car_age', 'mileage', 'tax', 'mpg']",2,"['car_age', 'mileage']",LOF,100,"['tax', 'mpg']","['tax', 'mpg']",0.05,0.5,"DecisionTreeRegressor(max_depth=10, max_features='sqrt', min_samples_leaf=4,
                      min_samples_split=10, random_state=42)",standard,11,iterative,target,"{'selector__selection_method': 'rfe', 'selector__n_features_to_select': 9, 'selector__model_name': 'dt', 'selector__k': 9, 'scaler__scaler_name': 'minmax', 'outlier_remover__z_columns': ['car_age', 'mileage', 'tax', 'mpg'], 'outlier_remover__threshold': 2, 'outlier_remover__sev_outliers_cols': ['car_age', 'mileage'], 'outlier_remover__outlier_method': 'LOF', 'outlier_remover__n_neighbors': 100, 'outlier_remover__model_columns': ['tax', 'mpg'], 'outlier_remover__mod_outliers_cols': ['tax', 'mpg'], 'outlier_remover__contamination_LOF': 0.05, 'outlier_remover__contamination_IF': 0.5, 'model': DecisionTreeRegressor(max_depth=10, max_features='sqrt', min_samples_leaf=4,
                      min_samples_split=10, random_state=42), 'imputer__knn_scaling_method': 'standard', 'imputer__knn_neighbors': 11, 'imputer__imputation_method': 'iterative', 'encoder__method': 'target'}",-3298.432014452323,-3250.9425352205026,-3007.208463499417,-3185.5276710574144,127.57250878751641,238,-2349.5152649420215,-2049.49371005616,-2204.3187806744145,-2201.1092518908654,122.50431055080418
177,0,2000,0.08649428685506184,0.003380635728610573,0.004151980082194011,0.00011322670993928344,model,8,dt,10,standard,"['car_age', 'mileage', 'tax', 'mpg']",3,"['car_age', 'mileage']",Isolation_Forest,100,"['car_age', 'mileage', 'tax', 'mpg']","['tax', 'mpg']",0.5,0.05,"DecisionTreeRegressor(max_depth=10, max_features='sqrt', min_samples_leaf=4,
                      min_samples_split=10, random_state=42)",standard,12,simple,target,"{'selector__selection_method': 'model', 'selector__n_features_to_select': 8, 'selector__model_name': 'dt', 'selector__k': 10, 'scaler__scaler_name': 'standard', 'outlier_remover__z_columns': ['car_age', 'mileage', 'tax', 'mpg'], 'outlier_remover__threshold': 3, 'outlier_remover__sev_outliers_cols': ['car_age', 'mileage'], 'outlier_remover__outlier_method': 'Isolation_Forest', 'outlier_remover__n_neighbors': 100, 'outlier_remover__model_columns': ['car_age', 'mileage', 'tax', 'mpg'], 'outlier_remover__mod_outliers_cols': ['tax', 'mpg'], 'outlier_remover__contamination_LOF': 0.5, 'outlier_remover__contamination_IF': 0.05, 'model': DecisionTreeRegressor(max_depth=10, max_features='sqrt', min_samples_leaf=4,
                      min_samples_split=10, random_state=42), 'imputer__knn_scaling_method': 'standard', 'imputer__knn_neighbors': 12, 'imputer__imputation_method': 'simple', 'encoder__method': 'target'}",-3655.5196677100853,-2940.410392690141,-3126.134418626624,-3240.688159675617,302.9711080792218,256,-2566.3538121863653,-2418.5838779270844,-2282.538085784441,-2422.491925299297,115.90023371837395
178,0,2000,0.07732200622558594,0.000782479049396772,0.004099527994791667,8.102732570123601e-05,kbest,9,dt,6,minmax,"['car_age', 'mileage', 'tax', 'mpg']",3,"['car_age', 'mileage', 'engineSize']",Isolation_Forest,70,"['car_age', 'mileage', 'tax', 'mpg']","['tax', 'mpg']",0.15,0.5,"DecisionTreeRegressor(max_depth=10, max_features='sqrt', min_samples_leaf=4,
                      min_samples_split=10, random_state=42)",standard,15,simple,freq,"{'selector__selection_method': 'kbest', 'selector__n_features_to_select': 9, 'selector__model_name': 'dt', 'selector__k': 6, 'scaler__scaler_name': 'minmax', 'outlier_remover__z_columns': ['car_age', 'mileage', 'tax', 'mpg'], 'outlier_remover__threshold': 3, 'outlier_remover__sev_outliers_cols': ['car_age', 'mileage', 'engineSize'], 'outlier_remover__outlier_method': 'Isolation_Forest', 'outlier_remover__n_neighbors': 70, 'outlier_remover__model_columns': ['car_age', 'mileage', 'tax', 'mpg'], 'outlier_remover__mod_outliers_cols': ['tax', 'mpg'], 'outlier_remover__contamination_LOF': 0.15, 'outlier_remover__contamination_IF': 0.5, 'model': DecisionTreeRegressor(max_depth=10, max_features='sqrt', min_samples_leaf=4,
                      min_samples_split=10, random_state=42), 'imputer__knn_scaling_method': 'standard', 'imputer__knn_neighbors': 15, 'imputer__imputation_method': 'simple', 'encoder__method': 'freq'}",-3820.441640071573,-4295.144356530143,-3975.84409302066,-4030.476696540792,197.609392959659,391,-3469.6767698882254,-3736.917141716654,-3539.021180661722,-3581.8716974222007,113.22979341065444
179,0,2000,0.05643471082051595,0.018179526799116715,0.005975882212320964,0.0010931185540451669,model,10,dt,8,minmax,"['car_age', 'mileage', 'tax', 'mpg']",3,"['car_age', 'mileage']",LOF,30,"['tax', 'mpg']","['car_age', 'mileage', 'tax', 'mpg']",0.5,0.3,"DecisionTreeRegressor(max_depth=10, max_features='sqrt', min_samples_leaf=4,
                      min_samples_split=10, random_state=42)",standard,18,iterative,target,"{'selector__selection_method': 'model', 'selector__n_features_to_select': 10, 'selector__model_name': 'dt', 'selector__k': 8, 'scaler__scaler_name': 'minmax', 'outlier_remover__z_columns': ['car_age', 'mileage', 'tax', 'mpg'], 'outlier_remover__threshold': 3, 'outlier_remover__sev_outliers_cols': ['car_age', 'mileage'], 'outlier_remover__outlier_method': 'LOF', 'outlier_remover__n_neighbors': 30, 'outlier_remover__model_columns': ['tax', 'mpg'], 'outlier_remover__mod_outliers_cols': ['car_age', 'mileage', 'tax', 'mpg'], 'outlier_remover__contamination_LOF': 0.5, 'outlier_remover__contamination_IF': 0.3, 'model': DecisionTreeRegressor(max_depth=10, max_features='sqrt', min_samples_leaf=4,
                      min_samples_split=10, random_state=42), 'imputer__knn_scaling_method': 'standard', 'imputer__knn_neighbors': 18, 'imputer__imputation_method': 'iterative', 'encoder__method': 'target'}",-3712.5081834025686,-3261.512406885711,-3314.7579394156014,-3429.592843234627,201.2288729454673,318,-3229.047182984956,-2884.665454259622,-2759.1444693254375,-2957.619035523339,198.6518039863489
180,0,2000,0.04185366630554199,0.012082476371289851,0.005121628443400065,0.0004098482333599108,kbest,10,dt,6,standard,"['car_age', 'mileage', 'tax', 'mpg']",2,"['car_age', 'mileage', 'engineSize']",IQR,90,"['car_age', 'mileage', 'tax', 'mpg', 'engineSize']","['car_age', 'mileage', 'tax', 'mpg']",0.3,0.15,"DecisionTreeRegressor(max_depth=10, max_features='sqrt', min_samples_leaf=4,
                      min_samples_split=10, random_state=42)",robust,18,iterative,freq,"{'selector__selection_method': 'kbest', 'selector__n_features_to_select': 10, 'selector__model_name': 'dt', 'selector__k': 6, 'scaler__scaler_name': 'standard', 'outlier_remover__z_columns': ['car_age', 'mileage', 'tax', 'mpg'], 'outlier_remover__threshold': 2, 'outlier_remover__sev_outliers_cols': ['car_age', 'mileage', 'engineSize'], 'outlier_remover__outlier_method': 'IQR', 'outlier_remover__n_neighbors': 90, 'outlier_remover__model_columns': ['car_age', 'mileage', 'tax', 'mpg', 'engineSize'], 'outlier_remover__mod_outliers_cols': ['car_age', 'mileage', 'tax', 'mpg'], 'outlier_remover__contamination_LOF': 0.3, 'outlier_remover__contamination_IF': 0.15, 'model': DecisionTreeRegressor(max_depth=10, max_features='sqrt', min_samples_leaf=4,
                      min_samples_split=10, random_state=42), 'imputer__knn_scaling_method': 'robust', 'imputer__knn_neighbors': 18, 'imputer__imputation_method': 'iterative', 'encoder__method': 'freq'}",-3625.899850723596,-3576.434534495735,-3188.6026162146395,-3463.645667144657,195.5304141321748,328,-2743.9669768363574,-2555.870624062738,-2458.9861839796113,-2586.2745949595687,118.31262023142027
181,0,2000,0.03940431276957194,0.004653564644308052,0.006654659907023112,0.003383069781707507,rfe,8,dt,6,standard,"['car_age', 'mileage', 'tax', 'mpg']",3,"['car_age', 'mileage', 'engineSize']",z_score,100,"['car_age', 'mileage', 'tax', 'mpg', 'engineSize']","['tax', 'mpg']",0.15,0.5,"DecisionTreeRegressor(max_depth=10, max_features='sqrt', min_samples_leaf=4,
                      min_samples_split=10, random_state=42)",minmax,13,simple,target,"{'selector__selection_method': 'rfe', 'selector__n_features_to_select': 8, 'selector__model_name': 'dt', 'selector__k': 6, 'scaler__scaler_name': 'standard', 'outlier_remover__z_columns': ['car_age', 'mileage', 'tax', 'mpg'], 'outlier_remover__threshold': 3, 'outlier_remover__sev_outliers_cols': ['car_age', 'mileage', 'engineSize'], 'outlier_remover__outlier_method': 'z_score', 'outlier_remover__n_neighbors': 100, 'outlier_remover__model_columns': ['car_age', 'mileage', 'tax', 'mpg', 'engineSize'], 'outlier_remover__mod_outliers_cols': ['tax', 'mpg'], 'outlier_remover__contamination_LOF': 0.15, 'outlier_remover__contamination_IF': 0.5, 'model': DecisionTreeRegressor(max_depth=10, max_features='sqrt', min_samples_leaf=4,
                      min_samples_split=10, random_state=42), 'imputer__knn_scaling_method': 'minmax', 'imputer__knn_neighbors': 13, 'imputer__imputation_method': 'simple', 'encoder__method': 'target'}",-2992.1361028169345,-3156.864999460357,-3054.145511983911,-3067.7155380870677,67.9313945765388,183,-2319.534562348778,-2250.3589508387695,-2234.980402477363,-2268.291305221637,36.77434330412759
182,0,2000,0.2870083649953206,0.0193011438361445,0.11198568344116211,0.015511076502113783,rfe,8,dt,5,minmax,"['car_age', 'mileage', 'tax', 'mpg']",3,"['car_age', 'mileage', 'engineSize']",Isolation_Forest,90,"['car_age', 'mileage', 'tax', 'mpg']","['tax', 'mpg']",0.05,0.05,"DecisionTreeRegressor(max_depth=10, max_features='sqrt', min_samples_leaf=4,
                      min_samples_split=10, random_state=42)",standard,14,knn_modelwise,freq,"{'selector__selection_method': 'rfe', 'selector__n_features_to_select': 8, 'selector__model_name': 'dt', 'selector__k': 5, 'scaler__scaler_name': 'minmax', 'outlier_remover__z_columns': ['car_age', 'mileage', 'tax', 'mpg'], 'outlier_remover__threshold': 3, 'outlier_remover__sev_outliers_cols': ['car_age', 'mileage', 'engineSize'], 'outlier_remover__outlier_method': 'Isolation_Forest', 'outlier_remover__n_neighbors': 90, 'outlier_remover__model_columns': ['car_age', 'mileage', 'tax', 'mpg'], 'outlier_remover__mod_outliers_cols': ['tax', 'mpg'], 'outlier_remover__contamination_LOF': 0.05, 'outlier_remover__contamination_IF': 0.05, 'model': DecisionTreeRegressor(max_depth=10, max_features='sqrt', min_samples_leaf=4,
                      min_samples_split=10, random_state=42), 'imputer__knn_scaling_method': 'standard', 'imputer__knn_neighbors': 14, 'imputer__imputation_method': 'knn_modelwise', 'encoder__method': 'freq'}",-3726.188566515688,-3434.925314532951,-3695.5788227139087,-3618.8975679208493,130.68685630510933,364,-2971.315345639403,-2697.493999627673,-2836.242658785632,-2835.017334684236,111.79045411627351
183,0,2000,0.05140439669291178,0.0060386684521657585,0.00836793581644694,0.0026760587776016513,model,8,dt,8,minmax,"['car_age', 'mileage', 'tax', 'mpg']",2,"['car_age', 'mileage', 'engineSize']",IQR,90,"['tax', 'mpg']","['tax', 'mpg']",0.5,0.05,"DecisionTreeRegressor(max_depth=10, max_features='sqrt', min_samples_leaf=4,
                      min_samples_split=10, random_state=42)",standard,17,iterative,freq,"{'selector__selection_method': 'model', 'selector__n_features_to_select': 8, 'selector__model_name': 'dt', 'selector__k': 8, 'scaler__scaler_name': 'minmax', 'outlier_remover__z_columns': ['car_age', 'mileage', 'tax', 'mpg'], 'outlier_remover__threshold': 2, 'outlier_remover__sev_outliers_cols': ['car_age', 'mileage', 'engineSize'], 'outlier_remover__outlier_method': 'IQR', 'outlier_remover__n_neighbors': 90, 'outlier_remover__model_columns': ['tax', 'mpg'], 'outlier_remover__mod_outliers_cols': ['tax', 'mpg'], 'outlier_remover__contamination_LOF': 0.5, 'outlier_remover__contamination_IF': 0.05, 'model': DecisionTreeRegressor(max_depth=10, max_features='sqrt', min_samples_leaf=4,
                      min_samples_split=10, random_state=42), 'imputer__knn_scaling_method': 'standard', 'imputer__knn_neighbors': 17, 'imputer__imputation_method': 'iterative', 'encoder__method': 'freq'}",-3827.297153118977,-3411.981493206778,-3451.4231593021045,-3563.56726854262,187.1790591387256,353,-2691.353990425557,-2618.090821879846,-2362.7991965269407,-2557.4146696107814,140.82674873539855
184,0,2000,0.09164063135782878,0.0113469738410481,0.006982326507568359,0.002197983876376737,kbest,9,dt,10,robust,"['car_age', 'mileage', 'tax', 'mpg']",3,"['car_age', 'mileage']",Isolation_Forest,70,"['car_age', 'mileage', 'tax', 'mpg']","['tax', 'mpg']",0.3,0.15,"DecisionTreeRegressor(max_depth=10, max_features='sqrt', min_samples_leaf=4,
                      min_samples_split=10, random_state=42)",standard,10,simple,freq,"{'selector__selection_method': 'kbest', 'selector__n_features_to_select': 9, 'selector__model_name': 'dt', 'selector__k': 10, 'scaler__scaler_name': 'robust', 'outlier_remover__z_columns': ['car_age', 'mileage', 'tax', 'mpg'], 'outlier_remover__threshold': 3, 'outlier_remover__sev_outliers_cols': ['car_age', 'mileage'], 'outlier_remover__outlier_method': 'Isolation_Forest', 'outlier_remover__n_neighbors': 70, 'outlier_remover__model_columns': ['car_age', 'mileage', 'tax', 'mpg'], 'outlier_remover__mod_outliers_cols': ['tax', 'mpg'], 'outlier_remover__contamination_LOF': 0.3, 'outlier_remover__contamination_IF': 0.15, 'model': DecisionTreeRegressor(max_depth=10, max_features='sqrt', min_samples_leaf=4,
                      min_samples_split=10, random_state=42), 'imputer__knn_scaling_method': 'standard', 'imputer__knn_neighbors': 10, 'imputer__imputation_method': 'simple', 'encoder__method': 'freq'}",-3386.659929866182,-3781.005764882079,-3295.5479380922425,-3487.737877613501,210.68125852178534,332,-2707.967988785894,-2544.1857010581007,-2567.6884180184693,-2606.6140359541546,72.30750187955887
185,0,2000,0.11271508534749348,0.00931805176821373,0.0061283111572265625,0.0028254006816294344,model,10,dt,8,minmax,"['car_age', 'mileage', 'tax', 'mpg']",3,"['car_age', 'mileage']",Isolation_Forest,100,"['car_age', 'mileage', 'tax', 'mpg', 'engineSize']","['tax', 'mpg']",0.5,0.05,"DecisionTreeRegressor(max_depth=10, max_features='sqrt', min_samples_leaf=4,
                      min_samples_split=10, random_state=42)",standard,17,simple,target,"{'selector__selection_method': 'model', 'selector__n_features_to_select': 10, 'selector__model_name': 'dt', 'selector__k': 8, 'scaler__scaler_name': 'minmax', 'outlier_remover__z_columns': ['car_age', 'mileage', 'tax', 'mpg'], 'outlier_remover__threshold': 3, 'outlier_remover__sev_outliers_cols': ['car_age', 'mileage'], 'outlier_remover__outlier_method': 'Isolation_Forest', 'outlier_remover__n_neighbors': 100, 'outlier_remover__model_columns': ['car_age', 'mileage', 'tax', 'mpg', 'engineSize'], 'outlier_remover__mod_outliers_cols': ['tax', 'mpg'], 'outlier_remover__contamination_LOF': 0.5, 'outlier_remover__contamination_IF': 0.05, 'model': DecisionTreeRegressor(max_depth=10, max_features='sqrt', min_samples_leaf=4,
                      min_samples_split=10, random_state=42), 'imputer__knn_scaling_method': 'standard', 'imputer__knn_neighbors': 17, 'imputer__imputation_method': 'simple', 'encoder__method': 'target'}",-3324.293748929533,-2935.853709702901,-3002.570350703296,-3087.57260311191,169.588626199794,192,-2676.349084421641,-2303.203578474935,-2546.8927218537806,-2508.815128250119,154.69716546215915
186,0,2000,0.02275403340657552,0.0024928467628578567,0.005140225092569987,0.0013054388964251658,kbest,8,dt,6,standard,"['car_age', 'mileage', 'tax', 'mpg']",3,"['car_age', 'mileage']",IQR,70,"['car_age', 'mileage', 'tax', 'mpg', 'engineSize']","['car_age', 'mileage', 'tax', 'mpg']",0.15,0.5,"DecisionTreeRegressor(max_depth=10, max_features='sqrt', min_samples_leaf=4,
                      min_samples_split=10, random_state=42)",robust,10,simple,target,"{'selector__selection_method': 'kbest', 'selector__n_features_to_select': 8, 'selector__model_name': 'dt', 'selector__k': 6, 'scaler__scaler_name': 'standard', 'outlier_remover__z_columns': ['car_age', 'mileage', 'tax', 'mpg'], 'outlier_remover__threshold': 3, 'outlier_remover__sev_outliers_cols': ['car_age', 'mileage'], 'outlier_remover__outlier_method': 'IQR', 'outlier_remover__n_neighbors': 70, 'outlier_remover__model_columns': ['car_age', 'mileage', 'tax', 'mpg', 'engineSize'], 'outlier_remover__mod_outliers_cols': ['car_age', 'mileage', 'tax', 'mpg'], 'outlier_remover__contamination_LOF': 0.15, 'outlier_remover__contamination_IF': 0.5, 'model': DecisionTreeRegressor(max_depth=10, max_features='sqrt', min_samples_leaf=4,
                      min_samples_split=10, random_state=42), 'imputer__knn_scaling_method': 'robust', 'imputer__knn_neighbors': 10, 'imputer__imputation_method': 'simple', 'encoder__method': 'target'}",-3288.551748541219,-2924.9076031165932,-3150.4433800546262,-3121.300910570813,149.88046074814156,206,-2333.2812740810077,-2199.1449831749765,-2173.6080748444333,-2235.3447773668054,70.03190445912873
187,0,2000,0.19272224108378092,0.008268084170814741,0.10541939735412598,0.009215553223180628,kbest,9,dt,8,robust,"['car_age', 'mileage', 'tax', 'mpg']",3,"['car_age', 'mileage', 'engineSize']",IQR,90,"['tax', 'mpg']","['car_age', 'mileage', 'tax', 'mpg']",0.5,0.3,"DecisionTreeRegressor(max_depth=10, max_features='sqrt', min_samples_leaf=4,
                      min_samples_split=10, random_state=42)",minmax,16,knn_modelwise,target,"{'selector__selection_method': 'kbest', 'selector__n_features_to_select': 9, 'selector__model_name': 'dt', 'selector__k': 8, 'scaler__scaler_name': 'robust', 'outlier_remover__z_columns': ['car_age', 'mileage', 'tax', 'mpg'], 'outlier_remover__threshold': 3, 'outlier_remover__sev_outliers_cols': ['car_age', 'mileage', 'engineSize'], 'outlier_remover__outlier_method': 'IQR', 'outlier_remover__n_neighbors': 90, 'outlier_remover__model_columns': ['tax', 'mpg'], 'outlier_remover__mod_outliers_cols': ['car_age', 'mileage', 'tax', 'mpg'], 'outlier_remover__contamination_LOF': 0.5, 'outlier_remover__contamination_IF': 0.3, 'model': DecisionTreeRegressor(max_depth=10, max_features='sqrt', min_samples_leaf=4,
                      min_samples_split=10, random_state=42), 'imputer__knn_scaling_method': 'minmax', 'imputer__knn_neighbors': 16, 'imputer__imputation_method': 'knn_modelwise', 'encoder__method': 'target'}",-3002.3719389164175,-3112.496486123983,-3059.459268326156,-3058.1092311221855,44.96829197524921,181,-2123.5864698936484,-2323.7328417690055,-2201.897881453147,-2216.4057310386,82.35087863693497
188,0,2000,0.13553190231323242,0.01562893336902755,0.005795717239379883,0.001020788693976444,rfe,7,dt,9,standard,"['car_age', 'mileage', 'tax', 'mpg']",2,"['car_age', 'mileage']",Isolation_Forest,70,"['car_age', 'mileage', 'tax', 'mpg', 'engineSize']","['tax', 'mpg']",0.5,0.05,"DecisionTreeRegressor(max_depth=10, max_features='sqrt', min_samples_leaf=4,
                      min_samples_split=10, random_state=42)",robust,12,iterative,freq,"{'selector__selection_method': 'rfe', 'selector__n_features_to_select': 7, 'selector__model_name': 'dt', 'selector__k': 9, 'scaler__scaler_name': 'standard', 'outlier_remover__z_columns': ['car_age', 'mileage', 'tax', 'mpg'], 'outlier_remover__threshold': 2, 'outlier_remover__sev_outliers_cols': ['car_age', 'mileage'], 'outlier_remover__outlier_method': 'Isolation_Forest', 'outlier_remover__n_neighbors': 70, 'outlier_remover__model_columns': ['car_age', 'mileage', 'tax', 'mpg', 'engineSize'], 'outlier_remover__mod_outliers_cols': ['tax', 'mpg'], 'outlier_remover__contamination_LOF': 0.5, 'outlier_remover__contamination_IF': 0.05, 'model': DecisionTreeRegressor(max_depth=10, max_features='sqrt', min_samples_leaf=4,
                      min_samples_split=10, random_state=42), 'imputer__knn_scaling_method': 'robust', 'imputer__knn_neighbors': 12, 'imputer__imputation_method': 'iterative', 'encoder__method': 'freq'}",-3708.0625990752314,-3356.208024426275,-3471.7298114336704,-3512.000144978392,146.4392598729404,339,-2722.491177822018,-2722.4261022637,-2735.5039866594902,-2726.8070889150695,6.149692755997699
189,0,2000,0.25618871053059894,0.013822860443670681,0.10429930686950684,0.010508173850583911,rfe,6,dt,8,minmax,"['car_age', 'mileage', 'tax', 'mpg']",3,"['car_age', 'mileage']",Isolation_Forest,100,"['car_age', 'mileage', 'tax', 'mpg']","['car_age', 'mileage', 'tax', 'mpg']",0.15,0.05,"DecisionTreeRegressor(max_depth=10, max_features='sqrt', min_samples_leaf=4,
                      min_samples_split=10, random_state=42)",standard,14,knn_modelwise,freq,"{'selector__selection_method': 'rfe', 'selector__n_features_to_select': 6, 'selector__model_name': 'dt', 'selector__k': 8, 'scaler__scaler_name': 'minmax', 'outlier_remover__z_columns': ['car_age', 'mileage', 'tax', 'mpg'], 'outlier_remover__threshold': 3, 'outlier_remover__sev_outliers_cols': ['car_age', 'mileage'], 'outlier_remover__outlier_method': 'Isolation_Forest', 'outlier_remover__n_neighbors': 100, 'outlier_remover__model_columns': ['car_age', 'mileage', 'tax', 'mpg'], 'outlier_remover__mod_outliers_cols': ['car_age', 'mileage', 'tax', 'mpg'], 'outlier_remover__contamination_LOF': 0.15, 'outlier_remover__contamination_IF': 0.05, 'model': DecisionTreeRegressor(max_depth=10, max_features='sqrt', min_samples_leaf=4,
                      min_samples_split=10, random_state=42), 'imputer__knn_scaling_method': 'standard', 'imputer__knn_neighbors': 14, 'imputer__imputation_method': 'knn_modelwise', 'encoder__method': 'freq'}",-3709.883753720437,-3395.8351922187803,-3155.26192290726,-3420.3269562821592,227.0847546385009,317,-2849.096380085152,-2505.616010795328,-2468.3261903486114,-2607.6795270763637,171.38495726431614
190,0,2000,0.23708422978719076,0.009054341096910518,0.0907440185546875,0.008911647799866062,model,6,dt,9,minmax,"['car_age', 'mileage', 'tax', 'mpg']",3,"['car_age', 'mileage', 'engineSize']",Isolation_Forest,100,"['car_age', 'mileage', 'tax', 'mpg', 'engineSize']","['car_age', 'mileage', 'tax', 'mpg']",0.5,0.05,"DecisionTreeRegressor(max_depth=10, max_features='sqrt', min_samples_leaf=4,
                      min_samples_split=10, random_state=42)",minmax,13,knn_modelwise,freq,"{'selector__selection_method': 'model', 'selector__n_features_to_select': 6, 'selector__model_name': 'dt', 'selector__k': 9, 'scaler__scaler_name': 'minmax', 'outlier_remover__z_columns': ['car_age', 'mileage', 'tax', 'mpg'], 'outlier_remover__threshold': 3, 'outlier_remover__sev_outliers_cols': ['car_age', 'mileage', 'engineSize'], 'outlier_remover__outlier_method': 'Isolation_Forest', 'outlier_remover__n_neighbors': 100, 'outlier_remover__model_columns': ['car_age', 'mileage', 'tax', 'mpg', 'engineSize'], 'outlier_remover__mod_outliers_cols': ['car_age', 'mileage', 'tax', 'mpg'], 'outlier_remover__contamination_LOF': 0.5, 'outlier_remover__contamination_IF': 0.05, 'model': DecisionTreeRegressor(max_depth=10, max_features='sqrt', min_samples_leaf=4,
                      min_samples_split=10, random_state=42), 'imputer__knn_scaling_method': 'minmax', 'imputer__knn_neighbors': 13, 'imputer__imputation_method': 'knn_modelwise', 'encoder__method': 'freq'}",-3372.517605953492,-3234.548540877723,-3288.89849494836,-3298.654880593192,56.74654776641156,277,-2493.1588329287374,-2472.7873302537014,-2488.1245205711316,-2484.690227917857,8.663921545928378
191,0,2000,0.18308687210083008,0.014663420441836737,0.10384511947631836,0.017680959929484968,model,5,dt,6,standard,"['car_age', 'mileage', 'tax', 'mpg']",3,"['car_age', 'mileage', 'engineSize']",z_score,30,"['car_age', 'mileage', 'tax', 'mpg']","['tax', 'mpg']",0.05,0.5,"DecisionTreeRegressor(max_depth=10, max_features='sqrt', min_samples_leaf=4,
                      min_samples_split=10, random_state=42)",robust,14,knn_modelwise,target,"{'selector__selection_method': 'model', 'selector__n_features_to_select': 5, 'selector__model_name': 'dt', 'selector__k': 6, 'scaler__scaler_name': 'standard', 'outlier_remover__z_columns': ['car_age', 'mileage', 'tax', 'mpg'], 'outlier_remover__threshold': 3, 'outlier_remover__sev_outliers_cols': ['car_age', 'mileage', 'engineSize'], 'outlier_remover__outlier_method': 'z_score', 'outlier_remover__n_neighbors': 30, 'outlier_remover__model_columns': ['car_age', 'mileage', 'tax', 'mpg'], 'outlier_remover__mod_outliers_cols': ['tax', 'mpg'], 'outlier_remover__contamination_LOF': 0.05, 'outlier_remover__contamination_IF': 0.5, 'model': DecisionTreeRegressor(max_depth=10, max_features='sqrt', min_samples_leaf=4,
                      min_samples_split=10, random_state=42), 'imputer__knn_scaling_method': 'robust', 'imputer__knn_neighbors': 14, 'imputer__imputation_method': 'knn_modelwise', 'encoder__method': 'target'}",-3068.959641270632,-3063.19649753808,-3171.9917625756093,-3101.382633794774,49.98359902215908,196,-2114.685901229439,-2158.1103606821007,-2216.439400444759,-2163.0785541187665,41.688974243066795
192,0,2000,0.1641699473063151,0.0024985395021766936,0.11290899912516277,0.017894568513005006,kbest,6,dt,9,robust,"['car_age', 'mileage', 'tax', 'mpg']",2,"['car_age', 'mileage']",z_score,70,"['car_age', 'mileage', 'tax', 'mpg', 'engineSize']","['car_age', 'mileage', 'tax', 'mpg']",0.5,0.3,"DecisionTreeRegressor(max_depth=10, max_features='sqrt', min_samples_leaf=4,
                      min_samples_split=10, random_state=42)",minmax,17,knn_modelwise,freq,"{'selector__selection_method': 'kbest', 'selector__n_features_to_select': 6, 'selector__model_name': 'dt', 'selector__k': 9, 'scaler__scaler_name': 'robust', 'outlier_remover__z_columns': ['car_age', 'mileage', 'tax', 'mpg'], 'outlier_remover__threshold': 2, 'outlier_remover__sev_outliers_cols': ['car_age', 'mileage'], 'outlier_remover__outlier_method': 'z_score', 'outlier_remover__n_neighbors': 70, 'outlier_remover__model_columns': ['car_age', 'mileage', 'tax', 'mpg', 'engineSize'], 'outlier_remover__mod_outliers_cols': ['car_age', 'mileage', 'tax', 'mpg'], 'outlier_remover__contamination_LOF': 0.5, 'outlier_remover__contamination_IF': 0.3, 'model': DecisionTreeRegressor(max_depth=10, max_features='sqrt', min_samples_leaf=4,
                      min_samples_split=10, random_state=42), 'imputer__knn_scaling_method': 'minmax', 'imputer__knn_neighbors': 17, 'imputer__imputation_method': 'knn_modelwise', 'encoder__method': 'freq'}",-3343.836484646141,-3246.0998974592403,-3172.198855215769,-3254.0450791070502,70.29562998594783,262,-2160.3495620835843,-2409.0198618736754,-2361.0486647505886,-2310.139362902616,107.71272676401625
193,0,2000,0.03005496660868327,0.003418747803094646,0.004875342051188151,0.000660254252747958,model,9,dt,9,minmax,"['car_age', 'mileage', 'tax', 'mpg']",3,"['car_age', 'mileage']",LOF,50,"['car_age', 'mileage', 'tax', 'mpg', 'engineSize']","['car_age', 'mileage', 'tax', 'mpg']",0.5,0.05,"DecisionTreeRegressor(max_depth=10, max_features='sqrt', min_samples_leaf=4,
                      min_samples_split=10, random_state=42)",robust,17,simple,target,"{'selector__selection_method': 'model', 'selector__n_features_to_select': 9, 'selector__model_name': 'dt', 'selector__k': 9, 'scaler__scaler_name': 'minmax', 'outlier_remover__z_columns': ['car_age', 'mileage', 'tax', 'mpg'], 'outlier_remover__threshold': 3, 'outlier_remover__sev_outliers_cols': ['car_age', 'mileage'], 'outlier_remover__outlier_method': 'LOF', 'outlier_remover__n_neighbors': 50, 'outlier_remover__model_columns': ['car_age', 'mileage', 'tax', 'mpg', 'engineSize'], 'outlier_remover__mod_outliers_cols': ['car_age', 'mileage', 'tax', 'mpg'], 'outlier_remover__contamination_LOF': 0.5, 'outlier_remover__contamination_IF': 0.05, 'model': DecisionTreeRegressor(max_depth=10, max_features='sqrt', min_samples_leaf=4,
                      min_samples_split=10, random_state=42), 'imputer__knn_scaling_method': 'robust', 'imputer__knn_neighbors': 17, 'imputer__imputation_method': 'simple', 'encoder__method': 'target'}",-3763.9750212561353,-3547.5760662804073,-3353.243039106059,-3554.931375547534,167.76127030405235,350,-2815.5837214689805,-2715.5544749414057,-2599.1146967905893,-2710.0842977336583,88.45771792337322
194,0,2000,0.17351317405700684,0.0028312986764690287,0.12348175048828125,0.02359700913052863,kbest,5,dt,7,standard,"['car_age', 'mileage', 'tax', 'mpg']",2,"['car_age', 'mileage']",IQR,90,"['car_age', 'mileage', 'tax', 'mpg']","['tax', 'mpg']",0.5,0.3,"DecisionTreeRegressor(max_depth=10, max_features='sqrt', min_samples_leaf=4,
                      min_samples_split=10, random_state=42)",standard,18,knn_modelwise,target,"{'selector__selection_method': 'kbest', 'selector__n_features_to_select': 5, 'selector__model_name': 'dt', 'selector__k': 7, 'scaler__scaler_name': 'standard', 'outlier_remover__z_columns': ['car_age', 'mileage', 'tax', 'mpg'], 'outlier_remover__threshold': 2, 'outlier_remover__sev_outliers_cols': ['car_age', 'mileage'], 'outlier_remover__outlier_method': 'IQR', 'outlier_remover__n_neighbors': 90, 'outlier_remover__model_columns': ['car_age', 'mileage', 'tax', 'mpg'], 'outlier_remover__mod_outliers_cols': ['tax', 'mpg'], 'outlier_remover__contamination_LOF': 0.5, 'outlier_remover__contamination_IF': 0.3, 'model': DecisionTreeRegressor(max_depth=10, max_features='sqrt', min_samples_leaf=4,
                      min_samples_split=10, random_state=42), 'imputer__knn_scaling_method': 'standard', 'imputer__knn_neighbors': 18, 'imputer__imputation_method': 'knn_modelwise', 'encoder__method': 'target'}",-3174.239021907502,-3232.3349269965925,-3128.885408567421,-3178.4864524905047,42.339746619655465,235,-2240.8721184699207,-2280.2760388223705,-2113.8155026579916,-2211.654553316761,71.02829065540236
195,0,2000,0.048955678939819336,0.007538833815115007,0.006490786870320638,0.0017791648438567253,rfe,9,dt,9,robust,"['car_age', 'mileage', 'tax', 'mpg']",2,"['car_age', 'mileage', 'engineSize']",LOF,30,"['car_age', 'mileage', 'tax', 'mpg']","['tax', 'mpg']",0.5,0.05,"DecisionTreeRegressor(max_depth=10, max_features='sqrt', min_samples_leaf=4,
                      min_samples_split=10, random_state=42)",standard,15,iterative,freq,"{'selector__selection_method': 'rfe', 'selector__n_features_to_select': 9, 'selector__model_name': 'dt', 'selector__k': 9, 'scaler__scaler_name': 'robust', 'outlier_remover__z_columns': ['car_age', 'mileage', 'tax', 'mpg'], 'outlier_remover__threshold': 2, 'outlier_remover__sev_outliers_cols': ['car_age', 'mileage', 'engineSize'], 'outlier_remover__outlier_method': 'LOF', 'outlier_remover__n_neighbors': 30, 'outlier_remover__model_columns': ['car_age', 'mileage', 'tax', 'mpg'], 'outlier_remover__mod_outliers_cols': ['tax', 'mpg'], 'outlier_remover__contamination_LOF': 0.5, 'outlier_remover__contamination_IF': 0.05, 'model': DecisionTreeRegressor(max_depth=10, max_features='sqrt', min_samples_leaf=4,
                      min_samples_split=10, random_state=42), 'imputer__knn_scaling_method': 'standard', 'imputer__knn_neighbors': 15, 'imputer__imputation_method': 'iterative', 'encoder__method': 'freq'}",-4039.482573829762,-3747.6758450641055,-3345.044662959633,-3710.7343606178333,284.7039491217006,375,-3226.352390125972,-2891.1216110650125,-2851.4494641509887,-2989.6411551139913,168.16187914400592
196,0,2000,0.02985270818074544,0.009334005806399944,0.005266904830932617,0.0007359330046834108,kbest,5,dt,9,minmax,"['car_age', 'mileage', 'tax', 'mpg']",2,"['car_age', 'mileage']",z_score,100,"['tax', 'mpg']","['car_age', 'mileage', 'tax', 'mpg']",0.15,0.05,"DecisionTreeRegressor(max_depth=10, max_features='sqrt', min_samples_leaf=4,
                      min_samples_split=10, random_state=42)",minmax,19,simple,target,"{'selector__selection_method': 'kbest', 'selector__n_features_to_select': 5, 'selector__model_name': 'dt', 'selector__k': 9, 'scaler__scaler_name': 'minmax', 'outlier_remover__z_columns': ['car_age', 'mileage', 'tax', 'mpg'], 'outlier_remover__threshold': 2, 'outlier_remover__sev_outliers_cols': ['car_age', 'mileage'], 'outlier_remover__outlier_method': 'z_score', 'outlier_remover__n_neighbors': 100, 'outlier_remover__model_columns': ['tax', 'mpg'], 'outlier_remover__mod_outliers_cols': ['car_age', 'mileage', 'tax', 'mpg'], 'outlier_remover__contamination_LOF': 0.15, 'outlier_remover__contamination_IF': 0.05, 'model': DecisionTreeRegressor(max_depth=10, max_features='sqrt', min_samples_leaf=4,
                      min_samples_split=10, random_state=42), 'imputer__knn_scaling_method': 'minmax', 'imputer__knn_neighbors': 19, 'imputer__imputation_method': 'simple', 'encoder__method': 'target'}",-3146.6244274735454,-3021.343789682505,-3129.907888104227,-3099.2920350867594,55.53861955626236,195,-2216.982667409536,-1988.3473576250608,-2236.952831617911,-2147.427618884169,112.78179228441398
197,0,2000,0.07584857940673828,0.010788553242596994,0.006309350331624349,0.001367605523613009,rfe,5,dt,5,minmax,"['car_age', 'mileage', 'tax', 'mpg']",2,"['car_age', 'mileage', 'engineSize']",IQR,90,"['car_age', 'mileage', 'tax', 'mpg']","['car_age', 'mileage', 'tax', 'mpg']",0.05,0.5,"DecisionTreeRegressor(max_depth=10, max_features='sqrt', min_samples_leaf=4,
                      min_samples_split=10, random_state=42)",robust,10,iterative,target,"{'selector__selection_method': 'rfe', 'selector__n_features_to_select': 5, 'selector__model_name': 'dt', 'selector__k': 5, 'scaler__scaler_name': 'minmax', 'outlier_remover__z_columns': ['car_age', 'mileage', 'tax', 'mpg'], 'outlier_remover__threshold': 2, 'outlier_remover__sev_outliers_cols': ['car_age', 'mileage', 'engineSize'], 'outlier_remover__outlier_method': 'IQR', 'outlier_remover__n_neighbors': 90, 'outlier_remover__model_columns': ['car_age', 'mileage', 'tax', 'mpg'], 'outlier_remover__mod_outliers_cols': ['car_age', 'mileage', 'tax', 'mpg'], 'outlier_remover__contamination_LOF': 0.05, 'outlier_remover__contamination_IF': 0.5, 'model': DecisionTreeRegressor(max_depth=10, max_features='sqrt', min_samples_leaf=4,
                      min_samples_split=10, random_state=42), 'imputer__knn_scaling_method': 'robust', 'imputer__knn_neighbors': 10, 'imputer__imputation_method': 'iterative', 'encoder__method': 'target'}",-3097.4517181194856,-2925.3950057630313,-2966.4749517366436,-2996.4405585397203,73.36816412239189,165,-2177.651091880914,-2032.2316247294932,-2043.8801497506836,-2084.587622120364,65.97741576578551
198,0,2000,0.24081007639567056,0.021981717095851692,0.08861128489176433,0.012786345417388234,rfe,7,dt,10,robust,"['car_age', 'mileage', 'tax', 'mpg']",2,"['car_age', 'mileage']",Isolation_Forest,100,"['car_age', 'mileage', 'tax', 'mpg']","['car_age', 'mileage', 'tax', 'mpg']",0.15,0.3,"DecisionTreeRegressor(max_depth=10, max_features='sqrt', min_samples_leaf=4,
                      min_samples_split=10, random_state=42)",standard,13,knn_modelwise,target,"{'selector__selection_method': 'rfe', 'selector__n_features_to_select': 7, 'selector__model_name': 'dt', 'selector__k': 10, 'scaler__scaler_name': 'robust', 'outlier_remover__z_columns': ['car_age', 'mileage', 'tax', 'mpg'], 'outlier_remover__threshold': 2, 'outlier_remover__sev_outliers_cols': ['car_age', 'mileage'], 'outlier_remover__outlier_method': 'Isolation_Forest', 'outlier_remover__n_neighbors': 100, 'outlier_remover__model_columns': ['car_age', 'mileage', 'tax', 'mpg'], 'outlier_remover__mod_outliers_cols': ['car_age', 'mileage', 'tax', 'mpg'], 'outlier_remover__contamination_LOF': 0.15, 'outlier_remover__contamination_IF': 0.3, 'model': DecisionTreeRegressor(max_depth=10, max_features='sqrt', min_samples_leaf=4,
                      min_samples_split=10, random_state=42), 'imputer__knn_scaling_method': 'standard', 'imputer__knn_neighbors': 13, 'imputer__imputation_method': 'knn_modelwise', 'encoder__method': 'target'}",-3682.0863781297307,-3161.3630608702065,-3358.468635688191,-3400.6393582293763,214.66558591473546,310,-2917.917704694015,-2713.381207398855,-2726.2960468750034,-2785.864986322625,93.52410951773872
199,0,2000,0.09520721435546875,0.012145928724776926,0.003950039545694987,0.00015379524073127682,model,10,dt,9,robust,"['car_age', 'mileage', 'tax', 'mpg']",3,"['car_age', 'mileage', 'engineSize']",Isolation_Forest,100,"['car_age', 'mileage', 'tax', 'mpg']","['tax', 'mpg']",0.5,0.3,"DecisionTreeRegressor(max_depth=10, max_features='sqrt', min_samples_leaf=4,
                      min_samples_split=10, random_state=42)",robust,10,simple,freq,"{'selector__selection_method': 'model', 'selector__n_features_to_select': 10, 'selector__model_name': 'dt', 'selector__k': 9, 'scaler__scaler_name': 'robust', 'outlier_remover__z_columns': ['car_age', 'mileage', 'tax', 'mpg'], 'outlier_remover__threshold': 3, 'outlier_remover__sev_outliers_cols': ['car_age', 'mileage', 'engineSize'], 'outlier_remover__outlier_method': 'Isolation_Forest', 'outlier_remover__n_neighbors': 100, 'outlier_remover__model_columns': ['car_age', 'mileage', 'tax', 'mpg'], 'outlier_remover__mod_outliers_cols': ['tax', 'mpg'], 'outlier_remover__contamination_LOF': 0.5, 'outlier_remover__contamination_IF': 0.3, 'model': DecisionTreeRegressor(max_depth=10, max_features='sqrt', min_samples_leaf=4,
                      min_samples_split=10, random_state=42), 'imputer__knn_scaling_method': 'robust', 'imputer__knn_neighbors': 10, 'imputer__imputation_method': 'simple', 'encoder__method': 'freq'}",-3923.65297431322,-3716.224350979489,-3856.2875418821895,-3832.0549557249665,86.3985806921702,387,-3123.365462269819,-2946.3538014099327,-3287.586785354497,-3119.1020163447497,139.34039869158502
200,1,4000,0.18685619036356607,0.011710041001902854,0.006803115208943685,0.0006907535922553351,rfe,7,dt,9,standard,"['car_age', 'mileage', 'tax', 'mpg']",3,"['car_age', 'mileage']",Isolation_Forest,70,"['car_age', 'mileage', 'tax', 'mpg', 'engineSize']","['tax', 'mpg']",0.15,0.15,"DecisionTreeRegressor(max_depth=10, max_features='sqrt', min_samples_leaf=4,
                      min_samples_split=10, random_state=42)",minmax,20,iterative,target,"{'selector__selection_method': 'rfe', 'selector__n_features_to_select': 7, 'selector__model_name': 'dt', 'selector__k': 9, 'scaler__scaler_name': 'standard', 'outlier_remover__z_columns': ['car_age', 'mileage', 'tax', 'mpg'], 'outlier_remover__threshold': 3, 'outlier_remover__sev_outliers_cols': ['car_age', 'mileage'], 'outlier_remover__outlier_method': 'Isolation_Forest', 'outlier_remover__n_neighbors': 70, 'outlier_remover__model_columns': ['car_age', 'mileage', 'tax', 'mpg', 'engineSize'], 'outlier_remover__mod_outliers_cols': ['tax', 'mpg'], 'outlier_remover__contamination_LOF': 0.15, 'outlier_remover__contamination_IF': 0.15, 'model': DecisionTreeRegressor(max_depth=10, max_features='sqrt', min_samples_leaf=4,
                      min_samples_split=10, random_state=42), 'imputer__knn_scaling_method': 'minmax', 'imputer__knn_neighbors': 20, 'imputer__imputation_method': 'iterative', 'encoder__method': 'target'}",-2982.1494470850207,-2829.3610685027143,-2889.688167475582,-2900.399561021106,62.83376279898074,155,-2569.9824695476423,-2293.3220547541496,-2451.2936124319685,-2438.1993789112535,113.3250207501948
201,1,4000,0.026599566141764324,0.003253854570438199,0.005964040756225586,0.0018698120924789722,kbest,6,dt,5,robust,"['car_age', 'mileage', 'tax', 'mpg']",2,"['car_age', 'mileage']",IQR,30,"['car_age', 'mileage', 'tax', 'mpg', 'engineSize']","['car_age', 'mileage', 'tax', 'mpg']",0.15,0.3,"DecisionTreeRegressor(max_depth=10, max_features='sqrt', min_samples_leaf=4,
                      min_samples_split=10, random_state=42)",minmax,18,simple,freq,"{'selector__selection_method': 'kbest', 'selector__n_features_to_select': 6, 'selector__model_name': 'dt', 'selector__k': 5, 'scaler__scaler_name': 'robust', 'outlier_remover__z_columns': ['car_age', 'mileage', 'tax', 'mpg'], 'outlier_remover__threshold': 2, 'outlier_remover__sev_outliers_cols': ['car_age', 'mileage'], 'outlier_remover__outlier_method': 'IQR', 'outlier_remover__n_neighbors': 30, 'outlier_remover__model_columns': ['car_age', 'mileage', 'tax', 'mpg', 'engineSize'], 'outlier_remover__mod_outliers_cols': ['car_age', 'mileage', 'tax', 'mpg'], 'outlier_remover__contamination_LOF': 0.15, 'outlier_remover__contamination_IF': 0.3, 'model': DecisionTreeRegressor(max_depth=10, max_features='sqrt', min_samples_leaf=4,
                      min_samples_split=10, random_state=42), 'imputer__knn_scaling_method': 'minmax', 'imputer__knn_neighbors': 18, 'imputer__imputation_method': 'simple', 'encoder__method': 'freq'}",-3195.8678327770995,-3173.5270188235986,-3017.1966225234073,-3128.8638247080357,79.48564241351242,213,-2632.8003326849284,-2530.6200319751692,-2555.430007648269,-2572.950124102789,43.515662496156914
202,1,4000,0.07595101992289226,0.006656405699174243,0.0071849822998046875,0.002137439417980906,rfe,10,dt,6,robust,"['car_age', 'mileage', 'tax', 'mpg']",2,"['car_age', 'mileage']",LOF,100,"['car_age', 'mileage', 'tax', 'mpg']","['car_age', 'mileage', 'tax', 'mpg']",0.3,0.15,"DecisionTreeRegressor(max_depth=10, max_features='sqrt', min_samples_leaf=4,
                      min_samples_split=10, random_state=42)",robust,16,simple,target,"{'selector__selection_method': 'rfe', 'selector__n_features_to_select': 10, 'selector__model_name': 'dt', 'selector__k': 6, 'scaler__scaler_name': 'robust', 'outlier_remover__z_columns': ['car_age', 'mileage', 'tax', 'mpg'], 'outlier_remover__threshold': 2, 'outlier_remover__sev_outliers_cols': ['car_age', 'mileage'], 'outlier_remover__outlier_method': 'LOF', 'outlier_remover__n_neighbors': 100, 'outlier_remover__model_columns': ['car_age', 'mileage', 'tax', 'mpg'], 'outlier_remover__mod_outliers_cols': ['car_age', 'mileage', 'tax', 'mpg'], 'outlier_remover__contamination_LOF': 0.3, 'outlier_remover__contamination_IF': 0.15, 'model': DecisionTreeRegressor(max_depth=10, max_features='sqrt', min_samples_leaf=4,
                      min_samples_split=10, random_state=42), 'imputer__knn_scaling_method': 'robust', 'imputer__knn_neighbors': 16, 'imputer__imputation_method': 'simple', 'encoder__method': 'target'}",-3096.07983268186,-2997.9589080159453,-3112.232628944283,-3068.7571232140294,50.494347295510934,184,-2484.980354505257,-2532.293586560351,-2482.482029920454,-2499.918656995354,22.915241720837887
203,1,4000,0.1524191697438558,0.014529804423334854,0.004865090052286784,0.00025603397622634035,rfe,6,dt,8,minmax,"['car_age', 'mileage', 'tax', 'mpg']",3,"['car_age', 'mileage', 'engineSize']",Isolation_Forest,100,"['car_age', 'mileage', 'tax', 'mpg']","['tax', 'mpg']",0.05,0.15,"DecisionTreeRegressor(max_depth=10, max_features='sqrt', min_samples_leaf=4,
                      min_samples_split=10, random_state=42)",minmax,13,simple,freq,"{'selector__selection_method': 'rfe', 'selector__n_features_to_select': 6, 'selector__model_name': 'dt', 'selector__k': 8, 'scaler__scaler_name': 'minmax', 'outlier_remover__z_columns': ['car_age', 'mileage', 'tax', 'mpg'], 'outlier_remover__threshold': 3, 'outlier_remover__sev_outliers_cols': ['car_age', 'mileage', 'engineSize'], 'outlier_remover__outlier_method': 'Isolation_Forest', 'outlier_remover__n_neighbors': 100, 'outlier_remover__model_columns': ['car_age', 'mileage', 'tax', 'mpg'], 'outlier_remover__mod_outliers_cols': ['tax', 'mpg'], 'outlier_remover__contamination_LOF': 0.05, 'outlier_remover__contamination_IF': 0.15, 'model': DecisionTreeRegressor(max_depth=10, max_features='sqrt', min_samples_leaf=4,
                      min_samples_split=10, random_state=42), 'imputer__knn_scaling_method': 'minmax', 'imputer__knn_neighbors': 13, 'imputer__imputation_method': 'simple', 'encoder__method': 'freq'}",-3313.6835581663563,-3116.330507076305,-3051.9907884447675,-3160.6682845624764,111.34078412827606,227,-2788.313826761504,-2641.387274380254,-2570.5169679116225,-2666.739356351127,90.70433277564419
204,1,4000,0.15254577000935873,0.015231849649941096,0.0056972503662109375,0.0012511354879934731,rfe,6,dt,6,robust,"['car_age', 'mileage', 'tax', 'mpg']",2,"['car_age', 'mileage', 'engineSize']",Isolation_Forest,50,"['car_age', 'mileage', 'tax', 'mpg']","['car_age', 'mileage', 'tax', 'mpg']",0.3,0.15,"DecisionTreeRegressor(max_depth=10, max_features='sqrt', min_samples_leaf=4,
                      min_samples_split=10, random_state=42)",robust,13,simple,freq,"{'selector__selection_method': 'rfe', 'selector__n_features_to_select': 6, 'selector__model_name': 'dt', 'selector__k': 6, 'scaler__scaler_name': 'robust', 'outlier_remover__z_columns': ['car_age', 'mileage', 'tax', 'mpg'], 'outlier_remover__threshold': 2, 'outlier_remover__sev_outliers_cols': ['car_age', 'mileage', 'engineSize'], 'outlier_remover__outlier_method': 'Isolation_Forest', 'outlier_remover__n_neighbors': 50, 'outlier_remover__model_columns': ['car_age', 'mileage', 'tax', 'mpg'], 'outlier_remover__mod_outliers_cols': ['car_age', 'mileage', 'tax', 'mpg'], 'outlier_remover__contamination_LOF': 0.3, 'outlier_remover__contamination_IF': 0.15, 'model': DecisionTreeRegressor(max_depth=10, max_features='sqrt', min_samples_leaf=4,
                      min_samples_split=10, random_state=42), 'imputer__knn_scaling_method': 'robust', 'imputer__knn_neighbors': 13, 'imputer__imputation_method': 'simple', 'encoder__method': 'freq'}",-3313.6835581663563,-3116.330507076305,-3051.9907884447675,-3160.6682845624764,111.34078412827606,227,-2789.676719421289,-2641.387274380254,-2570.5169679116225,-2667.1936539043886,91.3134750499707
205,1,4000,0.06637891133626302,0.01500969099204955,0.007393280665079753,0.0023657701822411173,model,6,dt,7,minmax,"['car_age', 'mileage', 'tax', 'mpg']",3,"['car_age', 'mileage', 'engineSize']",z_score,30,"['car_age', 'mileage', 'tax', 'mpg']","['tax', 'mpg']",0.05,0.3,"DecisionTreeRegressor(max_depth=10, max_features='sqrt', min_samples_leaf=4,
                      min_samples_split=10, random_state=42)",robust,15,iterative,target,"{'selector__selection_method': 'model', 'selector__n_features_to_select': 6, 'selector__model_name': 'dt', 'selector__k': 7, 'scaler__scaler_name': 'minmax', 'outlier_remover__z_columns': ['car_age', 'mileage', 'tax', 'mpg'], 'outlier_remover__threshold': 3, 'outlier_remover__sev_outliers_cols': ['car_age', 'mileage', 'engineSize'], 'outlier_remover__outlier_method': 'z_score', 'outlier_remover__n_neighbors': 30, 'outlier_remover__model_columns': ['car_age', 'mileage', 'tax', 'mpg'], 'outlier_remover__mod_outliers_cols': ['tax', 'mpg'], 'outlier_remover__contamination_LOF': 0.05, 'outlier_remover__contamination_IF': 0.3, 'model': DecisionTreeRegressor(max_depth=10, max_features='sqrt', min_samples_leaf=4,
                      min_samples_split=10, random_state=42), 'imputer__knn_scaling_method': 'robust', 'imputer__knn_neighbors': 15, 'imputer__imputation_method': 'iterative', 'encoder__method': 'target'}",-2817.989800806287,-2734.6022445648287,-2687.7503251905114,-2746.780790187209,53.86289992363541,113,-2197.4124296380146,-2060.0998332813447,-2038.6826596068745,-2098.731640842078,70.3235256515286
206,1,4000,0.3512721061706543,0.012715712931134906,0.1535942554473877,0.01978597346245482,rfe,9,dt,5,robust,"['car_age', 'mileage', 'tax', 'mpg']",3,"['car_age', 'mileage', 'engineSize']",IQR,70,"['car_age', 'mileage', 'tax', 'mpg']","['car_age', 'mileage', 'tax', 'mpg']",0.3,0.5,"DecisionTreeRegressor(max_depth=10, max_features='sqrt', min_samples_leaf=4,
                      min_samples_split=10, random_state=42)",robust,19,knn_modelwise,freq,"{'selector__selection_method': 'rfe', 'selector__n_features_to_select': 9, 'selector__model_name': 'dt', 'selector__k': 5, 'scaler__scaler_name': 'robust', 'outlier_remover__z_columns': ['car_age', 'mileage', 'tax', 'mpg'], 'outlier_remover__threshold': 3, 'outlier_remover__sev_outliers_cols': ['car_age', 'mileage', 'engineSize'], 'outlier_remover__outlier_method': 'IQR', 'outlier_remover__n_neighbors': 70, 'outlier_remover__model_columns': ['car_age', 'mileage', 'tax', 'mpg'], 'outlier_remover__mod_outliers_cols': ['car_age', 'mileage', 'tax', 'mpg'], 'outlier_remover__contamination_LOF': 0.3, 'outlier_remover__contamination_IF': 0.5, 'model': DecisionTreeRegressor(max_depth=10, max_features='sqrt', min_samples_leaf=4,
                      min_samples_split=10, random_state=42), 'imputer__knn_scaling_method': 'robust', 'imputer__knn_neighbors': 19, 'imputer__imputation_method': 'knn_modelwise', 'encoder__method': 'freq'}",-2910.0658468861006,-3183.996029591796,-3027.260044765775,-3040.440640414557,112.21922688956174,176,-2285.578398947625,-2322.181080719116,-2350.4936676852067,-2319.4177157839827,26.573485132636236
207,1,4000,0.3819146951039632,0.027974615408783716,0.15296602249145508,0.008052951526626134,rfe,6,dt,7,minmax,"['car_age', 'mileage', 'tax', 'mpg']",3,"['car_age', 'mileage']",LOF,70,"['car_age', 'mileage', 'tax', 'mpg']","['tax', 'mpg']",0.05,0.5,"DecisionTreeRegressor(max_depth=10, max_features='sqrt', min_samples_leaf=4,
                      min_samples_split=10, random_state=42)",minmax,10,knn_modelwise,freq,"{'selector__selection_method': 'rfe', 'selector__n_features_to_select': 6, 'selector__model_name': 'dt', 'selector__k': 7, 'scaler__scaler_name': 'minmax', 'outlier_remover__z_columns': ['car_age', 'mileage', 'tax', 'mpg'], 'outlier_remover__threshold': 3, 'outlier_remover__sev_outliers_cols': ['car_age', 'mileage'], 'outlier_remover__outlier_method': 'LOF', 'outlier_remover__n_neighbors': 70, 'outlier_remover__model_columns': ['car_age', 'mileage', 'tax', 'mpg'], 'outlier_remover__mod_outliers_cols': ['tax', 'mpg'], 'outlier_remover__contamination_LOF': 0.05, 'outlier_remover__contamination_IF': 0.5, 'model': DecisionTreeRegressor(max_depth=10, max_features='sqrt', min_samples_leaf=4,
                      min_samples_split=10, random_state=42), 'imputer__knn_scaling_method': 'minmax', 'imputer__knn_neighbors': 10, 'imputer__imputation_method': 'knn_modelwise', 'encoder__method': 'freq'}",-3067.243368593308,-3010.816716774373,-2879.8481362800994,-2985.969407215927,78.49537085140875,163,-2451.0792610934886,-2486.00489871594,-2298.0144086679297,-2411.699522825786,81.64222325344207
208,1,4000,0.271198829015096,0.04444493212299218,0.15399297078450522,0.009364552841309381,kbest,10,dt,5,minmax,"['car_age', 'mileage', 'tax', 'mpg']",2,"['car_age', 'mileage', 'engineSize']",z_score,90,"['car_age', 'mileage', 'tax', 'mpg']","['tax', 'mpg']",0.5,0.05,"DecisionTreeRegressor(max_depth=10, max_features='sqrt', min_samples_leaf=4,
                      min_samples_split=10, random_state=42)",minmax,19,knn_modelwise,freq,"{'selector__selection_method': 'kbest', 'selector__n_features_to_select': 10, 'selector__model_name': 'dt', 'selector__k': 5, 'scaler__scaler_name': 'minmax', 'outlier_remover__z_columns': ['car_age', 'mileage', 'tax', 'mpg'], 'outlier_remover__threshold': 2, 'outlier_remover__sev_outliers_cols': ['car_age', 'mileage', 'engineSize'], 'outlier_remover__outlier_method': 'z_score', 'outlier_remover__n_neighbors': 90, 'outlier_remover__model_columns': ['car_age', 'mileage', 'tax', 'mpg'], 'outlier_remover__mod_outliers_cols': ['tax', 'mpg'], 'outlier_remover__contamination_LOF': 0.5, 'outlier_remover__contamination_IF': 0.05, 'model': DecisionTreeRegressor(max_depth=10, max_features='sqrt', min_samples_leaf=4,
                      min_samples_split=10, random_state=42), 'imputer__knn_scaling_method': 'minmax', 'imputer__knn_neighbors': 19, 'imputer__imputation_method': 'knn_modelwise', 'encoder__method': 'freq'}",-3220.372478837825,-3095.5138286032748,-3067.655028302593,-3127.8471119145647,66.40650486090114,212,-2587.847994478215,-2437.6513492655904,-2506.6553490723645,-2510.718230938723,61.38478809974955
209,1,4000,0.0722506046295166,0.012198865943952739,0.006245613098144531,0.0007557116309555033,model,6,dt,6,standard,"['car_age', 'mileage', 'tax', 'mpg']",2,"['car_age', 'mileage']",IQR,100,"['car_age', 'mileage', 'tax', 'mpg', 'engineSize']","['tax', 'mpg']",0.05,0.3,"DecisionTreeRegressor(max_depth=10, max_features='sqrt', min_samples_leaf=4,
                      min_samples_split=10, random_state=42)",minmax,12,iterative,freq,"{'selector__selection_method': 'model', 'selector__n_features_to_select': 6, 'selector__model_name': 'dt', 'selector__k': 6, 'scaler__scaler_name': 'standard', 'outlier_remover__z_columns': ['car_age', 'mileage', 'tax', 'mpg'], 'outlier_remover__threshold': 2, 'outlier_remover__sev_outliers_cols': ['car_age', 'mileage'], 'outlier_remover__outlier_method': 'IQR', 'outlier_remover__n_neighbors': 100, 'outlier_remover__model_columns': ['car_age', 'mileage', 'tax', 'mpg', 'engineSize'], 'outlier_remover__mod_outliers_cols': ['tax', 'mpg'], 'outlier_remover__contamination_LOF': 0.05, 'outlier_remover__contamination_IF': 0.3, 'model': DecisionTreeRegressor(max_depth=10, max_features='sqrt', min_samples_leaf=4,
                      min_samples_split=10, random_state=42), 'imputer__knn_scaling_method': 'minmax', 'imputer__knn_neighbors': 12, 'imputer__imputation_method': 'iterative', 'encoder__method': 'freq'}",-3094.359120770493,-3111.77976759778,-3003.7287910486225,-3069.955893138965,47.36659527862625,185,-2493.160308634963,-2368.707843426892,-2372.8002055743636,-2411.5561192120726,57.72705694624026
210,1,4000,0.040891011555989586,0.0021187802406499472,0.004781246185302734,0.000497670139508749,model,5,dt,6,standard,"['car_age', 'mileage', 'tax', 'mpg']",3,"['car_age', 'mileage']",IQR,90,"['car_age', 'mileage', 'tax', 'mpg']","['tax', 'mpg']",0.5,0.3,"DecisionTreeRegressor(max_depth=10, max_features='sqrt', min_samples_leaf=4,
                      min_samples_split=10, random_state=42)",robust,15,simple,freq,"{'selector__selection_method': 'model', 'selector__n_features_to_select': 5, 'selector__model_name': 'dt', 'selector__k': 6, 'scaler__scaler_name': 'standard', 'outlier_remover__z_columns': ['car_age', 'mileage', 'tax', 'mpg'], 'outlier_remover__threshold': 3, 'outlier_remover__sev_outliers_cols': ['car_age', 'mileage'], 'outlier_remover__outlier_method': 'IQR', 'outlier_remover__n_neighbors': 90, 'outlier_remover__model_columns': ['car_age', 'mileage', 'tax', 'mpg'], 'outlier_remover__mod_outliers_cols': ['tax', 'mpg'], 'outlier_remover__contamination_LOF': 0.5, 'outlier_remover__contamination_IF': 0.3, 'model': DecisionTreeRegressor(max_depth=10, max_features='sqrt', min_samples_leaf=4,
                      min_samples_split=10, random_state=42), 'imputer__knn_scaling_method': 'robust', 'imputer__knn_neighbors': 15, 'imputer__imputation_method': 'simple', 'encoder__method': 'freq'}",-3242.459739234001,-2975.826001631948,-3147.071919212527,-3121.7858866928254,110.3114532807017,207,-2503.561075799299,-2491.606327723041,-2432.2533675521427,-2475.8069236914944,31.18133191167898
211,1,4000,0.027280648549397785,0.003840055705793736,0.00686033566792806,0.002759817530132131,kbest,9,dt,5,minmax,"['car_age', 'mileage', 'tax', 'mpg']",3,"['car_age', 'mileage']",z_score,70,"['car_age', 'mileage', 'tax', 'mpg']","['tax', 'mpg']",0.5,0.15,"DecisionTreeRegressor(max_depth=10, max_features='sqrt', min_samples_leaf=4,
                      min_samples_split=10, random_state=42)",standard,14,simple,freq,"{'selector__selection_method': 'kbest', 'selector__n_features_to_select': 9, 'selector__model_name': 'dt', 'selector__k': 5, 'scaler__scaler_name': 'minmax', 'outlier_remover__z_columns': ['car_age', 'mileage', 'tax', 'mpg'], 'outlier_remover__threshold': 3, 'outlier_remover__sev_outliers_cols': ['car_age', 'mileage'], 'outlier_remover__outlier_method': 'z_score', 'outlier_remover__n_neighbors': 70, 'outlier_remover__model_columns': ['car_age', 'mileage', 'tax', 'mpg'], 'outlier_remover__mod_outliers_cols': ['tax', 'mpg'], 'outlier_remover__contamination_LOF': 0.5, 'outlier_remover__contamination_IF': 0.15, 'model': DecisionTreeRegressor(max_depth=10, max_features='sqrt', min_samples_leaf=4,
                      min_samples_split=10, random_state=42), 'imputer__knn_scaling_method': 'standard', 'imputer__knn_neighbors': 14, 'imputer__imputation_method': 'simple', 'encoder__method': 'freq'}",-3207.1031649070515,-3135.499689924626,-3094.897542734276,-3145.8334658553176,46.386891866375414,224,-2627.0034425026483,-2520.3058353936613,-2511.277675997983,-2552.862317964764,52.55509284756954
212,1,4000,0.35521451632181805,0.012097643756799333,0.18407193819681802,0.022011369047452888,rfe,6,dt,7,robust,"['car_age', 'mileage', 'tax', 'mpg']",3,"['car_age', 'mileage', 'engineSize']",IQR,100,"['car_age', 'mileage', 'tax', 'mpg']","['tax', 'mpg']",0.5,0.05,"DecisionTreeRegressor(max_depth=10, max_features='sqrt', min_samples_leaf=4,
                      min_samples_split=10, random_state=42)",minmax,13,knn_modelwise,freq,"{'selector__selection_method': 'rfe', 'selector__n_features_to_select': 6, 'selector__model_name': 'dt', 'selector__k': 7, 'scaler__scaler_name': 'robust', 'outlier_remover__z_columns': ['car_age', 'mileage', 'tax', 'mpg'], 'outlier_remover__threshold': 3, 'outlier_remover__sev_outliers_cols': ['car_age', 'mileage', 'engineSize'], 'outlier_remover__outlier_method': 'IQR', 'outlier_remover__n_neighbors': 100, 'outlier_remover__model_columns': ['car_age', 'mileage', 'tax', 'mpg'], 'outlier_remover__mod_outliers_cols': ['tax', 'mpg'], 'outlier_remover__contamination_LOF': 0.5, 'outlier_remover__contamination_IF': 0.05, 'model': DecisionTreeRegressor(max_depth=10, max_features='sqrt', min_samples_leaf=4,
                      min_samples_split=10, random_state=42), 'imputer__knn_scaling_method': 'minmax', 'imputer__knn_neighbors': 13, 'imputer__imputation_method': 'knn_modelwise', 'encoder__method': 'freq'}",-2976.161601191967,-3068.951785411157,-2948.1962034827284,-2997.7698633619507,51.61179056006109,166,-2354.970955497922,-2444.864937908407,-2411.434285922287,-2403.756726442872,37.09843400175712
213,1,4000,0.13152027130126953,0.013766385616423769,0.005671342213948567,0.0012846029818541285,model,5,dt,7,standard,"['car_age', 'mileage', 'tax', 'mpg']",2,"['car_age', 'mileage', 'engineSize']",Isolation_Forest,70,"['tax', 'mpg']","['tax', 'mpg']",0.5,0.05,"DecisionTreeRegressor(max_depth=10, max_features='sqrt', min_samples_leaf=4,
                      min_samples_split=10, random_state=42)",minmax,10,simple,target,"{'selector__selection_method': 'model', 'selector__n_features_to_select': 5, 'selector__model_name': 'dt', 'selector__k': 7, 'scaler__scaler_name': 'standard', 'outlier_remover__z_columns': ['car_age', 'mileage', 'tax', 'mpg'], 'outlier_remover__threshold': 2, 'outlier_remover__sev_outliers_cols': ['car_age', 'mileage', 'engineSize'], 'outlier_remover__outlier_method': 'Isolation_Forest', 'outlier_remover__n_neighbors': 70, 'outlier_remover__model_columns': ['tax', 'mpg'], 'outlier_remover__mod_outliers_cols': ['tax', 'mpg'], 'outlier_remover__contamination_LOF': 0.5, 'outlier_remover__contamination_IF': 0.05, 'model': DecisionTreeRegressor(max_depth=10, max_features='sqrt', min_samples_leaf=4,
                      min_samples_split=10, random_state=42), 'imputer__knn_scaling_method': 'minmax', 'imputer__knn_neighbors': 10, 'imputer__imputation_method': 'simple', 'encoder__method': 'target'}",-2882.9441231430965,-2815.507869102491,-2906.3865313097094,-2868.279507851765,38.522902429381574,147,-2220.777516260179,-2280.0529326557457,-2364.7067377773274,-2288.512395564417,59.062549251678924
214,1,4000,0.3694905440012614,0.02807866126434122,0.16709033648173013,0.008891073929003141,model,10,dt,8,robust,"['car_age', 'mileage', 'tax', 'mpg']",3,"['car_age', 'mileage']",LOF,70,"['car_age', 'mileage', 'tax', 'mpg', 'engineSize']","['tax', 'mpg']",0.3,0.3,"DecisionTreeRegressor(max_depth=10, max_features='sqrt', min_samples_leaf=4,
                      min_samples_split=10, random_state=42)",minmax,14,knn_modelwise,target,"{'selector__selection_method': 'model', 'selector__n_features_to_select': 10, 'selector__model_name': 'dt', 'selector__k': 8, 'scaler__scaler_name': 'robust', 'outlier_remover__z_columns': ['car_age', 'mileage', 'tax', 'mpg'], 'outlier_remover__threshold': 3, 'outlier_remover__sev_outliers_cols': ['car_age', 'mileage'], 'outlier_remover__outlier_method': 'LOF', 'outlier_remover__n_neighbors': 70, 'outlier_remover__model_columns': ['car_age', 'mileage', 'tax', 'mpg', 'engineSize'], 'outlier_remover__mod_outliers_cols': ['tax', 'mpg'], 'outlier_remover__contamination_LOF': 0.3, 'outlier_remover__contamination_IF': 0.3, 'model': DecisionTreeRegressor(max_depth=10, max_features='sqrt', min_samples_leaf=4,
                      min_samples_split=10, random_state=42), 'imputer__knn_scaling_method': 'minmax', 'imputer__knn_neighbors': 14, 'imputer__imputation_method': 'knn_modelwise', 'encoder__method': 'target'}",-2997.621611238834,-2831.707104285955,-2775.6224910862597,-2868.31706887035,94.25539583946802,148,-2614.6259329290615,-2316.9755839707695,-2239.3317543837743,-2390.3110904278687,161.75084233265449
215,1,4000,0.36429309844970703,0.010600431486525421,0.17776902516682944,0.021828584477672414,model,5,dt,6,robust,"['car_age', 'mileage', 'tax', 'mpg']",2,"['car_age', 'mileage', 'engineSize']",LOF,100,"['car_age', 'mileage', 'tax', 'mpg', 'engineSize']","['car_age', 'mileage', 'tax', 'mpg']",0.3,0.05,"DecisionTreeRegressor(max_depth=10, max_features='sqrt', min_samples_leaf=4,
                      min_samples_split=10, random_state=42)",standard,15,knn_modelwise,target,"{'selector__selection_method': 'model', 'selector__n_features_to_select': 5, 'selector__model_name': 'dt', 'selector__k': 6, 'scaler__scaler_name': 'robust', 'outlier_remover__z_columns': ['car_age', 'mileage', 'tax', 'mpg'], 'outlier_remover__threshold': 2, 'outlier_remover__sev_outliers_cols': ['car_age', 'mileage', 'engineSize'], 'outlier_remover__outlier_method': 'LOF', 'outlier_remover__n_neighbors': 100, 'outlier_remover__model_columns': ['car_age', 'mileage', 'tax', 'mpg', 'engineSize'], 'outlier_remover__mod_outliers_cols': ['car_age', 'mileage', 'tax', 'mpg'], 'outlier_remover__contamination_LOF': 0.3, 'outlier_remover__contamination_IF': 0.05, 'model': DecisionTreeRegressor(max_depth=10, max_features='sqrt', min_samples_leaf=4,
                      min_samples_split=10, random_state=42), 'imputer__knn_scaling_method': 'standard', 'imputer__knn_neighbors': 15, 'imputer__imputation_method': 'knn_modelwise', 'encoder__method': 'target'}",-3076.2404022731002,-2947.050597460183,-2887.2003182234566,-2970.1637726522463,78.8868493263964,160,-2457.5794007865356,-2402.042312680445,-2415.2123281762474,-2424.9446805477423,23.694317896043263
216,1,4000,0.3461927572886149,0.01975825171218101,0.1851646900177002,0.018112930554462583,rfe,5,dt,10,robust,"['car_age', 'mileage', 'tax', 'mpg']",3,"['car_age', 'mileage']",z_score,50,"['car_age', 'mileage', 'tax', 'mpg', 'engineSize']","['tax', 'mpg']",0.5,0.5,"DecisionTreeRegressor(max_depth=10, max_features='sqrt', min_samples_leaf=4,
                      min_samples_split=10, random_state=42)",minmax,15,knn_modelwise,freq,"{'selector__selection_method': 'rfe', 'selector__n_features_to_select': 5, 'selector__model_name': 'dt', 'selector__k': 10, 'scaler__scaler_name': 'robust', 'outlier_remover__z_columns': ['car_age', 'mileage', 'tax', 'mpg'], 'outlier_remover__threshold': 3, 'outlier_remover__sev_outliers_cols': ['car_age', 'mileage'], 'outlier_remover__outlier_method': 'z_score', 'outlier_remover__n_neighbors': 50, 'outlier_remover__model_columns': ['car_age', 'mileage', 'tax', 'mpg', 'engineSize'], 'outlier_remover__mod_outliers_cols': ['tax', 'mpg'], 'outlier_remover__contamination_LOF': 0.5, 'outlier_remover__contamination_IF': 0.5, 'model': DecisionTreeRegressor(max_depth=10, max_features='sqrt', min_samples_leaf=4,
                      min_samples_split=10, random_state=42), 'imputer__knn_scaling_method': 'minmax', 'imputer__knn_neighbors': 15, 'imputer__imputation_method': 'knn_modelwise', 'encoder__method': 'freq'}",-3271.232173061131,-3017.7996911756272,-3050.2729846970014,-3113.101616311253,112.5983523608023,201,-2488.976954466658,-2436.6446970229567,-2494.692333569582,-2473.437995019732,26.121210700401754
217,1,4000,0.08391833305358887,0.01765846908836878,0.006809155146280925,0.0010438144801475085,rfe,9,dt,10,standard,"['car_age', 'mileage', 'tax', 'mpg']",3,"['car_age', 'mileage']",z_score,90,"['tax', 'mpg']","['tax', 'mpg']",0.05,0.15,"DecisionTreeRegressor(max_depth=10, max_features='sqrt', min_samples_leaf=4,
                      min_samples_split=10, random_state=42)",robust,11,iterative,freq,"{'selector__selection_method': 'rfe', 'selector__n_features_to_select': 9, 'selector__model_name': 'dt', 'selector__k': 10, 'scaler__scaler_name': 'standard', 'outlier_remover__z_columns': ['car_age', 'mileage', 'tax', 'mpg'], 'outlier_remover__threshold': 3, 'outlier_remover__sev_outliers_cols': ['car_age', 'mileage'], 'outlier_remover__outlier_method': 'z_score', 'outlier_remover__n_neighbors': 90, 'outlier_remover__model_columns': ['tax', 'mpg'], 'outlier_remover__mod_outliers_cols': ['tax', 'mpg'], 'outlier_remover__contamination_LOF': 0.05, 'outlier_remover__contamination_IF': 0.15, 'model': DecisionTreeRegressor(max_depth=10, max_features='sqrt', min_samples_leaf=4,
                      min_samples_split=10, random_state=42), 'imputer__knn_scaling_method': 'robust', 'imputer__knn_neighbors': 11, 'imputer__imputation_method': 'iterative', 'encoder__method': 'freq'}",-3217.03399734598,-2965.68291243658,-3195.5638825617134,-3126.0935974480913,113.76564319280546,211,-2335.738326494316,-2233.063897135174,-2373.24377198029,-2314.0153318699267,59.25378018594556
218,1,4000,0.40253210067749023,0.013502382310973782,0.15797893206278482,0.020497836986021218,model,6,dt,9,minmax,"['car_age', 'mileage', 'tax', 'mpg']",3,"['car_age', 'mileage', 'engineSize']",Isolation_Forest,100,"['car_age', 'mileage', 'tax', 'mpg', 'engineSize']","['car_age', 'mileage', 'tax', 'mpg']",0.5,0.05,"DecisionTreeRegressor(max_depth=10, max_features='sqrt', min_samples_leaf=4,
                      min_samples_split=10, random_state=42)",minmax,13,knn_modelwise,freq,"{'selector__selection_method': 'model', 'selector__n_features_to_select': 6, 'selector__model_name': 'dt', 'selector__k': 9, 'scaler__scaler_name': 'minmax', 'outlier_remover__z_columns': ['car_age', 'mileage', 'tax', 'mpg'], 'outlier_remover__threshold': 3, 'outlier_remover__sev_outliers_cols': ['car_age', 'mileage', 'engineSize'], 'outlier_remover__outlier_method': 'Isolation_Forest', 'outlier_remover__n_neighbors': 100, 'outlier_remover__model_columns': ['car_age', 'mileage', 'tax', 'mpg', 'engineSize'], 'outlier_remover__mod_outliers_cols': ['car_age', 'mileage', 'tax', 'mpg'], 'outlier_remover__contamination_LOF': 0.5, 'outlier_remover__contamination_IF': 0.05, 'model': DecisionTreeRegressor(max_depth=10, max_features='sqrt', min_samples_leaf=4,
                      min_samples_split=10, random_state=42), 'imputer__knn_scaling_method': 'minmax', 'imputer__knn_neighbors': 13, 'imputer__imputation_method': 'knn_modelwise', 'encoder__method': 'freq'}",-3119.805786315134,-2971.6980816996947,-2957.2804445648862,-3016.2614375265716,73.45311969627672,173,-2405.6220009340664,-2279.2690017510718,-2390.1288213689495,-2358.3399413513625,56.26822531538183
219,1,4000,0.13671096165974936,0.020187903263246244,0.008618354797363281,0.0037043903293348932,rfe,5,dt,5,minmax,"['car_age', 'mileage', 'tax', 'mpg']",3,"['car_age', 'mileage']",z_score,100,"['car_age', 'mileage', 'tax', 'mpg']","['tax', 'mpg']",0.3,0.3,"DecisionTreeRegressor(max_depth=10, max_features='sqrt', min_samples_leaf=4,
                      min_samples_split=10, random_state=42)",minmax,16,iterative,freq,"{'selector__selection_method': 'rfe', 'selector__n_features_to_select': 5, 'selector__model_name': 'dt', 'selector__k': 5, 'scaler__scaler_name': 'minmax', 'outlier_remover__z_columns': ['car_age', 'mileage', 'tax', 'mpg'], 'outlier_remover__threshold': 3, 'outlier_remover__sev_outliers_cols': ['car_age', 'mileage'], 'outlier_remover__outlier_method': 'z_score', 'outlier_remover__n_neighbors': 100, 'outlier_remover__model_columns': ['car_age', 'mileage', 'tax', 'mpg'], 'outlier_remover__mod_outliers_cols': ['tax', 'mpg'], 'outlier_remover__contamination_LOF': 0.3, 'outlier_remover__contamination_IF': 0.3, 'model': DecisionTreeRegressor(max_depth=10, max_features='sqrt', min_samples_leaf=4,
                      min_samples_split=10, random_state=42), 'imputer__knn_scaling_method': 'minmax', 'imputer__knn_neighbors': 16, 'imputer__imputation_method': 'iterative', 'encoder__method': 'freq'}",-3321.9340159168364,-3133.083398477083,-3129.0671220450354,-3194.6948454796516,89.9866193358838,244,-2488.445129493436,-2468.752894194529,-2460.4605599875913,-2472.552861225185,11.736377768358286
220,1,4000,0.07195814450581868,0.0011046308742791887,0.010123252868652344,0.004297446501076322,model,8,dt,9,robust,"['car_age', 'mileage', 'tax', 'mpg']",3,"['car_age', 'mileage', 'engineSize']",z_score,90,"['car_age', 'mileage', 'tax', 'mpg', 'engineSize']","['tax', 'mpg']",0.15,0.05,"DecisionTreeRegressor(max_depth=10, max_features='sqrt', min_samples_leaf=4,
                      min_samples_split=10, random_state=42)",minmax,19,iterative,freq,"{'selector__selection_method': 'model', 'selector__n_features_to_select': 8, 'selector__model_name': 'dt', 'selector__k': 9, 'scaler__scaler_name': 'robust', 'outlier_remover__z_columns': ['car_age', 'mileage', 'tax', 'mpg'], 'outlier_remover__threshold': 3, 'outlier_remover__sev_outliers_cols': ['car_age', 'mileage', 'engineSize'], 'outlier_remover__outlier_method': 'z_score', 'outlier_remover__n_neighbors': 90, 'outlier_remover__model_columns': ['car_age', 'mileage', 'tax', 'mpg', 'engineSize'], 'outlier_remover__mod_outliers_cols': ['tax', 'mpg'], 'outlier_remover__contamination_LOF': 0.15, 'outlier_remover__contamination_IF': 0.05, 'model': DecisionTreeRegressor(max_depth=10, max_features='sqrt', min_samples_leaf=4,
                      min_samples_split=10, random_state=42), 'imputer__knn_scaling_method': 'minmax', 'imputer__knn_neighbors': 19, 'imputer__imputation_method': 'iterative', 'encoder__method': 'freq'}",-3217.03399734598,-2965.68291243658,-3193.1725833609285,-3125.296497714496,113.28346223315054,210,-2335.738326494316,-2233.063897135174,-2373.24377198029,-2314.0153318699267,59.25378018594556
221,1,4000,0.14616966247558594,0.014772179435516052,0.008379141489664713,0.0022373251998702736,model,8,dt,10,minmax,"['car_age', 'mileage', 'tax', 'mpg']",3,"['car_age', 'mileage', 'engineSize']",LOF,100,"['tax', 'mpg']","['car_age', 'mileage', 'tax', 'mpg']",0.3,0.3,"DecisionTreeRegressor(max_depth=10, max_features='sqrt', min_samples_leaf=4,
                      min_samples_split=10, random_state=42)",minmax,11,iterative,target,"{'selector__selection_method': 'model', 'selector__n_features_to_select': 8, 'selector__model_name': 'dt', 'selector__k': 10, 'scaler__scaler_name': 'minmax', 'outlier_remover__z_columns': ['car_age', 'mileage', 'tax', 'mpg'], 'outlier_remover__threshold': 3, 'outlier_remover__sev_outliers_cols': ['car_age', 'mileage', 'engineSize'], 'outlier_remover__outlier_method': 'LOF', 'outlier_remover__n_neighbors': 100, 'outlier_remover__model_columns': ['tax', 'mpg'], 'outlier_remover__mod_outliers_cols': ['car_age', 'mileage', 'tax', 'mpg'], 'outlier_remover__contamination_LOF': 0.3, 'outlier_remover__contamination_IF': 0.3, 'model': DecisionTreeRegressor(max_depth=10, max_features='sqrt', min_samples_leaf=4,
                      min_samples_split=10, random_state=42), 'imputer__knn_scaling_method': 'minmax', 'imputer__knn_neighbors': 11, 'imputer__imputation_method': 'iterative', 'encoder__method': 'target'}",-3096.643447260914,-2832.364315333568,-3041.3831119577117,-2990.130291517398,113.81565093132896,164,-2633.8729406674047,-2435.7754322503497,-2552.8552006653044,-2540.8345245276864,81.31842022307706
222,1,4000,0.30810753504435223,0.007120529747166809,0.155487060546875,0.015021799554406898,kbest,8,dt,5,robust,"['car_age', 'mileage', 'tax', 'mpg']",3,"['car_age', 'mileage']",IQR,100,"['car_age', 'mileage', 'tax', 'mpg', 'engineSize']","['tax', 'mpg']",0.05,0.15,"DecisionTreeRegressor(max_depth=10, max_features='sqrt', min_samples_leaf=4,
                      min_samples_split=10, random_state=42)",minmax,11,knn_modelwise,freq,"{'selector__selection_method': 'kbest', 'selector__n_features_to_select': 8, 'selector__model_name': 'dt', 'selector__k': 5, 'scaler__scaler_name': 'robust', 'outlier_remover__z_columns': ['car_age', 'mileage', 'tax', 'mpg'], 'outlier_remover__threshold': 3, 'outlier_remover__sev_outliers_cols': ['car_age', 'mileage'], 'outlier_remover__outlier_method': 'IQR', 'outlier_remover__n_neighbors': 100, 'outlier_remover__model_columns': ['car_age', 'mileage', 'tax', 'mpg', 'engineSize'], 'outlier_remover__mod_outliers_cols': ['tax', 'mpg'], 'outlier_remover__contamination_LOF': 0.05, 'outlier_remover__contamination_IF': 0.15, 'model': DecisionTreeRegressor(max_depth=10, max_features='sqrt', min_samples_leaf=4,
                      min_samples_split=10, random_state=42), 'imputer__knn_scaling_method': 'minmax', 'imputer__knn_neighbors': 11, 'imputer__imputation_method': 'knn_modelwise', 'encoder__method': 'freq'}",-3185.0646456120144,-3087.95242337567,-2946.170571455861,-3073.0625468145154,98.09477045094788,187,-2446.0743841090084,-2484.98749966133,-2376.1505155377263,-2435.737466436022,45.029702630700434
223,1,4000,0.31641626358032227,0.017639427024876114,0.1676026185353597,0.0060596264328045615,rfe,10,dt,8,robust,"['car_age', 'mileage', 'tax', 'mpg']",2,"['car_age', 'mileage', 'engineSize']",IQR,50,"['car_age', 'mileage', 'tax', 'mpg', 'engineSize']","['car_age', 'mileage', 'tax', 'mpg']",0.05,0.05,"DecisionTreeRegressor(max_depth=10, max_features='sqrt', min_samples_leaf=4,
                      min_samples_split=10, random_state=42)",minmax,20,knn_modelwise,freq,"{'selector__selection_method': 'rfe', 'selector__n_features_to_select': 10, 'selector__model_name': 'dt', 'selector__k': 8, 'scaler__scaler_name': 'robust', 'outlier_remover__z_columns': ['car_age', 'mileage', 'tax', 'mpg'], 'outlier_remover__threshold': 2, 'outlier_remover__sev_outliers_cols': ['car_age', 'mileage', 'engineSize'], 'outlier_remover__outlier_method': 'IQR', 'outlier_remover__n_neighbors': 50, 'outlier_remover__model_columns': ['car_age', 'mileage', 'tax', 'mpg', 'engineSize'], 'outlier_remover__mod_outliers_cols': ['car_age', 'mileage', 'tax', 'mpg'], 'outlier_remover__contamination_LOF': 0.05, 'outlier_remover__contamination_IF': 0.05, 'model': DecisionTreeRegressor(max_depth=10, max_features='sqrt', min_samples_leaf=4,
                      min_samples_split=10, random_state=42), 'imputer__knn_scaling_method': 'minmax', 'imputer__knn_neighbors': 20, 'imputer__imputation_method': 'knn_modelwise', 'encoder__method': 'freq'}",-3138.2218172532944,-2980.5665507939116,-2900.718966437881,-3006.502444828362,98.67929193735567,169,-2351.6330492194484,-2247.1952919739697,-2270.47275984305,-2289.767033678823,44.7661556442939
224,1,4000,0.033370256423950195,0.005680927661019084,0.007699648539225261,0.00216218734235665,kbest,9,dt,7,standard,"['car_age', 'mileage', 'tax', 'mpg']",2,"['car_age', 'mileage']",z_score,50,"['tax', 'mpg']","['car_age', 'mileage', 'tax', 'mpg']",0.15,0.15,"DecisionTreeRegressor(max_depth=10, max_features='sqrt', min_samples_leaf=4,
                      min_samples_split=10, random_state=42)",minmax,10,simple,target,"{'selector__selection_method': 'kbest', 'selector__n_features_to_select': 9, 'selector__model_name': 'dt', 'selector__k': 7, 'scaler__scaler_name': 'standard', 'outlier_remover__z_columns': ['car_age', 'mileage', 'tax', 'mpg'], 'outlier_remover__threshold': 2, 'outlier_remover__sev_outliers_cols': ['car_age', 'mileage'], 'outlier_remover__outlier_method': 'z_score', 'outlier_remover__n_neighbors': 50, 'outlier_remover__model_columns': ['tax', 'mpg'], 'outlier_remover__mod_outliers_cols': ['car_age', 'mileage', 'tax', 'mpg'], 'outlier_remover__contamination_LOF': 0.15, 'outlier_remover__contamination_IF': 0.15, 'model': DecisionTreeRegressor(max_depth=10, max_features='sqrt', min_samples_leaf=4,
                      min_samples_split=10, random_state=42), 'imputer__knn_scaling_method': 'minmax', 'imputer__knn_neighbors': 10, 'imputer__imputation_method': 'simple', 'encoder__method': 'target'}",-3102.2292619119116,-2728.995490398462,-2741.1422352856703,-2857.4556625320147,173.15209512233542,144,-2228.5546117411614,-2106.675490145023,-2090.1482958652027,-2141.7927992504624,61.719775964672976
225,1,4000,0.35810208320617676,0.026679063018024397,0.15453362464904785,0.018641089651624365,kbest,7,dt,5,robust,"['car_age', 'mileage', 'tax', 'mpg']",3,"['car_age', 'mileage', 'engineSize']",LOF,90,"['car_age', 'mileage', 'tax', 'mpg']","['car_age', 'mileage', 'tax', 'mpg']",0.15,0.05,"DecisionTreeRegressor(max_depth=10, max_features='sqrt', min_samples_leaf=4,
                      min_samples_split=10, random_state=42)",standard,17,knn_modelwise,target,"{'selector__selection_method': 'kbest', 'selector__n_features_to_select': 7, 'selector__model_name': 'dt', 'selector__k': 5, 'scaler__scaler_name': 'robust', 'outlier_remover__z_columns': ['car_age', 'mileage', 'tax', 'mpg'], 'outlier_remover__threshold': 3, 'outlier_remover__sev_outliers_cols': ['car_age', 'mileage', 'engineSize'], 'outlier_remover__outlier_method': 'LOF', 'outlier_remover__n_neighbors': 90, 'outlier_remover__model_columns': ['car_age', 'mileage', 'tax', 'mpg'], 'outlier_remover__mod_outliers_cols': ['car_age', 'mileage', 'tax', 'mpg'], 'outlier_remover__contamination_LOF': 0.15, 'outlier_remover__contamination_IF': 0.05, 'model': DecisionTreeRegressor(max_depth=10, max_features='sqrt', min_samples_leaf=4,
                      min_samples_split=10, random_state=42), 'imputer__knn_scaling_method': 'standard', 'imputer__knn_neighbors': 17, 'imputer__imputation_method': 'knn_modelwise', 'encoder__method': 'target'}",-2976.616338369042,-3030.371458125376,-2937.907030520735,-2981.631609005051,37.91466117240831,161,-2577.5842505173637,-2449.6272960552324,-2387.4820802491668,-2471.5645422739212,79.14392317760581
226,1,4000,0.13691926002502441,0.0034045261538703806,0.006875832875569661,0.0018769630033987365,model,6,dt,6,standard,"['car_age', 'mileage', 'tax', 'mpg']",2,"['car_age', 'mileage', 'engineSize']",Isolation_Forest,50,"['car_age', 'mileage', 'tax', 'mpg']","['tax', 'mpg']",0.15,0.15,"DecisionTreeRegressor(max_depth=10, max_features='sqrt', min_samples_leaf=4,
                      min_samples_split=10, random_state=42)",robust,18,simple,target,"{'selector__selection_method': 'model', 'selector__n_features_to_select': 6, 'selector__model_name': 'dt', 'selector__k': 6, 'scaler__scaler_name': 'standard', 'outlier_remover__z_columns': ['car_age', 'mileage', 'tax', 'mpg'], 'outlier_remover__threshold': 2, 'outlier_remover__sev_outliers_cols': ['car_age', 'mileage', 'engineSize'], 'outlier_remover__outlier_method': 'Isolation_Forest', 'outlier_remover__n_neighbors': 50, 'outlier_remover__model_columns': ['car_age', 'mileage', 'tax', 'mpg'], 'outlier_remover__mod_outliers_cols': ['tax', 'mpg'], 'outlier_remover__contamination_LOF': 0.15, 'outlier_remover__contamination_IF': 0.15, 'model': DecisionTreeRegressor(max_depth=10, max_features='sqrt', min_samples_leaf=4,
                      min_samples_split=10, random_state=42), 'imputer__knn_scaling_method': 'robust', 'imputer__knn_neighbors': 18, 'imputer__imputation_method': 'simple', 'encoder__method': 'target'}",-2835.209007824456,-2812.514519368545,-3012.1886314918293,-2886.6373862282767,89.260279863593,154,-2361.826613027567,-2175.3224850731153,-2375.2143928626047,-2304.121163654429,91.23826998742457
227,1,4000,0.06910459200541179,0.005678964857653527,0.008550008138020834,0.003343625002502619,model,8,dt,5,standard,"['car_age', 'mileage', 'tax', 'mpg']",2,"['car_age', 'mileage', 'engineSize']",IQR,30,"['car_age', 'mileage', 'tax', 'mpg']","['tax', 'mpg']",0.5,0.3,"DecisionTreeRegressor(max_depth=10, max_features='sqrt', min_samples_leaf=4,
                      min_samples_split=10, random_state=42)",robust,11,iterative,freq,"{'selector__selection_method': 'model', 'selector__n_features_to_select': 8, 'selector__model_name': 'dt', 'selector__k': 5, 'scaler__scaler_name': 'standard', 'outlier_remover__z_columns': ['car_age', 'mileage', 'tax', 'mpg'], 'outlier_remover__threshold': 2, 'outlier_remover__sev_outliers_cols': ['car_age', 'mileage', 'engineSize'], 'outlier_remover__outlier_method': 'IQR', 'outlier_remover__n_neighbors': 30, 'outlier_remover__model_columns': ['car_age', 'mileage', 'tax', 'mpg'], 'outlier_remover__mod_outliers_cols': ['tax', 'mpg'], 'outlier_remover__contamination_LOF': 0.5, 'outlier_remover__contamination_IF': 0.3, 'model': DecisionTreeRegressor(max_depth=10, max_features='sqrt', min_samples_leaf=4,
                      min_samples_split=10, random_state=42), 'imputer__knn_scaling_method': 'robust', 'imputer__knn_neighbors': 11, 'imputer__imputation_method': 'iterative', 'encoder__method': 'freq'}",-3323.9921017308293,-3177.510475946421,-2994.7249001140644,-3165.409159263772,134.69484997386783,232,-2506.0646916233036,-2452.1909280923487,-2453.3608986081467,-2470.538839441266,25.12511144515157
228,1,4000,0.036436001459757485,0.0016752306821638176,0.005761782328287761,0.0012633576563816295,rfe,10,dt,9,minmax,"['car_age', 'mileage', 'tax', 'mpg']",2,"['car_age', 'mileage']",z_score,90,"['car_age', 'mileage', 'tax', 'mpg']","['tax', 'mpg']",0.5,0.3,"DecisionTreeRegressor(max_depth=10, max_features='sqrt', min_samples_leaf=4,
                      min_samples_split=10, random_state=42)",minmax,15,simple,freq,"{'selector__selection_method': 'rfe', 'selector__n_features_to_select': 10, 'selector__model_name': 'dt', 'selector__k': 9, 'scaler__scaler_name': 'minmax', 'outlier_remover__z_columns': ['car_age', 'mileage', 'tax', 'mpg'], 'outlier_remover__threshold': 2, 'outlier_remover__sev_outliers_cols': ['car_age', 'mileage'], 'outlier_remover__outlier_method': 'z_score', 'outlier_remover__n_neighbors': 90, 'outlier_remover__model_columns': ['car_age', 'mileage', 'tax', 'mpg'], 'outlier_remover__mod_outliers_cols': ['tax', 'mpg'], 'outlier_remover__contamination_LOF': 0.5, 'outlier_remover__contamination_IF': 0.3, 'model': DecisionTreeRegressor(max_depth=10, max_features='sqrt', min_samples_leaf=4,
                      min_samples_split=10, random_state=42), 'imputer__knn_scaling_method': 'minmax', 'imputer__knn_neighbors': 15, 'imputer__imputation_method': 'simple', 'encoder__method': 'freq'}",-3365.788985428812,-3133.966235166517,-3098.649976692621,-3199.4683990959834,118.48688424384277,246,-2433.198881167004,-2440.874222995968,-2397.8933152569834,-2423.988806473318,18.716458254955274
229,1,4000,0.038620551427205406,0.0008556331016501082,0.004671573638916016,7.913294259761169e-05,rfe,10,dt,8,robust,"['car_age', 'mileage', 'tax', 'mpg']",2,"['car_age', 'mileage']",z_score,30,"['car_age', 'mileage', 'tax', 'mpg']","['car_age', 'mileage', 'tax', 'mpg']",0.05,0.3,"DecisionTreeRegressor(max_depth=10, max_features='sqrt', min_samples_leaf=4,
                      min_samples_split=10, random_state=42)",standard,19,simple,freq,"{'selector__selection_method': 'rfe', 'selector__n_features_to_select': 10, 'selector__model_name': 'dt', 'selector__k': 8, 'scaler__scaler_name': 'robust', 'outlier_remover__z_columns': ['car_age', 'mileage', 'tax', 'mpg'], 'outlier_remover__threshold': 2, 'outlier_remover__sev_outliers_cols': ['car_age', 'mileage'], 'outlier_remover__outlier_method': 'z_score', 'outlier_remover__n_neighbors': 30, 'outlier_remover__model_columns': ['car_age', 'mileage', 'tax', 'mpg'], 'outlier_remover__mod_outliers_cols': ['car_age', 'mileage', 'tax', 'mpg'], 'outlier_remover__contamination_LOF': 0.05, 'outlier_remover__contamination_IF': 0.3, 'model': DecisionTreeRegressor(max_depth=10, max_features='sqrt', min_samples_leaf=4,
                      min_samples_split=10, random_state=42), 'imputer__knn_scaling_method': 'standard', 'imputer__knn_neighbors': 19, 'imputer__imputation_method': 'simple', 'encoder__method': 'freq'}",-3370.07317898411,-3133.966235166517,-3095.8130415729856,-3199.9508185745376,121.29888616921909,247,-2433.198881167004,-2440.874222995968,-2397.8933152569834,-2423.988806473318,18.716458254955274
230,1,4000,0.3487509886423747,0.01649092658340905,0.16447893778483072,0.01441825346102825,rfe,6,dt,10,robust,"['car_age', 'mileage', 'tax', 'mpg']",3,"['car_age', 'mileage', 'engineSize']",z_score,100,"['car_age', 'mileage', 'tax', 'mpg']","['tax', 'mpg']",0.5,0.05,"DecisionTreeRegressor(max_depth=10, max_features='sqrt', min_samples_leaf=4,
                      min_samples_split=10, random_state=42)",standard,11,knn_modelwise,freq,"{'selector__selection_method': 'rfe', 'selector__n_features_to_select': 6, 'selector__model_name': 'dt', 'selector__k': 10, 'scaler__scaler_name': 'robust', 'outlier_remover__z_columns': ['car_age', 'mileage', 'tax', 'mpg'], 'outlier_remover__threshold': 3, 'outlier_remover__sev_outliers_cols': ['car_age', 'mileage', 'engineSize'], 'outlier_remover__outlier_method': 'z_score', 'outlier_remover__n_neighbors': 100, 'outlier_remover__model_columns': ['car_age', 'mileage', 'tax', 'mpg'], 'outlier_remover__mod_outliers_cols': ['tax', 'mpg'], 'outlier_remover__contamination_LOF': 0.5, 'outlier_remover__contamination_IF': 0.05, 'model': DecisionTreeRegressor(max_depth=10, max_features='sqrt', min_samples_leaf=4,
                      min_samples_split=10, random_state=42), 'imputer__knn_scaling_method': 'standard', 'imputer__knn_neighbors': 11, 'imputer__imputation_method': 'knn_modelwise', 'encoder__method': 'freq'}",-3182.7548740239504,-2958.653158951027,-2902.1066875211477,-3014.504906832042,121.18969827740119,172,-2468.319381166948,-2315.593214471001,-2340.3349882227067,-2374.7491946202185,66.93067906367733
231,1,4000,0.3673376242319743,0.03219668992637917,0.15035374959309897,0.010034706280502282,rfe,6,dt,9,minmax,"['car_age', 'mileage', 'tax', 'mpg']",2,"['car_age', 'mileage']",IQR,70,"['car_age', 'mileage', 'tax', 'mpg']","['car_age', 'mileage', 'tax', 'mpg']",0.15,0.15,"DecisionTreeRegressor(max_depth=10, max_features='sqrt', min_samples_leaf=4,
                      min_samples_split=10, random_state=42)",standard,14,knn_modelwise,freq,"{'selector__selection_method': 'rfe', 'selector__n_features_to_select': 6, 'selector__model_name': 'dt', 'selector__k': 9, 'scaler__scaler_name': 'minmax', 'outlier_remover__z_columns': ['car_age', 'mileage', 'tax', 'mpg'], 'outlier_remover__threshold': 2, 'outlier_remover__sev_outliers_cols': ['car_age', 'mileage'], 'outlier_remover__outlier_method': 'IQR', 'outlier_remover__n_neighbors': 70, 'outlier_remover__model_columns': ['car_age', 'mileage', 'tax', 'mpg'], 'outlier_remover__mod_outliers_cols': ['car_age', 'mileage', 'tax', 'mpg'], 'outlier_remover__contamination_LOF': 0.15, 'outlier_remover__contamination_IF': 0.15, 'model': DecisionTreeRegressor(max_depth=10, max_features='sqrt', min_samples_leaf=4,
                      min_samples_split=10, random_state=42), 'imputer__knn_scaling_method': 'standard', 'imputer__knn_neighbors': 14, 'imputer__imputation_method': 'knn_modelwise', 'encoder__method': 'freq'}",-3253.3926373661243,-3034.571083156034,-2998.358192255516,-3095.4406375925587,112.66312334032139,194,-2371.0586623739077,-2431.643077544102,-2418.766620830343,-2407.156120249451,26.060450663573125
232,1,4000,0.18298999468485513,0.013208735871635563,0.009244044621785482,0.002628957151352766,rfe,8,dt,7,robust,"['car_age', 'mileage', 'tax', 'mpg']",3,"['car_age', 'mileage', 'engineSize']",Isolation_Forest,50,"['car_age', 'mileage', 'tax', 'mpg', 'engineSize']","['car_age', 'mileage', 'tax', 'mpg']",0.15,0.15,"DecisionTreeRegressor(max_depth=10, max_features='sqrt', min_samples_leaf=4,
                      min_samples_split=10, random_state=42)",robust,14,iterative,target,"{'selector__selection_method': 'rfe', 'selector__n_features_to_select': 8, 'selector__model_name': 'dt', 'selector__k': 7, 'scaler__scaler_name': 'robust', 'outlier_remover__z_columns': ['car_age', 'mileage', 'tax', 'mpg'], 'outlier_remover__threshold': 3, 'outlier_remover__sev_outliers_cols': ['car_age', 'mileage', 'engineSize'], 'outlier_remover__outlier_method': 'Isolation_Forest', 'outlier_remover__n_neighbors': 50, 'outlier_remover__model_columns': ['car_age', 'mileage', 'tax', 'mpg', 'engineSize'], 'outlier_remover__mod_outliers_cols': ['car_age', 'mileage', 'tax', 'mpg'], 'outlier_remover__contamination_LOF': 0.15, 'outlier_remover__contamination_IF': 0.15, 'model': DecisionTreeRegressor(max_depth=10, max_features='sqrt', min_samples_leaf=4,
                      min_samples_split=10, random_state=42), 'imputer__knn_scaling_method': 'robust', 'imputer__knn_neighbors': 14, 'imputer__imputation_method': 'iterative', 'encoder__method': 'target'}",-2867.615163108215,-2893.247759161987,-2895.1423121184575,-2885.3350781295535,12.553721201269484,153,-2557.8685493772305,-2298.0375282551954,-2490.5747934120286,-2448.826957014818,110.1066188359145
233,1,4000,0.32907454172770184,0.025155729027296285,0.1504507064819336,0.020323298023735167,kbest,6,dt,9,robust,"['car_age', 'mileage', 'tax', 'mpg']",2,"['car_age', 'mileage']",z_score,70,"['car_age', 'mileage', 'tax', 'mpg', 'engineSize']","['car_age', 'mileage', 'tax', 'mpg']",0.5,0.3,"DecisionTreeRegressor(max_depth=10, max_features='sqrt', min_samples_leaf=4,
                      min_samples_split=10, random_state=42)",minmax,17,knn_modelwise,freq,"{'selector__selection_method': 'kbest', 'selector__n_features_to_select': 6, 'selector__model_name': 'dt', 'selector__k': 9, 'scaler__scaler_name': 'robust', 'outlier_remover__z_columns': ['car_age', 'mileage', 'tax', 'mpg'], 'outlier_remover__threshold': 2, 'outlier_remover__sev_outliers_cols': ['car_age', 'mileage'], 'outlier_remover__outlier_method': 'z_score', 'outlier_remover__n_neighbors': 70, 'outlier_remover__model_columns': ['car_age', 'mileage', 'tax', 'mpg', 'engineSize'], 'outlier_remover__mod_outliers_cols': ['car_age', 'mileage', 'tax', 'mpg'], 'outlier_remover__contamination_LOF': 0.5, 'outlier_remover__contamination_IF': 0.3, 'model': DecisionTreeRegressor(max_depth=10, max_features='sqrt', min_samples_leaf=4,
                      min_samples_split=10, random_state=42), 'imputer__knn_scaling_method': 'minmax', 'imputer__knn_neighbors': 17, 'imputer__imputation_method': 'knn_modelwise', 'encoder__method': 'freq'}",-3011.593856692361,-3060.664851450041,-2950.918922202505,-3007.725876781636,44.88699290472778,170,-2160.5967455605683,-2420.5457805942006,-2408.5245383278652,-2329.889021494211,119.80827346083977
234,1,4000,0.02508234977722168,0.003214609947413266,0.0065381526947021484,0.0014384266900690334,kbest,6,dt,10,minmax,"['car_age', 'mileage', 'tax', 'mpg']",3,"['car_age', 'mileage', 'engineSize']",z_score,50,"['car_age', 'mileage', 'tax', 'mpg', 'engineSize']","['tax', 'mpg']",0.3,0.5,"DecisionTreeRegressor(max_depth=10, max_features='sqrt', min_samples_leaf=4,
                      min_samples_split=10, random_state=42)",minmax,12,simple,freq,"{'selector__selection_method': 'kbest', 'selector__n_features_to_select': 6, 'selector__model_name': 'dt', 'selector__k': 10, 'scaler__scaler_name': 'minmax', 'outlier_remover__z_columns': ['car_age', 'mileage', 'tax', 'mpg'], 'outlier_remover__threshold': 3, 'outlier_remover__sev_outliers_cols': ['car_age', 'mileage', 'engineSize'], 'outlier_remover__outlier_method': 'z_score', 'outlier_remover__n_neighbors': 50, 'outlier_remover__model_columns': ['car_age', 'mileage', 'tax', 'mpg', 'engineSize'], 'outlier_remover__mod_outliers_cols': ['tax', 'mpg'], 'outlier_remover__contamination_LOF': 0.3, 'outlier_remover__contamination_IF': 0.5, 'model': DecisionTreeRegressor(max_depth=10, max_features='sqrt', min_samples_leaf=4,
                      min_samples_split=10, random_state=42), 'imputer__knn_scaling_method': 'minmax', 'imputer__knn_neighbors': 12, 'imputer__imputation_method': 'simple', 'encoder__method': 'freq'}",-3300.846107636382,-3134.4185312241043,-3049.7942212333814,-3161.686286697956,104.28937396514434,230,-2367.6124371695137,-2431.0883119714917,-2348.7755892424525,-2382.492112794486,35.21268370720244
235,1,4000,0.3422261079152425,0.021824024655269326,0.16995437939961752,0.019089855108596572,kbest,10,dt,10,standard,"['car_age', 'mileage', 'tax', 'mpg']",2,"['car_age', 'mileage']",LOF,90,"['car_age', 'mileage', 'tax', 'mpg']","['car_age', 'mileage', 'tax', 'mpg']",0.05,0.5,"DecisionTreeRegressor(max_depth=10, max_features='sqrt', min_samples_leaf=4,
                      min_samples_split=10, random_state=42)",standard,12,knn_modelwise,freq,"{'selector__selection_method': 'kbest', 'selector__n_features_to_select': 10, 'selector__model_name': 'dt', 'selector__k': 10, 'scaler__scaler_name': 'standard', 'outlier_remover__z_columns': ['car_age', 'mileage', 'tax', 'mpg'], 'outlier_remover__threshold': 2, 'outlier_remover__sev_outliers_cols': ['car_age', 'mileage'], 'outlier_remover__outlier_method': 'LOF', 'outlier_remover__n_neighbors': 90, 'outlier_remover__model_columns': ['car_age', 'mileage', 'tax', 'mpg'], 'outlier_remover__mod_outliers_cols': ['car_age', 'mileage', 'tax', 'mpg'], 'outlier_remover__contamination_LOF': 0.05, 'outlier_remover__contamination_IF': 0.5, 'model': DecisionTreeRegressor(max_depth=10, max_features='sqrt', min_samples_leaf=4,
                      min_samples_split=10, random_state=42), 'imputer__knn_scaling_method': 'standard', 'imputer__knn_neighbors': 12, 'imputer__imputation_method': 'knn_modelwise', 'encoder__method': 'freq'}",-3212.4810249696025,-3081.4194118658866,-3045.5833818800616,-3113.1612729051835,71.73732233591045,202,-2441.0095951535286,-2324.502784243037,-2383.2242649944706,-2382.912214797012,47.56421819412554
236,1,4000,0.10260423024495442,0.009899726158331448,0.009162982304890951,0.002706956084153216,model,7,dt,9,robust,"['car_age', 'mileage', 'tax', 'mpg']",2,"['car_age', 'mileage', 'engineSize']",IQR,30,"['tax', 'mpg']","['tax', 'mpg']",0.3,0.5,"DecisionTreeRegressor(max_depth=10, max_features='sqrt', min_samples_leaf=4,
                      min_samples_split=10, random_state=42)",robust,14,iterative,target,"{'selector__selection_method': 'model', 'selector__n_features_to_select': 7, 'selector__model_name': 'dt', 'selector__k': 9, 'scaler__scaler_name': 'robust', 'outlier_remover__z_columns': ['car_age', 'mileage', 'tax', 'mpg'], 'outlier_remover__threshold': 2, 'outlier_remover__sev_outliers_cols': ['car_age', 'mileage', 'engineSize'], 'outlier_remover__outlier_method': 'IQR', 'outlier_remover__n_neighbors': 30, 'outlier_remover__model_columns': ['tax', 'mpg'], 'outlier_remover__mod_outliers_cols': ['tax', 'mpg'], 'outlier_remover__contamination_LOF': 0.3, 'outlier_remover__contamination_IF': 0.5, 'model': DecisionTreeRegressor(max_depth=10, max_features='sqrt', min_samples_leaf=4,
                      min_samples_split=10, random_state=42), 'imputer__knn_scaling_method': 'robust', 'imputer__knn_neighbors': 14, 'imputer__imputation_method': 'iterative', 'encoder__method': 'target'}",-2899.9378834743397,-2697.2568972898225,-2753.0976444531243,-2783.4308084057625,85.47892982762994,127,-1997.3293922962453,-2029.047862221946,-2062.7451843361437,-2029.7074796181114,26.709957985537933
237,1,4000,0.4191741148630778,0.036277708446330874,0.14838528633117676,0.010024991958056128,model,9,dt,10,minmax,"['car_age', 'mileage', 'tax', 'mpg']",3,"['car_age', 'mileage', 'engineSize']",Isolation_Forest,30,"['tax', 'mpg']","['tax', 'mpg']",0.05,0.3,"DecisionTreeRegressor(max_depth=10, max_features='sqrt', min_samples_leaf=4,
                      min_samples_split=10, random_state=42)",standard,13,knn_modelwise,target,"{'selector__selection_method': 'model', 'selector__n_features_to_select': 9, 'selector__model_name': 'dt', 'selector__k': 10, 'scaler__scaler_name': 'minmax', 'outlier_remover__z_columns': ['car_age', 'mileage', 'tax', 'mpg'], 'outlier_remover__threshold': 3, 'outlier_remover__sev_outliers_cols': ['car_age', 'mileage', 'engineSize'], 'outlier_remover__outlier_method': 'Isolation_Forest', 'outlier_remover__n_neighbors': 30, 'outlier_remover__model_columns': ['tax', 'mpg'], 'outlier_remover__mod_outliers_cols': ['tax', 'mpg'], 'outlier_remover__contamination_LOF': 0.05, 'outlier_remover__contamination_IF': 0.3, 'model': DecisionTreeRegressor(max_depth=10, max_features='sqrt', min_samples_leaf=4,
                      min_samples_split=10, random_state=42), 'imputer__knn_scaling_method': 'standard', 'imputer__knn_neighbors': 13, 'imputer__imputation_method': 'knn_modelwise', 'encoder__method': 'target'}",-3136.766961069262,-2960.929542333847,-2965.4929996680808,-3021.0631676903963,81.83614579310176,174,-2550.371805286945,-2374.441324079565,-2489.6852617780896,-2471.4994637148666,72.9654072962537
238,1,4000,0.44495177268981934,0.027379542090035767,0.16650056838989258,0.010419569720895265,rfe,10,dt,6,robust,"['car_age', 'mileage', 'tax', 'mpg']",2,"['car_age', 'mileage']",Isolation_Forest,100,"['car_age', 'mileage', 'tax', 'mpg', 'engineSize']","['car_age', 'mileage', 'tax', 'mpg']",0.05,0.05,"DecisionTreeRegressor(max_depth=10, max_features='sqrt', min_samples_leaf=4,
                      min_samples_split=10, random_state=42)",standard,20,knn_modelwise,freq,"{'selector__selection_method': 'rfe', 'selector__n_features_to_select': 10, 'selector__model_name': 'dt', 'selector__k': 6, 'scaler__scaler_name': 'robust', 'outlier_remover__z_columns': ['car_age', 'mileage', 'tax', 'mpg'], 'outlier_remover__threshold': 2, 'outlier_remover__sev_outliers_cols': ['car_age', 'mileage'], 'outlier_remover__outlier_method': 'Isolation_Forest', 'outlier_remover__n_neighbors': 100, 'outlier_remover__model_columns': ['car_age', 'mileage', 'tax', 'mpg', 'engineSize'], 'outlier_remover__mod_outliers_cols': ['car_age', 'mileage', 'tax', 'mpg'], 'outlier_remover__contamination_LOF': 0.05, 'outlier_remover__contamination_IF': 0.05, 'model': DecisionTreeRegressor(max_depth=10, max_features='sqrt', min_samples_leaf=4,
                      min_samples_split=10, random_state=42), 'imputer__knn_scaling_method': 'standard', 'imputer__knn_neighbors': 20, 'imputer__imputation_method': 'knn_modelwise', 'encoder__method': 'freq'}",-3449.1984056384645,-3249.251129912551,-2881.215160204317,-3193.221565251777,235.23849721865065,243,-2706.563017013368,-2578.6495740441633,-2403.5708568842238,-2562.927815980585,124.19458531511088
239,1,4000,0.13751840591430664,0.015403836575369074,0.006350596745808919,0.0022849890124326,model,8,dt,10,standard,"['car_age', 'mileage', 'tax', 'mpg']",3,"['car_age', 'mileage']",Isolation_Forest,100,"['car_age', 'mileage', 'tax', 'mpg']","['tax', 'mpg']",0.5,0.05,"DecisionTreeRegressor(max_depth=10, max_features='sqrt', min_samples_leaf=4,
                      min_samples_split=10, random_state=42)",standard,12,simple,target,"{'selector__selection_method': 'model', 'selector__n_features_to_select': 8, 'selector__model_name': 'dt', 'selector__k': 10, 'scaler__scaler_name': 'standard', 'outlier_remover__z_columns': ['car_age', 'mileage', 'tax', 'mpg'], 'outlier_remover__threshold': 3, 'outlier_remover__sev_outliers_cols': ['car_age', 'mileage'], 'outlier_remover__outlier_method': 'Isolation_Forest', 'outlier_remover__n_neighbors': 100, 'outlier_remover__model_columns': ['car_age', 'mileage', 'tax', 'mpg'], 'outlier_remover__mod_outliers_cols': ['tax', 'mpg'], 'outlier_remover__contamination_LOF': 0.5, 'outlier_remover__contamination_IF': 0.05, 'model': DecisionTreeRegressor(max_depth=10, max_features='sqrt', min_samples_leaf=4,
                      min_samples_split=10, random_state=42), 'imputer__knn_scaling_method': 'standard', 'imputer__knn_neighbors': 12, 'imputer__imputation_method': 'simple', 'encoder__method': 'target'}",-3117.2980339326655,-2964.611504304145,-2947.044736265577,-3009.6514248341286,76.45474553677722,171,-2364.4185366370516,-2208.4997816092787,-2146.243007907399,-2239.720442051243,91.76487186623655
240,1,4000,0.2855219046274821,0.009437656923166253,0.1630109945933024,0.01750187329660648,kbest,5,dt,10,minmax,"['car_age', 'mileage', 'tax', 'mpg']",2,"['car_age', 'mileage', 'engineSize']",IQR,30,"['tax', 'mpg']","['tax', 'mpg']",0.05,0.15,"DecisionTreeRegressor(max_depth=10, max_features='sqrt', min_samples_leaf=4,
                      min_samples_split=10, random_state=42)",minmax,14,knn_modelwise,freq,"{'selector__selection_method': 'kbest', 'selector__n_features_to_select': 5, 'selector__model_name': 'dt', 'selector__k': 10, 'scaler__scaler_name': 'minmax', 'outlier_remover__z_columns': ['car_age', 'mileage', 'tax', 'mpg'], 'outlier_remover__threshold': 2, 'outlier_remover__sev_outliers_cols': ['car_age', 'mileage', 'engineSize'], 'outlier_remover__outlier_method': 'IQR', 'outlier_remover__n_neighbors': 30, 'outlier_remover__model_columns': ['tax', 'mpg'], 'outlier_remover__mod_outliers_cols': ['tax', 'mpg'], 'outlier_remover__contamination_LOF': 0.05, 'outlier_remover__contamination_IF': 0.15, 'model': DecisionTreeRegressor(max_depth=10, max_features='sqrt', min_samples_leaf=4,
                      min_samples_split=10, random_state=42), 'imputer__knn_scaling_method': 'minmax', 'imputer__knn_neighbors': 14, 'imputer__imputation_method': 'knn_modelwise', 'encoder__method': 'freq'}",-3163.731394388786,-3093.0436031531226,-2927.1099245711343,-3061.2949740376807,99.17463245104189,182,-2452.8307312144225,-2396.9174146003425,-2292.9276473848304,-2380.891931066532,66.25637653047802
241,1,4000,0.37702425320943195,0.0064003195934453855,0.1623664697011312,0.013382383018786874,model,10,dt,5,minmax,"['car_age', 'mileage', 'tax', 'mpg']",2,"['car_age', 'mileage']",LOF,90,"['car_age', 'mileage', 'tax', 'mpg', 'engineSize']","['tax', 'mpg']",0.05,0.5,"DecisionTreeRegressor(max_depth=10, max_features='sqrt', min_samples_leaf=4,
                      min_samples_split=10, random_state=42)",minmax,10,knn_modelwise,freq,"{'selector__selection_method': 'model', 'selector__n_features_to_select': 10, 'selector__model_name': 'dt', 'selector__k': 5, 'scaler__scaler_name': 'minmax', 'outlier_remover__z_columns': ['car_age', 'mileage', 'tax', 'mpg'], 'outlier_remover__threshold': 2, 'outlier_remover__sev_outliers_cols': ['car_age', 'mileage'], 'outlier_remover__outlier_method': 'LOF', 'outlier_remover__n_neighbors': 90, 'outlier_remover__model_columns': ['car_age', 'mileage', 'tax', 'mpg', 'engineSize'], 'outlier_remover__mod_outliers_cols': ['tax', 'mpg'], 'outlier_remover__contamination_LOF': 0.05, 'outlier_remover__contamination_IF': 0.5, 'model': DecisionTreeRegressor(max_depth=10, max_features='sqrt', min_samples_leaf=4,
                      min_samples_split=10, random_state=42), 'imputer__knn_scaling_method': 'minmax', 'imputer__knn_neighbors': 10, 'imputer__imputation_method': 'knn_modelwise', 'encoder__method': 'freq'}",-3226.825522178982,-3223.2825124811225,-2940.158931250564,-3130.0889886368896,134.30862035751701,214,-2524.347578421032,-2434.42255106249,-2417.228464517345,-2458.666198000289,46.971210711180966
242,1,4000,0.11634961764017741,0.01853698821261985,0.007134437561035156,0.0014093822654736917,rfe,9,dt,9,standard,"['car_age', 'mileage', 'tax', 'mpg']",3,"['car_age', 'mileage', 'engineSize']",LOF,100,"['car_age', 'mileage', 'tax', 'mpg']","['tax', 'mpg']",0.3,0.05,"DecisionTreeRegressor(max_depth=10, max_features='sqrt', min_samples_leaf=4,
                      min_samples_split=10, random_state=42)",robust,14,iterative,target,"{'selector__selection_method': 'rfe', 'selector__n_features_to_select': 9, 'selector__model_name': 'dt', 'selector__k': 9, 'scaler__scaler_name': 'standard', 'outlier_remover__z_columns': ['car_age', 'mileage', 'tax', 'mpg'], 'outlier_remover__threshold': 3, 'outlier_remover__sev_outliers_cols': ['car_age', 'mileage', 'engineSize'], 'outlier_remover__outlier_method': 'LOF', 'outlier_remover__n_neighbors': 100, 'outlier_remover__model_columns': ['car_age', 'mileage', 'tax', 'mpg'], 'outlier_remover__mod_outliers_cols': ['tax', 'mpg'], 'outlier_remover__contamination_LOF': 0.3, 'outlier_remover__contamination_IF': 0.05, 'model': DecisionTreeRegressor(max_depth=10, max_features='sqrt', min_samples_leaf=4,
                      min_samples_split=10, random_state=42), 'imputer__knn_scaling_method': 'robust', 'imputer__knn_neighbors': 14, 'imputer__imputation_method': 'iterative', 'encoder__method': 'target'}",-2878.9086184281396,-2860.6470929091656,-2871.0228286796373,-2870.1928466723143,7.478301106953558,149,-2262.13501680631,-2338.9591346740276,-2292.975055288522,-2298.0230689229534,31.56578424790884
243,1,4000,0.3145393530527751,0.010243693516393336,0.16153891881306967,0.001439913427775822,kbest,5,dt,10,standard,"['car_age', 'mileage', 'tax', 'mpg']",3,"['car_age', 'mileage', 'engineSize']",IQR,100,"['car_age', 'mileage', 'tax', 'mpg']","['car_age', 'mileage', 'tax', 'mpg']",0.05,0.3,"DecisionTreeRegressor(max_depth=10, max_features='sqrt', min_samples_leaf=4,
                      min_samples_split=10, random_state=42)",robust,17,knn_modelwise,freq,"{'selector__selection_method': 'kbest', 'selector__n_features_to_select': 5, 'selector__model_name': 'dt', 'selector__k': 10, 'scaler__scaler_name': 'standard', 'outlier_remover__z_columns': ['car_age', 'mileage', 'tax', 'mpg'], 'outlier_remover__threshold': 3, 'outlier_remover__sev_outliers_cols': ['car_age', 'mileage', 'engineSize'], 'outlier_remover__outlier_method': 'IQR', 'outlier_remover__n_neighbors': 100, 'outlier_remover__model_columns': ['car_age', 'mileage', 'tax', 'mpg'], 'outlier_remover__mod_outliers_cols': ['car_age', 'mileage', 'tax', 'mpg'], 'outlier_remover__contamination_LOF': 0.05, 'outlier_remover__contamination_IF': 0.3, 'model': DecisionTreeRegressor(max_depth=10, max_features='sqrt', min_samples_leaf=4,
                      min_samples_split=10, random_state=42), 'imputer__knn_scaling_method': 'robust', 'imputer__knn_neighbors': 17, 'imputer__imputation_method': 'knn_modelwise', 'encoder__method': 'freq'}",-3147.4679006593637,-3075.4275907495207,-3044.4110427660344,-3089.1021780583064,43.16962468573376,193,-2407.06280234124,-2350.913800146552,-2300.3739126259297,-2352.783505037907,43.575617375293575
244,1,4000,0.05894931157430013,0.008333731347601523,0.007726271947224935,0.003328927897049087,model,10,dt,5,robust,"['car_age', 'mileage', 'tax', 'mpg']",3,"['car_age', 'mileage']",LOF,30,"['tax', 'mpg']","['car_age', 'mileage', 'tax', 'mpg']",0.3,0.5,"DecisionTreeRegressor(max_depth=10, max_features='sqrt', min_samples_leaf=4,
                      min_samples_split=10, random_state=42)",robust,13,simple,target,"{'selector__selection_method': 'model', 'selector__n_features_to_select': 10, 'selector__model_name': 'dt', 'selector__k': 5, 'scaler__scaler_name': 'robust', 'outlier_remover__z_columns': ['car_age', 'mileage', 'tax', 'mpg'], 'outlier_remover__threshold': 3, 'outlier_remover__sev_outliers_cols': ['car_age', 'mileage'], 'outlier_remover__outlier_method': 'LOF', 'outlier_remover__n_neighbors': 30, 'outlier_remover__model_columns': ['tax', 'mpg'], 'outlier_remover__mod_outliers_cols': ['car_age', 'mileage', 'tax', 'mpg'], 'outlier_remover__contamination_LOF': 0.3, 'outlier_remover__contamination_IF': 0.5, 'model': DecisionTreeRegressor(max_depth=10, max_features='sqrt', min_samples_leaf=4,
                      min_samples_split=10, random_state=42), 'imputer__knn_scaling_method': 'robust', 'imputer__knn_neighbors': 13, 'imputer__imputation_method': 'simple', 'encoder__method': 'target'}",-2891.782683208095,-2923.4833028507114,-2980.0819998464726,-2931.782661968426,36.522612639520695,156,-2469.4046834812802,-2504.3982760507442,-2479.252719757456,-2484.3518930964933,14.734066123230095
245,1,4000,0.3661397298177083,0.005105508855449769,0.15902860959370932,0.009172287276427207,rfe,6,dt,5,minmax,"['car_age', 'mileage', 'tax', 'mpg']",3,"['car_age', 'mileage']",IQR,90,"['tax', 'mpg']","['car_age', 'mileage', 'tax', 'mpg']",0.5,0.3,"DecisionTreeRegressor(max_depth=10, max_features='sqrt', min_samples_leaf=4,
                      min_samples_split=10, random_state=42)",minmax,13,knn_modelwise,freq,"{'selector__selection_method': 'rfe', 'selector__n_features_to_select': 6, 'selector__model_name': 'dt', 'selector__k': 5, 'scaler__scaler_name': 'minmax', 'outlier_remover__z_columns': ['car_age', 'mileage', 'tax', 'mpg'], 'outlier_remover__threshold': 3, 'outlier_remover__sev_outliers_cols': ['car_age', 'mileage'], 'outlier_remover__outlier_method': 'IQR', 'outlier_remover__n_neighbors': 90, 'outlier_remover__model_columns': ['tax', 'mpg'], 'outlier_remover__mod_outliers_cols': ['car_age', 'mileage', 'tax', 'mpg'], 'outlier_remover__contamination_LOF': 0.5, 'outlier_remover__contamination_IF': 0.3, 'model': DecisionTreeRegressor(max_depth=10, max_features='sqrt', min_samples_leaf=4,
                      min_samples_split=10, random_state=42), 'imputer__knn_scaling_method': 'minmax', 'imputer__knn_neighbors': 13, 'imputer__imputation_method': 'knn_modelwise', 'encoder__method': 'freq'}",-3054.165564234742,-3233.6571857525073,-3025.3964640487966,-3104.406404678682,92.14567664852828,199,-2418.424967363669,-2461.572757758659,-2382.3980867601126,-2420.7986039608136,32.36647179776724
246,1,4000,0.05653874079386393,0.005357269045801183,0.008988300959269205,0.0031224429376487616,kbest,7,dt,6,robust,"['car_age', 'mileage', 'tax', 'mpg']",2,"['car_age', 'mileage', 'engineSize']",z_score,70,"['car_age', 'mileage', 'tax', 'mpg']","['car_age', 'mileage', 'tax', 'mpg']",0.05,0.15,"DecisionTreeRegressor(max_depth=10, max_features='sqrt', min_samples_leaf=4,
                      min_samples_split=10, random_state=42)",minmax,19,iterative,target,"{'selector__selection_method': 'kbest', 'selector__n_features_to_select': 7, 'selector__model_name': 'dt', 'selector__k': 6, 'scaler__scaler_name': 'robust', 'outlier_remover__z_columns': ['car_age', 'mileage', 'tax', 'mpg'], 'outlier_remover__threshold': 2, 'outlier_remover__sev_outliers_cols': ['car_age', 'mileage', 'engineSize'], 'outlier_remover__outlier_method': 'z_score', 'outlier_remover__n_neighbors': 70, 'outlier_remover__model_columns': ['car_age', 'mileage', 'tax', 'mpg'], 'outlier_remover__mod_outliers_cols': ['car_age', 'mileage', 'tax', 'mpg'], 'outlier_remover__contamination_LOF': 0.05, 'outlier_remover__contamination_IF': 0.15, 'model': DecisionTreeRegressor(max_depth=10, max_features='sqrt', min_samples_leaf=4,
                      min_samples_split=10, random_state=42), 'imputer__knn_scaling_method': 'minmax', 'imputer__knn_neighbors': 19, 'imputer__imputation_method': 'iterative', 'encoder__method': 'target'}",-2777.768359027936,-2884.7924270731783,-2588.831173991812,-2750.4639866976418,122.35852345365129,114,-2243.587828173513,-2206.1865839795673,-2156.4372874756295,-2202.070566542903,35.69790269878196
247,1,4000,0.13793794314066568,0.008679459218840236,0.006971995035807292,0.0029013396949853633,rfe,10,dt,10,standard,"['car_age', 'mileage', 'tax', 'mpg']",3,"['car_age', 'mileage', 'engineSize']",Isolation_Forest,100,"['car_age', 'mileage', 'tax', 'mpg', 'engineSize']","['tax', 'mpg']",0.5,0.05,"DecisionTreeRegressor(max_depth=10, max_features='sqrt', min_samples_leaf=4,
                      min_samples_split=10, random_state=42)",standard,16,simple,target,"{'selector__selection_method': 'rfe', 'selector__n_features_to_select': 10, 'selector__model_name': 'dt', 'selector__k': 10, 'scaler__scaler_name': 'standard', 'outlier_remover__z_columns': ['car_age', 'mileage', 'tax', 'mpg'], 'outlier_remover__threshold': 3, 'outlier_remover__sev_outliers_cols': ['car_age', 'mileage', 'engineSize'], 'outlier_remover__outlier_method': 'Isolation_Forest', 'outlier_remover__n_neighbors': 100, 'outlier_remover__model_columns': ['car_age', 'mileage', 'tax', 'mpg', 'engineSize'], 'outlier_remover__mod_outliers_cols': ['tax', 'mpg'], 'outlier_remover__contamination_LOF': 0.5, 'outlier_remover__contamination_IF': 0.05, 'model': DecisionTreeRegressor(max_depth=10, max_features='sqrt', min_samples_leaf=4,
                      min_samples_split=10, random_state=42), 'imputer__knn_scaling_method': 'standard', 'imputer__knn_neighbors': 16, 'imputer__imputation_method': 'simple', 'encoder__method': 'target'}",-2992.0338630739757,-2825.8983597906013,-2814.7002877791315,-2877.5441702145695,81.08541394716394,152,-2334.73459098759,-2225.9257526435626,-2272.470003197451,-2277.7101156095346,44.57529142931551
248,1,4000,0.11976830164591472,0.00953942972793702,0.007999658584594727,0.002809647269922957,rfe,7,dt,7,minmax,"['car_age', 'mileage', 'tax', 'mpg']",3,"['car_age', 'mileage', 'engineSize']",LOF,50,"['tax', 'mpg']","['car_age', 'mileage', 'tax', 'mpg']",0.05,0.3,"DecisionTreeRegressor(max_depth=10, max_features='sqrt', min_samples_leaf=4,
                      min_samples_split=10, random_state=42)",standard,11,iterative,target,"{'selector__selection_method': 'rfe', 'selector__n_features_to_select': 7, 'selector__model_name': 'dt', 'selector__k': 7, 'scaler__scaler_name': 'minmax', 'outlier_remover__z_columns': ['car_age', 'mileage', 'tax', 'mpg'], 'outlier_remover__threshold': 3, 'outlier_remover__sev_outliers_cols': ['car_age', 'mileage', 'engineSize'], 'outlier_remover__outlier_method': 'LOF', 'outlier_remover__n_neighbors': 50, 'outlier_remover__model_columns': ['tax', 'mpg'], 'outlier_remover__mod_outliers_cols': ['car_age', 'mileage', 'tax', 'mpg'], 'outlier_remover__contamination_LOF': 0.05, 'outlier_remover__contamination_IF': 0.3, 'model': DecisionTreeRegressor(max_depth=10, max_features='sqrt', min_samples_leaf=4,
                      min_samples_split=10, random_state=42), 'imputer__knn_scaling_method': 'standard', 'imputer__knn_neighbors': 11, 'imputer__imputation_method': 'iterative', 'encoder__method': 'target'}",-2817.7238201595287,-2993.6192327646777,-2819.7323200256697,-2877.0251243166254,82.44856219294232,151,-2200.897398299693,-2231.916085025148,-2176.3445712188804,-2203.052684847907,22.738106513937137
249,1,4000,0.05510099728902181,0.005227735068658048,0.005583286285400391,0.00134892438034986,kbest,10,dt,5,robust,"['car_age', 'mileage', 'tax', 'mpg']",2,"['car_age', 'mileage']",LOF,70,"['car_age', 'mileage', 'tax', 'mpg']","['car_age', 'mileage', 'tax', 'mpg']",0.05,0.5,"DecisionTreeRegressor(max_depth=10, max_features='sqrt', min_samples_leaf=4,
                      min_samples_split=10, random_state=42)",minmax,20,simple,target,"{'selector__selection_method': 'kbest', 'selector__n_features_to_select': 10, 'selector__model_name': 'dt', 'selector__k': 5, 'scaler__scaler_name': 'robust', 'outlier_remover__z_columns': ['car_age', 'mileage', 'tax', 'mpg'], 'outlier_remover__threshold': 2, 'outlier_remover__sev_outliers_cols': ['car_age', 'mileage'], 'outlier_remover__outlier_method': 'LOF', 'outlier_remover__n_neighbors': 70, 'outlier_remover__model_columns': ['car_age', 'mileage', 'tax', 'mpg'], 'outlier_remover__mod_outliers_cols': ['car_age', 'mileage', 'tax', 'mpg'], 'outlier_remover__contamination_LOF': 0.05, 'outlier_remover__contamination_IF': 0.5, 'model': DecisionTreeRegressor(max_depth=10, max_features='sqrt', min_samples_leaf=4,
                      min_samples_split=10, random_state=42), 'imputer__knn_scaling_method': 'minmax', 'imputer__knn_neighbors': 20, 'imputer__imputation_method': 'simple', 'encoder__method': 'target'}",-2764.826944166236,-2814.8132475436605,-2680.7739758841026,-2753.4713891979995,55.307281366523334,115,-2368.1152822803024,-2413.6096487114246,-2312.005532873938,-2364.576821288555,41.55510091771269
250,1,4000,0.06006089846293131,0.01146801872732957,0.01456292470296224,0.0022428908157700674,kbest,9,dt,9,standard,"['car_age', 'mileage', 'tax', 'mpg']",2,"['car_age', 'mileage', 'engineSize']",z_score,70,"['car_age', 'mileage', 'tax', 'mpg', 'engineSize']","['tax', 'mpg']",0.15,0.5,"DecisionTreeRegressor(max_depth=10, max_features='sqrt', min_samples_leaf=4,
                      min_samples_split=10, random_state=42)",minmax,14,iterative,target,"{'selector__selection_method': 'kbest', 'selector__n_features_to_select': 9, 'selector__model_name': 'dt', 'selector__k': 9, 'scaler__scaler_name': 'standard', 'outlier_remover__z_columns': ['car_age', 'mileage', 'tax', 'mpg'], 'outlier_remover__threshold': 2, 'outlier_remover__sev_outliers_cols': ['car_age', 'mileage', 'engineSize'], 'outlier_remover__outlier_method': 'z_score', 'outlier_remover__n_neighbors': 70, 'outlier_remover__model_columns': ['car_age', 'mileage', 'tax', 'mpg', 'engineSize'], 'outlier_remover__mod_outliers_cols': ['tax', 'mpg'], 'outlier_remover__contamination_LOF': 0.15, 'outlier_remover__contamination_IF': 0.5, 'model': DecisionTreeRegressor(max_depth=10, max_features='sqrt', min_samples_leaf=4,
                      min_samples_split=10, random_state=42), 'imputer__knn_scaling_method': 'minmax', 'imputer__knn_neighbors': 14, 'imputer__imputation_method': 'iterative', 'encoder__method': 'target'}",-2669.5988473412785,-2737.580752500998,-2597.84848098749,-2668.342693609922,57.05237574503391,92,-2149.3963736489663,-2002.0226450119292,-1941.5083723618218,-2030.9757970075725,87.30432989511677
251,1,4000,0.061992645263671875,0.006972664162676456,0.007834752400716146,0.0016165523072786668,kbest,6,dt,7,minmax,"['car_age', 'mileage', 'tax', 'mpg']",3,"['car_age', 'mileage']",IQR,70,"['car_age', 'mileage', 'tax', 'mpg']","['tax', 'mpg']",0.05,0.3,"DecisionTreeRegressor(max_depth=10, max_features='sqrt', min_samples_leaf=4,
                      min_samples_split=10, random_state=42)",robust,14,iterative,target,"{'selector__selection_method': 'kbest', 'selector__n_features_to_select': 6, 'selector__model_name': 'dt', 'selector__k': 7, 'scaler__scaler_name': 'minmax', 'outlier_remover__z_columns': ['car_age', 'mileage', 'tax', 'mpg'], 'outlier_remover__threshold': 3, 'outlier_remover__sev_outliers_cols': ['car_age', 'mileage'], 'outlier_remover__outlier_method': 'IQR', 'outlier_remover__n_neighbors': 70, 'outlier_remover__model_columns': ['car_age', 'mileage', 'tax', 'mpg'], 'outlier_remover__mod_outliers_cols': ['tax', 'mpg'], 'outlier_remover__contamination_LOF': 0.05, 'outlier_remover__contamination_IF': 0.3, 'model': DecisionTreeRegressor(max_depth=10, max_features='sqrt', min_samples_leaf=4,
                      min_samples_split=10, random_state=42), 'imputer__knn_scaling_method': 'robust', 'imputer__knn_neighbors': 14, 'imputer__imputation_method': 'iterative', 'encoder__method': 'target'}",-2858.4529080742877,-2847.6097507091054,-2590.7534755393403,-2765.6053781075775,123.71818618459949,122,-2169.3062857342325,-2158.959762141128,-2006.7035898655479,-2111.656545913636,74.33305624031894
252,1,4000,0.06325300534566243,0.007818232026854716,0.007047176361083984,0.000963544256820193,kbest,5,dt,7,minmax,"['car_age', 'mileage', 'tax', 'mpg']",2,"['car_age', 'mileage', 'engineSize']",IQR,90,"['tax', 'mpg']","['tax', 'mpg']",0.3,0.05,"DecisionTreeRegressor(max_depth=10, max_features='sqrt', min_samples_leaf=4,
                      min_samples_split=10, random_state=42)",robust,11,iterative,target,"{'selector__selection_method': 'kbest', 'selector__n_features_to_select': 5, 'selector__model_name': 'dt', 'selector__k': 7, 'scaler__scaler_name': 'minmax', 'outlier_remover__z_columns': ['car_age', 'mileage', 'tax', 'mpg'], 'outlier_remover__threshold': 2, 'outlier_remover__sev_outliers_cols': ['car_age', 'mileage', 'engineSize'], 'outlier_remover__outlier_method': 'IQR', 'outlier_remover__n_neighbors': 90, 'outlier_remover__model_columns': ['tax', 'mpg'], 'outlier_remover__mod_outliers_cols': ['tax', 'mpg'], 'outlier_remover__contamination_LOF': 0.3, 'outlier_remover__contamination_IF': 0.05, 'model': DecisionTreeRegressor(max_depth=10, max_features='sqrt', min_samples_leaf=4,
                      min_samples_split=10, random_state=42), 'imputer__knn_scaling_method': 'robust', 'imputer__knn_neighbors': 11, 'imputer__imputation_method': 'iterative', 'encoder__method': 'target'}",-2858.4529080742877,-2847.8354138225886,-2593.304113198755,-2766.530811698544,122.56644347971356,124,-2169.3062857342325,-2158.959762141128,-2006.7035898655479,-2111.656545913636,74.33305624031894
253,1,4000,0.1811972459157308,0.0277047615645773,0.00963735580444336,0.0027770858612458206,rfe,9,dt,9,minmax,"['car_age', 'mileage', 'tax', 'mpg']",2,"['car_age', 'mileage']",LOF,100,"['tax', 'mpg']","['tax', 'mpg']",0.05,0.5,"DecisionTreeRegressor(max_depth=10, max_features='sqrt', min_samples_leaf=4,
                      min_samples_split=10, random_state=42)",standard,11,iterative,target,"{'selector__selection_method': 'rfe', 'selector__n_features_to_select': 9, 'selector__model_name': 'dt', 'selector__k': 9, 'scaler__scaler_name': 'minmax', 'outlier_remover__z_columns': ['car_age', 'mileage', 'tax', 'mpg'], 'outlier_remover__threshold': 2, 'outlier_remover__sev_outliers_cols': ['car_age', 'mileage'], 'outlier_remover__outlier_method': 'LOF', 'outlier_remover__n_neighbors': 100, 'outlier_remover__model_columns': ['tax', 'mpg'], 'outlier_remover__mod_outliers_cols': ['tax', 'mpg'], 'outlier_remover__contamination_LOF': 0.05, 'outlier_remover__contamination_IF': 0.5, 'model': DecisionTreeRegressor(max_depth=10, max_features='sqrt', min_samples_leaf=4,
                      min_samples_split=10, random_state=42), 'imputer__knn_scaling_method': 'standard', 'imputer__knn_neighbors': 11, 'imputer__imputation_method': 'iterative', 'encoder__method': 'target'}",-2906.8896083469285,-2687.8697302077553,-2704.477952224526,-2766.412430259737,99.56350212182868,123,-1997.0182804972253,-2042.943211844608,-2060.324959056354,-2033.4288171327291,26.70613746684816
254,1,4000,0.028226057688395183,0.006835159203560813,0.015915075937906902,0.013594742752582312,kbest,8,dt,9,standard,"['car_age', 'mileage', 'tax', 'mpg']",2,"['car_age', 'mileage', 'engineSize']",IQR,100,"['car_age', 'mileage', 'tax', 'mpg', 'engineSize']","['car_age', 'mileage', 'tax', 'mpg']",0.05,0.5,"DecisionTreeRegressor(max_depth=10, max_features='sqrt', min_samples_leaf=4,
                      min_samples_split=10, random_state=42)",minmax,10,simple,target,"{'selector__selection_method': 'kbest', 'selector__n_features_to_select': 8, 'selector__model_name': 'dt', 'selector__k': 9, 'scaler__scaler_name': 'standard', 'outlier_remover__z_columns': ['car_age', 'mileage', 'tax', 'mpg'], 'outlier_remover__threshold': 2, 'outlier_remover__sev_outliers_cols': ['car_age', 'mileage', 'engineSize'], 'outlier_remover__outlier_method': 'IQR', 'outlier_remover__n_neighbors': 100, 'outlier_remover__model_columns': ['car_age', 'mileage', 'tax', 'mpg', 'engineSize'], 'outlier_remover__mod_outliers_cols': ['car_age', 'mileage', 'tax', 'mpg'], 'outlier_remover__contamination_LOF': 0.05, 'outlier_remover__contamination_IF': 0.5, 'model': DecisionTreeRegressor(max_depth=10, max_features='sqrt', min_samples_leaf=4,
                      min_samples_split=10, random_state=42), 'imputer__knn_scaling_method': 'minmax', 'imputer__knn_neighbors': 10, 'imputer__imputation_method': 'simple', 'encoder__method': 'target'}",-2816.394118641766,-2708.928968028319,-2650.6451598892286,-2725.3227488531047,68.65248900166652,103,-2087.0125275562314,-2066.5183509300987,-1989.0391932758528,-2047.523357254061,42.192423459417746
255,1,4000,0.3214399814605713,0.014966383902505669,0.15172306696573892,0.011982710563562824,model,8,dt,10,robust,"['car_age', 'mileage', 'tax', 'mpg']",3,"['car_age', 'mileage']",LOF,30,"['car_age', 'mileage', 'tax', 'mpg', 'engineSize']","['tax', 'mpg']",0.15,0.3,"DecisionTreeRegressor(max_depth=10, max_features='sqrt', min_samples_leaf=4,
                      min_samples_split=10, random_state=42)",standard,16,knn_modelwise,target,"{'selector__selection_method': 'model', 'selector__n_features_to_select': 8, 'selector__model_name': 'dt', 'selector__k': 10, 'scaler__scaler_name': 'robust', 'outlier_remover__z_columns': ['car_age', 'mileage', 'tax', 'mpg'], 'outlier_remover__threshold': 3, 'outlier_remover__sev_outliers_cols': ['car_age', 'mileage'], 'outlier_remover__outlier_method': 'LOF', 'outlier_remover__n_neighbors': 30, 'outlier_remover__model_columns': ['car_age', 'mileage', 'tax', 'mpg', 'engineSize'], 'outlier_remover__mod_outliers_cols': ['tax', 'mpg'], 'outlier_remover__contamination_LOF': 0.15, 'outlier_remover__contamination_IF': 0.3, 'model': DecisionTreeRegressor(max_depth=10, max_features='sqrt', min_samples_leaf=4,
                      min_samples_split=10, random_state=42), 'imputer__knn_scaling_method': 'standard', 'imputer__knn_neighbors': 16, 'imputer__imputation_method': 'knn_modelwise', 'encoder__method': 'target'}",-2943.9841521005606,-2941.0105140336123,-2701.961035560302,-2862.3185672314917,113.39639648476695,146,-2262.0628718462885,-2233.076607677149,-2262.8670174625386,-2252.6688323286585,13.857684093177479
256,1,4000,0.32602492968241376,0.0325299677843918,0.1598360538482666,0.01721603844997374,kbest,5,dt,7,standard,"['car_age', 'mileage', 'tax', 'mpg']",2,"['car_age', 'mileage']",IQR,90,"['car_age', 'mileage', 'tax', 'mpg']","['tax', 'mpg']",0.5,0.3,"DecisionTreeRegressor(max_depth=10, max_features='sqrt', min_samples_leaf=4,
                      min_samples_split=10, random_state=42)",standard,18,knn_modelwise,target,"{'selector__selection_method': 'kbest', 'selector__n_features_to_select': 5, 'selector__model_name': 'dt', 'selector__k': 7, 'scaler__scaler_name': 'standard', 'outlier_remover__z_columns': ['car_age', 'mileage', 'tax', 'mpg'], 'outlier_remover__threshold': 2, 'outlier_remover__sev_outliers_cols': ['car_age', 'mileage'], 'outlier_remover__outlier_method': 'IQR', 'outlier_remover__n_neighbors': 90, 'outlier_remover__model_columns': ['car_age', 'mileage', 'tax', 'mpg'], 'outlier_remover__mod_outliers_cols': ['tax', 'mpg'], 'outlier_remover__contamination_LOF': 0.5, 'outlier_remover__contamination_IF': 0.3, 'model': DecisionTreeRegressor(max_depth=10, max_features='sqrt', min_samples_leaf=4,
                      min_samples_split=10, random_state=42), 'imputer__knn_scaling_method': 'standard', 'imputer__knn_neighbors': 18, 'imputer__imputation_method': 'knn_modelwise', 'encoder__method': 'target'}",-2941.803920556338,-2603.9674576769135,-2597.03362658992,-2714.2683349410577,160.91685543441866,101,-2100.158465260335,-2044.3100930122039,-2033.3191873421308,-2059.2625818715564,29.26379971311015
257,1,4000,0.09736037254333496,0.015310595250373704,0.008436441421508789,0.002702711715722609,rfe,9,dt,5,standard,"['car_age', 'mileage', 'tax', 'mpg']",2,"['car_age', 'mileage', 'engineSize']",IQR,70,"['car_age', 'mileage', 'tax', 'mpg', 'engineSize']","['car_age', 'mileage', 'tax', 'mpg']",0.5,0.15,"DecisionTreeRegressor(max_depth=10, max_features='sqrt', min_samples_leaf=4,
                      min_samples_split=10, random_state=42)",robust,19,iterative,target,"{'selector__selection_method': 'rfe', 'selector__n_features_to_select': 9, 'selector__model_name': 'dt', 'selector__k': 5, 'scaler__scaler_name': 'standard', 'outlier_remover__z_columns': ['car_age', 'mileage', 'tax', 'mpg'], 'outlier_remover__threshold': 2, 'outlier_remover__sev_outliers_cols': ['car_age', 'mileage', 'engineSize'], 'outlier_remover__outlier_method': 'IQR', 'outlier_remover__n_neighbors': 70, 'outlier_remover__model_columns': ['car_age', 'mileage', 'tax', 'mpg', 'engineSize'], 'outlier_remover__mod_outliers_cols': ['car_age', 'mileage', 'tax', 'mpg'], 'outlier_remover__contamination_LOF': 0.5, 'outlier_remover__contamination_IF': 0.15, 'model': DecisionTreeRegressor(max_depth=10, max_features='sqrt', min_samples_leaf=4,
                      min_samples_split=10, random_state=42), 'imputer__knn_scaling_method': 'robust', 'imputer__knn_neighbors': 19, 'imputer__imputation_method': 'iterative', 'encoder__method': 'target'}",-2861.628772726968,-2781.637792899632,-2747.2217226199336,-2796.829429415511,47.92586388420695,132,-2077.8439970614,-2069.1681457915574,-2063.1360231932304,-2070.0493886820627,6.036752195275158
258,1,4000,0.32238340377807617,0.009556590321465422,0.14226436614990234,0.009333635774392314,rfe,10,dt,6,robust,"['car_age', 'mileage', 'tax', 'mpg']",3,"['car_age', 'mileage']",IQR,50,"['car_age', 'mileage', 'tax', 'mpg']","['tax', 'mpg']",0.15,0.3,"DecisionTreeRegressor(max_depth=10, max_features='sqrt', min_samples_leaf=4,
                      min_samples_split=10, random_state=42)",robust,17,knn_modelwise,target,"{'selector__selection_method': 'rfe', 'selector__n_features_to_select': 10, 'selector__model_name': 'dt', 'selector__k': 6, 'scaler__scaler_name': 'robust', 'outlier_remover__z_columns': ['car_age', 'mileage', 'tax', 'mpg'], 'outlier_remover__threshold': 3, 'outlier_remover__sev_outliers_cols': ['car_age', 'mileage'], 'outlier_remover__outlier_method': 'IQR', 'outlier_remover__n_neighbors': 50, 'outlier_remover__model_columns': ['car_age', 'mileage', 'tax', 'mpg'], 'outlier_remover__mod_outliers_cols': ['tax', 'mpg'], 'outlier_remover__contamination_LOF': 0.15, 'outlier_remover__contamination_IF': 0.3, 'model': DecisionTreeRegressor(max_depth=10, max_features='sqrt', min_samples_leaf=4,
                      min_samples_split=10, random_state=42), 'imputer__knn_scaling_method': 'robust', 'imputer__knn_neighbors': 17, 'imputer__imputation_method': 'knn_modelwise', 'encoder__method': 'target'}",-2805.5882636214446,-2657.922114141155,-2720.922735187786,-2728.1443709834616,60.50034128420465,105,-2136.6186665247064,-2056.3685722684645,-1991.7191013972574,-2061.5687800634764,59.26917475587927
259,1,4000,0.13292320569356283,0.026094602197223586,0.01076650619506836,0.0033317223554609724,kbest,8,dt,9,standard,"['car_age', 'mileage', 'tax', 'mpg']",3,"['car_age', 'mileage', 'engineSize']",LOF,100,"['tax', 'mpg']","['car_age', 'mileage', 'tax', 'mpg']",0.15,0.3,"DecisionTreeRegressor(max_depth=10, max_features='sqrt', min_samples_leaf=4,
                      min_samples_split=10, random_state=42)",robust,16,iterative,target,"{'selector__selection_method': 'kbest', 'selector__n_features_to_select': 8, 'selector__model_name': 'dt', 'selector__k': 9, 'scaler__scaler_name': 'standard', 'outlier_remover__z_columns': ['car_age', 'mileage', 'tax', 'mpg'], 'outlier_remover__threshold': 3, 'outlier_remover__sev_outliers_cols': ['car_age', 'mileage', 'engineSize'], 'outlier_remover__outlier_method': 'LOF', 'outlier_remover__n_neighbors': 100, 'outlier_remover__model_columns': ['tax', 'mpg'], 'outlier_remover__mod_outliers_cols': ['car_age', 'mileage', 'tax', 'mpg'], 'outlier_remover__contamination_LOF': 0.15, 'outlier_remover__contamination_IF': 0.3, 'model': DecisionTreeRegressor(max_depth=10, max_features='sqrt', min_samples_leaf=4,
                      min_samples_split=10, random_state=42), 'imputer__knn_scaling_method': 'robust', 'imputer__knn_neighbors': 16, 'imputer__imputation_method': 'iterative', 'encoder__method': 'target'}",-2716.6647794771898,-2935.496558055636,-2535.1035042732046,-2729.08828060201,163.69566663874363,106,-2121.9436095068722,-2097.329218152791,-2042.1815311567032,-2087.1514529387887,33.34853784149205
260,1,4000,0.09541519482930501,0.013698258107770329,0.008203347524007162,0.0016630340417079542,model,6,dt,10,standard,"['car_age', 'mileage', 'tax', 'mpg']",2,"['car_age', 'mileage']",LOF,30,"['tax', 'mpg']","['tax', 'mpg']",0.15,0.05,"DecisionTreeRegressor(max_depth=10, max_features='sqrt', min_samples_leaf=4,
                      min_samples_split=10, random_state=42)",standard,18,iterative,target,"{'selector__selection_method': 'model', 'selector__n_features_to_select': 6, 'selector__model_name': 'dt', 'selector__k': 10, 'scaler__scaler_name': 'standard', 'outlier_remover__z_columns': ['car_age', 'mileage', 'tax', 'mpg'], 'outlier_remover__threshold': 2, 'outlier_remover__sev_outliers_cols': ['car_age', 'mileage'], 'outlier_remover__outlier_method': 'LOF', 'outlier_remover__n_neighbors': 30, 'outlier_remover__model_columns': ['tax', 'mpg'], 'outlier_remover__mod_outliers_cols': ['tax', 'mpg'], 'outlier_remover__contamination_LOF': 0.15, 'outlier_remover__contamination_IF': 0.05, 'model': DecisionTreeRegressor(max_depth=10, max_features='sqrt', min_samples_leaf=4,
                      min_samples_split=10, random_state=42), 'imputer__knn_scaling_method': 'standard', 'imputer__knn_neighbors': 18, 'imputer__imputation_method': 'iterative', 'encoder__method': 'target'}",-3067.0300415988636,-2679.026165168882,-2794.812887412848,-2846.9563647268646,162.63652460004408,142,-2331.4016096510386,-2278.7662503617003,-2125.709278050172,-2245.2923793543036,87.24566407570093
261,1,4000,0.033309380213419594,0.00037454520876942796,0.00492095947265625,0.00028197013180459413,kbest,9,dt,10,robust,"['car_age', 'mileage', 'tax', 'mpg']",3,"['car_age', 'mileage', 'engineSize']",IQR,30,"['car_age', 'mileage', 'tax', 'mpg']","['tax', 'mpg']",0.3,0.15,"DecisionTreeRegressor(max_depth=10, max_features='sqrt', min_samples_leaf=4,
                      min_samples_split=10, random_state=42)",minmax,14,simple,freq,"{'selector__selection_method': 'kbest', 'selector__n_features_to_select': 9, 'selector__model_name': 'dt', 'selector__k': 10, 'scaler__scaler_name': 'robust', 'outlier_remover__z_columns': ['car_age', 'mileage', 'tax', 'mpg'], 'outlier_remover__threshold': 3, 'outlier_remover__sev_outliers_cols': ['car_age', 'mileage', 'engineSize'], 'outlier_remover__outlier_method': 'IQR', 'outlier_remover__n_neighbors': 30, 'outlier_remover__model_columns': ['car_age', 'mileage', 'tax', 'mpg'], 'outlier_remover__mod_outliers_cols': ['tax', 'mpg'], 'outlier_remover__contamination_LOF': 0.3, 'outlier_remover__contamination_IF': 0.15, 'model': DecisionTreeRegressor(max_depth=10, max_features='sqrt', min_samples_leaf=4,
                      min_samples_split=10, random_state=42), 'imputer__knn_scaling_method': 'minmax', 'imputer__knn_neighbors': 14, 'imputer__imputation_method': 'simple', 'encoder__method': 'freq'}",-3325.97506639776,-2998.1273748354383,-3090.8610900981507,-3138.32117711045,137.9864053934229,221,-2378.928514741664,-2386.821543071278,-2351.875379341533,-2372.541812384825,14.964425929576562
262,1,4000,0.03240426381429037,0.0011030045269594798,0.005638996760050456,0.0006938323751285118,kbest,10,dt,10,minmax,"['car_age', 'mileage', 'tax', 'mpg']",2,"['car_age', 'mileage', 'engineSize']",IQR,70,"['tax', 'mpg']","['tax', 'mpg']",0.3,0.05,"DecisionTreeRegressor(max_depth=10, max_features='sqrt', min_samples_leaf=4,
                      min_samples_split=10, random_state=42)",robust,13,simple,freq,"{'selector__selection_method': 'kbest', 'selector__n_features_to_select': 10, 'selector__model_name': 'dt', 'selector__k': 10, 'scaler__scaler_name': 'minmax', 'outlier_remover__z_columns': ['car_age', 'mileage', 'tax', 'mpg'], 'outlier_remover__threshold': 2, 'outlier_remover__sev_outliers_cols': ['car_age', 'mileage', 'engineSize'], 'outlier_remover__outlier_method': 'IQR', 'outlier_remover__n_neighbors': 70, 'outlier_remover__model_columns': ['tax', 'mpg'], 'outlier_remover__mod_outliers_cols': ['tax', 'mpg'], 'outlier_remover__contamination_LOF': 0.3, 'outlier_remover__contamination_IF': 0.05, 'model': DecisionTreeRegressor(max_depth=10, max_features='sqrt', min_samples_leaf=4,
                      min_samples_split=10, random_state=42), 'imputer__knn_scaling_method': 'robust', 'imputer__knn_neighbors': 13, 'imputer__imputation_method': 'simple', 'encoder__method': 'freq'}",-3325.97506639776,-2996.902643648273,-3099.444450481947,-3140.774053509327,137.48519173194586,223,-2378.928514741664,-2386.821543071278,-2351.875379341533,-2372.541812384825,14.964425929576562
263,1,4000,0.0321043332417806,0.004056291669886259,0.005080302556355794,0.0004464705756115513,kbest,10,dt,8,minmax,"['car_age', 'mileage', 'tax', 'mpg']",2,"['car_age', 'mileage']",IQR,70,"['tax', 'mpg']","['car_age', 'mileage', 'tax', 'mpg']",0.3,0.15,"DecisionTreeRegressor(max_depth=10, max_features='sqrt', min_samples_leaf=4,
                      min_samples_split=10, random_state=42)",minmax,13,simple,target,"{'selector__selection_method': 'kbest', 'selector__n_features_to_select': 10, 'selector__model_name': 'dt', 'selector__k': 8, 'scaler__scaler_name': 'minmax', 'outlier_remover__z_columns': ['car_age', 'mileage', 'tax', 'mpg'], 'outlier_remover__threshold': 2, 'outlier_remover__sev_outliers_cols': ['car_age', 'mileage'], 'outlier_remover__outlier_method': 'IQR', 'outlier_remover__n_neighbors': 70, 'outlier_remover__model_columns': ['tax', 'mpg'], 'outlier_remover__mod_outliers_cols': ['car_age', 'mileage', 'tax', 'mpg'], 'outlier_remover__contamination_LOF': 0.3, 'outlier_remover__contamination_IF': 0.15, 'model': DecisionTreeRegressor(max_depth=10, max_features='sqrt', min_samples_leaf=4,
                      min_samples_split=10, random_state=42), 'imputer__knn_scaling_method': 'minmax', 'imputer__knn_neighbors': 13, 'imputer__imputation_method': 'simple', 'encoder__method': 'target'}",-2819.741322069615,-2807.866744976349,-2861.381416468107,-2829.6631611713565,22.946127989827882,140,-2130.4865701054628,-2242.7224609935874,-2231.656352079953,-2201.621794393001,50.50267182668587
264,1,4000,0.02800122896830241,0.0024347991168335407,0.004838387171427409,0.00010318142288403694,kbest,7,dt,8,robust,"['car_age', 'mileage', 'tax', 'mpg']",3,"['car_age', 'mileage', 'engineSize']",IQR,70,"['car_age', 'mileage', 'tax', 'mpg', 'engineSize']","['car_age', 'mileage', 'tax', 'mpg']",0.5,0.3,"DecisionTreeRegressor(max_depth=10, max_features='sqrt', min_samples_leaf=4,
                      min_samples_split=10, random_state=42)",standard,11,simple,target,"{'selector__selection_method': 'kbest', 'selector__n_features_to_select': 7, 'selector__model_name': 'dt', 'selector__k': 8, 'scaler__scaler_name': 'robust', 'outlier_remover__z_columns': ['car_age', 'mileage', 'tax', 'mpg'], 'outlier_remover__threshold': 3, 'outlier_remover__sev_outliers_cols': ['car_age', 'mileage', 'engineSize'], 'outlier_remover__outlier_method': 'IQR', 'outlier_remover__n_neighbors': 70, 'outlier_remover__model_columns': ['car_age', 'mileage', 'tax', 'mpg', 'engineSize'], 'outlier_remover__mod_outliers_cols': ['car_age', 'mileage', 'tax', 'mpg'], 'outlier_remover__contamination_LOF': 0.5, 'outlier_remover__contamination_IF': 0.3, 'model': DecisionTreeRegressor(max_depth=10, max_features='sqrt', min_samples_leaf=4,
                      min_samples_split=10, random_state=42), 'imputer__knn_scaling_method': 'standard', 'imputer__knn_neighbors': 11, 'imputer__imputation_method': 'simple', 'encoder__method': 'target'}",-2819.741322069615,-2808.079806292118,-2861.381416468107,-2829.734181609947,22.878787018879514,141,-2130.4865701054628,-2242.7224609935874,-2231.656352079953,-2201.621794393001,50.50267182668587
265,1,4000,0.4484081268310547,0.03024851217514561,0.1623361905415853,0.026923131692679275,rfe,6,dt,5,standard,"['car_age', 'mileage', 'tax', 'mpg']",3,"['car_age', 'mileage']",Isolation_Forest,90,"['car_age', 'mileage', 'tax', 'mpg']","['car_age', 'mileage', 'tax', 'mpg']",0.05,0.05,"DecisionTreeRegressor(max_depth=10, max_features='sqrt', min_samples_leaf=4,
                      min_samples_split=10, random_state=42)",minmax,18,knn_modelwise,target,"{'selector__selection_method': 'rfe', 'selector__n_features_to_select': 6, 'selector__model_name': 'dt', 'selector__k': 5, 'scaler__scaler_name': 'standard', 'outlier_remover__z_columns': ['car_age', 'mileage', 'tax', 'mpg'], 'outlier_remover__threshold': 3, 'outlier_remover__sev_outliers_cols': ['car_age', 'mileage'], 'outlier_remover__outlier_method': 'Isolation_Forest', 'outlier_remover__n_neighbors': 90, 'outlier_remover__model_columns': ['car_age', 'mileage', 'tax', 'mpg'], 'outlier_remover__mod_outliers_cols': ['car_age', 'mileage', 'tax', 'mpg'], 'outlier_remover__contamination_LOF': 0.05, 'outlier_remover__contamination_IF': 0.05, 'model': DecisionTreeRegressor(max_depth=10, max_features='sqrt', min_samples_leaf=4,
                      min_samples_split=10, random_state=42), 'imputer__knn_scaling_method': 'minmax', 'imputer__knn_neighbors': 18, 'imputer__imputation_method': 'knn_modelwise', 'encoder__method': 'target'}",-2765.2457110878026,-2814.603624085482,-2618.60394235615,-2732.8177591764784,83.2372026535099,108,-2101.585502972788,-2103.1824670762653,-2067.739446479601,-2090.835805509552,16.344600003614378
266,1,4000,0.03866497675577799,0.0036005112577746777,0.007421096165974935,0.0008168544188826383,model,7,dt,10,robust,"['car_age', 'mileage', 'tax', 'mpg']",2,"['car_age', 'mileage', 'engineSize']",z_score,70,"['tax', 'mpg']","['tax', 'mpg']",0.15,0.5,"DecisionTreeRegressor(max_depth=10, max_features='sqrt', min_samples_leaf=4,
                      min_samples_split=10, random_state=42)",standard,11,simple,target,"{'selector__selection_method': 'model', 'selector__n_features_to_select': 7, 'selector__model_name': 'dt', 'selector__k': 10, 'scaler__scaler_name': 'robust', 'outlier_remover__z_columns': ['car_age', 'mileage', 'tax', 'mpg'], 'outlier_remover__threshold': 2, 'outlier_remover__sev_outliers_cols': ['car_age', 'mileage', 'engineSize'], 'outlier_remover__outlier_method': 'z_score', 'outlier_remover__n_neighbors': 70, 'outlier_remover__model_columns': ['tax', 'mpg'], 'outlier_remover__mod_outliers_cols': ['tax', 'mpg'], 'outlier_remover__contamination_LOF': 0.15, 'outlier_remover__contamination_IF': 0.5, 'model': DecisionTreeRegressor(max_depth=10, max_features='sqrt', min_samples_leaf=4,
                      min_samples_split=10, random_state=42), 'imputer__knn_scaling_method': 'standard', 'imputer__knn_neighbors': 11, 'imputer__imputation_method': 'simple', 'encoder__method': 'target'}",-2797.08575756171,-2908.332380920646,-2717.420433033439,-2807.6128571719314,78.294136992815,136,-2063.8055833293047,-2145.9512427869286,-2060.955765202407,-2090.237530439547,39.41271938079725
267,1,4000,0.04426765441894531,0.0018365257020834407,0.007777293523152669,0.0021812343599751736,rfe,10,dt,5,standard,"['car_age', 'mileage', 'tax', 'mpg']",3,"['car_age', 'mileage', 'engineSize']",IQR,100,"['car_age', 'mileage', 'tax', 'mpg']","['tax', 'mpg']",0.5,0.05,"DecisionTreeRegressor(max_depth=10, max_features='sqrt', min_samples_leaf=4,
                      min_samples_split=10, random_state=42)",robust,18,simple,target,"{'selector__selection_method': 'rfe', 'selector__n_features_to_select': 10, 'selector__model_name': 'dt', 'selector__k': 5, 'scaler__scaler_name': 'standard', 'outlier_remover__z_columns': ['car_age', 'mileage', 'tax', 'mpg'], 'outlier_remover__threshold': 3, 'outlier_remover__sev_outliers_cols': ['car_age', 'mileage', 'engineSize'], 'outlier_remover__outlier_method': 'IQR', 'outlier_remover__n_neighbors': 100, 'outlier_remover__model_columns': ['car_age', 'mileage', 'tax', 'mpg'], 'outlier_remover__mod_outliers_cols': ['tax', 'mpg'], 'outlier_remover__contamination_LOF': 0.5, 'outlier_remover__contamination_IF': 0.05, 'model': DecisionTreeRegressor(max_depth=10, max_features='sqrt', min_samples_leaf=4,
                      min_samples_split=10, random_state=42), 'imputer__knn_scaling_method': 'robust', 'imputer__knn_neighbors': 18, 'imputer__imputation_method': 'simple', 'encoder__method': 'target'}",-2780.9023120488746,-2946.919454601974,-2716.9174069512896,-2814.9130578673794,96.92878349326072,138,-2141.6971044713446,-2192.7316100268085,-2052.9817766561873,-2129.1368303847803,57.73978608450338
268,1,4000,0.02682034174601237,0.00546984559643845,0.006958961486816406,0.0017475213046160305,kbest,10,dt,10,standard,"['car_age', 'mileage', 'tax', 'mpg']",2,"['car_age', 'mileage']",z_score,100,"['tax', 'mpg']","['car_age', 'mileage', 'tax', 'mpg']",0.05,0.05,"DecisionTreeRegressor(max_depth=10, max_features='sqrt', min_samples_leaf=4,
                      min_samples_split=10, random_state=42)",standard,14,simple,target,"{'selector__selection_method': 'kbest', 'selector__n_features_to_select': 10, 'selector__model_name': 'dt', 'selector__k': 10, 'scaler__scaler_name': 'standard', 'outlier_remover__z_columns': ['car_age', 'mileage', 'tax', 'mpg'], 'outlier_remover__threshold': 2, 'outlier_remover__sev_outliers_cols': ['car_age', 'mileage'], 'outlier_remover__outlier_method': 'z_score', 'outlier_remover__n_neighbors': 100, 'outlier_remover__model_columns': ['tax', 'mpg'], 'outlier_remover__mod_outliers_cols': ['car_age', 'mileage', 'tax', 'mpg'], 'outlier_remover__contamination_LOF': 0.05, 'outlier_remover__contamination_IF': 0.05, 'model': DecisionTreeRegressor(max_depth=10, max_features='sqrt', min_samples_leaf=4,
                      min_samples_split=10, random_state=42), 'imputer__knn_scaling_method': 'standard', 'imputer__knn_neighbors': 14, 'imputer__imputation_method': 'simple', 'encoder__method': 'target'}",-2797.08575756171,-2906.0446344895936,-2718.7388221925657,-2807.28973808129,76.80693433926969,135,-2063.8055833293047,-2145.9512427869286,-2060.955765202407,-2090.237530439547,39.41271938079725
269,1,4000,0.07440765698750813,0.0024353311429971707,0.00484768549601237,0.00019548872891292758,rfe,9,dt,8,robust,"['car_age', 'mileage', 'tax', 'mpg']",3,"['car_age', 'mileage', 'engineSize']",LOF,70,"['car_age', 'mileage', 'tax', 'mpg', 'engineSize']","['tax', 'mpg']",0.05,0.5,"DecisionTreeRegressor(max_depth=10, max_features='sqrt', min_samples_leaf=4,
                      min_samples_split=10, random_state=42)",standard,12,simple,target,"{'selector__selection_method': 'rfe', 'selector__n_features_to_select': 9, 'selector__model_name': 'dt', 'selector__k': 8, 'scaler__scaler_name': 'robust', 'outlier_remover__z_columns': ['car_age', 'mileage', 'tax', 'mpg'], 'outlier_remover__threshold': 3, 'outlier_remover__sev_outliers_cols': ['car_age', 'mileage', 'engineSize'], 'outlier_remover__outlier_method': 'LOF', 'outlier_remover__n_neighbors': 70, 'outlier_remover__model_columns': ['car_age', 'mileage', 'tax', 'mpg', 'engineSize'], 'outlier_remover__mod_outliers_cols': ['tax', 'mpg'], 'outlier_remover__contamination_LOF': 0.05, 'outlier_remover__contamination_IF': 0.5, 'model': DecisionTreeRegressor(max_depth=10, max_features='sqrt', min_samples_leaf=4,
                      min_samples_split=10, random_state=42), 'imputer__knn_scaling_method': 'standard', 'imputer__knn_neighbors': 12, 'imputer__imputation_method': 'simple', 'encoder__method': 'target'}",-2938.7777851500277,-2748.1704895154453,-2698.8176896569375,-2795.2553214408035,103.46641292497667,130,-2199.789395946602,-2114.502607094166,-2042.7443839561593,-2119.0121289989756,64.19260491482923
270,1,4000,0.33165232340494794,0.01428281093865582,0.15074666341145834,0.012020833068460798,model,8,dt,10,robust,"['car_age', 'mileage', 'tax', 'mpg']",3,"['car_age', 'mileage', 'engineSize']",z_score,100,"['car_age', 'mileage', 'tax', 'mpg']","['tax', 'mpg']",0.5,0.5,"DecisionTreeRegressor(max_depth=10, max_features='sqrt', min_samples_leaf=4,
                      min_samples_split=10, random_state=42)",robust,18,knn_modelwise,target,"{'selector__selection_method': 'model', 'selector__n_features_to_select': 8, 'selector__model_name': 'dt', 'selector__k': 10, 'scaler__scaler_name': 'robust', 'outlier_remover__z_columns': ['car_age', 'mileage', 'tax', 'mpg'], 'outlier_remover__threshold': 3, 'outlier_remover__sev_outliers_cols': ['car_age', 'mileage', 'engineSize'], 'outlier_remover__outlier_method': 'z_score', 'outlier_remover__n_neighbors': 100, 'outlier_remover__model_columns': ['car_age', 'mileage', 'tax', 'mpg'], 'outlier_remover__mod_outliers_cols': ['tax', 'mpg'], 'outlier_remover__contamination_LOF': 0.5, 'outlier_remover__contamination_IF': 0.5, 'model': DecisionTreeRegressor(max_depth=10, max_features='sqrt', min_samples_leaf=4,
                      min_samples_split=10, random_state=42), 'imputer__knn_scaling_method': 'robust', 'imputer__knn_neighbors': 18, 'imputer__imputation_method': 'knn_modelwise', 'encoder__method': 'target'}",-2651.0850459969947,-2809.653268436145,-2751.8791966093313,-2737.53917034749,65.52453767747713,109,-1961.1432385986438,-2101.3811240493537,-2031.2718084555495,-2031.2653903678492,57.25187717339053
271,1,4000,0.13120595614115396,0.007039199028900229,0.007897297541300455,0.00287042969674764,rfe,6,dt,5,standard,"['car_age', 'mileage', 'tax', 'mpg']",3,"['car_age', 'mileage', 'engineSize']",LOF,30,"['car_age', 'mileage', 'tax', 'mpg']","['tax', 'mpg']",0.05,0.5,"DecisionTreeRegressor(max_depth=10, max_features='sqrt', min_samples_leaf=4,
                      min_samples_split=10, random_state=42)",robust,20,iterative,target,"{'selector__selection_method': 'rfe', 'selector__n_features_to_select': 6, 'selector__model_name': 'dt', 'selector__k': 5, 'scaler__scaler_name': 'standard', 'outlier_remover__z_columns': ['car_age', 'mileage', 'tax', 'mpg'], 'outlier_remover__threshold': 3, 'outlier_remover__sev_outliers_cols': ['car_age', 'mileage', 'engineSize'], 'outlier_remover__outlier_method': 'LOF', 'outlier_remover__n_neighbors': 30, 'outlier_remover__model_columns': ['car_age', 'mileage', 'tax', 'mpg'], 'outlier_remover__mod_outliers_cols': ['tax', 'mpg'], 'outlier_remover__contamination_LOF': 0.05, 'outlier_remover__contamination_IF': 0.5, 'model': DecisionTreeRegressor(max_depth=10, max_features='sqrt', min_samples_leaf=4,
                      min_samples_split=10, random_state=42), 'imputer__knn_scaling_method': 'robust', 'imputer__knn_neighbors': 20, 'imputer__imputation_method': 'iterative', 'encoder__method': 'target'}",-2810.117373001343,-2705.4218227284796,-2600.9196328235034,-2705.486276184442,85.40463195699516,98,-2173.644819856636,-2152.5599268203296,-2071.3053592217266,-2132.5033686328975,44.1213511843977
272,1,4000,0.030762195587158203,0.003312675394972545,0.005227088928222656,0.00020258126103791637,kbest,8,dt,6,standard,"['car_age', 'mileage', 'tax', 'mpg']",3,"['car_age', 'mileage']",IQR,70,"['car_age', 'mileage', 'tax', 'mpg', 'engineSize']","['car_age', 'mileage', 'tax', 'mpg']",0.15,0.5,"DecisionTreeRegressor(max_depth=10, max_features='sqrt', min_samples_leaf=4,
                      min_samples_split=10, random_state=42)",robust,10,simple,target,"{'selector__selection_method': 'kbest', 'selector__n_features_to_select': 8, 'selector__model_name': 'dt', 'selector__k': 6, 'scaler__scaler_name': 'standard', 'outlier_remover__z_columns': ['car_age', 'mileage', 'tax', 'mpg'], 'outlier_remover__threshold': 3, 'outlier_remover__sev_outliers_cols': ['car_age', 'mileage'], 'outlier_remover__outlier_method': 'IQR', 'outlier_remover__n_neighbors': 70, 'outlier_remover__model_columns': ['car_age', 'mileage', 'tax', 'mpg', 'engineSize'], 'outlier_remover__mod_outliers_cols': ['car_age', 'mileage', 'tax', 'mpg'], 'outlier_remover__contamination_LOF': 0.15, 'outlier_remover__contamination_IF': 0.5, 'model': DecisionTreeRegressor(max_depth=10, max_features='sqrt', min_samples_leaf=4,
                      min_samples_split=10, random_state=42), 'imputer__knn_scaling_method': 'robust', 'imputer__knn_neighbors': 10, 'imputer__imputation_method': 'simple', 'encoder__method': 'target'}",-2718.6419945180514,-2805.426663833782,-2737.596226460615,-2753.8882949374834,37.2555886501287,116,-2206.4442376272223,-2204.7803245016444,-2201.9903467390845,-2204.4049696226502,1.8375626020623974
273,1,4000,0.1702883243560791,0.015212718551468276,0.0120542844136556,0.004262956038179969,model,5,dt,6,minmax,"['car_age', 'mileage', 'tax', 'mpg']",2,"['car_age', 'mileage']",Isolation_Forest,30,"['tax', 'mpg']","['car_age', 'mileage', 'tax', 'mpg']",0.15,0.05,"DecisionTreeRegressor(max_depth=10, max_features='sqrt', min_samples_leaf=4,
                      min_samples_split=10, random_state=42)",standard,13,iterative,target,"{'selector__selection_method': 'model', 'selector__n_features_to_select': 5, 'selector__model_name': 'dt', 'selector__k': 6, 'scaler__scaler_name': 'minmax', 'outlier_remover__z_columns': ['car_age', 'mileage', 'tax', 'mpg'], 'outlier_remover__threshold': 2, 'outlier_remover__sev_outliers_cols': ['car_age', 'mileage'], 'outlier_remover__outlier_method': 'Isolation_Forest', 'outlier_remover__n_neighbors': 30, 'outlier_remover__model_columns': ['tax', 'mpg'], 'outlier_remover__mod_outliers_cols': ['car_age', 'mileage', 'tax', 'mpg'], 'outlier_remover__contamination_LOF': 0.15, 'outlier_remover__contamination_IF': 0.05, 'model': DecisionTreeRegressor(max_depth=10, max_features='sqrt', min_samples_leaf=4,
                      min_samples_split=10, random_state=42), 'imputer__knn_scaling_method': 'standard', 'imputer__knn_neighbors': 13, 'imputer__imputation_method': 'iterative', 'encoder__method': 'target'}",-2921.4442769550583,-2715.082524259007,-2762.3459065694424,-2799.6242359278363,88.27437764818355,133,-2253.679231685575,-2109.3187544311986,-2274.7227352218824,-2212.573573779552,73.51587379274612
274,1,4000,0.09155495961507161,0.01168917218556897,0.009653727213541666,0.0043780372657519885,rfe,8,dt,9,minmax,"['car_age', 'mileage', 'tax', 'mpg']",3,"['car_age', 'mileage', 'engineSize']",IQR,100,"['tax', 'mpg']","['tax', 'mpg']",0.3,0.05,"DecisionTreeRegressor(max_depth=10, max_features='sqrt', min_samples_leaf=4,
                      min_samples_split=10, random_state=42)",robust,17,iterative,target,"{'selector__selection_method': 'rfe', 'selector__n_features_to_select': 8, 'selector__model_name': 'dt', 'selector__k': 9, 'scaler__scaler_name': 'minmax', 'outlier_remover__z_columns': ['car_age', 'mileage', 'tax', 'mpg'], 'outlier_remover__threshold': 3, 'outlier_remover__sev_outliers_cols': ['car_age', 'mileage', 'engineSize'], 'outlier_remover__outlier_method': 'IQR', 'outlier_remover__n_neighbors': 100, 'outlier_remover__model_columns': ['tax', 'mpg'], 'outlier_remover__mod_outliers_cols': ['tax', 'mpg'], 'outlier_remover__contamination_LOF': 0.3, 'outlier_remover__contamination_IF': 0.05, 'model': DecisionTreeRegressor(max_depth=10, max_features='sqrt', min_samples_leaf=4,
                      min_samples_split=10, random_state=42), 'imputer__knn_scaling_method': 'robust', 'imputer__knn_neighbors': 17, 'imputer__imputation_method': 'iterative', 'encoder__method': 'target'}",-2837.152564445175,-2810.5979156896706,-2636.3883801039083,-2761.3796200795846,89.04453902635797,118,-2262.002854564951,-2177.7503945531403,-1990.9822960510928,-2143.5785150563947,113.25141292877541
275,1,4000,0.07317026456197102,0.006348652676002613,0.006849447886149089,0.00030565499473252404,model,7,dt,8,standard,"['car_age', 'mileage', 'tax', 'mpg']",2,"['car_age', 'mileage']",IQR,70,"['car_age', 'mileage', 'tax', 'mpg']","['tax', 'mpg']",0.3,0.3,"DecisionTreeRegressor(max_depth=10, max_features='sqrt', min_samples_leaf=4,
                      min_samples_split=10, random_state=42)",standard,13,iterative,target,"{'selector__selection_method': 'model', 'selector__n_features_to_select': 7, 'selector__model_name': 'dt', 'selector__k': 8, 'scaler__scaler_name': 'standard', 'outlier_remover__z_columns': ['car_age', 'mileage', 'tax', 'mpg'], 'outlier_remover__threshold': 2, 'outlier_remover__sev_outliers_cols': ['car_age', 'mileage'], 'outlier_remover__outlier_method': 'IQR', 'outlier_remover__n_neighbors': 70, 'outlier_remover__model_columns': ['car_age', 'mileage', 'tax', 'mpg'], 'outlier_remover__mod_outliers_cols': ['tax', 'mpg'], 'outlier_remover__contamination_LOF': 0.3, 'outlier_remover__contamination_IF': 0.3, 'model': DecisionTreeRegressor(max_depth=10, max_features='sqrt', min_samples_leaf=4,
                      min_samples_split=10, random_state=42), 'imputer__knn_scaling_method': 'standard', 'imputer__knn_neighbors': 13, 'imputer__imputation_method': 'iterative', 'encoder__method': 'target'}",-2835.6580219589605,-2810.5979156896706,-2636.3883801039083,-2760.8814392508466,88.62239582776395,117,-2262.002854564951,-2177.7503945531403,-1990.9822960510928,-2143.5785150563947,113.25141292877541
276,1,4000,0.35238297780354816,0.017296788409599213,0.19100801150004068,0.04463665500459889,rfe,6,dt,6,standard,"['car_age', 'mileage', 'tax', 'mpg']",2,"['car_age', 'mileage']",z_score,90,"['car_age', 'mileage', 'tax', 'mpg']","['tax', 'mpg']",0.3,0.3,"DecisionTreeRegressor(max_depth=10, max_features='sqrt', min_samples_leaf=4,
                      min_samples_split=10, random_state=42)",standard,17,knn_modelwise,target,"{'selector__selection_method': 'rfe', 'selector__n_features_to_select': 6, 'selector__model_name': 'dt', 'selector__k': 6, 'scaler__scaler_name': 'standard', 'outlier_remover__z_columns': ['car_age', 'mileage', 'tax', 'mpg'], 'outlier_remover__threshold': 2, 'outlier_remover__sev_outliers_cols': ['car_age', 'mileage'], 'outlier_remover__outlier_method': 'z_score', 'outlier_remover__n_neighbors': 90, 'outlier_remover__model_columns': ['car_age', 'mileage', 'tax', 'mpg'], 'outlier_remover__mod_outliers_cols': ['tax', 'mpg'], 'outlier_remover__contamination_LOF': 0.3, 'outlier_remover__contamination_IF': 0.3, 'model': DecisionTreeRegressor(max_depth=10, max_features='sqrt', min_samples_leaf=4,
                      min_samples_split=10, random_state=42), 'imputer__knn_scaling_method': 'standard', 'imputer__knn_neighbors': 17, 'imputer__imputation_method': 'knn_modelwise', 'encoder__method': 'target'}",-2863.2757551940435,-2758.4218295395863,-2591.8840488709275,-2737.8605445348526,111.74506520357708,110,-2087.476043653829,-2054.3542690982795,-2148.9199355413743,-2096.916749431161,39.179173988547205
277,1,4000,0.20638537406921387,0.019974600111194278,0.009070396423339844,0.0030950744625371247,rfe,6,dt,10,robust,"['car_age', 'mileage', 'tax', 'mpg']",3,"['car_age', 'mileage']",Isolation_Forest,100,"['tax', 'mpg']","['tax', 'mpg']",0.05,0.15,"DecisionTreeRegressor(max_depth=10, max_features='sqrt', min_samples_leaf=4,
                      min_samples_split=10, random_state=42)",robust,20,iterative,target,"{'selector__selection_method': 'rfe', 'selector__n_features_to_select': 6, 'selector__model_name': 'dt', 'selector__k': 10, 'scaler__scaler_name': 'robust', 'outlier_remover__z_columns': ['car_age', 'mileage', 'tax', 'mpg'], 'outlier_remover__threshold': 3, 'outlier_remover__sev_outliers_cols': ['car_age', 'mileage'], 'outlier_remover__outlier_method': 'Isolation_Forest', 'outlier_remover__n_neighbors': 100, 'outlier_remover__model_columns': ['tax', 'mpg'], 'outlier_remover__mod_outliers_cols': ['tax', 'mpg'], 'outlier_remover__contamination_LOF': 0.05, 'outlier_remover__contamination_IF': 0.15, 'model': DecisionTreeRegressor(max_depth=10, max_features='sqrt', min_samples_leaf=4,
                      min_samples_split=10, random_state=42), 'imputer__knn_scaling_method': 'robust', 'imputer__knn_neighbors': 20, 'imputer__imputation_method': 'iterative', 'encoder__method': 'target'}",-2987.8041026924066,-2764.9991203069894,-2716.709682067653,-2823.1709683556833,118.07065441934314,139,-2369.5624545022724,-2123.554286418716,-2167.6402452140164,-2220.2523287116683,107.10128598179003
278,1,4000,0.08828258514404297,0.015628918591632665,0.009962320327758789,0.005206373805202963,model,9,dt,9,minmax,"['car_age', 'mileage', 'tax', 'mpg']",3,"['car_age', 'mileage', 'engineSize']",LOF,100,"['car_age', 'mileage', 'tax', 'mpg', 'engineSize']","['car_age', 'mileage', 'tax', 'mpg']",0.05,0.3,"DecisionTreeRegressor(max_depth=10, max_features='sqrt', min_samples_leaf=4,
                      min_samples_split=10, random_state=42)",robust,10,simple,target,"{'selector__selection_method': 'model', 'selector__n_features_to_select': 9, 'selector__model_name': 'dt', 'selector__k': 9, 'scaler__scaler_name': 'minmax', 'outlier_remover__z_columns': ['car_age', 'mileage', 'tax', 'mpg'], 'outlier_remover__threshold': 3, 'outlier_remover__sev_outliers_cols': ['car_age', 'mileage', 'engineSize'], 'outlier_remover__outlier_method': 'LOF', 'outlier_remover__n_neighbors': 100, 'outlier_remover__model_columns': ['car_age', 'mileage', 'tax', 'mpg', 'engineSize'], 'outlier_remover__mod_outliers_cols': ['car_age', 'mileage', 'tax', 'mpg'], 'outlier_remover__contamination_LOF': 0.05, 'outlier_remover__contamination_IF': 0.3, 'model': DecisionTreeRegressor(max_depth=10, max_features='sqrt', min_samples_leaf=4,
                      min_samples_split=10, random_state=42), 'imputer__knn_scaling_method': 'robust', 'imputer__knn_neighbors': 10, 'imputer__imputation_method': 'simple', 'encoder__method': 'target'}",-2900.4782876313784,-2701.5586163292323,-2620.5457727716816,-2740.8608922440976,117.61251318910114,111,-1999.2499029461335,-2046.722256838609,-1988.8666599439084,-2011.6129399095505,25.185326881997874
279,1,4000,0.3424386183420817,0.034228994517512226,0.17000683148701987,0.05030781851564057,model,5,dt,6,standard,"['car_age', 'mileage', 'tax', 'mpg']",3,"['car_age', 'mileage', 'engineSize']",z_score,30,"['car_age', 'mileage', 'tax', 'mpg']","['tax', 'mpg']",0.05,0.5,"DecisionTreeRegressor(max_depth=10, max_features='sqrt', min_samples_leaf=4,
                      min_samples_split=10, random_state=42)",robust,14,knn_modelwise,target,"{'selector__selection_method': 'model', 'selector__n_features_to_select': 5, 'selector__model_name': 'dt', 'selector__k': 6, 'scaler__scaler_name': 'standard', 'outlier_remover__z_columns': ['car_age', 'mileage', 'tax', 'mpg'], 'outlier_remover__threshold': 3, 'outlier_remover__sev_outliers_cols': ['car_age', 'mileage', 'engineSize'], 'outlier_remover__outlier_method': 'z_score', 'outlier_remover__n_neighbors': 30, 'outlier_remover__model_columns': ['car_age', 'mileage', 'tax', 'mpg'], 'outlier_remover__mod_outliers_cols': ['tax', 'mpg'], 'outlier_remover__contamination_LOF': 0.05, 'outlier_remover__contamination_IF': 0.5, 'model': DecisionTreeRegressor(max_depth=10, max_features='sqrt', min_samples_leaf=4,
                      min_samples_split=10, random_state=42), 'imputer__knn_scaling_method': 'robust', 'imputer__knn_neighbors': 14, 'imputer__imputation_method': 'knn_modelwise', 'encoder__method': 'target'}",-2739.0631765584158,-2884.993568082587,-2457.72761099725,-2693.928118546084,177.32630866539924,94,-2044.3322908466898,-2114.320060799704,-1953.0347958400423,-2037.2290491621454,66.03572873881163
280,1,4000,0.02478941281636556,0.002372137305356967,0.005441586176554362,0.0009529643661353032,kbest,5,dt,9,minmax,"['car_age', 'mileage', 'tax', 'mpg']",2,"['car_age', 'mileage']",z_score,100,"['tax', 'mpg']","['car_age', 'mileage', 'tax', 'mpg']",0.15,0.05,"DecisionTreeRegressor(max_depth=10, max_features='sqrt', min_samples_leaf=4,
                      min_samples_split=10, random_state=42)",minmax,19,simple,target,"{'selector__selection_method': 'kbest', 'selector__n_features_to_select': 5, 'selector__model_name': 'dt', 'selector__k': 9, 'scaler__scaler_name': 'minmax', 'outlier_remover__z_columns': ['car_age', 'mileage', 'tax', 'mpg'], 'outlier_remover__threshold': 2, 'outlier_remover__sev_outliers_cols': ['car_age', 'mileage'], 'outlier_remover__outlier_method': 'z_score', 'outlier_remover__n_neighbors': 100, 'outlier_remover__model_columns': ['tax', 'mpg'], 'outlier_remover__mod_outliers_cols': ['car_age', 'mileage', 'tax', 'mpg'], 'outlier_remover__contamination_LOF': 0.15, 'outlier_remover__contamination_IF': 0.05, 'model': DecisionTreeRegressor(max_depth=10, max_features='sqrt', min_samples_leaf=4,
                      min_samples_split=10, random_state=42), 'imputer__knn_scaling_method': 'minmax', 'imputer__knn_neighbors': 19, 'imputer__imputation_method': 'simple', 'encoder__method': 'target'}",-2700.956021109657,-2736.965316471524,-2689.0958788832777,-2709.0057388214864,20.354675632949146,99,-2032.7159128367518,-2024.1779618206754,-1987.6175533348146,-2014.8371426640806,19.560226384658726
281,1,4000,0.1324772834777832,0.0020682090788853398,0.004963397979736328,0.0002288660236035901,model,10,dt,8,minmax,"['car_age', 'mileage', 'tax', 'mpg']",3,"['car_age', 'mileage']",Isolation_Forest,100,"['car_age', 'mileage', 'tax', 'mpg', 'engineSize']","['tax', 'mpg']",0.5,0.05,"DecisionTreeRegressor(max_depth=10, max_features='sqrt', min_samples_leaf=4,
                      min_samples_split=10, random_state=42)",standard,17,simple,target,"{'selector__selection_method': 'model', 'selector__n_features_to_select': 10, 'selector__model_name': 'dt', 'selector__k': 8, 'scaler__scaler_name': 'minmax', 'outlier_remover__z_columns': ['car_age', 'mileage', 'tax', 'mpg'], 'outlier_remover__threshold': 3, 'outlier_remover__sev_outliers_cols': ['car_age', 'mileage'], 'outlier_remover__outlier_method': 'Isolation_Forest', 'outlier_remover__n_neighbors': 100, 'outlier_remover__model_columns': ['car_age', 'mileage', 'tax', 'mpg', 'engineSize'], 'outlier_remover__mod_outliers_cols': ['tax', 'mpg'], 'outlier_remover__contamination_LOF': 0.5, 'outlier_remover__contamination_IF': 0.05, 'model': DecisionTreeRegressor(max_depth=10, max_features='sqrt', min_samples_leaf=4,
                      min_samples_split=10, random_state=42), 'imputer__knn_scaling_method': 'standard', 'imputer__knn_neighbors': 17, 'imputer__imputation_method': 'simple', 'encoder__method': 'target'}",-2980.500549085763,-2997.1907436164374,-2847.3289208360397,-2941.673404512747,67.05868995905134,158,-2377.5930451462646,-2348.8714409628546,-2296.7619734160776,-2341.0754865083986,33.45642159241998
282,1,4000,0.04225929578145345,0.003597602196754933,0.006992022196451823,0.0017290977386811414,model,8,dt,5,standard,"['car_age', 'mileage', 'tax', 'mpg']",2,"['car_age', 'mileage']",z_score,30,"['car_age', 'mileage', 'tax', 'mpg']","['car_age', 'mileage', 'tax', 'mpg']",0.05,0.5,"DecisionTreeRegressor(max_depth=10, max_features='sqrt', min_samples_leaf=4,
                      min_samples_split=10, random_state=42)",standard,13,simple,target,"{'selector__selection_method': 'model', 'selector__n_features_to_select': 8, 'selector__model_name': 'dt', 'selector__k': 5, 'scaler__scaler_name': 'standard', 'outlier_remover__z_columns': ['car_age', 'mileage', 'tax', 'mpg'], 'outlier_remover__threshold': 2, 'outlier_remover__sev_outliers_cols': ['car_age', 'mileage'], 'outlier_remover__outlier_method': 'z_score', 'outlier_remover__n_neighbors': 30, 'outlier_remover__model_columns': ['car_age', 'mileage', 'tax', 'mpg'], 'outlier_remover__mod_outliers_cols': ['car_age', 'mileage', 'tax', 'mpg'], 'outlier_remover__contamination_LOF': 0.05, 'outlier_remover__contamination_IF': 0.5, 'model': DecisionTreeRegressor(max_depth=10, max_features='sqrt', min_samples_leaf=4,
                      min_samples_split=10, random_state=42), 'imputer__knn_scaling_method': 'standard', 'imputer__knn_neighbors': 13, 'imputer__imputation_method': 'simple', 'encoder__method': 'target'}",-2790.480463914336,-2870.294976622943,-2650.0469807930112,-2770.2741404434296,91.0440060188243,126,-2150.9490990909767,-2090.7454454954714,-2080.554110679822,-2107.41621842209,31.062298700405453
283,1,4000,0.3000195821126302,0.00833557599262259,0.17441169420878092,0.03473631716995524,rfe,10,dt,6,standard,"['car_age', 'mileage', 'tax', 'mpg']",3,"['car_age', 'mileage']",IQR,70,"['car_age', 'mileage', 'tax', 'mpg', 'engineSize']","['car_age', 'mileage', 'tax', 'mpg']",0.15,0.5,"DecisionTreeRegressor(max_depth=10, max_features='sqrt', min_samples_leaf=4,
                      min_samples_split=10, random_state=42)",standard,20,knn_modelwise,target,"{'selector__selection_method': 'rfe', 'selector__n_features_to_select': 10, 'selector__model_name': 'dt', 'selector__k': 6, 'scaler__scaler_name': 'standard', 'outlier_remover__z_columns': ['car_age', 'mileage', 'tax', 'mpg'], 'outlier_remover__threshold': 3, 'outlier_remover__sev_outliers_cols': ['car_age', 'mileage'], 'outlier_remover__outlier_method': 'IQR', 'outlier_remover__n_neighbors': 70, 'outlier_remover__model_columns': ['car_age', 'mileage', 'tax', 'mpg', 'engineSize'], 'outlier_remover__mod_outliers_cols': ['car_age', 'mileage', 'tax', 'mpg'], 'outlier_remover__contamination_LOF': 0.15, 'outlier_remover__contamination_IF': 0.5, 'model': DecisionTreeRegressor(max_depth=10, max_features='sqrt', min_samples_leaf=4,
                      min_samples_split=10, random_state=42), 'imputer__knn_scaling_method': 'standard', 'imputer__knn_neighbors': 20, 'imputer__imputation_method': 'knn_modelwise', 'encoder__method': 'target'}",-2999.364212597384,-2710.2906705998057,-2674.050113819519,-2794.5683323389026,145.56638558190747,129,-1960.4520484284067,-2116.0653665179407,-2017.72439046473,-2031.4139351370259,64.26211386039579
284,1,4000,0.11048603057861328,0.008673882003383718,0.0078059037526448565,0.0024217201924332057,rfe,6,dt,6,minmax,"['car_age', 'mileage', 'tax', 'mpg']",2,"['car_age', 'mileage']",z_score,90,"['tax', 'mpg']","['car_age', 'mileage', 'tax', 'mpg']",0.5,0.3,"DecisionTreeRegressor(max_depth=10, max_features='sqrt', min_samples_leaf=4,
                      min_samples_split=10, random_state=42)",minmax,12,iterative,target,"{'selector__selection_method': 'rfe', 'selector__n_features_to_select': 6, 'selector__model_name': 'dt', 'selector__k': 6, 'scaler__scaler_name': 'minmax', 'outlier_remover__z_columns': ['car_age', 'mileage', 'tax', 'mpg'], 'outlier_remover__threshold': 2, 'outlier_remover__sev_outliers_cols': ['car_age', 'mileage'], 'outlier_remover__outlier_method': 'z_score', 'outlier_remover__n_neighbors': 90, 'outlier_remover__model_columns': ['tax', 'mpg'], 'outlier_remover__mod_outliers_cols': ['car_age', 'mileage', 'tax', 'mpg'], 'outlier_remover__contamination_LOF': 0.5, 'outlier_remover__contamination_IF': 0.3, 'model': DecisionTreeRegressor(max_depth=10, max_features='sqrt', min_samples_leaf=4,
                      min_samples_split=10, random_state=42), 'imputer__knn_scaling_method': 'minmax', 'imputer__knn_neighbors': 12, 'imputer__imputation_method': 'iterative', 'encoder__method': 'target'}",-2886.2928625143254,-2732.732233572972,-2670.8085729417767,-2763.277889676358,90.58383812151133,120,-2097.9879063478456,-1998.4305695370265,-2031.1893954034165,-2042.5359570960964,41.42844574202659
285,1,4000,0.28830258051554364,0.02222926573009599,0.16083272298177084,0.02186472970751049,rfe,10,dt,8,robust,"['car_age', 'mileage', 'tax', 'mpg']",3,"['car_age', 'mileage']",z_score,50,"['tax', 'mpg']","['car_age', 'mileage', 'tax', 'mpg']",0.05,0.15,"DecisionTreeRegressor(max_depth=10, max_features='sqrt', min_samples_leaf=4,
                      min_samples_split=10, random_state=42)",standard,13,knn_modelwise,target,"{'selector__selection_method': 'rfe', 'selector__n_features_to_select': 10, 'selector__model_name': 'dt', 'selector__k': 8, 'scaler__scaler_name': 'robust', 'outlier_remover__z_columns': ['car_age', 'mileage', 'tax', 'mpg'], 'outlier_remover__threshold': 3, 'outlier_remover__sev_outliers_cols': ['car_age', 'mileage'], 'outlier_remover__outlier_method': 'z_score', 'outlier_remover__n_neighbors': 50, 'outlier_remover__model_columns': ['tax', 'mpg'], 'outlier_remover__mod_outliers_cols': ['car_age', 'mileage', 'tax', 'mpg'], 'outlier_remover__contamination_LOF': 0.05, 'outlier_remover__contamination_IF': 0.15, 'model': DecisionTreeRegressor(max_depth=10, max_features='sqrt', min_samples_leaf=4,
                      min_samples_split=10, random_state=42), 'imputer__knn_scaling_method': 'standard', 'imputer__knn_neighbors': 13, 'imputer__imputation_method': 'knn_modelwise', 'encoder__method': 'target'}",-2823.117936209325,-2769.008327415987,-2714.2101069466567,-2768.7787901906563,44.46173136664819,125,-2120.5765839691885,-2166.8691945575392,-2065.3353464925544,-2117.5937083397607,41.5046482215051
286,1,4000,0.3773202896118164,0.03442856256468555,0.14399496714274088,0.018358782315461397,rfe,9,dt,7,robust,"['car_age', 'mileage', 'tax', 'mpg']",3,"['car_age', 'mileage']",Isolation_Forest,30,"['car_age', 'mileage', 'tax', 'mpg', 'engineSize']","['tax', 'mpg']",0.05,0.15,"DecisionTreeRegressor(max_depth=10, max_features='sqrt', min_samples_leaf=4,
                      min_samples_split=10, random_state=42)",standard,18,knn_modelwise,target,"{'selector__selection_method': 'rfe', 'selector__n_features_to_select': 9, 'selector__model_name': 'dt', 'selector__k': 7, 'scaler__scaler_name': 'robust', 'outlier_remover__z_columns': ['car_age', 'mileage', 'tax', 'mpg'], 'outlier_remover__threshold': 3, 'outlier_remover__sev_outliers_cols': ['car_age', 'mileage'], 'outlier_remover__outlier_method': 'Isolation_Forest', 'outlier_remover__n_neighbors': 30, 'outlier_remover__model_columns': ['car_age', 'mileage', 'tax', 'mpg', 'engineSize'], 'outlier_remover__mod_outliers_cols': ['tax', 'mpg'], 'outlier_remover__contamination_LOF': 0.05, 'outlier_remover__contamination_IF': 0.15, 'model': DecisionTreeRegressor(max_depth=10, max_features='sqrt', min_samples_leaf=4,
                      min_samples_split=10, random_state=42), 'imputer__knn_scaling_method': 'standard', 'imputer__knn_neighbors': 18, 'imputer__imputation_method': 'knn_modelwise', 'encoder__method': 'target'}",-2815.985252207962,-2966.041261727407,-2782.3573825462277,-2854.7946321605323,79.8522295534643,143,-2313.063070628215,-2277.4828521250506,-2258.0954761565004,-2282.880466303255,22.762685688267474
287,1,4000,0.06702685356140137,0.003608803057997388,0.004858573277791341,4.7125060423567686e-05,rfe,8,dt,6,standard,"['car_age', 'mileage', 'tax', 'mpg']",3,"['car_age', 'mileage', 'engineSize']",z_score,100,"['car_age', 'mileage', 'tax', 'mpg', 'engineSize']","['tax', 'mpg']",0.15,0.5,"DecisionTreeRegressor(max_depth=10, max_features='sqrt', min_samples_leaf=4,
                      min_samples_split=10, random_state=42)",minmax,13,simple,target,"{'selector__selection_method': 'rfe', 'selector__n_features_to_select': 8, 'selector__model_name': 'dt', 'selector__k': 6, 'scaler__scaler_name': 'standard', 'outlier_remover__z_columns': ['car_age', 'mileage', 'tax', 'mpg'], 'outlier_remover__threshold': 3, 'outlier_remover__sev_outliers_cols': ['car_age', 'mileage', 'engineSize'], 'outlier_remover__outlier_method': 'z_score', 'outlier_remover__n_neighbors': 100, 'outlier_remover__model_columns': ['car_age', 'mileage', 'tax', 'mpg', 'engineSize'], 'outlier_remover__mod_outliers_cols': ['tax', 'mpg'], 'outlier_remover__contamination_LOF': 0.15, 'outlier_remover__contamination_IF': 0.5, 'model': DecisionTreeRegressor(max_depth=10, max_features='sqrt', min_samples_leaf=4,
                      min_samples_split=10, random_state=42), 'imputer__knn_scaling_method': 'minmax', 'imputer__knn_neighbors': 13, 'imputer__imputation_method': 'simple', 'encoder__method': 'target'}",-3016.096458604499,-2907.2487380799625,-2691.2978240324574,-2871.547673572306,134.98015350463072,150,-2260.751426766542,-2214.8294403583623,-2129.148542492833,-2201.5764698725793,54.5378199497841
288,1,4000,0.2897783120473226,0.011119106768144383,0.1504668394724528,0.006691437328708418,kbest,9,dt,8,robust,"['car_age', 'mileage', 'tax', 'mpg']",3,"['car_age', 'mileage', 'engineSize']",IQR,90,"['tax', 'mpg']","['car_age', 'mileage', 'tax', 'mpg']",0.5,0.3,"DecisionTreeRegressor(max_depth=10, max_features='sqrt', min_samples_leaf=4,
                      min_samples_split=10, random_state=42)",minmax,16,knn_modelwise,target,"{'selector__selection_method': 'kbest', 'selector__n_features_to_select': 9, 'selector__model_name': 'dt', 'selector__k': 8, 'scaler__scaler_name': 'robust', 'outlier_remover__z_columns': ['car_age', 'mileage', 'tax', 'mpg'], 'outlier_remover__threshold': 3, 'outlier_remover__sev_outliers_cols': ['car_age', 'mileage', 'engineSize'], 'outlier_remover__outlier_method': 'IQR', 'outlier_remover__n_neighbors': 90, 'outlier_remover__model_columns': ['tax', 'mpg'], 'outlier_remover__mod_outliers_cols': ['car_age', 'mileage', 'tax', 'mpg'], 'outlier_remover__contamination_LOF': 0.5, 'outlier_remover__contamination_IF': 0.3, 'model': DecisionTreeRegressor(max_depth=10, max_features='sqrt', min_samples_leaf=4,
                      min_samples_split=10, random_state=42), 'imputer__knn_scaling_method': 'minmax', 'imputer__knn_neighbors': 16, 'imputer__imputation_method': 'knn_modelwise', 'encoder__method': 'target'}",-2714.268098598617,-2738.813044277176,-2650.9620085083043,-2701.3477171280324,37.01038876158024,97,-2175.891731825632,-2202.3086760472183,-2142.032343450977,-2173.410917107942,24.670156046808312
289,1,4000,0.0689547061920166,0.011350433343816182,0.007458051045735677,0.0017452600690510858,kbest,10,dt,5,robust,"['car_age', 'mileage', 'tax', 'mpg']",3,"['car_age', 'mileage']",z_score,100,"['car_age', 'mileage', 'tax', 'mpg', 'engineSize']","['tax', 'mpg']",0.15,0.3,"DecisionTreeRegressor(max_depth=10, max_features='sqrt', min_samples_leaf=4,
                      min_samples_split=10, random_state=42)",standard,19,iterative,target,"{'selector__selection_method': 'kbest', 'selector__n_features_to_select': 10, 'selector__model_name': 'dt', 'selector__k': 5, 'scaler__scaler_name': 'robust', 'outlier_remover__z_columns': ['car_age', 'mileage', 'tax', 'mpg'], 'outlier_remover__threshold': 3, 'outlier_remover__sev_outliers_cols': ['car_age', 'mileage'], 'outlier_remover__outlier_method': 'z_score', 'outlier_remover__n_neighbors': 100, 'outlier_remover__model_columns': ['car_age', 'mileage', 'tax', 'mpg', 'engineSize'], 'outlier_remover__mod_outliers_cols': ['tax', 'mpg'], 'outlier_remover__contamination_LOF': 0.15, 'outlier_remover__contamination_IF': 0.3, 'model': DecisionTreeRegressor(max_depth=10, max_features='sqrt', min_samples_leaf=4,
                      min_samples_split=10, random_state=42), 'imputer__knn_scaling_method': 'standard', 'imputer__knn_neighbors': 19, 'imputer__imputation_method': 'iterative', 'encoder__method': 'target'}",-2941.2923787464683,-2628.9422173113076,-2623.59938918496,-2731.277995080912,148.51861266726712,107,-2454.8329885324024,-2255.2387929950096,-2246.6820090996916,-2318.9179302090347,96.16992581516378
290,1,4000,0.22849822044372559,0.02017527053607967,0.007257382074991862,0.0019118824988347582,rfe,5,dt,8,robust,"['car_age', 'mileage', 'tax', 'mpg']",2,"['car_age', 'mileage', 'engineSize']",Isolation_Forest,50,"['tax', 'mpg']","['car_age', 'mileage', 'tax', 'mpg']",0.15,0.05,"DecisionTreeRegressor(max_depth=10, max_features='sqrt', min_samples_leaf=4,
                      min_samples_split=10, random_state=42)",standard,14,iterative,target,"{'selector__selection_method': 'rfe', 'selector__n_features_to_select': 5, 'selector__model_name': 'dt', 'selector__k': 8, 'scaler__scaler_name': 'robust', 'outlier_remover__z_columns': ['car_age', 'mileage', 'tax', 'mpg'], 'outlier_remover__threshold': 2, 'outlier_remover__sev_outliers_cols': ['car_age', 'mileage', 'engineSize'], 'outlier_remover__outlier_method': 'Isolation_Forest', 'outlier_remover__n_neighbors': 50, 'outlier_remover__model_columns': ['tax', 'mpg'], 'outlier_remover__mod_outliers_cols': ['car_age', 'mileage', 'tax', 'mpg'], 'outlier_remover__contamination_LOF': 0.15, 'outlier_remover__contamination_IF': 0.05, 'model': DecisionTreeRegressor(max_depth=10, max_features='sqrt', min_samples_leaf=4,
                      min_samples_split=10, random_state=42), 'imputer__knn_scaling_method': 'standard', 'imputer__knn_neighbors': 14, 'imputer__imputation_method': 'iterative', 'encoder__method': 'target'}",-2807.016967798337,-2649.532416681101,-2726.5545342272653,-2727.7013062355677,64.29791222467809,104,-2176.850322473574,-2109.197793252469,-2051.895232030348,-2112.647782585464,51.070999446633415
291,1,4000,0.1258080005645752,0.00706455322611787,0.009264389673868815,0.004644083159925163,rfe,6,dt,8,standard,"['car_age', 'mileage', 'tax', 'mpg']",3,"['car_age', 'mileage']",IQR,100,"['car_age', 'mileage', 'tax', 'mpg']","['car_age', 'mileage', 'tax', 'mpg']",0.15,0.05,"DecisionTreeRegressor(max_depth=10, max_features='sqrt', min_samples_leaf=4,
                      min_samples_split=10, random_state=42)",robust,20,iterative,target,"{'selector__selection_method': 'rfe', 'selector__n_features_to_select': 6, 'selector__model_name': 'dt', 'selector__k': 8, 'scaler__scaler_name': 'standard', 'outlier_remover__z_columns': ['car_age', 'mileage', 'tax', 'mpg'], 'outlier_remover__threshold': 3, 'outlier_remover__sev_outliers_cols': ['car_age', 'mileage'], 'outlier_remover__outlier_method': 'IQR', 'outlier_remover__n_neighbors': 100, 'outlier_remover__model_columns': ['car_age', 'mileage', 'tax', 'mpg'], 'outlier_remover__mod_outliers_cols': ['car_age', 'mileage', 'tax', 'mpg'], 'outlier_remover__contamination_LOF': 0.15, 'outlier_remover__contamination_IF': 0.05, 'model': DecisionTreeRegressor(max_depth=10, max_features='sqrt', min_samples_leaf=4,
                      min_samples_split=10, random_state=42), 'imputer__knn_scaling_method': 'robust', 'imputer__knn_neighbors': 20, 'imputer__imputation_method': 'iterative', 'encoder__method': 'target'}",-2865.694462914426,-2732.821413450308,-2769.606059144569,-2789.373978503101,56.01719852151102,128,-2097.9879063478456,-1997.516593226149,-2060.5451305307497,-2052.016543368248,41.45820215864639
292,1,4000,0.02382032076517741,0.0037501291963420768,0.0052776336669921875,0.001182057595396474,kbest,10,dt,6,robust,"['car_age', 'mileage', 'tax', 'mpg']",3,"['car_age', 'mileage', 'engineSize']",z_score,30,"['car_age', 'mileage', 'tax', 'mpg']","['tax', 'mpg']",0.5,0.3,"DecisionTreeRegressor(max_depth=10, max_features='sqrt', min_samples_leaf=4,
                      min_samples_split=10, random_state=42)",standard,13,simple,target,"{'selector__selection_method': 'kbest', 'selector__n_features_to_select': 10, 'selector__model_name': 'dt', 'selector__k': 6, 'scaler__scaler_name': 'robust', 'outlier_remover__z_columns': ['car_age', 'mileage', 'tax', 'mpg'], 'outlier_remover__threshold': 3, 'outlier_remover__sev_outliers_cols': ['car_age', 'mileage', 'engineSize'], 'outlier_remover__outlier_method': 'z_score', 'outlier_remover__n_neighbors': 30, 'outlier_remover__model_columns': ['car_age', 'mileage', 'tax', 'mpg'], 'outlier_remover__mod_outliers_cols': ['tax', 'mpg'], 'outlier_remover__contamination_LOF': 0.5, 'outlier_remover__contamination_IF': 0.3, 'model': DecisionTreeRegressor(max_depth=10, max_features='sqrt', min_samples_leaf=4,
                      min_samples_split=10, random_state=42), 'imputer__knn_scaling_method': 'standard', 'imputer__knn_neighbors': 13, 'imputer__imputation_method': 'simple', 'encoder__method': 'target'}",-2800.1938428118424,-2813.481210595153,-2816.353296789445,-2810.00945006548,7.039025931434365,137,-2253.996615415862,-2201.761936311324,-2270.143504270684,-2241.96735199929,29.183752247944376
293,1,4000,0.1320186456044515,0.017914807793622145,0.006740649541219075,0.0004725573053166088,rfe,6,dt,7,standard,"['car_age', 'mileage', 'tax', 'mpg']",2,"['car_age', 'mileage']",IQR,100,"['car_age', 'mileage', 'tax', 'mpg', 'engineSize']","['tax', 'mpg']",0.15,0.3,"DecisionTreeRegressor(max_depth=10, max_features='sqrt', min_samples_leaf=4,
                      min_samples_split=10, random_state=42)",robust,14,iterative,target,"{'selector__selection_method': 'rfe', 'selector__n_features_to_select': 6, 'selector__model_name': 'dt', 'selector__k': 7, 'scaler__scaler_name': 'standard', 'outlier_remover__z_columns': ['car_age', 'mileage', 'tax', 'mpg'], 'outlier_remover__threshold': 2, 'outlier_remover__sev_outliers_cols': ['car_age', 'mileage'], 'outlier_remover__outlier_method': 'IQR', 'outlier_remover__n_neighbors': 100, 'outlier_remover__model_columns': ['car_age', 'mileage', 'tax', 'mpg', 'engineSize'], 'outlier_remover__mod_outliers_cols': ['tax', 'mpg'], 'outlier_remover__contamination_LOF': 0.15, 'outlier_remover__contamination_IF': 0.3, 'model': DecisionTreeRegressor(max_depth=10, max_features='sqrt', min_samples_leaf=4,
                      min_samples_split=10, random_state=42), 'imputer__knn_scaling_method': 'robust', 'imputer__knn_neighbors': 14, 'imputer__imputation_method': 'iterative', 'encoder__method': 'target'}",-2879.583433670895,-2676.927057308379,-2737.828135685722,-2764.7795422216655,84.90066923880592,121,-2079.7355439252133,-2024.74670923936,-1995.0754763614534,-2033.1859098420089,35.07370182994575
294,1,4000,0.09524854024251302,0.030079989213270156,0.011931816736857096,0.004424730070244094,rfe,10,dt,10,robust,"['car_age', 'mileage', 'tax', 'mpg']",2,"['car_age', 'mileage', 'engineSize']",z_score,50,"['tax', 'mpg']","['tax', 'mpg']",0.5,0.5,"DecisionTreeRegressor(max_depth=10, max_features='sqrt', min_samples_leaf=4,
                      min_samples_split=10, random_state=42)",robust,10,iterative,target,"{'selector__selection_method': 'rfe', 'selector__n_features_to_select': 10, 'selector__model_name': 'dt', 'selector__k': 10, 'scaler__scaler_name': 'robust', 'outlier_remover__z_columns': ['car_age', 'mileage', 'tax', 'mpg'], 'outlier_remover__threshold': 2, 'outlier_remover__sev_outliers_cols': ['car_age', 'mileage', 'engineSize'], 'outlier_remover__outlier_method': 'z_score', 'outlier_remover__n_neighbors': 50, 'outlier_remover__model_columns': ['tax', 'mpg'], 'outlier_remover__mod_outliers_cols': ['tax', 'mpg'], 'outlier_remover__contamination_LOF': 0.5, 'outlier_remover__contamination_IF': 0.5, 'model': DecisionTreeRegressor(max_depth=10, max_features='sqrt', min_samples_leaf=4,
                      min_samples_split=10, random_state=42), 'imputer__knn_scaling_method': 'robust', 'imputer__knn_neighbors': 10, 'imputer__imputation_method': 'iterative', 'encoder__method': 'target'}",-2798.2603424602767,-2977.163482123674,-2636.66090428687,-2804.02824295694,139.06941404800156,134,-2056.3827946908787,-2144.1452349117276,-2051.442721763362,-2083.990250455323,42.58378170418895
295,1,4000,0.3071613311767578,0.03845237922199077,0.13386170069376627,0.02092590578146804,model,5,dt,7,robust,"['car_age', 'mileage', 'tax', 'mpg']",2,"['car_age', 'mileage']",IQR,70,"['tax', 'mpg']","['tax', 'mpg']",0.5,0.15,"DecisionTreeRegressor(max_depth=10, max_features='sqrt', min_samples_leaf=4,
                      min_samples_split=10, random_state=42)",minmax,13,knn_modelwise,target,"{'selector__selection_method': 'model', 'selector__n_features_to_select': 5, 'selector__model_name': 'dt', 'selector__k': 7, 'scaler__scaler_name': 'robust', 'outlier_remover__z_columns': ['car_age', 'mileage', 'tax', 'mpg'], 'outlier_remover__threshold': 2, 'outlier_remover__sev_outliers_cols': ['car_age', 'mileage'], 'outlier_remover__outlier_method': 'IQR', 'outlier_remover__n_neighbors': 70, 'outlier_remover__model_columns': ['tax', 'mpg'], 'outlier_remover__mod_outliers_cols': ['tax', 'mpg'], 'outlier_remover__contamination_LOF': 0.5, 'outlier_remover__contamination_IF': 0.15, 'model': DecisionTreeRegressor(max_depth=10, max_features='sqrt', min_samples_leaf=4,
                      min_samples_split=10, random_state=42), 'imputer__knn_scaling_method': 'minmax', 'imputer__knn_neighbors': 13, 'imputer__imputation_method': 'knn_modelwise', 'encoder__method': 'target'}",-2929.2983713863873,-2829.865021200837,-2820.484395246131,-2859.8825959444516,49.233534953183025,145,-2249.897275561925,-2129.1569537425294,-2284.1231588750456,-2221.0591293931666,66.46984373449004
296,1,4000,0.11352094014485677,0.018635950177968427,0.011778434117635092,0.0003174403685883448,rfe,5,dt,5,minmax,"['car_age', 'mileage', 'tax', 'mpg']",2,"['car_age', 'mileage', 'engineSize']",IQR,90,"['car_age', 'mileage', 'tax', 'mpg']","['car_age', 'mileage', 'tax', 'mpg']",0.05,0.5,"DecisionTreeRegressor(max_depth=10, max_features='sqrt', min_samples_leaf=4,
                      min_samples_split=10, random_state=42)",robust,10,iterative,target,"{'selector__selection_method': 'rfe', 'selector__n_features_to_select': 5, 'selector__model_name': 'dt', 'selector__k': 5, 'scaler__scaler_name': 'minmax', 'outlier_remover__z_columns': ['car_age', 'mileage', 'tax', 'mpg'], 'outlier_remover__threshold': 2, 'outlier_remover__sev_outliers_cols': ['car_age', 'mileage', 'engineSize'], 'outlier_remover__outlier_method': 'IQR', 'outlier_remover__n_neighbors': 90, 'outlier_remover__model_columns': ['car_age', 'mileage', 'tax', 'mpg'], 'outlier_remover__mod_outliers_cols': ['car_age', 'mileage', 'tax', 'mpg'], 'outlier_remover__contamination_LOF': 0.05, 'outlier_remover__contamination_IF': 0.5, 'model': DecisionTreeRegressor(max_depth=10, max_features='sqrt', min_samples_leaf=4,
                      min_samples_split=10, random_state=42), 'imputer__knn_scaling_method': 'robust', 'imputer__knn_neighbors': 10, 'imputer__imputation_method': 'iterative', 'encoder__method': 'target'}",-2747.7725720089934,-2721.9613788824936,-2664.8591311820337,-2711.5310273578402,34.64345866237296,100,-2059.004468360868,-2134.394657722966,-1985.9123677430791,-2059.7704979423042,60.620061093159116
297,1,4000,0.08097982406616211,0.005375599084230604,0.00883809725443522,0.0030220521528529277,rfe,6,dt,10,robust,"['car_age', 'mileage', 'tax', 'mpg']",2,"['car_age', 'mileage']",z_score,100,"['car_age', 'mileage', 'tax', 'mpg']","['car_age', 'mileage', 'tax', 'mpg']",0.3,0.15,"DecisionTreeRegressor(max_depth=10, max_features='sqrt', min_samples_leaf=4,
                      min_samples_split=10, random_state=42)",robust,11,simple,target,"{'selector__selection_method': 'rfe', 'selector__n_features_to_select': 6, 'selector__model_name': 'dt', 'selector__k': 10, 'scaler__scaler_name': 'robust', 'outlier_remover__z_columns': ['car_age', 'mileage', 'tax', 'mpg'], 'outlier_remover__threshold': 2, 'outlier_remover__sev_outliers_cols': ['car_age', 'mileage'], 'outlier_remover__outlier_method': 'z_score', 'outlier_remover__n_neighbors': 100, 'outlier_remover__model_columns': ['car_age', 'mileage', 'tax', 'mpg'], 'outlier_remover__mod_outliers_cols': ['car_age', 'mileage', 'tax', 'mpg'], 'outlier_remover__contamination_LOF': 0.3, 'outlier_remover__contamination_IF': 0.15, 'model': DecisionTreeRegressor(max_depth=10, max_features='sqrt', min_samples_leaf=4,
                      min_samples_split=10, random_state=42), 'imputer__knn_scaling_method': 'robust', 'imputer__knn_neighbors': 11, 'imputer__imputation_method': 'simple', 'encoder__method': 'target'}",-2961.7176552789338,-2783.3231023178582,-2643.4997957679525,-2796.180184454915,130.22961759586263,131,-2205.927189253796,-2120.438953474685,-2087.923909081224,-2138.0966839365683,49.76638836718357
298,1,4000,0.05611093839009603,0.006984832661359727,0.009506781895955404,0.0022038294607971028,kbest,7,dt,6,robust,"['car_age', 'mileage', 'tax', 'mpg']",3,"['car_age', 'mileage']",z_score,50,"['car_age', 'mileage', 'tax', 'mpg']","['car_age', 'mileage', 'tax', 'mpg']",0.15,0.3,"DecisionTreeRegressor(max_depth=10, max_features='sqrt', min_samples_leaf=4,
                      min_samples_split=10, random_state=42)",standard,14,iterative,target,"{'selector__selection_method': 'kbest', 'selector__n_features_to_select': 7, 'selector__model_name': 'dt', 'selector__k': 6, 'scaler__scaler_name': 'robust', 'outlier_remover__z_columns': ['car_age', 'mileage', 'tax', 'mpg'], 'outlier_remover__threshold': 3, 'outlier_remover__sev_outliers_cols': ['car_age', 'mileage'], 'outlier_remover__outlier_method': 'z_score', 'outlier_remover__n_neighbors': 50, 'outlier_remover__model_columns': ['car_age', 'mileage', 'tax', 'mpg'], 'outlier_remover__mod_outliers_cols': ['car_age', 'mileage', 'tax', 'mpg'], 'outlier_remover__contamination_LOF': 0.15, 'outlier_remover__contamination_IF': 0.3, 'model': DecisionTreeRegressor(max_depth=10, max_features='sqrt', min_samples_leaf=4,
                      min_samples_split=10, random_state=42), 'imputer__knn_scaling_method': 'standard', 'imputer__knn_neighbors': 14, 'imputer__imputation_method': 'iterative', 'encoder__method': 'target'}",-2797.712805255596,-2747.820146165165,-2741.494600875754,-2762.3425174321715,25.143535634910272,119,-2200.003467956852,-2071.642020664034,-2199.09683650663,-2156.914108375839,60.29760748262964
299,1,4000,0.12895631790161133,0.0038299752153956477,0.008090734481811523,0.0014386788045367288,rfe,5,dt,7,standard,"['car_age', 'mileage', 'tax', 'mpg']",3,"['car_age', 'mileage', 'engineSize']",IQR,30,"['tax', 'mpg']","['tax', 'mpg']",0.15,0.15,"DecisionTreeRegressor(max_depth=10, max_features='sqrt', min_samples_leaf=4,
                      min_samples_split=10, random_state=42)",standard,11,iterative,target,"{'selector__selection_method': 'rfe', 'selector__n_features_to_select': 5, 'selector__model_name': 'dt', 'selector__k': 7, 'scaler__scaler_name': 'standard', 'outlier_remover__z_columns': ['car_age', 'mileage', 'tax', 'mpg'], 'outlier_remover__threshold': 3, 'outlier_remover__sev_outliers_cols': ['car_age', 'mileage', 'engineSize'], 'outlier_remover__outlier_method': 'IQR', 'outlier_remover__n_neighbors': 30, 'outlier_remover__model_columns': ['tax', 'mpg'], 'outlier_remover__mod_outliers_cols': ['tax', 'mpg'], 'outlier_remover__contamination_LOF': 0.15, 'outlier_remover__contamination_IF': 0.15, 'model': DecisionTreeRegressor(max_depth=10, max_features='sqrt', min_samples_leaf=4,
                      min_samples_split=10, random_state=42), 'imputer__knn_scaling_method': 'standard', 'imputer__knn_neighbors': 11, 'imputer__imputation_method': 'iterative', 'encoder__method': 'target'}",-2861.1312999414185,-2693.4220275062216,-2670.592488723941,-2741.715272057194,84.95268387750666,112,-2100.9919137824354,-2088.9154642378144,-1980.2256584497313,-2056.71101215666,54.30756336003594
300,2,8000,0.3863217830657959,0.031065143186199906,0.23184561729431152,0.03575841834778656,model,5,dt,7,robust,"['car_age', 'mileage', 'tax', 'mpg']",2,"['car_age', 'mileage']",IQR,70,"['tax', 'mpg']","['tax', 'mpg']",0.5,0.15,"DecisionTreeRegressor(max_depth=10, max_features='sqrt', min_samples_leaf=4,
                      min_samples_split=10, random_state=42)",minmax,13,knn_modelwise,target,"{'selector__selection_method': 'model', 'selector__n_features_to_select': 5, 'selector__model_name': 'dt', 'selector__k': 7, 'scaler__scaler_name': 'robust', 'outlier_remover__z_columns': ['car_age', 'mileage', 'tax', 'mpg'], 'outlier_remover__threshold': 2, 'outlier_remover__sev_outliers_cols': ['car_age', 'mileage'], 'outlier_remover__outlier_method': 'IQR', 'outlier_remover__n_neighbors': 70, 'outlier_remover__model_columns': ['tax', 'mpg'], 'outlier_remover__mod_outliers_cols': ['tax', 'mpg'], 'outlier_remover__contamination_LOF': 0.5, 'outlier_remover__contamination_IF': 0.15, 'model': DecisionTreeRegressor(max_depth=10, max_features='sqrt', min_samples_leaf=4,
                      min_samples_split=10, random_state=42), 'imputer__knn_scaling_method': 'minmax', 'imputer__knn_neighbors': 13, 'imputer__imputation_method': 'knn_modelwise', 'encoder__method': 'target'}",-2478.802221383232,-2563.952559396747,-2516.8702494516997,-2519.8750100772263,34.82734994001602,69,-1957.2347959253043,-1980.307837914362,-1997.7281513971939,-1978.4235950789534,16.584947746682705
301,2,8000,0.032981316248575844,0.0031251380253440727,0.0059969425201416016,0.0006449922211091763,kbest,9,dt,7,standard,"['car_age', 'mileage', 'tax', 'mpg']",2,"['car_age', 'mileage']",z_score,50,"['tax', 'mpg']","['car_age', 'mileage', 'tax', 'mpg']",0.15,0.15,"DecisionTreeRegressor(max_depth=10, max_features='sqrt', min_samples_leaf=4,
                      min_samples_split=10, random_state=42)",minmax,10,simple,target,"{'selector__selection_method': 'kbest', 'selector__n_features_to_select': 9, 'selector__model_name': 'dt', 'selector__k': 7, 'scaler__scaler_name': 'standard', 'outlier_remover__z_columns': ['car_age', 'mileage', 'tax', 'mpg'], 'outlier_remover__threshold': 2, 'outlier_remover__sev_outliers_cols': ['car_age', 'mileage'], 'outlier_remover__outlier_method': 'z_score', 'outlier_remover__n_neighbors': 50, 'outlier_remover__model_columns': ['tax', 'mpg'], 'outlier_remover__mod_outliers_cols': ['car_age', 'mileage', 'tax', 'mpg'], 'outlier_remover__contamination_LOF': 0.15, 'outlier_remover__contamination_IF': 0.15, 'model': DecisionTreeRegressor(max_depth=10, max_features='sqrt', min_samples_leaf=4,
                      min_samples_split=10, random_state=42), 'imputer__knn_scaling_method': 'minmax', 'imputer__knn_neighbors': 10, 'imputer__imputation_method': 'simple', 'encoder__method': 'target'}",-2719.988223119766,-2667.5332750907455,-2407.546816373269,-2598.3561048612605,136.61141685611278,84,-2161.4008932831575,-2101.334290433095,-1997.5752536545044,-2086.770145790252,67.66976568511504
302,2,8000,0.607444683710734,0.0774603407156871,0.22208595275878906,0.020465248755982837,rfe,9,dt,7,robust,"['car_age', 'mileage', 'tax', 'mpg']",3,"['car_age', 'mileage']",Isolation_Forest,30,"['car_age', 'mileage', 'tax', 'mpg', 'engineSize']","['tax', 'mpg']",0.05,0.15,"DecisionTreeRegressor(max_depth=10, max_features='sqrt', min_samples_leaf=4,
                      min_samples_split=10, random_state=42)",standard,18,knn_modelwise,target,"{'selector__selection_method': 'rfe', 'selector__n_features_to_select': 9, 'selector__model_name': 'dt', 'selector__k': 7, 'scaler__scaler_name': 'robust', 'outlier_remover__z_columns': ['car_age', 'mileage', 'tax', 'mpg'], 'outlier_remover__threshold': 3, 'outlier_remover__sev_outliers_cols': ['car_age', 'mileage'], 'outlier_remover__outlier_method': 'Isolation_Forest', 'outlier_remover__n_neighbors': 30, 'outlier_remover__model_columns': ['car_age', 'mileage', 'tax', 'mpg', 'engineSize'], 'outlier_remover__mod_outliers_cols': ['tax', 'mpg'], 'outlier_remover__contamination_LOF': 0.05, 'outlier_remover__contamination_IF': 0.15, 'model': DecisionTreeRegressor(max_depth=10, max_features='sqrt', min_samples_leaf=4,
                      min_samples_split=10, random_state=42), 'imputer__knn_scaling_method': 'standard', 'imputer__knn_neighbors': 18, 'imputer__imputation_method': 'knn_modelwise', 'encoder__method': 'target'}",-2653.1988046664665,-2573.4366109267075,-2787.2145381733317,-2671.2833179221684,88.20634050995608,93,-2227.317169964489,-2225.4085872299147,-2377.9663523730096,-2276.8973698558043,71.4708103228678
303,2,8000,0.1556682586669922,0.008648799963220441,0.012457450230916342,0.003569704632652205,model,6,dt,10,standard,"['car_age', 'mileage', 'tax', 'mpg']",2,"['car_age', 'mileage']",LOF,30,"['tax', 'mpg']","['tax', 'mpg']",0.15,0.05,"DecisionTreeRegressor(max_depth=10, max_features='sqrt', min_samples_leaf=4,
                      min_samples_split=10, random_state=42)",standard,18,iterative,target,"{'selector__selection_method': 'model', 'selector__n_features_to_select': 6, 'selector__model_name': 'dt', 'selector__k': 10, 'scaler__scaler_name': 'standard', 'outlier_remover__z_columns': ['car_age', 'mileage', 'tax', 'mpg'], 'outlier_remover__threshold': 2, 'outlier_remover__sev_outliers_cols': ['car_age', 'mileage'], 'outlier_remover__outlier_method': 'LOF', 'outlier_remover__n_neighbors': 30, 'outlier_remover__model_columns': ['tax', 'mpg'], 'outlier_remover__mod_outliers_cols': ['tax', 'mpg'], 'outlier_remover__contamination_LOF': 0.15, 'outlier_remover__contamination_IF': 0.05, 'model': DecisionTreeRegressor(max_depth=10, max_features='sqrt', min_samples_leaf=4,
                      min_samples_split=10, random_state=42), 'imputer__knn_scaling_method': 'standard', 'imputer__knn_neighbors': 18, 'imputer__imputation_method': 'iterative', 'encoder__method': 'target'}",-2670.8200676504507,-2676.888349858011,-2447.466624537021,-2598.3916806818274,106.7488811540819,85,-2147.0492138529694,-2172.7249667764067,-2111.22866518937,-2143.6676152729156,25.219373293011724
304,2,8000,0.06052168210347494,0.01471682225588177,0.015596628189086914,0.008500946420186976,kbest,7,dt,8,robust,"['car_age', 'mileage', 'tax', 'mpg']",3,"['car_age', 'mileage', 'engineSize']",IQR,70,"['car_age', 'mileage', 'tax', 'mpg', 'engineSize']","['car_age', 'mileage', 'tax', 'mpg']",0.5,0.3,"DecisionTreeRegressor(max_depth=10, max_features='sqrt', min_samples_leaf=4,
                      min_samples_split=10, random_state=42)",standard,11,simple,target,"{'selector__selection_method': 'kbest', 'selector__n_features_to_select': 7, 'selector__model_name': 'dt', 'selector__k': 8, 'scaler__scaler_name': 'robust', 'outlier_remover__z_columns': ['car_age', 'mileage', 'tax', 'mpg'], 'outlier_remover__threshold': 3, 'outlier_remover__sev_outliers_cols': ['car_age', 'mileage', 'engineSize'], 'outlier_remover__outlier_method': 'IQR', 'outlier_remover__n_neighbors': 70, 'outlier_remover__model_columns': ['car_age', 'mileage', 'tax', 'mpg', 'engineSize'], 'outlier_remover__mod_outliers_cols': ['car_age', 'mileage', 'tax', 'mpg'], 'outlier_remover__contamination_LOF': 0.5, 'outlier_remover__contamination_IF': 0.3, 'model': DecisionTreeRegressor(max_depth=10, max_features='sqrt', min_samples_leaf=4,
                      min_samples_split=10, random_state=42), 'imputer__knn_scaling_method': 'standard', 'imputer__knn_neighbors': 11, 'imputer__imputation_method': 'simple', 'encoder__method': 'target'}",-2762.5481619644497,-2546.829595821234,-2639.1897606234425,-2649.5225061363753,88.36929771173367,89,-2147.2446316720043,-2128.7953281203986,-2166.941184550848,-2147.66038144775,15.575755232842672
305,2,8000,0.06071734428405762,0.007422455049250283,0.009042978286743164,0.004931577677489025,kbest,10,dt,8,minmax,"['car_age', 'mileage', 'tax', 'mpg']",2,"['car_age', 'mileage']",IQR,70,"['tax', 'mpg']","['car_age', 'mileage', 'tax', 'mpg']",0.3,0.15,"DecisionTreeRegressor(max_depth=10, max_features='sqrt', min_samples_leaf=4,
                      min_samples_split=10, random_state=42)",minmax,13,simple,target,"{'selector__selection_method': 'kbest', 'selector__n_features_to_select': 10, 'selector__model_name': 'dt', 'selector__k': 8, 'scaler__scaler_name': 'minmax', 'outlier_remover__z_columns': ['car_age', 'mileage', 'tax', 'mpg'], 'outlier_remover__threshold': 2, 'outlier_remover__sev_outliers_cols': ['car_age', 'mileage'], 'outlier_remover__outlier_method': 'IQR', 'outlier_remover__n_neighbors': 70, 'outlier_remover__model_columns': ['tax', 'mpg'], 'outlier_remover__mod_outliers_cols': ['car_age', 'mileage', 'tax', 'mpg'], 'outlier_remover__contamination_LOF': 0.3, 'outlier_remover__contamination_IF': 0.15, 'model': DecisionTreeRegressor(max_depth=10, max_features='sqrt', min_samples_leaf=4,
                      min_samples_split=10, random_state=42), 'imputer__knn_scaling_method': 'minmax', 'imputer__knn_neighbors': 13, 'imputer__imputation_method': 'simple', 'encoder__method': 'target'}",-2762.5481619644493,-2546.829595821234,-2639.1897606234425,-2649.5225061363753,88.36929771173348,89,-2147.2446316720047,-2128.7953281203986,-2166.941184550848,-2147.6603814477508,15.575755232842669
306,2,8000,0.3300009568532308,0.02496594380333282,0.009190956751505533,0.0008138024015351507,rfe,6,dt,10,robust,"['car_age', 'mileage', 'tax', 'mpg']",3,"['car_age', 'mileage']",Isolation_Forest,100,"['tax', 'mpg']","['tax', 'mpg']",0.05,0.15,"DecisionTreeRegressor(max_depth=10, max_features='sqrt', min_samples_leaf=4,
                      min_samples_split=10, random_state=42)",robust,20,iterative,target,"{'selector__selection_method': 'rfe', 'selector__n_features_to_select': 6, 'selector__model_name': 'dt', 'selector__k': 10, 'scaler__scaler_name': 'robust', 'outlier_remover__z_columns': ['car_age', 'mileage', 'tax', 'mpg'], 'outlier_remover__threshold': 3, 'outlier_remover__sev_outliers_cols': ['car_age', 'mileage'], 'outlier_remover__outlier_method': 'Isolation_Forest', 'outlier_remover__n_neighbors': 100, 'outlier_remover__model_columns': ['tax', 'mpg'], 'outlier_remover__mod_outliers_cols': ['tax', 'mpg'], 'outlier_remover__contamination_LOF': 0.05, 'outlier_remover__contamination_IF': 0.15, 'model': DecisionTreeRegressor(max_depth=10, max_features='sqrt', min_samples_leaf=4,
                      min_samples_split=10, random_state=42), 'imputer__knn_scaling_method': 'robust', 'imputer__knn_neighbors': 20, 'imputer__imputation_method': 'iterative', 'encoder__method': 'target'}",-2770.313736472079,-2578.3082113954974,-2449.4926167467456,-2599.3715215381076,131.81880237931927,86,-2287.714615197922,-2141.714037514827,-2079.8827946137517,-2169.7704824421667,87.13548641169227
307,2,8000,0.06379095713297527,0.0084471609763834,0.006665229797363281,0.0011637116328056653,rfe,10,dt,5,standard,"['car_age', 'mileage', 'tax', 'mpg']",3,"['car_age', 'mileage', 'engineSize']",IQR,100,"['car_age', 'mileage', 'tax', 'mpg']","['tax', 'mpg']",0.5,0.05,"DecisionTreeRegressor(max_depth=10, max_features='sqrt', min_samples_leaf=4,
                      min_samples_split=10, random_state=42)",robust,18,simple,target,"{'selector__selection_method': 'rfe', 'selector__n_features_to_select': 10, 'selector__model_name': 'dt', 'selector__k': 5, 'scaler__scaler_name': 'standard', 'outlier_remover__z_columns': ['car_age', 'mileage', 'tax', 'mpg'], 'outlier_remover__threshold': 3, 'outlier_remover__sev_outliers_cols': ['car_age', 'mileage', 'engineSize'], 'outlier_remover__outlier_method': 'IQR', 'outlier_remover__n_neighbors': 100, 'outlier_remover__model_columns': ['car_age', 'mileage', 'tax', 'mpg'], 'outlier_remover__mod_outliers_cols': ['tax', 'mpg'], 'outlier_remover__contamination_LOF': 0.5, 'outlier_remover__contamination_IF': 0.05, 'model': DecisionTreeRegressor(max_depth=10, max_features='sqrt', min_samples_leaf=4,
                      min_samples_split=10, random_state=42), 'imputer__knn_scaling_method': 'robust', 'imputer__knn_neighbors': 18, 'imputer__imputation_method': 'simple', 'encoder__method': 'target'}",-2771.621228641326,-2855.2803502689353,-2547.4019880169794,-2724.767855642414,129.98384619320473,102,-2111.4940856625763,-2204.0059502802446,-2038.9795468571058,-2118.159860933309,67.53642413129909
308,2,8000,0.03553009033203125,0.00047697093199771436,0.010687669118245443,0.0023563101151294875,kbest,10,dt,6,robust,"['car_age', 'mileage', 'tax', 'mpg']",3,"['car_age', 'mileage', 'engineSize']",z_score,30,"['car_age', 'mileage', 'tax', 'mpg']","['tax', 'mpg']",0.5,0.3,"DecisionTreeRegressor(max_depth=10, max_features='sqrt', min_samples_leaf=4,
                      min_samples_split=10, random_state=42)",standard,13,simple,target,"{'selector__selection_method': 'kbest', 'selector__n_features_to_select': 10, 'selector__model_name': 'dt', 'selector__k': 6, 'scaler__scaler_name': 'robust', 'outlier_remover__z_columns': ['car_age', 'mileage', 'tax', 'mpg'], 'outlier_remover__threshold': 3, 'outlier_remover__sev_outliers_cols': ['car_age', 'mileage', 'engineSize'], 'outlier_remover__outlier_method': 'z_score', 'outlier_remover__n_neighbors': 30, 'outlier_remover__model_columns': ['car_age', 'mileage', 'tax', 'mpg'], 'outlier_remover__mod_outliers_cols': ['tax', 'mpg'], 'outlier_remover__contamination_LOF': 0.5, 'outlier_remover__contamination_IF': 0.3, 'model': DecisionTreeRegressor(max_depth=10, max_features='sqrt', min_samples_leaf=4,
                      min_samples_split=10, random_state=42), 'imputer__knn_scaling_method': 'standard', 'imputer__knn_neighbors': 13, 'imputer__imputation_method': 'simple', 'encoder__method': 'target'}",-2522.573915702837,-2604.716082722023,-2485.739634007108,-2537.6765441439893,49.732054562939794,73,-1974.1752880377412,-2111.697714353576,-2066.4326357814025,-2050.7685460575735,57.22544431227354
309,2,8000,0.057250658671061196,0.00720604201381168,0.009436368942260742,0.0027214837181544576,model,7,dt,10,robust,"['car_age', 'mileage', 'tax', 'mpg']",2,"['car_age', 'mileage', 'engineSize']",z_score,70,"['tax', 'mpg']","['tax', 'mpg']",0.15,0.5,"DecisionTreeRegressor(max_depth=10, max_features='sqrt', min_samples_leaf=4,
                      min_samples_split=10, random_state=42)",standard,11,simple,target,"{'selector__selection_method': 'model', 'selector__n_features_to_select': 7, 'selector__model_name': 'dt', 'selector__k': 10, 'scaler__scaler_name': 'robust', 'outlier_remover__z_columns': ['car_age', 'mileage', 'tax', 'mpg'], 'outlier_remover__threshold': 2, 'outlier_remover__sev_outliers_cols': ['car_age', 'mileage', 'engineSize'], 'outlier_remover__outlier_method': 'z_score', 'outlier_remover__n_neighbors': 70, 'outlier_remover__model_columns': ['tax', 'mpg'], 'outlier_remover__mod_outliers_cols': ['tax', 'mpg'], 'outlier_remover__contamination_LOF': 0.15, 'outlier_remover__contamination_IF': 0.5, 'model': DecisionTreeRegressor(max_depth=10, max_features='sqrt', min_samples_leaf=4,
                      min_samples_split=10, random_state=42), 'imputer__knn_scaling_method': 'standard', 'imputer__knn_neighbors': 11, 'imputer__imputation_method': 'simple', 'encoder__method': 'target'}",-2722.844006114299,-2795.808817137488,-2570.6439895908616,-2696.4322709475496,93.80115389096373,96,-2083.117636783852,-2226.1376560044982,-2051.9256670844848,-2120.3936532909447,75.84888628426272
310,2,8000,0.03170641263326009,0.0018362464904998687,0.010056336720784506,0.003352342490191872,kbest,10,dt,10,standard,"['car_age', 'mileage', 'tax', 'mpg']",2,"['car_age', 'mileage']",z_score,100,"['tax', 'mpg']","['car_age', 'mileage', 'tax', 'mpg']",0.05,0.05,"DecisionTreeRegressor(max_depth=10, max_features='sqrt', min_samples_leaf=4,
                      min_samples_split=10, random_state=42)",standard,14,simple,target,"{'selector__selection_method': 'kbest', 'selector__n_features_to_select': 10, 'selector__model_name': 'dt', 'selector__k': 10, 'scaler__scaler_name': 'standard', 'outlier_remover__z_columns': ['car_age', 'mileage', 'tax', 'mpg'], 'outlier_remover__threshold': 2, 'outlier_remover__sev_outliers_cols': ['car_age', 'mileage'], 'outlier_remover__outlier_method': 'z_score', 'outlier_remover__n_neighbors': 100, 'outlier_remover__model_columns': ['tax', 'mpg'], 'outlier_remover__mod_outliers_cols': ['car_age', 'mileage', 'tax', 'mpg'], 'outlier_remover__contamination_LOF': 0.05, 'outlier_remover__contamination_IF': 0.05, 'model': DecisionTreeRegressor(max_depth=10, max_features='sqrt', min_samples_leaf=4,
                      min_samples_split=10, random_state=42), 'imputer__knn_scaling_method': 'standard', 'imputer__knn_neighbors': 14, 'imputer__imputation_method': 'simple', 'encoder__method': 'target'}",-2722.844006114299,-2796.3536827442945,-2568.597186184293,-2695.931625014296,94.9085968135495,95,-2083.117636783852,-2226.1376560044982,-2051.9256670844848,-2120.3936532909447,75.84888628426272
311,2,8000,0.13000710805257162,0.016442746805036917,0.03357680638631185,0.03638080636356836,rfe,10,dt,10,robust,"['car_age', 'mileage', 'tax', 'mpg']",2,"['car_age', 'mileage', 'engineSize']",z_score,50,"['tax', 'mpg']","['tax', 'mpg']",0.5,0.5,"DecisionTreeRegressor(max_depth=10, max_features='sqrt', min_samples_leaf=4,
                      min_samples_split=10, random_state=42)",robust,10,iterative,target,"{'selector__selection_method': 'rfe', 'selector__n_features_to_select': 10, 'selector__model_name': 'dt', 'selector__k': 10, 'scaler__scaler_name': 'robust', 'outlier_remover__z_columns': ['car_age', 'mileage', 'tax', 'mpg'], 'outlier_remover__threshold': 2, 'outlier_remover__sev_outliers_cols': ['car_age', 'mileage', 'engineSize'], 'outlier_remover__outlier_method': 'z_score', 'outlier_remover__n_neighbors': 50, 'outlier_remover__model_columns': ['tax', 'mpg'], 'outlier_remover__mod_outliers_cols': ['tax', 'mpg'], 'outlier_remover__contamination_LOF': 0.5, 'outlier_remover__contamination_IF': 0.5, 'model': DecisionTreeRegressor(max_depth=10, max_features='sqrt', min_samples_leaf=4,
                      min_samples_split=10, random_state=42), 'imputer__knn_scaling_method': 'robust', 'imputer__knn_neighbors': 10, 'imputer__imputation_method': 'iterative', 'encoder__method': 'target'}",-2577.7117077498056,-2595.3602967052757,-2594.7050392025785,-2589.2590145525533,8.169559816632214,83,-2036.8767226657765,-2068.5301874581983,-2146.5904339064723,-2083.9991146768157,46.10669069685265
312,2,8000,0.2857457796732585,0.027918264588515044,0.00967264175415039,0.0025675438880733833,model,5,dt,6,minmax,"['car_age', 'mileage', 'tax', 'mpg']",2,"['car_age', 'mileage']",Isolation_Forest,30,"['tax', 'mpg']","['car_age', 'mileage', 'tax', 'mpg']",0.15,0.05,"DecisionTreeRegressor(max_depth=10, max_features='sqrt', min_samples_leaf=4,
                      min_samples_split=10, random_state=42)",standard,13,iterative,target,"{'selector__selection_method': 'model', 'selector__n_features_to_select': 5, 'selector__model_name': 'dt', 'selector__k': 6, 'scaler__scaler_name': 'minmax', 'outlier_remover__z_columns': ['car_age', 'mileage', 'tax', 'mpg'], 'outlier_remover__threshold': 2, 'outlier_remover__sev_outliers_cols': ['car_age', 'mileage'], 'outlier_remover__outlier_method': 'Isolation_Forest', 'outlier_remover__n_neighbors': 30, 'outlier_remover__model_columns': ['tax', 'mpg'], 'outlier_remover__mod_outliers_cols': ['car_age', 'mileage', 'tax', 'mpg'], 'outlier_remover__contamination_LOF': 0.15, 'outlier_remover__contamination_IF': 0.05, 'model': DecisionTreeRegressor(max_depth=10, max_features='sqrt', min_samples_leaf=4,
                      min_samples_split=10, random_state=42), 'imputer__knn_scaling_method': 'standard', 'imputer__knn_neighbors': 13, 'imputer__imputation_method': 'iterative', 'encoder__method': 'target'}",-2783.9043909801458,-2417.512965656407,-2436.484226754764,-2545.967194463772,168.4251748828324,75,-2179.059867950783,-1989.7599387936896,-1969.518796734893,-2046.1128678264552,94.37020924530725
313,2,8000,0.1578059991200765,0.01116110243624332,0.011477231979370117,0.0034557822231833547,rfe,9,dt,5,standard,"['car_age', 'mileage', 'tax', 'mpg']",2,"['car_age', 'mileage', 'engineSize']",IQR,70,"['car_age', 'mileage', 'tax', 'mpg', 'engineSize']","['car_age', 'mileage', 'tax', 'mpg']",0.5,0.15,"DecisionTreeRegressor(max_depth=10, max_features='sqrt', min_samples_leaf=4,
                      min_samples_split=10, random_state=42)",robust,19,iterative,target,"{'selector__selection_method': 'rfe', 'selector__n_features_to_select': 9, 'selector__model_name': 'dt', 'selector__k': 5, 'scaler__scaler_name': 'standard', 'outlier_remover__z_columns': ['car_age', 'mileage', 'tax', 'mpg'], 'outlier_remover__threshold': 2, 'outlier_remover__sev_outliers_cols': ['car_age', 'mileage', 'engineSize'], 'outlier_remover__outlier_method': 'IQR', 'outlier_remover__n_neighbors': 70, 'outlier_remover__model_columns': ['car_age', 'mileage', 'tax', 'mpg', 'engineSize'], 'outlier_remover__mod_outliers_cols': ['car_age', 'mileage', 'tax', 'mpg'], 'outlier_remover__contamination_LOF': 0.5, 'outlier_remover__contamination_IF': 0.15, 'model': DecisionTreeRegressor(max_depth=10, max_features='sqrt', min_samples_leaf=4,
                      min_samples_split=10, random_state=42), 'imputer__knn_scaling_method': 'robust', 'imputer__knn_neighbors': 19, 'imputer__imputation_method': 'iterative', 'encoder__method': 'target'}",-2622.2128958996727,-2523.4480389371042,-2343.036075766891,-2496.2323368678894,115.58674968525618,58,-2001.5138505364866,-1947.2740343679068,-1898.8590707702886,-1949.2156518915608,41.93112098960849
314,2,8000,0.14703996976216635,0.009196501763743084,0.006344954172770183,0.0005669100286936021,rfe,6,dt,10,robust,"['car_age', 'mileage', 'tax', 'mpg']",2,"['car_age', 'mileage']",z_score,100,"['car_age', 'mileage', 'tax', 'mpg']","['car_age', 'mileage', 'tax', 'mpg']",0.3,0.15,"DecisionTreeRegressor(max_depth=10, max_features='sqrt', min_samples_leaf=4,
                      min_samples_split=10, random_state=42)",robust,11,simple,target,"{'selector__selection_method': 'rfe', 'selector__n_features_to_select': 6, 'selector__model_name': 'dt', 'selector__k': 10, 'scaler__scaler_name': 'robust', 'outlier_remover__z_columns': ['car_age', 'mileage', 'tax', 'mpg'], 'outlier_remover__threshold': 2, 'outlier_remover__sev_outliers_cols': ['car_age', 'mileage'], 'outlier_remover__outlier_method': 'z_score', 'outlier_remover__n_neighbors': 100, 'outlier_remover__model_columns': ['car_age', 'mileage', 'tax', 'mpg'], 'outlier_remover__mod_outliers_cols': ['car_age', 'mileage', 'tax', 'mpg'], 'outlier_remover__contamination_LOF': 0.3, 'outlier_remover__contamination_IF': 0.15, 'model': DecisionTreeRegressor(max_depth=10, max_features='sqrt', min_samples_leaf=4,
                      min_samples_split=10, random_state=42), 'imputer__knn_scaling_method': 'robust', 'imputer__knn_neighbors': 11, 'imputer__imputation_method': 'simple', 'encoder__method': 'target'}",-2653.0281482033006,-2534.7877481676182,-2495.0678091353857,-2560.9612351687683,67.09026628834809,79,-2123.2184260063846,-2023.0902367735641,-2013.5002703760158,-2053.2696443853215,49.61596451130022
315,2,8000,0.17032400767008463,0.04344759493646579,0.006557941436767578,0.0008027471063822779,rfe,9,dt,8,robust,"['car_age', 'mileage', 'tax', 'mpg']",3,"['car_age', 'mileage', 'engineSize']",LOF,70,"['car_age', 'mileage', 'tax', 'mpg', 'engineSize']","['tax', 'mpg']",0.05,0.5,"DecisionTreeRegressor(max_depth=10, max_features='sqrt', min_samples_leaf=4,
                      min_samples_split=10, random_state=42)",standard,12,simple,target,"{'selector__selection_method': 'rfe', 'selector__n_features_to_select': 9, 'selector__model_name': 'dt', 'selector__k': 8, 'scaler__scaler_name': 'robust', 'outlier_remover__z_columns': ['car_age', 'mileage', 'tax', 'mpg'], 'outlier_remover__threshold': 3, 'outlier_remover__sev_outliers_cols': ['car_age', 'mileage', 'engineSize'], 'outlier_remover__outlier_method': 'LOF', 'outlier_remover__n_neighbors': 70, 'outlier_remover__model_columns': ['car_age', 'mileage', 'tax', 'mpg', 'engineSize'], 'outlier_remover__mod_outliers_cols': ['tax', 'mpg'], 'outlier_remover__contamination_LOF': 0.05, 'outlier_remover__contamination_IF': 0.5, 'model': DecisionTreeRegressor(max_depth=10, max_features='sqrt', min_samples_leaf=4,
                      min_samples_split=10, random_state=42), 'imputer__knn_scaling_method': 'standard', 'imputer__knn_neighbors': 12, 'imputer__imputation_method': 'simple', 'encoder__method': 'target'}",-2630.896068857436,-2555.6118796790447,-2468.7783938911466,-2551.7621141425425,66.24022270057877,76,-1978.8932915670807,-2090.890125747186,-1995.6729654018766,-2021.8187942387146,49.31886718599977
316,2,8000,0.46994741757710773,0.06485323475699845,0.23760588963826498,0.01816389147850833,rfe,10,dt,6,standard,"['car_age', 'mileage', 'tax', 'mpg']",3,"['car_age', 'mileage']",IQR,70,"['car_age', 'mileage', 'tax', 'mpg', 'engineSize']","['car_age', 'mileage', 'tax', 'mpg']",0.15,0.5,"DecisionTreeRegressor(max_depth=10, max_features='sqrt', min_samples_leaf=4,
                      min_samples_split=10, random_state=42)",standard,20,knn_modelwise,target,"{'selector__selection_method': 'rfe', 'selector__n_features_to_select': 10, 'selector__model_name': 'dt', 'selector__k': 6, 'scaler__scaler_name': 'standard', 'outlier_remover__z_columns': ['car_age', 'mileage', 'tax', 'mpg'], 'outlier_remover__threshold': 3, 'outlier_remover__sev_outliers_cols': ['car_age', 'mileage'], 'outlier_remover__outlier_method': 'IQR', 'outlier_remover__n_neighbors': 70, 'outlier_remover__model_columns': ['car_age', 'mileage', 'tax', 'mpg', 'engineSize'], 'outlier_remover__mod_outliers_cols': ['car_age', 'mileage', 'tax', 'mpg'], 'outlier_remover__contamination_LOF': 0.15, 'outlier_remover__contamination_IF': 0.5, 'model': DecisionTreeRegressor(max_depth=10, max_features='sqrt', min_samples_leaf=4,
                      min_samples_split=10, random_state=42), 'imputer__knn_scaling_method': 'standard', 'imputer__knn_neighbors': 20, 'imputer__imputation_method': 'knn_modelwise', 'encoder__method': 'target'}",-2539.972368683305,-2669.1111377106326,-2513.3657717198184,-2574.149759371252,68.02070901610576,80,-1987.7930943935455,-2096.5604253109614,-1990.2780858102942,-2024.877201838267,50.697844735008246
317,2,8000,0.26714452107747394,0.07726503860670375,0.015261967976888021,0.006450188812755038,rfe,6,dt,8,standard,"['car_age', 'mileage', 'tax', 'mpg']",3,"['car_age', 'mileage']",IQR,100,"['car_age', 'mileage', 'tax', 'mpg']","['car_age', 'mileage', 'tax', 'mpg']",0.15,0.05,"DecisionTreeRegressor(max_depth=10, max_features='sqrt', min_samples_leaf=4,
                      min_samples_split=10, random_state=42)",robust,20,iterative,target,"{'selector__selection_method': 'rfe', 'selector__n_features_to_select': 6, 'selector__model_name': 'dt', 'selector__k': 8, 'scaler__scaler_name': 'standard', 'outlier_remover__z_columns': ['car_age', 'mileage', 'tax', 'mpg'], 'outlier_remover__threshold': 3, 'outlier_remover__sev_outliers_cols': ['car_age', 'mileage'], 'outlier_remover__outlier_method': 'IQR', 'outlier_remover__n_neighbors': 100, 'outlier_remover__model_columns': ['car_age', 'mileage', 'tax', 'mpg'], 'outlier_remover__mod_outliers_cols': ['car_age', 'mileage', 'tax', 'mpg'], 'outlier_remover__contamination_LOF': 0.15, 'outlier_remover__contamination_IF': 0.05, 'model': DecisionTreeRegressor(max_depth=10, max_features='sqrt', min_samples_leaf=4,
                      min_samples_split=10, random_state=42), 'imputer__knn_scaling_method': 'robust', 'imputer__knn_neighbors': 20, 'imputer__imputation_method': 'iterative', 'encoder__method': 'target'}",-2571.349861426464,-2492.2293466098727,-2537.1744808275744,-2533.584562954637,32.40040739416136,72,-2029.6678151799733,-1982.6233665547566,-2102.7415534095603,-2038.3442450480968,49.42034014292587
318,2,8000,0.1259146531422933,0.013569628453758031,0.01129444440205892,0.002563458832816342,model,7,dt,9,robust,"['car_age', 'mileage', 'tax', 'mpg']",2,"['car_age', 'mileage', 'engineSize']",IQR,30,"['tax', 'mpg']","['tax', 'mpg']",0.3,0.5,"DecisionTreeRegressor(max_depth=10, max_features='sqrt', min_samples_leaf=4,
                      min_samples_split=10, random_state=42)",robust,14,iterative,target,"{'selector__selection_method': 'model', 'selector__n_features_to_select': 7, 'selector__model_name': 'dt', 'selector__k': 9, 'scaler__scaler_name': 'robust', 'outlier_remover__z_columns': ['car_age', 'mileage', 'tax', 'mpg'], 'outlier_remover__threshold': 2, 'outlier_remover__sev_outliers_cols': ['car_age', 'mileage', 'engineSize'], 'outlier_remover__outlier_method': 'IQR', 'outlier_remover__n_neighbors': 30, 'outlier_remover__model_columns': ['tax', 'mpg'], 'outlier_remover__mod_outliers_cols': ['tax', 'mpg'], 'outlier_remover__contamination_LOF': 0.3, 'outlier_remover__contamination_IF': 0.5, 'model': DecisionTreeRegressor(max_depth=10, max_features='sqrt', min_samples_leaf=4,
                      min_samples_split=10, random_state=42), 'imputer__knn_scaling_method': 'robust', 'imputer__knn_neighbors': 14, 'imputer__imputation_method': 'iterative', 'encoder__method': 'target'}",-2495.9307263378573,-2369.787930454061,-2298.5718978422556,-2388.0968515447244,81.60489870882832,45,-1921.8218285567737,-1964.436860040201,-1850.0795925016214,-1912.112760366199,47.188244747814736
319,2,8000,0.06549541155497234,0.004379094363056441,0.00747529665629069,0.0005524524731367703,model,8,dt,5,standard,"['car_age', 'mileage', 'tax', 'mpg']",2,"['car_age', 'mileage']",z_score,30,"['car_age', 'mileage', 'tax', 'mpg']","['car_age', 'mileage', 'tax', 'mpg']",0.05,0.5,"DecisionTreeRegressor(max_depth=10, max_features='sqrt', min_samples_leaf=4,
                      min_samples_split=10, random_state=42)",standard,13,simple,target,"{'selector__selection_method': 'model', 'selector__n_features_to_select': 8, 'selector__model_name': 'dt', 'selector__k': 5, 'scaler__scaler_name': 'standard', 'outlier_remover__z_columns': ['car_age', 'mileage', 'tax', 'mpg'], 'outlier_remover__threshold': 2, 'outlier_remover__sev_outliers_cols': ['car_age', 'mileage'], 'outlier_remover__outlier_method': 'z_score', 'outlier_remover__n_neighbors': 30, 'outlier_remover__model_columns': ['car_age', 'mileage', 'tax', 'mpg'], 'outlier_remover__mod_outliers_cols': ['car_age', 'mileage', 'tax', 'mpg'], 'outlier_remover__contamination_LOF': 0.05, 'outlier_remover__contamination_IF': 0.5, 'model': DecisionTreeRegressor(max_depth=10, max_features='sqrt', min_samples_leaf=4,
                      min_samples_split=10, random_state=42), 'imputer__knn_scaling_method': 'standard', 'imputer__knn_neighbors': 13, 'imputer__imputation_method': 'simple', 'encoder__method': 'target'}",-2569.5780034117493,-2579.4185526942774,-2390.563077474523,-2513.18654452685,86.80090286202967,65,-1946.473922248511,-2004.4124968501374,-1969.634171523972,-1973.5068635408734,23.81131263790927
320,2,8000,0.43746741612752277,0.016868554140268704,0.2370422681172689,0.030785112640957648,rfe,10,dt,8,robust,"['car_age', 'mileage', 'tax', 'mpg']",3,"['car_age', 'mileage']",z_score,50,"['tax', 'mpg']","['car_age', 'mileage', 'tax', 'mpg']",0.05,0.15,"DecisionTreeRegressor(max_depth=10, max_features='sqrt', min_samples_leaf=4,
                      min_samples_split=10, random_state=42)",standard,13,knn_modelwise,target,"{'selector__selection_method': 'rfe', 'selector__n_features_to_select': 10, 'selector__model_name': 'dt', 'selector__k': 8, 'scaler__scaler_name': 'robust', 'outlier_remover__z_columns': ['car_age', 'mileage', 'tax', 'mpg'], 'outlier_remover__threshold': 3, 'outlier_remover__sev_outliers_cols': ['car_age', 'mileage'], 'outlier_remover__outlier_method': 'z_score', 'outlier_remover__n_neighbors': 50, 'outlier_remover__model_columns': ['tax', 'mpg'], 'outlier_remover__mod_outliers_cols': ['car_age', 'mileage', 'tax', 'mpg'], 'outlier_remover__contamination_LOF': 0.05, 'outlier_remover__contamination_IF': 0.15, 'model': DecisionTreeRegressor(max_depth=10, max_features='sqrt', min_samples_leaf=4,
                      min_samples_split=10, random_state=42), 'imputer__knn_scaling_method': 'standard', 'imputer__knn_neighbors': 13, 'imputer__imputation_method': 'knn_modelwise', 'encoder__method': 'target'}",-2622.0573902622687,-2712.132420227941,-2489.760304193419,-2607.98337156121,91.3268781145181,87,-2071.7016405050736,-2087.594512628218,-2009.0509937020436,-2056.1157156117783,33.90636009572209
321,2,8000,0.11647597948710124,0.016517465117729762,0.011157671610514322,0.002991876794159869,kbest,5,dt,7,minmax,"['car_age', 'mileage', 'tax', 'mpg']",2,"['car_age', 'mileage', 'engineSize']",IQR,90,"['tax', 'mpg']","['tax', 'mpg']",0.3,0.05,"DecisionTreeRegressor(max_depth=10, max_features='sqrt', min_samples_leaf=4,
                      min_samples_split=10, random_state=42)",robust,11,iterative,target,"{'selector__selection_method': 'kbest', 'selector__n_features_to_select': 5, 'selector__model_name': 'dt', 'selector__k': 7, 'scaler__scaler_name': 'minmax', 'outlier_remover__z_columns': ['car_age', 'mileage', 'tax', 'mpg'], 'outlier_remover__threshold': 2, 'outlier_remover__sev_outliers_cols': ['car_age', 'mileage', 'engineSize'], 'outlier_remover__outlier_method': 'IQR', 'outlier_remover__n_neighbors': 90, 'outlier_remover__model_columns': ['tax', 'mpg'], 'outlier_remover__mod_outliers_cols': ['tax', 'mpg'], 'outlier_remover__contamination_LOF': 0.3, 'outlier_remover__contamination_IF': 0.05, 'model': DecisionTreeRegressor(max_depth=10, max_features='sqrt', min_samples_leaf=4,
                      min_samples_split=10, random_state=42), 'imputer__knn_scaling_method': 'robust', 'imputer__knn_neighbors': 11, 'imputer__imputation_method': 'iterative', 'encoder__method': 'target'}",-2689.9045146644594,-2357.053977434616,-2482.4664412897923,-2509.8083111296223,137.25415213707862,62,-2077.3107751436737,-1965.339139251907,-1985.9308484016776,-2009.5269209324194,48.66205085571724
322,2,8000,0.27931896845499676,0.003347631538242084,0.008615732192993164,0.0008086625633082933,rfe,9,dt,9,minmax,"['car_age', 'mileage', 'tax', 'mpg']",2,"['car_age', 'mileage']",LOF,100,"['tax', 'mpg']","['tax', 'mpg']",0.05,0.5,"DecisionTreeRegressor(max_depth=10, max_features='sqrt', min_samples_leaf=4,
                      min_samples_split=10, random_state=42)",standard,11,iterative,target,"{'selector__selection_method': 'rfe', 'selector__n_features_to_select': 9, 'selector__model_name': 'dt', 'selector__k': 9, 'scaler__scaler_name': 'minmax', 'outlier_remover__z_columns': ['car_age', 'mileage', 'tax', 'mpg'], 'outlier_remover__threshold': 2, 'outlier_remover__sev_outliers_cols': ['car_age', 'mileage'], 'outlier_remover__outlier_method': 'LOF', 'outlier_remover__n_neighbors': 100, 'outlier_remover__model_columns': ['tax', 'mpg'], 'outlier_remover__mod_outliers_cols': ['tax', 'mpg'], 'outlier_remover__contamination_LOF': 0.05, 'outlier_remover__contamination_IF': 0.5, 'model': DecisionTreeRegressor(max_depth=10, max_features='sqrt', min_samples_leaf=4,
                      min_samples_split=10, random_state=42), 'imputer__knn_scaling_method': 'standard', 'imputer__knn_neighbors': 11, 'imputer__imputation_method': 'iterative', 'encoder__method': 'target'}",-2515.560412226678,-2529.739274164584,-2432.946081768716,-2492.748589386659,42.68110408997709,54,-1964.1722835075266,-1975.1379414767005,-2015.181142397241,-1984.8304557938227,21.923116363759593
323,2,8000,0.10385537147521973,0.01625221771676057,0.012397368748982748,0.004465680310206981,kbest,6,dt,7,minmax,"['car_age', 'mileage', 'tax', 'mpg']",3,"['car_age', 'mileage']",IQR,70,"['car_age', 'mileage', 'tax', 'mpg']","['tax', 'mpg']",0.05,0.3,"DecisionTreeRegressor(max_depth=10, max_features='sqrt', min_samples_leaf=4,
                      min_samples_split=10, random_state=42)",robust,14,iterative,target,"{'selector__selection_method': 'kbest', 'selector__n_features_to_select': 6, 'selector__model_name': 'dt', 'selector__k': 7, 'scaler__scaler_name': 'minmax', 'outlier_remover__z_columns': ['car_age', 'mileage', 'tax', 'mpg'], 'outlier_remover__threshold': 3, 'outlier_remover__sev_outliers_cols': ['car_age', 'mileage'], 'outlier_remover__outlier_method': 'IQR', 'outlier_remover__n_neighbors': 70, 'outlier_remover__model_columns': ['car_age', 'mileage', 'tax', 'mpg'], 'outlier_remover__mod_outliers_cols': ['tax', 'mpg'], 'outlier_remover__contamination_LOF': 0.05, 'outlier_remover__contamination_IF': 0.3, 'model': DecisionTreeRegressor(max_depth=10, max_features='sqrt', min_samples_leaf=4,
                      min_samples_split=10, random_state=42), 'imputer__knn_scaling_method': 'robust', 'imputer__knn_neighbors': 14, 'imputer__imputation_method': 'iterative', 'encoder__method': 'target'}",-2689.9045146644594,-2357.118131907381,-2482.466441289792,-2509.8296959538775,137.2303535823224,63,-2077.3107751436737,-1965.3391392519063,-1985.9308484016776,-2009.526920932419,48.662050855717446
324,2,8000,0.1946544647216797,0.013364481357245831,0.010376532872517904,0.003290179618505225,rfe,6,dt,7,standard,"['car_age', 'mileage', 'tax', 'mpg']",2,"['car_age', 'mileage']",IQR,100,"['car_age', 'mileage', 'tax', 'mpg', 'engineSize']","['tax', 'mpg']",0.15,0.3,"DecisionTreeRegressor(max_depth=10, max_features='sqrt', min_samples_leaf=4,
                      min_samples_split=10, random_state=42)",robust,14,iterative,target,"{'selector__selection_method': 'rfe', 'selector__n_features_to_select': 6, 'selector__model_name': 'dt', 'selector__k': 7, 'scaler__scaler_name': 'standard', 'outlier_remover__z_columns': ['car_age', 'mileage', 'tax', 'mpg'], 'outlier_remover__threshold': 2, 'outlier_remover__sev_outliers_cols': ['car_age', 'mileage'], 'outlier_remover__outlier_method': 'IQR', 'outlier_remover__n_neighbors': 100, 'outlier_remover__model_columns': ['car_age', 'mileage', 'tax', 'mpg', 'engineSize'], 'outlier_remover__mod_outliers_cols': ['tax', 'mpg'], 'outlier_remover__contamination_LOF': 0.15, 'outlier_remover__contamination_IF': 0.3, 'model': DecisionTreeRegressor(max_depth=10, max_features='sqrt', min_samples_leaf=4,
                      min_samples_split=10, random_state=42), 'imputer__knn_scaling_method': 'robust', 'imputer__knn_neighbors': 14, 'imputer__imputation_method': 'iterative', 'encoder__method': 'target'}",-2568.7863339248743,-2415.946251655176,-2498.72043536762,-2494.48434031589,62.46855776051121,57,-2036.702064172561,-1955.046574098581,-2013.5387074749826,-2001.7624485820415,34.36000552910939
325,2,8000,0.20466955502827963,0.018374002896177643,0.008687019348144531,0.0009024188466968589,rfe,6,dt,6,minmax,"['car_age', 'mileage', 'tax', 'mpg']",2,"['car_age', 'mileage']",z_score,90,"['tax', 'mpg']","['car_age', 'mileage', 'tax', 'mpg']",0.5,0.3,"DecisionTreeRegressor(max_depth=10, max_features='sqrt', min_samples_leaf=4,
                      min_samples_split=10, random_state=42)",minmax,12,iterative,target,"{'selector__selection_method': 'rfe', 'selector__n_features_to_select': 6, 'selector__model_name': 'dt', 'selector__k': 6, 'scaler__scaler_name': 'minmax', 'outlier_remover__z_columns': ['car_age', 'mileage', 'tax', 'mpg'], 'outlier_remover__threshold': 2, 'outlier_remover__sev_outliers_cols': ['car_age', 'mileage'], 'outlier_remover__outlier_method': 'z_score', 'outlier_remover__n_neighbors': 90, 'outlier_remover__model_columns': ['tax', 'mpg'], 'outlier_remover__mod_outliers_cols': ['car_age', 'mileage', 'tax', 'mpg'], 'outlier_remover__contamination_LOF': 0.5, 'outlier_remover__contamination_IF': 0.3, 'model': DecisionTreeRegressor(max_depth=10, max_features='sqrt', min_samples_leaf=4,
                      min_samples_split=10, random_state=42), 'imputer__knn_scaling_method': 'minmax', 'imputer__knn_neighbors': 12, 'imputer__imputation_method': 'iterative', 'encoder__method': 'target'}",-2561.744424709679,-2448.12419472922,-2466.7502351854696,-2492.2062848747896,49.75538171589715,53,-2031.7640603305917,-2016.6384631868234,-1955.0832886117544,-2001.1619373763897,33.162502179619224
326,2,8000,0.10516675313313802,0.0045404118395341395,0.013478994369506836,0.004967820862340647,kbest,7,dt,6,robust,"['car_age', 'mileage', 'tax', 'mpg']",3,"['car_age', 'mileage']",z_score,50,"['car_age', 'mileage', 'tax', 'mpg']","['car_age', 'mileage', 'tax', 'mpg']",0.15,0.3,"DecisionTreeRegressor(max_depth=10, max_features='sqrt', min_samples_leaf=4,
                      min_samples_split=10, random_state=42)",standard,14,iterative,target,"{'selector__selection_method': 'kbest', 'selector__n_features_to_select': 7, 'selector__model_name': 'dt', 'selector__k': 6, 'scaler__scaler_name': 'robust', 'outlier_remover__z_columns': ['car_age', 'mileage', 'tax', 'mpg'], 'outlier_remover__threshold': 3, 'outlier_remover__sev_outliers_cols': ['car_age', 'mileage'], 'outlier_remover__outlier_method': 'z_score', 'outlier_remover__n_neighbors': 50, 'outlier_remover__model_columns': ['car_age', 'mileage', 'tax', 'mpg'], 'outlier_remover__mod_outliers_cols': ['car_age', 'mileage', 'tax', 'mpg'], 'outlier_remover__contamination_LOF': 0.15, 'outlier_remover__contamination_IF': 0.3, 'model': DecisionTreeRegressor(max_depth=10, max_features='sqrt', min_samples_leaf=4,
                      min_samples_split=10, random_state=42), 'imputer__knn_scaling_method': 'standard', 'imputer__knn_neighbors': 14, 'imputer__imputation_method': 'iterative', 'encoder__method': 'target'}",-2472.0820034177623,-2571.791675501,-2446.717714144787,-2496.8637976878495,53.98442335691277,59,-2029.3852180422405,-2071.648425246971,-2156.7809912377197,-2085.938211508977,52.98156440737263
327,2,8000,0.1748387018839518,0.018702203974725704,0.014257272084554037,0.0035257084760048746,rfe,8,dt,9,minmax,"['car_age', 'mileage', 'tax', 'mpg']",3,"['car_age', 'mileage', 'engineSize']",IQR,100,"['tax', 'mpg']","['tax', 'mpg']",0.3,0.05,"DecisionTreeRegressor(max_depth=10, max_features='sqrt', min_samples_leaf=4,
                      min_samples_split=10, random_state=42)",robust,17,iterative,target,"{'selector__selection_method': 'rfe', 'selector__n_features_to_select': 8, 'selector__model_name': 'dt', 'selector__k': 9, 'scaler__scaler_name': 'minmax', 'outlier_remover__z_columns': ['car_age', 'mileage', 'tax', 'mpg'], 'outlier_remover__threshold': 3, 'outlier_remover__sev_outliers_cols': ['car_age', 'mileage', 'engineSize'], 'outlier_remover__outlier_method': 'IQR', 'outlier_remover__n_neighbors': 100, 'outlier_remover__model_columns': ['tax', 'mpg'], 'outlier_remover__mod_outliers_cols': ['tax', 'mpg'], 'outlier_remover__contamination_LOF': 0.3, 'outlier_remover__contamination_IF': 0.05, 'model': DecisionTreeRegressor(max_depth=10, max_features='sqrt', min_samples_leaf=4,
                      min_samples_split=10, random_state=42), 'imputer__knn_scaling_method': 'robust', 'imputer__knn_neighbors': 17, 'imputer__imputation_method': 'iterative', 'encoder__method': 'target'}",-2590.082842444902,-2516.2009766548,-2446.784764442508,-2517.6895278474035,58.51066357673504,67,-2025.472278664052,-2087.7285227456546,-1997.8449911338785,-2037.0152641811949,37.59160100995982
328,2,8000,0.1374213695526123,0.0428722009417455,0.01152499516805013,0.003499284234425609,model,7,dt,8,standard,"['car_age', 'mileage', 'tax', 'mpg']",2,"['car_age', 'mileage']",IQR,70,"['car_age', 'mileage', 'tax', 'mpg']","['tax', 'mpg']",0.3,0.3,"DecisionTreeRegressor(max_depth=10, max_features='sqrt', min_samples_leaf=4,
                      min_samples_split=10, random_state=42)",standard,13,iterative,target,"{'selector__selection_method': 'model', 'selector__n_features_to_select': 7, 'selector__model_name': 'dt', 'selector__k': 8, 'scaler__scaler_name': 'standard', 'outlier_remover__z_columns': ['car_age', 'mileage', 'tax', 'mpg'], 'outlier_remover__threshold': 2, 'outlier_remover__sev_outliers_cols': ['car_age', 'mileage'], 'outlier_remover__outlier_method': 'IQR', 'outlier_remover__n_neighbors': 70, 'outlier_remover__model_columns': ['car_age', 'mileage', 'tax', 'mpg'], 'outlier_remover__mod_outliers_cols': ['tax', 'mpg'], 'outlier_remover__contamination_LOF': 0.3, 'outlier_remover__contamination_IF': 0.3, 'model': DecisionTreeRegressor(max_depth=10, max_features='sqrt', min_samples_leaf=4,
                      min_samples_split=10, random_state=42), 'imputer__knn_scaling_method': 'standard', 'imputer__knn_neighbors': 13, 'imputer__imputation_method': 'iterative', 'encoder__method': 'target'}",-2590.082842444902,-2432.2066106005564,-2446.784764442508,-2489.691405829322,71.23651241540342,52,-2025.472278664052,-2022.3681262858063,-1997.8449911338785,-2015.2284653612458,12.357125411599451
329,2,8000,0.04202413558959961,0.004885682252855883,0.008711496988932291,0.002212227264383254,kbest,8,dt,6,standard,"['car_age', 'mileage', 'tax', 'mpg']",3,"['car_age', 'mileage']",IQR,70,"['car_age', 'mileage', 'tax', 'mpg', 'engineSize']","['car_age', 'mileage', 'tax', 'mpg']",0.15,0.5,"DecisionTreeRegressor(max_depth=10, max_features='sqrt', min_samples_leaf=4,
                      min_samples_split=10, random_state=42)",robust,10,simple,target,"{'selector__selection_method': 'kbest', 'selector__n_features_to_select': 8, 'selector__model_name': 'dt', 'selector__k': 6, 'scaler__scaler_name': 'standard', 'outlier_remover__z_columns': ['car_age', 'mileage', 'tax', 'mpg'], 'outlier_remover__threshold': 3, 'outlier_remover__sev_outliers_cols': ['car_age', 'mileage'], 'outlier_remover__outlier_method': 'IQR', 'outlier_remover__n_neighbors': 70, 'outlier_remover__model_columns': ['car_age', 'mileage', 'tax', 'mpg', 'engineSize'], 'outlier_remover__mod_outliers_cols': ['car_age', 'mileage', 'tax', 'mpg'], 'outlier_remover__contamination_LOF': 0.15, 'outlier_remover__contamination_IF': 0.5, 'model': DecisionTreeRegressor(max_depth=10, max_features='sqrt', min_samples_leaf=4,
                      min_samples_split=10, random_state=42), 'imputer__knn_scaling_method': 'robust', 'imputer__knn_neighbors': 10, 'imputer__imputation_method': 'simple', 'encoder__method': 'target'}",-2509.2815775122544,-2490.1450572967674,-2481.109570131378,-2493.512068313467,11.745015179697024,55,-2030.3545671640286,-2077.227432915198,-2067.1068987802055,-2058.229632953144,20.13902964155289
330,2,8000,0.09911489486694336,0.003147670218214646,0.007894674936930338,0.003775409737047074,kbest,10,dt,5,robust,"['car_age', 'mileage', 'tax', 'mpg']",2,"['car_age', 'mileage']",LOF,70,"['car_age', 'mileage', 'tax', 'mpg']","['car_age', 'mileage', 'tax', 'mpg']",0.05,0.5,"DecisionTreeRegressor(max_depth=10, max_features='sqrt', min_samples_leaf=4,
                      min_samples_split=10, random_state=42)",minmax,20,simple,target,"{'selector__selection_method': 'kbest', 'selector__n_features_to_select': 10, 'selector__model_name': 'dt', 'selector__k': 5, 'scaler__scaler_name': 'robust', 'outlier_remover__z_columns': ['car_age', 'mileage', 'tax', 'mpg'], 'outlier_remover__threshold': 2, 'outlier_remover__sev_outliers_cols': ['car_age', 'mileage'], 'outlier_remover__outlier_method': 'LOF', 'outlier_remover__n_neighbors': 70, 'outlier_remover__model_columns': ['car_age', 'mileage', 'tax', 'mpg'], 'outlier_remover__mod_outliers_cols': ['car_age', 'mileage', 'tax', 'mpg'], 'outlier_remover__contamination_LOF': 0.05, 'outlier_remover__contamination_IF': 0.5, 'model': DecisionTreeRegressor(max_depth=10, max_features='sqrt', min_samples_leaf=4,
                      min_samples_split=10, random_state=42), 'imputer__knn_scaling_method': 'minmax', 'imputer__knn_neighbors': 20, 'imputer__imputation_method': 'simple', 'encoder__method': 'target'}",-2487.5586839799694,-2564.8723962499243,-2489.9524840220924,-2514.127854750662,35.895115161055756,66,-2152.983263931061,-2325.512278502538,-2228.5377790942284,-2235.677773842609,70.61538954555812
331,2,8000,0.09698867797851562,0.0070410564687413335,0.009908358256022135,0.002978677168019666,kbest,7,dt,6,robust,"['car_age', 'mileage', 'tax', 'mpg']",2,"['car_age', 'mileage', 'engineSize']",z_score,70,"['car_age', 'mileage', 'tax', 'mpg']","['car_age', 'mileage', 'tax', 'mpg']",0.05,0.15,"DecisionTreeRegressor(max_depth=10, max_features='sqrt', min_samples_leaf=4,
                      min_samples_split=10, random_state=42)",minmax,19,iterative,target,"{'selector__selection_method': 'kbest', 'selector__n_features_to_select': 7, 'selector__model_name': 'dt', 'selector__k': 6, 'scaler__scaler_name': 'robust', 'outlier_remover__z_columns': ['car_age', 'mileage', 'tax', 'mpg'], 'outlier_remover__threshold': 2, 'outlier_remover__sev_outliers_cols': ['car_age', 'mileage', 'engineSize'], 'outlier_remover__outlier_method': 'z_score', 'outlier_remover__n_neighbors': 70, 'outlier_remover__model_columns': ['car_age', 'mileage', 'tax', 'mpg'], 'outlier_remover__mod_outliers_cols': ['car_age', 'mileage', 'tax', 'mpg'], 'outlier_remover__contamination_LOF': 0.05, 'outlier_remover__contamination_IF': 0.15, 'model': DecisionTreeRegressor(max_depth=10, max_features='sqrt', min_samples_leaf=4,
                      min_samples_split=10, random_state=42), 'imputer__knn_scaling_method': 'minmax', 'imputer__knn_neighbors': 19, 'imputer__imputation_method': 'iterative', 'encoder__method': 'target'}",-2577.0334668643904,-2556.5065053992876,-2429.7099921168315,-2521.08332146017,65.15188932134964,70,-1997.331511957449,-2157.902064838292,-2065.799759723384,-2073.6777788397085,65.78892004997387
332,2,8000,0.12185200055440266,0.016411144915850908,0.012359937032063803,0.005625683157430629,model,6,dt,7,minmax,"['car_age', 'mileage', 'tax', 'mpg']",3,"['car_age', 'mileage', 'engineSize']",z_score,30,"['car_age', 'mileage', 'tax', 'mpg']","['tax', 'mpg']",0.05,0.3,"DecisionTreeRegressor(max_depth=10, max_features='sqrt', min_samples_leaf=4,
                      min_samples_split=10, random_state=42)",robust,15,iterative,target,"{'selector__selection_method': 'model', 'selector__n_features_to_select': 6, 'selector__model_name': 'dt', 'selector__k': 7, 'scaler__scaler_name': 'minmax', 'outlier_remover__z_columns': ['car_age', 'mileage', 'tax', 'mpg'], 'outlier_remover__threshold': 3, 'outlier_remover__sev_outliers_cols': ['car_age', 'mileage', 'engineSize'], 'outlier_remover__outlier_method': 'z_score', 'outlier_remover__n_neighbors': 30, 'outlier_remover__model_columns': ['car_age', 'mileage', 'tax', 'mpg'], 'outlier_remover__mod_outliers_cols': ['tax', 'mpg'], 'outlier_remover__contamination_LOF': 0.05, 'outlier_remover__contamination_IF': 0.3, 'model': DecisionTreeRegressor(max_depth=10, max_features='sqrt', min_samples_leaf=4,
                      min_samples_split=10, random_state=42), 'imputer__knn_scaling_method': 'robust', 'imputer__knn_neighbors': 15, 'imputer__imputation_method': 'iterative', 'encoder__method': 'target'}",-2668.8786603804588,-2562.1555431434563,-2617.595804128135,-2616.210002550684,43.580548204482206,88,-2102.048117915444,-2043.252059005427,-2099.256940840829,-2081.5190392539002,27.082823589478583
333,2,8000,0.20694414774576822,0.01499668663203119,0.009832223256429037,0.0027575654355656808,rfe,5,dt,7,standard,"['car_age', 'mileage', 'tax', 'mpg']",3,"['car_age', 'mileage', 'engineSize']",IQR,30,"['tax', 'mpg']","['tax', 'mpg']",0.15,0.15,"DecisionTreeRegressor(max_depth=10, max_features='sqrt', min_samples_leaf=4,
                      min_samples_split=10, random_state=42)",standard,11,iterative,target,"{'selector__selection_method': 'rfe', 'selector__n_features_to_select': 5, 'selector__model_name': 'dt', 'selector__k': 7, 'scaler__scaler_name': 'standard', 'outlier_remover__z_columns': ['car_age', 'mileage', 'tax', 'mpg'], 'outlier_remover__threshold': 3, 'outlier_remover__sev_outliers_cols': ['car_age', 'mileage', 'engineSize'], 'outlier_remover__outlier_method': 'IQR', 'outlier_remover__n_neighbors': 30, 'outlier_remover__model_columns': ['tax', 'mpg'], 'outlier_remover__mod_outliers_cols': ['tax', 'mpg'], 'outlier_remover__contamination_LOF': 0.15, 'outlier_remover__contamination_IF': 0.15, 'model': DecisionTreeRegressor(max_depth=10, max_features='sqrt', min_samples_leaf=4,
                      min_samples_split=10, random_state=42), 'imputer__knn_scaling_method': 'standard', 'imputer__knn_neighbors': 11, 'imputer__imputation_method': 'iterative', 'encoder__method': 'target'}",-2488.9788345564275,-2473.9949238050744,-2399.6220090745524,-2454.1985891453514,39.07327914333431,49,-1941.3288911060233,-1976.251256440154,-1974.0490978800763,-1963.8764151420846,15.968834348995756
334,2,8000,0.15506362915039062,0.022605655319015136,0.012149810791015625,0.005149317316636017,model,9,dt,9,minmax,"['car_age', 'mileage', 'tax', 'mpg']",3,"['car_age', 'mileage', 'engineSize']",LOF,100,"['car_age', 'mileage', 'tax', 'mpg', 'engineSize']","['car_age', 'mileage', 'tax', 'mpg']",0.05,0.3,"DecisionTreeRegressor(max_depth=10, max_features='sqrt', min_samples_leaf=4,
                      min_samples_split=10, random_state=42)",robust,10,simple,target,"{'selector__selection_method': 'model', 'selector__n_features_to_select': 9, 'selector__model_name': 'dt', 'selector__k': 9, 'scaler__scaler_name': 'minmax', 'outlier_remover__z_columns': ['car_age', 'mileage', 'tax', 'mpg'], 'outlier_remover__threshold': 3, 'outlier_remover__sev_outliers_cols': ['car_age', 'mileage', 'engineSize'], 'outlier_remover__outlier_method': 'LOF', 'outlier_remover__n_neighbors': 100, 'outlier_remover__model_columns': ['car_age', 'mileage', 'tax', 'mpg', 'engineSize'], 'outlier_remover__mod_outliers_cols': ['car_age', 'mileage', 'tax', 'mpg'], 'outlier_remover__contamination_LOF': 0.05, 'outlier_remover__contamination_IF': 0.3, 'model': DecisionTreeRegressor(max_depth=10, max_features='sqrt', min_samples_leaf=4,
                      min_samples_split=10, random_state=42), 'imputer__knn_scaling_method': 'robust', 'imputer__knn_neighbors': 10, 'imputer__imputation_method': 'simple', 'encoder__method': 'target'}",-2666.184612589106,-2588.860712961731,-2509.242793392537,-2588.0960396477913,64.07351089251544,82,-2095.738632485452,-2054.075458526877,-2058.1098126631287,-2069.3079678918193,18.761734576348175
335,2,8000,0.5011664231618246,0.02592475617152828,0.20378867785135904,0.0026228747469313547,rfe,6,dt,6,standard,"['car_age', 'mileage', 'tax', 'mpg']",2,"['car_age', 'mileage']",z_score,90,"['car_age', 'mileage', 'tax', 'mpg']","['tax', 'mpg']",0.3,0.3,"DecisionTreeRegressor(max_depth=10, max_features='sqrt', min_samples_leaf=4,
                      min_samples_split=10, random_state=42)",standard,17,knn_modelwise,target,"{'selector__selection_method': 'rfe', 'selector__n_features_to_select': 6, 'selector__model_name': 'dt', 'selector__k': 6, 'scaler__scaler_name': 'standard', 'outlier_remover__z_columns': ['car_age', 'mileage', 'tax', 'mpg'], 'outlier_remover__threshold': 2, 'outlier_remover__sev_outliers_cols': ['car_age', 'mileage'], 'outlier_remover__outlier_method': 'z_score', 'outlier_remover__n_neighbors': 90, 'outlier_remover__model_columns': ['car_age', 'mileage', 'tax', 'mpg'], 'outlier_remover__mod_outliers_cols': ['tax', 'mpg'], 'outlier_remover__contamination_LOF': 0.3, 'outlier_remover__contamination_IF': 0.3, 'model': DecisionTreeRegressor(max_depth=10, max_features='sqrt', min_samples_leaf=4,
                      min_samples_split=10, random_state=42), 'imputer__knn_scaling_method': 'standard', 'imputer__knn_neighbors': 17, 'imputer__imputation_method': 'knn_modelwise', 'encoder__method': 'target'}",-2528.223210908475,-2458.2613607727944,-2387.3276911429602,-2457.9374209414095,57.52081116291386,50,-1959.584625753929,-1913.9665937276143,-1975.1259850296622,-1949.5590681704018,25.95511047629114
336,2,8000,0.41670695940653485,0.04905005163390191,0.2249267896016439,0.01474153186518958,model,8,dt,10,robust,"['car_age', 'mileage', 'tax', 'mpg']",3,"['car_age', 'mileage', 'engineSize']",z_score,100,"['car_age', 'mileage', 'tax', 'mpg']","['tax', 'mpg']",0.5,0.5,"DecisionTreeRegressor(max_depth=10, max_features='sqrt', min_samples_leaf=4,
                      min_samples_split=10, random_state=42)",robust,18,knn_modelwise,target,"{'selector__selection_method': 'model', 'selector__n_features_to_select': 8, 'selector__model_name': 'dt', 'selector__k': 10, 'scaler__scaler_name': 'robust', 'outlier_remover__z_columns': ['car_age', 'mileage', 'tax', 'mpg'], 'outlier_remover__threshold': 3, 'outlier_remover__sev_outliers_cols': ['car_age', 'mileage', 'engineSize'], 'outlier_remover__outlier_method': 'z_score', 'outlier_remover__n_neighbors': 100, 'outlier_remover__model_columns': ['car_age', 'mileage', 'tax', 'mpg'], 'outlier_remover__mod_outliers_cols': ['tax', 'mpg'], 'outlier_remover__contamination_LOF': 0.5, 'outlier_remover__contamination_IF': 0.5, 'model': DecisionTreeRegressor(max_depth=10, max_features='sqrt', min_samples_leaf=4,
                      min_samples_split=10, random_state=42), 'imputer__knn_scaling_method': 'robust', 'imputer__knn_neighbors': 18, 'imputer__imputation_method': 'knn_modelwise', 'encoder__method': 'target'}",-2611.102698650765,-2477.9245248525667,-2583.857692103004,-2557.6283052021117,57.446160573492875,78,-2065.311468978456,-1985.352312582881,-1997.5695764782965,-2016.0777860132112,35.16894499426294
337,2,8000,0.5820833841959635,0.007666330218948124,0.19487754503885904,0.005883393799057219,rfe,6,dt,5,standard,"['car_age', 'mileage', 'tax', 'mpg']",3,"['car_age', 'mileage']",Isolation_Forest,90,"['car_age', 'mileage', 'tax', 'mpg']","['car_age', 'mileage', 'tax', 'mpg']",0.05,0.05,"DecisionTreeRegressor(max_depth=10, max_features='sqrt', min_samples_leaf=4,
                      min_samples_split=10, random_state=42)",minmax,18,knn_modelwise,target,"{'selector__selection_method': 'rfe', 'selector__n_features_to_select': 6, 'selector__model_name': 'dt', 'selector__k': 5, 'scaler__scaler_name': 'standard', 'outlier_remover__z_columns': ['car_age', 'mileage', 'tax', 'mpg'], 'outlier_remover__threshold': 3, 'outlier_remover__sev_outliers_cols': ['car_age', 'mileage'], 'outlier_remover__outlier_method': 'Isolation_Forest', 'outlier_remover__n_neighbors': 90, 'outlier_remover__model_columns': ['car_age', 'mileage', 'tax', 'mpg'], 'outlier_remover__mod_outliers_cols': ['car_age', 'mileage', 'tax', 'mpg'], 'outlier_remover__contamination_LOF': 0.05, 'outlier_remover__contamination_IF': 0.05, 'model': DecisionTreeRegressor(max_depth=10, max_features='sqrt', min_samples_leaf=4,
                      min_samples_split=10, random_state=42), 'imputer__knn_scaling_method': 'minmax', 'imputer__knn_neighbors': 18, 'imputer__imputation_method': 'knn_modelwise', 'encoder__method': 'target'}",-2744.784322689321,-2684.7896570410953,-2542.598760581112,-2657.3909134371756,84.78509595661293,91,-2088.668379428659,-2184.7052451987533,-2160.492027456619,-2144.6218840280108,40.781253749480086
338,2,8000,0.10516238212585449,0.004520844567170556,0.01247262954711914,0.005154576622741968,kbest,10,dt,5,robust,"['car_age', 'mileage', 'tax', 'mpg']",3,"['car_age', 'mileage']",z_score,100,"['car_age', 'mileage', 'tax', 'mpg', 'engineSize']","['tax', 'mpg']",0.15,0.3,"DecisionTreeRegressor(max_depth=10, max_features='sqrt', min_samples_leaf=4,
                      min_samples_split=10, random_state=42)",standard,19,iterative,target,"{'selector__selection_method': 'kbest', 'selector__n_features_to_select': 10, 'selector__model_name': 'dt', 'selector__k': 5, 'scaler__scaler_name': 'robust', 'outlier_remover__z_columns': ['car_age', 'mileage', 'tax', 'mpg'], 'outlier_remover__threshold': 3, 'outlier_remover__sev_outliers_cols': ['car_age', 'mileage'], 'outlier_remover__outlier_method': 'z_score', 'outlier_remover__n_neighbors': 100, 'outlier_remover__model_columns': ['car_age', 'mileage', 'tax', 'mpg', 'engineSize'], 'outlier_remover__mod_outliers_cols': ['tax', 'mpg'], 'outlier_remover__contamination_LOF': 0.15, 'outlier_remover__contamination_IF': 0.3, 'model': DecisionTreeRegressor(max_depth=10, max_features='sqrt', min_samples_leaf=4,
                      min_samples_split=10, random_state=42), 'imputer__knn_scaling_method': 'standard', 'imputer__knn_neighbors': 19, 'imputer__imputation_method': 'iterative', 'encoder__method': 'target'}",-2629.3522024071467,-2473.2710911025574,-2532.7084217688816,-2545.1105717595287,64.32049087609006,74,-2305.3217855594858,-2195.1325779202834,-2195.2470825720798,-2231.900482017283,51.91672266367892
339,2,8000,0.21642223993937174,0.014993465695700406,0.012482245763142904,0.0011633428852698485,kbest,8,dt,9,standard,"['car_age', 'mileage', 'tax', 'mpg']",3,"['car_age', 'mileage', 'engineSize']",LOF,100,"['tax', 'mpg']","['car_age', 'mileage', 'tax', 'mpg']",0.15,0.3,"DecisionTreeRegressor(max_depth=10, max_features='sqrt', min_samples_leaf=4,
                      min_samples_split=10, random_state=42)",robust,16,iterative,target,"{'selector__selection_method': 'kbest', 'selector__n_features_to_select': 8, 'selector__model_name': 'dt', 'selector__k': 9, 'scaler__scaler_name': 'standard', 'outlier_remover__z_columns': ['car_age', 'mileage', 'tax', 'mpg'], 'outlier_remover__threshold': 3, 'outlier_remover__sev_outliers_cols': ['car_age', 'mileage', 'engineSize'], 'outlier_remover__outlier_method': 'LOF', 'outlier_remover__n_neighbors': 100, 'outlier_remover__model_columns': ['tax', 'mpg'], 'outlier_remover__mod_outliers_cols': ['car_age', 'mileage', 'tax', 'mpg'], 'outlier_remover__contamination_LOF': 0.15, 'outlier_remover__contamination_IF': 0.3, 'model': DecisionTreeRegressor(max_depth=10, max_features='sqrt', min_samples_leaf=4,
                      min_samples_split=10, random_state=42), 'imputer__knn_scaling_method': 'robust', 'imputer__knn_neighbors': 16, 'imputer__imputation_method': 'iterative', 'encoder__method': 'target'}",-2525.625871719865,-2534.6458745882283,-2458.978485320883,-2506.4167438763257,33.74543321217525,61,-1995.70424662328,-2051.706518253779,-2036.0801107542673,-2027.8302918771087,23.595313667103355
340,2,8000,0.4431346257527669,0.022579211845805244,0.2066802978515625,0.01198870737000744,rfe,10,dt,6,robust,"['car_age', 'mileage', 'tax', 'mpg']",3,"['car_age', 'mileage']",IQR,50,"['car_age', 'mileage', 'tax', 'mpg']","['tax', 'mpg']",0.15,0.3,"DecisionTreeRegressor(max_depth=10, max_features='sqrt', min_samples_leaf=4,
                      min_samples_split=10, random_state=42)",robust,17,knn_modelwise,target,"{'selector__selection_method': 'rfe', 'selector__n_features_to_select': 10, 'selector__model_name': 'dt', 'selector__k': 6, 'scaler__scaler_name': 'robust', 'outlier_remover__z_columns': ['car_age', 'mileage', 'tax', 'mpg'], 'outlier_remover__threshold': 3, 'outlier_remover__sev_outliers_cols': ['car_age', 'mileage'], 'outlier_remover__outlier_method': 'IQR', 'outlier_remover__n_neighbors': 50, 'outlier_remover__model_columns': ['car_age', 'mileage', 'tax', 'mpg'], 'outlier_remover__mod_outliers_cols': ['tax', 'mpg'], 'outlier_remover__contamination_LOF': 0.15, 'outlier_remover__contamination_IF': 0.3, 'model': DecisionTreeRegressor(max_depth=10, max_features='sqrt', min_samples_leaf=4,
                      min_samples_split=10, random_state=42), 'imputer__knn_scaling_method': 'robust', 'imputer__knn_neighbors': 17, 'imputer__imputation_method': 'knn_modelwise', 'encoder__method': 'target'}",-2597.8780275984914,-2632.551420168686,-2520.378379831264,-2583.6026091994804,46.893769468770955,81,-1929.5169986673873,-2031.8092272917706,-2062.3893656872146,-2007.9051972154575,56.81735925917882
341,2,8000,0.33917737007141113,0.020173811428820177,0.014899333318074545,0.005793005566153825,rfe,5,dt,8,robust,"['car_age', 'mileage', 'tax', 'mpg']",2,"['car_age', 'mileage', 'engineSize']",Isolation_Forest,50,"['tax', 'mpg']","['car_age', 'mileage', 'tax', 'mpg']",0.15,0.05,"DecisionTreeRegressor(max_depth=10, max_features='sqrt', min_samples_leaf=4,
                      min_samples_split=10, random_state=42)",standard,14,iterative,target,"{'selector__selection_method': 'rfe', 'selector__n_features_to_select': 5, 'selector__model_name': 'dt', 'selector__k': 8, 'scaler__scaler_name': 'robust', 'outlier_remover__z_columns': ['car_age', 'mileage', 'tax', 'mpg'], 'outlier_remover__threshold': 2, 'outlier_remover__sev_outliers_cols': ['car_age', 'mileage', 'engineSize'], 'outlier_remover__outlier_method': 'Isolation_Forest', 'outlier_remover__n_neighbors': 50, 'outlier_remover__model_columns': ['tax', 'mpg'], 'outlier_remover__mod_outliers_cols': ['car_age', 'mileage', 'tax', 'mpg'], 'outlier_remover__contamination_LOF': 0.15, 'outlier_remover__contamination_IF': 0.05, 'model': DecisionTreeRegressor(max_depth=10, max_features='sqrt', min_samples_leaf=4,
                      min_samples_split=10, random_state=42), 'imputer__knn_scaling_method': 'standard', 'imputer__knn_neighbors': 14, 'imputer__imputation_method': 'iterative', 'encoder__method': 'target'}",-2568.659396826551,-2542.5927323632563,-2424.2957070888515,-2511.849278759553,62.817665685606805,64,-2023.6217534449588,-1995.5815369218108,-1998.6221332461978,-2005.941807870989,12.56308516052398
342,2,8000,0.04220461845397949,0.005003016802157309,0.008731365203857422,0.0025451061336335197,kbest,8,dt,9,standard,"['car_age', 'mileage', 'tax', 'mpg']",2,"['car_age', 'mileage', 'engineSize']",IQR,100,"['car_age', 'mileage', 'tax', 'mpg', 'engineSize']","['car_age', 'mileage', 'tax', 'mpg']",0.05,0.5,"DecisionTreeRegressor(max_depth=10, max_features='sqrt', min_samples_leaf=4,
                      min_samples_split=10, random_state=42)",minmax,10,simple,target,"{'selector__selection_method': 'kbest', 'selector__n_features_to_select': 8, 'selector__model_name': 'dt', 'selector__k': 9, 'scaler__scaler_name': 'standard', 'outlier_remover__z_columns': ['car_age', 'mileage', 'tax', 'mpg'], 'outlier_remover__threshold': 2, 'outlier_remover__sev_outliers_cols': ['car_age', 'mileage', 'engineSize'], 'outlier_remover__outlier_method': 'IQR', 'outlier_remover__n_neighbors': 100, 'outlier_remover__model_columns': ['car_age', 'mileage', 'tax', 'mpg', 'engineSize'], 'outlier_remover__mod_outliers_cols': ['car_age', 'mileage', 'tax', 'mpg'], 'outlier_remover__contamination_LOF': 0.05, 'outlier_remover__contamination_IF': 0.5, 'model': DecisionTreeRegressor(max_depth=10, max_features='sqrt', min_samples_leaf=4,
                      min_samples_split=10, random_state=42), 'imputer__knn_scaling_method': 'minmax', 'imputer__knn_neighbors': 10, 'imputer__imputation_method': 'simple', 'encoder__method': 'target'}",-2632.6489481435883,-2538.1385801798556,-2311.300353288217,-2494.029293870554,134.84670730850235,56,-2008.478227446923,-1969.3379264464688,-1913.8551721232318,-1963.8904420055412,38.8212739336582
343,2,8000,0.38492274284362793,0.04306302975105505,0.2076594034830729,0.012085826525888129,kbest,5,dt,7,standard,"['car_age', 'mileage', 'tax', 'mpg']",2,"['car_age', 'mileage']",IQR,90,"['car_age', 'mileage', 'tax', 'mpg']","['tax', 'mpg']",0.5,0.3,"DecisionTreeRegressor(max_depth=10, max_features='sqrt', min_samples_leaf=4,
                      min_samples_split=10, random_state=42)",standard,18,knn_modelwise,target,"{'selector__selection_method': 'kbest', 'selector__n_features_to_select': 5, 'selector__model_name': 'dt', 'selector__k': 7, 'scaler__scaler_name': 'standard', 'outlier_remover__z_columns': ['car_age', 'mileage', 'tax', 'mpg'], 'outlier_remover__threshold': 2, 'outlier_remover__sev_outliers_cols': ['car_age', 'mileage'], 'outlier_remover__outlier_method': 'IQR', 'outlier_remover__n_neighbors': 90, 'outlier_remover__model_columns': ['car_age', 'mileage', 'tax', 'mpg'], 'outlier_remover__mod_outliers_cols': ['tax', 'mpg'], 'outlier_remover__contamination_LOF': 0.5, 'outlier_remover__contamination_IF': 0.3, 'model': DecisionTreeRegressor(max_depth=10, max_features='sqrt', min_samples_leaf=4,
                      min_samples_split=10, random_state=42), 'imputer__knn_scaling_method': 'standard', 'imputer__knn_neighbors': 18, 'imputer__imputation_method': 'knn_modelwise', 'encoder__method': 'target'}",-2582.978720041577,-2478.364734444418,-2502.6339000299085,-2521.3257848386347,44.70690784735373,71,-1996.417702695643,-1973.1263020303961,-1982.1234257082717,-1983.8891434781035,9.590295639144449
344,2,8000,0.22406911849975586,0.010071301957671107,0.009177923202514648,0.0009935933453906432,rfe,5,dt,5,minmax,"['car_age', 'mileage', 'tax', 'mpg']",2,"['car_age', 'mileage', 'engineSize']",IQR,90,"['car_age', 'mileage', 'tax', 'mpg']","['car_age', 'mileage', 'tax', 'mpg']",0.05,0.5,"DecisionTreeRegressor(max_depth=10, max_features='sqrt', min_samples_leaf=4,
                      min_samples_split=10, random_state=42)",robust,10,iterative,target,"{'selector__selection_method': 'rfe', 'selector__n_features_to_select': 5, 'selector__model_name': 'dt', 'selector__k': 5, 'scaler__scaler_name': 'minmax', 'outlier_remover__z_columns': ['car_age', 'mileage', 'tax', 'mpg'], 'outlier_remover__threshold': 2, 'outlier_remover__sev_outliers_cols': ['car_age', 'mileage', 'engineSize'], 'outlier_remover__outlier_method': 'IQR', 'outlier_remover__n_neighbors': 90, 'outlier_remover__model_columns': ['car_age', 'mileage', 'tax', 'mpg'], 'outlier_remover__mod_outliers_cols': ['car_age', 'mileage', 'tax', 'mpg'], 'outlier_remover__contamination_LOF': 0.05, 'outlier_remover__contamination_IF': 0.5, 'model': DecisionTreeRegressor(max_depth=10, max_features='sqrt', min_samples_leaf=4,
                      min_samples_split=10, random_state=42), 'imputer__knn_scaling_method': 'robust', 'imputer__knn_neighbors': 10, 'imputer__imputation_method': 'iterative', 'encoder__method': 'target'}",-2558.776580109429,-2387.385995930803,-2365.3196914732343,-2437.160755837822,86.46593542372734,48,-1992.8131654649999,-1920.0174992355871,-1969.990422352538,-1960.9403623510416,30.399889747267483
345,2,8000,0.041727701822916664,0.0036334917214279664,0.009298563003540039,0.003228268036574118,kbest,5,dt,9,minmax,"['car_age', 'mileage', 'tax', 'mpg']",2,"['car_age', 'mileage']",z_score,100,"['tax', 'mpg']","['car_age', 'mileage', 'tax', 'mpg']",0.15,0.05,"DecisionTreeRegressor(max_depth=10, max_features='sqrt', min_samples_leaf=4,
                      min_samples_split=10, random_state=42)",minmax,19,simple,target,"{'selector__selection_method': 'kbest', 'selector__n_features_to_select': 5, 'selector__model_name': 'dt', 'selector__k': 9, 'scaler__scaler_name': 'minmax', 'outlier_remover__z_columns': ['car_age', 'mileage', 'tax', 'mpg'], 'outlier_remover__threshold': 2, 'outlier_remover__sev_outliers_cols': ['car_age', 'mileage'], 'outlier_remover__outlier_method': 'z_score', 'outlier_remover__n_neighbors': 100, 'outlier_remover__model_columns': ['tax', 'mpg'], 'outlier_remover__mod_outliers_cols': ['car_age', 'mileage', 'tax', 'mpg'], 'outlier_remover__contamination_LOF': 0.15, 'outlier_remover__contamination_IF': 0.05, 'model': DecisionTreeRegressor(max_depth=10, max_features='sqrt', min_samples_leaf=4,
                      min_samples_split=10, random_state=42), 'imputer__knn_scaling_method': 'minmax', 'imputer__knn_neighbors': 19, 'imputer__imputation_method': 'simple', 'encoder__method': 'target'}",-2618.2633980022756,-2509.618478381454,-2425.95347843504,-2517.945118272923,78.73066319167232,68,-2031.1780331584664,-1982.1866191896236,-1958.7660648848282,-1990.7102390776392,30.170210023709707
346,2,8000,0.22815259297688803,0.014454423675669075,0.013974587122599283,0.0040513049097311415,rfe,6,dt,5,standard,"['car_age', 'mileage', 'tax', 'mpg']",3,"['car_age', 'mileage', 'engineSize']",LOF,30,"['car_age', 'mileage', 'tax', 'mpg']","['tax', 'mpg']",0.05,0.5,"DecisionTreeRegressor(max_depth=10, max_features='sqrt', min_samples_leaf=4,
                      min_samples_split=10, random_state=42)",robust,20,iterative,target,"{'selector__selection_method': 'rfe', 'selector__n_features_to_select': 6, 'selector__model_name': 'dt', 'selector__k': 5, 'scaler__scaler_name': 'standard', 'outlier_remover__z_columns': ['car_age', 'mileage', 'tax', 'mpg'], 'outlier_remover__threshold': 3, 'outlier_remover__sev_outliers_cols': ['car_age', 'mileage', 'engineSize'], 'outlier_remover__outlier_method': 'LOF', 'outlier_remover__n_neighbors': 30, 'outlier_remover__model_columns': ['car_age', 'mileage', 'tax', 'mpg'], 'outlier_remover__mod_outliers_cols': ['tax', 'mpg'], 'outlier_remover__contamination_LOF': 0.05, 'outlier_remover__contamination_IF': 0.5, 'model': DecisionTreeRegressor(max_depth=10, max_features='sqrt', min_samples_leaf=4,
                      min_samples_split=10, random_state=42), 'imputer__knn_scaling_method': 'robust', 'imputer__knn_neighbors': 20, 'imputer__imputation_method': 'iterative', 'encoder__method': 'target'}",-2511.3573930993757,-2504.8321660727015,-2499.247960607783,-2505.14583992662,4.948628246432434,60,-2098.1616453481297,-2019.0702061770903,-2060.923640760576,-2059.3851640952653,32.30726564694939
347,2,8000,0.3680446942647298,0.018889583482306627,0.2157146135965983,0.013347450495111187,kbest,9,dt,8,robust,"['car_age', 'mileage', 'tax', 'mpg']",3,"['car_age', 'mileage', 'engineSize']",IQR,90,"['tax', 'mpg']","['car_age', 'mileage', 'tax', 'mpg']",0.5,0.3,"DecisionTreeRegressor(max_depth=10, max_features='sqrt', min_samples_leaf=4,
                      min_samples_split=10, random_state=42)",minmax,16,knn_modelwise,target,"{'selector__selection_method': 'kbest', 'selector__n_features_to_select': 9, 'selector__model_name': 'dt', 'selector__k': 8, 'scaler__scaler_name': 'robust', 'outlier_remover__z_columns': ['car_age', 'mileage', 'tax', 'mpg'], 'outlier_remover__threshold': 3, 'outlier_remover__sev_outliers_cols': ['car_age', 'mileage', 'engineSize'], 'outlier_remover__outlier_method': 'IQR', 'outlier_remover__n_neighbors': 90, 'outlier_remover__model_columns': ['tax', 'mpg'], 'outlier_remover__mod_outliers_cols': ['car_age', 'mileage', 'tax', 'mpg'], 'outlier_remover__contamination_LOF': 0.5, 'outlier_remover__contamination_IF': 0.3, 'model': DecisionTreeRegressor(max_depth=10, max_features='sqrt', min_samples_leaf=4,
                      min_samples_split=10, random_state=42), 'imputer__knn_scaling_method': 'minmax', 'imputer__knn_neighbors': 16, 'imputer__imputation_method': 'knn_modelwise', 'encoder__method': 'target'}",-2611.270214753059,-2463.3105694532824,-2582.307087036566,-2552.295957080969,64.02351182816992,77,-2035.4893610726626,-2021.8329257038363,-2101.435615196989,-2052.9193006578294,34.75628613735697
348,2,8000,0.42727867762247723,0.017537679831599876,0.22064129511515299,0.01124592159002329,model,5,dt,6,standard,"['car_age', 'mileage', 'tax', 'mpg']",3,"['car_age', 'mileage', 'engineSize']",z_score,30,"['car_age', 'mileage', 'tax', 'mpg']","['tax', 'mpg']",0.05,0.5,"DecisionTreeRegressor(max_depth=10, max_features='sqrt', min_samples_leaf=4,
                      min_samples_split=10, random_state=42)",robust,14,knn_modelwise,target,"{'selector__selection_method': 'model', 'selector__n_features_to_select': 5, 'selector__model_name': 'dt', 'selector__k': 6, 'scaler__scaler_name': 'standard', 'outlier_remover__z_columns': ['car_age', 'mileage', 'tax', 'mpg'], 'outlier_remover__threshold': 3, 'outlier_remover__sev_outliers_cols': ['car_age', 'mileage', 'engineSize'], 'outlier_remover__outlier_method': 'z_score', 'outlier_remover__n_neighbors': 30, 'outlier_remover__model_columns': ['car_age', 'mileage', 'tax', 'mpg'], 'outlier_remover__mod_outliers_cols': ['tax', 'mpg'], 'outlier_remover__contamination_LOF': 0.05, 'outlier_remover__contamination_IF': 0.5, 'model': DecisionTreeRegressor(max_depth=10, max_features='sqrt', min_samples_leaf=4,
                      min_samples_split=10, random_state=42), 'imputer__knn_scaling_method': 'robust', 'imputer__knn_neighbors': 14, 'imputer__imputation_method': 'knn_modelwise', 'encoder__method': 'target'}",-2483.5686432182124,-2473.190492708588,-2459.8922757765113,-2472.2171372344374,9.690309918260466,51,-1981.845999447845,-1950.8376376598267,-2013.444612655934,-1982.042749921202,25.559569148720996
349,2,8000,0.11453437805175781,0.014711687276381469,0.0138856569925944,0.005234540904201344,kbest,9,dt,9,standard,"['car_age', 'mileage', 'tax', 'mpg']",2,"['car_age', 'mileage', 'engineSize']",z_score,70,"['car_age', 'mileage', 'tax', 'mpg', 'engineSize']","['tax', 'mpg']",0.15,0.5,"DecisionTreeRegressor(max_depth=10, max_features='sqrt', min_samples_leaf=4,
                      min_samples_split=10, random_state=42)",minmax,14,iterative,target,"{'selector__selection_method': 'kbest', 'selector__n_features_to_select': 9, 'selector__model_name': 'dt', 'selector__k': 9, 'scaler__scaler_name': 'standard', 'outlier_remover__z_columns': ['car_age', 'mileage', 'tax', 'mpg'], 'outlier_remover__threshold': 2, 'outlier_remover__sev_outliers_cols': ['car_age', 'mileage', 'engineSize'], 'outlier_remover__outlier_method': 'z_score', 'outlier_remover__n_neighbors': 70, 'outlier_remover__model_columns': ['car_age', 'mileage', 'tax', 'mpg', 'engineSize'], 'outlier_remover__mod_outliers_cols': ['tax', 'mpg'], 'outlier_remover__contamination_LOF': 0.15, 'outlier_remover__contamination_IF': 0.5, 'model': DecisionTreeRegressor(max_depth=10, max_features='sqrt', min_samples_leaf=4,
                      min_samples_split=10, random_state=42), 'imputer__knn_scaling_method': 'minmax', 'imputer__knn_neighbors': 14, 'imputer__imputation_method': 'iterative', 'encoder__method': 'target'}",-2421.4335076296124,-2450.3167388158413,-2409.769675186649,-2427.173307210701,17.043572916904157,47,-1982.9090687519708,-1943.6762279615434,-1955.0783301261913,-1960.5545422799016,16.478179992262326
350,3,16000,0.13005336125691733,0.026936665218220152,0.014181931813557943,0.0050209529787009965,kbest,7,dt,6,robust,"['car_age', 'mileage', 'tax', 'mpg']",2,"['car_age', 'mileage', 'engineSize']",z_score,70,"['car_age', 'mileage', 'tax', 'mpg']","['car_age', 'mileage', 'tax', 'mpg']",0.05,0.15,"DecisionTreeRegressor(max_depth=10, max_features='sqrt', min_samples_leaf=4,
                      min_samples_split=10, random_state=42)",minmax,19,iterative,target,"{'selector__selection_method': 'kbest', 'selector__n_features_to_select': 7, 'selector__model_name': 'dt', 'selector__k': 6, 'scaler__scaler_name': 'robust', 'outlier_remover__z_columns': ['car_age', 'mileage', 'tax', 'mpg'], 'outlier_remover__threshold': 2, 'outlier_remover__sev_outliers_cols': ['car_age', 'mileage', 'engineSize'], 'outlier_remover__outlier_method': 'z_score', 'outlier_remover__n_neighbors': 70, 'outlier_remover__model_columns': ['car_age', 'mileage', 'tax', 'mpg'], 'outlier_remover__mod_outliers_cols': ['car_age', 'mileage', 'tax', 'mpg'], 'outlier_remover__contamination_LOF': 0.05, 'outlier_remover__contamination_IF': 0.15, 'model': DecisionTreeRegressor(max_depth=10, max_features='sqrt', min_samples_leaf=4,
                      min_samples_split=10, random_state=42), 'imputer__knn_scaling_method': 'minmax', 'imputer__knn_neighbors': 19, 'imputer__imputation_method': 'iterative', 'encoder__method': 'target'}",-2313.784307140806,-2325.955727709327,-2428.2395614725547,-2355.9931987742293,51.32698161147759,42,-2021.8624419664006,-2064.7446786524906,-2137.1546443367934,-2074.5872549852284,47.579618980562266
351,3,16000,0.5422124862670898,0.005125475372463229,0.2534623146057129,0.007289548179470425,model,5,dt,7,robust,"['car_age', 'mileage', 'tax', 'mpg']",2,"['car_age', 'mileage']",IQR,70,"['tax', 'mpg']","['tax', 'mpg']",0.5,0.15,"DecisionTreeRegressor(max_depth=10, max_features='sqrt', min_samples_leaf=4,
                      min_samples_split=10, random_state=42)",minmax,13,knn_modelwise,target,"{'selector__selection_method': 'model', 'selector__n_features_to_select': 5, 'selector__model_name': 'dt', 'selector__k': 7, 'scaler__scaler_name': 'robust', 'outlier_remover__z_columns': ['car_age', 'mileage', 'tax', 'mpg'], 'outlier_remover__threshold': 2, 'outlier_remover__sev_outliers_cols': ['car_age', 'mileage'], 'outlier_remover__outlier_method': 'IQR', 'outlier_remover__n_neighbors': 70, 'outlier_remover__model_columns': ['tax', 'mpg'], 'outlier_remover__mod_outliers_cols': ['tax', 'mpg'], 'outlier_remover__contamination_LOF': 0.5, 'outlier_remover__contamination_IF': 0.15, 'model': DecisionTreeRegressor(max_depth=10, max_features='sqrt', min_samples_leaf=4,
                      min_samples_split=10, random_state=42), 'imputer__knn_scaling_method': 'minmax', 'imputer__knn_neighbors': 13, 'imputer__imputation_method': 'knn_modelwise', 'encoder__method': 'target'}",-2373.363140647935,-2431.142569189207,-2321.2614464700314,-2375.2557187690577,44.87873788677691,43,-2059.217139614507,-2005.4617183719001,-1998.4654907170097,-2021.0481162344722,27.140284445684326
352,3,16000,0.05537041028340658,0.00036042772244509433,0.011398871739705404,0.0006323359451231743,kbest,5,dt,9,minmax,"['car_age', 'mileage', 'tax', 'mpg']",2,"['car_age', 'mileage']",z_score,100,"['tax', 'mpg']","['car_age', 'mileage', 'tax', 'mpg']",0.15,0.05,"DecisionTreeRegressor(max_depth=10, max_features='sqrt', min_samples_leaf=4,
                      min_samples_split=10, random_state=42)",minmax,19,simple,target,"{'selector__selection_method': 'kbest', 'selector__n_features_to_select': 5, 'selector__model_name': 'dt', 'selector__k': 9, 'scaler__scaler_name': 'minmax', 'outlier_remover__z_columns': ['car_age', 'mileage', 'tax', 'mpg'], 'outlier_remover__threshold': 2, 'outlier_remover__sev_outliers_cols': ['car_age', 'mileage'], 'outlier_remover__outlier_method': 'z_score', 'outlier_remover__n_neighbors': 100, 'outlier_remover__model_columns': ['tax', 'mpg'], 'outlier_remover__mod_outliers_cols': ['car_age', 'mileage', 'tax', 'mpg'], 'outlier_remover__contamination_LOF': 0.15, 'outlier_remover__contamination_IF': 0.05, 'model': DecisionTreeRegressor(max_depth=10, max_features='sqrt', min_samples_leaf=4,
                      min_samples_split=10, random_state=42), 'imputer__knn_scaling_method': 'minmax', 'imputer__knn_neighbors': 19, 'imputer__imputation_method': 'simple', 'encoder__method': 'target'}",-2256.8113465987426,-2299.526943522447,-2337.7827366091137,-2298.040342243434,33.073141041989324,28,-1949.1213766609637,-1949.982856798923,-2009.5912213072722,-1969.5651515890531,28.304890388091785
353,3,16000,0.2809712886810303,0.018113362529149968,0.01497793197631836,0.003129111384055449,rfe,8,dt,9,minmax,"['car_age', 'mileage', 'tax', 'mpg']",3,"['car_age', 'mileage', 'engineSize']",IQR,100,"['tax', 'mpg']","['tax', 'mpg']",0.3,0.05,"DecisionTreeRegressor(max_depth=10, max_features='sqrt', min_samples_leaf=4,
                      min_samples_split=10, random_state=42)",robust,17,iterative,target,"{'selector__selection_method': 'rfe', 'selector__n_features_to_select': 8, 'selector__model_name': 'dt', 'selector__k': 9, 'scaler__scaler_name': 'minmax', 'outlier_remover__z_columns': ['car_age', 'mileage', 'tax', 'mpg'], 'outlier_remover__threshold': 3, 'outlier_remover__sev_outliers_cols': ['car_age', 'mileage', 'engineSize'], 'outlier_remover__outlier_method': 'IQR', 'outlier_remover__n_neighbors': 100, 'outlier_remover__model_columns': ['tax', 'mpg'], 'outlier_remover__mod_outliers_cols': ['tax', 'mpg'], 'outlier_remover__contamination_LOF': 0.3, 'outlier_remover__contamination_IF': 0.05, 'model': DecisionTreeRegressor(max_depth=10, max_features='sqrt', min_samples_leaf=4,
                      min_samples_split=10, random_state=42), 'imputer__knn_scaling_method': 'robust', 'imputer__knn_neighbors': 17, 'imputer__imputation_method': 'iterative', 'encoder__method': 'target'}",-2364.332028130914,-2374.7797206157456,-2317.8335722189595,-2352.31510698854,24.752383718391343,38,-2020.9642397329328,-2001.9685597655614,-2006.0913710591128,-2009.6747235192024,8.158401620236697
354,3,16000,0.19552159309387207,0.006328820282586405,0.009909947713216146,0.0026863545794461674,kbest,10,dt,5,robust,"['car_age', 'mileage', 'tax', 'mpg']",2,"['car_age', 'mileage']",LOF,70,"['car_age', 'mileage', 'tax', 'mpg']","['car_age', 'mileage', 'tax', 'mpg']",0.05,0.5,"DecisionTreeRegressor(max_depth=10, max_features='sqrt', min_samples_leaf=4,
                      min_samples_split=10, random_state=42)",minmax,20,simple,target,"{'selector__selection_method': 'kbest', 'selector__n_features_to_select': 10, 'selector__model_name': 'dt', 'selector__k': 5, 'scaler__scaler_name': 'robust', 'outlier_remover__z_columns': ['car_age', 'mileage', 'tax', 'mpg'], 'outlier_remover__threshold': 2, 'outlier_remover__sev_outliers_cols': ['car_age', 'mileage'], 'outlier_remover__outlier_method': 'LOF', 'outlier_remover__n_neighbors': 70, 'outlier_remover__model_columns': ['car_age', 'mileage', 'tax', 'mpg'], 'outlier_remover__mod_outliers_cols': ['car_age', 'mileage', 'tax', 'mpg'], 'outlier_remover__contamination_LOF': 0.05, 'outlier_remover__contamination_IF': 0.5, 'model': DecisionTreeRegressor(max_depth=10, max_features='sqrt', min_samples_leaf=4,
                      min_samples_split=10, random_state=42), 'imputer__knn_scaling_method': 'minmax', 'imputer__knn_neighbors': 20, 'imputer__imputation_method': 'simple', 'encoder__method': 'target'}",-2392.193067340801,-2383.9014937239617,-2364.7930956938953,-2380.2958855862194,11.472864190341316,44,-2155.016091178059,-2212.174907521053,-2128.715350813288,-2165.302116504133,34.83988269422117
355,3,16000,0.10490091641743977,0.0061681178928987175,0.00926359494527181,0.0015087788061086801,model,8,dt,5,standard,"['car_age', 'mileage', 'tax', 'mpg']",2,"['car_age', 'mileage']",z_score,30,"['car_age', 'mileage', 'tax', 'mpg']","['car_age', 'mileage', 'tax', 'mpg']",0.05,0.5,"DecisionTreeRegressor(max_depth=10, max_features='sqrt', min_samples_leaf=4,
                      min_samples_split=10, random_state=42)",standard,13,simple,target,"{'selector__selection_method': 'model', 'selector__n_features_to_select': 8, 'selector__model_name': 'dt', 'selector__k': 5, 'scaler__scaler_name': 'standard', 'outlier_remover__z_columns': ['car_age', 'mileage', 'tax', 'mpg'], 'outlier_remover__threshold': 2, 'outlier_remover__sev_outliers_cols': ['car_age', 'mileage'], 'outlier_remover__outlier_method': 'z_score', 'outlier_remover__n_neighbors': 30, 'outlier_remover__model_columns': ['car_age', 'mileage', 'tax', 'mpg'], 'outlier_remover__mod_outliers_cols': ['car_age', 'mileage', 'tax', 'mpg'], 'outlier_remover__contamination_LOF': 0.05, 'outlier_remover__contamination_IF': 0.5, 'model': DecisionTreeRegressor(max_depth=10, max_features='sqrt', min_samples_leaf=4,
                      min_samples_split=10, random_state=42), 'imputer__knn_scaling_method': 'standard', 'imputer__knn_neighbors': 13, 'imputer__imputation_method': 'simple', 'encoder__method': 'target'}",-2249.1000390435765,-2352.5346393282202,-2341.5564071303647,-2314.3970285007204,46.388957160602246,33,-1935.4407889031347,-2007.9841402112318,-1953.1055650221651,-1965.5101647121774,30.8873223707784
356,3,16000,0.5619088013966879,0.011496770701624883,0.012767632802327475,0.003201621691184513,rfe,5,dt,8,robust,"['car_age', 'mileage', 'tax', 'mpg']",2,"['car_age', 'mileage', 'engineSize']",Isolation_Forest,50,"['tax', 'mpg']","['car_age', 'mileage', 'tax', 'mpg']",0.15,0.05,"DecisionTreeRegressor(max_depth=10, max_features='sqrt', min_samples_leaf=4,
                      min_samples_split=10, random_state=42)",standard,14,iterative,target,"{'selector__selection_method': 'rfe', 'selector__n_features_to_select': 5, 'selector__model_name': 'dt', 'selector__k': 8, 'scaler__scaler_name': 'robust', 'outlier_remover__z_columns': ['car_age', 'mileage', 'tax', 'mpg'], 'outlier_remover__threshold': 2, 'outlier_remover__sev_outliers_cols': ['car_age', 'mileage', 'engineSize'], 'outlier_remover__outlier_method': 'Isolation_Forest', 'outlier_remover__n_neighbors': 50, 'outlier_remover__model_columns': ['tax', 'mpg'], 'outlier_remover__mod_outliers_cols': ['car_age', 'mileage', 'tax', 'mpg'], 'outlier_remover__contamination_LOF': 0.15, 'outlier_remover__contamination_IF': 0.05, 'model': DecisionTreeRegressor(max_depth=10, max_features='sqrt', min_samples_leaf=4,
                      min_samples_split=10, random_state=42), 'imputer__knn_scaling_method': 'standard', 'imputer__knn_neighbors': 14, 'imputer__imputation_method': 'iterative', 'encoder__method': 'target'}",-2244.8477973932495,-2261.2070272984192,-2349.5643185721087,-2285.206381087926,45.99539244088149,27,-1997.0997864857768,-2005.2804079898483,-1996.8122718381326,-1999.730822104586,3.9259048886068117
357,3,16000,0.15321818987528482,0.02407147850908696,0.014021158218383789,0.0053510250150162015,kbest,6,dt,7,minmax,"['car_age', 'mileage', 'tax', 'mpg']",3,"['car_age', 'mileage']",IQR,70,"['car_age', 'mileage', 'tax', 'mpg']","['tax', 'mpg']",0.05,0.3,"DecisionTreeRegressor(max_depth=10, max_features='sqrt', min_samples_leaf=4,
                      min_samples_split=10, random_state=42)",robust,14,iterative,target,"{'selector__selection_method': 'kbest', 'selector__n_features_to_select': 6, 'selector__model_name': 'dt', 'selector__k': 7, 'scaler__scaler_name': 'minmax', 'outlier_remover__z_columns': ['car_age', 'mileage', 'tax', 'mpg'], 'outlier_remover__threshold': 3, 'outlier_remover__sev_outliers_cols': ['car_age', 'mileage'], 'outlier_remover__outlier_method': 'IQR', 'outlier_remover__n_neighbors': 70, 'outlier_remover__model_columns': ['car_age', 'mileage', 'tax', 'mpg'], 'outlier_remover__mod_outliers_cols': ['tax', 'mpg'], 'outlier_remover__contamination_LOF': 0.05, 'outlier_remover__contamination_IF': 0.3, 'model': DecisionTreeRegressor(max_depth=10, max_features='sqrt', min_samples_leaf=4,
                      min_samples_split=10, random_state=42), 'imputer__knn_scaling_method': 'robust', 'imputer__knn_neighbors': 14, 'imputer__imputation_method': 'iterative', 'encoder__method': 'target'}",-2312.6925320176824,-2335.3718072466,-2414.844259237521,-2354.3028661672674,43.799030334718736,40,-2021.0888265334077,-1960.4487301586792,-2059.46203933163,-2013.6665320079055,40.76131082584775
358,3,16000,0.13745657602945963,0.03502751415446128,0.015099287033081055,0.005206206669101,kbest,5,dt,7,minmax,"['car_age', 'mileage', 'tax', 'mpg']",2,"['car_age', 'mileage', 'engineSize']",IQR,90,"['tax', 'mpg']","['tax', 'mpg']",0.3,0.05,"DecisionTreeRegressor(max_depth=10, max_features='sqrt', min_samples_leaf=4,
                      min_samples_split=10, random_state=42)",robust,11,iterative,target,"{'selector__selection_method': 'kbest', 'selector__n_features_to_select': 5, 'selector__model_name': 'dt', 'selector__k': 7, 'scaler__scaler_name': 'minmax', 'outlier_remover__z_columns': ['car_age', 'mileage', 'tax', 'mpg'], 'outlier_remover__threshold': 2, 'outlier_remover__sev_outliers_cols': ['car_age', 'mileage', 'engineSize'], 'outlier_remover__outlier_method': 'IQR', 'outlier_remover__n_neighbors': 90, 'outlier_remover__model_columns': ['tax', 'mpg'], 'outlier_remover__mod_outliers_cols': ['tax', 'mpg'], 'outlier_remover__contamination_LOF': 0.3, 'outlier_remover__contamination_IF': 0.05, 'model': DecisionTreeRegressor(max_depth=10, max_features='sqrt', min_samples_leaf=4,
                      min_samples_split=10, random_state=42), 'imputer__knn_scaling_method': 'robust', 'imputer__knn_neighbors': 11, 'imputer__imputation_method': 'iterative', 'encoder__method': 'target'}",-2312.692532017683,-2335.3718072466,-2414.844259237521,-2354.3028661672683,43.799030334718594,41,-2021.0888265334077,-1960.4487301586792,-2059.46203933163,-2013.6665320079055,40.76131082584775
359,3,16000,0.3941352367401123,0.029690017599985536,0.01412502924601237,0.001440130324229993,kbest,8,dt,9,standard,"['car_age', 'mileage', 'tax', 'mpg']",3,"['car_age', 'mileage', 'engineSize']",LOF,100,"['tax', 'mpg']","['car_age', 'mileage', 'tax', 'mpg']",0.15,0.3,"DecisionTreeRegressor(max_depth=10, max_features='sqrt', min_samples_leaf=4,
                      min_samples_split=10, random_state=42)",robust,16,iterative,target,"{'selector__selection_method': 'kbest', 'selector__n_features_to_select': 8, 'selector__model_name': 'dt', 'selector__k': 9, 'scaler__scaler_name': 'standard', 'outlier_remover__z_columns': ['car_age', 'mileage', 'tax', 'mpg'], 'outlier_remover__threshold': 3, 'outlier_remover__sev_outliers_cols': ['car_age', 'mileage', 'engineSize'], 'outlier_remover__outlier_method': 'LOF', 'outlier_remover__n_neighbors': 100, 'outlier_remover__model_columns': ['tax', 'mpg'], 'outlier_remover__mod_outliers_cols': ['car_age', 'mileage', 'tax', 'mpg'], 'outlier_remover__contamination_LOF': 0.15, 'outlier_remover__contamination_IF': 0.3, 'model': DecisionTreeRegressor(max_depth=10, max_features='sqrt', min_samples_leaf=4,
                      min_samples_split=10, random_state=42), 'imputer__knn_scaling_method': 'robust', 'imputer__knn_neighbors': 16, 'imputer__imputation_method': 'iterative', 'encoder__method': 'target'}",-2322.837734099365,-2261.1221144557408,-2340.110683270036,-2308.0235106083805,33.905696808091086,30,-2023.7918930388855,-1963.581495587515,-1994.7643384251833,-1994.0459090171946,24.58604069960156
360,3,16000,0.42656532923380536,0.017865810076583912,0.012941598892211914,0.003893110197518966,rfe,6,dt,5,standard,"['car_age', 'mileage', 'tax', 'mpg']",3,"['car_age', 'mileage', 'engineSize']",LOF,30,"['car_age', 'mileage', 'tax', 'mpg']","['tax', 'mpg']",0.05,0.5,"DecisionTreeRegressor(max_depth=10, max_features='sqrt', min_samples_leaf=4,
                      min_samples_split=10, random_state=42)",robust,20,iterative,target,"{'selector__selection_method': 'rfe', 'selector__n_features_to_select': 6, 'selector__model_name': 'dt', 'selector__k': 5, 'scaler__scaler_name': 'standard', 'outlier_remover__z_columns': ['car_age', 'mileage', 'tax', 'mpg'], 'outlier_remover__threshold': 3, 'outlier_remover__sev_outliers_cols': ['car_age', 'mileage', 'engineSize'], 'outlier_remover__outlier_method': 'LOF', 'outlier_remover__n_neighbors': 30, 'outlier_remover__model_columns': ['car_age', 'mileage', 'tax', 'mpg'], 'outlier_remover__mod_outliers_cols': ['tax', 'mpg'], 'outlier_remover__contamination_LOF': 0.05, 'outlier_remover__contamination_IF': 0.5, 'model': DecisionTreeRegressor(max_depth=10, max_features='sqrt', min_samples_leaf=4,
                      min_samples_split=10, random_state=42), 'imputer__knn_scaling_method': 'robust', 'imputer__knn_neighbors': 20, 'imputer__imputation_method': 'iterative', 'encoder__method': 'target'}",-2181.976544829348,-2310.370100499462,-2254.169361188346,-2248.8386688390515,52.551806154154725,21,-1937.4254883060792,-2004.0658408992037,-1968.2171659036023,-1969.9028317029617,27.23190837142266
361,3,16000,0.14709202448527017,0.008293604309582411,0.012763659159342447,0.0030551471883322585,kbest,7,dt,6,robust,"['car_age', 'mileage', 'tax', 'mpg']",3,"['car_age', 'mileage']",z_score,50,"['car_age', 'mileage', 'tax', 'mpg']","['car_age', 'mileage', 'tax', 'mpg']",0.15,0.3,"DecisionTreeRegressor(max_depth=10, max_features='sqrt', min_samples_leaf=4,
                      min_samples_split=10, random_state=42)",standard,14,iterative,target,"{'selector__selection_method': 'kbest', 'selector__n_features_to_select': 7, 'selector__model_name': 'dt', 'selector__k': 6, 'scaler__scaler_name': 'robust', 'outlier_remover__z_columns': ['car_age', 'mileage', 'tax', 'mpg'], 'outlier_remover__threshold': 3, 'outlier_remover__sev_outliers_cols': ['car_age', 'mileage'], 'outlier_remover__outlier_method': 'z_score', 'outlier_remover__n_neighbors': 50, 'outlier_remover__model_columns': ['car_age', 'mileage', 'tax', 'mpg'], 'outlier_remover__mod_outliers_cols': ['car_age', 'mileage', 'tax', 'mpg'], 'outlier_remover__contamination_LOF': 0.15, 'outlier_remover__contamination_IF': 0.3, 'model': DecisionTreeRegressor(max_depth=10, max_features='sqrt', min_samples_leaf=4,
                      min_samples_split=10, random_state=42), 'imputer__knn_scaling_method': 'standard', 'imputer__knn_neighbors': 14, 'imputer__imputation_method': 'iterative', 'encoder__method': 'target'}",-2394.2922902466644,-2442.0853018903995,-2428.120603317388,-2421.499398484817,20.065281052449663,46,-2114.222192097218,-2074.0160431923273,-2115.572466375405,-2101.270233888317,19.279505405595863
362,3,16000,0.25986870129903156,0.04263445752335169,0.011227687199910482,0.0010197041631250354,rfe,9,dt,5,standard,"['car_age', 'mileage', 'tax', 'mpg']",2,"['car_age', 'mileage', 'engineSize']",IQR,70,"['car_age', 'mileage', 'tax', 'mpg', 'engineSize']","['car_age', 'mileage', 'tax', 'mpg']",0.5,0.15,"DecisionTreeRegressor(max_depth=10, max_features='sqrt', min_samples_leaf=4,
                      min_samples_split=10, random_state=42)",robust,19,iterative,target,"{'selector__selection_method': 'rfe', 'selector__n_features_to_select': 9, 'selector__model_name': 'dt', 'selector__k': 5, 'scaler__scaler_name': 'standard', 'outlier_remover__z_columns': ['car_age', 'mileage', 'tax', 'mpg'], 'outlier_remover__threshold': 2, 'outlier_remover__sev_outliers_cols': ['car_age', 'mileage', 'engineSize'], 'outlier_remover__outlier_method': 'IQR', 'outlier_remover__n_neighbors': 70, 'outlier_remover__model_columns': ['car_age', 'mileage', 'tax', 'mpg', 'engineSize'], 'outlier_remover__mod_outliers_cols': ['car_age', 'mileage', 'tax', 'mpg'], 'outlier_remover__contamination_LOF': 0.5, 'outlier_remover__contamination_IF': 0.15, 'model': DecisionTreeRegressor(max_depth=10, max_features='sqrt', min_samples_leaf=4,
                      min_samples_split=10, random_state=42), 'imputer__knn_scaling_method': 'robust', 'imputer__knn_neighbors': 19, 'imputer__imputation_method': 'iterative', 'encoder__method': 'target'}",-2306.20174451283,-2257.251105543548,-2222.772033731149,-2262.074961262509,34.230408978730686,25,-1953.1407350756688,-1901.8670175816467,-1848.2118426766267,-1901.0731984446475,42.84071837741237
363,3,16000,0.3681641419728597,0.018659746055794506,0.014679272969563803,0.002896408181600957,rfe,6,dt,7,standard,"['car_age', 'mileage', 'tax', 'mpg']",2,"['car_age', 'mileage']",IQR,100,"['car_age', 'mileage', 'tax', 'mpg', 'engineSize']","['tax', 'mpg']",0.15,0.3,"DecisionTreeRegressor(max_depth=10, max_features='sqrt', min_samples_leaf=4,
                      min_samples_split=10, random_state=42)",robust,14,iterative,target,"{'selector__selection_method': 'rfe', 'selector__n_features_to_select': 6, 'selector__model_name': 'dt', 'selector__k': 7, 'scaler__scaler_name': 'standard', 'outlier_remover__z_columns': ['car_age', 'mileage', 'tax', 'mpg'], 'outlier_remover__threshold': 2, 'outlier_remover__sev_outliers_cols': ['car_age', 'mileage'], 'outlier_remover__outlier_method': 'IQR', 'outlier_remover__n_neighbors': 100, 'outlier_remover__model_columns': ['car_age', 'mileage', 'tax', 'mpg', 'engineSize'], 'outlier_remover__mod_outliers_cols': ['tax', 'mpg'], 'outlier_remover__contamination_LOF': 0.15, 'outlier_remover__contamination_IF': 0.3, 'model': DecisionTreeRegressor(max_depth=10, max_features='sqrt', min_samples_leaf=4,
                      min_samples_split=10, random_state=42), 'imputer__knn_scaling_method': 'robust', 'imputer__knn_neighbors': 14, 'imputer__imputation_method': 'iterative', 'encoder__method': 'target'}",-2356.305886861453,-2322.681596489384,-2366.3598434275077,-2348.449108926115,18.676973943706557,37,-2015.3993643178458,-1941.541368453642,-2077.203289484453,-2011.3813407519804,55.456575140521004
364,3,16000,0.058293422063191734,0.003211805342241077,0.010432004928588867,0.0025151171387191385,kbest,8,dt,9,standard,"['car_age', 'mileage', 'tax', 'mpg']",2,"['car_age', 'mileage', 'engineSize']",IQR,100,"['car_age', 'mileage', 'tax', 'mpg', 'engineSize']","['car_age', 'mileage', 'tax', 'mpg']",0.05,0.5,"DecisionTreeRegressor(max_depth=10, max_features='sqrt', min_samples_leaf=4,
                      min_samples_split=10, random_state=42)",minmax,10,simple,target,"{'selector__selection_method': 'kbest', 'selector__n_features_to_select': 8, 'selector__model_name': 'dt', 'selector__k': 9, 'scaler__scaler_name': 'standard', 'outlier_remover__z_columns': ['car_age', 'mileage', 'tax', 'mpg'], 'outlier_remover__threshold': 2, 'outlier_remover__sev_outliers_cols': ['car_age', 'mileage', 'engineSize'], 'outlier_remover__outlier_method': 'IQR', 'outlier_remover__n_neighbors': 100, 'outlier_remover__model_columns': ['car_age', 'mileage', 'tax', 'mpg', 'engineSize'], 'outlier_remover__mod_outliers_cols': ['car_age', 'mileage', 'tax', 'mpg'], 'outlier_remover__contamination_LOF': 0.05, 'outlier_remover__contamination_IF': 0.5, 'model': DecisionTreeRegressor(max_depth=10, max_features='sqrt', min_samples_leaf=4,
                      min_samples_split=10, random_state=42), 'imputer__knn_scaling_method': 'minmax', 'imputer__knn_neighbors': 10, 'imputer__imputation_method': 'simple', 'encoder__method': 'target'}",-2277.024623451031,-2329.792958023055,-2380.437524133371,-2329.085035202486,42.22110746158286,34,-1894.4721289754511,-1917.4549242162072,-2011.826350783475,-1941.2511346583779,50.7785917331163
365,3,16000,0.05839800834655762,0.00647068050914418,0.010793050130208334,0.0027963944110887045,kbest,8,dt,6,standard,"['car_age', 'mileage', 'tax', 'mpg']",3,"['car_age', 'mileage']",IQR,70,"['car_age', 'mileage', 'tax', 'mpg', 'engineSize']","['car_age', 'mileage', 'tax', 'mpg']",0.15,0.5,"DecisionTreeRegressor(max_depth=10, max_features='sqrt', min_samples_leaf=4,
                      min_samples_split=10, random_state=42)",robust,10,simple,target,"{'selector__selection_method': 'kbest', 'selector__n_features_to_select': 8, 'selector__model_name': 'dt', 'selector__k': 6, 'scaler__scaler_name': 'standard', 'outlier_remover__z_columns': ['car_age', 'mileage', 'tax', 'mpg'], 'outlier_remover__threshold': 3, 'outlier_remover__sev_outliers_cols': ['car_age', 'mileage'], 'outlier_remover__outlier_method': 'IQR', 'outlier_remover__n_neighbors': 70, 'outlier_remover__model_columns': ['car_age', 'mileage', 'tax', 'mpg', 'engineSize'], 'outlier_remover__mod_outliers_cols': ['car_age', 'mileage', 'tax', 'mpg'], 'outlier_remover__contamination_LOF': 0.15, 'outlier_remover__contamination_IF': 0.5, 'model': DecisionTreeRegressor(max_depth=10, max_features='sqrt', min_samples_leaf=4,
                      min_samples_split=10, random_state=42), 'imputer__knn_scaling_method': 'robust', 'imputer__knn_neighbors': 10, 'imputer__imputation_method': 'simple', 'encoder__method': 'target'}",-2374.2027089800067,-2292.1882884306274,-2267.011126062649,-2311.1340411577607,45.76545292306895,31,-2057.290076924695,-2019.5359512043567,-1954.956849738815,-2010.5942926226223,42.25310473967924
366,3,16000,0.4929787317911784,0.02451791161382917,0.013298273086547852,0.0024315116033039453,rfe,9,dt,9,minmax,"['car_age', 'mileage', 'tax', 'mpg']",2,"['car_age', 'mileage']",LOF,100,"['tax', 'mpg']","['tax', 'mpg']",0.05,0.5,"DecisionTreeRegressor(max_depth=10, max_features='sqrt', min_samples_leaf=4,
                      min_samples_split=10, random_state=42)",standard,11,iterative,target,"{'selector__selection_method': 'rfe', 'selector__n_features_to_select': 9, 'selector__model_name': 'dt', 'selector__k': 9, 'scaler__scaler_name': 'minmax', 'outlier_remover__z_columns': ['car_age', 'mileage', 'tax', 'mpg'], 'outlier_remover__threshold': 2, 'outlier_remover__sev_outliers_cols': ['car_age', 'mileage'], 'outlier_remover__outlier_method': 'LOF', 'outlier_remover__n_neighbors': 100, 'outlier_remover__model_columns': ['tax', 'mpg'], 'outlier_remover__mod_outliers_cols': ['tax', 'mpg'], 'outlier_remover__contamination_LOF': 0.05, 'outlier_remover__contamination_IF': 0.5, 'model': DecisionTreeRegressor(max_depth=10, max_features='sqrt', min_samples_leaf=4,
                      min_samples_split=10, random_state=42), 'imputer__knn_scaling_method': 'standard', 'imputer__knn_neighbors': 11, 'imputer__imputation_method': 'iterative', 'encoder__method': 'target'}",-2261.52814067794,-2181.234507930469,-2303.858290551567,-2248.8736463866585,50.85436844823074,22,-1951.1519474056474,-1834.7617120201146,-1950.2997519484577,-1912.0711371247398,54.66712581177141
367,3,16000,0.35059960683186847,0.01066112570266369,0.01633930206298828,0.0038030470529498185,rfe,6,dt,6,minmax,"['car_age', 'mileage', 'tax', 'mpg']",2,"['car_age', 'mileage']",z_score,90,"['tax', 'mpg']","['car_age', 'mileage', 'tax', 'mpg']",0.5,0.3,"DecisionTreeRegressor(max_depth=10, max_features='sqrt', min_samples_leaf=4,
                      min_samples_split=10, random_state=42)",minmax,12,iterative,target,"{'selector__selection_method': 'rfe', 'selector__n_features_to_select': 6, 'selector__model_name': 'dt', 'selector__k': 6, 'scaler__scaler_name': 'minmax', 'outlier_remover__z_columns': ['car_age', 'mileage', 'tax', 'mpg'], 'outlier_remover__threshold': 2, 'outlier_remover__sev_outliers_cols': ['car_age', 'mileage'], 'outlier_remover__outlier_method': 'z_score', 'outlier_remover__n_neighbors': 90, 'outlier_remover__model_columns': ['tax', 'mpg'], 'outlier_remover__mod_outliers_cols': ['car_age', 'mileage', 'tax', 'mpg'], 'outlier_remover__contamination_LOF': 0.5, 'outlier_remover__contamination_IF': 0.3, 'model': DecisionTreeRegressor(max_depth=10, max_features='sqrt', min_samples_leaf=4,
                      min_samples_split=10, random_state=42), 'imputer__knn_scaling_method': 'minmax', 'imputer__knn_neighbors': 12, 'imputer__imputation_method': 'iterative', 'encoder__method': 'target'}",-2425.4148341603072,-2274.10303091218,-2312.3819210341835,-2337.2999287022235,64.23652014318313,36,-2096.942928017365,-1917.2971814575526,-1950.0663940194304,-1988.1021678314494,78.11610432071558
368,3,16000,0.1806062857309977,0.014347748920751874,0.011171102523803711,0.0013903505858341267,model,7,dt,8,standard,"['car_age', 'mileage', 'tax', 'mpg']",2,"['car_age', 'mileage']",IQR,70,"['car_age', 'mileage', 'tax', 'mpg']","['tax', 'mpg']",0.3,0.3,"DecisionTreeRegressor(max_depth=10, max_features='sqrt', min_samples_leaf=4,
                      min_samples_split=10, random_state=42)",standard,13,iterative,target,"{'selector__selection_method': 'model', 'selector__n_features_to_select': 7, 'selector__model_name': 'dt', 'selector__k': 8, 'scaler__scaler_name': 'standard', 'outlier_remover__z_columns': ['car_age', 'mileage', 'tax', 'mpg'], 'outlier_remover__threshold': 2, 'outlier_remover__sev_outliers_cols': ['car_age', 'mileage'], 'outlier_remover__outlier_method': 'IQR', 'outlier_remover__n_neighbors': 70, 'outlier_remover__model_columns': ['car_age', 'mileage', 'tax', 'mpg'], 'outlier_remover__mod_outliers_cols': ['tax', 'mpg'], 'outlier_remover__contamination_LOF': 0.3, 'outlier_remover__contamination_IF': 0.3, 'model': DecisionTreeRegressor(max_depth=10, max_features='sqrt', min_samples_leaf=4,
                      min_samples_split=10, random_state=42), 'imputer__knn_scaling_method': 'standard', 'imputer__knn_neighbors': 13, 'imputer__imputation_method': 'iterative', 'encoder__method': 'target'}",-2368.172321727649,-2375.8890028367446,-2317.2489249771525,-2353.7700831805155,26.01580339231218,39,-2024.4879054957582,-2001.9685597655614,-2006.0913710591128,-2010.8492787734776,9.789739437895912
369,3,16000,0.5632651646931967,0.01380167118441367,0.26296790440877277,0.008308505899061397,model,5,dt,6,standard,"['car_age', 'mileage', 'tax', 'mpg']",3,"['car_age', 'mileage', 'engineSize']",z_score,30,"['car_age', 'mileage', 'tax', 'mpg']","['tax', 'mpg']",0.05,0.5,"DecisionTreeRegressor(max_depth=10, max_features='sqrt', min_samples_leaf=4,
                      min_samples_split=10, random_state=42)",robust,14,knn_modelwise,target,"{'selector__selection_method': 'model', 'selector__n_features_to_select': 5, 'selector__model_name': 'dt', 'selector__k': 6, 'scaler__scaler_name': 'standard', 'outlier_remover__z_columns': ['car_age', 'mileage', 'tax', 'mpg'], 'outlier_remover__threshold': 3, 'outlier_remover__sev_outliers_cols': ['car_age', 'mileage', 'engineSize'], 'outlier_remover__outlier_method': 'z_score', 'outlier_remover__n_neighbors': 30, 'outlier_remover__model_columns': ['car_age', 'mileage', 'tax', 'mpg'], 'outlier_remover__mod_outliers_cols': ['tax', 'mpg'], 'outlier_remover__contamination_LOF': 0.05, 'outlier_remover__contamination_IF': 0.5, 'model': DecisionTreeRegressor(max_depth=10, max_features='sqrt', min_samples_leaf=4,
                      min_samples_split=10, random_state=42), 'imputer__knn_scaling_method': 'robust', 'imputer__knn_neighbors': 14, 'imputer__imputation_method': 'knn_modelwise', 'encoder__method': 'target'}",-2353.1496168814933,-2324.048978360591,-2328.218508892127,-2335.1390347114034,12.848658783248316,35,-1996.0341066981935,-1911.1548442572498,-2013.1927613345895,-1973.4605707633443,44.6102194855391
370,3,16000,0.7155884106953939,0.008248110658345584,0.2539091110229492,0.008432354467612844,rfe,6,dt,6,standard,"['car_age', 'mileage', 'tax', 'mpg']",2,"['car_age', 'mileage']",z_score,90,"['car_age', 'mileage', 'tax', 'mpg']","['tax', 'mpg']",0.3,0.3,"DecisionTreeRegressor(max_depth=10, max_features='sqrt', min_samples_leaf=4,
                      min_samples_split=10, random_state=42)",standard,17,knn_modelwise,target,"{'selector__selection_method': 'rfe', 'selector__n_features_to_select': 6, 'selector__model_name': 'dt', 'selector__k': 6, 'scaler__scaler_name': 'standard', 'outlier_remover__z_columns': ['car_age', 'mileage', 'tax', 'mpg'], 'outlier_remover__threshold': 2, 'outlier_remover__sev_outliers_cols': ['car_age', 'mileage'], 'outlier_remover__outlier_method': 'z_score', 'outlier_remover__n_neighbors': 90, 'outlier_remover__model_columns': ['car_age', 'mileage', 'tax', 'mpg'], 'outlier_remover__mod_outliers_cols': ['tax', 'mpg'], 'outlier_remover__contamination_LOF': 0.3, 'outlier_remover__contamination_IF': 0.3, 'model': DecisionTreeRegressor(max_depth=10, max_features='sqrt', min_samples_leaf=4,
                      min_samples_split=10, random_state=42), 'imputer__knn_scaling_method': 'standard', 'imputer__knn_neighbors': 17, 'imputer__imputation_method': 'knn_modelwise', 'encoder__method': 'target'}",-2330.3766797191092,-2298.5407631167336,-2305.52674217827,-2311.481395004704,13.661986536636972,32,-1995.9662824059762,-1961.56666279389,-1977.213423842931,-1978.2487896809323,14.062656083351484
371,3,16000,0.40191173553466797,0.0051354313653455465,0.015670617421468098,0.0007820980854640755,rfe,5,dt,7,standard,"['car_age', 'mileage', 'tax', 'mpg']",3,"['car_age', 'mileage', 'engineSize']",IQR,30,"['tax', 'mpg']","['tax', 'mpg']",0.15,0.15,"DecisionTreeRegressor(max_depth=10, max_features='sqrt', min_samples_leaf=4,
                      min_samples_split=10, random_state=42)",standard,11,iterative,target,"{'selector__selection_method': 'rfe', 'selector__n_features_to_select': 5, 'selector__model_name': 'dt', 'selector__k': 7, 'scaler__scaler_name': 'standard', 'outlier_remover__z_columns': ['car_age', 'mileage', 'tax', 'mpg'], 'outlier_remover__threshold': 3, 'outlier_remover__sev_outliers_cols': ['car_age', 'mileage', 'engineSize'], 'outlier_remover__outlier_method': 'IQR', 'outlier_remover__n_neighbors': 30, 'outlier_remover__model_columns': ['tax', 'mpg'], 'outlier_remover__mod_outliers_cols': ['tax', 'mpg'], 'outlier_remover__contamination_LOF': 0.15, 'outlier_remover__contamination_IF': 0.15, 'model': DecisionTreeRegressor(max_depth=10, max_features='sqrt', min_samples_leaf=4,
                      min_samples_split=10, random_state=42), 'imputer__knn_scaling_method': 'standard', 'imputer__knn_neighbors': 11, 'imputer__imputation_method': 'iterative', 'encoder__method': 'target'}",-2211.29762841962,-2222.8686512749323,-2288.9871921104996,-2241.051157268351,34.22347848841321,20,-1920.6179027261944,-1934.7568736940618,-1901.4649450007212,-1918.9465738069923,13.642656982121437
372,3,16000,0.41825103759765625,0.028005321210951315,0.013306299845377604,0.00196374788386093,rfe,5,dt,5,minmax,"['car_age', 'mileage', 'tax', 'mpg']",2,"['car_age', 'mileage', 'engineSize']",IQR,90,"['car_age', 'mileage', 'tax', 'mpg']","['car_age', 'mileage', 'tax', 'mpg']",0.05,0.5,"DecisionTreeRegressor(max_depth=10, max_features='sqrt', min_samples_leaf=4,
                      min_samples_split=10, random_state=42)",robust,10,iterative,target,"{'selector__selection_method': 'rfe', 'selector__n_features_to_select': 5, 'selector__model_name': 'dt', 'selector__k': 5, 'scaler__scaler_name': 'minmax', 'outlier_remover__z_columns': ['car_age', 'mileage', 'tax', 'mpg'], 'outlier_remover__threshold': 2, 'outlier_remover__sev_outliers_cols': ['car_age', 'mileage', 'engineSize'], 'outlier_remover__outlier_method': 'IQR', 'outlier_remover__n_neighbors': 90, 'outlier_remover__model_columns': ['car_age', 'mileage', 'tax', 'mpg'], 'outlier_remover__mod_outliers_cols': ['car_age', 'mileage', 'tax', 'mpg'], 'outlier_remover__contamination_LOF': 0.05, 'outlier_remover__contamination_IF': 0.5, 'model': DecisionTreeRegressor(max_depth=10, max_features='sqrt', min_samples_leaf=4,
                      min_samples_split=10, random_state=42), 'imputer__knn_scaling_method': 'robust', 'imputer__knn_neighbors': 10, 'imputer__imputation_method': 'iterative', 'encoder__method': 'target'}",-2265.8024891635882,-2262.05912446439,-2307.789576485345,-2278.550396704441,20.731625125442502,26,-1923.1729817464895,-1950.777965802298,-1943.5747383451621,-1939.1752286313167,11.691180450009488
373,3,16000,0.14458417892456055,0.01726272003212801,0.014475345611572266,0.002570035820636065,kbest,9,dt,9,standard,"['car_age', 'mileage', 'tax', 'mpg']",2,"['car_age', 'mileage', 'engineSize']",z_score,70,"['car_age', 'mileage', 'tax', 'mpg', 'engineSize']","['tax', 'mpg']",0.15,0.5,"DecisionTreeRegressor(max_depth=10, max_features='sqrt', min_samples_leaf=4,
                      min_samples_split=10, random_state=42)",minmax,14,iterative,target,"{'selector__selection_method': 'kbest', 'selector__n_features_to_select': 9, 'selector__model_name': 'dt', 'selector__k': 9, 'scaler__scaler_name': 'standard', 'outlier_remover__z_columns': ['car_age', 'mileage', 'tax', 'mpg'], 'outlier_remover__threshold': 2, 'outlier_remover__sev_outliers_cols': ['car_age', 'mileage', 'engineSize'], 'outlier_remover__outlier_method': 'z_score', 'outlier_remover__n_neighbors': 70, 'outlier_remover__model_columns': ['car_age', 'mileage', 'tax', 'mpg', 'engineSize'], 'outlier_remover__mod_outliers_cols': ['tax', 'mpg'], 'outlier_remover__contamination_LOF': 0.15, 'outlier_remover__contamination_IF': 0.5, 'model': DecisionTreeRegressor(max_depth=10, max_features='sqrt', min_samples_leaf=4,
                      min_samples_split=10, random_state=42), 'imputer__knn_scaling_method': 'minmax', 'imputer__knn_neighbors': 14, 'imputer__imputation_method': 'iterative', 'encoder__method': 'target'}",-2217.7633404278945,-2203.4645620127794,-2258.1309802336173,-2226.4529608914304,23.147878925495736,19,-1868.8452560856915,-1860.3931651011274,-1877.0517892844657,-1868.7634034904283,6.801101126824485
374,3,16000,0.17742133140563965,0.008971861433787842,0.011815627415974935,0.001563757033198356,model,7,dt,9,robust,"['car_age', 'mileage', 'tax', 'mpg']",2,"['car_age', 'mileage', 'engineSize']",IQR,30,"['tax', 'mpg']","['tax', 'mpg']",0.3,0.5,"DecisionTreeRegressor(max_depth=10, max_features='sqrt', min_samples_leaf=4,
                      min_samples_split=10, random_state=42)",robust,14,iterative,target,"{'selector__selection_method': 'model', 'selector__n_features_to_select': 7, 'selector__model_name': 'dt', 'selector__k': 9, 'scaler__scaler_name': 'robust', 'outlier_remover__z_columns': ['car_age', 'mileage', 'tax', 'mpg'], 'outlier_remover__threshold': 2, 'outlier_remover__sev_outliers_cols': ['car_age', 'mileage', 'engineSize'], 'outlier_remover__outlier_method': 'IQR', 'outlier_remover__n_neighbors': 30, 'outlier_remover__model_columns': ['tax', 'mpg'], 'outlier_remover__mod_outliers_cols': ['tax', 'mpg'], 'outlier_remover__contamination_LOF': 0.3, 'outlier_remover__contamination_IF': 0.5, 'model': DecisionTreeRegressor(max_depth=10, max_features='sqrt', min_samples_leaf=4,
                      min_samples_split=10, random_state=42), 'imputer__knn_scaling_method': 'robust', 'imputer__knn_neighbors': 14, 'imputer__imputation_method': 'iterative', 'encoder__method': 'target'}",-2253.5214176653403,-2254.541391443777,-2272.87702946809,-2260.3132795257357,8.893666138988221,24,-1879.7933608922137,-1881.9368388840162,-1890.9423192938395,-1884.2241730233563,4.830372067038548
375,4,32000,0.1661966641743978,0.007680757255942115,0.016233364741007488,0.002839386643272284,model,8,dt,5,standard,"['car_age', 'mileage', 'tax', 'mpg']",2,"['car_age', 'mileage']",z_score,30,"['car_age', 'mileage', 'tax', 'mpg']","['car_age', 'mileage', 'tax', 'mpg']",0.05,0.5,"DecisionTreeRegressor(max_depth=10, max_features='sqrt', min_samples_leaf=4,
                      min_samples_split=10, random_state=42)",standard,13,simple,target,"{'selector__selection_method': 'model', 'selector__n_features_to_select': 8, 'selector__model_name': 'dt', 'selector__k': 5, 'scaler__scaler_name': 'standard', 'outlier_remover__z_columns': ['car_age', 'mileage', 'tax', 'mpg'], 'outlier_remover__threshold': 2, 'outlier_remover__sev_outliers_cols': ['car_age', 'mileage'], 'outlier_remover__outlier_method': 'z_score', 'outlier_remover__n_neighbors': 30, 'outlier_remover__model_columns': ['car_age', 'mileage', 'tax', 'mpg'], 'outlier_remover__mod_outliers_cols': ['car_age', 'mileage', 'tax', 'mpg'], 'outlier_remover__contamination_LOF': 0.05, 'outlier_remover__contamination_IF': 0.5, 'model': DecisionTreeRegressor(max_depth=10, max_features='sqrt', min_samples_leaf=4,
                      min_samples_split=10, random_state=42), 'imputer__knn_scaling_method': 'standard', 'imputer__knn_neighbors': 13, 'imputer__imputation_method': 'simple', 'encoder__method': 'target'}",-2191.683303010892,-2113.8482860563313,-2222.78175356965,-2176.104447545624,45.815940743548964,13,-1941.8176697954814,-1949.9229450490013,-1946.9193750919594,-1946.2199966454807,3.3457156077965284
376,4,32000,1.133647362391154,0.003286351179809168,0.38144906361897785,0.011115149889080255,rfe,6,dt,6,standard,"['car_age', 'mileage', 'tax', 'mpg']",2,"['car_age', 'mileage']",z_score,90,"['car_age', 'mileage', 'tax', 'mpg']","['tax', 'mpg']",0.3,0.3,"DecisionTreeRegressor(max_depth=10, max_features='sqrt', min_samples_leaf=4,
                      min_samples_split=10, random_state=42)",standard,17,knn_modelwise,target,"{'selector__selection_method': 'rfe', 'selector__n_features_to_select': 6, 'selector__model_name': 'dt', 'selector__k': 6, 'scaler__scaler_name': 'standard', 'outlier_remover__z_columns': ['car_age', 'mileage', 'tax', 'mpg'], 'outlier_remover__threshold': 2, 'outlier_remover__sev_outliers_cols': ['car_age', 'mileage'], 'outlier_remover__outlier_method': 'z_score', 'outlier_remover__n_neighbors': 90, 'outlier_remover__model_columns': ['car_age', 'mileage', 'tax', 'mpg'], 'outlier_remover__mod_outliers_cols': ['tax', 'mpg'], 'outlier_remover__contamination_LOF': 0.3, 'outlier_remover__contamination_IF': 0.3, 'model': DecisionTreeRegressor(max_depth=10, max_features='sqrt', min_samples_leaf=4,
                      min_samples_split=10, random_state=42), 'imputer__knn_scaling_method': 'standard', 'imputer__knn_neighbors': 17, 'imputer__imputation_method': 'knn_modelwise', 'encoder__method': 'target'}",-2115.5906603798294,-2235.8095404448795,-2274.53140709887,-2208.64386930786,67.67087265160743,17,-1898.3235396678035,-2050.809888666944,-2004.3436776823023,-1984.4923686723498,63.8152411775765
377,4,32000,0.07924270629882812,0.002505251022407304,0.01318669319152832,0.0020443320408398105,kbest,8,dt,6,standard,"['car_age', 'mileage', 'tax', 'mpg']",3,"['car_age', 'mileage']",IQR,70,"['car_age', 'mileage', 'tax', 'mpg', 'engineSize']","['car_age', 'mileage', 'tax', 'mpg']",0.15,0.5,"DecisionTreeRegressor(max_depth=10, max_features='sqrt', min_samples_leaf=4,
                      min_samples_split=10, random_state=42)",robust,10,simple,target,"{'selector__selection_method': 'kbest', 'selector__n_features_to_select': 8, 'selector__model_name': 'dt', 'selector__k': 6, 'scaler__scaler_name': 'standard', 'outlier_remover__z_columns': ['car_age', 'mileage', 'tax', 'mpg'], 'outlier_remover__threshold': 3, 'outlier_remover__sev_outliers_cols': ['car_age', 'mileage'], 'outlier_remover__outlier_method': 'IQR', 'outlier_remover__n_neighbors': 70, 'outlier_remover__model_columns': ['car_age', 'mileage', 'tax', 'mpg', 'engineSize'], 'outlier_remover__mod_outliers_cols': ['car_age', 'mileage', 'tax', 'mpg'], 'outlier_remover__contamination_LOF': 0.15, 'outlier_remover__contamination_IF': 0.5, 'model': DecisionTreeRegressor(max_depth=10, max_features='sqrt', min_samples_leaf=4,
                      min_samples_split=10, random_state=42), 'imputer__knn_scaling_method': 'robust', 'imputer__knn_neighbors': 10, 'imputer__imputation_method': 'simple', 'encoder__method': 'target'}",-2289.4749510308784,-2285.6003806720087,-2326.7380054778337,-2300.6044457269068,18.54679276510995,29,-2075.886388180994,-2160.0363944480355,-2072.416491021971,-2102.779757883667,40.51133067485933
378,4,32000,0.7813067436218262,0.005782384668521624,0.01832119623819987,0.0020228900846868255,kbest,8,dt,9,standard,"['car_age', 'mileage', 'tax', 'mpg']",3,"['car_age', 'mileage', 'engineSize']",LOF,100,"['tax', 'mpg']","['car_age', 'mileage', 'tax', 'mpg']",0.15,0.3,"DecisionTreeRegressor(max_depth=10, max_features='sqrt', min_samples_leaf=4,
                      min_samples_split=10, random_state=42)",robust,16,iterative,target,"{'selector__selection_method': 'kbest', 'selector__n_features_to_select': 8, 'selector__model_name': 'dt', 'selector__k': 9, 'scaler__scaler_name': 'standard', 'outlier_remover__z_columns': ['car_age', 'mileage', 'tax', 'mpg'], 'outlier_remover__threshold': 3, 'outlier_remover__sev_outliers_cols': ['car_age', 'mileage', 'engineSize'], 'outlier_remover__outlier_method': 'LOF', 'outlier_remover__n_neighbors': 100, 'outlier_remover__model_columns': ['tax', 'mpg'], 'outlier_remover__mod_outliers_cols': ['car_age', 'mileage', 'tax', 'mpg'], 'outlier_remover__contamination_LOF': 0.15, 'outlier_remover__contamination_IF': 0.3, 'model': DecisionTreeRegressor(max_depth=10, max_features='sqrt', min_samples_leaf=4,
                      min_samples_split=10, random_state=42), 'imputer__knn_scaling_method': 'robust', 'imputer__knn_neighbors': 16, 'imputer__imputation_method': 'iterative', 'encoder__method': 'target'}",-2230.0373548711104,-2244.127448876602,-2182.0436626360533,-2218.7361554612553,26.575514539597293,18,-2053.846429441379,-2084.3938731307653,-1945.130768183748,-2027.7903569186308,59.76477382959535
379,4,32000,0.10072604815165202,0.0064199361763044565,0.015375375747680664,0.002072170253709469,kbest,5,dt,9,minmax,"['car_age', 'mileage', 'tax', 'mpg']",2,"['car_age', 'mileage']",z_score,100,"['tax', 'mpg']","['car_age', 'mileage', 'tax', 'mpg']",0.15,0.05,"DecisionTreeRegressor(max_depth=10, max_features='sqrt', min_samples_leaf=4,
                      min_samples_split=10, random_state=42)",minmax,19,simple,target,"{'selector__selection_method': 'kbest', 'selector__n_features_to_select': 5, 'selector__model_name': 'dt', 'selector__k': 9, 'scaler__scaler_name': 'minmax', 'outlier_remover__z_columns': ['car_age', 'mileage', 'tax', 'mpg'], 'outlier_remover__threshold': 2, 'outlier_remover__sev_outliers_cols': ['car_age', 'mileage'], 'outlier_remover__outlier_method': 'z_score', 'outlier_remover__n_neighbors': 100, 'outlier_remover__model_columns': ['tax', 'mpg'], 'outlier_remover__mod_outliers_cols': ['car_age', 'mileage', 'tax', 'mpg'], 'outlier_remover__contamination_LOF': 0.15, 'outlier_remover__contamination_IF': 0.05, 'model': DecisionTreeRegressor(max_depth=10, max_features='sqrt', min_samples_leaf=4,
                      min_samples_split=10, random_state=42), 'imputer__knn_scaling_method': 'minmax', 'imputer__knn_neighbors': 19, 'imputer__imputation_method': 'simple', 'encoder__method': 'target'}",-2172.6781475208245,-2151.9848367648992,-2219.666419604333,-2181.443134630019,28.317461199538368,14,-1978.3102148123057,-1983.8077352555638,-1939.0933255321727,-1967.0704252000141,19.909700518830142
380,4,32000,0.9404595692952474,0.004904781933377323,0.01879437764485677,0.0018670397449284874,rfe,5,dt,8,robust,"['car_age', 'mileage', 'tax', 'mpg']",2,"['car_age', 'mileage', 'engineSize']",Isolation_Forest,50,"['tax', 'mpg']","['car_age', 'mileage', 'tax', 'mpg']",0.15,0.05,"DecisionTreeRegressor(max_depth=10, max_features='sqrt', min_samples_leaf=4,
                      min_samples_split=10, random_state=42)",standard,14,iterative,target,"{'selector__selection_method': 'rfe', 'selector__n_features_to_select': 5, 'selector__model_name': 'dt', 'selector__k': 8, 'scaler__scaler_name': 'robust', 'outlier_remover__z_columns': ['car_age', 'mileage', 'tax', 'mpg'], 'outlier_remover__threshold': 2, 'outlier_remover__sev_outliers_cols': ['car_age', 'mileage', 'engineSize'], 'outlier_remover__outlier_method': 'Isolation_Forest', 'outlier_remover__n_neighbors': 50, 'outlier_remover__model_columns': ['tax', 'mpg'], 'outlier_remover__mod_outliers_cols': ['car_age', 'mileage', 'tax', 'mpg'], 'outlier_remover__contamination_LOF': 0.15, 'outlier_remover__contamination_IF': 0.05, 'model': DecisionTreeRegressor(max_depth=10, max_features='sqrt', min_samples_leaf=4,
                      min_samples_split=10, random_state=42), 'imputer__knn_scaling_method': 'standard', 'imputer__knn_neighbors': 14, 'imputer__imputation_method': 'iterative', 'encoder__method': 'target'}",-2218.70074203468,-2309.046119034509,-2242.5425803755843,-2256.7631471482578,38.229484047546,23,-2019.9064592564541,-2095.7270224689332,-1966.1640656146164,-2027.2658491133345,53.149226469802635
381,4,32000,0.7063171863555908,0.012906300596480584,0.01912101109822591,0.0021494907491029645,rfe,5,dt,5,minmax,"['car_age', 'mileage', 'tax', 'mpg']",2,"['car_age', 'mileage', 'engineSize']",IQR,90,"['car_age', 'mileage', 'tax', 'mpg']","['car_age', 'mileage', 'tax', 'mpg']",0.05,0.5,"DecisionTreeRegressor(max_depth=10, max_features='sqrt', min_samples_leaf=4,
                      min_samples_split=10, random_state=42)",robust,10,iterative,target,"{'selector__selection_method': 'rfe', 'selector__n_features_to_select': 5, 'selector__model_name': 'dt', 'selector__k': 5, 'scaler__scaler_name': 'minmax', 'outlier_remover__z_columns': ['car_age', 'mileage', 'tax', 'mpg'], 'outlier_remover__threshold': 2, 'outlier_remover__sev_outliers_cols': ['car_age', 'mileage', 'engineSize'], 'outlier_remover__outlier_method': 'IQR', 'outlier_remover__n_neighbors': 90, 'outlier_remover__model_columns': ['car_age', 'mileage', 'tax', 'mpg'], 'outlier_remover__mod_outliers_cols': ['car_age', 'mileage', 'tax', 'mpg'], 'outlier_remover__contamination_LOF': 0.05, 'outlier_remover__contamination_IF': 0.5, 'model': DecisionTreeRegressor(max_depth=10, max_features='sqrt', min_samples_leaf=4,
                      min_samples_split=10, random_state=42), 'imputer__knn_scaling_method': 'robust', 'imputer__knn_neighbors': 10, 'imputer__imputation_method': 'iterative', 'encoder__method': 'target'}",-2166.1976472164934,-2091.4296426220894,-2167.303124199296,-2141.64347134596,35.50940688674385,7,-1935.028332755868,-1896.5356914905233,-1897.8972066149508,-1909.820410287114,17.833357269483184
382,4,32000,0.4224234422047933,0.02637533570755397,0.018127997716267902,0.001755208339019836,rfe,9,dt,5,standard,"['car_age', 'mileage', 'tax', 'mpg']",2,"['car_age', 'mileage', 'engineSize']",IQR,70,"['car_age', 'mileage', 'tax', 'mpg', 'engineSize']","['car_age', 'mileage', 'tax', 'mpg']",0.5,0.15,"DecisionTreeRegressor(max_depth=10, max_features='sqrt', min_samples_leaf=4,
                      min_samples_split=10, random_state=42)",robust,19,iterative,target,"{'selector__selection_method': 'rfe', 'selector__n_features_to_select': 9, 'selector__model_name': 'dt', 'selector__k': 5, 'scaler__scaler_name': 'standard', 'outlier_remover__z_columns': ['car_age', 'mileage', 'tax', 'mpg'], 'outlier_remover__threshold': 2, 'outlier_remover__sev_outliers_cols': ['car_age', 'mileage', 'engineSize'], 'outlier_remover__outlier_method': 'IQR', 'outlier_remover__n_neighbors': 70, 'outlier_remover__model_columns': ['car_age', 'mileage', 'tax', 'mpg', 'engineSize'], 'outlier_remover__mod_outliers_cols': ['car_age', 'mileage', 'tax', 'mpg'], 'outlier_remover__contamination_LOF': 0.5, 'outlier_remover__contamination_IF': 0.15, 'model': DecisionTreeRegressor(max_depth=10, max_features='sqrt', min_samples_leaf=4,
                      min_samples_split=10, random_state=42), 'imputer__knn_scaling_method': 'robust', 'imputer__knn_neighbors': 19, 'imputer__imputation_method': 'iterative', 'encoder__method': 'target'}",-2080.6910956610336,-2137.8922785430373,-2214.8500870764155,-2144.4778204268287,54.96778308443053,9,-1859.809466378774,-1974.3132323572918,-1963.6102268521142,-1932.5776418627268,51.64006263976618
383,4,32000,0.341230312983195,0.0023949067377952425,0.018537044525146484,0.0025819735054286256,model,7,dt,9,robust,"['car_age', 'mileage', 'tax', 'mpg']",2,"['car_age', 'mileage', 'engineSize']",IQR,30,"['tax', 'mpg']","['tax', 'mpg']",0.3,0.5,"DecisionTreeRegressor(max_depth=10, max_features='sqrt', min_samples_leaf=4,
                      min_samples_split=10, random_state=42)",robust,14,iterative,target,"{'selector__selection_method': 'model', 'selector__n_features_to_select': 7, 'selector__model_name': 'dt', 'selector__k': 9, 'scaler__scaler_name': 'robust', 'outlier_remover__z_columns': ['car_age', 'mileage', 'tax', 'mpg'], 'outlier_remover__threshold': 2, 'outlier_remover__sev_outliers_cols': ['car_age', 'mileage', 'engineSize'], 'outlier_remover__outlier_method': 'IQR', 'outlier_remover__n_neighbors': 30, 'outlier_remover__model_columns': ['tax', 'mpg'], 'outlier_remover__mod_outliers_cols': ['tax', 'mpg'], 'outlier_remover__contamination_LOF': 0.3, 'outlier_remover__contamination_IF': 0.5, 'model': DecisionTreeRegressor(max_depth=10, max_features='sqrt', min_samples_leaf=4,
                      min_samples_split=10, random_state=42), 'imputer__knn_scaling_method': 'robust', 'imputer__knn_neighbors': 14, 'imputer__imputation_method': 'iterative', 'encoder__method': 'target'}",-2184.8921031007485,-2143.8206362483147,-2192.294691790737,-2173.6691437132667,21.321344989505384,12,-1909.3996110884125,-1950.5635839999986,-1927.4060617755465,-1929.1230856213194,16.84892270802822
384,4,32000,0.9692273139953613,0.0325442839562079,0.019919077555338543,0.002351253745773428,rfe,9,dt,9,minmax,"['car_age', 'mileage', 'tax', 'mpg']",2,"['car_age', 'mileage']",LOF,100,"['tax', 'mpg']","['tax', 'mpg']",0.05,0.5,"DecisionTreeRegressor(max_depth=10, max_features='sqrt', min_samples_leaf=4,
                      min_samples_split=10, random_state=42)",standard,11,iterative,target,"{'selector__selection_method': 'rfe', 'selector__n_features_to_select': 9, 'selector__model_name': 'dt', 'selector__k': 9, 'scaler__scaler_name': 'minmax', 'outlier_remover__z_columns': ['car_age', 'mileage', 'tax', 'mpg'], 'outlier_remover__threshold': 2, 'outlier_remover__sev_outliers_cols': ['car_age', 'mileage'], 'outlier_remover__outlier_method': 'LOF', 'outlier_remover__n_neighbors': 100, 'outlier_remover__model_columns': ['tax', 'mpg'], 'outlier_remover__mod_outliers_cols': ['tax', 'mpg'], 'outlier_remover__contamination_LOF': 0.05, 'outlier_remover__contamination_IF': 0.5, 'model': DecisionTreeRegressor(max_depth=10, max_features='sqrt', min_samples_leaf=4,
                      min_samples_split=10, random_state=42), 'imputer__knn_scaling_method': 'standard', 'imputer__knn_neighbors': 11, 'imputer__imputation_method': 'iterative', 'encoder__method': 'target'}",-2266.9752983502017,-2201.4056987797176,-2149.6346632657423,-2206.005220131887,48.01439268946941,16,-1958.7458956667858,-1976.4717118621581,-1896.3889564474296,-1943.8688546587912,34.344399743082576
385,4,32000,0.8038697242736816,0.014021060686119748,0.016129493713378906,0.001852030314976069,rfe,6,dt,5,standard,"['car_age', 'mileage', 'tax', 'mpg']",3,"['car_age', 'mileage', 'engineSize']",LOF,30,"['car_age', 'mileage', 'tax', 'mpg']","['tax', 'mpg']",0.05,0.5,"DecisionTreeRegressor(max_depth=10, max_features='sqrt', min_samples_leaf=4,
                      min_samples_split=10, random_state=42)",robust,20,iterative,target,"{'selector__selection_method': 'rfe', 'selector__n_features_to_select': 6, 'selector__model_name': 'dt', 'selector__k': 5, 'scaler__scaler_name': 'standard', 'outlier_remover__z_columns': ['car_age', 'mileage', 'tax', 'mpg'], 'outlier_remover__threshold': 3, 'outlier_remover__sev_outliers_cols': ['car_age', 'mileage', 'engineSize'], 'outlier_remover__outlier_method': 'LOF', 'outlier_remover__n_neighbors': 30, 'outlier_remover__model_columns': ['car_age', 'mileage', 'tax', 'mpg'], 'outlier_remover__mod_outliers_cols': ['tax', 'mpg'], 'outlier_remover__contamination_LOF': 0.05, 'outlier_remover__contamination_IF': 0.5, 'model': DecisionTreeRegressor(max_depth=10, max_features='sqrt', min_samples_leaf=4,
                      min_samples_split=10, random_state=42), 'imputer__knn_scaling_method': 'robust', 'imputer__knn_neighbors': 20, 'imputer__imputation_method': 'iterative', 'encoder__method': 'target'}",-2286.042898294145,-2099.263350583096,-2185.604733825886,-2190.3036609010423,76.32478757489483,15,-2085.6161583042845,-1921.7349955138288,-1946.857067438039,-1984.736073752051,72.06651195893353
386,4,32000,0.7135829130808512,0.026034515472940046,0.017263333002726238,0.003084433743931978,rfe,5,dt,7,standard,"['car_age', 'mileage', 'tax', 'mpg']",3,"['car_age', 'mileage', 'engineSize']",IQR,30,"['tax', 'mpg']","['tax', 'mpg']",0.15,0.15,"DecisionTreeRegressor(max_depth=10, max_features='sqrt', min_samples_leaf=4,
                      min_samples_split=10, random_state=42)",standard,11,iterative,target,"{'selector__selection_method': 'rfe', 'selector__n_features_to_select': 5, 'selector__model_name': 'dt', 'selector__k': 7, 'scaler__scaler_name': 'standard', 'outlier_remover__z_columns': ['car_age', 'mileage', 'tax', 'mpg'], 'outlier_remover__threshold': 3, 'outlier_remover__sev_outliers_cols': ['car_age', 'mileage', 'engineSize'], 'outlier_remover__outlier_method': 'IQR', 'outlier_remover__n_neighbors': 30, 'outlier_remover__model_columns': ['tax', 'mpg'], 'outlier_remover__mod_outliers_cols': ['tax', 'mpg'], 'outlier_remover__contamination_LOF': 0.15, 'outlier_remover__contamination_IF': 0.15, 'model': DecisionTreeRegressor(max_depth=10, max_features='sqrt', min_samples_leaf=4,
                      min_samples_split=10, random_state=42), 'imputer__knn_scaling_method': 'standard', 'imputer__knn_neighbors': 11, 'imputer__imputation_method': 'iterative', 'encoder__method': 'target'}",-2114.5698412244838,-2118.6811097287236,-2197.0520610114145,-2143.4343373215406,37.95058938884642,8,-1886.0878163584955,-1907.5207262283077,-1915.8236051074337,-1903.1440492314123,12.527855876186056
387,4,32000,0.21684916814168295,0.017580374931708317,0.021250406901041668,0.004389311529195248,kbest,9,dt,9,standard,"['car_age', 'mileage', 'tax', 'mpg']",2,"['car_age', 'mileage', 'engineSize']",z_score,70,"['car_age', 'mileage', 'tax', 'mpg', 'engineSize']","['tax', 'mpg']",0.15,0.5,"DecisionTreeRegressor(max_depth=10, max_features='sqrt', min_samples_leaf=4,
                      min_samples_split=10, random_state=42)",minmax,14,iterative,target,"{'selector__selection_method': 'kbest', 'selector__n_features_to_select': 9, 'selector__model_name': 'dt', 'selector__k': 9, 'scaler__scaler_name': 'standard', 'outlier_remover__z_columns': ['car_age', 'mileage', 'tax', 'mpg'], 'outlier_remover__threshold': 2, 'outlier_remover__sev_outliers_cols': ['car_age', 'mileage', 'engineSize'], 'outlier_remover__outlier_method': 'z_score', 'outlier_remover__n_neighbors': 70, 'outlier_remover__model_columns': ['car_age', 'mileage', 'tax', 'mpg', 'engineSize'], 'outlier_remover__mod_outliers_cols': ['tax', 'mpg'], 'outlier_remover__contamination_LOF': 0.15, 'outlier_remover__contamination_IF': 0.5, 'model': DecisionTreeRegressor(max_depth=10, max_features='sqrt', min_samples_leaf=4,
                      min_samples_split=10, random_state=42), 'imputer__knn_scaling_method': 'minmax', 'imputer__knn_neighbors': 14, 'imputer__imputation_method': 'iterative', 'encoder__method': 'target'}",-2123.0005351478358,-2145.326922357818,-2207.776184060202,-2158.7012138552855,35.87832601931713,11,-1875.709786331989,-1926.8164448269822,-1910.380285739296,-1904.3021722994224,21.302272693650018
388,5,64000,0.18268378575642905,0.01203358919870732,0.02828828493754069,0.005220423727673792,kbest,5,dt,9,minmax,"['car_age', 'mileage', 'tax', 'mpg']",2,"['car_age', 'mileage']",z_score,100,"['tax', 'mpg']","['car_age', 'mileage', 'tax', 'mpg']",0.15,0.05,"DecisionTreeRegressor(max_depth=10, max_features='sqrt', min_samples_leaf=4,
                      min_samples_split=10, random_state=42)",minmax,19,simple,target,"{'selector__selection_method': 'kbest', 'selector__n_features_to_select': 5, 'selector__model_name': 'dt', 'selector__k': 9, 'scaler__scaler_name': 'minmax', 'outlier_remover__z_columns': ['car_age', 'mileage', 'tax', 'mpg'], 'outlier_remover__threshold': 2, 'outlier_remover__sev_outliers_cols': ['car_age', 'mileage'], 'outlier_remover__outlier_method': 'z_score', 'outlier_remover__n_neighbors': 100, 'outlier_remover__model_columns': ['tax', 'mpg'], 'outlier_remover__mod_outliers_cols': ['car_age', 'mileage', 'tax', 'mpg'], 'outlier_remover__contamination_LOF': 0.15, 'outlier_remover__contamination_IF': 0.05, 'model': DecisionTreeRegressor(max_depth=10, max_features='sqrt', min_samples_leaf=4,
                      min_samples_split=10, random_state=42), 'imputer__knn_scaling_method': 'minmax', 'imputer__knn_neighbors': 19, 'imputer__imputation_method': 'simple', 'encoder__method': 'target'}",-2124.043961540131,-2102.7496243676774,-2239.3444020574593,-2155.3793293217554,60.00534575373269,10,-1991.0221242730317,-1955.1171158725122,-2059.8383851774433,-2001.992541774329,43.45034412079732
389,5,64000,0.3615566889444987,0.011135759540443234,0.024663368860880535,0.0031282634824176254,model,8,dt,5,standard,"['car_age', 'mileage', 'tax', 'mpg']",2,"['car_age', 'mileage']",z_score,30,"['car_age', 'mileage', 'tax', 'mpg']","['car_age', 'mileage', 'tax', 'mpg']",0.05,0.5,"DecisionTreeRegressor(max_depth=10, max_features='sqrt', min_samples_leaf=4,
                      min_samples_split=10, random_state=42)",standard,13,simple,target,"{'selector__selection_method': 'model', 'selector__n_features_to_select': 8, 'selector__model_name': 'dt', 'selector__k': 5, 'scaler__scaler_name': 'standard', 'outlier_remover__z_columns': ['car_age', 'mileage', 'tax', 'mpg'], 'outlier_remover__threshold': 2, 'outlier_remover__sev_outliers_cols': ['car_age', 'mileage'], 'outlier_remover__outlier_method': 'z_score', 'outlier_remover__n_neighbors': 30, 'outlier_remover__model_columns': ['car_age', 'mileage', 'tax', 'mpg'], 'outlier_remover__mod_outliers_cols': ['car_age', 'mileage', 'tax', 'mpg'], 'outlier_remover__contamination_LOF': 0.05, 'outlier_remover__contamination_IF': 0.5, 'model': DecisionTreeRegressor(max_depth=10, max_features='sqrt', min_samples_leaf=4,
                      min_samples_split=10, random_state=42), 'imputer__knn_scaling_method': 'standard', 'imputer__knn_neighbors': 13, 'imputer__imputation_method': 'simple', 'encoder__method': 'target'}",-2121.6093406834,-2145.087153649185,-2127.157785043027,-2131.2847597918712,10.019177140107784,5,-1981.9641378696901,-1993.912702955754,-1955.0003579663048,-1976.9590662639164,16.275353646514507
390,5,64000,0.8287199338277181,0.1531541618776979,0.03891070683797201,0.002981038355417855,model,7,dt,9,robust,"['car_age', 'mileage', 'tax', 'mpg']",2,"['car_age', 'mileage', 'engineSize']",IQR,30,"['tax', 'mpg']","['tax', 'mpg']",0.3,0.5,"DecisionTreeRegressor(max_depth=10, max_features='sqrt', min_samples_leaf=4,
                      min_samples_split=10, random_state=42)",robust,14,iterative,target,"{'selector__selection_method': 'model', 'selector__n_features_to_select': 7, 'selector__model_name': 'dt', 'selector__k': 9, 'scaler__scaler_name': 'robust', 'outlier_remover__z_columns': ['car_age', 'mileage', 'tax', 'mpg'], 'outlier_remover__threshold': 2, 'outlier_remover__sev_outliers_cols': ['car_age', 'mileage', 'engineSize'], 'outlier_remover__outlier_method': 'IQR', 'outlier_remover__n_neighbors': 30, 'outlier_remover__model_columns': ['tax', 'mpg'], 'outlier_remover__mod_outliers_cols': ['tax', 'mpg'], 'outlier_remover__contamination_LOF': 0.3, 'outlier_remover__contamination_IF': 0.5, 'model': DecisionTreeRegressor(max_depth=10, max_features='sqrt', min_samples_leaf=4,
                      min_samples_split=10, random_state=42), 'imputer__knn_scaling_method': 'robust', 'imputer__knn_neighbors': 14, 'imputer__imputation_method': 'iterative', 'encoder__method': 'target'}",-2056.4339412752656,-2093.5005995874144,-2105.6871272076796,-2085.2072226901196,20.945232653974347,3,-1889.695264254921,-1938.2495781545374,-1939.2049558695653,-1922.3832660930082,23.117198284245287
391,5,64000,0.6270473003387451,0.10873820043354673,0.06693895657857259,0.025117822763536787,kbest,9,dt,9,standard,"['car_age', 'mileage', 'tax', 'mpg']",2,"['car_age', 'mileage', 'engineSize']",z_score,70,"['car_age', 'mileage', 'tax', 'mpg', 'engineSize']","['tax', 'mpg']",0.15,0.5,"DecisionTreeRegressor(max_depth=10, max_features='sqrt', min_samples_leaf=4,
                      min_samples_split=10, random_state=42)",minmax,14,iterative,target,"{'selector__selection_method': 'kbest', 'selector__n_features_to_select': 9, 'selector__model_name': 'dt', 'selector__k': 9, 'scaler__scaler_name': 'standard', 'outlier_remover__z_columns': ['car_age', 'mileage', 'tax', 'mpg'], 'outlier_remover__threshold': 2, 'outlier_remover__sev_outliers_cols': ['car_age', 'mileage', 'engineSize'], 'outlier_remover__outlier_method': 'z_score', 'outlier_remover__n_neighbors': 70, 'outlier_remover__model_columns': ['car_age', 'mileage', 'tax', 'mpg', 'engineSize'], 'outlier_remover__mod_outliers_cols': ['tax', 'mpg'], 'outlier_remover__contamination_LOF': 0.15, 'outlier_remover__contamination_IF': 0.5, 'model': DecisionTreeRegressor(max_depth=10, max_features='sqrt', min_samples_leaf=4,
                      min_samples_split=10, random_state=42), 'imputer__knn_scaling_method': 'minmax', 'imputer__knn_neighbors': 14, 'imputer__imputation_method': 'iterative', 'encoder__method': 'target'}",-1991.58443066958,-2053.799696308916,-2146.7271722494,-2064.037099742632,63.74909614012432,2,-1853.1388792415328,-1924.2314238817999,-1973.0854331038424,-1916.8185787423918,49.24771839491059
392,5,64000,1.2029002507527669,0.0761402460684232,0.03570270538330078,0.009086766638308624,rfe,9,dt,5,standard,"['car_age', 'mileage', 'tax', 'mpg']",2,"['car_age', 'mileage', 'engineSize']",IQR,70,"['car_age', 'mileage', 'tax', 'mpg', 'engineSize']","['car_age', 'mileage', 'tax', 'mpg']",0.5,0.15,"DecisionTreeRegressor(max_depth=10, max_features='sqrt', min_samples_leaf=4,
                      min_samples_split=10, random_state=42)",robust,19,iterative,target,"{'selector__selection_method': 'rfe', 'selector__n_features_to_select': 9, 'selector__model_name': 'dt', 'selector__k': 5, 'scaler__scaler_name': 'standard', 'outlier_remover__z_columns': ['car_age', 'mileage', 'tax', 'mpg'], 'outlier_remover__threshold': 2, 'outlier_remover__sev_outliers_cols': ['car_age', 'mileage', 'engineSize'], 'outlier_remover__outlier_method': 'IQR', 'outlier_remover__n_neighbors': 70, 'outlier_remover__model_columns': ['car_age', 'mileage', 'tax', 'mpg', 'engineSize'], 'outlier_remover__mod_outliers_cols': ['car_age', 'mileage', 'tax', 'mpg'], 'outlier_remover__contamination_LOF': 0.5, 'outlier_remover__contamination_IF': 0.15, 'model': DecisionTreeRegressor(max_depth=10, max_features='sqrt', min_samples_leaf=4,
                      min_samples_split=10, random_state=42), 'imputer__knn_scaling_method': 'robust', 'imputer__knn_neighbors': 19, 'imputer__imputation_method': 'iterative', 'encoder__method': 'target'}",-2033.36663381126,-2041.0964763306952,-2094.926652650404,-2056.4632542641198,27.380192084915727,1,-1882.167396388067,-1902.0676222224306,-1922.0685202040008,-1902.1011796048326,16.289582867936552
393,5,64000,1.6621904373168945,0.16969955723276228,0.032296339670817055,0.002751565634556304,rfe,5,dt,7,standard,"['car_age', 'mileage', 'tax', 'mpg']",3,"['car_age', 'mileage', 'engineSize']",IQR,30,"['tax', 'mpg']","['tax', 'mpg']",0.15,0.15,"DecisionTreeRegressor(max_depth=10, max_features='sqrt', min_samples_leaf=4,
                      min_samples_split=10, random_state=42)",standard,11,iterative,target,"{'selector__selection_method': 'rfe', 'selector__n_features_to_select': 5, 'selector__model_name': 'dt', 'selector__k': 7, 'scaler__scaler_name': 'standard', 'outlier_remover__z_columns': ['car_age', 'mileage', 'tax', 'mpg'], 'outlier_remover__threshold': 3, 'outlier_remover__sev_outliers_cols': ['car_age', 'mileage', 'engineSize'], 'outlier_remover__outlier_method': 'IQR', 'outlier_remover__n_neighbors': 30, 'outlier_remover__model_columns': ['tax', 'mpg'], 'outlier_remover__mod_outliers_cols': ['tax', 'mpg'], 'outlier_remover__contamination_LOF': 0.15, 'outlier_remover__contamination_IF': 0.15, 'model': DecisionTreeRegressor(max_depth=10, max_features='sqrt', min_samples_leaf=4,
                      min_samples_split=10, random_state=42), 'imputer__knn_scaling_method': 'standard', 'imputer__knn_neighbors': 11, 'imputer__imputation_method': 'iterative', 'encoder__method': 'target'}",-2087.3712009784977,-2061.2253703308593,-2113.008444153469,-2087.201671820942,21.140691233273504,4,-1926.161499942231,-1934.2640310912593,-1937.2154197429236,-1932.5469835921378,4.673219791229911
394,5,64000,1.4349958896636963,0.1762480956389574,0.024021387100219727,0.0005843769557368646,rfe,5,dt,5,minmax,"['car_age', 'mileage', 'tax', 'mpg']",2,"['car_age', 'mileage', 'engineSize']",IQR,90,"['car_age', 'mileage', 'tax', 'mpg']","['car_age', 'mileage', 'tax', 'mpg']",0.05,0.5,"DecisionTreeRegressor(max_depth=10, max_features='sqrt', min_samples_leaf=4,
                      min_samples_split=10, random_state=42)",robust,10,iterative,target,"{'selector__selection_method': 'rfe', 'selector__n_features_to_select': 5, 'selector__model_name': 'dt', 'selector__k': 5, 'scaler__scaler_name': 'minmax', 'outlier_remover__z_columns': ['car_age', 'mileage', 'tax', 'mpg'], 'outlier_remover__threshold': 2, 'outlier_remover__sev_outliers_cols': ['car_age', 'mileage', 'engineSize'], 'outlier_remover__outlier_method': 'IQR', 'outlier_remover__n_neighbors': 90, 'outlier_remover__model_columns': ['car_age', 'mileage', 'tax', 'mpg'], 'outlier_remover__mod_outliers_cols': ['car_age', 'mileage', 'tax', 'mpg'], 'outlier_remover__contamination_LOF': 0.05, 'outlier_remover__contamination_IF': 0.5, 'model': DecisionTreeRegressor(max_depth=10, max_features='sqrt', min_samples_leaf=4,
                      min_samples_split=10, random_state=42), 'imputer__knn_scaling_method': 'robust', 'imputer__knn_neighbors': 10, 'imputer__imputation_method': 'iterative', 'encoder__method': 'target'}",-2175.6245910491407,-2111.013928064783,-2109.6910916558777,-2132.1098702566,30.77429304122439,6,-2022.6781481603125,-1953.5030398225517,-1940.0714004402207,-1972.0841961410285,36.19312291786447
