,iter,n_resources,mean_fit_time,std_fit_time,mean_score_time,std_score_time,param_selector__selection_method,param_selector__n_features_to_select,param_selector__model_name,param_selector__k,param_scaler__scaler_name,param_outlier_remover__z_columns,param_outlier_remover__threshold,param_outlier_remover__sev_outliers_cols,param_outlier_remover__outlier_method,param_outlier_remover__n_neighbors,param_outlier_remover__model_columns,param_outlier_remover__mod_outliers_cols,param_outlier_remover__contamination_LOF,param_outlier_remover__contamination_IF,param_model,param_imputer__knn_scaling_method,param_imputer__knn_neighbors,param_imputer__imputation_method,param_encoder__method,params,split0_test_score,split1_test_score,split2_test_score,mean_test_score,std_test_score,rank_test_score,split0_train_score,split1_train_score,split2_train_score,mean_train_score,std_train_score
0,0,2000,0.4097491105397542,0.0016420327058952226,0.00936563809712728,8.622413397818798e-05,rfe,9,rf,5,standard,"['car_age', 'mileage', 'tax', 'mpg']",2,"['car_age', 'mileage', 'engineSize']",Isolation_Forest,70,"['car_age', 'mileage', 'tax', 'mpg', 'engineSize']","['car_age', 'mileage', 'tax', 'mpg']",0.5,0.5,"RandomForestRegressor(max_depth=12, max_features='sqrt', min_samples_leaf=4,
                      min_samples_split=10, random_state=42)",minmax,12,simple,freq,"{'selector__selection_method': 'rfe', 'selector__n_features_to_select': 9, 'selector__model_name': 'rf', 'selector__k': 5, 'scaler__scaler_name': 'standard', 'outlier_remover__z_columns': ['car_age', 'mileage', 'tax', 'mpg'], 'outlier_remover__threshold': 2, 'outlier_remover__sev_outliers_cols': ['car_age', 'mileage', 'engineSize'], 'outlier_remover__outlier_method': 'Isolation_Forest', 'outlier_remover__n_neighbors': 70, 'outlier_remover__model_columns': ['car_age', 'mileage', 'tax', 'mpg', 'engineSize'], 'outlier_remover__mod_outliers_cols': ['car_age', 'mileage', 'tax', 'mpg'], 'outlier_remover__contamination_LOF': 0.5, 'outlier_remover__contamination_IF': 0.5, 'model': RandomForestRegressor(max_depth=12, max_features='sqrt', min_samples_leaf=4,
                      min_samples_split=10, random_state=42), 'imputer__knn_scaling_method': 'minmax', 'imputer__knn_neighbors': 12, 'imputer__imputation_method': 'simple', 'encoder__method': 'freq'}",-3721.019417428032,-3754.9415727470578,-3633.222152856838,-3703.0610476773095,51.28860547711458,391,-3478.269816282136,-3579.2666842937824,-3526.6205515015467,-3528.0523506924887,41.2442268584979
1,0,2000,0.8565742174784342,0.004569419019410504,0.01011506716410319,0.00011693328813446425,rfe,8,rf,7,robust,"['car_age', 'mileage', 'tax', 'mpg']",3,"['car_age', 'mileage', 'engineSize']",Isolation_Forest,50,"['car_age', 'mileage', 'tax', 'mpg', 'engineSize']","['car_age', 'mileage', 'tax', 'mpg']",0.15,0.15,"RandomForestRegressor(max_depth=12, max_features='sqrt', min_samples_leaf=4,
                      min_samples_split=10, random_state=42)",robust,15,simple,target,"{'selector__selection_method': 'rfe', 'selector__n_features_to_select': 8, 'selector__model_name': 'rf', 'selector__k': 7, 'scaler__scaler_name': 'robust', 'outlier_remover__z_columns': ['car_age', 'mileage', 'tax', 'mpg'], 'outlier_remover__threshold': 3, 'outlier_remover__sev_outliers_cols': ['car_age', 'mileage', 'engineSize'], 'outlier_remover__outlier_method': 'Isolation_Forest', 'outlier_remover__n_neighbors': 50, 'outlier_remover__model_columns': ['car_age', 'mileage', 'tax', 'mpg', 'engineSize'], 'outlier_remover__mod_outliers_cols': ['car_age', 'mileage', 'tax', 'mpg'], 'outlier_remover__contamination_LOF': 0.15, 'outlier_remover__contamination_IF': 0.15, 'model': RandomForestRegressor(max_depth=12, max_features='sqrt', min_samples_leaf=4,
                      min_samples_split=10, random_state=42), 'imputer__knn_scaling_method': 'robust', 'imputer__knn_neighbors': 15, 'imputer__imputation_method': 'simple', 'encoder__method': 'target'}",-2831.316732082894,-2585.987193917358,-2621.838011309759,-2679.713979103337,108.19385783601955,295,-2362.5988469115186,-2290.343221035524,-2311.8282348719385,-2321.5901009396603,30.29509739794026
2,0,2000,0.44169894854227704,0.0014847704092099756,0.01071635882059733,0.0004942534774453509,rfe,10,rf,10,standard,"['car_age', 'mileage', 'tax', 'mpg']",3,"['car_age', 'mileage', 'engineSize']",Isolation_Forest,100,"['car_age', 'mileage', 'tax', 'mpg', 'engineSize']","['tax', 'mpg']",0.5,0.05,"RandomForestRegressor(max_depth=12, max_features='sqrt', min_samples_leaf=4,
                      min_samples_split=10, random_state=42)",standard,6,simple,target,"{'selector__selection_method': 'rfe', 'selector__n_features_to_select': 10, 'selector__model_name': 'rf', 'selector__k': 10, 'scaler__scaler_name': 'standard', 'outlier_remover__z_columns': ['car_age', 'mileage', 'tax', 'mpg'], 'outlier_remover__threshold': 3, 'outlier_remover__sev_outliers_cols': ['car_age', 'mileage', 'engineSize'], 'outlier_remover__outlier_method': 'Isolation_Forest', 'outlier_remover__n_neighbors': 100, 'outlier_remover__model_columns': ['car_age', 'mileage', 'tax', 'mpg', 'engineSize'], 'outlier_remover__mod_outliers_cols': ['tax', 'mpg'], 'outlier_remover__contamination_LOF': 0.5, 'outlier_remover__contamination_IF': 0.05, 'model': RandomForestRegressor(max_depth=12, max_features='sqrt', min_samples_leaf=4,
                      min_samples_split=10, random_state=42), 'imputer__knn_scaling_method': 'standard', 'imputer__knn_neighbors': 6, 'imputer__imputation_method': 'simple', 'encoder__method': 'target'}",-2631.3205221849526,-2407.411503263017,-2418.6359202606245,-2485.789315236198,103.00807745416523,236,-2076.4864439902863,-1924.4489017263168,-1925.1231199047393,-1975.3528218737808,71.51279971371618
3,0,2000,0.8978416919708252,0.008790891351805965,0.10353223482767741,0.005918845437434207,rfe,9,rf,10,standard,"['car_age', 'mileage', 'tax', 'mpg']",3,"['car_age', 'mileage']",z_score,90,"['tax', 'mpg']","['tax', 'mpg']",0.05,0.15,"RandomForestRegressor(max_depth=12, max_features='sqrt', min_samples_leaf=4,
                      min_samples_split=10, random_state=42)",robust,13,knn_modelwise,freq,"{'selector__selection_method': 'rfe', 'selector__n_features_to_select': 9, 'selector__model_name': 'rf', 'selector__k': 10, 'scaler__scaler_name': 'standard', 'outlier_remover__z_columns': ['car_age', 'mileage', 'tax', 'mpg'], 'outlier_remover__threshold': 3, 'outlier_remover__sev_outliers_cols': ['car_age', 'mileage'], 'outlier_remover__outlier_method': 'z_score', 'outlier_remover__n_neighbors': 90, 'outlier_remover__model_columns': ['tax', 'mpg'], 'outlier_remover__mod_outliers_cols': ['tax', 'mpg'], 'outlier_remover__contamination_LOF': 0.05, 'outlier_remover__contamination_IF': 0.15, 'model': RandomForestRegressor(max_depth=12, max_features='sqrt', min_samples_leaf=4,
                      min_samples_split=10, random_state=42), 'imputer__knn_scaling_method': 'robust', 'imputer__knn_neighbors': 13, 'imputer__imputation_method': 'knn_modelwise', 'encoder__method': 'freq'}",-2744.50813887377,-2596.1062464465954,-2509.8363612032026,-2616.816915507856,96.91717999917879,260,-2014.073844558971,-1979.024532719187,-1959.0806519976506,-1984.0596764252696,22.731436545414216
4,0,2000,0.2573548158009847,0.004924802203621459,0.12023170789082845,0.015003272181047547,kbest,9,rf,5,standard,"['car_age', 'mileage', 'tax', 'mpg']",2,"['car_age', 'mileage', 'engineSize']",z_score,30,"['car_age', 'mileage', 'tax', 'mpg']","['tax', 'mpg']",0.3,0.05,"RandomForestRegressor(max_depth=12, max_features='sqrt', min_samples_leaf=4,
                      min_samples_split=10, random_state=42)",robust,12,knn_modelwise,freq,"{'selector__selection_method': 'kbest', 'selector__n_features_to_select': 9, 'selector__model_name': 'rf', 'selector__k': 5, 'scaler__scaler_name': 'standard', 'outlier_remover__z_columns': ['car_age', 'mileage', 'tax', 'mpg'], 'outlier_remover__threshold': 2, 'outlier_remover__sev_outliers_cols': ['car_age', 'mileage', 'engineSize'], 'outlier_remover__outlier_method': 'z_score', 'outlier_remover__n_neighbors': 30, 'outlier_remover__model_columns': ['car_age', 'mileage', 'tax', 'mpg'], 'outlier_remover__mod_outliers_cols': ['tax', 'mpg'], 'outlier_remover__contamination_LOF': 0.3, 'outlier_remover__contamination_IF': 0.05, 'model': RandomForestRegressor(max_depth=12, max_features='sqrt', min_samples_leaf=4,
                      min_samples_split=10, random_state=42), 'imputer__knn_scaling_method': 'robust', 'imputer__knn_neighbors': 12, 'imputer__imputation_method': 'knn_modelwise', 'encoder__method': 'freq'}",-2953.4098701950543,-2881.2065517405376,-2752.8322653100818,-2862.4828957485583,82.94888130902284,338,-2283.059658864725,-2250.3610793212215,-2235.4296952778614,-2256.2834778212696,19.890692309327566
5,0,2000,0.4520440101623535,0.009387367537167204,0.011812051137288412,0.0009059243916975244,model,6,rf,10,robust,"['car_age', 'mileage', 'tax', 'mpg']",2,"['car_age', 'mileage']",Isolation_Forest,70,"['car_age', 'mileage', 'tax', 'mpg']","['tax', 'mpg']",0.05,0.15,"RandomForestRegressor(max_depth=12, max_features='sqrt', min_samples_leaf=4,
                      min_samples_split=10, random_state=42)",robust,14,iterative,freq,"{'selector__selection_method': 'model', 'selector__n_features_to_select': 6, 'selector__model_name': 'rf', 'selector__k': 10, 'scaler__scaler_name': 'robust', 'outlier_remover__z_columns': ['car_age', 'mileage', 'tax', 'mpg'], 'outlier_remover__threshold': 2, 'outlier_remover__sev_outliers_cols': ['car_age', 'mileage'], 'outlier_remover__outlier_method': 'Isolation_Forest', 'outlier_remover__n_neighbors': 70, 'outlier_remover__model_columns': ['car_age', 'mileage', 'tax', 'mpg'], 'outlier_remover__mod_outliers_cols': ['tax', 'mpg'], 'outlier_remover__contamination_LOF': 0.05, 'outlier_remover__contamination_IF': 0.15, 'model': RandomForestRegressor(max_depth=12, max_features='sqrt', min_samples_leaf=4,
                      min_samples_split=10, random_state=42), 'imputer__knn_scaling_method': 'robust', 'imputer__knn_neighbors': 14, 'imputer__imputation_method': 'iterative', 'encoder__method': 'freq'}",-3054.6950938825494,-2872.4697258114297,-2825.911595915326,-2917.692138536435,98.72275048515976,348,-2438.5099857740065,-2310.2474962744095,-2277.8243696747923,-2342.1939505744026,69.38010647657912
6,0,2000,0.4289843241373698,0.00503455679507728,0.010998090108235678,0.0004859572825512494,model,6,rf,10,minmax,"['car_age', 'mileage', 'tax', 'mpg']",2,"['car_age', 'mileage']",Isolation_Forest,70,"['tax', 'mpg']","['car_age', 'mileage', 'tax', 'mpg']",0.05,0.15,"RandomForestRegressor(max_depth=12, max_features='sqrt', min_samples_leaf=4,
                      min_samples_split=10, random_state=42)",robust,14,iterative,freq,"{'selector__selection_method': 'model', 'selector__n_features_to_select': 6, 'selector__model_name': 'rf', 'selector__k': 10, 'scaler__scaler_name': 'minmax', 'outlier_remover__z_columns': ['car_age', 'mileage', 'tax', 'mpg'], 'outlier_remover__threshold': 2, 'outlier_remover__sev_outliers_cols': ['car_age', 'mileage'], 'outlier_remover__outlier_method': 'Isolation_Forest', 'outlier_remover__n_neighbors': 70, 'outlier_remover__model_columns': ['tax', 'mpg'], 'outlier_remover__mod_outliers_cols': ['car_age', 'mileage', 'tax', 'mpg'], 'outlier_remover__contamination_LOF': 0.05, 'outlier_remover__contamination_IF': 0.15, 'model': RandomForestRegressor(max_depth=12, max_features='sqrt', min_samples_leaf=4,
                      min_samples_split=10, random_state=42), 'imputer__knn_scaling_method': 'robust', 'imputer__knn_neighbors': 14, 'imputer__imputation_method': 'iterative', 'encoder__method': 'freq'}",-2927.0512215634235,-2729.1729414252754,-2662.2060011767962,-2772.8100547218323,112.43930491025712,324,-2372.4027808928863,-2236.5628366338897,-2159.4826481109053,-2256.149421879227,88.02072285226836
7,0,2000,0.5410264333089193,0.00019329227454363627,0.09197060267130534,0.005286403669867416,model,6,rf,6,standard,"['car_age', 'mileage', 'tax', 'mpg']",2,"['car_age', 'mileage']",IQR,100,"['car_age', 'mileage', 'tax', 'mpg', 'engineSize']","['tax', 'mpg']",0.05,0.3,"RandomForestRegressor(max_depth=12, max_features='sqrt', min_samples_leaf=4,
                      min_samples_split=10, random_state=42)",minmax,14,knn_modelwise,freq,"{'selector__selection_method': 'model', 'selector__n_features_to_select': 6, 'selector__model_name': 'rf', 'selector__k': 6, 'scaler__scaler_name': 'standard', 'outlier_remover__z_columns': ['car_age', 'mileage', 'tax', 'mpg'], 'outlier_remover__threshold': 2, 'outlier_remover__sev_outliers_cols': ['car_age', 'mileage'], 'outlier_remover__outlier_method': 'IQR', 'outlier_remover__n_neighbors': 100, 'outlier_remover__model_columns': ['car_age', 'mileage', 'tax', 'mpg', 'engineSize'], 'outlier_remover__mod_outliers_cols': ['tax', 'mpg'], 'outlier_remover__contamination_LOF': 0.05, 'outlier_remover__contamination_IF': 0.3, 'model': RandomForestRegressor(max_depth=12, max_features='sqrt', min_samples_leaf=4,
                      min_samples_split=10, random_state=42), 'imputer__knn_scaling_method': 'minmax', 'imputer__knn_neighbors': 14, 'imputer__imputation_method': 'knn_modelwise', 'encoder__method': 'freq'}",-2761.384716303887,-2698.523256823047,-2587.416154338425,-2682.4413758217866,71.92697829737587,299,-2145.112098497095,-2079.601173809893,-2059.012306459552,-2094.57519292218,36.710211871797426
8,0,2000,1.3381907145182292,0.032976028195981166,0.01253358523050944,0.001346017201230412,rfe,7,rf,8,minmax,"['car_age', 'mileage', 'tax', 'mpg']",2,"['car_age', 'mileage', 'engineSize']",IQR,70,"['tax', 'mpg']","['car_age', 'mileage', 'tax', 'mpg']",0.05,0.15,"RandomForestRegressor(max_depth=12, max_features='sqrt', min_samples_leaf=4,
                      min_samples_split=10, random_state=42)",minmax,6,iterative,target,"{'selector__selection_method': 'rfe', 'selector__n_features_to_select': 7, 'selector__model_name': 'rf', 'selector__k': 8, 'scaler__scaler_name': 'minmax', 'outlier_remover__z_columns': ['car_age', 'mileage', 'tax', 'mpg'], 'outlier_remover__threshold': 2, 'outlier_remover__sev_outliers_cols': ['car_age', 'mileage', 'engineSize'], 'outlier_remover__outlier_method': 'IQR', 'outlier_remover__n_neighbors': 70, 'outlier_remover__model_columns': ['tax', 'mpg'], 'outlier_remover__mod_outliers_cols': ['car_age', 'mileage', 'tax', 'mpg'], 'outlier_remover__contamination_LOF': 0.05, 'outlier_remover__contamination_IF': 0.15, 'model': RandomForestRegressor(max_depth=12, max_features='sqrt', min_samples_leaf=4,
                      min_samples_split=10, random_state=42), 'imputer__knn_scaling_method': 'minmax', 'imputer__knn_neighbors': 6, 'imputer__imputation_method': 'iterative', 'encoder__method': 'target'}",-2582.975280929148,-2371.0642818377178,-2401.2409723827564,-2451.7601783832074,93.59740208349464,226,-1842.880958665001,-1765.224401272546,-1793.4564469205725,-1800.5206022860395,32.09425644132718
9,0,2000,0.11502734820048015,0.0010949320803986058,0.011155923207600912,0.002074445465396814,kbest,10,rf,5,minmax,"['car_age', 'mileage', 'tax', 'mpg']",3,"['car_age', 'mileage']",LOF,70,"['car_age', 'mileage', 'tax', 'mpg', 'engineSize']","['car_age', 'mileage', 'tax', 'mpg']",0.05,0.3,"RandomForestRegressor(max_depth=12, max_features='sqrt', min_samples_leaf=4,
                      min_samples_split=10, random_state=42)",robust,7,simple,freq,"{'selector__selection_method': 'kbest', 'selector__n_features_to_select': 10, 'selector__model_name': 'rf', 'selector__k': 5, 'scaler__scaler_name': 'minmax', 'outlier_remover__z_columns': ['car_age', 'mileage', 'tax', 'mpg'], 'outlier_remover__threshold': 3, 'outlier_remover__sev_outliers_cols': ['car_age', 'mileage'], 'outlier_remover__outlier_method': 'LOF', 'outlier_remover__n_neighbors': 70, 'outlier_remover__model_columns': ['car_age', 'mileage', 'tax', 'mpg', 'engineSize'], 'outlier_remover__mod_outliers_cols': ['car_age', 'mileage', 'tax', 'mpg'], 'outlier_remover__contamination_LOF': 0.05, 'outlier_remover__contamination_IF': 0.3, 'model': RandomForestRegressor(max_depth=12, max_features='sqrt', min_samples_leaf=4,
                      min_samples_split=10, random_state=42), 'imputer__knn_scaling_method': 'robust', 'imputer__knn_neighbors': 7, 'imputer__imputation_method': 'simple', 'encoder__method': 'freq'}",-3092.513816609167,-2976.5910019791404,-2903.1076825786095,-2990.737500388972,77.96906850388346,362,-2597.704259589589,-2398.7579668063518,-2476.7027515424106,-2491.054992646117,81.85107196028892
10,0,2000,0.27637751897176105,0.02037636132296326,0.12246012687683105,0.01975229960269664,kbest,9,rf,5,minmax,"['car_age', 'mileage', 'tax', 'mpg']",3,"['car_age', 'mileage']",z_score,70,"['car_age', 'mileage', 'tax', 'mpg']","['tax', 'mpg']",0.5,0.15,"RandomForestRegressor(max_depth=12, max_features='sqrt', min_samples_leaf=4,
                      min_samples_split=10, random_state=42)",standard,5,knn_modelwise,freq,"{'selector__selection_method': 'kbest', 'selector__n_features_to_select': 9, 'selector__model_name': 'rf', 'selector__k': 5, 'scaler__scaler_name': 'minmax', 'outlier_remover__z_columns': ['car_age', 'mileage', 'tax', 'mpg'], 'outlier_remover__threshold': 3, 'outlier_remover__sev_outliers_cols': ['car_age', 'mileage'], 'outlier_remover__outlier_method': 'z_score', 'outlier_remover__n_neighbors': 70, 'outlier_remover__model_columns': ['car_age', 'mileage', 'tax', 'mpg'], 'outlier_remover__mod_outliers_cols': ['tax', 'mpg'], 'outlier_remover__contamination_LOF': 0.5, 'outlier_remover__contamination_IF': 0.15, 'model': RandomForestRegressor(max_depth=12, max_features='sqrt', min_samples_leaf=4,
                      min_samples_split=10, random_state=42), 'imputer__knn_scaling_method': 'standard', 'imputer__knn_neighbors': 5, 'imputer__imputation_method': 'knn_modelwise', 'encoder__method': 'freq'}",-2955.9289488594777,-2873.6630844329266,-2711.9528794238886,-2847.1816375720978,101.34768829855645,333,-2303.4279195748177,-2255.9496097810315,-2243.525399486701,-2267.634309614183,25.813137945239507
11,0,2000,0.32182780901590985,0.01066619997687879,0.11711986859639485,0.010032111271415135,kbest,8,rf,8,standard,"['car_age', 'mileage', 'tax', 'mpg']",3,"['car_age', 'mileage']",Isolation_Forest,100,"['car_age', 'mileage', 'tax', 'mpg', 'engineSize']","['car_age', 'mileage', 'tax', 'mpg']",0.05,0.3,"RandomForestRegressor(max_depth=12, max_features='sqrt', min_samples_leaf=4,
                      min_samples_split=10, random_state=42)",standard,15,knn_modelwise,freq,"{'selector__selection_method': 'kbest', 'selector__n_features_to_select': 8, 'selector__model_name': 'rf', 'selector__k': 8, 'scaler__scaler_name': 'standard', 'outlier_remover__z_columns': ['car_age', 'mileage', 'tax', 'mpg'], 'outlier_remover__threshold': 3, 'outlier_remover__sev_outliers_cols': ['car_age', 'mileage'], 'outlier_remover__outlier_method': 'Isolation_Forest', 'outlier_remover__n_neighbors': 100, 'outlier_remover__model_columns': ['car_age', 'mileage', 'tax', 'mpg', 'engineSize'], 'outlier_remover__mod_outliers_cols': ['car_age', 'mileage', 'tax', 'mpg'], 'outlier_remover__contamination_LOF': 0.05, 'outlier_remover__contamination_IF': 0.3, 'model': RandomForestRegressor(max_depth=12, max_features='sqrt', min_samples_leaf=4,
                      min_samples_split=10, random_state=42), 'imputer__knn_scaling_method': 'standard', 'imputer__knn_neighbors': 15, 'imputer__imputation_method': 'knn_modelwise', 'encoder__method': 'freq'}",-3402.3342482339012,-3221.9154888562566,-3352.24045183043,-3325.496729640196,76.04451411852325,383,-3175.8293809962724,-2958.854901858103,-3265.6321492649163,-3133.438810706431,128.7783372537188
12,0,2000,0.44897762934366864,0.00176925735616752,0.010984261830647787,0.00026210761193230315,model,9,rf,6,standard,"['car_age', 'mileage', 'tax', 'mpg']",2,"['car_age', 'mileage', 'engineSize']",z_score,30,"['tax', 'mpg']","['tax', 'mpg']",0.15,0.3,"RandomForestRegressor(max_depth=12, max_features='sqrt', min_samples_leaf=4,
                      min_samples_split=10, random_state=42)",standard,7,iterative,freq,"{'selector__selection_method': 'model', 'selector__n_features_to_select': 9, 'selector__model_name': 'rf', 'selector__k': 6, 'scaler__scaler_name': 'standard', 'outlier_remover__z_columns': ['car_age', 'mileage', 'tax', 'mpg'], 'outlier_remover__threshold': 2, 'outlier_remover__sev_outliers_cols': ['car_age', 'mileage', 'engineSize'], 'outlier_remover__outlier_method': 'z_score', 'outlier_remover__n_neighbors': 30, 'outlier_remover__model_columns': ['tax', 'mpg'], 'outlier_remover__mod_outliers_cols': ['tax', 'mpg'], 'outlier_remover__contamination_LOF': 0.15, 'outlier_remover__contamination_IF': 0.3, 'model': RandomForestRegressor(max_depth=12, max_features='sqrt', min_samples_leaf=4,
                      min_samples_split=10, random_state=42), 'imputer__knn_scaling_method': 'standard', 'imputer__knn_neighbors': 7, 'imputer__imputation_method': 'iterative', 'encoder__method': 'freq'}",-2878.3648351274505,-2733.841946045643,-2640.370843553935,-2750.8592082423434,97.90292952980535,321,-2156.6151939950937,-2118.166103043564,-2093.258097582218,-2122.6797982069584,26.061600097827807
13,0,2000,1.6896572907765706,0.010622308314121809,0.011364618937174479,0.0005357084677742444,rfe,5,rf,7,minmax,"['car_age', 'mileage', 'tax', 'mpg']",2,"['car_age', 'mileage', 'engineSize']",z_score,50,"['tax', 'mpg']","['car_age', 'mileage', 'tax', 'mpg']",0.5,0.15,"RandomForestRegressor(max_depth=12, max_features='sqrt', min_samples_leaf=4,
                      min_samples_split=10, random_state=42)",robust,11,iterative,freq,"{'selector__selection_method': 'rfe', 'selector__n_features_to_select': 5, 'selector__model_name': 'rf', 'selector__k': 7, 'scaler__scaler_name': 'minmax', 'outlier_remover__z_columns': ['car_age', 'mileage', 'tax', 'mpg'], 'outlier_remover__threshold': 2, 'outlier_remover__sev_outliers_cols': ['car_age', 'mileage', 'engineSize'], 'outlier_remover__outlier_method': 'z_score', 'outlier_remover__n_neighbors': 50, 'outlier_remover__model_columns': ['tax', 'mpg'], 'outlier_remover__mod_outliers_cols': ['car_age', 'mileage', 'tax', 'mpg'], 'outlier_remover__contamination_LOF': 0.5, 'outlier_remover__contamination_IF': 0.15, 'model': RandomForestRegressor(max_depth=12, max_features='sqrt', min_samples_leaf=4,
                      min_samples_split=10, random_state=42), 'imputer__knn_scaling_method': 'robust', 'imputer__knn_neighbors': 11, 'imputer__imputation_method': 'iterative', 'encoder__method': 'freq'}",-3043.499542280164,-2923.4164395179446,-2792.216649454952,-2919.710877084354,102.61926866290325,349,-2309.610301193663,-2311.368985283504,-2247.1307105929063,-2289.3699990233577,29.876315678310796
14,0,2000,0.5905036131540934,0.017807545552364905,0.09192101160685222,0.006123811591133238,model,9,rf,9,minmax,"['car_age', 'mileage', 'tax', 'mpg']",3,"['car_age', 'mileage', 'engineSize']",LOF,100,"['car_age', 'mileage', 'tax', 'mpg', 'engineSize']","['car_age', 'mileage', 'tax', 'mpg']",0.05,0.3,"RandomForestRegressor(max_depth=12, max_features='sqrt', min_samples_leaf=4,
                      min_samples_split=10, random_state=42)",robust,16,knn_modelwise,target,"{'selector__selection_method': 'model', 'selector__n_features_to_select': 9, 'selector__model_name': 'rf', 'selector__k': 9, 'scaler__scaler_name': 'minmax', 'outlier_remover__z_columns': ['car_age', 'mileage', 'tax', 'mpg'], 'outlier_remover__threshold': 3, 'outlier_remover__sev_outliers_cols': ['car_age', 'mileage', 'engineSize'], 'outlier_remover__outlier_method': 'LOF', 'outlier_remover__n_neighbors': 100, 'outlier_remover__model_columns': ['car_age', 'mileage', 'tax', 'mpg', 'engineSize'], 'outlier_remover__mod_outliers_cols': ['car_age', 'mileage', 'tax', 'mpg'], 'outlier_remover__contamination_LOF': 0.05, 'outlier_remover__contamination_IF': 0.3, 'model': RandomForestRegressor(max_depth=12, max_features='sqrt', min_samples_leaf=4,
                      min_samples_split=10, random_state=42), 'imputer__knn_scaling_method': 'robust', 'imputer__knn_neighbors': 16, 'imputer__imputation_method': 'knn_modelwise', 'encoder__method': 'target'}",-2657.3798583980306,-2452.9636813546044,-2402.177050092912,-2504.173529948516,110.2994553823462,242,-1882.8878137554725,-1790.9238693871996,-1798.7742134497782,-1824.1952988641503,41.62543656368696
15,0,2000,1.1330440839131672,0.009365279962026293,0.011696656545003256,0.00025727248935478793,rfe,7,rf,9,standard,"['car_age', 'mileage', 'tax', 'mpg']",3,"['car_age', 'mileage']",Isolation_Forest,70,"['car_age', 'mileage', 'tax', 'mpg', 'engineSize']","['tax', 'mpg']",0.15,0.15,"RandomForestRegressor(max_depth=12, max_features='sqrt', min_samples_leaf=4,
                      min_samples_split=10, random_state=42)",minmax,5,iterative,target,"{'selector__selection_method': 'rfe', 'selector__n_features_to_select': 7, 'selector__model_name': 'rf', 'selector__k': 9, 'scaler__scaler_name': 'standard', 'outlier_remover__z_columns': ['car_age', 'mileage', 'tax', 'mpg'], 'outlier_remover__threshold': 3, 'outlier_remover__sev_outliers_cols': ['car_age', 'mileage'], 'outlier_remover__outlier_method': 'Isolation_Forest', 'outlier_remover__n_neighbors': 70, 'outlier_remover__model_columns': ['car_age', 'mileage', 'tax', 'mpg', 'engineSize'], 'outlier_remover__mod_outliers_cols': ['tax', 'mpg'], 'outlier_remover__contamination_LOF': 0.15, 'outlier_remover__contamination_IF': 0.15, 'model': RandomForestRegressor(max_depth=12, max_features='sqrt', min_samples_leaf=4,
                      min_samples_split=10, random_state=42), 'imputer__knn_scaling_method': 'minmax', 'imputer__knn_neighbors': 5, 'imputer__imputation_method': 'iterative', 'encoder__method': 'target'}",-2773.7607411828676,-2565.401878189542,-2680.8775033882557,-2673.3467075868884,85.22866736421213,291,-2262.726696250898,-2214.4526871341786,-2243.453980614078,-2240.211121333052,19.84073404703362
16,0,2000,1.4165313243865967,0.0446536628742543,0.012138684590657553,0.0009543225218010733,rfe,6,rf,8,minmax,"['car_age', 'mileage', 'tax', 'mpg']",3,"['car_age', 'mileage', 'engineSize']",Isolation_Forest,100,"['car_age', 'mileage', 'tax', 'mpg']","['tax', 'mpg']",0.05,0.15,"RandomForestRegressor(max_depth=12, max_features='sqrt', min_samples_leaf=4,
                      min_samples_split=10, random_state=42)",minmax,20,iterative,target,"{'selector__selection_method': 'rfe', 'selector__n_features_to_select': 6, 'selector__model_name': 'rf', 'selector__k': 8, 'scaler__scaler_name': 'minmax', 'outlier_remover__z_columns': ['car_age', 'mileage', 'tax', 'mpg'], 'outlier_remover__threshold': 3, 'outlier_remover__sev_outliers_cols': ['car_age', 'mileage', 'engineSize'], 'outlier_remover__outlier_method': 'Isolation_Forest', 'outlier_remover__n_neighbors': 100, 'outlier_remover__model_columns': ['car_age', 'mileage', 'tax', 'mpg'], 'outlier_remover__mod_outliers_cols': ['tax', 'mpg'], 'outlier_remover__contamination_LOF': 0.05, 'outlier_remover__contamination_IF': 0.15, 'model': RandomForestRegressor(max_depth=12, max_features='sqrt', min_samples_leaf=4,
                      min_samples_split=10, random_state=42), 'imputer__knn_scaling_method': 'minmax', 'imputer__knn_neighbors': 20, 'imputer__imputation_method': 'iterative', 'encoder__method': 'target'}",-2740.723279923955,-2665.9034450609724,-2594.7540086824524,-2667.12691122246,59.5979848025086,285,-2160.827175633009,-2076.5933381878344,-2059.9150150606833,-2099.111842960509,44.16732073031251
17,0,2000,0.30622561772664386,0.02827672171974024,0.10781137148539226,0.012720249001231781,kbest,8,rf,5,minmax,"['car_age', 'mileage', 'tax', 'mpg']",3,"['car_age', 'mileage']",Isolation_Forest,30,"['tax', 'mpg']","['tax', 'mpg']",0.15,0.15,"RandomForestRegressor(max_depth=12, max_features='sqrt', min_samples_leaf=4,
                      min_samples_split=10, random_state=42)",minmax,5,knn_modelwise,target,"{'selector__selection_method': 'kbest', 'selector__n_features_to_select': 8, 'selector__model_name': 'rf', 'selector__k': 5, 'scaler__scaler_name': 'minmax', 'outlier_remover__z_columns': ['car_age', 'mileage', 'tax', 'mpg'], 'outlier_remover__threshold': 3, 'outlier_remover__sev_outliers_cols': ['car_age', 'mileage'], 'outlier_remover__outlier_method': 'Isolation_Forest', 'outlier_remover__n_neighbors': 30, 'outlier_remover__model_columns': ['tax', 'mpg'], 'outlier_remover__mod_outliers_cols': ['tax', 'mpg'], 'outlier_remover__contamination_LOF': 0.15, 'outlier_remover__contamination_IF': 0.15, 'model': RandomForestRegressor(max_depth=12, max_features='sqrt', min_samples_leaf=4,
                      min_samples_split=10, random_state=42), 'imputer__knn_scaling_method': 'minmax', 'imputer__knn_neighbors': 5, 'imputer__imputation_method': 'knn_modelwise', 'encoder__method': 'target'}",-2690.3662053571566,-3676.9306757583754,-3468.5004487005385,-3278.59910993869,424.55800735366034,382,-2361.012866209966,-2903.524957327547,-2968.495246315862,-2744.3443566177916,272.35094794097313
18,0,2000,0.5027290185292562,0.01495672473603419,0.013565381368001303,0.0029845748817996535,model,8,rf,10,robust,"['car_age', 'mileage', 'tax', 'mpg']",3,"['car_age', 'mileage']",z_score,90,"['car_age', 'mileage', 'tax', 'mpg', 'engineSize']","['car_age', 'mileage', 'tax', 'mpg']",0.05,0.5,"RandomForestRegressor(max_depth=12, max_features='sqrt', min_samples_leaf=4,
                      min_samples_split=10, random_state=42)",minmax,8,simple,freq,"{'selector__selection_method': 'model', 'selector__n_features_to_select': 8, 'selector__model_name': 'rf', 'selector__k': 10, 'scaler__scaler_name': 'robust', 'outlier_remover__z_columns': ['car_age', 'mileage', 'tax', 'mpg'], 'outlier_remover__threshold': 3, 'outlier_remover__sev_outliers_cols': ['car_age', 'mileage'], 'outlier_remover__outlier_method': 'z_score', 'outlier_remover__n_neighbors': 90, 'outlier_remover__model_columns': ['car_age', 'mileage', 'tax', 'mpg', 'engineSize'], 'outlier_remover__mod_outliers_cols': ['car_age', 'mileage', 'tax', 'mpg'], 'outlier_remover__contamination_LOF': 0.05, 'outlier_remover__contamination_IF': 0.5, 'model': RandomForestRegressor(max_depth=12, max_features='sqrt', min_samples_leaf=4,
                      min_samples_split=10, random_state=42), 'imputer__knn_scaling_method': 'minmax', 'imputer__knn_neighbors': 8, 'imputer__imputation_method': 'simple', 'encoder__method': 'freq'}",-2781.561784674628,-2654.17744384619,-2606.780340846449,-2680.8398564557556,73.80289723891966,297,-2087.795954312063,-2051.8884724344716,-2038.4975761824944,-2059.3940009763432,20.81397352054801
19,0,2000,0.11986327171325684,0.024045669753722295,0.016629775365193684,0.002086913630601811,kbest,10,rf,5,robust,"['car_age', 'mileage', 'tax', 'mpg']",3,"['car_age', 'mileage']",z_score,100,"['car_age', 'mileage', 'tax', 'mpg', 'engineSize']","['tax', 'mpg']",0.15,0.3,"RandomForestRegressor(max_depth=12, max_features='sqrt', min_samples_leaf=4,
                      min_samples_split=10, random_state=42)",standard,20,simple,target,"{'selector__selection_method': 'kbest', 'selector__n_features_to_select': 10, 'selector__model_name': 'rf', 'selector__k': 5, 'scaler__scaler_name': 'robust', 'outlier_remover__z_columns': ['car_age', 'mileage', 'tax', 'mpg'], 'outlier_remover__threshold': 3, 'outlier_remover__sev_outliers_cols': ['car_age', 'mileage'], 'outlier_remover__outlier_method': 'z_score', 'outlier_remover__n_neighbors': 100, 'outlier_remover__model_columns': ['car_age', 'mileage', 'tax', 'mpg', 'engineSize'], 'outlier_remover__mod_outliers_cols': ['tax', 'mpg'], 'outlier_remover__contamination_LOF': 0.15, 'outlier_remover__contamination_IF': 0.3, 'model': RandomForestRegressor(max_depth=12, max_features='sqrt', min_samples_leaf=4,
                      min_samples_split=10, random_state=42), 'imputer__knn_scaling_method': 'standard', 'imputer__knn_neighbors': 20, 'imputer__imputation_method': 'simple', 'encoder__method': 'target'}",-2652.546606033464,-2596.3343442333744,-2637.990407834497,-2628.9571193671118,23.8209266482463,264,-2127.709735983958,-2179.147191853962,-2092.7083218506195,-2133.1884165628467,35.50053067704572
20,0,2000,1.1228583653767903,0.0037057080120190154,0.009881973266601562,0.0005285812846878981,rfe,6,rf,5,minmax,"['car_age', 'mileage', 'tax', 'mpg']",2,"['car_age', 'mileage']",Isolation_Forest,30,"['tax', 'mpg']","['tax', 'mpg']",0.5,0.3,"RandomForestRegressor(max_depth=12, max_features='sqrt', min_samples_leaf=4,
                      min_samples_split=10, random_state=42)",standard,5,simple,freq,"{'selector__selection_method': 'rfe', 'selector__n_features_to_select': 6, 'selector__model_name': 'rf', 'selector__k': 5, 'scaler__scaler_name': 'minmax', 'outlier_remover__z_columns': ['car_age', 'mileage', 'tax', 'mpg'], 'outlier_remover__threshold': 2, 'outlier_remover__sev_outliers_cols': ['car_age', 'mileage'], 'outlier_remover__outlier_method': 'Isolation_Forest', 'outlier_remover__n_neighbors': 30, 'outlier_remover__model_columns': ['tax', 'mpg'], 'outlier_remover__mod_outliers_cols': ['tax', 'mpg'], 'outlier_remover__contamination_LOF': 0.5, 'outlier_remover__contamination_IF': 0.3, 'model': RandomForestRegressor(max_depth=12, max_features='sqrt', min_samples_leaf=4,
                      min_samples_split=10, random_state=42), 'imputer__knn_scaling_method': 'standard', 'imputer__knn_neighbors': 5, 'imputer__imputation_method': 'simple', 'encoder__method': 'freq'}",-2957.5419006476354,-2970.2720992416725,-2810.649737587486,-2912.821245825598,72.43285309304909,347,-2578.653521259265,-2575.9524542731206,-2480.435532736965,-2545.0138360897836,45.677068562262185
21,0,2000,0.2544880708058675,0.009497887720162102,0.10939757029215495,0.006309493356124631,kbest,10,rf,6,robust,"['car_age', 'mileage', 'tax', 'mpg']",3,"['car_age', 'mileage', 'engineSize']",z_score,30,"['car_age', 'mileage', 'tax', 'mpg']","['tax', 'mpg']",0.5,0.3,"RandomForestRegressor(max_depth=12, max_features='sqrt', min_samples_leaf=4,
                      min_samples_split=10, random_state=42)",standard,19,knn_modelwise,target,"{'selector__selection_method': 'kbest', 'selector__n_features_to_select': 10, 'selector__model_name': 'rf', 'selector__k': 6, 'scaler__scaler_name': 'robust', 'outlier_remover__z_columns': ['car_age', 'mileage', 'tax', 'mpg'], 'outlier_remover__threshold': 3, 'outlier_remover__sev_outliers_cols': ['car_age', 'mileage', 'engineSize'], 'outlier_remover__outlier_method': 'z_score', 'outlier_remover__n_neighbors': 30, 'outlier_remover__model_columns': ['car_age', 'mileage', 'tax', 'mpg'], 'outlier_remover__mod_outliers_cols': ['tax', 'mpg'], 'outlier_remover__contamination_LOF': 0.5, 'outlier_remover__contamination_IF': 0.3, 'model': RandomForestRegressor(max_depth=12, max_features='sqrt', min_samples_leaf=4,
                      min_samples_split=10, random_state=42), 'imputer__knn_scaling_method': 'standard', 'imputer__knn_neighbors': 19, 'imputer__imputation_method': 'knn_modelwise', 'encoder__method': 'target'}",-2484.8742377012304,-2408.8629473272504,-2305.033737138634,-2399.590307389038,73.711771105295,178,-1897.9429610934642,-1900.7457680181622,-1881.1319939517105,-1893.2735743544456,8.661309087789801
22,0,2000,0.43663883209228516,0.010087351697382627,0.11227711041768391,0.010256671310838779,model,10,rf,7,minmax,"['car_age', 'mileage', 'tax', 'mpg']",3,"['car_age', 'mileage']",LOF,100,"['tax', 'mpg']","['car_age', 'mileage', 'tax', 'mpg']",0.5,0.05,"RandomForestRegressor(max_depth=12, max_features='sqrt', min_samples_leaf=4,
                      min_samples_split=10, random_state=42)",standard,9,knn_modelwise,target,"{'selector__selection_method': 'model', 'selector__n_features_to_select': 10, 'selector__model_name': 'rf', 'selector__k': 7, 'scaler__scaler_name': 'minmax', 'outlier_remover__z_columns': ['car_age', 'mileage', 'tax', 'mpg'], 'outlier_remover__threshold': 3, 'outlier_remover__sev_outliers_cols': ['car_age', 'mileage'], 'outlier_remover__outlier_method': 'LOF', 'outlier_remover__n_neighbors': 100, 'outlier_remover__model_columns': ['tax', 'mpg'], 'outlier_remover__mod_outliers_cols': ['car_age', 'mileage', 'tax', 'mpg'], 'outlier_remover__contamination_LOF': 0.5, 'outlier_remover__contamination_IF': 0.05, 'model': RandomForestRegressor(max_depth=12, max_features='sqrt', min_samples_leaf=4,
                      min_samples_split=10, random_state=42), 'imputer__knn_scaling_method': 'standard', 'imputer__knn_neighbors': 9, 'imputer__imputation_method': 'knn_modelwise', 'encoder__method': 'target'}",-3047.405950287743,-2739.0623967961246,-2921.2074284694995,-2902.5585918511224,126.56953576426893,345,-2720.9282301800536,-2608.8963840873475,-2778.9208441633227,-2702.9151528102416,70.57115781620634
23,0,2000,0.9134209156036377,0.010695469634524935,0.09270993868509929,0.005166063679785059,rfe,9,rf,8,robust,"['car_age', 'mileage', 'tax', 'mpg']",3,"['car_age', 'mileage', 'engineSize']",LOF,70,"['car_age', 'mileage', 'tax', 'mpg', 'engineSize']","['tax', 'mpg']",0.05,0.5,"RandomForestRegressor(max_depth=12, max_features='sqrt', min_samples_leaf=4,
                      min_samples_split=10, random_state=42)",standard,18,knn_modelwise,target,"{'selector__selection_method': 'rfe', 'selector__n_features_to_select': 9, 'selector__model_name': 'rf', 'selector__k': 8, 'scaler__scaler_name': 'robust', 'outlier_remover__z_columns': ['car_age', 'mileage', 'tax', 'mpg'], 'outlier_remover__threshold': 3, 'outlier_remover__sev_outliers_cols': ['car_age', 'mileage', 'engineSize'], 'outlier_remover__outlier_method': 'LOF', 'outlier_remover__n_neighbors': 70, 'outlier_remover__model_columns': ['car_age', 'mileage', 'tax', 'mpg', 'engineSize'], 'outlier_remover__mod_outliers_cols': ['tax', 'mpg'], 'outlier_remover__contamination_LOF': 0.05, 'outlier_remover__contamination_IF': 0.5, 'model': RandomForestRegressor(max_depth=12, max_features='sqrt', min_samples_leaf=4,
                      min_samples_split=10, random_state=42), 'imputer__knn_scaling_method': 'standard', 'imputer__knn_neighbors': 18, 'imputer__imputation_method': 'knn_modelwise', 'encoder__method': 'target'}",-2604.280316978601,-2432.730556909121,-2414.0096738226594,-2483.6735159034606,85.62366579035712,235,-1885.4432611530804,-1784.400295072546,-1801.5821678082743,-1823.808574677967,44.14317705180754
24,0,2000,0.11465144157409668,0.00498628721592546,0.011082331339518229,0.0014038181004067,kbest,5,rf,7,minmax,"['car_age', 'mileage', 'tax', 'mpg']",2,"['car_age', 'mileage', 'engineSize']",IQR,90,"['tax', 'mpg']","['tax', 'mpg']",0.3,0.05,"RandomForestRegressor(max_depth=12, max_features='sqrt', min_samples_leaf=4,
                      min_samples_split=10, random_state=42)",robust,12,simple,target,"{'selector__selection_method': 'kbest', 'selector__n_features_to_select': 5, 'selector__model_name': 'rf', 'selector__k': 7, 'scaler__scaler_name': 'minmax', 'outlier_remover__z_columns': ['car_age', 'mileage', 'tax', 'mpg'], 'outlier_remover__threshold': 2, 'outlier_remover__sev_outliers_cols': ['car_age', 'mileage', 'engineSize'], 'outlier_remover__outlier_method': 'IQR', 'outlier_remover__n_neighbors': 90, 'outlier_remover__model_columns': ['tax', 'mpg'], 'outlier_remover__mod_outliers_cols': ['tax', 'mpg'], 'outlier_remover__contamination_LOF': 0.3, 'outlier_remover__contamination_IF': 0.05, 'model': RandomForestRegressor(max_depth=12, max_features='sqrt', min_samples_leaf=4,
                      min_samples_split=10, random_state=42), 'imputer__knn_scaling_method': 'robust', 'imputer__knn_neighbors': 12, 'imputer__imputation_method': 'simple', 'encoder__method': 'target'}",-2572.377841347884,-2353.7284459046014,-2324.518691126023,-2416.874992792836,110.60185162737794,198,-1789.8945875333484,-1785.8263101057705,-1806.0964791923443,-1793.9391256104875,8.755518446200867
25,0,2000,0.5905808607737223,0.02311399463109011,0.12941336631774902,0.023737534825231898,model,8,rf,5,standard,"['car_age', 'mileage', 'tax', 'mpg']",2,"['car_age', 'mileage']",z_score,30,"['car_age', 'mileage', 'tax', 'mpg']","['car_age', 'mileage', 'tax', 'mpg']",0.05,0.5,"RandomForestRegressor(max_depth=12, max_features='sqrt', min_samples_leaf=4,
                      min_samples_split=10, random_state=42)",standard,19,knn_modelwise,target,"{'selector__selection_method': 'model', 'selector__n_features_to_select': 8, 'selector__model_name': 'rf', 'selector__k': 5, 'scaler__scaler_name': 'standard', 'outlier_remover__z_columns': ['car_age', 'mileage', 'tax', 'mpg'], 'outlier_remover__threshold': 2, 'outlier_remover__sev_outliers_cols': ['car_age', 'mileage'], 'outlier_remover__outlier_method': 'z_score', 'outlier_remover__n_neighbors': 30, 'outlier_remover__model_columns': ['car_age', 'mileage', 'tax', 'mpg'], 'outlier_remover__mod_outliers_cols': ['car_age', 'mileage', 'tax', 'mpg'], 'outlier_remover__contamination_LOF': 0.05, 'outlier_remover__contamination_IF': 0.5, 'model': RandomForestRegressor(max_depth=12, max_features='sqrt', min_samples_leaf=4,
                      min_samples_split=10, random_state=42), 'imputer__knn_scaling_method': 'standard', 'imputer__knn_neighbors': 19, 'imputer__imputation_method': 'knn_modelwise', 'encoder__method': 'target'}",-2592.1957181417315,-2602.57424487848,-2453.69415726289,-2549.488040094367,67.86889049362969,250,-1826.3565015309377,-1888.9137643783556,-1820.4703942957808,-1845.2468867350246,30.970509811046217
26,0,2000,0.11036960283915202,0.0064808138010808555,0.012424310048421225,0.003609846176799949,kbest,5,rf,6,robust,"['car_age', 'mileage', 'tax', 'mpg']",2,"['car_age', 'mileage']",IQR,30,"['tax', 'mpg']","['car_age', 'mileage', 'tax', 'mpg']",0.15,0.05,"RandomForestRegressor(max_depth=12, max_features='sqrt', min_samples_leaf=4,
                      min_samples_split=10, random_state=42)",minmax,5,simple,freq,"{'selector__selection_method': 'kbest', 'selector__n_features_to_select': 5, 'selector__model_name': 'rf', 'selector__k': 6, 'scaler__scaler_name': 'robust', 'outlier_remover__z_columns': ['car_age', 'mileage', 'tax', 'mpg'], 'outlier_remover__threshold': 2, 'outlier_remover__sev_outliers_cols': ['car_age', 'mileage'], 'outlier_remover__outlier_method': 'IQR', 'outlier_remover__n_neighbors': 30, 'outlier_remover__model_columns': ['tax', 'mpg'], 'outlier_remover__mod_outliers_cols': ['car_age', 'mileage', 'tax', 'mpg'], 'outlier_remover__contamination_LOF': 0.15, 'outlier_remover__contamination_IF': 0.05, 'model': RandomForestRegressor(max_depth=12, max_features='sqrt', min_samples_leaf=4,
                      min_samples_split=10, random_state=42), 'imputer__knn_scaling_method': 'minmax', 'imputer__knn_neighbors': 5, 'imputer__imputation_method': 'simple', 'encoder__method': 'freq'}",-3102.1013242244626,-2909.618919860421,-2780.2593559648217,-2930.6598666832347,132.23112143947125,354,-2370.305039129155,-2348.5084185422947,-2299.524857330822,-2339.446105000757,29.59789045292594
27,0,2000,1.3384629090627034,0.02712170456793425,0.02159603436787923,0.01508423692786765,rfe,5,rf,9,standard,"['car_age', 'mileage', 'tax', 'mpg']",3,"['car_age', 'mileage']",LOF,30,"['car_age', 'mileage', 'tax', 'mpg']","['tax', 'mpg']",0.3,0.3,"RandomForestRegressor(max_depth=12, max_features='sqrt', min_samples_leaf=4,
                      min_samples_split=10, random_state=42)",standard,11,iterative,freq,"{'selector__selection_method': 'rfe', 'selector__n_features_to_select': 5, 'selector__model_name': 'rf', 'selector__k': 9, 'scaler__scaler_name': 'standard', 'outlier_remover__z_columns': ['car_age', 'mileage', 'tax', 'mpg'], 'outlier_remover__threshold': 3, 'outlier_remover__sev_outliers_cols': ['car_age', 'mileage'], 'outlier_remover__outlier_method': 'LOF', 'outlier_remover__n_neighbors': 30, 'outlier_remover__model_columns': ['car_age', 'mileage', 'tax', 'mpg'], 'outlier_remover__mod_outliers_cols': ['tax', 'mpg'], 'outlier_remover__contamination_LOF': 0.3, 'outlier_remover__contamination_IF': 0.3, 'model': RandomForestRegressor(max_depth=12, max_features='sqrt', min_samples_leaf=4,
                      min_samples_split=10, random_state=42), 'imputer__knn_scaling_method': 'standard', 'imputer__knn_neighbors': 11, 'imputer__imputation_method': 'iterative', 'encoder__method': 'freq'}",-3051.850011130065,-2971.756752878548,-2890.3813461379864,-2971.3293700488666,65.91999916890857,358,-2537.6907833262926,-2534.0152637381443,-2549.672415111607,-2540.4594873920146,6.685102289695539
28,0,2000,0.44481126467386883,0.037053906245596444,0.012244701385498047,0.0019672886629948224,model,5,rf,5,standard,"['car_age', 'mileage', 'tax', 'mpg']",2,"['car_age', 'mileage', 'engineSize']",LOF,50,"['car_age', 'mileage', 'tax', 'mpg', 'engineSize']","['car_age', 'mileage', 'tax', 'mpg']",0.05,0.5,"RandomForestRegressor(max_depth=12, max_features='sqrt', min_samples_leaf=4,
                      min_samples_split=10, random_state=42)",standard,5,iterative,freq,"{'selector__selection_method': 'model', 'selector__n_features_to_select': 5, 'selector__model_name': 'rf', 'selector__k': 5, 'scaler__scaler_name': 'standard', 'outlier_remover__z_columns': ['car_age', 'mileage', 'tax', 'mpg'], 'outlier_remover__threshold': 2, 'outlier_remover__sev_outliers_cols': ['car_age', 'mileage', 'engineSize'], 'outlier_remover__outlier_method': 'LOF', 'outlier_remover__n_neighbors': 50, 'outlier_remover__model_columns': ['car_age', 'mileage', 'tax', 'mpg', 'engineSize'], 'outlier_remover__mod_outliers_cols': ['car_age', 'mileage', 'tax', 'mpg'], 'outlier_remover__contamination_LOF': 0.05, 'outlier_remover__contamination_IF': 0.5, 'model': RandomForestRegressor(max_depth=12, max_features='sqrt', min_samples_leaf=4,
                      min_samples_split=10, random_state=42), 'imputer__knn_scaling_method': 'standard', 'imputer__knn_neighbors': 5, 'imputer__imputation_method': 'iterative', 'encoder__method': 'freq'}",-3115.811590934197,-2996.608822697097,-2820.2272515692484,-2977.549221733514,121.42206474695747,360,-2433.4411939817433,-2363.064911549975,-2306.6480754209015,-2367.7180603175398,51.86754009773831
29,0,2000,0.1230003833770752,0.003247274076918324,0.014801263809204102,0.0036306124821896394,kbest,6,rf,7,minmax,"['car_age', 'mileage', 'tax', 'mpg']",3,"['car_age', 'mileage']",IQR,70,"['car_age', 'mileage', 'tax', 'mpg']","['tax', 'mpg']",0.05,0.3,"RandomForestRegressor(max_depth=12, max_features='sqrt', min_samples_leaf=4,
                      min_samples_split=10, random_state=42)",robust,15,simple,target,"{'selector__selection_method': 'kbest', 'selector__n_features_to_select': 6, 'selector__model_name': 'rf', 'selector__k': 7, 'scaler__scaler_name': 'minmax', 'outlier_remover__z_columns': ['car_age', 'mileage', 'tax', 'mpg'], 'outlier_remover__threshold': 3, 'outlier_remover__sev_outliers_cols': ['car_age', 'mileage'], 'outlier_remover__outlier_method': 'IQR', 'outlier_remover__n_neighbors': 70, 'outlier_remover__model_columns': ['car_age', 'mileage', 'tax', 'mpg'], 'outlier_remover__mod_outliers_cols': ['tax', 'mpg'], 'outlier_remover__contamination_LOF': 0.05, 'outlier_remover__contamination_IF': 0.3, 'model': RandomForestRegressor(max_depth=12, max_features='sqrt', min_samples_leaf=4,
                      min_samples_split=10, random_state=42), 'imputer__knn_scaling_method': 'robust', 'imputer__knn_neighbors': 15, 'imputer__imputation_method': 'simple', 'encoder__method': 'target'}",-2572.437437237754,-2353.0754110314333,-2324.5551911988796,-2416.6893464893556,110.74430478555173,197,-1789.6575133399717,-1786.1260733331833,-1806.0761831616462,-1793.9532566116004,8.692593714718317
30,0,2000,0.7483424345652262,0.013534054125051325,0.009906371434529623,0.00030138474467437156,rfe,8,rf,7,minmax,"['car_age', 'mileage', 'tax', 'mpg']",2,"['car_age', 'mileage', 'engineSize']",Isolation_Forest,70,"['car_age', 'mileage', 'tax', 'mpg', 'engineSize']","['tax', 'mpg']",0.5,0.3,"RandomForestRegressor(max_depth=12, max_features='sqrt', min_samples_leaf=4,
                      min_samples_split=10, random_state=42)",standard,13,simple,target,"{'selector__selection_method': 'rfe', 'selector__n_features_to_select': 8, 'selector__model_name': 'rf', 'selector__k': 7, 'scaler__scaler_name': 'minmax', 'outlier_remover__z_columns': ['car_age', 'mileage', 'tax', 'mpg'], 'outlier_remover__threshold': 2, 'outlier_remover__sev_outliers_cols': ['car_age', 'mileage', 'engineSize'], 'outlier_remover__outlier_method': 'Isolation_Forest', 'outlier_remover__n_neighbors': 70, 'outlier_remover__model_columns': ['car_age', 'mileage', 'tax', 'mpg', 'engineSize'], 'outlier_remover__mod_outliers_cols': ['tax', 'mpg'], 'outlier_remover__contamination_LOF': 0.5, 'outlier_remover__contamination_IF': 0.3, 'model': RandomForestRegressor(max_depth=12, max_features='sqrt', min_samples_leaf=4,
                      min_samples_split=10, random_state=42), 'imputer__knn_scaling_method': 'standard', 'imputer__knn_neighbors': 13, 'imputer__imputation_method': 'simple', 'encoder__method': 'target'}",-3196.583892535351,-2936.4644676151456,-3195.1923003576503,-3109.413553502716,122.29479101528081,372,-2866.9207780168226,-2669.79514553547,-2991.6916458265696,-2842.8025231262873,132.5156767811217
31,0,2000,0.3654629389444987,0.004075177653352095,0.009612639745076498,0.00012086753392520833,model,9,rf,10,standard,"['car_age', 'mileage', 'tax', 'mpg']",2,"['car_age', 'mileage', 'engineSize']",LOF,50,"['tax', 'mpg']","['tax', 'mpg']",0.15,0.5,"RandomForestRegressor(max_depth=12, max_features='sqrt', min_samples_leaf=4,
                      min_samples_split=10, random_state=42)",robust,7,simple,freq,"{'selector__selection_method': 'model', 'selector__n_features_to_select': 9, 'selector__model_name': 'rf', 'selector__k': 10, 'scaler__scaler_name': 'standard', 'outlier_remover__z_columns': ['car_age', 'mileage', 'tax', 'mpg'], 'outlier_remover__threshold': 2, 'outlier_remover__sev_outliers_cols': ['car_age', 'mileage', 'engineSize'], 'outlier_remover__outlier_method': 'LOF', 'outlier_remover__n_neighbors': 50, 'outlier_remover__model_columns': ['tax', 'mpg'], 'outlier_remover__mod_outliers_cols': ['tax', 'mpg'], 'outlier_remover__contamination_LOF': 0.15, 'outlier_remover__contamination_IF': 0.5, 'model': RandomForestRegressor(max_depth=12, max_features='sqrt', min_samples_leaf=4,
                      min_samples_split=10, random_state=42), 'imputer__knn_scaling_method': 'robust', 'imputer__knn_neighbors': 7, 'imputer__imputation_method': 'simple', 'encoder__method': 'freq'}",-2862.0323909811323,-2681.757390474833,-2664.6685491626,-2736.152776872855,89.28331333601393,317,-2361.006565543504,-2190.4559678739115,-2160.9240233628357,-2237.462185593417,88.18709013451617
32,0,2000,1.1577719847361247,0.009931961531603728,0.10974526405334473,0.01280378011348948,rfe,8,rf,6,minmax,"['car_age', 'mileage', 'tax', 'mpg']",3,"['car_age', 'mileage', 'engineSize']",z_score,70,"['car_age', 'mileage', 'tax', 'mpg']","['car_age', 'mileage', 'tax', 'mpg']",0.3,0.15,"RandomForestRegressor(max_depth=12, max_features='sqrt', min_samples_leaf=4,
                      min_samples_split=10, random_state=42)",standard,9,knn_modelwise,freq,"{'selector__selection_method': 'rfe', 'selector__n_features_to_select': 8, 'selector__model_name': 'rf', 'selector__k': 6, 'scaler__scaler_name': 'minmax', 'outlier_remover__z_columns': ['car_age', 'mileage', 'tax', 'mpg'], 'outlier_remover__threshold': 3, 'outlier_remover__sev_outliers_cols': ['car_age', 'mileage', 'engineSize'], 'outlier_remover__outlier_method': 'z_score', 'outlier_remover__n_neighbors': 70, 'outlier_remover__model_columns': ['car_age', 'mileage', 'tax', 'mpg'], 'outlier_remover__mod_outliers_cols': ['car_age', 'mileage', 'tax', 'mpg'], 'outlier_remover__contamination_LOF': 0.3, 'outlier_remover__contamination_IF': 0.15, 'model': RandomForestRegressor(max_depth=12, max_features='sqrt', min_samples_leaf=4,
                      min_samples_split=10, random_state=42), 'imputer__knn_scaling_method': 'standard', 'imputer__knn_neighbors': 9, 'imputer__imputation_method': 'knn_modelwise', 'encoder__method': 'freq'}",-2761.777346770971,-2633.352901416354,-2564.9509490956116,-2653.360399094312,81.58996130229414,273,-2145.1203149884373,-2051.87397035888,-2067.4289812617267,-2088.141088869681,40.78777388602426
33,0,2000,0.08425227801005046,0.0010304241057165955,0.009204785029093424,7.922204493640167e-05,kbest,5,rf,6,robust,"['car_age', 'mileage', 'tax', 'mpg']",3,"['car_age', 'mileage']",LOF,90,"['car_age', 'mileage', 'tax', 'mpg', 'engineSize']","['car_age', 'mileage', 'tax', 'mpg']",0.5,0.3,"RandomForestRegressor(max_depth=12, max_features='sqrt', min_samples_leaf=4,
                      min_samples_split=10, random_state=42)",standard,9,simple,target,"{'selector__selection_method': 'kbest', 'selector__n_features_to_select': 5, 'selector__model_name': 'rf', 'selector__k': 6, 'scaler__scaler_name': 'robust', 'outlier_remover__z_columns': ['car_age', 'mileage', 'tax', 'mpg'], 'outlier_remover__threshold': 3, 'outlier_remover__sev_outliers_cols': ['car_age', 'mileage'], 'outlier_remover__outlier_method': 'LOF', 'outlier_remover__n_neighbors': 90, 'outlier_remover__model_columns': ['car_age', 'mileage', 'tax', 'mpg', 'engineSize'], 'outlier_remover__mod_outliers_cols': ['car_age', 'mileage', 'tax', 'mpg'], 'outlier_remover__contamination_LOF': 0.5, 'outlier_remover__contamination_IF': 0.3, 'model': RandomForestRegressor(max_depth=12, max_features='sqrt', min_samples_leaf=4,
                      min_samples_split=10, random_state=42), 'imputer__knn_scaling_method': 'standard', 'imputer__knn_neighbors': 9, 'imputer__imputation_method': 'simple', 'encoder__method': 'target'}",-2915.800178382431,-2668.108026998892,-2773.12633983032,-2785.6781817372143,101.50865978064226,325,-2586.3956405746276,-2488.9326745909816,-2500.5369140868156,-2525.288409750808,43.46826304164007
34,0,2000,0.3904326756795247,0.005373765562627198,0.010265509287516275,0.0005023363224509922,model,7,rf,8,minmax,"['car_age', 'mileage', 'tax', 'mpg']",3,"['car_age', 'mileage', 'engineSize']",LOF,90,"['car_age', 'mileage', 'tax', 'mpg', 'engineSize']","['car_age', 'mileage', 'tax', 'mpg']",0.15,0.15,"RandomForestRegressor(max_depth=12, max_features='sqrt', min_samples_leaf=4,
                      min_samples_split=10, random_state=42)",standard,9,simple,freq,"{'selector__selection_method': 'model', 'selector__n_features_to_select': 7, 'selector__model_name': 'rf', 'selector__k': 8, 'scaler__scaler_name': 'minmax', 'outlier_remover__z_columns': ['car_age', 'mileage', 'tax', 'mpg'], 'outlier_remover__threshold': 3, 'outlier_remover__sev_outliers_cols': ['car_age', 'mileage', 'engineSize'], 'outlier_remover__outlier_method': 'LOF', 'outlier_remover__n_neighbors': 90, 'outlier_remover__model_columns': ['car_age', 'mileage', 'tax', 'mpg', 'engineSize'], 'outlier_remover__mod_outliers_cols': ['car_age', 'mileage', 'tax', 'mpg'], 'outlier_remover__contamination_LOF': 0.15, 'outlier_remover__contamination_IF': 0.15, 'model': RandomForestRegressor(max_depth=12, max_features='sqrt', min_samples_leaf=4,
                      min_samples_split=10, random_state=42), 'imputer__knn_scaling_method': 'standard', 'imputer__knn_neighbors': 9, 'imputer__imputation_method': 'simple', 'encoder__method': 'freq'}",-3001.7300188138775,-2850.416452478482,-2839.8477534721023,-2897.3314082548204,73.94694839170435,342,-2442.8016036592394,-2294.6438067028575,-2357.245665714679,-2364.8970253589255,60.72665904442253
35,0,2000,0.3260609308878581,0.0027304889364764577,0.010169506072998047,0.0002975961167804515,rfe,10,rf,10,minmax,"['car_age', 'mileage', 'tax', 'mpg']",3,"['car_age', 'mileage', 'engineSize']",LOF,30,"['car_age', 'mileage', 'tax', 'mpg']","['car_age', 'mileage', 'tax', 'mpg']",0.3,0.3,"RandomForestRegressor(max_depth=12, max_features='sqrt', min_samples_leaf=4,
                      min_samples_split=10, random_state=42)",standard,17,simple,freq,"{'selector__selection_method': 'rfe', 'selector__n_features_to_select': 10, 'selector__model_name': 'rf', 'selector__k': 10, 'scaler__scaler_name': 'minmax', 'outlier_remover__z_columns': ['car_age', 'mileage', 'tax', 'mpg'], 'outlier_remover__threshold': 3, 'outlier_remover__sev_outliers_cols': ['car_age', 'mileage', 'engineSize'], 'outlier_remover__outlier_method': 'LOF', 'outlier_remover__n_neighbors': 30, 'outlier_remover__model_columns': ['car_age', 'mileage', 'tax', 'mpg'], 'outlier_remover__mod_outliers_cols': ['car_age', 'mileage', 'tax', 'mpg'], 'outlier_remover__contamination_LOF': 0.3, 'outlier_remover__contamination_IF': 0.3, 'model': RandomForestRegressor(max_depth=12, max_features='sqrt', min_samples_leaf=4,
                      min_samples_split=10, random_state=42), 'imputer__knn_scaling_method': 'standard', 'imputer__knn_neighbors': 17, 'imputer__imputation_method': 'simple', 'encoder__method': 'freq'}",-2905.101640812127,-2727.986110252375,-2783.6450805016207,-2805.577610522041,73.95158189062201,329,-2400.7733789345302,-2381.48032200241,-2390.2070923260067,-2390.8202644209828,7.888282299717316
36,0,2000,0.7777028878529867,0.008032196915091702,0.10524074236551921,0.010772363586595803,rfe,9,rf,5,standard,"['car_age', 'mileage', 'tax', 'mpg']",2,"['car_age', 'mileage', 'engineSize']",LOF,90,"['tax', 'mpg']","['car_age', 'mileage', 'tax', 'mpg']",0.15,0.3,"RandomForestRegressor(max_depth=12, max_features='sqrt', min_samples_leaf=4,
                      min_samples_split=10, random_state=42)",standard,13,knn_modelwise,target,"{'selector__selection_method': 'rfe', 'selector__n_features_to_select': 9, 'selector__model_name': 'rf', 'selector__k': 5, 'scaler__scaler_name': 'standard', 'outlier_remover__z_columns': ['car_age', 'mileage', 'tax', 'mpg'], 'outlier_remover__threshold': 2, 'outlier_remover__sev_outliers_cols': ['car_age', 'mileage', 'engineSize'], 'outlier_remover__outlier_method': 'LOF', 'outlier_remover__n_neighbors': 90, 'outlier_remover__model_columns': ['tax', 'mpg'], 'outlier_remover__mod_outliers_cols': ['car_age', 'mileage', 'tax', 'mpg'], 'outlier_remover__contamination_LOF': 0.15, 'outlier_remover__contamination_IF': 0.3, 'model': RandomForestRegressor(max_depth=12, max_features='sqrt', min_samples_leaf=4,
                      min_samples_split=10, random_state=42), 'imputer__knn_scaling_method': 'standard', 'imputer__knn_neighbors': 13, 'imputer__imputation_method': 'knn_modelwise', 'encoder__method': 'target'}",-2690.760702292151,-2496.7656663531675,-2360.6555441628207,-2516.060637602713,135.45374559245468,247,-2064.7771097141626,-1921.7244092030496,-1917.5841033102934,-1968.0285407425017,68.43244713715634
37,0,2000,0.5661813418070475,0.011551305005481158,0.09118398030598958,0.005558072239670435,rfe,10,rf,8,robust,"['car_age', 'mileage', 'tax', 'mpg']",2,"['car_age', 'mileage']",z_score,30,"['car_age', 'mileage', 'tax', 'mpg']","['car_age', 'mileage', 'tax', 'mpg']",0.05,0.3,"RandomForestRegressor(max_depth=12, max_features='sqrt', min_samples_leaf=4,
                      min_samples_split=10, random_state=42)",standard,10,knn_modelwise,freq,"{'selector__selection_method': 'rfe', 'selector__n_features_to_select': 10, 'selector__model_name': 'rf', 'selector__k': 8, 'scaler__scaler_name': 'robust', 'outlier_remover__z_columns': ['car_age', 'mileage', 'tax', 'mpg'], 'outlier_remover__threshold': 2, 'outlier_remover__sev_outliers_cols': ['car_age', 'mileage'], 'outlier_remover__outlier_method': 'z_score', 'outlier_remover__n_neighbors': 30, 'outlier_remover__model_columns': ['car_age', 'mileage', 'tax', 'mpg'], 'outlier_remover__mod_outliers_cols': ['car_age', 'mileage', 'tax', 'mpg'], 'outlier_remover__contamination_LOF': 0.05, 'outlier_remover__contamination_IF': 0.3, 'model': RandomForestRegressor(max_depth=12, max_features='sqrt', min_samples_leaf=4,
                      min_samples_split=10, random_state=42), 'imputer__knn_scaling_method': 'standard', 'imputer__knn_neighbors': 10, 'imputer__imputation_method': 'knn_modelwise', 'encoder__method': 'freq'}",-2727.7570604145194,-2629.432086130711,-2533.6893287699136,-2630.2928251050475,79.23015743224353,265,-2052.652311867581,-1976.6833796013636,-1978.993458442594,-2002.7763833038462,35.28021450836388
38,0,2000,0.5330835978190104,0.006936000682190368,0.009998798370361328,0.00024281173632071244,rfe,9,rf,9,standard,"['car_age', 'mileage', 'tax', 'mpg']",3,"['car_age', 'mileage', 'engineSize']",LOF,100,"['car_age', 'mileage', 'tax', 'mpg']","['tax', 'mpg']",0.3,0.05,"RandomForestRegressor(max_depth=12, max_features='sqrt', min_samples_leaf=4,
                      min_samples_split=10, random_state=42)",robust,15,simple,target,"{'selector__selection_method': 'rfe', 'selector__n_features_to_select': 9, 'selector__model_name': 'rf', 'selector__k': 9, 'scaler__scaler_name': 'standard', 'outlier_remover__z_columns': ['car_age', 'mileage', 'tax', 'mpg'], 'outlier_remover__threshold': 3, 'outlier_remover__sev_outliers_cols': ['car_age', 'mileage', 'engineSize'], 'outlier_remover__outlier_method': 'LOF', 'outlier_remover__n_neighbors': 100, 'outlier_remover__model_columns': ['car_age', 'mileage', 'tax', 'mpg'], 'outlier_remover__mod_outliers_cols': ['tax', 'mpg'], 'outlier_remover__contamination_LOF': 0.3, 'outlier_remover__contamination_IF': 0.05, 'model': RandomForestRegressor(max_depth=12, max_features='sqrt', min_samples_leaf=4,
                      min_samples_split=10, random_state=42), 'imputer__knn_scaling_method': 'robust', 'imputer__knn_neighbors': 15, 'imputer__imputation_method': 'simple', 'encoder__method': 'target'}",-2871.5338980566903,-2574.966254849649,-2638.1268146854995,-2694.8756558639466,127.54976801407669,309,-2172.319564465531,-2150.2062611431147,-2086.304757572795,-2136.2768610604803,36.47060817695293
39,0,2000,0.27683528264363605,0.003233599741290487,0.10013771057128906,0.01741876438653222,kbest,5,rf,9,standard,"['car_age', 'mileage', 'tax', 'mpg']",3,"['car_age', 'mileage', 'engineSize']",Isolation_Forest,50,"['car_age', 'mileage', 'tax', 'mpg']","['car_age', 'mileage', 'tax', 'mpg']",0.05,0.5,"RandomForestRegressor(max_depth=12, max_features='sqrt', min_samples_leaf=4,
                      min_samples_split=10, random_state=42)",standard,20,knn_modelwise,freq,"{'selector__selection_method': 'kbest', 'selector__n_features_to_select': 5, 'selector__model_name': 'rf', 'selector__k': 9, 'scaler__scaler_name': 'standard', 'outlier_remover__z_columns': ['car_age', 'mileage', 'tax', 'mpg'], 'outlier_remover__threshold': 3, 'outlier_remover__sev_outliers_cols': ['car_age', 'mileage', 'engineSize'], 'outlier_remover__outlier_method': 'Isolation_Forest', 'outlier_remover__n_neighbors': 50, 'outlier_remover__model_columns': ['car_age', 'mileage', 'tax', 'mpg'], 'outlier_remover__mod_outliers_cols': ['car_age', 'mileage', 'tax', 'mpg'], 'outlier_remover__contamination_LOF': 0.05, 'outlier_remover__contamination_IF': 0.5, 'model': RandomForestRegressor(max_depth=12, max_features='sqrt', min_samples_leaf=4,
                      min_samples_split=10, random_state=42), 'imputer__knn_scaling_method': 'standard', 'imputer__knn_neighbors': 20, 'imputer__imputation_method': 'knn_modelwise', 'encoder__method': 'freq'}",-3688.8906960361924,-3600.7154573786574,-3471.3601783409836,-3586.9887772519446,89.33531531133032,388,-3340.042594679143,-3295.868730765701,-3199.9167806807336,-3278.6093687085254,58.49344761677552
40,0,2000,0.2795625527699788,0.009315898309789036,0.1400150458017985,0.004566368235413902,kbest,5,rf,10,robust,"['car_age', 'mileage', 'tax', 'mpg']",2,"['car_age', 'mileage']",LOF,50,"['tax', 'mpg']","['car_age', 'mileage', 'tax', 'mpg']",0.3,0.3,"RandomForestRegressor(max_depth=12, max_features='sqrt', min_samples_leaf=4,
                      min_samples_split=10, random_state=42)",robust,18,knn_modelwise,freq,"{'selector__selection_method': 'kbest', 'selector__n_features_to_select': 5, 'selector__model_name': 'rf', 'selector__k': 10, 'scaler__scaler_name': 'robust', 'outlier_remover__z_columns': ['car_age', 'mileage', 'tax', 'mpg'], 'outlier_remover__threshold': 2, 'outlier_remover__sev_outliers_cols': ['car_age', 'mileage'], 'outlier_remover__outlier_method': 'LOF', 'outlier_remover__n_neighbors': 50, 'outlier_remover__model_columns': ['tax', 'mpg'], 'outlier_remover__mod_outliers_cols': ['car_age', 'mileage', 'tax', 'mpg'], 'outlier_remover__contamination_LOF': 0.3, 'outlier_remover__contamination_IF': 0.3, 'model': RandomForestRegressor(max_depth=12, max_features='sqrt', min_samples_leaf=4,
                      min_samples_split=10, random_state=42), 'imputer__knn_scaling_method': 'robust', 'imputer__knn_neighbors': 18, 'imputer__imputation_method': 'knn_modelwise', 'encoder__method': 'freq'}",-2968.783476637497,-2689.715129877921,-2798.1385393294795,-2818.879048614966,114.86923604646226,331,-2546.120323158337,-2283.2081025840625,-2352.042964657374,-2393.7904634665915,111.3189087694845
41,0,2000,0.1554234822591146,0.02264295564013419,0.013678550720214844,0.0021719511808276494,kbest,5,rf,10,minmax,"['car_age', 'mileage', 'tax', 'mpg']",2,"['car_age', 'mileage', 'engineSize']",IQR,30,"['tax', 'mpg']","['tax', 'mpg']",0.05,0.15,"RandomForestRegressor(max_depth=12, max_features='sqrt', min_samples_leaf=4,
                      min_samples_split=10, random_state=42)",minmax,10,iterative,target,"{'selector__selection_method': 'kbest', 'selector__n_features_to_select': 5, 'selector__model_name': 'rf', 'selector__k': 10, 'scaler__scaler_name': 'minmax', 'outlier_remover__z_columns': ['car_age', 'mileage', 'tax', 'mpg'], 'outlier_remover__threshold': 2, 'outlier_remover__sev_outliers_cols': ['car_age', 'mileage', 'engineSize'], 'outlier_remover__outlier_method': 'IQR', 'outlier_remover__n_neighbors': 30, 'outlier_remover__model_columns': ['tax', 'mpg'], 'outlier_remover__mod_outliers_cols': ['tax', 'mpg'], 'outlier_remover__contamination_LOF': 0.05, 'outlier_remover__contamination_IF': 0.15, 'model': RandomForestRegressor(max_depth=12, max_features='sqrt', min_samples_leaf=4,
                      min_samples_split=10, random_state=42), 'imputer__knn_scaling_method': 'minmax', 'imputer__knn_neighbors': 10, 'imputer__imputation_method': 'iterative', 'encoder__method': 'target'}",-2569.492112339511,-2399.0041273162738,-2313.516167653009,-2427.337469102931,106.40490200843344,213,-1761.6867838339972,-1723.0208276604706,-1712.3776209032912,-1732.3617441325862,21.186283733208292
42,0,2000,0.9804908434549967,0.01383410023229773,0.0919804573059082,0.006290707072447518,rfe,6,rf,9,robust,"['car_age', 'mileage', 'tax', 'mpg']",3,"['car_age', 'mileage', 'engineSize']",Isolation_Forest,30,"['car_age', 'mileage', 'tax', 'mpg', 'engineSize']","['car_age', 'mileage', 'tax', 'mpg']",0.3,0.5,"RandomForestRegressor(max_depth=12, max_features='sqrt', min_samples_leaf=4,
                      min_samples_split=10, random_state=42)",minmax,12,knn_modelwise,target,"{'selector__selection_method': 'rfe', 'selector__n_features_to_select': 6, 'selector__model_name': 'rf', 'selector__k': 9, 'scaler__scaler_name': 'robust', 'outlier_remover__z_columns': ['car_age', 'mileage', 'tax', 'mpg'], 'outlier_remover__threshold': 3, 'outlier_remover__sev_outliers_cols': ['car_age', 'mileage', 'engineSize'], 'outlier_remover__outlier_method': 'Isolation_Forest', 'outlier_remover__n_neighbors': 30, 'outlier_remover__model_columns': ['car_age', 'mileage', 'tax', 'mpg', 'engineSize'], 'outlier_remover__mod_outliers_cols': ['car_age', 'mileage', 'tax', 'mpg'], 'outlier_remover__contamination_LOF': 0.3, 'outlier_remover__contamination_IF': 0.5, 'model': RandomForestRegressor(max_depth=12, max_features='sqrt', min_samples_leaf=4,
                      min_samples_split=10, random_state=42), 'imputer__knn_scaling_method': 'minmax', 'imputer__knn_neighbors': 12, 'imputer__imputation_method': 'knn_modelwise', 'encoder__method': 'target'}",-3575.136630137629,-3601.309835705946,-3531.669326100268,-3569.3719306479475,28.72135053335051,387,-3326.873846645358,-3436.3489709632418,-3384.738674265196,-3382.6538306245984,44.71733922360422
43,0,2000,1.5524619420369465,0.029870223982386878,0.011435429255167643,0.00040222028486504107,rfe,6,rf,7,robust,"['car_age', 'mileage', 'tax', 'mpg']",3,"['car_age', 'mileage', 'engineSize']",IQR,100,"['car_age', 'mileage', 'tax', 'mpg']","['tax', 'mpg']",0.5,0.05,"RandomForestRegressor(max_depth=12, max_features='sqrt', min_samples_leaf=4,
                      min_samples_split=10, random_state=42)",minmax,9,iterative,target,"{'selector__selection_method': 'rfe', 'selector__n_features_to_select': 6, 'selector__model_name': 'rf', 'selector__k': 7, 'scaler__scaler_name': 'robust', 'outlier_remover__z_columns': ['car_age', 'mileage', 'tax', 'mpg'], 'outlier_remover__threshold': 3, 'outlier_remover__sev_outliers_cols': ['car_age', 'mileage', 'engineSize'], 'outlier_remover__outlier_method': 'IQR', 'outlier_remover__n_neighbors': 100, 'outlier_remover__model_columns': ['car_age', 'mileage', 'tax', 'mpg'], 'outlier_remover__mod_outliers_cols': ['tax', 'mpg'], 'outlier_remover__contamination_LOF': 0.5, 'outlier_remover__contamination_IF': 0.05, 'model': RandomForestRegressor(max_depth=12, max_features='sqrt', min_samples_leaf=4,
                      min_samples_split=10, random_state=42), 'imputer__knn_scaling_method': 'minmax', 'imputer__knn_neighbors': 9, 'imputer__imputation_method': 'iterative', 'encoder__method': 'target'}",-2623.473040182677,-2447.9921346830724,-2362.4515309365893,-2477.9722352674457,108.64977955358283,233,-1861.3304842763712,-1818.3444621048282,-1754.1093055521947,-1811.2614173111313,44.058464449052146
44,0,2000,1.4755804538726807,0.04132680397009879,0.01131590207417806,0.00030351377039624847,rfe,6,rf,7,minmax,"['car_age', 'mileage', 'tax', 'mpg']",3,"['car_age', 'mileage']",LOF,70,"['car_age', 'mileage', 'tax', 'mpg']","['tax', 'mpg']",0.05,0.5,"RandomForestRegressor(max_depth=12, max_features='sqrt', min_samples_leaf=4,
                      min_samples_split=10, random_state=42)",minmax,6,iterative,target,"{'selector__selection_method': 'rfe', 'selector__n_features_to_select': 6, 'selector__model_name': 'rf', 'selector__k': 7, 'scaler__scaler_name': 'minmax', 'outlier_remover__z_columns': ['car_age', 'mileage', 'tax', 'mpg'], 'outlier_remover__threshold': 3, 'outlier_remover__sev_outliers_cols': ['car_age', 'mileage'], 'outlier_remover__outlier_method': 'LOF', 'outlier_remover__n_neighbors': 70, 'outlier_remover__model_columns': ['car_age', 'mileage', 'tax', 'mpg'], 'outlier_remover__mod_outliers_cols': ['tax', 'mpg'], 'outlier_remover__contamination_LOF': 0.05, 'outlier_remover__contamination_IF': 0.5, 'model': RandomForestRegressor(max_depth=12, max_features='sqrt', min_samples_leaf=4,
                      min_samples_split=10, random_state=42), 'imputer__knn_scaling_method': 'minmax', 'imputer__knn_neighbors': 6, 'imputer__imputation_method': 'iterative', 'encoder__method': 'target'}",-2617.6664392923376,-2542.8609542432687,-2455.0864835463335,-2538.5379590273133,66.4433428735643,249,-1929.6772473960946,-1907.0328669823987,-1845.9214733344093,-1894.2105292376339,35.37481854934504
45,0,2000,0.3545193672180176,0.017404577843117087,0.010329882303873697,0.00036311915791638436,rfe,10,rf,9,standard,"['car_age', 'mileage', 'tax', 'mpg']",2,"['car_age', 'mileage']",Isolation_Forest,90,"['car_age', 'mileage', 'tax', 'mpg']","['tax', 'mpg']",0.5,0.3,"RandomForestRegressor(max_depth=12, max_features='sqrt', min_samples_leaf=4,
                      min_samples_split=10, random_state=42)",robust,18,simple,freq,"{'selector__selection_method': 'rfe', 'selector__n_features_to_select': 10, 'selector__model_name': 'rf', 'selector__k': 9, 'scaler__scaler_name': 'standard', 'outlier_remover__z_columns': ['car_age', 'mileage', 'tax', 'mpg'], 'outlier_remover__threshold': 2, 'outlier_remover__sev_outliers_cols': ['car_age', 'mileage'], 'outlier_remover__outlier_method': 'Isolation_Forest', 'outlier_remover__n_neighbors': 90, 'outlier_remover__model_columns': ['car_age', 'mileage', 'tax', 'mpg'], 'outlier_remover__mod_outliers_cols': ['tax', 'mpg'], 'outlier_remover__contamination_LOF': 0.5, 'outlier_remover__contamination_IF': 0.3, 'model': RandomForestRegressor(max_depth=12, max_features='sqrt', min_samples_leaf=4,
                      min_samples_split=10, random_state=42), 'imputer__knn_scaling_method': 'robust', 'imputer__knn_neighbors': 18, 'imputer__imputation_method': 'simple', 'encoder__method': 'freq'}",-3486.062007681982,-3142.6685854077728,-3166.7838150195075,-3265.171469369754,156.5031597374443,381,-2935.397956979799,-2698.6123957492896,-2784.704006329053,-2806.2381196860474,97.85921530568196
46,0,2000,0.11024936040242513,0.001232678966377149,0.01415705680847168,0.0032394154464520917,kbest,7,rf,6,robust,"['car_age', 'mileage', 'tax', 'mpg']",2,"['car_age', 'mileage', 'engineSize']",z_score,70,"['car_age', 'mileage', 'tax', 'mpg']","['car_age', 'mileage', 'tax', 'mpg']",0.05,0.15,"RandomForestRegressor(max_depth=12, max_features='sqrt', min_samples_leaf=4,
                      min_samples_split=10, random_state=42)",minmax,20,simple,target,"{'selector__selection_method': 'kbest', 'selector__n_features_to_select': 7, 'selector__model_name': 'rf', 'selector__k': 6, 'scaler__scaler_name': 'robust', 'outlier_remover__z_columns': ['car_age', 'mileage', 'tax', 'mpg'], 'outlier_remover__threshold': 2, 'outlier_remover__sev_outliers_cols': ['car_age', 'mileage', 'engineSize'], 'outlier_remover__outlier_method': 'z_score', 'outlier_remover__n_neighbors': 70, 'outlier_remover__model_columns': ['car_age', 'mileage', 'tax', 'mpg'], 'outlier_remover__mod_outliers_cols': ['car_age', 'mileage', 'tax', 'mpg'], 'outlier_remover__contamination_LOF': 0.05, 'outlier_remover__contamination_IF': 0.15, 'model': RandomForestRegressor(max_depth=12, max_features='sqrt', min_samples_leaf=4,
                      min_samples_split=10, random_state=42), 'imputer__knn_scaling_method': 'minmax', 'imputer__knn_neighbors': 20, 'imputer__imputation_method': 'simple', 'encoder__method': 'target'}",-2537.7768379680033,-2432.9519709529513,-2516.119735577724,-2495.6161814995594,45.18377277709327,239,-1891.663434852962,-1918.9541379035209,-1969.5584701145522,-1926.7253476236783,32.2717926884258
47,0,2000,0.5052850246429443,0.012578674584930104,0.09193658828735352,0.0063353552700363336,model,7,rf,8,standard,"['car_age', 'mileage', 'tax', 'mpg']",3,"['car_age', 'mileage', 'engineSize']",Isolation_Forest,90,"['car_age', 'mileage', 'tax', 'mpg', 'engineSize']","['tax', 'mpg']",0.05,0.3,"RandomForestRegressor(max_depth=12, max_features='sqrt', min_samples_leaf=4,
                      min_samples_split=10, random_state=42)",standard,14,knn_modelwise,target,"{'selector__selection_method': 'model', 'selector__n_features_to_select': 7, 'selector__model_name': 'rf', 'selector__k': 8, 'scaler__scaler_name': 'standard', 'outlier_remover__z_columns': ['car_age', 'mileage', 'tax', 'mpg'], 'outlier_remover__threshold': 3, 'outlier_remover__sev_outliers_cols': ['car_age', 'mileage', 'engineSize'], 'outlier_remover__outlier_method': 'Isolation_Forest', 'outlier_remover__n_neighbors': 90, 'outlier_remover__model_columns': ['car_age', 'mileage', 'tax', 'mpg', 'engineSize'], 'outlier_remover__mod_outliers_cols': ['tax', 'mpg'], 'outlier_remover__contamination_LOF': 0.05, 'outlier_remover__contamination_IF': 0.3, 'model': RandomForestRegressor(max_depth=12, max_features='sqrt', min_samples_leaf=4,
                      min_samples_split=10, random_state=42), 'imputer__knn_scaling_method': 'standard', 'imputer__knn_neighbors': 14, 'imputer__imputation_method': 'knn_modelwise', 'encoder__method': 'target'}",-3199.2018306056957,-2931.7098615907726,-3141.953950098266,-3090.955214098245,115.0033091612876,370,-2888.3815660280234,-2663.0350849108395,-2960.1297922934477,-2837.182147744104,126.57633168210725
48,0,2000,0.5969828764597574,0.0075403635532717865,0.10728971163431804,0.005303384511057862,model,10,rf,9,minmax,"['car_age', 'mileage', 'tax', 'mpg']",2,"['car_age', 'mileage', 'engineSize']",z_score,50,"['car_age', 'mileage', 'tax', 'mpg', 'engineSize']","['car_age', 'mileage', 'tax', 'mpg']",0.15,0.3,"RandomForestRegressor(max_depth=12, max_features='sqrt', min_samples_leaf=4,
                      min_samples_split=10, random_state=42)",standard,13,knn_modelwise,freq,"{'selector__selection_method': 'model', 'selector__n_features_to_select': 10, 'selector__model_name': 'rf', 'selector__k': 9, 'scaler__scaler_name': 'minmax', 'outlier_remover__z_columns': ['car_age', 'mileage', 'tax', 'mpg'], 'outlier_remover__threshold': 2, 'outlier_remover__sev_outliers_cols': ['car_age', 'mileage', 'engineSize'], 'outlier_remover__outlier_method': 'z_score', 'outlier_remover__n_neighbors': 50, 'outlier_remover__model_columns': ['car_age', 'mileage', 'tax', 'mpg', 'engineSize'], 'outlier_remover__mod_outliers_cols': ['car_age', 'mileage', 'tax', 'mpg'], 'outlier_remover__contamination_LOF': 0.15, 'outlier_remover__contamination_IF': 0.3, 'model': RandomForestRegressor(max_depth=12, max_features='sqrt', min_samples_leaf=4,
                      min_samples_split=10, random_state=42), 'imputer__knn_scaling_method': 'standard', 'imputer__knn_neighbors': 13, 'imputer__imputation_method': 'knn_modelwise', 'encoder__method': 'freq'}",-2756.7271277127293,-2604.7617221230494,-2533.73403517778,-2631.740961671186,93.0139392941436,267,-2011.7221321421525,-1974.3517266895694,-1941.290821046431,-1975.788226626051,28.77139835225502
49,0,2000,0.16225202878316244,0.011231146631707208,0.01118930180867513,0.0015106836882842057,kbest,7,rf,9,minmax,"['car_age', 'mileage', 'tax', 'mpg']",3,"['car_age', 'mileage']",Isolation_Forest,100,"['car_age', 'mileage', 'tax', 'mpg']","['car_age', 'mileage', 'tax', 'mpg']",0.3,0.3,"RandomForestRegressor(max_depth=12, max_features='sqrt', min_samples_leaf=4,
                      min_samples_split=10, random_state=42)",standard,11,simple,freq,"{'selector__selection_method': 'kbest', 'selector__n_features_to_select': 7, 'selector__model_name': 'rf', 'selector__k': 9, 'scaler__scaler_name': 'minmax', 'outlier_remover__z_columns': ['car_age', 'mileage', 'tax', 'mpg'], 'outlier_remover__threshold': 3, 'outlier_remover__sev_outliers_cols': ['car_age', 'mileage'], 'outlier_remover__outlier_method': 'Isolation_Forest', 'outlier_remover__n_neighbors': 100, 'outlier_remover__model_columns': ['car_age', 'mileage', 'tax', 'mpg'], 'outlier_remover__mod_outliers_cols': ['car_age', 'mileage', 'tax', 'mpg'], 'outlier_remover__contamination_LOF': 0.3, 'outlier_remover__contamination_IF': 0.3, 'model': RandomForestRegressor(max_depth=12, max_features='sqrt', min_samples_leaf=4,
                      min_samples_split=10, random_state=42), 'imputer__knn_scaling_method': 'standard', 'imputer__knn_neighbors': 11, 'imputer__imputation_method': 'simple', 'encoder__method': 'freq'}",-3452.539045403714,-3087.8990088313735,-3099.9011823746832,-3213.4464122032573,169.13501210667414,379,-2884.9628640968876,-2671.3206617040714,-2735.9109336675806,-2764.0648198228464,89.4622029687995
50,0,2000,1.171337604522705,0.010715874049234889,0.09250473976135254,0.0061659204416947885,rfe,8,rf,9,minmax,"['car_age', 'mileage', 'tax', 'mpg']",3,"['car_age', 'mileage']",IQR,70,"['car_age', 'mileage', 'tax', 'mpg']","['tax', 'mpg']",0.15,0.5,"RandomForestRegressor(max_depth=12, max_features='sqrt', min_samples_leaf=4,
                      min_samples_split=10, random_state=42)",standard,20,knn_modelwise,freq,"{'selector__selection_method': 'rfe', 'selector__n_features_to_select': 8, 'selector__model_name': 'rf', 'selector__k': 9, 'scaler__scaler_name': 'minmax', 'outlier_remover__z_columns': ['car_age', 'mileage', 'tax', 'mpg'], 'outlier_remover__threshold': 3, 'outlier_remover__sev_outliers_cols': ['car_age', 'mileage'], 'outlier_remover__outlier_method': 'IQR', 'outlier_remover__n_neighbors': 70, 'outlier_remover__model_columns': ['car_age', 'mileage', 'tax', 'mpg'], 'outlier_remover__mod_outliers_cols': ['tax', 'mpg'], 'outlier_remover__contamination_LOF': 0.15, 'outlier_remover__contamination_IF': 0.5, 'model': RandomForestRegressor(max_depth=12, max_features='sqrt', min_samples_leaf=4,
                      min_samples_split=10, random_state=42), 'imputer__knn_scaling_method': 'standard', 'imputer__knn_neighbors': 20, 'imputer__imputation_method': 'knn_modelwise', 'encoder__method': 'freq'}",-2778.3534334414167,-2666.6966142802576,-2571.94753111428,-2672.332526278651,84.35904123412061,290,-2133.052906206807,-2062.514995797739,-2047.3556239953539,-2080.9745086666335,37.341409151459196
51,0,2000,0.1298989454905192,0.012967570804424258,0.010848363240559896,0.00038927800753240093,kbest,8,rf,6,standard,"['car_age', 'mileage', 'tax', 'mpg']",3,"['car_age', 'mileage', 'engineSize']",LOF,70,"['tax', 'mpg']","['tax', 'mpg']",0.15,0.3,"RandomForestRegressor(max_depth=12, max_features='sqrt', min_samples_leaf=4,
                      min_samples_split=10, random_state=42)",robust,20,iterative,target,"{'selector__selection_method': 'kbest', 'selector__n_features_to_select': 8, 'selector__model_name': 'rf', 'selector__k': 6, 'scaler__scaler_name': 'standard', 'outlier_remover__z_columns': ['car_age', 'mileage', 'tax', 'mpg'], 'outlier_remover__threshold': 3, 'outlier_remover__sev_outliers_cols': ['car_age', 'mileage', 'engineSize'], 'outlier_remover__outlier_method': 'LOF', 'outlier_remover__n_neighbors': 70, 'outlier_remover__model_columns': ['tax', 'mpg'], 'outlier_remover__mod_outliers_cols': ['tax', 'mpg'], 'outlier_remover__contamination_LOF': 0.15, 'outlier_remover__contamination_IF': 0.3, 'model': RandomForestRegressor(max_depth=12, max_features='sqrt', min_samples_leaf=4,
                      min_samples_split=10, random_state=42), 'imputer__knn_scaling_method': 'robust', 'imputer__knn_neighbors': 20, 'imputer__imputation_method': 'iterative', 'encoder__method': 'target'}",-2742.6804898080604,-2549.3379897941318,-2577.642200611255,-2623.2202267378157,85.2578361094709,262,-2225.026273905134,-2079.3671813952733,-2080.7858315004078,-2128.393095600272,68.33243009486634
52,0,2000,0.4159911473592122,0.015892445560318987,0.009836594263712565,0.0001748972496541891,model,6,rf,6,standard,"['car_age', 'mileage', 'tax', 'mpg']",2,"['car_age', 'mileage', 'engineSize']",Isolation_Forest,50,"['car_age', 'mileage', 'tax', 'mpg']","['tax', 'mpg']",0.15,0.15,"RandomForestRegressor(max_depth=12, max_features='sqrt', min_samples_leaf=4,
                      min_samples_split=10, random_state=42)",robust,8,simple,target,"{'selector__selection_method': 'model', 'selector__n_features_to_select': 6, 'selector__model_name': 'rf', 'selector__k': 6, 'scaler__scaler_name': 'standard', 'outlier_remover__z_columns': ['car_age', 'mileage', 'tax', 'mpg'], 'outlier_remover__threshold': 2, 'outlier_remover__sev_outliers_cols': ['car_age', 'mileage', 'engineSize'], 'outlier_remover__outlier_method': 'Isolation_Forest', 'outlier_remover__n_neighbors': 50, 'outlier_remover__model_columns': ['car_age', 'mileage', 'tax', 'mpg'], 'outlier_remover__mod_outliers_cols': ['tax', 'mpg'], 'outlier_remover__contamination_LOF': 0.15, 'outlier_remover__contamination_IF': 0.15, 'model': RandomForestRegressor(max_depth=12, max_features='sqrt', min_samples_leaf=4,
                      min_samples_split=10, random_state=42), 'imputer__knn_scaling_method': 'robust', 'imputer__knn_neighbors': 8, 'imputer__imputation_method': 'simple', 'encoder__method': 'target'}",-2748.9054594282443,-2650.79518375396,-2615.9178451557077,-2671.8728294459706,56.3005432088282,289,-2110.701470466133,-2106.8696031207396,-2105.4838331604396,-2107.6849689157707,2.2067397971095013
53,0,2000,0.45633769035339355,0.008658699981019513,0.010953426361083984,0.00023715455036441675,model,9,rf,5,standard,"['car_age', 'mileage', 'tax', 'mpg']",2,"['car_age', 'mileage']",IQR,70,"['car_age', 'mileage', 'tax', 'mpg', 'engineSize']","['tax', 'mpg']",0.5,0.5,"RandomForestRegressor(max_depth=12, max_features='sqrt', min_samples_leaf=4,
                      min_samples_split=10, random_state=42)",minmax,16,iterative,freq,"{'selector__selection_method': 'model', 'selector__n_features_to_select': 9, 'selector__model_name': 'rf', 'selector__k': 5, 'scaler__scaler_name': 'standard', 'outlier_remover__z_columns': ['car_age', 'mileage', 'tax', 'mpg'], 'outlier_remover__threshold': 2, 'outlier_remover__sev_outliers_cols': ['car_age', 'mileage'], 'outlier_remover__outlier_method': 'IQR', 'outlier_remover__n_neighbors': 70, 'outlier_remover__model_columns': ['car_age', 'mileage', 'tax', 'mpg', 'engineSize'], 'outlier_remover__mod_outliers_cols': ['tax', 'mpg'], 'outlier_remover__contamination_LOF': 0.5, 'outlier_remover__contamination_IF': 0.5, 'model': RandomForestRegressor(max_depth=12, max_features='sqrt', min_samples_leaf=4,
                      min_samples_split=10, random_state=42), 'imputer__knn_scaling_method': 'minmax', 'imputer__knn_neighbors': 16, 'imputer__imputation_method': 'iterative', 'encoder__method': 'freq'}",-3041.9499654928004,-2933.767828386649,-2785.401660819613,-2920.3731515663544,105.16279818456638,352,-2307.298249360321,-2304.3941036650795,-2245.2836604448735,-2285.658671156758,28.574051550820077
54,0,2000,0.6750273704528809,0.010173610500307226,0.010522921880086264,0.0005795709758723919,rfe,7,rf,9,minmax,"['car_age', 'mileage', 'tax', 'mpg']",3,"['car_age', 'mileage', 'engineSize']",LOF,100,"['tax', 'mpg']","['tax', 'mpg']",0.5,0.15,"RandomForestRegressor(max_depth=12, max_features='sqrt', min_samples_leaf=4,
                      min_samples_split=10, random_state=42)",standard,6,iterative,freq,"{'selector__selection_method': 'rfe', 'selector__n_features_to_select': 7, 'selector__model_name': 'rf', 'selector__k': 9, 'scaler__scaler_name': 'minmax', 'outlier_remover__z_columns': ['car_age', 'mileage', 'tax', 'mpg'], 'outlier_remover__threshold': 3, 'outlier_remover__sev_outliers_cols': ['car_age', 'mileage', 'engineSize'], 'outlier_remover__outlier_method': 'LOF', 'outlier_remover__n_neighbors': 100, 'outlier_remover__model_columns': ['tax', 'mpg'], 'outlier_remover__mod_outliers_cols': ['tax', 'mpg'], 'outlier_remover__contamination_LOF': 0.5, 'outlier_remover__contamination_IF': 0.15, 'model': RandomForestRegressor(max_depth=12, max_features='sqrt', min_samples_leaf=4,
                      min_samples_split=10, random_state=42), 'imputer__knn_scaling_method': 'standard', 'imputer__knn_neighbors': 6, 'imputer__imputation_method': 'iterative', 'encoder__method': 'freq'}",-3345.349812845677,-2961.2016718101727,-2782.1120485328433,-3029.5545110628977,234.96563970427889,365,-3056.995492281956,-2805.6969591010775,-2767.85562795484,-2876.8493597792913,128.31592101133452
55,0,2000,0.47276822725931805,0.009767226445366848,0.0938882827758789,0.007424863675043444,model,5,rf,6,robust,"['car_age', 'mileage', 'tax', 'mpg']",2,"['car_age', 'mileage', 'engineSize']",LOF,100,"['car_age', 'mileage', 'tax', 'mpg', 'engineSize']","['car_age', 'mileage', 'tax', 'mpg']",0.3,0.05,"RandomForestRegressor(max_depth=12, max_features='sqrt', min_samples_leaf=4,
                      min_samples_split=10, random_state=42)",standard,10,knn_modelwise,target,"{'selector__selection_method': 'model', 'selector__n_features_to_select': 5, 'selector__model_name': 'rf', 'selector__k': 6, 'scaler__scaler_name': 'robust', 'outlier_remover__z_columns': ['car_age', 'mileage', 'tax', 'mpg'], 'outlier_remover__threshold': 2, 'outlier_remover__sev_outliers_cols': ['car_age', 'mileage', 'engineSize'], 'outlier_remover__outlier_method': 'LOF', 'outlier_remover__n_neighbors': 100, 'outlier_remover__model_columns': ['car_age', 'mileage', 'tax', 'mpg', 'engineSize'], 'outlier_remover__mod_outliers_cols': ['car_age', 'mileage', 'tax', 'mpg'], 'outlier_remover__contamination_LOF': 0.3, 'outlier_remover__contamination_IF': 0.05, 'model': RandomForestRegressor(max_depth=12, max_features='sqrt', min_samples_leaf=4,
                      min_samples_split=10, random_state=42), 'imputer__knn_scaling_method': 'standard', 'imputer__knn_neighbors': 10, 'imputer__imputation_method': 'knn_modelwise', 'encoder__method': 'target'}",-2911.47597174591,-2617.493957735112,-2603.0079182930854,-2710.659282591369,142.12193899822466,314,-2316.947475083479,-2209.2625039220447,-2156.6960126252,-2227.6353305435746,66.69984194660368
56,0,2000,0.9504439830780029,0.010503233964518261,0.011037985483805338,0.00026483230789773574,rfe,8,rf,5,robust,"['car_age', 'mileage', 'tax', 'mpg']",3,"['car_age', 'mileage']",LOF,30,"['car_age', 'mileage', 'tax', 'mpg', 'engineSize']","['car_age', 'mileage', 'tax', 'mpg']",0.05,0.3,"RandomForestRegressor(max_depth=12, max_features='sqrt', min_samples_leaf=4,
                      min_samples_split=10, random_state=42)",minmax,18,iterative,freq,"{'selector__selection_method': 'rfe', 'selector__n_features_to_select': 8, 'selector__model_name': 'rf', 'selector__k': 5, 'scaler__scaler_name': 'robust', 'outlier_remover__z_columns': ['car_age', 'mileage', 'tax', 'mpg'], 'outlier_remover__threshold': 3, 'outlier_remover__sev_outliers_cols': ['car_age', 'mileage'], 'outlier_remover__outlier_method': 'LOF', 'outlier_remover__n_neighbors': 30, 'outlier_remover__model_columns': ['car_age', 'mileage', 'tax', 'mpg', 'engineSize'], 'outlier_remover__mod_outliers_cols': ['car_age', 'mileage', 'tax', 'mpg'], 'outlier_remover__contamination_LOF': 0.05, 'outlier_remover__contamination_IF': 0.3, 'model': RandomForestRegressor(max_depth=12, max_features='sqrt', min_samples_leaf=4,
                      min_samples_split=10, random_state=42), 'imputer__knn_scaling_method': 'minmax', 'imputer__knn_neighbors': 18, 'imputer__imputation_method': 'iterative', 'encoder__method': 'freq'}",-2865.688624423849,-2653.8059880473756,-2658.678667965763,-2726.0577601456625,98.75396851671921,315,-2242.7191670597967,-2160.090588286195,-2200.1462961219877,-2200.9853504893267,33.7381931615575
57,0,2000,0.5526440143585205,0.005953462324711073,0.10843936602274577,0.016996985590485725,rfe,10,rf,8,robust,"['car_age', 'mileage', 'tax', 'mpg']",3,"['car_age', 'mileage']",z_score,50,"['tax', 'mpg']","['car_age', 'mileage', 'tax', 'mpg']",0.05,0.15,"RandomForestRegressor(max_depth=12, max_features='sqrt', min_samples_leaf=4,
                      min_samples_split=10, random_state=42)",standard,8,knn_modelwise,target,"{'selector__selection_method': 'rfe', 'selector__n_features_to_select': 10, 'selector__model_name': 'rf', 'selector__k': 8, 'scaler__scaler_name': 'robust', 'outlier_remover__z_columns': ['car_age', 'mileage', 'tax', 'mpg'], 'outlier_remover__threshold': 3, 'outlier_remover__sev_outliers_cols': ['car_age', 'mileage'], 'outlier_remover__outlier_method': 'z_score', 'outlier_remover__n_neighbors': 50, 'outlier_remover__model_columns': ['tax', 'mpg'], 'outlier_remover__mod_outliers_cols': ['car_age', 'mileage', 'tax', 'mpg'], 'outlier_remover__contamination_LOF': 0.05, 'outlier_remover__contamination_IF': 0.15, 'model': RandomForestRegressor(max_depth=12, max_features='sqrt', min_samples_leaf=4,
                      min_samples_split=10, random_state=42), 'imputer__knn_scaling_method': 'standard', 'imputer__knn_neighbors': 8, 'imputer__imputation_method': 'knn_modelwise', 'encoder__method': 'target'}",-2569.990242951577,-2380.4131619601335,-2278.4166601470783,-2409.6066883529297,120.81110609762692,187,-1758.234283940231,-1724.799986117743,-1727.6420994051282,-1736.8921231543675,15.135725337576345
58,0,2000,0.9924313227335612,0.0005164636715076933,0.011570056279500326,0.0006427994031308987,rfe,8,rf,6,minmax,"['car_age', 'mileage', 'tax', 'mpg']",2,"['car_age', 'mileage']",z_score,70,"['car_age', 'mileage', 'tax', 'mpg']","['car_age', 'mileage', 'tax', 'mpg']",0.05,0.3,"RandomForestRegressor(max_depth=12, max_features='sqrt', min_samples_leaf=4,
                      min_samples_split=10, random_state=42)",minmax,8,iterative,target,"{'selector__selection_method': 'rfe', 'selector__n_features_to_select': 8, 'selector__model_name': 'rf', 'selector__k': 6, 'scaler__scaler_name': 'minmax', 'outlier_remover__z_columns': ['car_age', 'mileage', 'tax', 'mpg'], 'outlier_remover__threshold': 2, 'outlier_remover__sev_outliers_cols': ['car_age', 'mileage'], 'outlier_remover__outlier_method': 'z_score', 'outlier_remover__n_neighbors': 70, 'outlier_remover__model_columns': ['car_age', 'mileage', 'tax', 'mpg'], 'outlier_remover__mod_outliers_cols': ['car_age', 'mileage', 'tax', 'mpg'], 'outlier_remover__contamination_LOF': 0.05, 'outlier_remover__contamination_IF': 0.3, 'model': RandomForestRegressor(max_depth=12, max_features='sqrt', min_samples_leaf=4,
                      min_samples_split=10, random_state=42), 'imputer__knn_scaling_method': 'minmax', 'imputer__knn_neighbors': 8, 'imputer__imputation_method': 'iterative', 'encoder__method': 'target'}",-2593.989535943436,-2376.539854423109,-2276.983571477123,-2415.837653947889,132.36674598105995,196,-1846.1828333115225,-1773.459135108955,-1775.2740772984362,-1798.3053485729713,33.86260142059817
59,0,2000,1.2400400638580322,0.0069661024080344205,0.09088532129923503,0.00575166417630678,rfe,6,rf,7,robust,"['car_age', 'mileage', 'tax', 'mpg']",3,"['car_age', 'mileage']",LOF,50,"['car_age', 'mileage', 'tax', 'mpg']","['car_age', 'mileage', 'tax', 'mpg']",0.3,0.3,"RandomForestRegressor(max_depth=12, max_features='sqrt', min_samples_leaf=4,
                      min_samples_split=10, random_state=42)",minmax,16,knn_modelwise,target,"{'selector__selection_method': 'rfe', 'selector__n_features_to_select': 6, 'selector__model_name': 'rf', 'selector__k': 7, 'scaler__scaler_name': 'robust', 'outlier_remover__z_columns': ['car_age', 'mileage', 'tax', 'mpg'], 'outlier_remover__threshold': 3, 'outlier_remover__sev_outliers_cols': ['car_age', 'mileage'], 'outlier_remover__outlier_method': 'LOF', 'outlier_remover__n_neighbors': 50, 'outlier_remover__model_columns': ['car_age', 'mileage', 'tax', 'mpg'], 'outlier_remover__mod_outliers_cols': ['car_age', 'mileage', 'tax', 'mpg'], 'outlier_remover__contamination_LOF': 0.3, 'outlier_remover__contamination_IF': 0.3, 'model': RandomForestRegressor(max_depth=12, max_features='sqrt', min_samples_leaf=4,
                      min_samples_split=10, random_state=42), 'imputer__knn_scaling_method': 'minmax', 'imputer__knn_neighbors': 16, 'imputer__imputation_method': 'knn_modelwise', 'encoder__method': 'target'}",-2709.2210504211403,-2573.275620387094,-2500.6845332149337,-2594.393734674389,86.43437130915021,256,-2098.541200467892,-2082.7215617220227,-2104.773731447565,-2095.3454978791597,9.282023259245136
60,0,2000,1.4482548236846924,0.013549927908187931,0.010247627894083658,5.25575838828759e-05,rfe,6,rf,7,standard,"['car_age', 'mileage', 'tax', 'mpg']",2,"['car_age', 'mileage']",IQR,100,"['car_age', 'mileage', 'tax', 'mpg', 'engineSize']","['tax', 'mpg']",0.15,0.3,"RandomForestRegressor(max_depth=12, max_features='sqrt', min_samples_leaf=4,
                      min_samples_split=10, random_state=42)",robust,15,simple,target,"{'selector__selection_method': 'rfe', 'selector__n_features_to_select': 6, 'selector__model_name': 'rf', 'selector__k': 7, 'scaler__scaler_name': 'standard', 'outlier_remover__z_columns': ['car_age', 'mileage', 'tax', 'mpg'], 'outlier_remover__threshold': 2, 'outlier_remover__sev_outliers_cols': ['car_age', 'mileage'], 'outlier_remover__outlier_method': 'IQR', 'outlier_remover__n_neighbors': 100, 'outlier_remover__model_columns': ['car_age', 'mileage', 'tax', 'mpg', 'engineSize'], 'outlier_remover__mod_outliers_cols': ['tax', 'mpg'], 'outlier_remover__contamination_LOF': 0.15, 'outlier_remover__contamination_IF': 0.3, 'model': RandomForestRegressor(max_depth=12, max_features='sqrt', min_samples_leaf=4,
                      min_samples_split=10, random_state=42), 'imputer__knn_scaling_method': 'robust', 'imputer__knn_neighbors': 15, 'imputer__imputation_method': 'simple', 'encoder__method': 'target'}",-2550.296887045443,-2445.016637917744,-2387.3194551804795,-2460.8776600478886,67.47389540449157,232,-1794.3560719525826,-1839.5031164609495,-1805.6860651600368,-1813.1817511911897,19.178162733837496
61,0,2000,0.8441563447316488,0.010747570750178865,0.011161009470621744,0.0009119582089356942,rfe,6,rf,6,minmax,"['car_age', 'mileage', 'tax', 'mpg']",2,"['car_age', 'mileage', 'engineSize']",Isolation_Forest,30,"['car_age', 'mileage', 'tax', 'mpg']","['tax', 'mpg']",0.15,0.5,"RandomForestRegressor(max_depth=12, max_features='sqrt', min_samples_leaf=4,
                      min_samples_split=10, random_state=42)",robust,11,iterative,target,"{'selector__selection_method': 'rfe', 'selector__n_features_to_select': 6, 'selector__model_name': 'rf', 'selector__k': 6, 'scaler__scaler_name': 'minmax', 'outlier_remover__z_columns': ['car_age', 'mileage', 'tax', 'mpg'], 'outlier_remover__threshold': 2, 'outlier_remover__sev_outliers_cols': ['car_age', 'mileage', 'engineSize'], 'outlier_remover__outlier_method': 'Isolation_Forest', 'outlier_remover__n_neighbors': 30, 'outlier_remover__model_columns': ['car_age', 'mileage', 'tax', 'mpg'], 'outlier_remover__mod_outliers_cols': ['tax', 'mpg'], 'outlier_remover__contamination_LOF': 0.15, 'outlier_remover__contamination_IF': 0.5, 'model': RandomForestRegressor(max_depth=12, max_features='sqrt', min_samples_leaf=4,
                      min_samples_split=10, random_state=42), 'imputer__knn_scaling_method': 'robust', 'imputer__knn_neighbors': 11, 'imputer__imputation_method': 'iterative', 'encoder__method': 'target'}",-3554.001957823619,-3436.424163558007,-3326.628936266173,-3439.018352549266,92.84277065890296,385,-3124.610854806556,-3177.5452251323545,-3035.777230352856,-3112.644436763922,58.491808295568426
62,0,2000,1.239883820215861,0.020654123375162734,0.012353658676147461,0.003146165505164712,rfe,7,rf,9,robust,"['car_age', 'mileage', 'tax', 'mpg']",3,"['car_age', 'mileage']",Isolation_Forest,90,"['car_age', 'mileage', 'tax', 'mpg']","['tax', 'mpg']",0.05,0.05,"RandomForestRegressor(max_depth=12, max_features='sqrt', min_samples_leaf=4,
                      min_samples_split=10, random_state=42)",standard,7,simple,target,"{'selector__selection_method': 'rfe', 'selector__n_features_to_select': 7, 'selector__model_name': 'rf', 'selector__k': 9, 'scaler__scaler_name': 'robust', 'outlier_remover__z_columns': ['car_age', 'mileage', 'tax', 'mpg'], 'outlier_remover__threshold': 3, 'outlier_remover__sev_outliers_cols': ['car_age', 'mileage'], 'outlier_remover__outlier_method': 'Isolation_Forest', 'outlier_remover__n_neighbors': 90, 'outlier_remover__model_columns': ['car_age', 'mileage', 'tax', 'mpg'], 'outlier_remover__mod_outliers_cols': ['tax', 'mpg'], 'outlier_remover__contamination_LOF': 0.05, 'outlier_remover__contamination_IF': 0.05, 'model': RandomForestRegressor(max_depth=12, max_features='sqrt', min_samples_leaf=4,
                      min_samples_split=10, random_state=42), 'imputer__knn_scaling_method': 'standard', 'imputer__knn_neighbors': 7, 'imputer__imputation_method': 'simple', 'encoder__method': 'target'}",-2657.2264699086077,-2444.5684586371913,-2396.0998266869983,-2499.2982517442656,113.41162092191375,240,-1966.691182881991,-1918.941543054637,-1935.3625719978072,-1940.331765978145,19.807855218257522
63,0,2000,0.29226867357889813,0.023170384078355245,0.12121931711832683,0.011186989353961656,kbest,8,rf,9,minmax,"['car_age', 'mileage', 'tax', 'mpg']",3,"['car_age', 'mileage', 'engineSize']",LOF,90,"['tax', 'mpg']","['tax', 'mpg']",0.05,0.15,"RandomForestRegressor(max_depth=12, max_features='sqrt', min_samples_leaf=4,
                      min_samples_split=10, random_state=42)",standard,10,knn_modelwise,freq,"{'selector__selection_method': 'kbest', 'selector__n_features_to_select': 8, 'selector__model_name': 'rf', 'selector__k': 9, 'scaler__scaler_name': 'minmax', 'outlier_remover__z_columns': ['car_age', 'mileage', 'tax', 'mpg'], 'outlier_remover__threshold': 3, 'outlier_remover__sev_outliers_cols': ['car_age', 'mileage', 'engineSize'], 'outlier_remover__outlier_method': 'LOF', 'outlier_remover__n_neighbors': 90, 'outlier_remover__model_columns': ['tax', 'mpg'], 'outlier_remover__mod_outliers_cols': ['tax', 'mpg'], 'outlier_remover__contamination_LOF': 0.05, 'outlier_remover__contamination_IF': 0.15, 'model': RandomForestRegressor(max_depth=12, max_features='sqrt', min_samples_leaf=4,
                      min_samples_split=10, random_state=42), 'imputer__knn_scaling_method': 'standard', 'imputer__knn_neighbors': 10, 'imputer__imputation_method': 'knn_modelwise', 'encoder__method': 'freq'}",-2754.496187615477,-2657.919326530149,-2568.342862982554,-2660.2527923760604,76.01468658583087,279,-2109.53270683255,-2013.7486781611447,-2047.219441317842,-2056.8336087705125,39.69021037138454
64,0,2000,0.30608367919921875,0.03741528695994081,0.11710365613301595,0.008731947158632151,kbest,10,rf,8,minmax,"['car_age', 'mileage', 'tax', 'mpg']",2,"['car_age', 'mileage']",IQR,70,"['tax', 'mpg']","['car_age', 'mileage', 'tax', 'mpg']",0.3,0.15,"RandomForestRegressor(max_depth=12, max_features='sqrt', min_samples_leaf=4,
                      min_samples_split=10, random_state=42)",minmax,19,knn_modelwise,target,"{'selector__selection_method': 'kbest', 'selector__n_features_to_select': 10, 'selector__model_name': 'rf', 'selector__k': 8, 'scaler__scaler_name': 'minmax', 'outlier_remover__z_columns': ['car_age', 'mileage', 'tax', 'mpg'], 'outlier_remover__threshold': 2, 'outlier_remover__sev_outliers_cols': ['car_age', 'mileage'], 'outlier_remover__outlier_method': 'IQR', 'outlier_remover__n_neighbors': 70, 'outlier_remover__model_columns': ['tax', 'mpg'], 'outlier_remover__mod_outliers_cols': ['car_age', 'mileage', 'tax', 'mpg'], 'outlier_remover__contamination_LOF': 0.3, 'outlier_remover__contamination_IF': 0.15, 'model': RandomForestRegressor(max_depth=12, max_features='sqrt', min_samples_leaf=4,
                      min_samples_split=10, random_state=42), 'imputer__knn_scaling_method': 'minmax', 'imputer__knn_neighbors': 19, 'imputer__imputation_method': 'knn_modelwise', 'encoder__method': 'target'}",-2577.649383944148,-2357.1796762377944,-2272.9933292857313,-2402.6074631558913,128.45645378419124,182,-1847.81221837133,-1801.2188410565766,-1792.2712879092437,-1813.7674491123835,24.348845451783646
65,0,2000,1.5043957233428955,0.026845288066385378,0.012119213740030924,0.00028880021696402934,rfe,6,rf,9,standard,"['car_age', 'mileage', 'tax', 'mpg']",3,"['car_age', 'mileage', 'engineSize']",IQR,70,"['tax', 'mpg']","['tax', 'mpg']",0.05,0.3,"RandomForestRegressor(max_depth=12, max_features='sqrt', min_samples_leaf=4,
                      min_samples_split=10, random_state=42)",minmax,8,iterative,freq,"{'selector__selection_method': 'rfe', 'selector__n_features_to_select': 6, 'selector__model_name': 'rf', 'selector__k': 9, 'scaler__scaler_name': 'standard', 'outlier_remover__z_columns': ['car_age', 'mileage', 'tax', 'mpg'], 'outlier_remover__threshold': 3, 'outlier_remover__sev_outliers_cols': ['car_age', 'mileage', 'engineSize'], 'outlier_remover__outlier_method': 'IQR', 'outlier_remover__n_neighbors': 70, 'outlier_remover__model_columns': ['tax', 'mpg'], 'outlier_remover__mod_outliers_cols': ['tax', 'mpg'], 'outlier_remover__contamination_LOF': 0.05, 'outlier_remover__contamination_IF': 0.3, 'model': RandomForestRegressor(max_depth=12, max_features='sqrt', min_samples_leaf=4,
                      min_samples_split=10, random_state=42), 'imputer__knn_scaling_method': 'minmax', 'imputer__knn_neighbors': 8, 'imputer__imputation_method': 'iterative', 'encoder__method': 'freq'}",-2885.2892180414688,-2716.040250034101,-2637.4803168231774,-2746.2699282995823,103.40112174369001,319,-2161.114560892265,-2108.4726213722415,-2091.3588191285507,-2120.315333797686,29.68336521179648
66,0,2000,0.14276019732157388,0.007786619626444802,0.010165691375732422,0.00022584679432702343,kbest,10,rf,6,standard,"['car_age', 'mileage', 'tax', 'mpg']",3,"['car_age', 'mileage', 'engineSize']",Isolation_Forest,30,"['car_age', 'mileage', 'tax', 'mpg']","['tax', 'mpg']",0.5,0.5,"RandomForestRegressor(max_depth=12, max_features='sqrt', min_samples_leaf=4,
                      min_samples_split=10, random_state=42)",standard,8,iterative,freq,"{'selector__selection_method': 'kbest', 'selector__n_features_to_select': 10, 'selector__model_name': 'rf', 'selector__k': 6, 'scaler__scaler_name': 'standard', 'outlier_remover__z_columns': ['car_age', 'mileage', 'tax', 'mpg'], 'outlier_remover__threshold': 3, 'outlier_remover__sev_outliers_cols': ['car_age', 'mileage', 'engineSize'], 'outlier_remover__outlier_method': 'Isolation_Forest', 'outlier_remover__n_neighbors': 30, 'outlier_remover__model_columns': ['car_age', 'mileage', 'tax', 'mpg'], 'outlier_remover__mod_outliers_cols': ['tax', 'mpg'], 'outlier_remover__contamination_LOF': 0.5, 'outlier_remover__contamination_IF': 0.5, 'model': RandomForestRegressor(max_depth=12, max_features='sqrt', min_samples_leaf=4,
                      min_samples_split=10, random_state=42), 'imputer__knn_scaling_method': 'standard', 'imputer__knn_neighbors': 8, 'imputer__imputation_method': 'iterative', 'encoder__method': 'freq'}",-3872.8747704255616,-3817.7367074902722,-3673.0332258899216,-3787.881567935252,84.27201096839075,393,-3539.8911506867794,-3539.099350232335,-3456.972316041931,-3511.987605653682,38.90302734825412
67,0,2000,1.6027700106302898,0.01784990303094424,0.09211468696594238,0.005317282224371776,rfe,6,rf,7,robust,"['car_age', 'mileage', 'tax', 'mpg']",3,"['car_age', 'mileage', 'engineSize']",IQR,30,"['car_age', 'mileage', 'tax', 'mpg']","['tax', 'mpg']",0.5,0.5,"RandomForestRegressor(max_depth=12, max_features='sqrt', min_samples_leaf=4,
                      min_samples_split=10, random_state=42)",standard,13,knn_modelwise,freq,"{'selector__selection_method': 'rfe', 'selector__n_features_to_select': 6, 'selector__model_name': 'rf', 'selector__k': 7, 'scaler__scaler_name': 'robust', 'outlier_remover__z_columns': ['car_age', 'mileage', 'tax', 'mpg'], 'outlier_remover__threshold': 3, 'outlier_remover__sev_outliers_cols': ['car_age', 'mileage', 'engineSize'], 'outlier_remover__outlier_method': 'IQR', 'outlier_remover__n_neighbors': 30, 'outlier_remover__model_columns': ['car_age', 'mileage', 'tax', 'mpg'], 'outlier_remover__mod_outliers_cols': ['tax', 'mpg'], 'outlier_remover__contamination_LOF': 0.5, 'outlier_remover__contamination_IF': 0.5, 'model': RandomForestRegressor(max_depth=12, max_features='sqrt', min_samples_leaf=4,
                      min_samples_split=10, random_state=42), 'imputer__knn_scaling_method': 'standard', 'imputer__knn_neighbors': 13, 'imputer__imputation_method': 'knn_modelwise', 'encoder__method': 'freq'}",-2802.318229708433,-2668.0873978158334,-2586.1855861199588,-2685.5304045480752,89.09367268604205,302,-2138.1979029866234,-2066.606044384047,-2071.2811962607307,-2092.0283812104667,32.702526070083614
68,0,2000,1.117534081141154,0.023478247092054042,0.011957645416259766,0.0007907048805395425,rfe,7,rf,10,standard,"['car_age', 'mileage', 'tax', 'mpg']",3,"['car_age', 'mileage', 'engineSize']",LOF,100,"['car_age', 'mileage', 'tax', 'mpg']","['tax', 'mpg']",0.15,0.05,"RandomForestRegressor(max_depth=12, max_features='sqrt', min_samples_leaf=4,
                      min_samples_split=10, random_state=42)",standard,17,iterative,target,"{'selector__selection_method': 'rfe', 'selector__n_features_to_select': 7, 'selector__model_name': 'rf', 'selector__k': 10, 'scaler__scaler_name': 'standard', 'outlier_remover__z_columns': ['car_age', 'mileage', 'tax', 'mpg'], 'outlier_remover__threshold': 3, 'outlier_remover__sev_outliers_cols': ['car_age', 'mileage', 'engineSize'], 'outlier_remover__outlier_method': 'LOF', 'outlier_remover__n_neighbors': 100, 'outlier_remover__model_columns': ['car_age', 'mileage', 'tax', 'mpg'], 'outlier_remover__mod_outliers_cols': ['tax', 'mpg'], 'outlier_remover__contamination_LOF': 0.15, 'outlier_remover__contamination_IF': 0.05, 'model': RandomForestRegressor(max_depth=12, max_features='sqrt', min_samples_leaf=4,
                      min_samples_split=10, random_state=42), 'imputer__knn_scaling_method': 'standard', 'imputer__knn_neighbors': 17, 'imputer__imputation_method': 'iterative', 'encoder__method': 'target'}",-2752.412583821482,-2632.638678073826,-2553.035610695882,-2646.0289575303964,81.94416408394731,272,-2108.9262757939746,-2066.436763214174,-2007.6376670253887,-2061.0002353445125,41.52920613276971
69,0,2000,0.233108917872111,0.0036810591272807788,0.09999601046244304,0.014785586039001,kbest,10,rf,9,standard,"['car_age', 'mileage', 'tax', 'mpg']",2,"['car_age', 'mileage']",LOF,50,"['car_age', 'mileage', 'tax', 'mpg', 'engineSize']","['tax', 'mpg']",0.5,0.3,"RandomForestRegressor(max_depth=12, max_features='sqrt', min_samples_leaf=4,
                      min_samples_split=10, random_state=42)",robust,7,knn_modelwise,freq,"{'selector__selection_method': 'kbest', 'selector__n_features_to_select': 10, 'selector__model_name': 'rf', 'selector__k': 9, 'scaler__scaler_name': 'standard', 'outlier_remover__z_columns': ['car_age', 'mileage', 'tax', 'mpg'], 'outlier_remover__threshold': 2, 'outlier_remover__sev_outliers_cols': ['car_age', 'mileage'], 'outlier_remover__outlier_method': 'LOF', 'outlier_remover__n_neighbors': 50, 'outlier_remover__model_columns': ['car_age', 'mileage', 'tax', 'mpg', 'engineSize'], 'outlier_remover__mod_outliers_cols': ['tax', 'mpg'], 'outlier_remover__contamination_LOF': 0.5, 'outlier_remover__contamination_IF': 0.3, 'model': RandomForestRegressor(max_depth=12, max_features='sqrt', min_samples_leaf=4,
                      min_samples_split=10, random_state=42), 'imputer__knn_scaling_method': 'robust', 'imputer__knn_neighbors': 7, 'imputer__imputation_method': 'knn_modelwise', 'encoder__method': 'freq'}",-3089.470451429623,-2836.236292762297,-2781.191932962017,-2902.299559051313,134.24400073926475,344,-2622.104578329599,-2407.5725043582556,-2519.886755031062,-2516.521279239639,87.61467727532292
70,0,2000,0.371715784072876,0.00977447509680021,0.011004288991292318,0.0004233936422096658,model,7,rf,6,minmax,"['car_age', 'mileage', 'tax', 'mpg']",2,"['car_age', 'mileage']",Isolation_Forest,90,"['car_age', 'mileage', 'tax', 'mpg', 'engineSize']","['car_age', 'mileage', 'tax', 'mpg']",0.15,0.3,"RandomForestRegressor(max_depth=12, max_features='sqrt', min_samples_leaf=4,
                      min_samples_split=10, random_state=42)",minmax,13,iterative,target,"{'selector__selection_method': 'model', 'selector__n_features_to_select': 7, 'selector__model_name': 'rf', 'selector__k': 6, 'scaler__scaler_name': 'minmax', 'outlier_remover__z_columns': ['car_age', 'mileage', 'tax', 'mpg'], 'outlier_remover__threshold': 2, 'outlier_remover__sev_outliers_cols': ['car_age', 'mileage'], 'outlier_remover__outlier_method': 'Isolation_Forest', 'outlier_remover__n_neighbors': 90, 'outlier_remover__model_columns': ['car_age', 'mileage', 'tax', 'mpg', 'engineSize'], 'outlier_remover__mod_outliers_cols': ['car_age', 'mileage', 'tax', 'mpg'], 'outlier_remover__contamination_LOF': 0.15, 'outlier_remover__contamination_IF': 0.3, 'model': RandomForestRegressor(max_depth=12, max_features='sqrt', min_samples_leaf=4,
                      min_samples_split=10, random_state=42), 'imputer__knn_scaling_method': 'minmax', 'imputer__knn_neighbors': 13, 'imputer__imputation_method': 'iterative', 'encoder__method': 'target'}",-3132.477043373387,-2984.952844160593,-3250.8579043414156,-3122.762597291798,108.77240184423556,375,-2854.430310951065,-2720.461089061945,-2992.608098092776,-2855.833166035262,111.10797941011322
71,0,2000,0.2304536501566569,0.0032395839812428043,0.09189311663309734,0.005540239405941784,kbest,8,rf,8,minmax,"['car_age', 'mileage', 'tax', 'mpg']",2,"['car_age', 'mileage', 'engineSize']",LOF,50,"['car_age', 'mileage', 'tax', 'mpg', 'engineSize']","['car_age', 'mileage', 'tax', 'mpg']",0.5,0.5,"RandomForestRegressor(max_depth=12, max_features='sqrt', min_samples_leaf=4,
                      min_samples_split=10, random_state=42)",robust,16,knn_modelwise,target,"{'selector__selection_method': 'kbest', 'selector__n_features_to_select': 8, 'selector__model_name': 'rf', 'selector__k': 8, 'scaler__scaler_name': 'minmax', 'outlier_remover__z_columns': ['car_age', 'mileage', 'tax', 'mpg'], 'outlier_remover__threshold': 2, 'outlier_remover__sev_outliers_cols': ['car_age', 'mileage', 'engineSize'], 'outlier_remover__outlier_method': 'LOF', 'outlier_remover__n_neighbors': 50, 'outlier_remover__model_columns': ['car_age', 'mileage', 'tax', 'mpg', 'engineSize'], 'outlier_remover__mod_outliers_cols': ['car_age', 'mileage', 'tax', 'mpg'], 'outlier_remover__contamination_LOF': 0.5, 'outlier_remover__contamination_IF': 0.5, 'model': RandomForestRegressor(max_depth=12, max_features='sqrt', min_samples_leaf=4,
                      min_samples_split=10, random_state=42), 'imputer__knn_scaling_method': 'robust', 'imputer__knn_neighbors': 16, 'imputer__imputation_method': 'knn_modelwise', 'encoder__method': 'target'}",-2884.2250260586825,-2721.3062515695556,-2700.6161241825353,-2768.715800603591,82.11295560283257,323,-2392.4335087274712,-2317.4037849760402,-2402.081906288527,-2370.6397333306795,37.8490206107319
72,0,2000,1.6623599529266357,0.009750081722477006,0.010750452677408854,0.0006559239696274859,rfe,5,rf,8,robust,"['car_age', 'mileage', 'tax', 'mpg']",2,"['car_age', 'mileage', 'engineSize']",Isolation_Forest,50,"['tax', 'mpg']","['car_age', 'mileage', 'tax', 'mpg']",0.15,0.05,"RandomForestRegressor(max_depth=12, max_features='sqrt', min_samples_leaf=4,
                      min_samples_split=10, random_state=42)",standard,15,simple,target,"{'selector__selection_method': 'rfe', 'selector__n_features_to_select': 5, 'selector__model_name': 'rf', 'selector__k': 8, 'scaler__scaler_name': 'robust', 'outlier_remover__z_columns': ['car_age', 'mileage', 'tax', 'mpg'], 'outlier_remover__threshold': 2, 'outlier_remover__sev_outliers_cols': ['car_age', 'mileage', 'engineSize'], 'outlier_remover__outlier_method': 'Isolation_Forest', 'outlier_remover__n_neighbors': 50, 'outlier_remover__model_columns': ['tax', 'mpg'], 'outlier_remover__mod_outliers_cols': ['car_age', 'mileage', 'tax', 'mpg'], 'outlier_remover__contamination_LOF': 0.15, 'outlier_remover__contamination_IF': 0.05, 'model': RandomForestRegressor(max_depth=12, max_features='sqrt', min_samples_leaf=4,
                      min_samples_split=10, random_state=42), 'imputer__knn_scaling_method': 'standard', 'imputer__knn_neighbors': 15, 'imputer__imputation_method': 'simple', 'encoder__method': 'target'}",-2700.7174021182905,-2638.7996727638933,-2481.5833616722866,-2607.03347885149,92.23791782597876,257,-2013.2901780578243,-1994.9228289335947,-1960.1998280936684,-1989.4709450283626,22.014216518971452
73,0,2000,0.4406079451243083,0.010439253801928563,0.011537710825602213,0.00044932131769083184,rfe,10,rf,8,robust,"['car_age', 'mileage', 'tax', 'mpg']",2,"['car_age', 'mileage', 'engineSize']",IQR,50,"['car_age', 'mileage', 'tax', 'mpg', 'engineSize']","['car_age', 'mileage', 'tax', 'mpg']",0.05,0.05,"RandomForestRegressor(max_depth=12, max_features='sqrt', min_samples_leaf=4,
                      min_samples_split=10, random_state=42)",minmax,16,iterative,target,"{'selector__selection_method': 'rfe', 'selector__n_features_to_select': 10, 'selector__model_name': 'rf', 'selector__k': 8, 'scaler__scaler_name': 'robust', 'outlier_remover__z_columns': ['car_age', 'mileage', 'tax', 'mpg'], 'outlier_remover__threshold': 2, 'outlier_remover__sev_outliers_cols': ['car_age', 'mileage', 'engineSize'], 'outlier_remover__outlier_method': 'IQR', 'outlier_remover__n_neighbors': 50, 'outlier_remover__model_columns': ['car_age', 'mileage', 'tax', 'mpg', 'engineSize'], 'outlier_remover__mod_outliers_cols': ['car_age', 'mileage', 'tax', 'mpg'], 'outlier_remover__contamination_LOF': 0.05, 'outlier_remover__contamination_IF': 0.05, 'model': RandomForestRegressor(max_depth=12, max_features='sqrt', min_samples_leaf=4,
                      min_samples_split=10, random_state=42), 'imputer__knn_scaling_method': 'minmax', 'imputer__knn_neighbors': 16, 'imputer__imputation_method': 'iterative', 'encoder__method': 'target'}",-2571.139053993613,-2393.9774694291627,-2310.6471749749785,-2425.2545661325844,108.62073878810655,210,-1755.0661937175717,-1724.976354008319,-1713.252476499148,-1731.0983414083464,17.61071234978191
74,0,2000,0.32958292961120605,0.04327816494652924,0.1360161304473877,0.011113500270575267,kbest,7,rf,8,minmax,"['car_age', 'mileage', 'tax', 'mpg']",3,"['car_age', 'mileage']",IQR,50,"['car_age', 'mileage', 'tax', 'mpg']","['tax', 'mpg']",0.3,0.05,"RandomForestRegressor(max_depth=12, max_features='sqrt', min_samples_leaf=4,
                      min_samples_split=10, random_state=42)",minmax,11,knn_modelwise,freq,"{'selector__selection_method': 'kbest', 'selector__n_features_to_select': 7, 'selector__model_name': 'rf', 'selector__k': 8, 'scaler__scaler_name': 'minmax', 'outlier_remover__z_columns': ['car_age', 'mileage', 'tax', 'mpg'], 'outlier_remover__threshold': 3, 'outlier_remover__sev_outliers_cols': ['car_age', 'mileage'], 'outlier_remover__outlier_method': 'IQR', 'outlier_remover__n_neighbors': 50, 'outlier_remover__model_columns': ['car_age', 'mileage', 'tax', 'mpg'], 'outlier_remover__mod_outliers_cols': ['tax', 'mpg'], 'outlier_remover__contamination_LOF': 0.3, 'outlier_remover__contamination_IF': 0.05, 'model': RandomForestRegressor(max_depth=12, max_features='sqrt', min_samples_leaf=4,
                      min_samples_split=10, random_state=42), 'imputer__knn_scaling_method': 'minmax', 'imputer__knn_neighbors': 11, 'imputer__imputation_method': 'knn_modelwise', 'encoder__method': 'freq'}",-2846.9690561724424,-2740.642253885843,-2636.128266520283,-2741.246525526189,86.07645246503455,318,-2247.6557682142457,-2149.989768635987,-2136.505018082835,-2178.050184977689,49.525498736483115
75,0,2000,0.44626633326212567,0.02793119400748043,0.010433832804361979,0.001068780706879417,model,9,rf,6,robust,"['car_age', 'mileage', 'tax', 'mpg']",2,"['car_age', 'mileage', 'engineSize']",z_score,100,"['car_age', 'mileage', 'tax', 'mpg']","['tax', 'mpg']",0.15,0.15,"RandomForestRegressor(max_depth=12, max_features='sqrt', min_samples_leaf=4,
                      min_samples_split=10, random_state=42)",robust,20,simple,freq,"{'selector__selection_method': 'model', 'selector__n_features_to_select': 9, 'selector__model_name': 'rf', 'selector__k': 6, 'scaler__scaler_name': 'robust', 'outlier_remover__z_columns': ['car_age', 'mileage', 'tax', 'mpg'], 'outlier_remover__threshold': 2, 'outlier_remover__sev_outliers_cols': ['car_age', 'mileage', 'engineSize'], 'outlier_remover__outlier_method': 'z_score', 'outlier_remover__n_neighbors': 100, 'outlier_remover__model_columns': ['car_age', 'mileage', 'tax', 'mpg'], 'outlier_remover__mod_outliers_cols': ['tax', 'mpg'], 'outlier_remover__contamination_LOF': 0.15, 'outlier_remover__contamination_IF': 0.15, 'model': RandomForestRegressor(max_depth=12, max_features='sqrt', min_samples_leaf=4,
                      min_samples_split=10, random_state=42), 'imputer__knn_scaling_method': 'robust', 'imputer__knn_neighbors': 20, 'imputer__imputation_method': 'simple', 'encoder__method': 'freq'}",-2844.7530447138593,-2732.8963437655716,-2661.935614128365,-2746.528334202599,75.25479654226649,320,-2191.176044542247,-2161.3190053325734,-2117.5413924302243,-2156.678814101682,30.239753404077053
76,0,2000,0.6305383046468099,0.011699863952183599,0.1218263308207194,0.005569842227918376,model,7,rf,10,robust,"['car_age', 'mileage', 'tax', 'mpg']",2,"['car_age', 'mileage', 'engineSize']",z_score,70,"['tax', 'mpg']","['tax', 'mpg']",0.15,0.5,"RandomForestRegressor(max_depth=12, max_features='sqrt', min_samples_leaf=4,
                      min_samples_split=10, random_state=42)",standard,17,knn_modelwise,target,"{'selector__selection_method': 'model', 'selector__n_features_to_select': 7, 'selector__model_name': 'rf', 'selector__k': 10, 'scaler__scaler_name': 'robust', 'outlier_remover__z_columns': ['car_age', 'mileage', 'tax', 'mpg'], 'outlier_remover__threshold': 2, 'outlier_remover__sev_outliers_cols': ['car_age', 'mileage', 'engineSize'], 'outlier_remover__outlier_method': 'z_score', 'outlier_remover__n_neighbors': 70, 'outlier_remover__model_columns': ['tax', 'mpg'], 'outlier_remover__mod_outliers_cols': ['tax', 'mpg'], 'outlier_remover__contamination_LOF': 0.15, 'outlier_remover__contamination_IF': 0.5, 'model': RandomForestRegressor(max_depth=12, max_features='sqrt', min_samples_leaf=4,
                      min_samples_split=10, random_state=42), 'imputer__knn_scaling_method': 'standard', 'imputer__knn_neighbors': 17, 'imputer__imputation_method': 'knn_modelwise', 'encoder__method': 'target'}",-2537.161567558086,-2398.2126746622744,-2334.338287826923,-2423.237510015761,84.67192564472296,203,-1737.9337971500559,-1739.35913298041,-1720.3088181519515,-1732.5339160941392,8.664012170250881
77,0,2000,0.15547672907511392,0.013793443884165533,0.011571645736694336,0.0015547860457819928,kbest,5,rf,6,standard,"['car_age', 'mileage', 'tax', 'mpg']",3,"['car_age', 'mileage', 'engineSize']",Isolation_Forest,30,"['car_age', 'mileage', 'tax', 'mpg']","['car_age', 'mileage', 'tax', 'mpg']",0.05,0.3,"RandomForestRegressor(max_depth=12, max_features='sqrt', min_samples_leaf=4,
                      min_samples_split=10, random_state=42)",robust,11,simple,target,"{'selector__selection_method': 'kbest', 'selector__n_features_to_select': 5, 'selector__model_name': 'rf', 'selector__k': 6, 'scaler__scaler_name': 'standard', 'outlier_remover__z_columns': ['car_age', 'mileage', 'tax', 'mpg'], 'outlier_remover__threshold': 3, 'outlier_remover__sev_outliers_cols': ['car_age', 'mileage', 'engineSize'], 'outlier_remover__outlier_method': 'Isolation_Forest', 'outlier_remover__n_neighbors': 30, 'outlier_remover__model_columns': ['car_age', 'mileage', 'tax', 'mpg'], 'outlier_remover__mod_outliers_cols': ['car_age', 'mileage', 'tax', 'mpg'], 'outlier_remover__contamination_LOF': 0.05, 'outlier_remover__contamination_IF': 0.3, 'model': RandomForestRegressor(max_depth=12, max_features='sqrt', min_samples_leaf=4,
                      min_samples_split=10, random_state=42), 'imputer__knn_scaling_method': 'robust', 'imputer__knn_neighbors': 11, 'imputer__imputation_method': 'simple', 'encoder__method': 'target'}",-3361.106192550829,-3006.9428549674008,-3015.3350850063634,-3127.7947108415306,165.01170262398102,376,-2773.4490056268933,-2691.2697393156964,-2673.287771419562,-2712.6688387873837,43.60052983724968
78,0,2000,0.3625153700510661,0.0053171886096520975,0.01061860720316569,0.0003466065165050402,model,8,rf,6,robust,"['car_age', 'mileage', 'tax', 'mpg']",2,"['car_age', 'mileage']",LOF,100,"['car_age', 'mileage', 'tax', 'mpg', 'engineSize']","['car_age', 'mileage', 'tax', 'mpg']",0.3,0.5,"RandomForestRegressor(max_depth=12, max_features='sqrt', min_samples_leaf=4,
                      min_samples_split=10, random_state=42)",standard,18,iterative,target,"{'selector__selection_method': 'model', 'selector__n_features_to_select': 8, 'selector__model_name': 'rf', 'selector__k': 6, 'scaler__scaler_name': 'robust', 'outlier_remover__z_columns': ['car_age', 'mileage', 'tax', 'mpg'], 'outlier_remover__threshold': 2, 'outlier_remover__sev_outliers_cols': ['car_age', 'mileage'], 'outlier_remover__outlier_method': 'LOF', 'outlier_remover__n_neighbors': 100, 'outlier_remover__model_columns': ['car_age', 'mileage', 'tax', 'mpg', 'engineSize'], 'outlier_remover__mod_outliers_cols': ['car_age', 'mileage', 'tax', 'mpg'], 'outlier_remover__contamination_LOF': 0.3, 'outlier_remover__contamination_IF': 0.5, 'model': RandomForestRegressor(max_depth=12, max_features='sqrt', min_samples_leaf=4,
                      min_samples_split=10, random_state=42), 'imputer__knn_scaling_method': 'standard', 'imputer__knn_neighbors': 18, 'imputer__imputation_method': 'iterative', 'encoder__method': 'target'}",-2787.3730394085774,-2568.8959610097195,-2658.069827539105,-2671.4462759858006,89.6930152472328,288,-2187.5972926173845,-2191.2662805491095,-2215.7608869021196,-2198.2081533562045,12.50171213104311
79,0,2000,0.5488162835439047,0.004833575288255582,0.09178702036539714,0.006342566640092239,model,5,rf,6,standard,"['car_age', 'mileage', 'tax', 'mpg']",3,"['car_age', 'mileage']",IQR,90,"['car_age', 'mileage', 'tax', 'mpg']","['tax', 'mpg']",0.5,0.3,"RandomForestRegressor(max_depth=12, max_features='sqrt', min_samples_leaf=4,
                      min_samples_split=10, random_state=42)",robust,6,knn_modelwise,freq,"{'selector__selection_method': 'model', 'selector__n_features_to_select': 5, 'selector__model_name': 'rf', 'selector__k': 6, 'scaler__scaler_name': 'standard', 'outlier_remover__z_columns': ['car_age', 'mileage', 'tax', 'mpg'], 'outlier_remover__threshold': 3, 'outlier_remover__sev_outliers_cols': ['car_age', 'mileage'], 'outlier_remover__outlier_method': 'IQR', 'outlier_remover__n_neighbors': 90, 'outlier_remover__model_columns': ['car_age', 'mileage', 'tax', 'mpg'], 'outlier_remover__mod_outliers_cols': ['tax', 'mpg'], 'outlier_remover__contamination_LOF': 0.5, 'outlier_remover__contamination_IF': 0.3, 'model': RandomForestRegressor(max_depth=12, max_features='sqrt', min_samples_leaf=4,
                      min_samples_split=10, random_state=42), 'imputer__knn_scaling_method': 'robust', 'imputer__knn_neighbors': 6, 'imputer__imputation_method': 'knn_modelwise', 'encoder__method': 'freq'}",-2817.219452060486,-2666.5412563268505,-2583.1214865963207,-2688.9607316612196,96.87599982904842,304,-2152.5878495812544,-2073.65959300806,-2053.2007962581274,-2093.149412949147,42.85118748308328
80,0,2000,1.1764921347300212,0.04386726638731703,0.1402567227681478,0.03713938469919039,rfe,8,rf,6,standard,"['car_age', 'mileage', 'tax', 'mpg']",3,"['car_age', 'mileage', 'engineSize']",IQR,30,"['car_age', 'mileage', 'tax', 'mpg']","['car_age', 'mileage', 'tax', 'mpg']",0.05,0.15,"RandomForestRegressor(max_depth=12, max_features='sqrt', min_samples_leaf=4,
                      min_samples_split=10, random_state=42)",minmax,18,knn_modelwise,freq,"{'selector__selection_method': 'rfe', 'selector__n_features_to_select': 8, 'selector__model_name': 'rf', 'selector__k': 6, 'scaler__scaler_name': 'standard', 'outlier_remover__z_columns': ['car_age', 'mileage', 'tax', 'mpg'], 'outlier_remover__threshold': 3, 'outlier_remover__sev_outliers_cols': ['car_age', 'mileage', 'engineSize'], 'outlier_remover__outlier_method': 'IQR', 'outlier_remover__n_neighbors': 30, 'outlier_remover__model_columns': ['car_age', 'mileage', 'tax', 'mpg'], 'outlier_remover__mod_outliers_cols': ['car_age', 'mileage', 'tax', 'mpg'], 'outlier_remover__contamination_LOF': 0.05, 'outlier_remover__contamination_IF': 0.15, 'model': RandomForestRegressor(max_depth=12, max_features='sqrt', min_samples_leaf=4,
                      min_samples_split=10, random_state=42), 'imputer__knn_scaling_method': 'minmax', 'imputer__knn_neighbors': 18, 'imputer__imputation_method': 'knn_modelwise', 'encoder__method': 'freq'}",-2776.59895854409,-2633.432586646975,-2588.9078532881626,-2666.3131328264094,80.07428003981182,282,-2160.3603477824036,-2058.6321976845506,-2052.230333832705,-2090.40762643322,49.5330420582181
81,0,2000,0.35118675231933594,0.026766066795859703,0.011336008707682291,0.00189300952993502,rfe,10,rf,6,robust,"['car_age', 'mileage', 'tax', 'mpg']",2,"['car_age', 'mileage']",LOF,100,"['car_age', 'mileage', 'tax', 'mpg']","['car_age', 'mileage', 'tax', 'mpg']",0.3,0.15,"RandomForestRegressor(max_depth=12, max_features='sqrt', min_samples_leaf=4,
                      min_samples_split=10, random_state=42)",robust,6,simple,target,"{'selector__selection_method': 'rfe', 'selector__n_features_to_select': 10, 'selector__model_name': 'rf', 'selector__k': 6, 'scaler__scaler_name': 'robust', 'outlier_remover__z_columns': ['car_age', 'mileage', 'tax', 'mpg'], 'outlier_remover__threshold': 2, 'outlier_remover__sev_outliers_cols': ['car_age', 'mileage'], 'outlier_remover__outlier_method': 'LOF', 'outlier_remover__n_neighbors': 100, 'outlier_remover__model_columns': ['car_age', 'mileage', 'tax', 'mpg'], 'outlier_remover__mod_outliers_cols': ['car_age', 'mileage', 'tax', 'mpg'], 'outlier_remover__contamination_LOF': 0.3, 'outlier_remover__contamination_IF': 0.15, 'model': RandomForestRegressor(max_depth=12, max_features='sqrt', min_samples_leaf=4,
                      min_samples_split=10, random_state=42), 'imputer__knn_scaling_method': 'robust', 'imputer__knn_neighbors': 6, 'imputer__imputation_method': 'simple', 'encoder__method': 'target'}",-2838.8802312884764,-2626.7886114786934,-2631.9193778587064,-2699.1960735419584,98.79382279922527,310,-2184.155309180626,-2175.397405130491,-2120.9228343480686,-2160.1585162197284,27.973252340863226
82,0,2000,0.2855974038441976,0.02244101266522772,0.12525296211242676,0.025774488987421774,kbest,10,rf,5,standard,"['car_age', 'mileage', 'tax', 'mpg']",3,"['car_age', 'mileage', 'engineSize']",LOF,90,"['car_age', 'mileage', 'tax', 'mpg', 'engineSize']","['tax', 'mpg']",0.5,0.3,"RandomForestRegressor(max_depth=12, max_features='sqrt', min_samples_leaf=4,
                      min_samples_split=10, random_state=42)",minmax,18,knn_modelwise,freq,"{'selector__selection_method': 'kbest', 'selector__n_features_to_select': 10, 'selector__model_name': 'rf', 'selector__k': 5, 'scaler__scaler_name': 'standard', 'outlier_remover__z_columns': ['car_age', 'mileage', 'tax', 'mpg'], 'outlier_remover__threshold': 3, 'outlier_remover__sev_outliers_cols': ['car_age', 'mileage', 'engineSize'], 'outlier_remover__outlier_method': 'LOF', 'outlier_remover__n_neighbors': 90, 'outlier_remover__model_columns': ['car_age', 'mileage', 'tax', 'mpg', 'engineSize'], 'outlier_remover__mod_outliers_cols': ['tax', 'mpg'], 'outlier_remover__contamination_LOF': 0.5, 'outlier_remover__contamination_IF': 0.3, 'model': RandomForestRegressor(max_depth=12, max_features='sqrt', min_samples_leaf=4,
                      min_samples_split=10, random_state=42), 'imputer__knn_scaling_method': 'minmax', 'imputer__knn_neighbors': 18, 'imputer__imputation_method': 'knn_modelwise', 'encoder__method': 'freq'}",-3201.3943785432093,-3085.815874031339,-3047.312329770468,-3111.507527448339,65.47450002342286,374,-2941.7926075686664,-2772.570592590756,-2773.396088900395,-2829.253096353272,79.57816513545717
83,0,2000,1.4715312321980794,0.008386330300181866,0.010622501373291016,0.0002800232047671314,rfe,6,rf,6,minmax,"['car_age', 'mileage', 'tax', 'mpg']",2,"['car_age', 'mileage']",z_score,90,"['tax', 'mpg']","['car_age', 'mileage', 'tax', 'mpg']",0.5,0.3,"RandomForestRegressor(max_depth=12, max_features='sqrt', min_samples_leaf=4,
                      min_samples_split=10, random_state=42)",minmax,13,simple,target,"{'selector__selection_method': 'rfe', 'selector__n_features_to_select': 6, 'selector__model_name': 'rf', 'selector__k': 6, 'scaler__scaler_name': 'minmax', 'outlier_remover__z_columns': ['car_age', 'mileage', 'tax', 'mpg'], 'outlier_remover__threshold': 2, 'outlier_remover__sev_outliers_cols': ['car_age', 'mileage'], 'outlier_remover__outlier_method': 'z_score', 'outlier_remover__n_neighbors': 90, 'outlier_remover__model_columns': ['tax', 'mpg'], 'outlier_remover__mod_outliers_cols': ['car_age', 'mileage', 'tax', 'mpg'], 'outlier_remover__contamination_LOF': 0.5, 'outlier_remover__contamination_IF': 0.3, 'model': RandomForestRegressor(max_depth=12, max_features='sqrt', min_samples_leaf=4,
                      min_samples_split=10, random_state=42), 'imputer__knn_scaling_method': 'minmax', 'imputer__knn_neighbors': 13, 'imputer__imputation_method': 'simple', 'encoder__method': 'target'}",-2546.771500624394,-2460.4219026685023,-2369.1440177954,-2458.7791403627657,72.52541929115147,231,-1808.476041058061,-1862.9890133919064,-1805.9255347607188,-1825.7968630702287,26.319426345773532
84,0,2000,0.47433996200561523,0.008724256550611409,0.09349282582600911,0.007222084282835181,model,10,rf,5,robust,"['car_age', 'mileage', 'tax', 'mpg']",3,"['car_age', 'mileage']",LOF,30,"['tax', 'mpg']","['car_age', 'mileage', 'tax', 'mpg']",0.3,0.5,"RandomForestRegressor(max_depth=12, max_features='sqrt', min_samples_leaf=4,
                      min_samples_split=10, random_state=42)",robust,19,knn_modelwise,target,"{'selector__selection_method': 'model', 'selector__n_features_to_select': 10, 'selector__model_name': 'rf', 'selector__k': 5, 'scaler__scaler_name': 'robust', 'outlier_remover__z_columns': ['car_age', 'mileage', 'tax', 'mpg'], 'outlier_remover__threshold': 3, 'outlier_remover__sev_outliers_cols': ['car_age', 'mileage'], 'outlier_remover__outlier_method': 'LOF', 'outlier_remover__n_neighbors': 30, 'outlier_remover__model_columns': ['tax', 'mpg'], 'outlier_remover__mod_outliers_cols': ['car_age', 'mileage', 'tax', 'mpg'], 'outlier_remover__contamination_LOF': 0.3, 'outlier_remover__contamination_IF': 0.5, 'model': RandomForestRegressor(max_depth=12, max_features='sqrt', min_samples_leaf=4,
                      min_samples_split=10, random_state=42), 'imputer__knn_scaling_method': 'robust', 'imputer__knn_neighbors': 19, 'imputer__imputation_method': 'knn_modelwise', 'encoder__method': 'target'}",-2757.9698311660236,-2741.306254041523,-2626.683945905559,-2708.6533437043686,58.35897721442492,313,-2318.432146885724,-2314.8297114272846,-2272.7207687644304,-2301.994209025813,20.751628271224124
85,0,2000,0.45486903190612793,0.007389545089387062,0.010688304901123047,0.00018949833035072656,rfe,9,rf,10,minmax,"['car_age', 'mileage', 'tax', 'mpg']",3,"['car_age', 'mileage', 'engineSize']",LOF,50,"['car_age', 'mileage', 'tax', 'mpg', 'engineSize']","['tax', 'mpg']",0.5,0.05,"RandomForestRegressor(max_depth=12, max_features='sqrt', min_samples_leaf=4,
                      min_samples_split=10, random_state=42)",standard,6,iterative,freq,"{'selector__selection_method': 'rfe', 'selector__n_features_to_select': 9, 'selector__model_name': 'rf', 'selector__k': 10, 'scaler__scaler_name': 'minmax', 'outlier_remover__z_columns': ['car_age', 'mileage', 'tax', 'mpg'], 'outlier_remover__threshold': 3, 'outlier_remover__sev_outliers_cols': ['car_age', 'mileage', 'engineSize'], 'outlier_remover__outlier_method': 'LOF', 'outlier_remover__n_neighbors': 50, 'outlier_remover__model_columns': ['car_age', 'mileage', 'tax', 'mpg', 'engineSize'], 'outlier_remover__mod_outliers_cols': ['tax', 'mpg'], 'outlier_remover__contamination_LOF': 0.5, 'outlier_remover__contamination_IF': 0.05, 'model': RandomForestRegressor(max_depth=12, max_features='sqrt', min_samples_leaf=4,
                      min_samples_split=10, random_state=42), 'imputer__knn_scaling_method': 'standard', 'imputer__knn_neighbors': 6, 'imputer__imputation_method': 'iterative', 'encoder__method': 'freq'}",-3157.637384087838,-2890.853740640336,-2891.567553519484,-2980.0195594158863,125.59510636194875,361,-2613.739134132643,-2526.463736526967,-2542.8696817173723,-2561.0241841256607,37.87204972075162
86,0,2000,0.12324325243631999,0.006851782045410061,0.011083761850992838,0.000957833406687547,kbest,9,rf,9,standard,"['car_age', 'mileage', 'tax', 'mpg']",2,"['car_age', 'mileage', 'engineSize']",z_score,70,"['car_age', 'mileage', 'tax', 'mpg', 'engineSize']","['tax', 'mpg']",0.15,0.5,"RandomForestRegressor(max_depth=12, max_features='sqrt', min_samples_leaf=4,
                      min_samples_split=10, random_state=42)",minmax,15,simple,target,"{'selector__selection_method': 'kbest', 'selector__n_features_to_select': 9, 'selector__model_name': 'rf', 'selector__k': 9, 'scaler__scaler_name': 'standard', 'outlier_remover__z_columns': ['car_age', 'mileage', 'tax', 'mpg'], 'outlier_remover__threshold': 2, 'outlier_remover__sev_outliers_cols': ['car_age', 'mileage', 'engineSize'], 'outlier_remover__outlier_method': 'z_score', 'outlier_remover__n_neighbors': 70, 'outlier_remover__model_columns': ['car_age', 'mileage', 'tax', 'mpg', 'engineSize'], 'outlier_remover__mod_outliers_cols': ['tax', 'mpg'], 'outlier_remover__contamination_LOF': 0.15, 'outlier_remover__contamination_IF': 0.5, 'model': RandomForestRegressor(max_depth=12, max_features='sqrt', min_samples_leaf=4,
                      min_samples_split=10, random_state=42), 'imputer__knn_scaling_method': 'minmax', 'imputer__knn_neighbors': 15, 'imputer__imputation_method': 'simple', 'encoder__method': 'target'}",-2539.651359419729,-2387.1879699705455,-2295.6440724366994,-2407.494467275658,100.64510055903219,186,-1750.550847872344,-1769.4813265392308,-1727.6472538628002,-1749.2264760914584,17.1043440804712
87,0,2000,0.3849460283915202,0.0066736250306712805,0.010112285614013672,0.0005273541238541307,model,6,rf,10,standard,"['car_age', 'mileage', 'tax', 'mpg']",2,"['car_age', 'mileage']",LOF,30,"['tax', 'mpg']","['tax', 'mpg']",0.15,0.05,"RandomForestRegressor(max_depth=12, max_features='sqrt', min_samples_leaf=4,
                      min_samples_split=10, random_state=42)",standard,19,simple,target,"{'selector__selection_method': 'model', 'selector__n_features_to_select': 6, 'selector__model_name': 'rf', 'selector__k': 10, 'scaler__scaler_name': 'standard', 'outlier_remover__z_columns': ['car_age', 'mileage', 'tax', 'mpg'], 'outlier_remover__threshold': 2, 'outlier_remover__sev_outliers_cols': ['car_age', 'mileage'], 'outlier_remover__outlier_method': 'LOF', 'outlier_remover__n_neighbors': 30, 'outlier_remover__model_columns': ['tax', 'mpg'], 'outlier_remover__mod_outliers_cols': ['tax', 'mpg'], 'outlier_remover__contamination_LOF': 0.15, 'outlier_remover__contamination_IF': 0.05, 'model': RandomForestRegressor(max_depth=12, max_features='sqrt', min_samples_leaf=4,
                      min_samples_split=10, random_state=42), 'imputer__knn_scaling_method': 'standard', 'imputer__knn_neighbors': 19, 'imputer__imputation_method': 'simple', 'encoder__method': 'target'}",-2738.4286246864744,-2472.2241681532055,-2370.444576655392,-2527.032456498357,155.14729830031297,248,-2060.97732045338,-2028.5656717662246,-1939.264113725974,-2009.6023686485262,51.46669681659741
88,0,2000,0.43901928265889484,0.017621424186113174,0.011079788208007812,0.00037486836575019656,model,6,rf,7,minmax,"['car_age', 'mileage', 'tax', 'mpg']",2,"['car_age', 'mileage']",LOF,100,"['tax', 'mpg']","['car_age', 'mileage', 'tax', 'mpg']",0.05,0.15,"RandomForestRegressor(max_depth=12, max_features='sqrt', min_samples_leaf=4,
                      min_samples_split=10, random_state=42)",standard,20,iterative,freq,"{'selector__selection_method': 'model', 'selector__n_features_to_select': 6, 'selector__model_name': 'rf', 'selector__k': 7, 'scaler__scaler_name': 'minmax', 'outlier_remover__z_columns': ['car_age', 'mileage', 'tax', 'mpg'], 'outlier_remover__threshold': 2, 'outlier_remover__sev_outliers_cols': ['car_age', 'mileage'], 'outlier_remover__outlier_method': 'LOF', 'outlier_remover__n_neighbors': 100, 'outlier_remover__model_columns': ['tax', 'mpg'], 'outlier_remover__mod_outliers_cols': ['car_age', 'mileage', 'tax', 'mpg'], 'outlier_remover__contamination_LOF': 0.05, 'outlier_remover__contamination_IF': 0.15, 'model': RandomForestRegressor(max_depth=12, max_features='sqrt', min_samples_leaf=4,
                      min_samples_split=10, random_state=42), 'imputer__knn_scaling_method': 'standard', 'imputer__knn_neighbors': 20, 'imputer__imputation_method': 'iterative', 'encoder__method': 'freq'}",-2836.840895168886,-2679.3115347706794,-2602.50021758126,-2706.217549173609,97.54260095412977,312,-2194.913852789181,-2117.2278933887583,-2105.5824459754035,-2139.2413973844473,39.65241337302874
89,0,2000,1.282287836074829,0.017170171472349526,0.01224374771118164,0.0010017252619557544,rfe,7,rf,5,standard,"['car_age', 'mileage', 'tax', 'mpg']",2,"['car_age', 'mileage', 'engineSize']",IQR,30,"['car_age', 'mileage', 'tax', 'mpg', 'engineSize']","['tax', 'mpg']",0.3,0.3,"RandomForestRegressor(max_depth=12, max_features='sqrt', min_samples_leaf=4,
                      min_samples_split=10, random_state=42)",robust,15,iterative,target,"{'selector__selection_method': 'rfe', 'selector__n_features_to_select': 7, 'selector__model_name': 'rf', 'selector__k': 5, 'scaler__scaler_name': 'standard', 'outlier_remover__z_columns': ['car_age', 'mileage', 'tax', 'mpg'], 'outlier_remover__threshold': 2, 'outlier_remover__sev_outliers_cols': ['car_age', 'mileage', 'engineSize'], 'outlier_remover__outlier_method': 'IQR', 'outlier_remover__n_neighbors': 30, 'outlier_remover__model_columns': ['car_age', 'mileage', 'tax', 'mpg', 'engineSize'], 'outlier_remover__mod_outliers_cols': ['tax', 'mpg'], 'outlier_remover__contamination_LOF': 0.3, 'outlier_remover__contamination_IF': 0.3, 'model': RandomForestRegressor(max_depth=12, max_features='sqrt', min_samples_leaf=4,
                      min_samples_split=10, random_state=42), 'imputer__knn_scaling_method': 'robust', 'imputer__knn_neighbors': 15, 'imputer__imputation_method': 'iterative', 'encoder__method': 'target'}",-2588.038736111556,-2361.50236864509,-2398.625851096182,-2449.3889852842763,99.20468164582503,225,-1844.4511292140187,-1755.950602376311,-1795.5994603723261,-1798.667063987552,36.195243302521234
90,0,2000,0.6083840529123942,0.023296194231170717,0.10286863644917806,0.00458335516940686,model,8,rf,10,robust,"['car_age', 'mileage', 'tax', 'mpg']",3,"['car_age', 'mileage', 'engineSize']",z_score,100,"['car_age', 'mileage', 'tax', 'mpg']","['tax', 'mpg']",0.5,0.5,"RandomForestRegressor(max_depth=12, max_features='sqrt', min_samples_leaf=4,
                      min_samples_split=10, random_state=42)",robust,13,knn_modelwise,target,"{'selector__selection_method': 'model', 'selector__n_features_to_select': 8, 'selector__model_name': 'rf', 'selector__k': 10, 'scaler__scaler_name': 'robust', 'outlier_remover__z_columns': ['car_age', 'mileage', 'tax', 'mpg'], 'outlier_remover__threshold': 3, 'outlier_remover__sev_outliers_cols': ['car_age', 'mileage', 'engineSize'], 'outlier_remover__outlier_method': 'z_score', 'outlier_remover__n_neighbors': 100, 'outlier_remover__model_columns': ['car_age', 'mileage', 'tax', 'mpg'], 'outlier_remover__mod_outliers_cols': ['tax', 'mpg'], 'outlier_remover__contamination_LOF': 0.5, 'outlier_remover__contamination_IF': 0.5, 'model': RandomForestRegressor(max_depth=12, max_features='sqrt', min_samples_leaf=4,
                      min_samples_split=10, random_state=42), 'imputer__knn_scaling_method': 'robust', 'imputer__knn_neighbors': 13, 'imputer__imputation_method': 'knn_modelwise', 'encoder__method': 'target'}",-2563.7152036445864,-2388.2642037690302,-2293.0993264133494,-2415.0262446089887,112.08744614465878,194,-1761.1144628044021,-1739.6321962148088,-1724.5913262708648,-1741.779328430025,14.987606171413052
91,0,2000,1.7537649472554524,0.007405349018521788,0.11617000897725423,0.03368544892919843,rfe,6,rf,10,robust,"['car_age', 'mileage', 'tax', 'mpg']",2,"['car_age', 'mileage']",z_score,100,"['car_age', 'mileage', 'tax', 'mpg']","['car_age', 'mileage', 'tax', 'mpg']",0.3,0.15,"RandomForestRegressor(max_depth=12, max_features='sqrt', min_samples_leaf=4,
                      min_samples_split=10, random_state=42)",robust,17,knn_modelwise,target,"{'selector__selection_method': 'rfe', 'selector__n_features_to_select': 6, 'selector__model_name': 'rf', 'selector__k': 10, 'scaler__scaler_name': 'robust', 'outlier_remover__z_columns': ['car_age', 'mileage', 'tax', 'mpg'], 'outlier_remover__threshold': 2, 'outlier_remover__sev_outliers_cols': ['car_age', 'mileage'], 'outlier_remover__outlier_method': 'z_score', 'outlier_remover__n_neighbors': 100, 'outlier_remover__model_columns': ['car_age', 'mileage', 'tax', 'mpg'], 'outlier_remover__mod_outliers_cols': ['car_age', 'mileage', 'tax', 'mpg'], 'outlier_remover__contamination_LOF': 0.3, 'outlier_remover__contamination_IF': 0.15, 'model': RandomForestRegressor(max_depth=12, max_features='sqrt', min_samples_leaf=4,
                      min_samples_split=10, random_state=42), 'imputer__knn_scaling_method': 'robust', 'imputer__knn_neighbors': 17, 'imputer__imputation_method': 'knn_modelwise', 'encoder__method': 'target'}",-2476.8967770961954,-2454.1452579422157,-2380.6259910436556,-2437.2226753606888,41.083625389481846,223,-1790.726048627917,-1829.0485807772613,-1775.477412004501,-1798.41734713656,22.536408845564853
92,0,2000,1.314671277999878,0.03809301538094513,0.012307008107503256,0.0010054654006074462,rfe,7,rf,7,standard,"['car_age', 'mileage', 'tax', 'mpg']",3,"['car_age', 'mileage']",z_score,100,"['tax', 'mpg']","['car_age', 'mileage', 'tax', 'mpg']",0.15,0.05,"RandomForestRegressor(max_depth=12, max_features='sqrt', min_samples_leaf=4,
                      min_samples_split=10, random_state=42)",minmax,8,iterative,freq,"{'selector__selection_method': 'rfe', 'selector__n_features_to_select': 7, 'selector__model_name': 'rf', 'selector__k': 7, 'scaler__scaler_name': 'standard', 'outlier_remover__z_columns': ['car_age', 'mileage', 'tax', 'mpg'], 'outlier_remover__threshold': 3, 'outlier_remover__sev_outliers_cols': ['car_age', 'mileage'], 'outlier_remover__outlier_method': 'z_score', 'outlier_remover__n_neighbors': 100, 'outlier_remover__model_columns': ['tax', 'mpg'], 'outlier_remover__mod_outliers_cols': ['car_age', 'mileage', 'tax', 'mpg'], 'outlier_remover__contamination_LOF': 0.15, 'outlier_remover__contamination_IF': 0.05, 'model': RandomForestRegressor(max_depth=12, max_features='sqrt', min_samples_leaf=4,
                      min_samples_split=10, random_state=42), 'imputer__knn_scaling_method': 'minmax', 'imputer__knn_neighbors': 8, 'imputer__imputation_method': 'iterative', 'encoder__method': 'freq'}",-2749.065359464252,-2631.9266614118333,-2534.128028064042,-2638.373349646709,87.86612524843005,271,-2063.7481444834402,-2060.3252955468797,-2025.5467670620512,-2049.8734023641236,17.258193465726322
93,0,2000,0.4641879399617513,0.014114638169033201,0.010004679361979166,0.00020767287742087958,model,5,rf,6,minmax,"['car_age', 'mileage', 'tax', 'mpg']",2,"['car_age', 'mileage']",Isolation_Forest,30,"['tax', 'mpg']","['car_age', 'mileage', 'tax', 'mpg']",0.15,0.05,"RandomForestRegressor(max_depth=12, max_features='sqrt', min_samples_leaf=4,
                      min_samples_split=10, random_state=42)",standard,14,simple,target,"{'selector__selection_method': 'model', 'selector__n_features_to_select': 5, 'selector__model_name': 'rf', 'selector__k': 6, 'scaler__scaler_name': 'minmax', 'outlier_remover__z_columns': ['car_age', 'mileage', 'tax', 'mpg'], 'outlier_remover__threshold': 2, 'outlier_remover__sev_outliers_cols': ['car_age', 'mileage'], 'outlier_remover__outlier_method': 'Isolation_Forest', 'outlier_remover__n_neighbors': 30, 'outlier_remover__model_columns': ['tax', 'mpg'], 'outlier_remover__mod_outliers_cols': ['car_age', 'mileage', 'tax', 'mpg'], 'outlier_remover__contamination_LOF': 0.15, 'outlier_remover__contamination_IF': 0.05, 'model': RandomForestRegressor(max_depth=12, max_features='sqrt', min_samples_leaf=4,
                      min_samples_split=10, random_state=42), 'imputer__knn_scaling_method': 'standard', 'imputer__knn_neighbors': 14, 'imputer__imputation_method': 'simple', 'encoder__method': 'target'}",-2581.996058895934,-2528.600837155859,-2398.5358037800297,-2503.044233277274,77.0466149079172,241,-1931.3127511999307,-1943.8193449434575,-1935.2206526063515,-1936.7842495832465,5.224132999584548
94,0,2000,0.5408213138580322,0.005381809540073722,0.10612869262695312,0.014953764425903822,model,9,rf,10,minmax,"['car_age', 'mileage', 'tax', 'mpg']",3,"['car_age', 'mileage', 'engineSize']",Isolation_Forest,30,"['tax', 'mpg']","['tax', 'mpg']",0.05,0.3,"RandomForestRegressor(max_depth=12, max_features='sqrt', min_samples_leaf=4,
                      min_samples_split=10, random_state=42)",standard,8,knn_modelwise,target,"{'selector__selection_method': 'model', 'selector__n_features_to_select': 9, 'selector__model_name': 'rf', 'selector__k': 10, 'scaler__scaler_name': 'minmax', 'outlier_remover__z_columns': ['car_age', 'mileage', 'tax', 'mpg'], 'outlier_remover__threshold': 3, 'outlier_remover__sev_outliers_cols': ['car_age', 'mileage', 'engineSize'], 'outlier_remover__outlier_method': 'Isolation_Forest', 'outlier_remover__n_neighbors': 30, 'outlier_remover__model_columns': ['tax', 'mpg'], 'outlier_remover__mod_outliers_cols': ['tax', 'mpg'], 'outlier_remover__contamination_LOF': 0.05, 'outlier_remover__contamination_IF': 0.3, 'model': RandomForestRegressor(max_depth=12, max_features='sqrt', min_samples_leaf=4,
                      min_samples_split=10, random_state=42), 'imputer__knn_scaling_method': 'standard', 'imputer__knn_neighbors': 8, 'imputer__imputation_method': 'knn_modelwise', 'encoder__method': 'target'}",-2723.871185354657,-2596.0275856709986,-2589.330473050044,-2636.409748025233,61.90498145901226,269,-2233.231715619978,-2155.688948311001,-2303.0453792988446,-2230.6553477432744,60.18558903893788
95,0,2000,0.8467926184336344,0.028211933894972056,0.09592604637145996,0.006780667062862979,rfe,9,rf,7,robust,"['car_age', 'mileage', 'tax', 'mpg']",3,"['car_age', 'mileage']",Isolation_Forest,30,"['car_age', 'mileage', 'tax', 'mpg', 'engineSize']","['tax', 'mpg']",0.05,0.15,"RandomForestRegressor(max_depth=12, max_features='sqrt', min_samples_leaf=4,
                      min_samples_split=10, random_state=42)",standard,13,knn_modelwise,target,"{'selector__selection_method': 'rfe', 'selector__n_features_to_select': 9, 'selector__model_name': 'rf', 'selector__k': 7, 'scaler__scaler_name': 'robust', 'outlier_remover__z_columns': ['car_age', 'mileage', 'tax', 'mpg'], 'outlier_remover__threshold': 3, 'outlier_remover__sev_outliers_cols': ['car_age', 'mileage'], 'outlier_remover__outlier_method': 'Isolation_Forest', 'outlier_remover__n_neighbors': 30, 'outlier_remover__model_columns': ['car_age', 'mileage', 'tax', 'mpg', 'engineSize'], 'outlier_remover__mod_outliers_cols': ['tax', 'mpg'], 'outlier_remover__contamination_LOF': 0.05, 'outlier_remover__contamination_IF': 0.15, 'model': RandomForestRegressor(max_depth=12, max_features='sqrt', min_samples_leaf=4,
                      min_samples_split=10, random_state=42), 'imputer__knn_scaling_method': 'standard', 'imputer__knn_neighbors': 13, 'imputer__imputation_method': 'knn_modelwise', 'encoder__method': 'target'}",-2729.522922327193,-2579.7478884686216,-2576.9548538309414,-2628.7418882089187,71.27207442415491,263,-2235.766812540866,-2134.54806580066,-2187.1968274500314,-2185.837235263852,41.33356215876734
96,0,2000,0.7239623069763184,0.008346369602551598,0.01048429807027181,0.00036858527044386305,rfe,7,rf,6,minmax,"['car_age', 'mileage', 'tax', 'mpg']",3,"['car_age', 'mileage', 'engineSize']",Isolation_Forest,30,"['car_age', 'mileage', 'tax', 'mpg', 'engineSize']","['tax', 'mpg']",0.5,0.5,"RandomForestRegressor(max_depth=12, max_features='sqrt', min_samples_leaf=4,
                      min_samples_split=10, random_state=42)",minmax,10,iterative,target,"{'selector__selection_method': 'rfe', 'selector__n_features_to_select': 7, 'selector__model_name': 'rf', 'selector__k': 6, 'scaler__scaler_name': 'minmax', 'outlier_remover__z_columns': ['car_age', 'mileage', 'tax', 'mpg'], 'outlier_remover__threshold': 3, 'outlier_remover__sev_outliers_cols': ['car_age', 'mileage', 'engineSize'], 'outlier_remover__outlier_method': 'Isolation_Forest', 'outlier_remover__n_neighbors': 30, 'outlier_remover__model_columns': ['car_age', 'mileage', 'tax', 'mpg', 'engineSize'], 'outlier_remover__mod_outliers_cols': ['tax', 'mpg'], 'outlier_remover__contamination_LOF': 0.5, 'outlier_remover__contamination_IF': 0.5, 'model': RandomForestRegressor(max_depth=12, max_features='sqrt', min_samples_leaf=4,
                      min_samples_split=10, random_state=42), 'imputer__knn_scaling_method': 'minmax', 'imputer__knn_neighbors': 10, 'imputer__imputation_method': 'iterative', 'encoder__method': 'target'}",-3640.0776981108447,-3463.7007472709015,-3551.705098615818,-3551.8278479991877,72.00564097095577,386,-3316.5904678955535,-3330.8593324234093,-3415.2796161470787,-3354.243138822014,43.55065094743855
97,0,2000,1.74229900042216,0.026145556383106224,0.010272741317749023,0.00010451131286398882,rfe,5,rf,7,standard,"['car_age', 'mileage', 'tax', 'mpg']",3,"['car_age', 'mileage', 'engineSize']",IQR,30,"['tax', 'mpg']","['tax', 'mpg']",0.15,0.15,"RandomForestRegressor(max_depth=12, max_features='sqrt', min_samples_leaf=4,
                      min_samples_split=10, random_state=42)",standard,12,simple,target,"{'selector__selection_method': 'rfe', 'selector__n_features_to_select': 5, 'selector__model_name': 'rf', 'selector__k': 7, 'scaler__scaler_name': 'standard', 'outlier_remover__z_columns': ['car_age', 'mileage', 'tax', 'mpg'], 'outlier_remover__threshold': 3, 'outlier_remover__sev_outliers_cols': ['car_age', 'mileage', 'engineSize'], 'outlier_remover__outlier_method': 'IQR', 'outlier_remover__n_neighbors': 30, 'outlier_remover__model_columns': ['tax', 'mpg'], 'outlier_remover__mod_outliers_cols': ['tax', 'mpg'], 'outlier_remover__contamination_LOF': 0.15, 'outlier_remover__contamination_IF': 0.15, 'model': RandomForestRegressor(max_depth=12, max_features='sqrt', min_samples_leaf=4,
                      min_samples_split=10, random_state=42), 'imputer__knn_scaling_method': 'standard', 'imputer__knn_neighbors': 12, 'imputer__imputation_method': 'simple', 'encoder__method': 'target'}",-2618.0809053961234,-2596.596144251028,-2477.0846264224974,-2563.920558689883,62.02557585343281,255,-1839.9305067443927,-1906.7990545037253,-1841.9932401706446,-1862.9076004729206,31.047367252856375
98,0,2000,0.250900665918986,0.004246111931455238,0.1001139481862386,0.008334268838702343,kbest,7,rf,8,robust,"['car_age', 'mileage', 'tax', 'mpg']",3,"['car_age', 'mileage', 'engineSize']",IQR,70,"['car_age', 'mileage', 'tax', 'mpg', 'engineSize']","['car_age', 'mileage', 'tax', 'mpg']",0.5,0.3,"RandomForestRegressor(max_depth=12, max_features='sqrt', min_samples_leaf=4,
                      min_samples_split=10, random_state=42)",standard,17,knn_modelwise,target,"{'selector__selection_method': 'kbest', 'selector__n_features_to_select': 7, 'selector__model_name': 'rf', 'selector__k': 8, 'scaler__scaler_name': 'robust', 'outlier_remover__z_columns': ['car_age', 'mileage', 'tax', 'mpg'], 'outlier_remover__threshold': 3, 'outlier_remover__sev_outliers_cols': ['car_age', 'mileage', 'engineSize'], 'outlier_remover__outlier_method': 'IQR', 'outlier_remover__n_neighbors': 70, 'outlier_remover__model_columns': ['car_age', 'mileage', 'tax', 'mpg', 'engineSize'], 'outlier_remover__mod_outliers_cols': ['car_age', 'mileage', 'tax', 'mpg'], 'outlier_remover__contamination_LOF': 0.5, 'outlier_remover__contamination_IF': 0.3, 'model': RandomForestRegressor(max_depth=12, max_features='sqrt', min_samples_leaf=4,
                      min_samples_split=10, random_state=42), 'imputer__knn_scaling_method': 'standard', 'imputer__knn_neighbors': 17, 'imputer__imputation_method': 'knn_modelwise', 'encoder__method': 'target'}",-2570.1457980910704,-2346.546793410119,-2290.3982867541904,-2402.3636260851267,120.83406427051607,180,-1834.434518933698,-1803.2696162842637,-1791.0207471622325,-1809.5749607933983,18.275793131724374
99,0,2000,1.4603700637817383,0.03276397407635421,0.1096189816792806,0.012477275688882735,rfe,5,rf,7,robust,"['car_age', 'mileage', 'tax', 'mpg']",3,"['car_age', 'mileage', 'engineSize']",LOF,90,"['car_age', 'mileage', 'tax', 'mpg']","['car_age', 'mileage', 'tax', 'mpg']",0.3,0.5,"RandomForestRegressor(max_depth=12, max_features='sqrt', min_samples_leaf=4,
                      min_samples_split=10, random_state=42)",robust,17,knn_modelwise,freq,"{'selector__selection_method': 'rfe', 'selector__n_features_to_select': 5, 'selector__model_name': 'rf', 'selector__k': 7, 'scaler__scaler_name': 'robust', 'outlier_remover__z_columns': ['car_age', 'mileage', 'tax', 'mpg'], 'outlier_remover__threshold': 3, 'outlier_remover__sev_outliers_cols': ['car_age', 'mileage', 'engineSize'], 'outlier_remover__outlier_method': 'LOF', 'outlier_remover__n_neighbors': 90, 'outlier_remover__model_columns': ['car_age', 'mileage', 'tax', 'mpg'], 'outlier_remover__mod_outliers_cols': ['car_age', 'mileage', 'tax', 'mpg'], 'outlier_remover__contamination_LOF': 0.3, 'outlier_remover__contamination_IF': 0.5, 'model': RandomForestRegressor(max_depth=12, max_features='sqrt', min_samples_leaf=4,
                      min_samples_split=10, random_state=42), 'imputer__knn_scaling_method': 'robust', 'imputer__knn_neighbors': 17, 'imputer__imputation_method': 'knn_modelwise', 'encoder__method': 'freq'}",-3191.6624302529826,-3071.884626161436,-2977.1198489305043,-3080.222301781641,87.78484085607218,369,-2652.988712621717,-2574.830313102041,-2544.7595093013647,-2590.8595116750407,45.614994011538364
100,0,2000,0.1448181470235189,0.022952779210909262,0.01110386848449707,0.0004345188034022965,kbest,9,rf,7,robust,"['car_age', 'mileage', 'tax', 'mpg']",3,"['car_age', 'mileage', 'engineSize']",LOF,50,"['car_age', 'mileage', 'tax', 'mpg', 'engineSize']","['tax', 'mpg']",0.05,0.5,"RandomForestRegressor(max_depth=12, max_features='sqrt', min_samples_leaf=4,
                      min_samples_split=10, random_state=42)",minmax,15,iterative,target,"{'selector__selection_method': 'kbest', 'selector__n_features_to_select': 9, 'selector__model_name': 'rf', 'selector__k': 7, 'scaler__scaler_name': 'robust', 'outlier_remover__z_columns': ['car_age', 'mileage', 'tax', 'mpg'], 'outlier_remover__threshold': 3, 'outlier_remover__sev_outliers_cols': ['car_age', 'mileage', 'engineSize'], 'outlier_remover__outlier_method': 'LOF', 'outlier_remover__n_neighbors': 50, 'outlier_remover__model_columns': ['car_age', 'mileage', 'tax', 'mpg', 'engineSize'], 'outlier_remover__mod_outliers_cols': ['tax', 'mpg'], 'outlier_remover__contamination_LOF': 0.05, 'outlier_remover__contamination_IF': 0.5, 'model': RandomForestRegressor(max_depth=12, max_features='sqrt', min_samples_leaf=4,
                      min_samples_split=10, random_state=42), 'imputer__knn_scaling_method': 'minmax', 'imputer__knn_neighbors': 15, 'imputer__imputation_method': 'iterative', 'encoder__method': 'target'}",-2584.6084279557103,-2434.702928490611,-2423.084996842373,-2480.7987844295653,73.55757677137382,234,-2034.7240379620068,-1840.1617173803195,-1922.0844873801002,-1932.323414240809,79.75901564494981
101,0,2000,1.0853923161824544,0.01826937715795698,0.0909880797068278,0.006775721864575095,rfe,5,rf,7,minmax,"['car_age', 'mileage', 'tax', 'mpg']",3,"['car_age', 'mileage', 'engineSize']",LOF,100,"['car_age', 'mileage', 'tax', 'mpg', 'engineSize']","['car_age', 'mileage', 'tax', 'mpg']",0.5,0.05,"RandomForestRegressor(max_depth=12, max_features='sqrt', min_samples_leaf=4,
                      min_samples_split=10, random_state=42)",minmax,19,knn_modelwise,freq,"{'selector__selection_method': 'rfe', 'selector__n_features_to_select': 5, 'selector__model_name': 'rf', 'selector__k': 7, 'scaler__scaler_name': 'minmax', 'outlier_remover__z_columns': ['car_age', 'mileage', 'tax', 'mpg'], 'outlier_remover__threshold': 3, 'outlier_remover__sev_outliers_cols': ['car_age', 'mileage', 'engineSize'], 'outlier_remover__outlier_method': 'LOF', 'outlier_remover__n_neighbors': 100, 'outlier_remover__model_columns': ['car_age', 'mileage', 'tax', 'mpg', 'engineSize'], 'outlier_remover__mod_outliers_cols': ['car_age', 'mileage', 'tax', 'mpg'], 'outlier_remover__contamination_LOF': 0.5, 'outlier_remover__contamination_IF': 0.05, 'model': RandomForestRegressor(max_depth=12, max_features='sqrt', min_samples_leaf=4,
                      min_samples_split=10, random_state=42), 'imputer__knn_scaling_method': 'minmax', 'imputer__knn_neighbors': 19, 'imputer__imputation_method': 'knn_modelwise', 'encoder__method': 'freq'}",-3282.021060392409,-3120.2315183258056,-3053.4749108595356,-3151.9091631925835,95.9546438160755,378,-2876.8483557701356,-2855.004190527644,-2789.757587917099,-2840.53671140496,36.9971298475243
102,0,2000,0.9942646821339926,0.009184333652123938,0.011205673217773438,0.0001919251297731553,rfe,8,rf,10,standard,"['car_age', 'mileage', 'tax', 'mpg']",3,"['car_age', 'mileage']",z_score,70,"['car_age', 'mileage', 'tax', 'mpg']","['car_age', 'mileage', 'tax', 'mpg']",0.05,0.5,"RandomForestRegressor(max_depth=12, max_features='sqrt', min_samples_leaf=4,
                      min_samples_split=10, random_state=42)",robust,11,iterative,freq,"{'selector__selection_method': 'rfe', 'selector__n_features_to_select': 8, 'selector__model_name': 'rf', 'selector__k': 10, 'scaler__scaler_name': 'standard', 'outlier_remover__z_columns': ['car_age', 'mileage', 'tax', 'mpg'], 'outlier_remover__threshold': 3, 'outlier_remover__sev_outliers_cols': ['car_age', 'mileage'], 'outlier_remover__outlier_method': 'z_score', 'outlier_remover__n_neighbors': 70, 'outlier_remover__model_columns': ['car_age', 'mileage', 'tax', 'mpg'], 'outlier_remover__mod_outliers_cols': ['car_age', 'mileage', 'tax', 'mpg'], 'outlier_remover__contamination_LOF': 0.05, 'outlier_remover__contamination_IF': 0.5, 'model': RandomForestRegressor(max_depth=12, max_features='sqrt', min_samples_leaf=4,
                      min_samples_split=10, random_state=42), 'imputer__knn_scaling_method': 'robust', 'imputer__knn_neighbors': 11, 'imputer__imputation_method': 'iterative', 'encoder__method': 'freq'}",-2837.936013380277,-2651.3592504172734,-2590.335688687555,-2693.2103174950353,105.32525515008524,306,-2145.313671713772,-2077.7473234629833,-2081.856606934829,-2101.639200703861,30.92804677699111
103,0,2000,0.1261134147644043,0.0010267548818581034,0.009071032206217447,0.00010813981559093774,kbest,7,rf,8,minmax,"['car_age', 'mileage', 'tax', 'mpg']",2,"['car_age', 'mileage', 'engineSize']",Isolation_Forest,90,"['car_age', 'mileage', 'tax', 'mpg', 'engineSize']","['tax', 'mpg']",0.5,0.5,"RandomForestRegressor(max_depth=12, max_features='sqrt', min_samples_leaf=4,
                      min_samples_split=10, random_state=42)",minmax,7,simple,freq,"{'selector__selection_method': 'kbest', 'selector__n_features_to_select': 7, 'selector__model_name': 'rf', 'selector__k': 8, 'scaler__scaler_name': 'minmax', 'outlier_remover__z_columns': ['car_age', 'mileage', 'tax', 'mpg'], 'outlier_remover__threshold': 2, 'outlier_remover__sev_outliers_cols': ['car_age', 'mileage', 'engineSize'], 'outlier_remover__outlier_method': 'Isolation_Forest', 'outlier_remover__n_neighbors': 90, 'outlier_remover__model_columns': ['car_age', 'mileage', 'tax', 'mpg', 'engineSize'], 'outlier_remover__mod_outliers_cols': ['tax', 'mpg'], 'outlier_remover__contamination_LOF': 0.5, 'outlier_remover__contamination_IF': 0.5, 'model': RandomForestRegressor(max_depth=12, max_features='sqrt', min_samples_leaf=4,
                      min_samples_split=10, random_state=42), 'imputer__knn_scaling_method': 'minmax', 'imputer__knn_neighbors': 7, 'imputer__imputation_method': 'simple', 'encoder__method': 'freq'}",-3848.0538374501457,-3899.4402810029646,-3754.1403255108494,-3833.8781479879867,60.15940987796975,395,-3670.802135407367,-3725.4849219407947,-3668.3786741355007,-3688.2219104945543,26.36749650189351
104,0,2000,0.43295764923095703,0.0057022388224586065,0.011193990707397461,0.0003714087043405858,model,9,rf,10,robust,"['car_age', 'mileage', 'tax', 'mpg']",3,"['car_age', 'mileage', 'engineSize']",z_score,100,"['tax', 'mpg']","['tax', 'mpg']",0.5,0.3,"RandomForestRegressor(max_depth=12, max_features='sqrt', min_samples_leaf=4,
                      min_samples_split=10, random_state=42)",robust,19,iterative,freq,"{'selector__selection_method': 'model', 'selector__n_features_to_select': 9, 'selector__model_name': 'rf', 'selector__k': 10, 'scaler__scaler_name': 'robust', 'outlier_remover__z_columns': ['car_age', 'mileage', 'tax', 'mpg'], 'outlier_remover__threshold': 3, 'outlier_remover__sev_outliers_cols': ['car_age', 'mileage', 'engineSize'], 'outlier_remover__outlier_method': 'z_score', 'outlier_remover__n_neighbors': 100, 'outlier_remover__model_columns': ['tax', 'mpg'], 'outlier_remover__mod_outliers_cols': ['tax', 'mpg'], 'outlier_remover__contamination_LOF': 0.5, 'outlier_remover__contamination_IF': 0.3, 'model': RandomForestRegressor(max_depth=12, max_features='sqrt', min_samples_leaf=4,
                      min_samples_split=10, random_state=42), 'imputer__knn_scaling_method': 'robust', 'imputer__knn_neighbors': 19, 'imputer__imputation_method': 'iterative', 'encoder__method': 'freq'}",-2805.7069865491526,-2654.13291303579,-2564.18403517457,-2674.6746449198376,99.66546065636888,292,-2048.2761656366215,-2010.6943490476008,-1976.8968587269817,-2011.9557911370682,29.15412824780221
105,0,2000,1.1785670916239421,0.0012186305128137512,0.010457833607991537,0.0005765881231407771,rfe,7,rf,6,robust,"['car_age', 'mileage', 'tax', 'mpg']",3,"['car_age', 'mileage']",IQR,50,"['tax', 'mpg']","['tax', 'mpg']",0.5,0.05,"RandomForestRegressor(max_depth=12, max_features='sqrt', min_samples_leaf=4,
                      min_samples_split=10, random_state=42)",standard,6,simple,freq,"{'selector__selection_method': 'rfe', 'selector__n_features_to_select': 7, 'selector__model_name': 'rf', 'selector__k': 6, 'scaler__scaler_name': 'robust', 'outlier_remover__z_columns': ['car_age', 'mileage', 'tax', 'mpg'], 'outlier_remover__threshold': 3, 'outlier_remover__sev_outliers_cols': ['car_age', 'mileage'], 'outlier_remover__outlier_method': 'IQR', 'outlier_remover__n_neighbors': 50, 'outlier_remover__model_columns': ['tax', 'mpg'], 'outlier_remover__mod_outliers_cols': ['tax', 'mpg'], 'outlier_remover__contamination_LOF': 0.5, 'outlier_remover__contamination_IF': 0.05, 'model': RandomForestRegressor(max_depth=12, max_features='sqrt', min_samples_leaf=4,
                      min_samples_split=10, random_state=42), 'imputer__knn_scaling_method': 'standard', 'imputer__knn_neighbors': 6, 'imputer__imputation_method': 'simple', 'encoder__method': 'freq'}",-2727.498770463248,-2653.612874347092,-2585.4133166509328,-2655.508320487091,58.02162575750026,275,-2103.96625533979,-2090.189499063172,-2071.5747204619697,-2088.576824954977,13.272865083060678
106,0,2000,0.6640015443166097,0.0033699167287128858,0.10310673713684082,0.005784921707179074,rfe,9,rf,8,minmax,"['car_age', 'mileage', 'tax', 'mpg']",2,"['car_age', 'mileage']",LOF,70,"['car_age', 'mileage', 'tax', 'mpg']","['tax', 'mpg']",0.3,0.3,"RandomForestRegressor(max_depth=12, max_features='sqrt', min_samples_leaf=4,
                      min_samples_split=10, random_state=42)",minmax,14,knn_modelwise,freq,"{'selector__selection_method': 'rfe', 'selector__n_features_to_select': 9, 'selector__model_name': 'rf', 'selector__k': 8, 'scaler__scaler_name': 'minmax', 'outlier_remover__z_columns': ['car_age', 'mileage', 'tax', 'mpg'], 'outlier_remover__threshold': 2, 'outlier_remover__sev_outliers_cols': ['car_age', 'mileage'], 'outlier_remover__outlier_method': 'LOF', 'outlier_remover__n_neighbors': 70, 'outlier_remover__model_columns': ['car_age', 'mileage', 'tax', 'mpg'], 'outlier_remover__mod_outliers_cols': ['tax', 'mpg'], 'outlier_remover__contamination_LOF': 0.3, 'outlier_remover__contamination_IF': 0.3, 'model': RandomForestRegressor(max_depth=12, max_features='sqrt', min_samples_leaf=4,
                      min_samples_split=10, random_state=42), 'imputer__knn_scaling_method': 'minmax', 'imputer__knn_neighbors': 14, 'imputer__imputation_method': 'knn_modelwise', 'encoder__method': 'freq'}",-2985.514359516583,-2790.9400245362135,-2770.525380036926,-2848.9932546965742,96.89409501603622,335,-2405.178057206934,-2286.977251472117,-2294.272644179895,-2328.809317619649,54.08292385034385
107,0,2000,0.5719821453094482,0.03925157779070019,0.009175300598144531,0.0002026480317967341,rfe,8,rf,7,standard,"['car_age', 'mileage', 'tax', 'mpg']",2,"['car_age', 'mileage', 'engineSize']",Isolation_Forest,90,"['tax', 'mpg']","['car_age', 'mileage', 'tax', 'mpg']",0.15,0.5,"RandomForestRegressor(max_depth=12, max_features='sqrt', min_samples_leaf=4,
                      min_samples_split=10, random_state=42)",robust,11,simple,freq,"{'selector__selection_method': 'rfe', 'selector__n_features_to_select': 8, 'selector__model_name': 'rf', 'selector__k': 7, 'scaler__scaler_name': 'standard', 'outlier_remover__z_columns': ['car_age', 'mileage', 'tax', 'mpg'], 'outlier_remover__threshold': 2, 'outlier_remover__sev_outliers_cols': ['car_age', 'mileage', 'engineSize'], 'outlier_remover__outlier_method': 'Isolation_Forest', 'outlier_remover__n_neighbors': 90, 'outlier_remover__model_columns': ['tax', 'mpg'], 'outlier_remover__mod_outliers_cols': ['car_age', 'mileage', 'tax', 'mpg'], 'outlier_remover__contamination_LOF': 0.15, 'outlier_remover__contamination_IF': 0.5, 'model': RandomForestRegressor(max_depth=12, max_features='sqrt', min_samples_leaf=4,
                      min_samples_split=10, random_state=42), 'imputer__knn_scaling_method': 'robust', 'imputer__knn_neighbors': 11, 'imputer__imputation_method': 'simple', 'encoder__method': 'freq'}",-3293.743527850499,-3242.9644755587274,-3210.3011403966334,-3249.0030479352868,34.33177608048135,380,-3071.926214746339,-2972.6484102902064,-3057.9409122926922,-3034.1718457764127,43.87669849855031
108,0,2000,0.12805469830830893,0.01633755239785836,0.017329295476277668,0.0024310169122673444,kbest,8,rf,5,robust,"['car_age', 'mileage', 'tax', 'mpg']",2,"['car_age', 'mileage']",LOF,100,"['tax', 'mpg']","['car_age', 'mileage', 'tax', 'mpg']",0.3,0.3,"RandomForestRegressor(max_depth=12, max_features='sqrt', min_samples_leaf=4,
                      min_samples_split=10, random_state=42)",minmax,19,iterative,target,"{'selector__selection_method': 'kbest', 'selector__n_features_to_select': 8, 'selector__model_name': 'rf', 'selector__k': 5, 'scaler__scaler_name': 'robust', 'outlier_remover__z_columns': ['car_age', 'mileage', 'tax', 'mpg'], 'outlier_remover__threshold': 2, 'outlier_remover__sev_outliers_cols': ['car_age', 'mileage'], 'outlier_remover__outlier_method': 'LOF', 'outlier_remover__n_neighbors': 100, 'outlier_remover__model_columns': ['tax', 'mpg'], 'outlier_remover__mod_outliers_cols': ['car_age', 'mileage', 'tax', 'mpg'], 'outlier_remover__contamination_LOF': 0.3, 'outlier_remover__contamination_IF': 0.3, 'model': RandomForestRegressor(max_depth=12, max_features='sqrt', min_samples_leaf=4,
                      min_samples_split=10, random_state=42), 'imputer__knn_scaling_method': 'minmax', 'imputer__knn_neighbors': 19, 'imputer__imputation_method': 'iterative', 'encoder__method': 'target'}",-2758.7935081375376,-3714.0678856437244,-3561.3588780885334,-3344.740090623265,418.99089758780394,384,-2517.9864926745904,-3148.255411180115,-3099.945272466057,-2922.0623921069205,286.40468659128464
109,0,2000,1.3964492479960124,0.027816074259161917,0.09387636184692383,0.005589216980105459,rfe,7,rf,5,minmax,"['car_age', 'mileage', 'tax', 'mpg']",3,"['car_age', 'mileage']",IQR,70,"['car_age', 'mileage', 'tax', 'mpg', 'engineSize']","['tax', 'mpg']",0.3,0.3,"RandomForestRegressor(max_depth=12, max_features='sqrt', min_samples_leaf=4,
                      min_samples_split=10, random_state=42)",robust,11,knn_modelwise,freq,"{'selector__selection_method': 'rfe', 'selector__n_features_to_select': 7, 'selector__model_name': 'rf', 'selector__k': 5, 'scaler__scaler_name': 'minmax', 'outlier_remover__z_columns': ['car_age', 'mileage', 'tax', 'mpg'], 'outlier_remover__threshold': 3, 'outlier_remover__sev_outliers_cols': ['car_age', 'mileage'], 'outlier_remover__outlier_method': 'IQR', 'outlier_remover__n_neighbors': 70, 'outlier_remover__model_columns': ['car_age', 'mileage', 'tax', 'mpg', 'engineSize'], 'outlier_remover__mod_outliers_cols': ['tax', 'mpg'], 'outlier_remover__contamination_LOF': 0.3, 'outlier_remover__contamination_IF': 0.3, 'model': RandomForestRegressor(max_depth=12, max_features='sqrt', min_samples_leaf=4,
                      min_samples_split=10, random_state=42), 'imputer__knn_scaling_method': 'robust', 'imputer__knn_neighbors': 11, 'imputer__imputation_method': 'knn_modelwise', 'encoder__method': 'freq'}",-2702.638480793263,-2612.6638585446976,-2528.170702473298,-2614.4910139370863,71.23788921913703,259,-2053.675241886024,-2029.208727977662,-2031.657723804414,-2038.1805645560335,11.001913903506686
110,0,2000,0.8699851036071777,0.0181141106844424,0.01057132085164388,0.0004415016138454041,rfe,6,rf,6,robust,"['car_age', 'mileage', 'tax', 'mpg']",2,"['car_age', 'mileage']",LOF,90,"['car_age', 'mileage', 'tax', 'mpg']","['car_age', 'mileage', 'tax', 'mpg']",0.5,0.3,"RandomForestRegressor(max_depth=12, max_features='sqrt', min_samples_leaf=4,
                      min_samples_split=10, random_state=42)",minmax,9,iterative,target,"{'selector__selection_method': 'rfe', 'selector__n_features_to_select': 6, 'selector__model_name': 'rf', 'selector__k': 6, 'scaler__scaler_name': 'robust', 'outlier_remover__z_columns': ['car_age', 'mileage', 'tax', 'mpg'], 'outlier_remover__threshold': 2, 'outlier_remover__sev_outliers_cols': ['car_age', 'mileage'], 'outlier_remover__outlier_method': 'LOF', 'outlier_remover__n_neighbors': 90, 'outlier_remover__model_columns': ['car_age', 'mileage', 'tax', 'mpg'], 'outlier_remover__mod_outliers_cols': ['car_age', 'mileage', 'tax', 'mpg'], 'outlier_remover__contamination_LOF': 0.5, 'outlier_remover__contamination_IF': 0.3, 'model': RandomForestRegressor(max_depth=12, max_features='sqrt', min_samples_leaf=4,
                      min_samples_split=10, random_state=42), 'imputer__knn_scaling_method': 'minmax', 'imputer__knn_neighbors': 9, 'imputer__imputation_method': 'iterative', 'encoder__method': 'target'}",-2949.5934857820985,-2627.427905726773,-2806.4497600826016,-2794.4903838638243,131.79513206172865,328,-2456.097187416141,-2348.4357711126686,-2445.045853670422,-2416.526270733077,48.35817820050337
111,0,2000,0.39810872077941895,0.0034483347472368414,0.009534994761149088,6.43790010723624e-05,model,8,rf,7,minmax,"['car_age', 'mileage', 'tax', 'mpg']",3,"['car_age', 'mileage']",LOF,90,"['tax', 'mpg']","['tax', 'mpg']",0.05,0.3,"RandomForestRegressor(max_depth=12, max_features='sqrt', min_samples_leaf=4,
                      min_samples_split=10, random_state=42)",minmax,10,simple,freq,"{'selector__selection_method': 'model', 'selector__n_features_to_select': 8, 'selector__model_name': 'rf', 'selector__k': 7, 'scaler__scaler_name': 'minmax', 'outlier_remover__z_columns': ['car_age', 'mileage', 'tax', 'mpg'], 'outlier_remover__threshold': 3, 'outlier_remover__sev_outliers_cols': ['car_age', 'mileage'], 'outlier_remover__outlier_method': 'LOF', 'outlier_remover__n_neighbors': 90, 'outlier_remover__model_columns': ['tax', 'mpg'], 'outlier_remover__mod_outliers_cols': ['tax', 'mpg'], 'outlier_remover__contamination_LOF': 0.05, 'outlier_remover__contamination_IF': 0.3, 'model': RandomForestRegressor(max_depth=12, max_features='sqrt', min_samples_leaf=4,
                      min_samples_split=10, random_state=42), 'imputer__knn_scaling_method': 'minmax', 'imputer__knn_neighbors': 10, 'imputer__imputation_method': 'simple', 'encoder__method': 'freq'}",-2779.3167409504117,-2662.140719017021,-2610.1878947558826,-2683.881784907772,70.73729385702494,301,-2190.18232249745,-2103.9315127363748,-2092.483401459156,-2128.865745564327,43.60853714622552
112,0,2000,0.7457166512807211,0.04764877151707472,0.013296683629353842,0.0018461605622861802,rfe,9,rf,5,robust,"['car_age', 'mileage', 'tax', 'mpg']",2,"['car_age', 'mileage']",Isolation_Forest,100,"['tax', 'mpg']","['car_age', 'mileage', 'tax', 'mpg']",0.05,0.15,"RandomForestRegressor(max_depth=12, max_features='sqrt', min_samples_leaf=4,
                      min_samples_split=10, random_state=42)",standard,8,iterative,target,"{'selector__selection_method': 'rfe', 'selector__n_features_to_select': 9, 'selector__model_name': 'rf', 'selector__k': 5, 'scaler__scaler_name': 'robust', 'outlier_remover__z_columns': ['car_age', 'mileage', 'tax', 'mpg'], 'outlier_remover__threshold': 2, 'outlier_remover__sev_outliers_cols': ['car_age', 'mileage'], 'outlier_remover__outlier_method': 'Isolation_Forest', 'outlier_remover__n_neighbors': 100, 'outlier_remover__model_columns': ['tax', 'mpg'], 'outlier_remover__mod_outliers_cols': ['car_age', 'mileage', 'tax', 'mpg'], 'outlier_remover__contamination_LOF': 0.05, 'outlier_remover__contamination_IF': 0.15, 'model': RandomForestRegressor(max_depth=12, max_features='sqrt', min_samples_leaf=4,
                      min_samples_split=10, random_state=42), 'imputer__knn_scaling_method': 'standard', 'imputer__knn_neighbors': 8, 'imputer__imputation_method': 'iterative', 'encoder__method': 'target'}",-2645.05432750033,-2439.20904127362,-2390.7351258093963,-2491.6661648611157,110.25236640992878,237,-2035.9690044116546,-1929.0989074793438,-1889.2576838613859,-1951.4418652507948,61.94330050340961
113,0,2000,0.12939810752868652,0.011435908930267144,0.013332207997639975,0.0026797282744367534,kbest,8,rf,8,minmax,"['car_age', 'mileage', 'tax', 'mpg']",3,"['car_age', 'mileage']",IQR,100,"['car_age', 'mileage', 'tax', 'mpg']","['car_age', 'mileage', 'tax', 'mpg']",0.05,0.5,"RandomForestRegressor(max_depth=12, max_features='sqrt', min_samples_leaf=4,
                      min_samples_split=10, random_state=42)",standard,16,iterative,target,"{'selector__selection_method': 'kbest', 'selector__n_features_to_select': 8, 'selector__model_name': 'rf', 'selector__k': 8, 'scaler__scaler_name': 'minmax', 'outlier_remover__z_columns': ['car_age', 'mileage', 'tax', 'mpg'], 'outlier_remover__threshold': 3, 'outlier_remover__sev_outliers_cols': ['car_age', 'mileage'], 'outlier_remover__outlier_method': 'IQR', 'outlier_remover__n_neighbors': 100, 'outlier_remover__model_columns': ['car_age', 'mileage', 'tax', 'mpg'], 'outlier_remover__mod_outliers_cols': ['car_age', 'mileage', 'tax', 'mpg'], 'outlier_remover__contamination_LOF': 0.05, 'outlier_remover__contamination_IF': 0.5, 'model': RandomForestRegressor(max_depth=12, max_features='sqrt', min_samples_leaf=4,
                      min_samples_split=10, random_state=42), 'imputer__knn_scaling_method': 'standard', 'imputer__knn_neighbors': 16, 'imputer__imputation_method': 'iterative', 'encoder__method': 'target'}",-2608.7776172794597,-2411.9192530992195,-2288.2054277951197,-2436.300766057933,132.00372671080876,222,-1841.0885770933633,-1792.9002461568348,-1779.5940600647707,-1804.5276277716564,26.4170514195848
114,0,2000,0.156631072362264,0.004395992564032186,0.012829939524332682,0.0024612822069090055,kbest,7,rf,10,minmax,"['car_age', 'mileage', 'tax', 'mpg']",2,"['car_age', 'mileage']",LOF,70,"['car_age', 'mileage', 'tax', 'mpg']","['car_age', 'mileage', 'tax', 'mpg']",0.3,0.15,"RandomForestRegressor(max_depth=12, max_features='sqrt', min_samples_leaf=4,
                      min_samples_split=10, random_state=42)",minmax,20,iterative,freq,"{'selector__selection_method': 'kbest', 'selector__n_features_to_select': 7, 'selector__model_name': 'rf', 'selector__k': 10, 'scaler__scaler_name': 'minmax', 'outlier_remover__z_columns': ['car_age', 'mileage', 'tax', 'mpg'], 'outlier_remover__threshold': 2, 'outlier_remover__sev_outliers_cols': ['car_age', 'mileage'], 'outlier_remover__outlier_method': 'LOF', 'outlier_remover__n_neighbors': 70, 'outlier_remover__model_columns': ['car_age', 'mileage', 'tax', 'mpg'], 'outlier_remover__mod_outliers_cols': ['car_age', 'mileage', 'tax', 'mpg'], 'outlier_remover__contamination_LOF': 0.3, 'outlier_remover__contamination_IF': 0.15, 'model': RandomForestRegressor(max_depth=12, max_features='sqrt', min_samples_leaf=4,
                      min_samples_split=10, random_state=42), 'imputer__knn_scaling_method': 'minmax', 'imputer__knn_neighbors': 20, 'imputer__imputation_method': 'iterative', 'encoder__method': 'freq'}",-3055.2473161714556,-2894.9333780383663,-2828.3547649228162,-2926.178486377546,95.22692213645755,353,-2448.155415758799,-2350.1785791104203,-2306.7187911157976,-2368.3509286616722,59.15378496631177
115,0,2000,0.3107369740804036,0.011419740744392663,0.11987670262654622,0.004861801209181235,kbest,6,rf,5,robust,"['car_age', 'mileage', 'tax', 'mpg']",2,"['car_age', 'mileage']",IQR,30,"['car_age', 'mileage', 'tax', 'mpg', 'engineSize']","['car_age', 'mileage', 'tax', 'mpg']",0.15,0.3,"RandomForestRegressor(max_depth=12, max_features='sqrt', min_samples_leaf=4,
                      min_samples_split=10, random_state=42)",minmax,9,knn_modelwise,freq,"{'selector__selection_method': 'kbest', 'selector__n_features_to_select': 6, 'selector__model_name': 'rf', 'selector__k': 5, 'scaler__scaler_name': 'robust', 'outlier_remover__z_columns': ['car_age', 'mileage', 'tax', 'mpg'], 'outlier_remover__threshold': 2, 'outlier_remover__sev_outliers_cols': ['car_age', 'mileage'], 'outlier_remover__outlier_method': 'IQR', 'outlier_remover__n_neighbors': 30, 'outlier_remover__model_columns': ['car_age', 'mileage', 'tax', 'mpg', 'engineSize'], 'outlier_remover__mod_outliers_cols': ['car_age', 'mileage', 'tax', 'mpg'], 'outlier_remover__contamination_LOF': 0.15, 'outlier_remover__contamination_IF': 0.3, 'model': RandomForestRegressor(max_depth=12, max_features='sqrt', min_samples_leaf=4,
                      min_samples_split=10, random_state=42), 'imputer__knn_scaling_method': 'minmax', 'imputer__knn_neighbors': 9, 'imputer__imputation_method': 'knn_modelwise', 'encoder__method': 'freq'}",-2947.846480666505,-2877.073547093467,-2730.849765024089,-2851.9232642613533,90.35594868740111,336,-2295.318589158483,-2245.7488729428273,-2227.5966371666445,-2256.2213664226515,28.621909267318774
116,0,2000,0.4155122439066569,0.018335236065912988,0.012422005335489908,0.003708192262824227,model,5,rf,6,standard,"['car_age', 'mileage', 'tax', 'mpg']",3,"['car_age', 'mileage']",z_score,50,"['car_age', 'mileage', 'tax', 'mpg', 'engineSize']","['tax', 'mpg']",0.3,0.15,"RandomForestRegressor(max_depth=12, max_features='sqrt', min_samples_leaf=4,
                      min_samples_split=10, random_state=42)",standard,20,simple,freq,"{'selector__selection_method': 'model', 'selector__n_features_to_select': 5, 'selector__model_name': 'rf', 'selector__k': 6, 'scaler__scaler_name': 'standard', 'outlier_remover__z_columns': ['car_age', 'mileage', 'tax', 'mpg'], 'outlier_remover__threshold': 3, 'outlier_remover__sev_outliers_cols': ['car_age', 'mileage'], 'outlier_remover__outlier_method': 'z_score', 'outlier_remover__n_neighbors': 50, 'outlier_remover__model_columns': ['car_age', 'mileage', 'tax', 'mpg', 'engineSize'], 'outlier_remover__mod_outliers_cols': ['tax', 'mpg'], 'outlier_remover__contamination_LOF': 0.3, 'outlier_remover__contamination_IF': 0.15, 'model': RandomForestRegressor(max_depth=12, max_features='sqrt', min_samples_leaf=4,
                      min_samples_split=10, random_state=42), 'imputer__knn_scaling_method': 'standard', 'imputer__knn_neighbors': 20, 'imputer__imputation_method': 'simple', 'encoder__method': 'freq'}",-2843.900103880394,-2714.020704970817,-2648.369508064911,-2735.430105638707,81.24787300891084,316,-2186.1833912381876,-2147.7777275121375,-2107.041342659993,-2147.000820470106,32.31427601646365
117,0,2000,0.3245393435160319,0.022837400309321562,0.1205604076385498,0.01318990207191063,kbest,6,rf,8,standard,"['car_age', 'mileage', 'tax', 'mpg']",3,"['car_age', 'mileage', 'engineSize']",Isolation_Forest,70,"['car_age', 'mileage', 'tax', 'mpg']","['tax', 'mpg']",0.3,0.3,"RandomForestRegressor(max_depth=12, max_features='sqrt', min_samples_leaf=4,
                      min_samples_split=10, random_state=42)",standard,19,knn_modelwise,target,"{'selector__selection_method': 'kbest', 'selector__n_features_to_select': 6, 'selector__model_name': 'rf', 'selector__k': 8, 'scaler__scaler_name': 'standard', 'outlier_remover__z_columns': ['car_age', 'mileage', 'tax', 'mpg'], 'outlier_remover__threshold': 3, 'outlier_remover__sev_outliers_cols': ['car_age', 'mileage', 'engineSize'], 'outlier_remover__outlier_method': 'Isolation_Forest', 'outlier_remover__n_neighbors': 70, 'outlier_remover__model_columns': ['car_age', 'mileage', 'tax', 'mpg'], 'outlier_remover__mod_outliers_cols': ['tax', 'mpg'], 'outlier_remover__contamination_LOF': 0.3, 'outlier_remover__contamination_IF': 0.3, 'model': RandomForestRegressor(max_depth=12, max_features='sqrt', min_samples_leaf=4,
                      min_samples_split=10, random_state=42), 'imputer__knn_scaling_method': 'standard', 'imputer__knn_neighbors': 19, 'imputer__imputation_method': 'knn_modelwise', 'encoder__method': 'target'}",-3167.639803761978,-2880.012684309086,-2877.6852283528133,-2975.1125721412923,136.14062692537422,359,-2626.935228906182,-2467.380465033136,-2543.08269464238,-2545.799462860566,65.166281111269
118,0,2000,1.476427396138509,0.011641951413116735,0.010773579279581705,0.0007685385412569172,rfe,5,rf,5,robust,"['car_age', 'mileage', 'tax', 'mpg']",2,"['car_age', 'mileage']",LOF,50,"['car_age', 'mileage', 'tax', 'mpg', 'engineSize']","['car_age', 'mileage', 'tax', 'mpg']",0.15,0.5,"RandomForestRegressor(max_depth=12, max_features='sqrt', min_samples_leaf=4,
                      min_samples_split=10, random_state=42)",robust,19,simple,freq,"{'selector__selection_method': 'rfe', 'selector__n_features_to_select': 5, 'selector__model_name': 'rf', 'selector__k': 5, 'scaler__scaler_name': 'robust', 'outlier_remover__z_columns': ['car_age', 'mileage', 'tax', 'mpg'], 'outlier_remover__threshold': 2, 'outlier_remover__sev_outliers_cols': ['car_age', 'mileage'], 'outlier_remover__outlier_method': 'LOF', 'outlier_remover__n_neighbors': 50, 'outlier_remover__model_columns': ['car_age', 'mileage', 'tax', 'mpg', 'engineSize'], 'outlier_remover__mod_outliers_cols': ['car_age', 'mileage', 'tax', 'mpg'], 'outlier_remover__contamination_LOF': 0.15, 'outlier_remover__contamination_IF': 0.5, 'model': RandomForestRegressor(max_depth=12, max_features='sqrt', min_samples_leaf=4,
                      min_samples_split=10, random_state=42), 'imputer__knn_scaling_method': 'robust', 'imputer__knn_neighbors': 19, 'imputer__imputation_method': 'simple', 'encoder__method': 'freq'}",-3114.968282099376,-3017.918974926882,-2853.315407777694,-2995.400888267984,107.99955194438768,364,-2472.958169014887,-2442.0206098696494,-2406.233263623527,-2440.4040141693545,27.264302498751608
119,0,2000,0.27515443166097003,0.005862191930451323,0.010699113210042318,0.00035511993611113884,model,10,rf,8,robust,"['car_age', 'mileage', 'tax', 'mpg']",3,"['car_age', 'mileage']",LOF,30,"['car_age', 'mileage', 'tax', 'mpg', 'engineSize']","['car_age', 'mileage', 'tax', 'mpg']",0.5,0.3,"RandomForestRegressor(max_depth=12, max_features='sqrt', min_samples_leaf=4,
                      min_samples_split=10, random_state=42)",standard,8,iterative,target,"{'selector__selection_method': 'model', 'selector__n_features_to_select': 10, 'selector__model_name': 'rf', 'selector__k': 8, 'scaler__scaler_name': 'robust', 'outlier_remover__z_columns': ['car_age', 'mileage', 'tax', 'mpg'], 'outlier_remover__threshold': 3, 'outlier_remover__sev_outliers_cols': ['car_age', 'mileage'], 'outlier_remover__outlier_method': 'LOF', 'outlier_remover__n_neighbors': 30, 'outlier_remover__model_columns': ['car_age', 'mileage', 'tax', 'mpg', 'engineSize'], 'outlier_remover__mod_outliers_cols': ['car_age', 'mileage', 'tax', 'mpg'], 'outlier_remover__contamination_LOF': 0.5, 'outlier_remover__contamination_IF': 0.3, 'model': RandomForestRegressor(max_depth=12, max_features='sqrt', min_samples_leaf=4,
                      min_samples_split=10, random_state=42), 'imputer__knn_scaling_method': 'standard', 'imputer__knn_neighbors': 8, 'imputer__imputation_method': 'iterative', 'encoder__method': 'target'}",-2876.4337714261464,-2592.8469686757917,-2599.767035827929,-2689.682591976622,132.08324168666968,305,-2391.0522405261245,-2247.929734936687,-2336.840933136042,-2325.2743028662844,58.99917006985545
120,0,2000,0.11620457967122395,0.007987643640786343,0.00993657112121582,0.00035413001055763736,kbest,9,rf,8,robust,"['car_age', 'mileage', 'tax', 'mpg']",2,"['car_age', 'mileage', 'engineSize']",IQR,30,"['tax', 'mpg']","['car_age', 'mileage', 'tax', 'mpg']",0.5,0.15,"RandomForestRegressor(max_depth=12, max_features='sqrt', min_samples_leaf=4,
                      min_samples_split=10, random_state=42)",minmax,17,simple,freq,"{'selector__selection_method': 'kbest', 'selector__n_features_to_select': 9, 'selector__model_name': 'rf', 'selector__k': 8, 'scaler__scaler_name': 'robust', 'outlier_remover__z_columns': ['car_age', 'mileage', 'tax', 'mpg'], 'outlier_remover__threshold': 2, 'outlier_remover__sev_outliers_cols': ['car_age', 'mileage', 'engineSize'], 'outlier_remover__outlier_method': 'IQR', 'outlier_remover__n_neighbors': 30, 'outlier_remover__model_columns': ['tax', 'mpg'], 'outlier_remover__mod_outliers_cols': ['car_age', 'mileage', 'tax', 'mpg'], 'outlier_remover__contamination_LOF': 0.5, 'outlier_remover__contamination_IF': 0.15, 'model': RandomForestRegressor(max_depth=12, max_features='sqrt', min_samples_leaf=4,
                      min_samples_split=10, random_state=42), 'imputer__knn_scaling_method': 'minmax', 'imputer__knn_neighbors': 17, 'imputer__imputation_method': 'simple', 'encoder__method': 'freq'}",-2883.4926074884397,-2797.214945487611,-2694.340706716022,-2791.682753230691,77.31995971213941,327,-2302.9442585280012,-2215.9629669615397,-2184.6239151999084,-2234.5103802298163,50.052844178445554
121,0,2000,1.2260466416676838,0.012770814214738913,0.009563287099202475,0.00018581730137416782,rfe,5,rf,8,standard,"['car_age', 'mileage', 'tax', 'mpg']",3,"['car_age', 'mileage', 'engineSize']",LOF,100,"['car_age', 'mileage', 'tax', 'mpg']","['tax', 'mpg']",0.3,0.15,"RandomForestRegressor(max_depth=12, max_features='sqrt', min_samples_leaf=4,
                      min_samples_split=10, random_state=42)",robust,9,simple,freq,"{'selector__selection_method': 'rfe', 'selector__n_features_to_select': 5, 'selector__model_name': 'rf', 'selector__k': 8, 'scaler__scaler_name': 'standard', 'outlier_remover__z_columns': ['car_age', 'mileage', 'tax', 'mpg'], 'outlier_remover__threshold': 3, 'outlier_remover__sev_outliers_cols': ['car_age', 'mileage', 'engineSize'], 'outlier_remover__outlier_method': 'LOF', 'outlier_remover__n_neighbors': 100, 'outlier_remover__model_columns': ['car_age', 'mileage', 'tax', 'mpg'], 'outlier_remover__mod_outliers_cols': ['tax', 'mpg'], 'outlier_remover__contamination_LOF': 0.3, 'outlier_remover__contamination_IF': 0.15, 'model': RandomForestRegressor(max_depth=12, max_features='sqrt', min_samples_leaf=4,
                      min_samples_split=10, random_state=42), 'imputer__knn_scaling_method': 'robust', 'imputer__knn_neighbors': 9, 'imputer__imputation_method': 'simple', 'encoder__method': 'freq'}",-3250.6492877713526,-3079.25209318826,-2986.9939062663025,-3105.631762408638,109.24118655609651,371,-2705.157803307952,-2676.388704949541,-2516.34941503986,-2632.631974432451,83.0587762541585
122,0,2000,0.571378231048584,0.02144464101704519,0.0921938419342041,0.007877869558566952,model,8,rf,5,standard,"['car_age', 'mileage', 'tax', 'mpg']",2,"['car_age', 'mileage', 'engineSize']",IQR,30,"['car_age', 'mileage', 'tax', 'mpg']","['tax', 'mpg']",0.5,0.3,"RandomForestRegressor(max_depth=12, max_features='sqrt', min_samples_leaf=4,
                      min_samples_split=10, random_state=42)",robust,13,knn_modelwise,freq,"{'selector__selection_method': 'model', 'selector__n_features_to_select': 8, 'selector__model_name': 'rf', 'selector__k': 5, 'scaler__scaler_name': 'standard', 'outlier_remover__z_columns': ['car_age', 'mileage', 'tax', 'mpg'], 'outlier_remover__threshold': 2, 'outlier_remover__sev_outliers_cols': ['car_age', 'mileage', 'engineSize'], 'outlier_remover__outlier_method': 'IQR', 'outlier_remover__n_neighbors': 30, 'outlier_remover__model_columns': ['car_age', 'mileage', 'tax', 'mpg'], 'outlier_remover__mod_outliers_cols': ['tax', 'mpg'], 'outlier_remover__contamination_LOF': 0.5, 'outlier_remover__contamination_IF': 0.3, 'model': RandomForestRegressor(max_depth=12, max_features='sqrt', min_samples_leaf=4,
                      min_samples_split=10, random_state=42), 'imputer__knn_scaling_method': 'robust', 'imputer__knn_neighbors': 13, 'imputer__imputation_method': 'knn_modelwise', 'encoder__method': 'freq'}",-2937.9075836799957,-2849.00110391853,-2727.596048706659,-2838.1682454350616,86.20034243127031,332,-2282.3007980534794,-2244.053682221187,-2210.253095234167,-2245.5358585029444,29.43201777297004
123,0,2000,0.5224029223124186,0.009559269222231263,0.10724560419718425,0.021136528212190836,model,8,rf,10,robust,"['car_age', 'mileage', 'tax', 'mpg']",3,"['car_age', 'mileage']",LOF,30,"['car_age', 'mileage', 'tax', 'mpg', 'engineSize']","['tax', 'mpg']",0.15,0.3,"RandomForestRegressor(max_depth=12, max_features='sqrt', min_samples_leaf=4,
                      min_samples_split=10, random_state=42)",standard,11,knn_modelwise,target,"{'selector__selection_method': 'model', 'selector__n_features_to_select': 8, 'selector__model_name': 'rf', 'selector__k': 10, 'scaler__scaler_name': 'robust', 'outlier_remover__z_columns': ['car_age', 'mileage', 'tax', 'mpg'], 'outlier_remover__threshold': 3, 'outlier_remover__sev_outliers_cols': ['car_age', 'mileage'], 'outlier_remover__outlier_method': 'LOF', 'outlier_remover__n_neighbors': 30, 'outlier_remover__model_columns': ['car_age', 'mileage', 'tax', 'mpg', 'engineSize'], 'outlier_remover__mod_outliers_cols': ['tax', 'mpg'], 'outlier_remover__contamination_LOF': 0.15, 'outlier_remover__contamination_IF': 0.3, 'model': RandomForestRegressor(max_depth=12, max_features='sqrt', min_samples_leaf=4,
                      min_samples_split=10, random_state=42), 'imputer__knn_scaling_method': 'standard', 'imputer__knn_neighbors': 11, 'imputer__imputation_method': 'knn_modelwise', 'encoder__method': 'target'}",-2532.0282490807012,-2421.545764063164,-2414.5629134878563,-2456.045642210574,53.80339184242643,229,-1865.9468208356752,-1936.3426017744077,-1915.6025647588792,-1905.963995789654,29.53605708648766
124,0,2000,0.1746820608774821,0.009320034018033623,0.013468265533447266,0.0005754288590541991,kbest,10,rf,10,standard,"['car_age', 'mileage', 'tax', 'mpg']",2,"['car_age', 'mileage']",LOF,90,"['car_age', 'mileage', 'tax', 'mpg']","['car_age', 'mileage', 'tax', 'mpg']",0.05,0.5,"RandomForestRegressor(max_depth=12, max_features='sqrt', min_samples_leaf=4,
                      min_samples_split=10, random_state=42)",standard,8,iterative,target,"{'selector__selection_method': 'kbest', 'selector__n_features_to_select': 10, 'selector__model_name': 'rf', 'selector__k': 10, 'scaler__scaler_name': 'standard', 'outlier_remover__z_columns': ['car_age', 'mileage', 'tax', 'mpg'], 'outlier_remover__threshold': 2, 'outlier_remover__sev_outliers_cols': ['car_age', 'mileage'], 'outlier_remover__outlier_method': 'LOF', 'outlier_remover__n_neighbors': 90, 'outlier_remover__model_columns': ['car_age', 'mileage', 'tax', 'mpg'], 'outlier_remover__mod_outliers_cols': ['car_age', 'mileage', 'tax', 'mpg'], 'outlier_remover__contamination_LOF': 0.05, 'outlier_remover__contamination_IF': 0.5, 'model': RandomForestRegressor(max_depth=12, max_features='sqrt', min_samples_leaf=4,
                      min_samples_split=10, random_state=42), 'imputer__knn_scaling_method': 'standard', 'imputer__knn_neighbors': 8, 'imputer__imputation_method': 'iterative', 'encoder__method': 'target'}",-2637.1700701104432,-2469.5222641206187,-2421.659065825763,-2509.4504666856083,92.40109761974698,244,-1887.152800055297,-1814.7825446160668,-1806.9534546956936,-1836.296266455686,36.10276000134064
125,0,2000,0.4450242519378662,0.011416463617478053,0.15337920188903809,0.023222979794350816,model,6,rf,8,minmax,"['car_age', 'mileage', 'tax', 'mpg']",2,"['car_age', 'mileage']",LOF,50,"['tax', 'mpg']","['car_age', 'mileage', 'tax', 'mpg']",0.5,0.05,"RandomForestRegressor(max_depth=12, max_features='sqrt', min_samples_leaf=4,
                      min_samples_split=10, random_state=42)",standard,17,knn_modelwise,target,"{'selector__selection_method': 'model', 'selector__n_features_to_select': 6, 'selector__model_name': 'rf', 'selector__k': 8, 'scaler__scaler_name': 'minmax', 'outlier_remover__z_columns': ['car_age', 'mileage', 'tax', 'mpg'], 'outlier_remover__threshold': 2, 'outlier_remover__sev_outliers_cols': ['car_age', 'mileage'], 'outlier_remover__outlier_method': 'LOF', 'outlier_remover__n_neighbors': 50, 'outlier_remover__model_columns': ['tax', 'mpg'], 'outlier_remover__mod_outliers_cols': ['car_age', 'mileage', 'tax', 'mpg'], 'outlier_remover__contamination_LOF': 0.5, 'outlier_remover__contamination_IF': 0.05, 'model': RandomForestRegressor(max_depth=12, max_features='sqrt', min_samples_leaf=4,
                      min_samples_split=10, random_state=42), 'imputer__knn_scaling_method': 'standard', 'imputer__knn_neighbors': 17, 'imputer__imputation_method': 'knn_modelwise', 'encoder__method': 'target'}",-3053.333814813407,-2702.86506434474,-2856.1383564476246,-2870.779078535257,143.452313380214,340,-2743.4255267712397,-2537.095870043903,-2749.01449756582,-2676.511964793654,98.60846736830601
126,0,2000,0.5757546424865723,0.046502093562077636,0.094117005666097,0.006031642890425699,model,5,rf,7,robust,"['car_age', 'mileage', 'tax', 'mpg']",2,"['car_age', 'mileage']",IQR,70,"['tax', 'mpg']","['tax', 'mpg']",0.5,0.15,"RandomForestRegressor(max_depth=12, max_features='sqrt', min_samples_leaf=4,
                      min_samples_split=10, random_state=42)",minmax,8,knn_modelwise,target,"{'selector__selection_method': 'model', 'selector__n_features_to_select': 5, 'selector__model_name': 'rf', 'selector__k': 7, 'scaler__scaler_name': 'robust', 'outlier_remover__z_columns': ['car_age', 'mileage', 'tax', 'mpg'], 'outlier_remover__threshold': 2, 'outlier_remover__sev_outliers_cols': ['car_age', 'mileage'], 'outlier_remover__outlier_method': 'IQR', 'outlier_remover__n_neighbors': 70, 'outlier_remover__model_columns': ['tax', 'mpg'], 'outlier_remover__mod_outliers_cols': ['tax', 'mpg'], 'outlier_remover__contamination_LOF': 0.5, 'outlier_remover__contamination_IF': 0.15, 'model': RandomForestRegressor(max_depth=12, max_features='sqrt', min_samples_leaf=4,
                      min_samples_split=10, random_state=42), 'imputer__knn_scaling_method': 'minmax', 'imputer__knn_neighbors': 8, 'imputer__imputation_method': 'knn_modelwise', 'encoder__method': 'target'}",-2551.683764628075,-2472.0553031437253,-2265.378047023572,-2429.7057049317905,120.65890583180226,217,-1819.4893876321446,-1851.5050241151546,-1757.3730799825994,-1809.455830576633,39.07863804291104
127,0,2000,0.7024118900299072,0.008038921059516016,0.010129372278849283,0.00022106449847524107,rfe,9,rf,9,minmax,"['car_age', 'mileage', 'tax', 'mpg']",2,"['car_age', 'mileage']",LOF,100,"['tax', 'mpg']","['tax', 'mpg']",0.05,0.5,"RandomForestRegressor(max_depth=12, max_features='sqrt', min_samples_leaf=4,
                      min_samples_split=10, random_state=42)",standard,12,simple,target,"{'selector__selection_method': 'rfe', 'selector__n_features_to_select': 9, 'selector__model_name': 'rf', 'selector__k': 9, 'scaler__scaler_name': 'minmax', 'outlier_remover__z_columns': ['car_age', 'mileage', 'tax', 'mpg'], 'outlier_remover__threshold': 2, 'outlier_remover__sev_outliers_cols': ['car_age', 'mileage'], 'outlier_remover__outlier_method': 'LOF', 'outlier_remover__n_neighbors': 100, 'outlier_remover__model_columns': ['tax', 'mpg'], 'outlier_remover__mod_outliers_cols': ['tax', 'mpg'], 'outlier_remover__contamination_LOF': 0.05, 'outlier_remover__contamination_IF': 0.5, 'model': RandomForestRegressor(max_depth=12, max_features='sqrt', min_samples_leaf=4,
                      min_samples_split=10, random_state=42), 'imputer__knn_scaling_method': 'standard', 'imputer__knn_neighbors': 12, 'imputer__imputation_method': 'simple', 'encoder__method': 'target'}",-2585.6556614799047,-2387.6730231036777,-2334.442610488707,-2435.9237650240966,108.08360905329928,221,-1791.5053869541518,-1756.7300012307333,-1760.8855954298745,-1769.706994538253,15.50687320137139
128,0,2000,0.6017622947692871,0.006711936704411104,0.0939343770345052,0.007822434379157054,model,8,rf,10,standard,"['car_age', 'mileage', 'tax', 'mpg']",3,"['car_age', 'mileage']",Isolation_Forest,100,"['car_age', 'mileage', 'tax', 'mpg']","['tax', 'mpg']",0.5,0.05,"RandomForestRegressor(max_depth=12, max_features='sqrt', min_samples_leaf=4,
                      min_samples_split=10, random_state=42)",standard,18,knn_modelwise,target,"{'selector__selection_method': 'model', 'selector__n_features_to_select': 8, 'selector__model_name': 'rf', 'selector__k': 10, 'scaler__scaler_name': 'standard', 'outlier_remover__z_columns': ['car_age', 'mileage', 'tax', 'mpg'], 'outlier_remover__threshold': 3, 'outlier_remover__sev_outliers_cols': ['car_age', 'mileage'], 'outlier_remover__outlier_method': 'Isolation_Forest', 'outlier_remover__n_neighbors': 100, 'outlier_remover__model_columns': ['car_age', 'mileage', 'tax', 'mpg'], 'outlier_remover__mod_outliers_cols': ['tax', 'mpg'], 'outlier_remover__contamination_LOF': 0.5, 'outlier_remover__contamination_IF': 0.05, 'model': RandomForestRegressor(max_depth=12, max_features='sqrt', min_samples_leaf=4,
                      min_samples_split=10, random_state=42), 'imputer__knn_scaling_method': 'standard', 'imputer__knn_neighbors': 18, 'imputer__imputation_method': 'knn_modelwise', 'encoder__method': 'target'}",-2636.0139280400326,-2472.307369880635,-2374.2810631858174,-2494.200787035495,107.96763225533925,238,-1935.050437433907,-1858.2166809680004,-1882.528243926284,-1891.9317874427304,32.064274056597
129,0,2000,0.278950293858846,0.01653678467872785,0.12680800755818686,0.004442269790039574,kbest,10,rf,6,standard,"['car_age', 'mileage', 'tax', 'mpg']",2,"['car_age', 'mileage', 'engineSize']",IQR,90,"['car_age', 'mileage', 'tax', 'mpg', 'engineSize']","['car_age', 'mileage', 'tax', 'mpg']",0.3,0.15,"RandomForestRegressor(max_depth=12, max_features='sqrt', min_samples_leaf=4,
                      min_samples_split=10, random_state=42)",robust,20,knn_modelwise,freq,"{'selector__selection_method': 'kbest', 'selector__n_features_to_select': 10, 'selector__model_name': 'rf', 'selector__k': 6, 'scaler__scaler_name': 'standard', 'outlier_remover__z_columns': ['car_age', 'mileage', 'tax', 'mpg'], 'outlier_remover__threshold': 2, 'outlier_remover__sev_outliers_cols': ['car_age', 'mileage', 'engineSize'], 'outlier_remover__outlier_method': 'IQR', 'outlier_remover__n_neighbors': 90, 'outlier_remover__model_columns': ['car_age', 'mileage', 'tax', 'mpg', 'engineSize'], 'outlier_remover__mod_outliers_cols': ['car_age', 'mileage', 'tax', 'mpg'], 'outlier_remover__contamination_LOF': 0.3, 'outlier_remover__contamination_IF': 0.15, 'model': RandomForestRegressor(max_depth=12, max_features='sqrt', min_samples_leaf=4,
                      min_samples_split=10, random_state=42), 'imputer__knn_scaling_method': 'robust', 'imputer__knn_neighbors': 20, 'imputer__imputation_method': 'knn_modelwise', 'encoder__method': 'freq'}",-3010.4864408592484,-2875.7980661915694,-2746.3840719959194,-2877.5561930155786,107.82650746222673,341,-2326.0438889732764,-2287.899519332143,-2270.2522169767904,-2294.73187509407,23.283591933434185
130,0,2000,1.1338686148325603,0.005929563637321331,0.10938604672749837,0.01829268244802672,rfe,8,rf,6,standard,"['car_age', 'mileage', 'tax', 'mpg']",3,"['car_age', 'mileage', 'engineSize']",z_score,100,"['car_age', 'mileage', 'tax', 'mpg', 'engineSize']","['tax', 'mpg']",0.15,0.5,"RandomForestRegressor(max_depth=12, max_features='sqrt', min_samples_leaf=4,
                      min_samples_split=10, random_state=42)",minmax,19,knn_modelwise,target,"{'selector__selection_method': 'rfe', 'selector__n_features_to_select': 8, 'selector__model_name': 'rf', 'selector__k': 6, 'scaler__scaler_name': 'standard', 'outlier_remover__z_columns': ['car_age', 'mileage', 'tax', 'mpg'], 'outlier_remover__threshold': 3, 'outlier_remover__sev_outliers_cols': ['car_age', 'mileage', 'engineSize'], 'outlier_remover__outlier_method': 'z_score', 'outlier_remover__n_neighbors': 100, 'outlier_remover__model_columns': ['car_age', 'mileage', 'tax', 'mpg', 'engineSize'], 'outlier_remover__mod_outliers_cols': ['tax', 'mpg'], 'outlier_remover__contamination_LOF': 0.15, 'outlier_remover__contamination_IF': 0.5, 'model': RandomForestRegressor(max_depth=12, max_features='sqrt', min_samples_leaf=4,
                      min_samples_split=10, random_state=42), 'imputer__knn_scaling_method': 'minmax', 'imputer__knn_neighbors': 19, 'imputer__imputation_method': 'knn_modelwise', 'encoder__method': 'target'}",-2579.619187251402,-2369.361834920183,-2266.674576405902,-2405.218532859162,130.25067998447136,185,-1835.0898614351072,-1807.2972290906873,-1776.0367050626849,-1806.1412651961598,24.122202895265456
131,0,2000,0.5509039560953776,0.014852897381582719,0.09218438466389973,0.006674121373827035,model,8,rf,8,minmax,"['car_age', 'mileage', 'tax', 'mpg']",2,"['car_age', 'mileage', 'engineSize']",IQR,90,"['tax', 'mpg']","['tax', 'mpg']",0.5,0.05,"RandomForestRegressor(max_depth=12, max_features='sqrt', min_samples_leaf=4,
                      min_samples_split=10, random_state=42)",standard,19,knn_modelwise,freq,"{'selector__selection_method': 'model', 'selector__n_features_to_select': 8, 'selector__model_name': 'rf', 'selector__k': 8, 'scaler__scaler_name': 'minmax', 'outlier_remover__z_columns': ['car_age', 'mileage', 'tax', 'mpg'], 'outlier_remover__threshold': 2, 'outlier_remover__sev_outliers_cols': ['car_age', 'mileage', 'engineSize'], 'outlier_remover__outlier_method': 'IQR', 'outlier_remover__n_neighbors': 90, 'outlier_remover__model_columns': ['tax', 'mpg'], 'outlier_remover__mod_outliers_cols': ['tax', 'mpg'], 'outlier_remover__contamination_LOF': 0.5, 'outlier_remover__contamination_IF': 0.05, 'model': RandomForestRegressor(max_depth=12, max_features='sqrt', min_samples_leaf=4,
                      min_samples_split=10, random_state=42), 'imputer__knn_scaling_method': 'standard', 'imputer__knn_neighbors': 19, 'imputer__imputation_method': 'knn_modelwise', 'encoder__method': 'freq'}",-2800.748059958679,-2640.039367785972,-2566.7252920383235,-2669.1709065943246,97.73484159119185,287,-2149.3339200595265,-2065.046638216056,-2056.655469877604,-2090.3453427177287,41.85165961765425
132,0,2000,0.43345141410827637,0.00011068392624267499,0.009992281595865885,0.00016952688013075997,model,10,rf,8,minmax,"['car_age', 'mileage', 'tax', 'mpg']",3,"['car_age', 'mileage']",Isolation_Forest,100,"['car_age', 'mileage', 'tax', 'mpg', 'engineSize']","['tax', 'mpg']",0.5,0.05,"RandomForestRegressor(max_depth=12, max_features='sqrt', min_samples_leaf=4,
                      min_samples_split=10, random_state=42)",standard,7,simple,target,"{'selector__selection_method': 'model', 'selector__n_features_to_select': 10, 'selector__model_name': 'rf', 'selector__k': 8, 'scaler__scaler_name': 'minmax', 'outlier_remover__z_columns': ['car_age', 'mileage', 'tax', 'mpg'], 'outlier_remover__threshold': 3, 'outlier_remover__sev_outliers_cols': ['car_age', 'mileage'], 'outlier_remover__outlier_method': 'Isolation_Forest', 'outlier_remover__n_neighbors': 100, 'outlier_remover__model_columns': ['car_age', 'mileage', 'tax', 'mpg', 'engineSize'], 'outlier_remover__mod_outliers_cols': ['tax', 'mpg'], 'outlier_remover__contamination_LOF': 0.5, 'outlier_remover__contamination_IF': 0.05, 'model': RandomForestRegressor(max_depth=12, max_features='sqrt', min_samples_leaf=4,
                      min_samples_split=10, random_state=42), 'imputer__knn_scaling_method': 'standard', 'imputer__knn_neighbors': 7, 'imputer__imputation_method': 'simple', 'encoder__method': 'target'}",-2668.211999350523,-2435.212666948174,-2409.191804258374,-2504.2054901856905,116.45563564466977,243,-2145.199538099717,-2011.5453097664893,-2006.6591234711066,-2054.467990445771,64.18789610141202
133,0,2000,1.4989016850789387,0.004825213848205671,0.011247793833414713,0.00045174129540538865,rfe,6,rf,6,standard,"['car_age', 'mileage', 'tax', 'mpg']",2,"['car_age', 'mileage', 'engineSize']",z_score,30,"['tax', 'mpg']","['tax', 'mpg']",0.15,0.3,"RandomForestRegressor(max_depth=12, max_features='sqrt', min_samples_leaf=4,
                      min_samples_split=10, random_state=42)",robust,8,iterative,freq,"{'selector__selection_method': 'rfe', 'selector__n_features_to_select': 6, 'selector__model_name': 'rf', 'selector__k': 6, 'scaler__scaler_name': 'standard', 'outlier_remover__z_columns': ['car_age', 'mileage', 'tax', 'mpg'], 'outlier_remover__threshold': 2, 'outlier_remover__sev_outliers_cols': ['car_age', 'mileage', 'engineSize'], 'outlier_remover__outlier_method': 'z_score', 'outlier_remover__n_neighbors': 30, 'outlier_remover__model_columns': ['tax', 'mpg'], 'outlier_remover__mod_outliers_cols': ['tax', 'mpg'], 'outlier_remover__contamination_LOF': 0.15, 'outlier_remover__contamination_IF': 0.3, 'model': RandomForestRegressor(max_depth=12, max_features='sqrt', min_samples_leaf=4,
                      min_samples_split=10, random_state=42), 'imputer__knn_scaling_method': 'robust', 'imputer__knn_neighbors': 8, 'imputer__imputation_method': 'iterative', 'encoder__method': 'freq'}",-2878.3648351274505,-2733.841946045643,-2640.370843553935,-2750.8592082423434,97.90292952980535,321,-2156.6151939950937,-2118.166103043564,-2093.258097582218,-2122.6797982069584,26.061600097827807
134,0,2000,1.1930173238118489,0.01570374686803082,0.00984501838684082,0.000104315326079032,rfe,7,rf,8,robust,"['car_age', 'mileage', 'tax', 'mpg']",2,"['car_age', 'mileage']",IQR,50,"['car_age', 'mileage', 'tax', 'mpg']","['car_age', 'mileage', 'tax', 'mpg']",0.5,0.15,"RandomForestRegressor(max_depth=12, max_features='sqrt', min_samples_leaf=4,
                      min_samples_split=10, random_state=42)",minmax,19,simple,freq,"{'selector__selection_method': 'rfe', 'selector__n_features_to_select': 7, 'selector__model_name': 'rf', 'selector__k': 8, 'scaler__scaler_name': 'robust', 'outlier_remover__z_columns': ['car_age', 'mileage', 'tax', 'mpg'], 'outlier_remover__threshold': 2, 'outlier_remover__sev_outliers_cols': ['car_age', 'mileage'], 'outlier_remover__outlier_method': 'IQR', 'outlier_remover__n_neighbors': 50, 'outlier_remover__model_columns': ['car_age', 'mileage', 'tax', 'mpg'], 'outlier_remover__mod_outliers_cols': ['car_age', 'mileage', 'tax', 'mpg'], 'outlier_remover__contamination_LOF': 0.5, 'outlier_remover__contamination_IF': 0.15, 'model': RandomForestRegressor(max_depth=12, max_features='sqrt', min_samples_leaf=4,
                      min_samples_split=10, random_state=42), 'imputer__knn_scaling_method': 'minmax', 'imputer__knn_neighbors': 19, 'imputer__imputation_method': 'simple', 'encoder__method': 'freq'}",-2727.382980616326,-2667.027669179151,-2579.0947891389887,-2657.8351463114886,60.886362952685595,277,-2107.820213872539,-2095.185577749746,-2074.6300747783607,-2092.545288800215,13.67783310263942
135,0,2000,1.5031883716583252,0.026284609491517865,0.011425336201985678,0.0003952260661984224,rfe,6,rf,8,minmax,"['car_age', 'mileage', 'tax', 'mpg']",3,"['car_age', 'mileage']",Isolation_Forest,100,"['car_age', 'mileage', 'tax', 'mpg']","['car_age', 'mileage', 'tax', 'mpg']",0.15,0.05,"RandomForestRegressor(max_depth=12, max_features='sqrt', min_samples_leaf=4,
                      min_samples_split=10, random_state=42)",standard,10,iterative,target,"{'selector__selection_method': 'rfe', 'selector__n_features_to_select': 6, 'selector__model_name': 'rf', 'selector__k': 8, 'scaler__scaler_name': 'minmax', 'outlier_remover__z_columns': ['car_age', 'mileage', 'tax', 'mpg'], 'outlier_remover__threshold': 3, 'outlier_remover__sev_outliers_cols': ['car_age', 'mileage'], 'outlier_remover__outlier_method': 'Isolation_Forest', 'outlier_remover__n_neighbors': 100, 'outlier_remover__model_columns': ['car_age', 'mileage', 'tax', 'mpg'], 'outlier_remover__mod_outliers_cols': ['car_age', 'mileage', 'tax', 'mpg'], 'outlier_remover__contamination_LOF': 0.15, 'outlier_remover__contamination_IF': 0.05, 'model': RandomForestRegressor(max_depth=12, max_features='sqrt', min_samples_leaf=4,
                      min_samples_split=10, random_state=42), 'imputer__knn_scaling_method': 'standard', 'imputer__knn_neighbors': 10, 'imputer__imputation_method': 'iterative', 'encoder__method': 'target'}",-2604.494059806081,-2518.9438574079336,-2561.320282022855,-2561.5860664122897,34.926229528319205,252,-1953.9566588763428,-1906.8970024948164,-1994.5514456177539,-1951.801702329638,35.81720469352411
136,0,2000,0.4805847803751628,0.007400582623759023,0.01120320955912272,0.00030266837702559897,model,6,rf,9,minmax,"['car_age', 'mileage', 'tax', 'mpg']",3,"['car_age', 'mileage', 'engineSize']",Isolation_Forest,100,"['car_age', 'mileage', 'tax', 'mpg', 'engineSize']","['car_age', 'mileage', 'tax', 'mpg']",0.5,0.05,"RandomForestRegressor(max_depth=12, max_features='sqrt', min_samples_leaf=4,
                      min_samples_split=10, random_state=42)",minmax,9,iterative,target,"{'selector__selection_method': 'model', 'selector__n_features_to_select': 6, 'selector__model_name': 'rf', 'selector__k': 9, 'scaler__scaler_name': 'minmax', 'outlier_remover__z_columns': ['car_age', 'mileage', 'tax', 'mpg'], 'outlier_remover__threshold': 3, 'outlier_remover__sev_outliers_cols': ['car_age', 'mileage', 'engineSize'], 'outlier_remover__outlier_method': 'Isolation_Forest', 'outlier_remover__n_neighbors': 100, 'outlier_remover__model_columns': ['car_age', 'mileage', 'tax', 'mpg', 'engineSize'], 'outlier_remover__mod_outliers_cols': ['car_age', 'mileage', 'tax', 'mpg'], 'outlier_remover__contamination_LOF': 0.5, 'outlier_remover__contamination_IF': 0.05, 'model': RandomForestRegressor(max_depth=12, max_features='sqrt', min_samples_leaf=4,
                      min_samples_split=10, random_state=42), 'imputer__knn_scaling_method': 'minmax', 'imputer__knn_neighbors': 9, 'imputer__imputation_method': 'iterative', 'encoder__method': 'target'}",-2570.272158685592,-2389.466680334713,-2366.3986750860013,-2442.0458380354353,91.157465216866,224,-1997.6411498311086,-1907.3315954332156,-1862.999407443767,-1922.6573842360303,56.02534872773319
137,0,2000,0.5830677350362142,0.01822190156670317,0.13556536038716635,0.03155896357988388,model,5,rf,6,standard,"['car_age', 'mileage', 'tax', 'mpg']",3,"['car_age', 'mileage', 'engineSize']",z_score,30,"['car_age', 'mileage', 'tax', 'mpg']","['tax', 'mpg']",0.05,0.5,"RandomForestRegressor(max_depth=12, max_features='sqrt', min_samples_leaf=4,
                      min_samples_split=10, random_state=42)",robust,9,knn_modelwise,target,"{'selector__selection_method': 'model', 'selector__n_features_to_select': 5, 'selector__model_name': 'rf', 'selector__k': 6, 'scaler__scaler_name': 'standard', 'outlier_remover__z_columns': ['car_age', 'mileage', 'tax', 'mpg'], 'outlier_remover__threshold': 3, 'outlier_remover__sev_outliers_cols': ['car_age', 'mileage', 'engineSize'], 'outlier_remover__outlier_method': 'z_score', 'outlier_remover__n_neighbors': 30, 'outlier_remover__model_columns': ['car_age', 'mileage', 'tax', 'mpg'], 'outlier_remover__mod_outliers_cols': ['tax', 'mpg'], 'outlier_remover__contamination_LOF': 0.05, 'outlier_remover__contamination_IF': 0.5, 'model': RandomForestRegressor(max_depth=12, max_features='sqrt', min_samples_leaf=4,
                      min_samples_split=10, random_state=42), 'imputer__knn_scaling_method': 'robust', 'imputer__knn_neighbors': 9, 'imputer__imputation_method': 'knn_modelwise', 'encoder__method': 'target'}",-2534.5701317914572,-2422.8378614879293,-2346.6897701900116,-2434.6992544897994,77.15904376386523,220,-1823.295166312272,-1823.9260591281975,-1777.2108335199375,-1808.1440196534688,21.874582048808367
138,0,2000,0.14733759562174478,0.0020656500600475373,0.014973640441894531,0.0035840095301713096,kbest,8,rf,9,minmax,"['car_age', 'mileage', 'tax', 'mpg']",2,"['car_age', 'mileage', 'engineSize']",IQR,100,"['car_age', 'mileage', 'tax', 'mpg', 'engineSize']","['car_age', 'mileage', 'tax', 'mpg']",0.5,0.5,"RandomForestRegressor(max_depth=12, max_features='sqrt', min_samples_leaf=4,
                      min_samples_split=10, random_state=42)",minmax,15,iterative,freq,"{'selector__selection_method': 'kbest', 'selector__n_features_to_select': 8, 'selector__model_name': 'rf', 'selector__k': 9, 'scaler__scaler_name': 'minmax', 'outlier_remover__z_columns': ['car_age', 'mileage', 'tax', 'mpg'], 'outlier_remover__threshold': 2, 'outlier_remover__sev_outliers_cols': ['car_age', 'mileage', 'engineSize'], 'outlier_remover__outlier_method': 'IQR', 'outlier_remover__n_neighbors': 100, 'outlier_remover__model_columns': ['car_age', 'mileage', 'tax', 'mpg', 'engineSize'], 'outlier_remover__mod_outliers_cols': ['car_age', 'mileage', 'tax', 'mpg'], 'outlier_remover__contamination_LOF': 0.5, 'outlier_remover__contamination_IF': 0.5, 'model': RandomForestRegressor(max_depth=12, max_features='sqrt', min_samples_leaf=4,
                      min_samples_split=10, random_state=42), 'imputer__knn_scaling_method': 'minmax', 'imputer__knn_neighbors': 15, 'imputer__imputation_method': 'iterative', 'encoder__method': 'freq'}",-2819.685169385544,-2651.755418370782,-2534.6119630606786,-2668.6841836056683,116.99464534860351,286,-2045.574847901816,-1988.4148093241383,-1953.3181005512197,-1995.7692525923912,38.02098310816805
139,0,2000,0.7683657010396322,0.021461496604248554,0.01130819320678711,0.0004237486768223524,rfe,9,rf,6,standard,"['car_age', 'mileage', 'tax', 'mpg']",3,"['car_age', 'mileage']",IQR,50,"['car_age', 'mileage', 'tax', 'mpg', 'engineSize']","['tax', 'mpg']",0.5,0.15,"RandomForestRegressor(max_depth=12, max_features='sqrt', min_samples_leaf=4,
                      min_samples_split=10, random_state=42)",standard,5,iterative,freq,"{'selector__selection_method': 'rfe', 'selector__n_features_to_select': 9, 'selector__model_name': 'rf', 'selector__k': 6, 'scaler__scaler_name': 'standard', 'outlier_remover__z_columns': ['car_age', 'mileage', 'tax', 'mpg'], 'outlier_remover__threshold': 3, 'outlier_remover__sev_outliers_cols': ['car_age', 'mileage'], 'outlier_remover__outlier_method': 'IQR', 'outlier_remover__n_neighbors': 50, 'outlier_remover__model_columns': ['car_age', 'mileage', 'tax', 'mpg', 'engineSize'], 'outlier_remover__mod_outliers_cols': ['tax', 'mpg'], 'outlier_remover__contamination_LOF': 0.5, 'outlier_remover__contamination_IF': 0.15, 'model': RandomForestRegressor(max_depth=12, max_features='sqrt', min_samples_leaf=4,
                      min_samples_split=10, random_state=42), 'imputer__knn_scaling_method': 'standard', 'imputer__knn_neighbors': 5, 'imputer__imputation_method': 'iterative', 'encoder__method': 'freq'}",-2814.344881579447,-2640.942185075317,-2543.7171252070752,-2666.334730620613,111.9328121590161,283,-2041.3604769257022,-1996.1672191335474,-1952.205329991573,-1996.5776753502741,36.39859348876845
140,0,2000,0.5686650276184082,0.009223559253956931,0.09267083803812663,0.007209123523977512,rfe,9,rf,9,robust,"['car_age', 'mileage', 'tax', 'mpg']",2,"['car_age', 'mileage', 'engineSize']",LOF,30,"['car_age', 'mileage', 'tax', 'mpg']","['tax', 'mpg']",0.5,0.05,"RandomForestRegressor(max_depth=12, max_features='sqrt', min_samples_leaf=4,
                      min_samples_split=10, random_state=42)",standard,17,knn_modelwise,freq,"{'selector__selection_method': 'rfe', 'selector__n_features_to_select': 9, 'selector__model_name': 'rf', 'selector__k': 9, 'scaler__scaler_name': 'robust', 'outlier_remover__z_columns': ['car_age', 'mileage', 'tax', 'mpg'], 'outlier_remover__threshold': 2, 'outlier_remover__sev_outliers_cols': ['car_age', 'mileage', 'engineSize'], 'outlier_remover__outlier_method': 'LOF', 'outlier_remover__n_neighbors': 30, 'outlier_remover__model_columns': ['car_age', 'mileage', 'tax', 'mpg'], 'outlier_remover__mod_outliers_cols': ['tax', 'mpg'], 'outlier_remover__contamination_LOF': 0.5, 'outlier_remover__contamination_IF': 0.05, 'model': RandomForestRegressor(max_depth=12, max_features='sqrt', min_samples_leaf=4,
                      min_samples_split=10, random_state=42), 'imputer__knn_scaling_method': 'standard', 'imputer__knn_neighbors': 17, 'imputer__imputation_method': 'knn_modelwise', 'encoder__method': 'freq'}",-3035.053313536961,-2726.365325375459,-2782.7803716877984,-2848.0663368667397,134.21068374216293,334,-2631.600277439207,-2423.4260291786522,-2522.0793070642408,-2525.701871227367,85.02537518509294
141,0,2000,0.7343672116597494,0.012665629802728057,0.011386632919311523,0.00024483634062260094,rfe,9,rf,8,minmax,"['car_age', 'mileage', 'tax', 'mpg']",3,"['car_age', 'mileage']",z_score,70,"['car_age', 'mileage', 'tax', 'mpg']","['car_age', 'mileage', 'tax', 'mpg']",0.15,0.5,"RandomForestRegressor(max_depth=12, max_features='sqrt', min_samples_leaf=4,
                      min_samples_split=10, random_state=42)",standard,17,iterative,freq,"{'selector__selection_method': 'rfe', 'selector__n_features_to_select': 9, 'selector__model_name': 'rf', 'selector__k': 8, 'scaler__scaler_name': 'minmax', 'outlier_remover__z_columns': ['car_age', 'mileage', 'tax', 'mpg'], 'outlier_remover__threshold': 3, 'outlier_remover__sev_outliers_cols': ['car_age', 'mileage'], 'outlier_remover__outlier_method': 'z_score', 'outlier_remover__n_neighbors': 70, 'outlier_remover__model_columns': ['car_age', 'mileage', 'tax', 'mpg'], 'outlier_remover__mod_outliers_cols': ['car_age', 'mileage', 'tax', 'mpg'], 'outlier_remover__contamination_LOF': 0.15, 'outlier_remover__contamination_IF': 0.5, 'model': RandomForestRegressor(max_depth=12, max_features='sqrt', min_samples_leaf=4,
                      min_samples_split=10, random_state=42), 'imputer__knn_scaling_method': 'standard', 'imputer__knn_neighbors': 17, 'imputer__imputation_method': 'iterative', 'encoder__method': 'freq'}",-2795.9967220496083,-2642.249447155533,-2545.5598121886273,-2661.2686604645896,103.12115628828974,280,-2029.467038645766,-1994.0518589190103,-1955.475382451801,-1992.998093338859,30.21615586630126
142,0,2000,1.6488346258799236,0.011892449068540393,0.010084390640258789,0.0001011541222860374,rfe,5,rf,5,minmax,"['car_age', 'mileage', 'tax', 'mpg']",2,"['car_age', 'mileage', 'engineSize']",IQR,90,"['car_age', 'mileage', 'tax', 'mpg']","['car_age', 'mileage', 'tax', 'mpg']",0.05,0.5,"RandomForestRegressor(max_depth=12, max_features='sqrt', min_samples_leaf=4,
                      min_samples_split=10, random_state=42)",robust,11,simple,target,"{'selector__selection_method': 'rfe', 'selector__n_features_to_select': 5, 'selector__model_name': 'rf', 'selector__k': 5, 'scaler__scaler_name': 'minmax', 'outlier_remover__z_columns': ['car_age', 'mileage', 'tax', 'mpg'], 'outlier_remover__threshold': 2, 'outlier_remover__sev_outliers_cols': ['car_age', 'mileage', 'engineSize'], 'outlier_remover__outlier_method': 'IQR', 'outlier_remover__n_neighbors': 90, 'outlier_remover__model_columns': ['car_age', 'mileage', 'tax', 'mpg'], 'outlier_remover__mod_outliers_cols': ['car_age', 'mileage', 'tax', 'mpg'], 'outlier_remover__contamination_LOF': 0.05, 'outlier_remover__contamination_IF': 0.5, 'model': RandomForestRegressor(max_depth=12, max_features='sqrt', min_samples_leaf=4,
                      min_samples_split=10, random_state=42), 'imputer__knn_scaling_method': 'robust', 'imputer__knn_neighbors': 11, 'imputer__imputation_method': 'simple', 'encoder__method': 'target'}",-2608.231458994053,-2592.139540220258,-2486.146864436434,-2562.1726212169146,54.15825103644093,253,-1850.7193147782855,-1908.9577674187954,-1844.4893550550955,-1868.0554790840588,29.033899643940217
143,0,2000,1.1615598996480305,0.08310783394602005,0.10589432716369629,0.013588731798471722,rfe,7,rf,10,robust,"['car_age', 'mileage', 'tax', 'mpg']",2,"['car_age', 'mileage']",Isolation_Forest,100,"['car_age', 'mileage', 'tax', 'mpg']","['car_age', 'mileage', 'tax', 'mpg']",0.15,0.3,"RandomForestRegressor(max_depth=12, max_features='sqrt', min_samples_leaf=4,
                      min_samples_split=10, random_state=42)",standard,8,knn_modelwise,target,"{'selector__selection_method': 'rfe', 'selector__n_features_to_select': 7, 'selector__model_name': 'rf', 'selector__k': 10, 'scaler__scaler_name': 'robust', 'outlier_remover__z_columns': ['car_age', 'mileage', 'tax', 'mpg'], 'outlier_remover__threshold': 2, 'outlier_remover__sev_outliers_cols': ['car_age', 'mileage'], 'outlier_remover__outlier_method': 'Isolation_Forest', 'outlier_remover__n_neighbors': 100, 'outlier_remover__model_columns': ['car_age', 'mileage', 'tax', 'mpg'], 'outlier_remover__mod_outliers_cols': ['car_age', 'mileage', 'tax', 'mpg'], 'outlier_remover__contamination_LOF': 0.15, 'outlier_remover__contamination_IF': 0.3, 'model': RandomForestRegressor(max_depth=12, max_features='sqrt', min_samples_leaf=4,
                      min_samples_split=10, random_state=42), 'imputer__knn_scaling_method': 'standard', 'imputer__knn_neighbors': 8, 'imputer__imputation_method': 'knn_modelwise', 'encoder__method': 'target'}",-3103.3105569547247,-2830.8388960420602,-2791.5741666258577,-2908.574539874214,138.62904218409057,346,-2536.3104241064516,-2421.8050754017086,-2481.379659543769,-2479.831719683976,46.75942549444514
144,0,2000,0.7390727202097574,0.06491491510893194,0.014271418253580729,0.0022155939308453614,rfe,8,rf,9,robust,"['car_age', 'mileage', 'tax', 'mpg']",3,"['car_age', 'mileage']",Isolation_Forest,90,"['car_age', 'mileage', 'tax', 'mpg', 'engineSize']","['tax', 'mpg']",0.15,0.5,"RandomForestRegressor(max_depth=12, max_features='sqrt', min_samples_leaf=4,
                      min_samples_split=10, random_state=42)",standard,17,iterative,target,"{'selector__selection_method': 'rfe', 'selector__n_features_to_select': 8, 'selector__model_name': 'rf', 'selector__k': 9, 'scaler__scaler_name': 'robust', 'outlier_remover__z_columns': ['car_age', 'mileage', 'tax', 'mpg'], 'outlier_remover__threshold': 3, 'outlier_remover__sev_outliers_cols': ['car_age', 'mileage'], 'outlier_remover__outlier_method': 'Isolation_Forest', 'outlier_remover__n_neighbors': 90, 'outlier_remover__model_columns': ['car_age', 'mileage', 'tax', 'mpg', 'engineSize'], 'outlier_remover__mod_outliers_cols': ['tax', 'mpg'], 'outlier_remover__contamination_LOF': 0.15, 'outlier_remover__contamination_IF': 0.5, 'model': RandomForestRegressor(max_depth=12, max_features='sqrt', min_samples_leaf=4,
                      min_samples_split=10, random_state=42), 'imputer__knn_scaling_method': 'standard', 'imputer__knn_neighbors': 17, 'imputer__imputation_method': 'iterative', 'encoder__method': 'target'}",-3635.2130632869384,-3556.2188745294998,-3582.8723198181306,-3591.434752544856,32.81266935205811,389,-3315.588413749009,-3392.4020403161803,-3436.7403896030237,-3381.576947889405,50.04889131552021
145,0,2000,0.3388480345408122,0.055684919438803465,0.17798161506652832,0.06119311985171111,kbest,5,rf,6,standard,"['car_age', 'mileage', 'tax', 'mpg']",3,"['car_age', 'mileage']",LOF,30,"['car_age', 'mileage', 'tax', 'mpg', 'engineSize']","['car_age', 'mileage', 'tax', 'mpg']",0.3,0.3,"RandomForestRegressor(max_depth=12, max_features='sqrt', min_samples_leaf=4,
                      min_samples_split=10, random_state=42)",robust,13,knn_modelwise,freq,"{'selector__selection_method': 'kbest', 'selector__n_features_to_select': 5, 'selector__model_name': 'rf', 'selector__k': 6, 'scaler__scaler_name': 'standard', 'outlier_remover__z_columns': ['car_age', 'mileage', 'tax', 'mpg'], 'outlier_remover__threshold': 3, 'outlier_remover__sev_outliers_cols': ['car_age', 'mileage'], 'outlier_remover__outlier_method': 'LOF', 'outlier_remover__n_neighbors': 30, 'outlier_remover__model_columns': ['car_age', 'mileage', 'tax', 'mpg', 'engineSize'], 'outlier_remover__mod_outliers_cols': ['car_age', 'mileage', 'tax', 'mpg'], 'outlier_remover__contamination_LOF': 0.3, 'outlier_remover__contamination_IF': 0.3, 'model': RandomForestRegressor(max_depth=12, max_features='sqrt', min_samples_leaf=4,
                      min_samples_split=10, random_state=42), 'imputer__knn_scaling_method': 'robust', 'imputer__knn_neighbors': 13, 'imputer__imputation_method': 'knn_modelwise', 'encoder__method': 'freq'}",-3063.475471023825,-2897.04884971376,-2887.4318747866964,-2949.318731841427,80.8164272791757,355,-2570.690815756577,-2509.711545136903,-2554.626080648484,-2545.0094805139884,25.806680142125316
146,0,2000,0.13673734664916992,0.009576622292469795,0.01653297742207845,0.0016410427100872027,kbest,7,rf,7,robust,"['car_age', 'mileage', 'tax', 'mpg']",2,"['car_age', 'mileage', 'engineSize']",LOF,100,"['car_age', 'mileage', 'tax', 'mpg']","['tax', 'mpg']",0.15,0.3,"RandomForestRegressor(max_depth=12, max_features='sqrt', min_samples_leaf=4,
                      min_samples_split=10, random_state=42)",robust,11,simple,target,"{'selector__selection_method': 'kbest', 'selector__n_features_to_select': 7, 'selector__model_name': 'rf', 'selector__k': 7, 'scaler__scaler_name': 'robust', 'outlier_remover__z_columns': ['car_age', 'mileage', 'tax', 'mpg'], 'outlier_remover__threshold': 2, 'outlier_remover__sev_outliers_cols': ['car_age', 'mileage', 'engineSize'], 'outlier_remover__outlier_method': 'LOF', 'outlier_remover__n_neighbors': 100, 'outlier_remover__model_columns': ['car_age', 'mileage', 'tax', 'mpg'], 'outlier_remover__mod_outliers_cols': ['tax', 'mpg'], 'outlier_remover__contamination_LOF': 0.15, 'outlier_remover__contamination_IF': 0.3, 'model': RandomForestRegressor(max_depth=12, max_features='sqrt', min_samples_leaf=4,
                      min_samples_split=10, random_state=42), 'imputer__knn_scaling_method': 'robust', 'imputer__knn_neighbors': 11, 'imputer__imputation_method': 'simple', 'encoder__method': 'target'}",-2705.19452789543,-2579.617578208995,-2609.8192779348356,-2631.5437946797533,53.5185858307655,266,-2209.185449728008,-2005.1956827482684,-2091.1188706164776,-2101.833334364251,83.6223895782458
147,0,2000,0.15781895319620767,0.0014095230893480736,0.01617296536763509,0.0015424210378129641,kbest,6,rf,10,standard,"['car_age', 'mileage', 'tax', 'mpg']",2,"['car_age', 'mileage', 'engineSize']",IQR,70,"['car_age', 'mileage', 'tax', 'mpg', 'engineSize']","['car_age', 'mileage', 'tax', 'mpg']",0.05,0.15,"RandomForestRegressor(max_depth=12, max_features='sqrt', min_samples_leaf=4,
                      min_samples_split=10, random_state=42)",robust,17,iterative,freq,"{'selector__selection_method': 'kbest', 'selector__n_features_to_select': 6, 'selector__model_name': 'rf', 'selector__k': 10, 'scaler__scaler_name': 'standard', 'outlier_remover__z_columns': ['car_age', 'mileage', 'tax', 'mpg'], 'outlier_remover__threshold': 2, 'outlier_remover__sev_outliers_cols': ['car_age', 'mileage', 'engineSize'], 'outlier_remover__outlier_method': 'IQR', 'outlier_remover__n_neighbors': 70, 'outlier_remover__model_columns': ['car_age', 'mileage', 'tax', 'mpg', 'engineSize'], 'outlier_remover__mod_outliers_cols': ['car_age', 'mileage', 'tax', 'mpg'], 'outlier_remover__contamination_LOF': 0.05, 'outlier_remover__contamination_IF': 0.15, 'model': RandomForestRegressor(max_depth=12, max_features='sqrt', min_samples_leaf=4,
                      min_samples_split=10, random_state=42), 'imputer__knn_scaling_method': 'robust', 'imputer__knn_neighbors': 17, 'imputer__imputation_method': 'iterative', 'encoder__method': 'freq'}",-2820.73046774678,-2647.389086761286,-2561.4429314812537,-2676.5208286631064,107.8393879969571,293,-2050.0034879236996,-2002.1179073896299,-1991.486047120783,-2014.535814144704,25.452256293748636
148,0,2000,0.30254658063252765,0.022495009949333743,0.0345000425974528,0.02251886322861932,kbest,10,rf,5,robust,"['car_age', 'mileage', 'tax', 'mpg']",3,"['car_age', 'mileage']",Isolation_Forest,90,"['tax', 'mpg']","['car_age', 'mileage', 'tax', 'mpg']",0.5,0.05,"RandomForestRegressor(max_depth=12, max_features='sqrt', min_samples_leaf=4,
                      min_samples_split=10, random_state=42)",standard,16,simple,freq,"{'selector__selection_method': 'kbest', 'selector__n_features_to_select': 10, 'selector__model_name': 'rf', 'selector__k': 5, 'scaler__scaler_name': 'robust', 'outlier_remover__z_columns': ['car_age', 'mileage', 'tax', 'mpg'], 'outlier_remover__threshold': 3, 'outlier_remover__sev_outliers_cols': ['car_age', 'mileage'], 'outlier_remover__outlier_method': 'Isolation_Forest', 'outlier_remover__n_neighbors': 90, 'outlier_remover__model_columns': ['tax', 'mpg'], 'outlier_remover__mod_outliers_cols': ['car_age', 'mileage', 'tax', 'mpg'], 'outlier_remover__contamination_LOF': 0.5, 'outlier_remover__contamination_IF': 0.05, 'model': RandomForestRegressor(max_depth=12, max_features='sqrt', min_samples_leaf=4,
                      min_samples_split=10, random_state=42), 'imputer__knn_scaling_method': 'standard', 'imputer__knn_neighbors': 16, 'imputer__imputation_method': 'simple', 'encoder__method': 'freq'}",-3076.395207912291,-2989.1942444877186,-2816.825683351335,-2960.805045250448,107.85343293933745,357,-2442.4641850628286,-2415.5278673010794,-2349.905899168044,-2402.632650510651,38.871360785710316
149,0,2000,0.4730370839436849,0.05517631727585048,0.010239919026692709,0.00044633797619430637,model,9,rf,7,robust,"['car_age', 'mileage', 'tax', 'mpg']",2,"['car_age', 'mileage']",z_score,70,"['car_age', 'mileage', 'tax', 'mpg']","['car_age', 'mileage', 'tax', 'mpg']",0.3,0.3,"RandomForestRegressor(max_depth=12, max_features='sqrt', min_samples_leaf=4,
                      min_samples_split=10, random_state=42)",minmax,12,simple,freq,"{'selector__selection_method': 'model', 'selector__n_features_to_select': 9, 'selector__model_name': 'rf', 'selector__k': 7, 'scaler__scaler_name': 'robust', 'outlier_remover__z_columns': ['car_age', 'mileage', 'tax', 'mpg'], 'outlier_remover__threshold': 2, 'outlier_remover__sev_outliers_cols': ['car_age', 'mileage'], 'outlier_remover__outlier_method': 'z_score', 'outlier_remover__n_neighbors': 70, 'outlier_remover__model_columns': ['car_age', 'mileage', 'tax', 'mpg'], 'outlier_remover__mod_outliers_cols': ['car_age', 'mileage', 'tax', 'mpg'], 'outlier_remover__contamination_LOF': 0.3, 'outlier_remover__contamination_IF': 0.3, 'model': RandomForestRegressor(max_depth=12, max_features='sqrt', min_samples_leaf=4,
                      min_samples_split=10, random_state=42), 'imputer__knn_scaling_method': 'minmax', 'imputer__knn_neighbors': 12, 'imputer__imputation_method': 'simple', 'encoder__method': 'freq'}",-2724.55359754506,-2649.9662289241846,-2588.244197591815,-2654.25467468702,55.730639114697624,274,-2108.440665705024,-2096.6678877663417,-2074.9260444716188,-2093.3448659809947,13.882586561206137
150,0,2000,0.44930656750996906,0.008939220854134448,0.011679331461588541,0.0008886177483064147,model,10,rf,9,standard,"['car_age', 'mileage', 'tax', 'mpg']",3,"['car_age', 'mileage']",z_score,70,"['tax', 'mpg']","['car_age', 'mileage', 'tax', 'mpg']",0.15,0.15,"RandomForestRegressor(max_depth=12, max_features='sqrt', min_samples_leaf=4,
                      min_samples_split=10, random_state=42)",minmax,6,iterative,target,"{'selector__selection_method': 'model', 'selector__n_features_to_select': 10, 'selector__model_name': 'rf', 'selector__k': 9, 'scaler__scaler_name': 'standard', 'outlier_remover__z_columns': ['car_age', 'mileage', 'tax', 'mpg'], 'outlier_remover__threshold': 3, 'outlier_remover__sev_outliers_cols': ['car_age', 'mileage'], 'outlier_remover__outlier_method': 'z_score', 'outlier_remover__n_neighbors': 70, 'outlier_remover__model_columns': ['tax', 'mpg'], 'outlier_remover__mod_outliers_cols': ['car_age', 'mileage', 'tax', 'mpg'], 'outlier_remover__contamination_LOF': 0.15, 'outlier_remover__contamination_IF': 0.15, 'model': RandomForestRegressor(max_depth=12, max_features='sqrt', min_samples_leaf=4,
                      min_samples_split=10, random_state=42), 'imputer__knn_scaling_method': 'minmax', 'imputer__knn_neighbors': 6, 'imputer__imputation_method': 'iterative', 'encoder__method': 'target'}",-2582.5736230580897,-2376.569815759209,-2279.168666941267,-2412.770701919522,126.48193538514163,189,-1734.4835021554263,-1717.3628432417386,-1689.0844129548664,-1713.6435861173438,18.71975748112354
151,0,2000,0.4154042402903239,0.030743534461494516,0.011285702387491861,0.0022480551276379997,model,5,rf,7,minmax,"['car_age', 'mileage', 'tax', 'mpg']",3,"['car_age', 'mileage']",IQR,70,"['car_age', 'mileage', 'tax', 'mpg']","['car_age', 'mileage', 'tax', 'mpg']",0.05,0.5,"RandomForestRegressor(max_depth=12, max_features='sqrt', min_samples_leaf=4,
                      min_samples_split=10, random_state=42)",standard,15,simple,target,"{'selector__selection_method': 'model', 'selector__n_features_to_select': 5, 'selector__model_name': 'rf', 'selector__k': 7, 'scaler__scaler_name': 'minmax', 'outlier_remover__z_columns': ['car_age', 'mileage', 'tax', 'mpg'], 'outlier_remover__threshold': 3, 'outlier_remover__sev_outliers_cols': ['car_age', 'mileage'], 'outlier_remover__outlier_method': 'IQR', 'outlier_remover__n_neighbors': 70, 'outlier_remover__model_columns': ['car_age', 'mileage', 'tax', 'mpg'], 'outlier_remover__mod_outliers_cols': ['car_age', 'mileage', 'tax', 'mpg'], 'outlier_remover__contamination_LOF': 0.05, 'outlier_remover__contamination_IF': 0.5, 'model': RandomForestRegressor(max_depth=12, max_features='sqrt', min_samples_leaf=4,
                      min_samples_split=10, random_state=42), 'imputer__knn_scaling_method': 'standard', 'imputer__knn_neighbors': 15, 'imputer__imputation_method': 'simple', 'encoder__method': 'target'}",-2576.2342524173923,-2354.0131454495677,-2326.2881155956306,-2418.845171154197,111.86498259287094,199,-1798.3875742869516,-1788.3979228162186,-1806.240383704573,-1797.6752936025812,7.3015459763947845
152,0,2000,0.10315998395284016,0.0017872423924702116,0.012811422348022461,0.0026904396788767987,kbest,7,rf,8,standard,"['car_age', 'mileage', 'tax', 'mpg']",3,"['car_age', 'mileage', 'engineSize']",IQR,30,"['car_age', 'mileage', 'tax', 'mpg']","['car_age', 'mileage', 'tax', 'mpg']",0.05,0.15,"RandomForestRegressor(max_depth=12, max_features='sqrt', min_samples_leaf=4,
                      min_samples_split=10, random_state=42)",robust,17,simple,freq,"{'selector__selection_method': 'kbest', 'selector__n_features_to_select': 7, 'selector__model_name': 'rf', 'selector__k': 8, 'scaler__scaler_name': 'standard', 'outlier_remover__z_columns': ['car_age', 'mileage', 'tax', 'mpg'], 'outlier_remover__threshold': 3, 'outlier_remover__sev_outliers_cols': ['car_age', 'mileage', 'engineSize'], 'outlier_remover__outlier_method': 'IQR', 'outlier_remover__n_neighbors': 30, 'outlier_remover__model_columns': ['car_age', 'mileage', 'tax', 'mpg'], 'outlier_remover__mod_outliers_cols': ['car_age', 'mileage', 'tax', 'mpg'], 'outlier_remover__contamination_LOF': 0.05, 'outlier_remover__contamination_IF': 0.15, 'model': RandomForestRegressor(max_depth=12, max_features='sqrt', min_samples_leaf=4,
                      min_samples_split=10, random_state=42), 'imputer__knn_scaling_method': 'robust', 'imputer__knn_neighbors': 17, 'imputer__imputation_method': 'simple', 'encoder__method': 'freq'}",-2883.075100401099,-2796.2244765353867,-2693.400900300108,-2790.900159078865,77.52563796693785,326,-2303.832405749822,-2215.7225376790607,-2185.5047998873415,-2235.019914438741,50.19725848849011
153,0,2000,1.3136686484018962,0.025301418746175787,0.08850876490275066,0.005188032627841413,rfe,7,rf,7,minmax,"['car_age', 'mileage', 'tax', 'mpg']",3,"['car_age', 'mileage']",LOF,70,"['car_age', 'mileage', 'tax', 'mpg', 'engineSize']","['car_age', 'mileage', 'tax', 'mpg']",0.15,0.05,"RandomForestRegressor(max_depth=12, max_features='sqrt', min_samples_leaf=4,
                      min_samples_split=10, random_state=42)",robust,17,knn_modelwise,freq,"{'selector__selection_method': 'rfe', 'selector__n_features_to_select': 7, 'selector__model_name': 'rf', 'selector__k': 7, 'scaler__scaler_name': 'minmax', 'outlier_remover__z_columns': ['car_age', 'mileage', 'tax', 'mpg'], 'outlier_remover__threshold': 3, 'outlier_remover__sev_outliers_cols': ['car_age', 'mileage'], 'outlier_remover__outlier_method': 'LOF', 'outlier_remover__n_neighbors': 70, 'outlier_remover__model_columns': ['car_age', 'mileage', 'tax', 'mpg', 'engineSize'], 'outlier_remover__mod_outliers_cols': ['car_age', 'mileage', 'tax', 'mpg'], 'outlier_remover__contamination_LOF': 0.15, 'outlier_remover__contamination_IF': 0.05, 'model': RandomForestRegressor(max_depth=12, max_features='sqrt', min_samples_leaf=4,
                      min_samples_split=10, random_state=42), 'imputer__knn_scaling_method': 'robust', 'imputer__knn_neighbors': 17, 'imputer__imputation_method': 'knn_modelwise', 'encoder__method': 'freq'}",-3090.3458816780576,-2776.9274486719432,-2737.538442321334,-2868.270590890445,157.8521450368965,339,-2431.4140229277987,-2233.7274038100104,-2255.462563534755,-2306.8679967575213,88.51323354229989
154,0,2000,0.1155089537302653,0.004091982614842813,0.009603420893351236,9.69138206132373e-05,kbest,6,rf,10,robust,"['car_age', 'mileage', 'tax', 'mpg']",2,"['car_age', 'mileage']",IQR,30,"['car_age', 'mileage', 'tax', 'mpg', 'engineSize']","['car_age', 'mileage', 'tax', 'mpg']",0.3,0.3,"RandomForestRegressor(max_depth=12, max_features='sqrt', min_samples_leaf=4,
                      min_samples_split=10, random_state=42)",robust,10,simple,freq,"{'selector__selection_method': 'kbest', 'selector__n_features_to_select': 6, 'selector__model_name': 'rf', 'selector__k': 10, 'scaler__scaler_name': 'robust', 'outlier_remover__z_columns': ['car_age', 'mileage', 'tax', 'mpg'], 'outlier_remover__threshold': 2, 'outlier_remover__sev_outliers_cols': ['car_age', 'mileage'], 'outlier_remover__outlier_method': 'IQR', 'outlier_remover__n_neighbors': 30, 'outlier_remover__model_columns': ['car_age', 'mileage', 'tax', 'mpg', 'engineSize'], 'outlier_remover__mod_outliers_cols': ['car_age', 'mileage', 'tax', 'mpg'], 'outlier_remover__contamination_LOF': 0.3, 'outlier_remover__contamination_IF': 0.3, 'model': RandomForestRegressor(max_depth=12, max_features='sqrt', min_samples_leaf=4,
                      min_samples_split=10, random_state=42), 'imputer__knn_scaling_method': 'robust', 'imputer__knn_neighbors': 10, 'imputer__imputation_method': 'simple', 'encoder__method': 'freq'}",-2794.194957164329,-2669.1111343365783,-2597.8163729027906,-2687.040821467899,81.16749082242156,303,-2088.8400952439133,-2018.5985335555226,-2040.5215693318446,-2049.32006604376,29.34313554477083
155,0,2000,0.11748099327087402,0.006872834996240296,0.00974710782368978,9.072473520781658e-05,kbest,8,rf,10,standard,"['car_age', 'mileage', 'tax', 'mpg']",2,"['car_age', 'mileage', 'engineSize']",IQR,70,"['car_age', 'mileage', 'tax', 'mpg']","['car_age', 'mileage', 'tax', 'mpg']",0.3,0.3,"RandomForestRegressor(max_depth=12, max_features='sqrt', min_samples_leaf=4,
                      min_samples_split=10, random_state=42)",robust,19,simple,target,"{'selector__selection_method': 'kbest', 'selector__n_features_to_select': 8, 'selector__model_name': 'rf', 'selector__k': 10, 'scaler__scaler_name': 'standard', 'outlier_remover__z_columns': ['car_age', 'mileage', 'tax', 'mpg'], 'outlier_remover__threshold': 2, 'outlier_remover__sev_outliers_cols': ['car_age', 'mileage', 'engineSize'], 'outlier_remover__outlier_method': 'IQR', 'outlier_remover__n_neighbors': 70, 'outlier_remover__model_columns': ['car_age', 'mileage', 'tax', 'mpg'], 'outlier_remover__mod_outliers_cols': ['car_age', 'mileage', 'tax', 'mpg'], 'outlier_remover__contamination_LOF': 0.3, 'outlier_remover__contamination_IF': 0.3, 'model': RandomForestRegressor(max_depth=12, max_features='sqrt', min_samples_leaf=4,
                      min_samples_split=10, random_state=42), 'imputer__knn_scaling_method': 'robust', 'imputer__knn_neighbors': 19, 'imputer__imputation_method': 'simple', 'encoder__method': 'target'}",-2558.406912485291,-2430.9971081114863,-2381.474554850912,-2456.95952514923,74.52874218870728,230,-1771.0078684035486,-1788.0424676380565,-1759.461511677027,-1772.8372825728773,11.739614646253168
156,0,2000,0.8624467055002848,0.012737300408454118,0.010653416315714518,0.0004105040079028932,rfe,8,rf,7,standard,"['car_age', 'mileage', 'tax', 'mpg']",3,"['car_age', 'mileage']",Isolation_Forest,100,"['car_age', 'mileage', 'tax', 'mpg', 'engineSize']","['car_age', 'mileage', 'tax', 'mpg']",0.3,0.15,"RandomForestRegressor(max_depth=12, max_features='sqrt', min_samples_leaf=4,
                      min_samples_split=10, random_state=42)",robust,20,iterative,freq,"{'selector__selection_method': 'rfe', 'selector__n_features_to_select': 8, 'selector__model_name': 'rf', 'selector__k': 7, 'scaler__scaler_name': 'standard', 'outlier_remover__z_columns': ['car_age', 'mileage', 'tax', 'mpg'], 'outlier_remover__threshold': 3, 'outlier_remover__sev_outliers_cols': ['car_age', 'mileage'], 'outlier_remover__outlier_method': 'Isolation_Forest', 'outlier_remover__n_neighbors': 100, 'outlier_remover__model_columns': ['car_age', 'mileage', 'tax', 'mpg', 'engineSize'], 'outlier_remover__mod_outliers_cols': ['car_age', 'mileage', 'tax', 'mpg'], 'outlier_remover__contamination_LOF': 0.3, 'outlier_remover__contamination_IF': 0.15, 'model': RandomForestRegressor(max_depth=12, max_features='sqrt', min_samples_leaf=4,
                      min_samples_split=10, random_state=42), 'imputer__knn_scaling_method': 'robust', 'imputer__knn_neighbors': 20, 'imputer__imputation_method': 'iterative', 'encoder__method': 'freq'}",-3020.5471273931976,-2843.7354088746224,-2837.854886753184,-2900.7124743403347,84.76989713072363,343,-2599.9440782938605,-2501.021847204476,-2479.161023306253,-2526.708982934863,52.54844304422571
157,0,2000,0.4117293357849121,0.010841745907281833,0.013881683349609375,0.0024636856482677543,model,5,rf,5,minmax,"['car_age', 'mileage', 'tax', 'mpg']",2,"['car_age', 'mileage', 'engineSize']",z_score,30,"['tax', 'mpg']","['car_age', 'mileage', 'tax', 'mpg']",0.15,0.05,"RandomForestRegressor(max_depth=12, max_features='sqrt', min_samples_leaf=4,
                      min_samples_split=10, random_state=42)",standard,7,iterative,freq,"{'selector__selection_method': 'model', 'selector__n_features_to_select': 5, 'selector__model_name': 'rf', 'selector__k': 5, 'scaler__scaler_name': 'minmax', 'outlier_remover__z_columns': ['car_age', 'mileage', 'tax', 'mpg'], 'outlier_remover__threshold': 2, 'outlier_remover__sev_outliers_cols': ['car_age', 'mileage', 'engineSize'], 'outlier_remover__outlier_method': 'z_score', 'outlier_remover__n_neighbors': 30, 'outlier_remover__model_columns': ['tax', 'mpg'], 'outlier_remover__mod_outliers_cols': ['car_age', 'mileage', 'tax', 'mpg'], 'outlier_remover__contamination_LOF': 0.15, 'outlier_remover__contamination_IF': 0.05, 'model': RandomForestRegressor(max_depth=12, max_features='sqrt', min_samples_leaf=4,
                      min_samples_split=10, random_state=42), 'imputer__knn_scaling_method': 'standard', 'imputer__knn_neighbors': 7, 'imputer__imputation_method': 'iterative', 'encoder__method': 'freq'}",-3043.499542280164,-2923.4164395179446,-2792.216649454952,-2919.710877084354,102.61926866290325,349,-2309.610301193663,-2311.368985283504,-2247.1307105929063,-2289.3699990233577,29.876315678310796
158,0,2000,0.1226040522257487,0.003534160390552457,0.013411283493041992,0.0027022095932984465,kbest,6,rf,6,standard,"['car_age', 'mileage', 'tax', 'mpg']",2,"['car_age', 'mileage', 'engineSize']",LOF,90,"['car_age', 'mileage', 'tax', 'mpg']","['tax', 'mpg']",0.05,0.05,"RandomForestRegressor(max_depth=12, max_features='sqrt', min_samples_leaf=4,
                      min_samples_split=10, random_state=42)",robust,17,simple,freq,"{'selector__selection_method': 'kbest', 'selector__n_features_to_select': 6, 'selector__model_name': 'rf', 'selector__k': 6, 'scaler__scaler_name': 'standard', 'outlier_remover__z_columns': ['car_age', 'mileage', 'tax', 'mpg'], 'outlier_remover__threshold': 2, 'outlier_remover__sev_outliers_cols': ['car_age', 'mileage', 'engineSize'], 'outlier_remover__outlier_method': 'LOF', 'outlier_remover__n_neighbors': 90, 'outlier_remover__model_columns': ['car_age', 'mileage', 'tax', 'mpg'], 'outlier_remover__mod_outliers_cols': ['tax', 'mpg'], 'outlier_remover__contamination_LOF': 0.05, 'outlier_remover__contamination_IF': 0.05, 'model': RandomForestRegressor(max_depth=12, max_features='sqrt', min_samples_leaf=4,
                      min_samples_split=10, random_state=42), 'imputer__knn_scaling_method': 'robust', 'imputer__knn_neighbors': 17, 'imputer__imputation_method': 'simple', 'encoder__method': 'freq'}",-3150.3460710572103,-2965.453450164273,-2857.6851914209306,-2991.1615708808044,120.8532945915614,363,-2494.9245992215224,-2388.8544017706286,-2348.44858604478,-2410.74252901231,61.76904939449503
159,0,2000,0.31773193677266437,0.009694664095830334,0.009642839431762695,0.0006949606993349647,model,8,rf,9,minmax,"['car_age', 'mileage', 'tax', 'mpg']",3,"['car_age', 'mileage']",Isolation_Forest,30,"['tax', 'mpg']","['tax', 'mpg']",0.3,0.5,"RandomForestRegressor(max_depth=12, max_features='sqrt', min_samples_leaf=4,
                      min_samples_split=10, random_state=42)",minmax,11,simple,target,"{'selector__selection_method': 'model', 'selector__n_features_to_select': 8, 'selector__model_name': 'rf', 'selector__k': 9, 'scaler__scaler_name': 'minmax', 'outlier_remover__z_columns': ['car_age', 'mileage', 'tax', 'mpg'], 'outlier_remover__threshold': 3, 'outlier_remover__sev_outliers_cols': ['car_age', 'mileage'], 'outlier_remover__outlier_method': 'Isolation_Forest', 'outlier_remover__n_neighbors': 30, 'outlier_remover__model_columns': ['tax', 'mpg'], 'outlier_remover__mod_outliers_cols': ['tax', 'mpg'], 'outlier_remover__contamination_LOF': 0.3, 'outlier_remover__contamination_IF': 0.5, 'model': RandomForestRegressor(max_depth=12, max_features='sqrt', min_samples_leaf=4,
                      min_samples_split=10, random_state=42), 'imputer__knn_scaling_method': 'minmax', 'imputer__knn_neighbors': 11, 'imputer__imputation_method': 'simple', 'encoder__method': 'target'}",-3130.7917704430583,-3069.7111398662087,-3232.063901273349,-3144.188937194205,66.95380418293145,377,-2761.951075854892,-2728.466389051006,-2991.8572161517395,-2827.42489368588,117.0720506532226
160,0,2000,1.2967663606007893,0.0060565087840416,0.01100762685139974,0.0004658878937467482,rfe,6,rf,10,standard,"['car_age', 'mileage', 'tax', 'mpg']",2,"['car_age', 'mileage']",Isolation_Forest,30,"['car_age', 'mileage', 'tax', 'mpg']","['car_age', 'mileage', 'tax', 'mpg']",0.15,0.15,"RandomForestRegressor(max_depth=12, max_features='sqrt', min_samples_leaf=4,
                      min_samples_split=10, random_state=42)",robust,15,iterative,target,"{'selector__selection_method': 'rfe', 'selector__n_features_to_select': 6, 'selector__model_name': 'rf', 'selector__k': 10, 'scaler__scaler_name': 'standard', 'outlier_remover__z_columns': ['car_age', 'mileage', 'tax', 'mpg'], 'outlier_remover__threshold': 2, 'outlier_remover__sev_outliers_cols': ['car_age', 'mileage'], 'outlier_remover__outlier_method': 'Isolation_Forest', 'outlier_remover__n_neighbors': 30, 'outlier_remover__model_columns': ['car_age', 'mileage', 'tax', 'mpg'], 'outlier_remover__mod_outliers_cols': ['car_age', 'mileage', 'tax', 'mpg'], 'outlier_remover__contamination_LOF': 0.15, 'outlier_remover__contamination_IF': 0.15, 'model': RandomForestRegressor(max_depth=12, max_features='sqrt', min_samples_leaf=4,
                      min_samples_split=10, random_state=42), 'imputer__knn_scaling_method': 'robust', 'imputer__knn_neighbors': 15, 'imputer__imputation_method': 'iterative', 'encoder__method': 'target'}",-2739.7362082718805,-2666.3333893225954,-2594.109156064458,-2666.726251219645,59.4526441184267,284,-2161.5938761840525,-2077.3820655482127,-2060.8292146109766,-2099.935052114414,44.119966438303734
161,0,2000,0.3382733662923177,0.004836412916753867,0.010559956232706705,0.0002611977064617224,model,5,rf,9,standard,"['car_age', 'mileage', 'tax', 'mpg']",2,"['car_age', 'mileage']",LOF,100,"['car_age', 'mileage', 'tax', 'mpg']","['car_age', 'mileage', 'tax', 'mpg']",0.3,0.05,"RandomForestRegressor(max_depth=12, max_features='sqrt', min_samples_leaf=4,
                      min_samples_split=10, random_state=42)",standard,6,iterative,target,"{'selector__selection_method': 'model', 'selector__n_features_to_select': 5, 'selector__model_name': 'rf', 'selector__k': 9, 'scaler__scaler_name': 'standard', 'outlier_remover__z_columns': ['car_age', 'mileage', 'tax', 'mpg'], 'outlier_remover__threshold': 2, 'outlier_remover__sev_outliers_cols': ['car_age', 'mileage'], 'outlier_remover__outlier_method': 'LOF', 'outlier_remover__n_neighbors': 100, 'outlier_remover__model_columns': ['car_age', 'mileage', 'tax', 'mpg'], 'outlier_remover__mod_outliers_cols': ['car_age', 'mileage', 'tax', 'mpg'], 'outlier_remover__contamination_LOF': 0.3, 'outlier_remover__contamination_IF': 0.05, 'model': RandomForestRegressor(max_depth=12, max_features='sqrt', min_samples_leaf=4,
                      min_samples_split=10, random_state=42), 'imputer__knn_scaling_method': 'standard', 'imputer__knn_neighbors': 6, 'imputer__imputation_method': 'iterative', 'encoder__method': 'target'}",-2832.038880495889,-2574.0339102682865,-2643.225234834629,-2683.0993418662683,109.0385236945012,300,-2135.9399287959536,-2118.050674872307,-2167.615415904662,-2140.535339857641,20.493970503874394
162,0,2000,0.07351994514465332,0.003144225050975625,0.00901635487874349,7.288237541649213e-05,kbest,7,rf,5,standard,"['car_age', 'mileage', 'tax', 'mpg']",2,"['car_age', 'mileage']",LOF,30,"['car_age', 'mileage', 'tax', 'mpg']","['tax', 'mpg']",0.5,0.3,"RandomForestRegressor(max_depth=12, max_features='sqrt', min_samples_leaf=4,
                      min_samples_split=10, random_state=42)",standard,11,simple,freq,"{'selector__selection_method': 'kbest', 'selector__n_features_to_select': 7, 'selector__model_name': 'rf', 'selector__k': 5, 'scaler__scaler_name': 'standard', 'outlier_remover__z_columns': ['car_age', 'mileage', 'tax', 'mpg'], 'outlier_remover__threshold': 2, 'outlier_remover__sev_outliers_cols': ['car_age', 'mileage'], 'outlier_remover__outlier_method': 'LOF', 'outlier_remover__n_neighbors': 30, 'outlier_remover__model_columns': ['car_age', 'mileage', 'tax', 'mpg'], 'outlier_remover__mod_outliers_cols': ['tax', 'mpg'], 'outlier_remover__contamination_LOF': 0.5, 'outlier_remover__contamination_IF': 0.3, 'model': RandomForestRegressor(max_depth=12, max_features='sqrt', min_samples_leaf=4,
                      min_samples_split=10, random_state=42), 'imputer__knn_scaling_method': 'standard', 'imputer__knn_neighbors': 11, 'imputer__imputation_method': 'simple', 'encoder__method': 'freq'}",-3114.4504155292693,-2979.8091590319923,-3029.750412417025,-3041.3366623260954,55.57426189648084,367,-2910.6039941292224,-2690.302067679383,-2774.732534583398,-2791.879532130668,90.75148976937759
163,0,2000,0.12280766169230144,0.01121054916847642,0.011945327123006185,0.0009153307997925123,kbest,10,rf,7,standard,"['car_age', 'mileage', 'tax', 'mpg']",2,"['car_age', 'mileage', 'engineSize']",LOF,70,"['tax', 'mpg']","['tax', 'mpg']",0.3,0.05,"RandomForestRegressor(max_depth=12, max_features='sqrt', min_samples_leaf=4,
                      min_samples_split=10, random_state=42)",standard,9,iterative,freq,"{'selector__selection_method': 'kbest', 'selector__n_features_to_select': 10, 'selector__model_name': 'rf', 'selector__k': 7, 'scaler__scaler_name': 'standard', 'outlier_remover__z_columns': ['car_age', 'mileage', 'tax', 'mpg'], 'outlier_remover__threshold': 2, 'outlier_remover__sev_outliers_cols': ['car_age', 'mileage', 'engineSize'], 'outlier_remover__outlier_method': 'LOF', 'outlier_remover__n_neighbors': 70, 'outlier_remover__model_columns': ['tax', 'mpg'], 'outlier_remover__mod_outliers_cols': ['tax', 'mpg'], 'outlier_remover__contamination_LOF': 0.3, 'outlier_remover__contamination_IF': 0.05, 'model': RandomForestRegressor(max_depth=12, max_features='sqrt', min_samples_leaf=4,
                      min_samples_split=10, random_state=42), 'imputer__knn_scaling_method': 'standard', 'imputer__knn_neighbors': 9, 'imputer__imputation_method': 'iterative', 'encoder__method': 'freq'}",-3243.7285205187113,-3034.843840166549,-3051.0757523358825,-3109.882704340381,94.87499011682267,373,-2904.1524564677384,-2643.010805754672,-2737.4179262089797,-2761.527062810463,107.9650507804509
164,0,2000,0.5789716243743896,0.020039037523442493,0.08778198560078938,0.005773046555292198,model,10,rf,7,standard,"['car_age', 'mileage', 'tax', 'mpg']",3,"['car_age', 'mileage']",Isolation_Forest,90,"['tax', 'mpg']","['tax', 'mpg']",0.5,0.15,"RandomForestRegressor(max_depth=12, max_features='sqrt', min_samples_leaf=4,
                      min_samples_split=10, random_state=42)",standard,18,knn_modelwise,freq,"{'selector__selection_method': 'model', 'selector__n_features_to_select': 10, 'selector__model_name': 'rf', 'selector__k': 7, 'scaler__scaler_name': 'standard', 'outlier_remover__z_columns': ['car_age', 'mileage', 'tax', 'mpg'], 'outlier_remover__threshold': 3, 'outlier_remover__sev_outliers_cols': ['car_age', 'mileage'], 'outlier_remover__outlier_method': 'Isolation_Forest', 'outlier_remover__n_neighbors': 90, 'outlier_remover__model_columns': ['tax', 'mpg'], 'outlier_remover__mod_outliers_cols': ['tax', 'mpg'], 'outlier_remover__contamination_LOF': 0.5, 'outlier_remover__contamination_IF': 0.15, 'model': RandomForestRegressor(max_depth=12, max_features='sqrt', min_samples_leaf=4,
                      min_samples_split=10, random_state=42), 'imputer__knn_scaling_method': 'standard', 'imputer__knn_neighbors': 18, 'imputer__imputation_method': 'knn_modelwise', 'encoder__method': 'freq'}",-2821.031706959134,-2645.8111538035414,-2615.46159915833,-2694.101486640335,90.60439463007965,308,-2353.6831474110995,-2237.5084913788946,-2174.806029940171,-2255.332556243389,74.1059095929484
165,0,2000,0.45134957631429035,0.02491966846971135,0.013700723648071289,0.0024851153723122544,model,10,rf,8,standard,"['car_age', 'mileage', 'tax', 'mpg']",2,"['car_age', 'mileage']",Isolation_Forest,50,"['tax', 'mpg']","['car_age', 'mileage', 'tax', 'mpg']",0.3,0.15,"RandomForestRegressor(max_depth=12, max_features='sqrt', min_samples_leaf=4,
                      min_samples_split=10, random_state=42)",standard,12,iterative,target,"{'selector__selection_method': 'model', 'selector__n_features_to_select': 10, 'selector__model_name': 'rf', 'selector__k': 8, 'scaler__scaler_name': 'standard', 'outlier_remover__z_columns': ['car_age', 'mileage', 'tax', 'mpg'], 'outlier_remover__threshold': 2, 'outlier_remover__sev_outliers_cols': ['car_age', 'mileage'], 'outlier_remover__outlier_method': 'Isolation_Forest', 'outlier_remover__n_neighbors': 50, 'outlier_remover__model_columns': ['tax', 'mpg'], 'outlier_remover__mod_outliers_cols': ['car_age', 'mileage', 'tax', 'mpg'], 'outlier_remover__contamination_LOF': 0.3, 'outlier_remover__contamination_IF': 0.15, 'model': RandomForestRegressor(max_depth=12, max_features='sqrt', min_samples_leaf=4,
                      min_samples_split=10, random_state=42), 'imputer__knn_scaling_method': 'standard', 'imputer__knn_neighbors': 12, 'imputer__imputation_method': 'iterative', 'encoder__method': 'target'}",-2695.482599816752,-2476.622064269073,-2374.8405893894696,-2515.648417825098,133.77871508981363,245,-2142.790753329701,-2011.4496868122537,-1975.485126200127,-2043.2418554473606,71.90665109337858
166,0,2000,0.17813396453857422,0.0232239729366711,0.013182401657104492,0.0016564187363428075,kbest,6,rf,8,robust,"['car_age', 'mileage', 'tax', 'mpg']",3,"['car_age', 'mileage', 'engineSize']",Isolation_Forest,90,"['tax', 'mpg']","['car_age', 'mileage', 'tax', 'mpg']",0.5,0.3,"RandomForestRegressor(max_depth=12, max_features='sqrt', min_samples_leaf=4,
                      min_samples_split=10, random_state=42)",standard,15,iterative,freq,"{'selector__selection_method': 'kbest', 'selector__n_features_to_select': 6, 'selector__model_name': 'rf', 'selector__k': 8, 'scaler__scaler_name': 'robust', 'outlier_remover__z_columns': ['car_age', 'mileage', 'tax', 'mpg'], 'outlier_remover__threshold': 3, 'outlier_remover__sev_outliers_cols': ['car_age', 'mileage', 'engineSize'], 'outlier_remover__outlier_method': 'Isolation_Forest', 'outlier_remover__n_neighbors': 90, 'outlier_remover__model_columns': ['tax', 'mpg'], 'outlier_remover__mod_outliers_cols': ['car_age', 'mileage', 'tax', 'mpg'], 'outlier_remover__contamination_LOF': 0.5, 'outlier_remover__contamination_IF': 0.3, 'model': RandomForestRegressor(max_depth=12, max_features='sqrt', min_samples_leaf=4,
                      min_samples_split=10, random_state=42), 'imputer__knn_scaling_method': 'standard', 'imputer__knn_neighbors': 15, 'imputer__imputation_method': 'iterative', 'encoder__method': 'freq'}",-3132.9994329622978,-3029.55772239346,-2946.753902777637,-3036.437019377798,76.18986338391913,366,-2741.358851810055,-2621.8465152549925,-2606.0150284821652,-2656.4067985157376,60.41687133326235
167,0,2000,0.5963703791300455,0.02761029962946371,0.09136343002319336,0.006637808633541038,model,8,rf,8,robust,"['car_age', 'mileage', 'tax', 'mpg']",2,"['car_age', 'mileage', 'engineSize']",IQR,90,"['car_age', 'mileage', 'tax', 'mpg']","['car_age', 'mileage', 'tax', 'mpg']",0.5,0.5,"RandomForestRegressor(max_depth=12, max_features='sqrt', min_samples_leaf=4,
                      min_samples_split=10, random_state=42)",standard,20,knn_modelwise,freq,"{'selector__selection_method': 'model', 'selector__n_features_to_select': 8, 'selector__model_name': 'rf', 'selector__k': 8, 'scaler__scaler_name': 'robust', 'outlier_remover__z_columns': ['car_age', 'mileage', 'tax', 'mpg'], 'outlier_remover__threshold': 2, 'outlier_remover__sev_outliers_cols': ['car_age', 'mileage', 'engineSize'], 'outlier_remover__outlier_method': 'IQR', 'outlier_remover__n_neighbors': 90, 'outlier_remover__model_columns': ['car_age', 'mileage', 'tax', 'mpg'], 'outlier_remover__mod_outliers_cols': ['car_age', 'mileage', 'tax', 'mpg'], 'outlier_remover__contamination_LOF': 0.5, 'outlier_remover__contamination_IF': 0.5, 'model': RandomForestRegressor(max_depth=12, max_features='sqrt', min_samples_leaf=4,
                      min_samples_split=10, random_state=42), 'imputer__knn_scaling_method': 'standard', 'imputer__knn_neighbors': 20, 'imputer__imputation_method': 'knn_modelwise', 'encoder__method': 'freq'}",-2786.542704746289,-2622.4564515399534,-2571.7061090110233,-2660.235088432422,91.68463982903293,278,-2136.567672500379,-2064.013884842094,-2048.6029299601664,-2083.0614957675466,38.35411837093067
168,0,2000,0.24829562505086264,0.021383469889993185,0.10430129369099934,0.009427861205483326,kbest,5,rf,5,standard,"['car_age', 'mileage', 'tax', 'mpg']",2,"['car_age', 'mileage']",IQR,50,"['car_age', 'mileage', 'tax', 'mpg']","['car_age', 'mileage', 'tax', 'mpg']",0.5,0.05,"RandomForestRegressor(max_depth=12, max_features='sqrt', min_samples_leaf=4,
                      min_samples_split=10, random_state=42)",robust,17,knn_modelwise,target,"{'selector__selection_method': 'kbest', 'selector__n_features_to_select': 5, 'selector__model_name': 'rf', 'selector__k': 5, 'scaler__scaler_name': 'standard', 'outlier_remover__z_columns': ['car_age', 'mileage', 'tax', 'mpg'], 'outlier_remover__threshold': 2, 'outlier_remover__sev_outliers_cols': ['car_age', 'mileage'], 'outlier_remover__outlier_method': 'IQR', 'outlier_remover__n_neighbors': 50, 'outlier_remover__model_columns': ['car_age', 'mileage', 'tax', 'mpg'], 'outlier_remover__mod_outliers_cols': ['car_age', 'mileage', 'tax', 'mpg'], 'outlier_remover__contamination_LOF': 0.5, 'outlier_remover__contamination_IF': 0.05, 'model': RandomForestRegressor(max_depth=12, max_features='sqrt', min_samples_leaf=4,
                      min_samples_split=10, random_state=42), 'imputer__knn_scaling_method': 'robust', 'imputer__knn_neighbors': 17, 'imputer__imputation_method': 'knn_modelwise', 'encoder__method': 'target'}",-2644.4699671628878,-2601.6648417311476,-2595.8927437629322,-2614.009184218989,21.66754488330639,258,-2093.62508381844,-2160.1144161736133,-2069.277107530006,-2107.672202507353,38.39136463667143
169,0,2000,1.7151213486989338,0.010976855279854527,0.011484384536743164,0.0007982843881246862,rfe,5,rf,9,standard,"['car_age', 'mileage', 'tax', 'mpg']",2,"['car_age', 'mileage']",z_score,50,"['car_age', 'mileage', 'tax', 'mpg']","['tax', 'mpg']",0.3,0.5,"RandomForestRegressor(max_depth=12, max_features='sqrt', min_samples_leaf=4,
                      min_samples_split=10, random_state=42)",robust,9,iterative,freq,"{'selector__selection_method': 'rfe', 'selector__n_features_to_select': 5, 'selector__model_name': 'rf', 'selector__k': 9, 'scaler__scaler_name': 'standard', 'outlier_remover__z_columns': ['car_age', 'mileage', 'tax', 'mpg'], 'outlier_remover__threshold': 2, 'outlier_remover__sev_outliers_cols': ['car_age', 'mileage'], 'outlier_remover__outlier_method': 'z_score', 'outlier_remover__n_neighbors': 50, 'outlier_remover__model_columns': ['car_age', 'mileage', 'tax', 'mpg'], 'outlier_remover__mod_outliers_cols': ['tax', 'mpg'], 'outlier_remover__contamination_LOF': 0.3, 'outlier_remover__contamination_IF': 0.5, 'model': RandomForestRegressor(max_depth=12, max_features='sqrt', min_samples_leaf=4,
                      min_samples_split=10, random_state=42), 'imputer__knn_scaling_method': 'robust', 'imputer__knn_neighbors': 9, 'imputer__imputation_method': 'iterative', 'encoder__method': 'freq'}",-3043.1503547931743,-2923.460445308459,-2793.1762134367095,-2919.9290045127805,102.08206222543211,351,-2309.6327023840363,-2312.508313657667,-2247.94044158016,-2290.027152540621,29.78294494786459
170,0,2000,0.26786231994628906,0.013963552580946142,0.10458262761433919,0.019985579713649084,kbest,9,rf,7,robust,"['car_age', 'mileage', 'tax', 'mpg']",2,"['car_age', 'mileage']",Isolation_Forest,50,"['car_age', 'mileage', 'tax', 'mpg', 'engineSize']","['car_age', 'mileage', 'tax', 'mpg']",0.3,0.5,"RandomForestRegressor(max_depth=12, max_features='sqrt', min_samples_leaf=4,
                      min_samples_split=10, random_state=42)",standard,5,knn_modelwise,target,"{'selector__selection_method': 'kbest', 'selector__n_features_to_select': 9, 'selector__model_name': 'rf', 'selector__k': 7, 'scaler__scaler_name': 'robust', 'outlier_remover__z_columns': ['car_age', 'mileage', 'tax', 'mpg'], 'outlier_remover__threshold': 2, 'outlier_remover__sev_outliers_cols': ['car_age', 'mileage'], 'outlier_remover__outlier_method': 'Isolation_Forest', 'outlier_remover__n_neighbors': 50, 'outlier_remover__model_columns': ['car_age', 'mileage', 'tax', 'mpg', 'engineSize'], 'outlier_remover__mod_outliers_cols': ['car_age', 'mileage', 'tax', 'mpg'], 'outlier_remover__contamination_LOF': 0.3, 'outlier_remover__contamination_IF': 0.5, 'model': RandomForestRegressor(max_depth=12, max_features='sqrt', min_samples_leaf=4,
                      min_samples_split=10, random_state=42), 'imputer__knn_scaling_method': 'standard', 'imputer__knn_neighbors': 5, 'imputer__imputation_method': 'knn_modelwise', 'encoder__method': 'target'}",-3838.7936102161734,-3753.705547832379,-3734.652806675307,-3775.71732157462,45.274830226031966,392,-3655.652312171295,-3612.534849619062,-3597.967889509238,-3622.0516837665314,24.49218587776574
171,0,2000,0.42841394742329914,0.003877231602009905,0.011809428532918295,0.0012437566629067965,model,9,rf,10,minmax,"['car_age', 'mileage', 'tax', 'mpg']",2,"['car_age', 'mileage', 'engineSize']",IQR,30,"['car_age', 'mileage', 'tax', 'mpg', 'engineSize']","['car_age', 'mileage', 'tax', 'mpg']",0.3,0.15,"RandomForestRegressor(max_depth=12, max_features='sqrt', min_samples_leaf=4,
                      min_samples_split=10, random_state=42)",standard,12,iterative,target,"{'selector__selection_method': 'model', 'selector__n_features_to_select': 9, 'selector__model_name': 'rf', 'selector__k': 10, 'scaler__scaler_name': 'minmax', 'outlier_remover__z_columns': ['car_age', 'mileage', 'tax', 'mpg'], 'outlier_remover__threshold': 2, 'outlier_remover__sev_outliers_cols': ['car_age', 'mileage', 'engineSize'], 'outlier_remover__outlier_method': 'IQR', 'outlier_remover__n_neighbors': 30, 'outlier_remover__model_columns': ['car_age', 'mileage', 'tax', 'mpg', 'engineSize'], 'outlier_remover__mod_outliers_cols': ['car_age', 'mileage', 'tax', 'mpg'], 'outlier_remover__contamination_LOF': 0.3, 'outlier_remover__contamination_IF': 0.15, 'model': RandomForestRegressor(max_depth=12, max_features='sqrt', min_samples_leaf=4,
                      min_samples_split=10, random_state=42), 'imputer__knn_scaling_method': 'standard', 'imputer__knn_neighbors': 12, 'imputer__imputation_method': 'iterative', 'encoder__method': 'target'}",-2567.79531180305,-2394.56849913345,-2311.544268176131,-2424.636026370877,106.75264707288322,207,-1755.016081037959,-1724.7252548417687,-1713.0409770490467,-1730.9274376429248,17.688558304625833
172,0,2000,0.5291786193847656,0.0035814813123286092,0.08902740478515625,0.006012316748121001,model,8,rf,6,robust,"['car_age', 'mileage', 'tax', 'mpg']",2,"['car_age', 'mileage', 'engineSize']",z_score,90,"['tax', 'mpg']","['tax', 'mpg']",0.05,0.05,"RandomForestRegressor(max_depth=12, max_features='sqrt', min_samples_leaf=4,
                      min_samples_split=10, random_state=42)",standard,16,knn_modelwise,freq,"{'selector__selection_method': 'model', 'selector__n_features_to_select': 8, 'selector__model_name': 'rf', 'selector__k': 6, 'scaler__scaler_name': 'robust', 'outlier_remover__z_columns': ['car_age', 'mileage', 'tax', 'mpg'], 'outlier_remover__threshold': 2, 'outlier_remover__sev_outliers_cols': ['car_age', 'mileage', 'engineSize'], 'outlier_remover__outlier_method': 'z_score', 'outlier_remover__n_neighbors': 90, 'outlier_remover__model_columns': ['tax', 'mpg'], 'outlier_remover__mod_outliers_cols': ['tax', 'mpg'], 'outlier_remover__contamination_LOF': 0.05, 'outlier_remover__contamination_IF': 0.05, 'model': RandomForestRegressor(max_depth=12, max_features='sqrt', min_samples_leaf=4,
                      min_samples_split=10, random_state=42), 'imputer__knn_scaling_method': 'standard', 'imputer__knn_neighbors': 16, 'imputer__imputation_method': 'knn_modelwise', 'encoder__method': 'freq'}",-2807.607131872841,-2680.4603561924037,-2623.404619359445,-2703.82403580823,76.9936687784789,311,-2153.7996896255327,-2099.0970425454434,-2086.584040624725,-2113.160257598567,29.186942067446886
173,0,2000,0.5645243326822916,0.012123095232023698,0.08919699986775716,0.00632881159829686,model,6,rf,9,minmax,"['car_age', 'mileage', 'tax', 'mpg']",2,"['car_age', 'mileage', 'engineSize']",z_score,30,"['tax', 'mpg']","['car_age', 'mileage', 'tax', 'mpg']",0.3,0.05,"RandomForestRegressor(max_depth=12, max_features='sqrt', min_samples_leaf=4,
                      min_samples_split=10, random_state=42)",robust,20,knn_modelwise,freq,"{'selector__selection_method': 'model', 'selector__n_features_to_select': 6, 'selector__model_name': 'rf', 'selector__k': 9, 'scaler__scaler_name': 'minmax', 'outlier_remover__z_columns': ['car_age', 'mileage', 'tax', 'mpg'], 'outlier_remover__threshold': 2, 'outlier_remover__sev_outliers_cols': ['car_age', 'mileage', 'engineSize'], 'outlier_remover__outlier_method': 'z_score', 'outlier_remover__n_neighbors': 30, 'outlier_remover__model_columns': ['tax', 'mpg'], 'outlier_remover__mod_outliers_cols': ['car_age', 'mileage', 'tax', 'mpg'], 'outlier_remover__contamination_LOF': 0.3, 'outlier_remover__contamination_IF': 0.05, 'model': RandomForestRegressor(max_depth=12, max_features='sqrt', min_samples_leaf=4,
                      min_samples_split=10, random_state=42), 'imputer__knn_scaling_method': 'robust', 'imputer__knn_neighbors': 20, 'imputer__imputation_method': 'knn_modelwise', 'encoder__method': 'freq'}",-2735.874800378398,-2584.4928699116285,-2543.4317920657095,-2621.266487451912,82.75587420180985,261,-2013.2854134698712,-1982.8842427799539,-1954.8973460359093,-1983.6890007619113,23.84362012817912
174,0,2000,1.2078226407368977,0.0201727500727621,0.009851932525634766,3.988983424839356e-05,rfe,7,rf,10,robust,"['car_age', 'mileage', 'tax', 'mpg']",2,"['car_age', 'mileage', 'engineSize']",IQR,50,"['car_age', 'mileage', 'tax', 'mpg', 'engineSize']","['tax', 'mpg']",0.05,0.3,"RandomForestRegressor(max_depth=12, max_features='sqrt', min_samples_leaf=4,
                      min_samples_split=10, random_state=42)",minmax,20,simple,target,"{'selector__selection_method': 'rfe', 'selector__n_features_to_select': 7, 'selector__model_name': 'rf', 'selector__k': 10, 'scaler__scaler_name': 'robust', 'outlier_remover__z_columns': ['car_age', 'mileage', 'tax', 'mpg'], 'outlier_remover__threshold': 2, 'outlier_remover__sev_outliers_cols': ['car_age', 'mileage', 'engineSize'], 'outlier_remover__outlier_method': 'IQR', 'outlier_remover__n_neighbors': 50, 'outlier_remover__model_columns': ['car_age', 'mileage', 'tax', 'mpg', 'engineSize'], 'outlier_remover__mod_outliers_cols': ['tax', 'mpg'], 'outlier_remover__contamination_LOF': 0.05, 'outlier_remover__contamination_IF': 0.3, 'model': RandomForestRegressor(max_depth=12, max_features='sqrt', min_samples_leaf=4,
                      min_samples_split=10, random_state=42), 'imputer__knn_scaling_method': 'minmax', 'imputer__knn_neighbors': 20, 'imputer__imputation_method': 'simple', 'encoder__method': 'target'}",-2571.287462354761,-2353.5237693298877,-2322.1682833511386,-2415.6598383452624,110.78736282137434,195,-1789.4133728901734,-1786.4252274746295,-1805.4351415435308,-1793.7579139694444,8.346675430727238
175,0,2000,0.26899464925130206,0.016298607540777322,0.11297011375427246,0.010063716281108559,kbest,5,rf,10,standard,"['car_age', 'mileage', 'tax', 'mpg']",3,"['car_age', 'mileage', 'engineSize']",z_score,100,"['car_age', 'mileage', 'tax', 'mpg', 'engineSize']","['tax', 'mpg']",0.5,0.5,"RandomForestRegressor(max_depth=12, max_features='sqrt', min_samples_leaf=4,
                      min_samples_split=10, random_state=42)",robust,8,knn_modelwise,target,"{'selector__selection_method': 'kbest', 'selector__n_features_to_select': 5, 'selector__model_name': 'rf', 'selector__k': 10, 'scaler__scaler_name': 'standard', 'outlier_remover__z_columns': ['car_age', 'mileage', 'tax', 'mpg'], 'outlier_remover__threshold': 3, 'outlier_remover__sev_outliers_cols': ['car_age', 'mileage', 'engineSize'], 'outlier_remover__outlier_method': 'z_score', 'outlier_remover__n_neighbors': 100, 'outlier_remover__model_columns': ['car_age', 'mileage', 'tax', 'mpg', 'engineSize'], 'outlier_remover__mod_outliers_cols': ['tax', 'mpg'], 'outlier_remover__contamination_LOF': 0.5, 'outlier_remover__contamination_IF': 0.5, 'model': RandomForestRegressor(max_depth=12, max_features='sqrt', min_samples_leaf=4,
                      min_samples_split=10, random_state=42), 'imputer__knn_scaling_method': 'robust', 'imputer__knn_neighbors': 8, 'imputer__imputation_method': 'knn_modelwise', 'encoder__method': 'target'}",-2570.3795000515524,-2412.730761505829,-2314.014367344325,-2432.374876300569,105.578371369488,219,-1758.709566128521,-1737.3230088522039,-1722.7927665741743,-1739.6084471849663,14.751757948041854
176,0,2000,1.4233787059783936,0.0163435920682406,0.01259160041809082,0.0024079474901637153,rfe,6,rf,7,standard,"['car_age', 'mileage', 'tax', 'mpg']",3,"['car_age', 'mileage', 'engineSize']",Isolation_Forest,90,"['car_age', 'mileage', 'tax', 'mpg']","['car_age', 'mileage', 'tax', 'mpg']",0.5,0.05,"RandomForestRegressor(max_depth=12, max_features='sqrt', min_samples_leaf=4,
                      min_samples_split=10, random_state=42)",robust,19,iterative,freq,"{'selector__selection_method': 'rfe', 'selector__n_features_to_select': 6, 'selector__model_name': 'rf', 'selector__k': 7, 'scaler__scaler_name': 'standard', 'outlier_remover__z_columns': ['car_age', 'mileage', 'tax', 'mpg'], 'outlier_remover__threshold': 3, 'outlier_remover__sev_outliers_cols': ['car_age', 'mileage', 'engineSize'], 'outlier_remover__outlier_method': 'Isolation_Forest', 'outlier_remover__n_neighbors': 90, 'outlier_remover__model_columns': ['car_age', 'mileage', 'tax', 'mpg'], 'outlier_remover__mod_outliers_cols': ['car_age', 'mileage', 'tax', 'mpg'], 'outlier_remover__contamination_LOF': 0.5, 'outlier_remover__contamination_IF': 0.05, 'model': RandomForestRegressor(max_depth=12, max_features='sqrt', min_samples_leaf=4,
                      min_samples_split=10, random_state=42), 'imputer__knn_scaling_method': 'robust', 'imputer__knn_neighbors': 19, 'imputer__imputation_method': 'iterative', 'encoder__method': 'freq'}",-2935.786894557892,-2804.7410575808535,-2711.3667491629258,-2817.298233767224,92.048401833333,330,-2296.8775566755944,-2228.187512681951,-2190.5687392452055,-2238.5446028675838,44.01396107067951
177,0,2000,0.49343379338582355,0.017968731621230985,0.1056671937306722,0.012528142468326033,model,9,rf,10,standard,"['car_age', 'mileage', 'tax', 'mpg']",2,"['car_age', 'mileage']",Isolation_Forest,100,"['car_age', 'mileage', 'tax', 'mpg']","['tax', 'mpg']",0.05,0.3,"RandomForestRegressor(max_depth=12, max_features='sqrt', min_samples_leaf=4,
                      min_samples_split=10, random_state=42)",standard,11,knn_modelwise,target,"{'selector__selection_method': 'model', 'selector__n_features_to_select': 9, 'selector__model_name': 'rf', 'selector__k': 10, 'scaler__scaler_name': 'standard', 'outlier_remover__z_columns': ['car_age', 'mileage', 'tax', 'mpg'], 'outlier_remover__threshold': 2, 'outlier_remover__sev_outliers_cols': ['car_age', 'mileage'], 'outlier_remover__outlier_method': 'Isolation_Forest', 'outlier_remover__n_neighbors': 100, 'outlier_remover__model_columns': ['car_age', 'mileage', 'tax', 'mpg'], 'outlier_remover__mod_outliers_cols': ['tax', 'mpg'], 'outlier_remover__contamination_LOF': 0.05, 'outlier_remover__contamination_IF': 0.3, 'model': RandomForestRegressor(max_depth=12, max_features='sqrt', min_samples_leaf=4,
                      min_samples_split=10, random_state=42), 'imputer__knn_scaling_method': 'standard', 'imputer__knn_neighbors': 11, 'imputer__imputation_method': 'knn_modelwise', 'encoder__method': 'target'}",-3104.9063130368095,-2915.889069071882,-2853.488242165433,-2958.0945414247085,106.8916523481137,356,-2527.172433966993,-2408.203523981027,-2465.8567104888757,-2467.077556145632,48.57652542741498
178,0,2000,0.15206130345662436,0.00848207298149281,0.011280298233032227,0.0006353182187446928,kbest,5,rf,8,standard,"['car_age', 'mileage', 'tax', 'mpg']",3,"['car_age', 'mileage']",Isolation_Forest,90,"['car_age', 'mileage', 'tax', 'mpg', 'engineSize']","['car_age', 'mileage', 'tax', 'mpg']",0.15,0.5,"RandomForestRegressor(max_depth=12, max_features='sqrt', min_samples_leaf=4,
                      min_samples_split=10, random_state=42)",minmax,8,simple,target,"{'selector__selection_method': 'kbest', 'selector__n_features_to_select': 5, 'selector__model_name': 'rf', 'selector__k': 8, 'scaler__scaler_name': 'standard', 'outlier_remover__z_columns': ['car_age', 'mileage', 'tax', 'mpg'], 'outlier_remover__threshold': 3, 'outlier_remover__sev_outliers_cols': ['car_age', 'mileage'], 'outlier_remover__outlier_method': 'Isolation_Forest', 'outlier_remover__n_neighbors': 90, 'outlier_remover__model_columns': ['car_age', 'mileage', 'tax', 'mpg', 'engineSize'], 'outlier_remover__mod_outliers_cols': ['car_age', 'mileage', 'tax', 'mpg'], 'outlier_remover__contamination_LOF': 0.15, 'outlier_remover__contamination_IF': 0.5, 'model': RandomForestRegressor(max_depth=12, max_features='sqrt', min_samples_leaf=4,
                      min_samples_split=10, random_state=42), 'imputer__knn_scaling_method': 'minmax', 'imputer__knn_neighbors': 8, 'imputer__imputation_method': 'simple', 'encoder__method': 'target'}",-3660.2120457237465,-3569.8525041580833,-3612.5997450938316,-3614.221431658554,36.906946848119304,390,-3373.4944789603055,-3456.892248594052,-3473.0071858791007,-3434.4646378111524,43.611489339763224
179,0,2000,0.42132139205932617,0.010707464959607144,0.009699583053588867,0.00015510235714422634,model,6,rf,10,standard,"['car_age', 'mileage', 'tax', 'mpg']",3,"['car_age', 'mileage']",z_score,90,"['car_age', 'mileage', 'tax', 'mpg']","['car_age', 'mileage', 'tax', 'mpg']",0.3,0.5,"RandomForestRegressor(max_depth=12, max_features='sqrt', min_samples_leaf=4,
                      min_samples_split=10, random_state=42)",robust,9,simple,freq,"{'selector__selection_method': 'model', 'selector__n_features_to_select': 6, 'selector__model_name': 'rf', 'selector__k': 10, 'scaler__scaler_name': 'standard', 'outlier_remover__z_columns': ['car_age', 'mileage', 'tax', 'mpg'], 'outlier_remover__threshold': 3, 'outlier_remover__sev_outliers_cols': ['car_age', 'mileage'], 'outlier_remover__outlier_method': 'z_score', 'outlier_remover__n_neighbors': 90, 'outlier_remover__model_columns': ['car_age', 'mileage', 'tax', 'mpg'], 'outlier_remover__mod_outliers_cols': ['car_age', 'mileage', 'tax', 'mpg'], 'outlier_remover__contamination_LOF': 0.3, 'outlier_remover__contamination_IF': 0.5, 'model': RandomForestRegressor(max_depth=12, max_features='sqrt', min_samples_leaf=4,
                      min_samples_split=10, random_state=42), 'imputer__knn_scaling_method': 'robust', 'imputer__knn_neighbors': 9, 'imputer__imputation_method': 'simple', 'encoder__method': 'freq'}",-2780.9516239426316,-2653.742980760426,-2610.794189602508,-2681.829598101855,72.24971358912674,298,-2087.7056063578525,-2051.4779554955153,-2039.2880551378346,-2059.4905389970677,20.56235941897677
180,0,2000,0.3163176377614339,0.025630977326759986,0.11770836512247722,0.012146543811914635,kbest,6,rf,10,robust,"['car_age', 'mileage', 'tax', 'mpg']",3,"['car_age', 'mileage']",Isolation_Forest,90,"['tax', 'mpg']","['car_age', 'mileage', 'tax', 'mpg']",0.05,0.3,"RandomForestRegressor(max_depth=12, max_features='sqrt', min_samples_leaf=4,
                      min_samples_split=10, random_state=42)",standard,16,knn_modelwise,target,"{'selector__selection_method': 'kbest', 'selector__n_features_to_select': 6, 'selector__model_name': 'rf', 'selector__k': 10, 'scaler__scaler_name': 'robust', 'outlier_remover__z_columns': ['car_age', 'mileage', 'tax', 'mpg'], 'outlier_remover__threshold': 3, 'outlier_remover__sev_outliers_cols': ['car_age', 'mileage'], 'outlier_remover__outlier_method': 'Isolation_Forest', 'outlier_remover__n_neighbors': 90, 'outlier_remover__model_columns': ['tax', 'mpg'], 'outlier_remover__mod_outliers_cols': ['car_age', 'mileage', 'tax', 'mpg'], 'outlier_remover__contamination_LOF': 0.05, 'outlier_remover__contamination_IF': 0.3, 'model': RandomForestRegressor(max_depth=12, max_features='sqrt', min_samples_leaf=4,
                      min_samples_split=10, random_state=42), 'imputer__knn_scaling_method': 'standard', 'imputer__knn_neighbors': 16, 'imputer__imputation_method': 'knn_modelwise', 'encoder__method': 'target'}",-2699.26464700226,-2633.9711953214755,-2574.9810173810542,-2636.0722865682633,50.7603262812981,268,-2235.2286732777598,-2185.0527701488836,-2194.6718733398975,-2204.9844389221803,21.743459865229255
181,0,2000,0.5637815793355306,0.03742944239548296,0.08891034126281738,0.0061998293350012095,model,7,rf,5,robust,"['car_age', 'mileage', 'tax', 'mpg']",3,"['car_age', 'mileage', 'engineSize']",IQR,100,"['tax', 'mpg']","['tax', 'mpg']",0.5,0.05,"RandomForestRegressor(max_depth=12, max_features='sqrt', min_samples_leaf=4,
                      min_samples_split=10, random_state=42)",minmax,7,knn_modelwise,freq,"{'selector__selection_method': 'model', 'selector__n_features_to_select': 7, 'selector__model_name': 'rf', 'selector__k': 5, 'scaler__scaler_name': 'robust', 'outlier_remover__z_columns': ['car_age', 'mileage', 'tax', 'mpg'], 'outlier_remover__threshold': 3, 'outlier_remover__sev_outliers_cols': ['car_age', 'mileage', 'engineSize'], 'outlier_remover__outlier_method': 'IQR', 'outlier_remover__n_neighbors': 100, 'outlier_remover__model_columns': ['tax', 'mpg'], 'outlier_remover__mod_outliers_cols': ['tax', 'mpg'], 'outlier_remover__contamination_LOF': 0.5, 'outlier_remover__contamination_IF': 0.05, 'model': RandomForestRegressor(max_depth=12, max_features='sqrt', min_samples_leaf=4,
                      min_samples_split=10, random_state=42), 'imputer__knn_scaling_method': 'minmax', 'imputer__knn_neighbors': 7, 'imputer__imputation_method': 'knn_modelwise', 'encoder__method': 'freq'}",-2956.638176758549,-2885.2938173334683,-2724.7317905948216,-2855.5545948956133,96.98267542637409,337,-2293.3484257791492,-2252.291807104862,-2223.8046703263853,-2256.4816344034657,28.545279472124623
182,0,2000,0.4246551990509033,0.004083963044670514,0.010951995849609375,0.0005486709654471167,model,9,rf,5,minmax,"['car_age', 'mileage', 'tax', 'mpg']",3,"['car_age', 'mileage']",z_score,90,"['tax', 'mpg']","['tax', 'mpg']",0.15,0.15,"RandomForestRegressor(max_depth=12, max_features='sqrt', min_samples_leaf=4,
                      min_samples_split=10, random_state=42)",standard,15,iterative,target,"{'selector__selection_method': 'model', 'selector__n_features_to_select': 9, 'selector__model_name': 'rf', 'selector__k': 5, 'scaler__scaler_name': 'minmax', 'outlier_remover__z_columns': ['car_age', 'mileage', 'tax', 'mpg'], 'outlier_remover__threshold': 3, 'outlier_remover__sev_outliers_cols': ['car_age', 'mileage'], 'outlier_remover__outlier_method': 'z_score', 'outlier_remover__n_neighbors': 90, 'outlier_remover__model_columns': ['tax', 'mpg'], 'outlier_remover__mod_outliers_cols': ['tax', 'mpg'], 'outlier_remover__contamination_LOF': 0.15, 'outlier_remover__contamination_IF': 0.15, 'model': RandomForestRegressor(max_depth=12, max_features='sqrt', min_samples_leaf=4,
                      min_samples_split=10, random_state=42), 'imputer__knn_scaling_method': 'standard', 'imputer__knn_neighbors': 15, 'imputer__imputation_method': 'iterative', 'encoder__method': 'target'}",-2600.993797460738,-2613.804291160473,-2435.6989069627925,-2550.165665194668,81.10900583902988,251,-1830.2804801340358,-1880.1698044298041,-1795.8806733234728,-1835.443652629104,34.60402836207995
183,0,2000,0.5418837070465088,0.005818158311122723,0.09019859631856282,0.007769550353527117,model,9,rf,8,standard,"['car_age', 'mileage', 'tax', 'mpg']",3,"['car_age', 'mileage', 'engineSize']",Isolation_Forest,90,"['car_age', 'mileage', 'tax', 'mpg', 'engineSize']","['tax', 'mpg']",0.3,0.15,"RandomForestRegressor(max_depth=12, max_features='sqrt', min_samples_leaf=4,
                      min_samples_split=10, random_state=42)",robust,15,knn_modelwise,target,"{'selector__selection_method': 'model', 'selector__n_features_to_select': 9, 'selector__model_name': 'rf', 'selector__k': 8, 'scaler__scaler_name': 'standard', 'outlier_remover__z_columns': ['car_age', 'mileage', 'tax', 'mpg'], 'outlier_remover__threshold': 3, 'outlier_remover__sev_outliers_cols': ['car_age', 'mileage', 'engineSize'], 'outlier_remover__outlier_method': 'Isolation_Forest', 'outlier_remover__n_neighbors': 90, 'outlier_remover__model_columns': ['car_age', 'mileage', 'tax', 'mpg', 'engineSize'], 'outlier_remover__mod_outliers_cols': ['tax', 'mpg'], 'outlier_remover__contamination_LOF': 0.3, 'outlier_remover__contamination_IF': 0.15, 'model': RandomForestRegressor(max_depth=12, max_features='sqrt', min_samples_leaf=4,
                      min_samples_split=10, random_state=42), 'imputer__knn_scaling_method': 'robust', 'imputer__knn_neighbors': 15, 'imputer__imputation_method': 'knn_modelwise', 'encoder__method': 'target'}",-2787.59702961053,-2564.015820899037,-2562.0077918727047,-2637.8735474607574,105.87366331445124,270,-2347.8607622775103,-2222.7908522222074,-2271.844396540481,-2280.8320036800665,51.45356101626678
184,0,2000,0.4286230405171712,0.006134107907199408,0.011178096135457357,0.0003297378846596468,model,9,rf,10,robust,"['car_age', 'mileage', 'tax', 'mpg']",2,"['car_age', 'mileage', 'engineSize']",z_score,70,"['tax', 'mpg']","['tax', 'mpg']",0.05,0.15,"RandomForestRegressor(max_depth=12, max_features='sqrt', min_samples_leaf=4,
                      min_samples_split=10, random_state=42)",minmax,6,iterative,target,"{'selector__selection_method': 'model', 'selector__n_features_to_select': 9, 'selector__model_name': 'rf', 'selector__k': 10, 'scaler__scaler_name': 'robust', 'outlier_remover__z_columns': ['car_age', 'mileage', 'tax', 'mpg'], 'outlier_remover__threshold': 2, 'outlier_remover__sev_outliers_cols': ['car_age', 'mileage', 'engineSize'], 'outlier_remover__outlier_method': 'z_score', 'outlier_remover__n_neighbors': 70, 'outlier_remover__model_columns': ['tax', 'mpg'], 'outlier_remover__mod_outliers_cols': ['tax', 'mpg'], 'outlier_remover__contamination_LOF': 0.05, 'outlier_remover__contamination_IF': 0.15, 'model': RandomForestRegressor(max_depth=12, max_features='sqrt', min_samples_leaf=4,
                      min_samples_split=10, random_state=42), 'imputer__knn_scaling_method': 'minmax', 'imputer__knn_neighbors': 6, 'imputer__imputation_method': 'iterative', 'encoder__method': 'target'}",-2557.544933156006,-2401.6061882218414,-2313.0403251223993,-2424.063815500082,101.07384958416374,204,-1753.81750635216,-1724.2586808145463,-1706.3575111182174,-1728.1445660949746,19.569327449028528
185,0,2000,1.0531052748362224,0.023992866819839996,0.015680313110351562,0.003857144688706663,rfe,8,rf,5,minmax,"['car_age', 'mileage', 'tax', 'mpg']",3,"['car_age', 'mileage']",z_score,90,"['car_age', 'mileage', 'tax', 'mpg', 'engineSize']","['car_age', 'mileage', 'tax', 'mpg']",0.05,0.3,"RandomForestRegressor(max_depth=12, max_features='sqrt', min_samples_leaf=4,
                      min_samples_split=10, random_state=42)",minmax,13,iterative,freq,"{'selector__selection_method': 'rfe', 'selector__n_features_to_select': 8, 'selector__model_name': 'rf', 'selector__k': 5, 'scaler__scaler_name': 'minmax', 'outlier_remover__z_columns': ['car_age', 'mileage', 'tax', 'mpg'], 'outlier_remover__threshold': 3, 'outlier_remover__sev_outliers_cols': ['car_age', 'mileage'], 'outlier_remover__outlier_method': 'z_score', 'outlier_remover__n_neighbors': 90, 'outlier_remover__model_columns': ['car_age', 'mileage', 'tax', 'mpg', 'engineSize'], 'outlier_remover__mod_outliers_cols': ['car_age', 'mileage', 'tax', 'mpg'], 'outlier_remover__contamination_LOF': 0.05, 'outlier_remover__contamination_IF': 0.3, 'model': RandomForestRegressor(max_depth=12, max_features='sqrt', min_samples_leaf=4,
                      min_samples_split=10, random_state=42), 'imputer__knn_scaling_method': 'minmax', 'imputer__knn_neighbors': 13, 'imputer__imputation_method': 'iterative', 'encoder__method': 'freq'}",-2839.7173611699177,-2653.282073281088,-2588.0359066875,-2693.6784470461685,106.64517145694693,307,-2145.713901174536,-2077.0556189894496,-2081.0986668645764,-2101.2893956761873,31.45620315729748
186,0,2000,0.12551379203796387,0.008689650337641944,0.011347532272338867,0.0012524926672529823,kbest,5,rf,9,robust,"['car_age', 'mileage', 'tax', 'mpg']",2,"['car_age', 'mileage']",IQR,70,"['tax', 'mpg']","['car_age', 'mileage', 'tax', 'mpg']",0.3,0.05,"RandomForestRegressor(max_depth=12, max_features='sqrt', min_samples_leaf=4,
                      min_samples_split=10, random_state=42)",minmax,6,simple,freq,"{'selector__selection_method': 'kbest', 'selector__n_features_to_select': 5, 'selector__model_name': 'rf', 'selector__k': 9, 'scaler__scaler_name': 'robust', 'outlier_remover__z_columns': ['car_age', 'mileage', 'tax', 'mpg'], 'outlier_remover__threshold': 2, 'outlier_remover__sev_outliers_cols': ['car_age', 'mileage'], 'outlier_remover__outlier_method': 'IQR', 'outlier_remover__n_neighbors': 70, 'outlier_remover__model_columns': ['tax', 'mpg'], 'outlier_remover__mod_outliers_cols': ['car_age', 'mileage', 'tax', 'mpg'], 'outlier_remover__contamination_LOF': 0.3, 'outlier_remover__contamination_IF': 0.05, 'model': RandomForestRegressor(max_depth=12, max_features='sqrt', min_samples_leaf=4,
                      min_samples_split=10, random_state=42), 'imputer__knn_scaling_method': 'minmax', 'imputer__knn_neighbors': 6, 'imputer__imputation_method': 'simple', 'encoder__method': 'freq'}",-2778.9504104387433,-2655.0187250321146,-2555.9604610965976,-2663.3098655224853,91.22385154068894,281,-2075.5686946306173,-2018.2713871763294,-1989.021984634329,-2027.6206888137585,35.94570288296994
187,0,2000,0.16064969698588052,0.020269258062697526,0.011578957239786783,0.0006707287226519683,kbest,6,rf,10,robust,"['car_age', 'mileage', 'tax', 'mpg']",2,"['car_age', 'mileage', 'engineSize']",IQR,90,"['tax', 'mpg']","['car_age', 'mileage', 'tax', 'mpg']",0.05,0.05,"RandomForestRegressor(max_depth=12, max_features='sqrt', min_samples_leaf=4,
                      min_samples_split=10, random_state=42)",minmax,10,iterative,target,"{'selector__selection_method': 'kbest', 'selector__n_features_to_select': 6, 'selector__model_name': 'rf', 'selector__k': 10, 'scaler__scaler_name': 'robust', 'outlier_remover__z_columns': ['car_age', 'mileage', 'tax', 'mpg'], 'outlier_remover__threshold': 2, 'outlier_remover__sev_outliers_cols': ['car_age', 'mileage', 'engineSize'], 'outlier_remover__outlier_method': 'IQR', 'outlier_remover__n_neighbors': 90, 'outlier_remover__model_columns': ['tax', 'mpg'], 'outlier_remover__mod_outliers_cols': ['car_age', 'mileage', 'tax', 'mpg'], 'outlier_remover__contamination_LOF': 0.05, 'outlier_remover__contamination_IF': 0.05, 'model': RandomForestRegressor(max_depth=12, max_features='sqrt', min_samples_leaf=4,
                      min_samples_split=10, random_state=42), 'imputer__knn_scaling_method': 'minmax', 'imputer__knn_neighbors': 10, 'imputer__imputation_method': 'iterative', 'encoder__method': 'target'}",-2571.139053993613,-2393.9774694291627,-2310.6471749749785,-2425.2545661325844,108.62073878810655,210,-1755.0661937175717,-1724.976354008319,-1713.252476499148,-1731.0983414083464,17.61071234978191
188,0,2000,0.4315632979075114,0.008022641265992773,0.1358946164449056,0.023286626410813947,kbest,10,rf,10,standard,"['car_age', 'mileage', 'tax', 'mpg']",2,"['car_age', 'mileage']",z_score,90,"['tax', 'mpg']","['car_age', 'mileage', 'tax', 'mpg']",0.05,0.5,"RandomForestRegressor(max_depth=12, max_features='sqrt', min_samples_leaf=4,
                      min_samples_split=10, random_state=42)",standard,7,knn_modelwise,target,"{'selector__selection_method': 'kbest', 'selector__n_features_to_select': 10, 'selector__model_name': 'rf', 'selector__k': 10, 'scaler__scaler_name': 'standard', 'outlier_remover__z_columns': ['car_age', 'mileage', 'tax', 'mpg'], 'outlier_remover__threshold': 2, 'outlier_remover__sev_outliers_cols': ['car_age', 'mileage'], 'outlier_remover__outlier_method': 'z_score', 'outlier_remover__n_neighbors': 90, 'outlier_remover__model_columns': ['tax', 'mpg'], 'outlier_remover__mod_outliers_cols': ['car_age', 'mileage', 'tax', 'mpg'], 'outlier_remover__contamination_LOF': 0.05, 'outlier_remover__contamination_IF': 0.5, 'model': RandomForestRegressor(max_depth=12, max_features='sqrt', min_samples_leaf=4,
                      min_samples_split=10, random_state=42), 'imputer__knn_scaling_method': 'standard', 'imputer__knn_neighbors': 7, 'imputer__imputation_method': 'knn_modelwise', 'encoder__method': 'target'}",-2552.4106082197227,-2367.715152173255,-2275.047574866354,-2398.39111175311,115.2918729135007,177,-1758.9285190867683,-1742.2073372925202,-1718.9790303903528,-1740.0382955898804,16.381269145116132
189,0,2000,0.614013671875,0.08032139332556465,0.0901323954264323,0.004757666581132211,model,9,rf,9,robust,"['car_age', 'mileage', 'tax', 'mpg']",2,"['car_age', 'mileage']",IQR,50,"['car_age', 'mileage', 'tax', 'mpg']","['car_age', 'mileage', 'tax', 'mpg']",0.15,0.05,"RandomForestRegressor(max_depth=12, max_features='sqrt', min_samples_leaf=4,
                      min_samples_split=10, random_state=42)",standard,6,knn_modelwise,target,"{'selector__selection_method': 'model', 'selector__n_features_to_select': 9, 'selector__model_name': 'rf', 'selector__k': 9, 'scaler__scaler_name': 'robust', 'outlier_remover__z_columns': ['car_age', 'mileage', 'tax', 'mpg'], 'outlier_remover__threshold': 2, 'outlier_remover__sev_outliers_cols': ['car_age', 'mileage'], 'outlier_remover__outlier_method': 'IQR', 'outlier_remover__n_neighbors': 50, 'outlier_remover__model_columns': ['car_age', 'mileage', 'tax', 'mpg'], 'outlier_remover__mod_outliers_cols': ['car_age', 'mileage', 'tax', 'mpg'], 'outlier_remover__contamination_LOF': 0.15, 'outlier_remover__contamination_IF': 0.05, 'model': RandomForestRegressor(max_depth=12, max_features='sqrt', min_samples_leaf=4,
                      min_samples_split=10, random_state=42), 'imputer__knn_scaling_method': 'standard', 'imputer__knn_neighbors': 6, 'imputer__imputation_method': 'knn_modelwise', 'encoder__method': 'target'}",-2527.555780191622,-2403.7777529643636,-2244.1561653472104,-2391.829899501065,116.00545626614739,175,-1716.0382883057337,-1729.639820817414,-1707.540947212512,-1717.73968544522,9.10168914070519
190,0,2000,0.40407506624857586,0.0018113109571787937,0.010152578353881836,0.00027038755229691374,model,6,rf,9,minmax,"['car_age', 'mileage', 'tax', 'mpg']",2,"['car_age', 'mileage']",z_score,70,"['tax', 'mpg']","['car_age', 'mileage', 'tax', 'mpg']",0.15,0.5,"RandomForestRegressor(max_depth=12, max_features='sqrt', min_samples_leaf=4,
                      min_samples_split=10, random_state=42)",standard,18,simple,target,"{'selector__selection_method': 'model', 'selector__n_features_to_select': 6, 'selector__model_name': 'rf', 'selector__k': 9, 'scaler__scaler_name': 'minmax', 'outlier_remover__z_columns': ['car_age', 'mileage', 'tax', 'mpg'], 'outlier_remover__threshold': 2, 'outlier_remover__sev_outliers_cols': ['car_age', 'mileage'], 'outlier_remover__outlier_method': 'z_score', 'outlier_remover__n_neighbors': 70, 'outlier_remover__model_columns': ['tax', 'mpg'], 'outlier_remover__mod_outliers_cols': ['car_age', 'mileage', 'tax', 'mpg'], 'outlier_remover__contamination_LOF': 0.15, 'outlier_remover__contamination_IF': 0.5, 'model': RandomForestRegressor(max_depth=12, max_features='sqrt', min_samples_leaf=4,
                      min_samples_split=10, random_state=42), 'imputer__knn_scaling_method': 'standard', 'imputer__knn_neighbors': 18, 'imputer__imputation_method': 'simple', 'encoder__method': 'target'}",-2583.6474801297118,-2392.600999403547,-2306.139440101102,-2427.46263987812,115.94302782707236,214,-1735.9803063783527,-1741.9399992228375,-1741.0753988876704,-1739.6652348296202,2.6294367841945947
191,0,2000,0.4222068786621094,0.007574538913882614,0.010875304539998373,0.0003815472709465594,model,8,rf,10,standard,"['car_age', 'mileage', 'tax', 'mpg']",2,"['car_age', 'mileage']",IQR,30,"['car_age', 'mileage', 'tax', 'mpg']","['tax', 'mpg']",0.15,0.3,"RandomForestRegressor(max_depth=12, max_features='sqrt', min_samples_leaf=4,
                      min_samples_split=10, random_state=42)",standard,10,iterative,freq,"{'selector__selection_method': 'model', 'selector__n_features_to_select': 8, 'selector__model_name': 'rf', 'selector__k': 10, 'scaler__scaler_name': 'standard', 'outlier_remover__z_columns': ['car_age', 'mileage', 'tax', 'mpg'], 'outlier_remover__threshold': 2, 'outlier_remover__sev_outliers_cols': ['car_age', 'mileage'], 'outlier_remover__outlier_method': 'IQR', 'outlier_remover__n_neighbors': 30, 'outlier_remover__model_columns': ['car_age', 'mileage', 'tax', 'mpg'], 'outlier_remover__mod_outliers_cols': ['tax', 'mpg'], 'outlier_remover__contamination_LOF': 0.15, 'outlier_remover__contamination_IF': 0.3, 'model': RandomForestRegressor(max_depth=12, max_features='sqrt', min_samples_leaf=4,
                      min_samples_split=10, random_state=42), 'imputer__knn_scaling_method': 'standard', 'imputer__knn_neighbors': 10, 'imputer__imputation_method': 'iterative', 'encoder__method': 'freq'}",-2818.462712949917,-2652.148175431379,-2570.164214175029,-2680.258367518775,103.29786476611707,296,-2051.9732336289608,-2005.100941170024,-1989.6686028792008,-2015.5809258927286,26.493260942575247
192,0,2000,0.40200233459472656,0.008031758289767198,0.012113809585571289,0.00317855347531666,model,10,rf,5,robust,"['car_age', 'mileage', 'tax', 'mpg']",2,"['car_age', 'mileage', 'engineSize']",IQR,30,"['car_age', 'mileage', 'tax', 'mpg']","['car_age', 'mileage', 'tax', 'mpg']",0.3,0.05,"RandomForestRegressor(max_depth=12, max_features='sqrt', min_samples_leaf=4,
                      min_samples_split=10, random_state=42)",standard,9,simple,target,"{'selector__selection_method': 'model', 'selector__n_features_to_select': 10, 'selector__model_name': 'rf', 'selector__k': 5, 'scaler__scaler_name': 'robust', 'outlier_remover__z_columns': ['car_age', 'mileage', 'tax', 'mpg'], 'outlier_remover__threshold': 2, 'outlier_remover__sev_outliers_cols': ['car_age', 'mileage', 'engineSize'], 'outlier_remover__outlier_method': 'IQR', 'outlier_remover__n_neighbors': 30, 'outlier_remover__model_columns': ['car_age', 'mileage', 'tax', 'mpg'], 'outlier_remover__mod_outliers_cols': ['car_age', 'mileage', 'tax', 'mpg'], 'outlier_remover__contamination_LOF': 0.3, 'outlier_remover__contamination_IF': 0.05, 'model': RandomForestRegressor(max_depth=12, max_features='sqrt', min_samples_leaf=4,
                      min_samples_split=10, random_state=42), 'imputer__knn_scaling_method': 'standard', 'imputer__knn_neighbors': 9, 'imputer__imputation_method': 'simple', 'encoder__method': 'target'}",-2610.1561300513154,-2591.7605501329763,-2486.010248598648,-2562.6423095943132,54.70499014084856,254,-1850.502726132291,-1909.718769128829,-1844.3953004671034,-1868.2055985760744,29.459946357390812
193,0,2000,0.3549360434214274,0.007544223107982625,0.009525219599405924,3.931441321333439e-05,model,10,rf,5,robust,"['car_age', 'mileage', 'tax', 'mpg']",2,"['car_age', 'mileage', 'engineSize']",Isolation_Forest,50,"['car_age', 'mileage', 'tax', 'mpg']","['tax', 'mpg']",0.3,0.3,"RandomForestRegressor(max_depth=12, max_features='sqrt', min_samples_leaf=4,
                      min_samples_split=10, random_state=42)",standard,10,simple,target,"{'selector__selection_method': 'model', 'selector__n_features_to_select': 10, 'selector__model_name': 'rf', 'selector__k': 5, 'scaler__scaler_name': 'robust', 'outlier_remover__z_columns': ['car_age', 'mileage', 'tax', 'mpg'], 'outlier_remover__threshold': 2, 'outlier_remover__sev_outliers_cols': ['car_age', 'mileage', 'engineSize'], 'outlier_remover__outlier_method': 'Isolation_Forest', 'outlier_remover__n_neighbors': 50, 'outlier_remover__model_columns': ['car_age', 'mileage', 'tax', 'mpg'], 'outlier_remover__mod_outliers_cols': ['tax', 'mpg'], 'outlier_remover__contamination_LOF': 0.3, 'outlier_remover__contamination_IF': 0.3, 'model': RandomForestRegressor(max_depth=12, max_features='sqrt', min_samples_leaf=4,
                      min_samples_split=10, random_state=42), 'imputer__knn_scaling_method': 'standard', 'imputer__knn_neighbors': 10, 'imputer__imputation_method': 'simple', 'encoder__method': 'target'}",-3203.420598253379,-2970.895663131607,-3003.1765686716367,-3059.1642766855407,102.85241513882477,368,-2617.664236622033,-2490.186482078794,-2473.030525432745,-2526.960414711191,64.5185719723948
194,0,2000,0.26667602856953937,0.002092018811648017,0.09160804748535156,0.006791981487008068,kbest,7,rf,5,minmax,"['car_age', 'mileage', 'tax', 'mpg']",2,"['car_age', 'mileage']",Isolation_Forest,90,"['car_age', 'mileage', 'tax', 'mpg', 'engineSize']","['car_age', 'mileage', 'tax', 'mpg']",0.5,0.5,"RandomForestRegressor(max_depth=12, max_features='sqrt', min_samples_leaf=4,
                      min_samples_split=10, random_state=42)",minmax,14,knn_modelwise,target,"{'selector__selection_method': 'kbest', 'selector__n_features_to_select': 7, 'selector__model_name': 'rf', 'selector__k': 5, 'scaler__scaler_name': 'minmax', 'outlier_remover__z_columns': ['car_age', 'mileage', 'tax', 'mpg'], 'outlier_remover__threshold': 2, 'outlier_remover__sev_outliers_cols': ['car_age', 'mileage'], 'outlier_remover__outlier_method': 'Isolation_Forest', 'outlier_remover__n_neighbors': 90, 'outlier_remover__model_columns': ['car_age', 'mileage', 'tax', 'mpg', 'engineSize'], 'outlier_remover__mod_outliers_cols': ['car_age', 'mileage', 'tax', 'mpg'], 'outlier_remover__contamination_LOF': 0.5, 'outlier_remover__contamination_IF': 0.5, 'model': RandomForestRegressor(max_depth=12, max_features='sqrt', min_samples_leaf=4,
                      min_samples_split=10, random_state=42), 'imputer__knn_scaling_method': 'minmax', 'imputer__knn_neighbors': 14, 'imputer__imputation_method': 'knn_modelwise', 'encoder__method': 'target'}",-3828.4966970087903,-3764.5216214453512,-3833.586587915367,-3808.86830212317,31.426610939515378,394,-3619.1859878392615,-3721.7196613536394,-3655.9055470771045,-3665.603732090002,42.417210701133605
195,0,2000,0.5770258108774821,0.002966370684423053,0.09885565439860027,0.012329671983356787,model,8,rf,10,minmax,"['car_age', 'mileage', 'tax', 'mpg']",2,"['car_age', 'mileage', 'engineSize']",IQR,100,"['car_age', 'mileage', 'tax', 'mpg']","['tax', 'mpg']",0.15,0.05,"RandomForestRegressor(max_depth=12, max_features='sqrt', min_samples_leaf=4,
                      min_samples_split=10, random_state=42)",standard,20,knn_modelwise,freq,"{'selector__selection_method': 'model', 'selector__n_features_to_select': 8, 'selector__model_name': 'rf', 'selector__k': 10, 'scaler__scaler_name': 'minmax', 'outlier_remover__z_columns': ['car_age', 'mileage', 'tax', 'mpg'], 'outlier_remover__threshold': 2, 'outlier_remover__sev_outliers_cols': ['car_age', 'mileage', 'engineSize'], 'outlier_remover__outlier_method': 'IQR', 'outlier_remover__n_neighbors': 100, 'outlier_remover__model_columns': ['car_age', 'mileage', 'tax', 'mpg'], 'outlier_remover__mod_outliers_cols': ['tax', 'mpg'], 'outlier_remover__contamination_LOF': 0.15, 'outlier_remover__contamination_IF': 0.05, 'model': RandomForestRegressor(max_depth=12, max_features='sqrt', min_samples_leaf=4,
                      min_samples_split=10, random_state=42), 'imputer__knn_scaling_method': 'standard', 'imputer__knn_neighbors': 20, 'imputer__imputation_method': 'knn_modelwise', 'encoder__method': 'freq'}",-2755.473382719851,-2645.7777908228395,-2566.379068771384,-2655.876747438025,77.52701286410608,276,-2063.976307041235,-2011.069750306084,-1994.013613278166,-2023.019890208495,29.785891653730292
196,0,2000,0.2872741222381592,0.01219885590223094,0.11666297912597656,0.01621445563992119,kbest,6,rf,10,robust,"['car_age', 'mileage', 'tax', 'mpg']",3,"['car_age', 'mileage', 'engineSize']",IQR,100,"['car_age', 'mileage', 'tax', 'mpg', 'engineSize']","['tax', 'mpg']",0.15,0.3,"RandomForestRegressor(max_depth=12, max_features='sqrt', min_samples_leaf=4,
                      min_samples_split=10, random_state=42)",minmax,6,knn_modelwise,target,"{'selector__selection_method': 'kbest', 'selector__n_features_to_select': 6, 'selector__model_name': 'rf', 'selector__k': 10, 'scaler__scaler_name': 'robust', 'outlier_remover__z_columns': ['car_age', 'mileage', 'tax', 'mpg'], 'outlier_remover__threshold': 3, 'outlier_remover__sev_outliers_cols': ['car_age', 'mileage', 'engineSize'], 'outlier_remover__outlier_method': 'IQR', 'outlier_remover__n_neighbors': 100, 'outlier_remover__model_columns': ['car_age', 'mileage', 'tax', 'mpg', 'engineSize'], 'outlier_remover__mod_outliers_cols': ['tax', 'mpg'], 'outlier_remover__contamination_LOF': 0.15, 'outlier_remover__contamination_IF': 0.3, 'model': RandomForestRegressor(max_depth=12, max_features='sqrt', min_samples_leaf=4,
                      min_samples_split=10, random_state=42), 'imputer__knn_scaling_method': 'minmax', 'imputer__knn_neighbors': 6, 'imputer__imputation_method': 'knn_modelwise', 'encoder__method': 'target'}",-2536.0443088672473,-2405.9719849952726,-2287.4164248777615,-2409.8109062467606,101.53820023864137,188,-1759.649531513659,-1754.208767091641,-1726.2030106277878,-1746.6871030776958,14.653759744999741
197,0,2000,0.18508688608805338,0.011867585289085509,0.031625827153523765,0.019988718145475936,kbest,8,rf,10,robust,"['car_age', 'mileage', 'tax', 'mpg']",2,"['car_age', 'mileage']",z_score,100,"['car_age', 'mileage', 'tax', 'mpg']","['car_age', 'mileage', 'tax', 'mpg']",0.5,0.5,"RandomForestRegressor(max_depth=12, max_features='sqrt', min_samples_leaf=4,
                      min_samples_split=10, random_state=42)",minmax,17,iterative,freq,"{'selector__selection_method': 'kbest', 'selector__n_features_to_select': 8, 'selector__model_name': 'rf', 'selector__k': 10, 'scaler__scaler_name': 'robust', 'outlier_remover__z_columns': ['car_age', 'mileage', 'tax', 'mpg'], 'outlier_remover__threshold': 2, 'outlier_remover__sev_outliers_cols': ['car_age', 'mileage'], 'outlier_remover__outlier_method': 'z_score', 'outlier_remover__n_neighbors': 100, 'outlier_remover__model_columns': ['car_age', 'mileage', 'tax', 'mpg'], 'outlier_remover__mod_outliers_cols': ['car_age', 'mileage', 'tax', 'mpg'], 'outlier_remover__contamination_LOF': 0.5, 'outlier_remover__contamination_IF': 0.5, 'model': RandomForestRegressor(max_depth=12, max_features='sqrt', min_samples_leaf=4,
                      min_samples_split=10, random_state=42), 'imputer__knn_scaling_method': 'minmax', 'imputer__knn_neighbors': 17, 'imputer__imputation_method': 'iterative', 'encoder__method': 'freq'}",-2811.294264256305,-2650.8684122185496,-2568.1559937276443,-2676.7728900674997,100.93673308360732,294,-2051.135436574798,-2012.3506026965044,-1980.5588833643437,-2014.681640878549,28.859865673302895
198,0,2000,0.8945950667063395,0.005575684078409482,0.010217507680257162,0.00019762175829451107,rfe,8,rf,6,robust,"['car_age', 'mileage', 'tax', 'mpg']",2,"['car_age', 'mileage']",LOF,30,"['car_age', 'mileage', 'tax', 'mpg']","['tax', 'mpg']",0.15,0.5,"RandomForestRegressor(max_depth=12, max_features='sqrt', min_samples_leaf=4,
                      min_samples_split=10, random_state=42)",minmax,18,simple,target,"{'selector__selection_method': 'rfe', 'selector__n_features_to_select': 8, 'selector__model_name': 'rf', 'selector__k': 6, 'scaler__scaler_name': 'robust', 'outlier_remover__z_columns': ['car_age', 'mileage', 'tax', 'mpg'], 'outlier_remover__threshold': 2, 'outlier_remover__sev_outliers_cols': ['car_age', 'mileage'], 'outlier_remover__outlier_method': 'LOF', 'outlier_remover__n_neighbors': 30, 'outlier_remover__model_columns': ['car_age', 'mileage', 'tax', 'mpg'], 'outlier_remover__mod_outliers_cols': ['tax', 'mpg'], 'outlier_remover__contamination_LOF': 0.15, 'outlier_remover__contamination_IF': 0.5, 'model': RandomForestRegressor(max_depth=12, max_features='sqrt', min_samples_leaf=4,
                      min_samples_split=10, random_state=42), 'imputer__knn_scaling_method': 'minmax', 'imputer__knn_neighbors': 18, 'imputer__imputation_method': 'simple', 'encoder__method': 'target'}",-2647.903102961241,-2438.5930354135744,-2460.6566007517267,-2515.7175797088476,93.90228838883378,246,-1998.1308612386365,-2049.080178509776,-2023.6904858406087,-2023.6338418630069,20.800010240445527
199,0,2000,0.6970225969950358,0.024285157458887947,0.010009288787841797,0.0005958858273573276,rfe,9,rf,9,standard,"['car_age', 'mileage', 'tax', 'mpg']",2,"['car_age', 'mileage']",IQR,70,"['car_age', 'mileage', 'tax', 'mpg']","['tax', 'mpg']",0.05,0.05,"RandomForestRegressor(max_depth=12, max_features='sqrt', min_samples_leaf=4,
                      min_samples_split=10, random_state=42)",standard,8,simple,target,"{'selector__selection_method': 'rfe', 'selector__n_features_to_select': 9, 'selector__model_name': 'rf', 'selector__k': 9, 'scaler__scaler_name': 'standard', 'outlier_remover__z_columns': ['car_age', 'mileage', 'tax', 'mpg'], 'outlier_remover__threshold': 2, 'outlier_remover__sev_outliers_cols': ['car_age', 'mileage'], 'outlier_remover__outlier_method': 'IQR', 'outlier_remover__n_neighbors': 70, 'outlier_remover__model_columns': ['car_age', 'mileage', 'tax', 'mpg'], 'outlier_remover__mod_outliers_cols': ['tax', 'mpg'], 'outlier_remover__contamination_LOF': 0.05, 'outlier_remover__contamination_IF': 0.05, 'model': RandomForestRegressor(max_depth=12, max_features='sqrt', min_samples_leaf=4,
                      min_samples_split=10, random_state=42), 'imputer__knn_scaling_method': 'standard', 'imputer__knn_neighbors': 8, 'imputer__imputation_method': 'simple', 'encoder__method': 'target'}",-2573.468895582049,-2365.861262627497,-2335.3717322670423,-2424.900630158863,105.7884681287489,209,-1748.511061372584,-1751.9672791581388,-1733.450311246849,-1744.6428839258572,8.039138541181236
200,1,4000,1.833849350611369,0.018485690263639686,0.015244722366333008,0.00041956377418135414,rfe,8,rf,7,robust,"['car_age', 'mileage', 'tax', 'mpg']",3,"['car_age', 'mileage', 'engineSize']",Isolation_Forest,50,"['car_age', 'mileage', 'tax', 'mpg', 'engineSize']","['car_age', 'mileage', 'tax', 'mpg']",0.15,0.15,"RandomForestRegressor(max_depth=12, max_features='sqrt', min_samples_leaf=4,
                      min_samples_split=10, random_state=42)",robust,15,simple,target,"{'selector__selection_method': 'rfe', 'selector__n_features_to_select': 8, 'selector__model_name': 'rf', 'selector__k': 7, 'scaler__scaler_name': 'robust', 'outlier_remover__z_columns': ['car_age', 'mileage', 'tax', 'mpg'], 'outlier_remover__threshold': 3, 'outlier_remover__sev_outliers_cols': ['car_age', 'mileage', 'engineSize'], 'outlier_remover__outlier_method': 'Isolation_Forest', 'outlier_remover__n_neighbors': 50, 'outlier_remover__model_columns': ['car_age', 'mileage', 'tax', 'mpg', 'engineSize'], 'outlier_remover__mod_outliers_cols': ['car_age', 'mileage', 'tax', 'mpg'], 'outlier_remover__contamination_LOF': 0.15, 'outlier_remover__contamination_IF': 0.15, 'model': RandomForestRegressor(max_depth=12, max_features='sqrt', min_samples_leaf=4,
                      min_samples_split=10, random_state=42), 'imputer__knn_scaling_method': 'robust', 'imputer__knn_neighbors': 15, 'imputer__imputation_method': 'simple', 'encoder__method': 'target'}",-2445.5732880006863,-2442.452658307585,-2319.2072048246414,-2402.4110503776374,58.84779530577443,181,-2144.9750695399157,-2076.373249929424,-2082.4730829806463,-2101.273800816662,31.001641427831043
201,1,4000,0.22963102658589682,0.00812128424945673,0.024888118108113606,0.006784027992695285,kbest,8,rf,10,robust,"['car_age', 'mileage', 'tax', 'mpg']",2,"['car_age', 'mileage']",z_score,100,"['car_age', 'mileage', 'tax', 'mpg']","['car_age', 'mileage', 'tax', 'mpg']",0.5,0.5,"RandomForestRegressor(max_depth=12, max_features='sqrt', min_samples_leaf=4,
                      min_samples_split=10, random_state=42)",minmax,17,iterative,freq,"{'selector__selection_method': 'kbest', 'selector__n_features_to_select': 8, 'selector__model_name': 'rf', 'selector__k': 10, 'scaler__scaler_name': 'robust', 'outlier_remover__z_columns': ['car_age', 'mileage', 'tax', 'mpg'], 'outlier_remover__threshold': 2, 'outlier_remover__sev_outliers_cols': ['car_age', 'mileage'], 'outlier_remover__outlier_method': 'z_score', 'outlier_remover__n_neighbors': 100, 'outlier_remover__model_columns': ['car_age', 'mileage', 'tax', 'mpg'], 'outlier_remover__mod_outliers_cols': ['car_age', 'mileage', 'tax', 'mpg'], 'outlier_remover__contamination_LOF': 0.5, 'outlier_remover__contamination_IF': 0.5, 'model': RandomForestRegressor(max_depth=12, max_features='sqrt', min_samples_leaf=4,
                      min_samples_split=10, random_state=42), 'imputer__knn_scaling_method': 'minmax', 'imputer__knn_neighbors': 17, 'imputer__imputation_method': 'iterative', 'encoder__method': 'freq'}",-2507.374103098896,-2442.50339966306,-2331.6050565473993,-2427.1608531031184,72.5728816781839,212,-1906.343066384218,-1873.8624157332058,-1833.88061005504,-1871.3620307241545,29.635461170807076
202,1,4000,0.22749058405558267,0.015058490333001877,0.01849969228108724,0.0013398107127701078,kbest,6,rf,10,standard,"['car_age', 'mileage', 'tax', 'mpg']",2,"['car_age', 'mileage', 'engineSize']",IQR,70,"['car_age', 'mileage', 'tax', 'mpg', 'engineSize']","['car_age', 'mileage', 'tax', 'mpg']",0.05,0.15,"RandomForestRegressor(max_depth=12, max_features='sqrt', min_samples_leaf=4,
                      min_samples_split=10, random_state=42)",robust,17,iterative,freq,"{'selector__selection_method': 'kbest', 'selector__n_features_to_select': 6, 'selector__model_name': 'rf', 'selector__k': 10, 'scaler__scaler_name': 'standard', 'outlier_remover__z_columns': ['car_age', 'mileage', 'tax', 'mpg'], 'outlier_remover__threshold': 2, 'outlier_remover__sev_outliers_cols': ['car_age', 'mileage', 'engineSize'], 'outlier_remover__outlier_method': 'IQR', 'outlier_remover__n_neighbors': 70, 'outlier_remover__model_columns': ['car_age', 'mileage', 'tax', 'mpg', 'engineSize'], 'outlier_remover__mod_outliers_cols': ['car_age', 'mileage', 'tax', 'mpg'], 'outlier_remover__contamination_LOF': 0.05, 'outlier_remover__contamination_IF': 0.15, 'model': RandomForestRegressor(max_depth=12, max_features='sqrt', min_samples_leaf=4,
                      min_samples_split=10, random_state=42), 'imputer__knn_scaling_method': 'robust', 'imputer__knn_neighbors': 17, 'imputer__imputation_method': 'iterative', 'encoder__method': 'freq'}",-2512.200053878656,-2438.189947980046,-2342.2935456184105,-2430.8945158257043,69.55560310541094,218,-1906.6240472451086,-1886.369093669996,-1840.4202403278362,-1877.8044604143136,27.697782338280298
203,1,4000,0.9539704322814941,0.0222666929384604,0.026241858800252277,0.009674435253948222,model,9,rf,10,robust,"['car_age', 'mileage', 'tax', 'mpg']",3,"['car_age', 'mileage', 'engineSize']",z_score,100,"['tax', 'mpg']","['tax', 'mpg']",0.5,0.3,"RandomForestRegressor(max_depth=12, max_features='sqrt', min_samples_leaf=4,
                      min_samples_split=10, random_state=42)",robust,19,iterative,freq,"{'selector__selection_method': 'model', 'selector__n_features_to_select': 9, 'selector__model_name': 'rf', 'selector__k': 10, 'scaler__scaler_name': 'robust', 'outlier_remover__z_columns': ['car_age', 'mileage', 'tax', 'mpg'], 'outlier_remover__threshold': 3, 'outlier_remover__sev_outliers_cols': ['car_age', 'mileage', 'engineSize'], 'outlier_remover__outlier_method': 'z_score', 'outlier_remover__n_neighbors': 100, 'outlier_remover__model_columns': ['tax', 'mpg'], 'outlier_remover__mod_outliers_cols': ['tax', 'mpg'], 'outlier_remover__contamination_LOF': 0.5, 'outlier_remover__contamination_IF': 0.3, 'model': RandomForestRegressor(max_depth=12, max_features='sqrt', min_samples_leaf=4,
                      min_samples_split=10, random_state=42), 'imputer__knn_scaling_method': 'robust', 'imputer__knn_neighbors': 19, 'imputer__imputation_method': 'iterative', 'encoder__method': 'freq'}",-2507.7000123468683,-2442.0913859705033,-2337.111296292256,-2428.967564869876,70.25811232638895,216,-1908.0913765450157,-1873.7420211274355,-1827.432556574293,-1869.755318082248,33.049272918328555
204,1,4000,2.260410944620768,0.042899177469755315,0.0181430180867513,0.0016917301309382923,rfe,7,rf,9,standard,"['car_age', 'mileage', 'tax', 'mpg']",3,"['car_age', 'mileage']",Isolation_Forest,70,"['car_age', 'mileage', 'tax', 'mpg', 'engineSize']","['tax', 'mpg']",0.15,0.15,"RandomForestRegressor(max_depth=12, max_features='sqrt', min_samples_leaf=4,
                      min_samples_split=10, random_state=42)",minmax,5,iterative,target,"{'selector__selection_method': 'rfe', 'selector__n_features_to_select': 7, 'selector__model_name': 'rf', 'selector__k': 9, 'scaler__scaler_name': 'standard', 'outlier_remover__z_columns': ['car_age', 'mileage', 'tax', 'mpg'], 'outlier_remover__threshold': 3, 'outlier_remover__sev_outliers_cols': ['car_age', 'mileage'], 'outlier_remover__outlier_method': 'Isolation_Forest', 'outlier_remover__n_neighbors': 70, 'outlier_remover__model_columns': ['car_age', 'mileage', 'tax', 'mpg', 'engineSize'], 'outlier_remover__mod_outliers_cols': ['tax', 'mpg'], 'outlier_remover__contamination_LOF': 0.15, 'outlier_remover__contamination_IF': 0.15, 'model': RandomForestRegressor(max_depth=12, max_features='sqrt', min_samples_leaf=4,
                      min_samples_split=10, random_state=42), 'imputer__knn_scaling_method': 'minmax', 'imputer__knn_neighbors': 5, 'imputer__imputation_method': 'iterative', 'encoder__method': 'target'}",-2371.795877605835,-2368.615805209864,-2305.0049528685904,-2348.472211894763,30.763400013080453,162,-2061.7387004813736,-2009.6463014382557,-2037.6475973262816,-2036.344199748637,21.28659427043094
205,1,4000,2.3073083559672036,0.10184243990084316,0.14762703577677408,0.016754314732723284,rfe,8,rf,9,minmax,"['car_age', 'mileage', 'tax', 'mpg']",3,"['car_age', 'mileage']",IQR,70,"['car_age', 'mileage', 'tax', 'mpg']","['tax', 'mpg']",0.15,0.5,"RandomForestRegressor(max_depth=12, max_features='sqrt', min_samples_leaf=4,
                      min_samples_split=10, random_state=42)",standard,20,knn_modelwise,freq,"{'selector__selection_method': 'rfe', 'selector__n_features_to_select': 8, 'selector__model_name': 'rf', 'selector__k': 9, 'scaler__scaler_name': 'minmax', 'outlier_remover__z_columns': ['car_age', 'mileage', 'tax', 'mpg'], 'outlier_remover__threshold': 3, 'outlier_remover__sev_outliers_cols': ['car_age', 'mileage'], 'outlier_remover__outlier_method': 'IQR', 'outlier_remover__n_neighbors': 70, 'outlier_remover__model_columns': ['car_age', 'mileage', 'tax', 'mpg'], 'outlier_remover__mod_outliers_cols': ['tax', 'mpg'], 'outlier_remover__contamination_LOF': 0.15, 'outlier_remover__contamination_IF': 0.5, 'model': RandomForestRegressor(max_depth=12, max_features='sqrt', min_samples_leaf=4,
                      min_samples_split=10, random_state=42), 'imputer__knn_scaling_method': 'standard', 'imputer__knn_neighbors': 20, 'imputer__imputation_method': 'knn_modelwise', 'encoder__method': 'freq'}",-2453.6827151939365,-2455.0186300806604,-2333.436352157072,-2414.0458991438895,57.00216642790048,192,-1979.755543051518,-1925.5064492959652,-1890.0139255025651,-1931.7586392833493,36.902636670066414
206,1,4000,0.8050359884897867,0.04061410730093319,0.016880035400390625,0.0023928188981005814,model,6,rf,6,standard,"['car_age', 'mileage', 'tax', 'mpg']",2,"['car_age', 'mileage', 'engineSize']",Isolation_Forest,50,"['car_age', 'mileage', 'tax', 'mpg']","['tax', 'mpg']",0.15,0.15,"RandomForestRegressor(max_depth=12, max_features='sqrt', min_samples_leaf=4,
                      min_samples_split=10, random_state=42)",robust,8,simple,target,"{'selector__selection_method': 'model', 'selector__n_features_to_select': 6, 'selector__model_name': 'rf', 'selector__k': 6, 'scaler__scaler_name': 'standard', 'outlier_remover__z_columns': ['car_age', 'mileage', 'tax', 'mpg'], 'outlier_remover__threshold': 2, 'outlier_remover__sev_outliers_cols': ['car_age', 'mileage', 'engineSize'], 'outlier_remover__outlier_method': 'Isolation_Forest', 'outlier_remover__n_neighbors': 50, 'outlier_remover__model_columns': ['car_age', 'mileage', 'tax', 'mpg'], 'outlier_remover__mod_outliers_cols': ['tax', 'mpg'], 'outlier_remover__contamination_LOF': 0.15, 'outlier_remover__contamination_IF': 0.15, 'model': RandomForestRegressor(max_depth=12, max_features='sqrt', min_samples_leaf=4,
                      min_samples_split=10, random_state=42), 'imputer__knn_scaling_method': 'robust', 'imputer__knn_neighbors': 8, 'imputer__imputation_method': 'simple', 'encoder__method': 'target'}",-2467.9456204030103,-2424.5312333565507,-2307.2768043872347,-2399.917886048932,67.86250687599588,179,-2026.6141110709223,-1988.657045653375,-1932.454671718775,-1982.5752761476906,38.68023565093572
207,1,4000,0.7799235979715983,0.07208032354072132,0.02143541971842448,0.0011391749542719557,model,8,rf,6,robust,"['car_age', 'mileage', 'tax', 'mpg']",2,"['car_age', 'mileage']",LOF,100,"['car_age', 'mileage', 'tax', 'mpg', 'engineSize']","['car_age', 'mileage', 'tax', 'mpg']",0.3,0.5,"RandomForestRegressor(max_depth=12, max_features='sqrt', min_samples_leaf=4,
                      min_samples_split=10, random_state=42)",standard,18,iterative,target,"{'selector__selection_method': 'model', 'selector__n_features_to_select': 8, 'selector__model_name': 'rf', 'selector__k': 6, 'scaler__scaler_name': 'robust', 'outlier_remover__z_columns': ['car_age', 'mileage', 'tax', 'mpg'], 'outlier_remover__threshold': 2, 'outlier_remover__sev_outliers_cols': ['car_age', 'mileage'], 'outlier_remover__outlier_method': 'LOF', 'outlier_remover__n_neighbors': 100, 'outlier_remover__model_columns': ['car_age', 'mileage', 'tax', 'mpg', 'engineSize'], 'outlier_remover__mod_outliers_cols': ['car_age', 'mileage', 'tax', 'mpg'], 'outlier_remover__contamination_LOF': 0.3, 'outlier_remover__contamination_IF': 0.5, 'model': RandomForestRegressor(max_depth=12, max_features='sqrt', min_samples_leaf=4,
                      min_samples_split=10, random_state=42), 'imputer__knn_scaling_method': 'standard', 'imputer__knn_neighbors': 18, 'imputer__imputation_method': 'iterative', 'encoder__method': 'target'}",-2412.3091824125136,-2373.5535086969985,-2453.3174137372107,-2413.0600349489077,32.5678058974867,190,-1965.6151576686807,-1986.5428888393462,-2054.3834146098484,-2002.1804870392916,37.888887712982516
208,1,4000,1.2892195383707683,0.014793059575350135,0.1592420736948649,0.015918401102983707,model,8,rf,8,minmax,"['car_age', 'mileage', 'tax', 'mpg']",2,"['car_age', 'mileage', 'engineSize']",IQR,90,"['tax', 'mpg']","['tax', 'mpg']",0.5,0.05,"RandomForestRegressor(max_depth=12, max_features='sqrt', min_samples_leaf=4,
                      min_samples_split=10, random_state=42)",standard,19,knn_modelwise,freq,"{'selector__selection_method': 'model', 'selector__n_features_to_select': 8, 'selector__model_name': 'rf', 'selector__k': 8, 'scaler__scaler_name': 'minmax', 'outlier_remover__z_columns': ['car_age', 'mileage', 'tax', 'mpg'], 'outlier_remover__threshold': 2, 'outlier_remover__sev_outliers_cols': ['car_age', 'mileage', 'engineSize'], 'outlier_remover__outlier_method': 'IQR', 'outlier_remover__n_neighbors': 90, 'outlier_remover__model_columns': ['tax', 'mpg'], 'outlier_remover__mod_outliers_cols': ['tax', 'mpg'], 'outlier_remover__contamination_LOF': 0.5, 'outlier_remover__contamination_IF': 0.05, 'model': RandomForestRegressor(max_depth=12, max_features='sqrt', min_samples_leaf=4,
                      min_samples_split=10, random_state=42), 'imputer__knn_scaling_method': 'standard', 'imputer__knn_neighbors': 19, 'imputer__imputation_method': 'knn_modelwise', 'encoder__method': 'freq'}",-2427.770551080777,-2452.4160516240045,-2334.303699081805,-2404.830100595529,50.87455262448861,184,-1964.8695960282485,-1916.6887279805514,-1895.5541090373158,-1925.704144348705,29.007096642211764
209,1,4000,0.3041954040527344,0.055814525690576086,0.018897612889607746,0.0027110604294743688,kbest,8,rf,9,minmax,"['car_age', 'mileage', 'tax', 'mpg']",2,"['car_age', 'mileage', 'engineSize']",IQR,100,"['car_age', 'mileage', 'tax', 'mpg', 'engineSize']","['car_age', 'mileage', 'tax', 'mpg']",0.5,0.5,"RandomForestRegressor(max_depth=12, max_features='sqrt', min_samples_leaf=4,
                      min_samples_split=10, random_state=42)",minmax,15,iterative,freq,"{'selector__selection_method': 'kbest', 'selector__n_features_to_select': 8, 'selector__model_name': 'rf', 'selector__k': 9, 'scaler__scaler_name': 'minmax', 'outlier_remover__z_columns': ['car_age', 'mileage', 'tax', 'mpg'], 'outlier_remover__threshold': 2, 'outlier_remover__sev_outliers_cols': ['car_age', 'mileage', 'engineSize'], 'outlier_remover__outlier_method': 'IQR', 'outlier_remover__n_neighbors': 100, 'outlier_remover__model_columns': ['car_age', 'mileage', 'tax', 'mpg', 'engineSize'], 'outlier_remover__mod_outliers_cols': ['car_age', 'mileage', 'tax', 'mpg'], 'outlier_remover__contamination_LOF': 0.5, 'outlier_remover__contamination_IF': 0.5, 'model': RandomForestRegressor(max_depth=12, max_features='sqrt', min_samples_leaf=4,
                      min_samples_split=10, random_state=42), 'imputer__knn_scaling_method': 'minmax', 'imputer__knn_neighbors': 15, 'imputer__imputation_method': 'iterative', 'encoder__method': 'freq'}",-2514.364346004171,-2433.253449352877,-2419.875521474386,-2455.831105610478,41.748033181775206,228,-1896.3994519465505,-1871.2920332518688,-1929.743975687456,-1899.1451536286252,23.941756436799
210,1,4000,2.794877370198568,0.021462485854592886,0.01959538459777832,0.0021952169589243876,rfe,6,rf,8,minmax,"['car_age', 'mileage', 'tax', 'mpg']",3,"['car_age', 'mileage', 'engineSize']",Isolation_Forest,100,"['car_age', 'mileage', 'tax', 'mpg']","['tax', 'mpg']",0.05,0.15,"RandomForestRegressor(max_depth=12, max_features='sqrt', min_samples_leaf=4,
                      min_samples_split=10, random_state=42)",minmax,20,iterative,target,"{'selector__selection_method': 'rfe', 'selector__n_features_to_select': 6, 'selector__model_name': 'rf', 'selector__k': 8, 'scaler__scaler_name': 'minmax', 'outlier_remover__z_columns': ['car_age', 'mileage', 'tax', 'mpg'], 'outlier_remover__threshold': 3, 'outlier_remover__sev_outliers_cols': ['car_age', 'mileage', 'engineSize'], 'outlier_remover__outlier_method': 'Isolation_Forest', 'outlier_remover__n_neighbors': 100, 'outlier_remover__model_columns': ['car_age', 'mileage', 'tax', 'mpg'], 'outlier_remover__mod_outliers_cols': ['tax', 'mpg'], 'outlier_remover__contamination_LOF': 0.05, 'outlier_remover__contamination_IF': 0.15, 'model': RandomForestRegressor(max_depth=12, max_features='sqrt', min_samples_leaf=4,
                      min_samples_split=10, random_state=42), 'imputer__knn_scaling_method': 'minmax', 'imputer__knn_neighbors': 20, 'imputer__imputation_method': 'iterative', 'encoder__method': 'target'}",-2433.770806185258,-2444.7855731060286,-2383.7079413785373,-2420.754773556608,26.579216233770907,202,-1986.5493186288707,-1987.5711410875224,-1944.4719626115264,-1972.8641407759733,20.080635215309925
211,1,4000,2.7286781469980874,0.03457723917405763,0.018155733744303387,0.0020285367124886085,rfe,6,rf,10,standard,"['car_age', 'mileage', 'tax', 'mpg']",2,"['car_age', 'mileage']",Isolation_Forest,30,"['car_age', 'mileage', 'tax', 'mpg']","['car_age', 'mileage', 'tax', 'mpg']",0.15,0.15,"RandomForestRegressor(max_depth=12, max_features='sqrt', min_samples_leaf=4,
                      min_samples_split=10, random_state=42)",robust,15,iterative,target,"{'selector__selection_method': 'rfe', 'selector__n_features_to_select': 6, 'selector__model_name': 'rf', 'selector__k': 10, 'scaler__scaler_name': 'standard', 'outlier_remover__z_columns': ['car_age', 'mileage', 'tax', 'mpg'], 'outlier_remover__threshold': 2, 'outlier_remover__sev_outliers_cols': ['car_age', 'mileage'], 'outlier_remover__outlier_method': 'Isolation_Forest', 'outlier_remover__n_neighbors': 30, 'outlier_remover__model_columns': ['car_age', 'mileage', 'tax', 'mpg'], 'outlier_remover__mod_outliers_cols': ['car_age', 'mileage', 'tax', 'mpg'], 'outlier_remover__contamination_LOF': 0.15, 'outlier_remover__contamination_IF': 0.15, 'model': RandomForestRegressor(max_depth=12, max_features='sqrt', min_samples_leaf=4,
                      min_samples_split=10, random_state=42), 'imputer__knn_scaling_method': 'robust', 'imputer__knn_neighbors': 15, 'imputer__imputation_method': 'iterative', 'encoder__method': 'target'}",-2434.265945408113,-2442.9933224036226,-2383.027808951748,-2420.0956922544947,26.452003789441896,201,-1987.146770957566,-1987.140999935988,-1944.0416138892278,-1972.7764615942606,20.31860580518497
212,1,4000,1.5373916625976562,0.08859331558564813,0.018865029017130535,0.001972356593063979,rfe,9,rf,6,standard,"['car_age', 'mileage', 'tax', 'mpg']",3,"['car_age', 'mileage']",IQR,50,"['car_age', 'mileage', 'tax', 'mpg', 'engineSize']","['tax', 'mpg']",0.5,0.15,"RandomForestRegressor(max_depth=12, max_features='sqrt', min_samples_leaf=4,
                      min_samples_split=10, random_state=42)",standard,5,iterative,freq,"{'selector__selection_method': 'rfe', 'selector__n_features_to_select': 9, 'selector__model_name': 'rf', 'selector__k': 6, 'scaler__scaler_name': 'standard', 'outlier_remover__z_columns': ['car_age', 'mileage', 'tax', 'mpg'], 'outlier_remover__threshold': 3, 'outlier_remover__sev_outliers_cols': ['car_age', 'mileage'], 'outlier_remover__outlier_method': 'IQR', 'outlier_remover__n_neighbors': 50, 'outlier_remover__model_columns': ['car_age', 'mileage', 'tax', 'mpg', 'engineSize'], 'outlier_remover__mod_outliers_cols': ['tax', 'mpg'], 'outlier_remover__contamination_LOF': 0.5, 'outlier_remover__contamination_IF': 0.15, 'model': RandomForestRegressor(max_depth=12, max_features='sqrt', min_samples_leaf=4,
                      min_samples_split=10, random_state=42), 'imputer__knn_scaling_method': 'standard', 'imputer__knn_neighbors': 5, 'imputer__imputation_method': 'iterative', 'encoder__method': 'freq'}",-2487.4631925052745,-2451.876668007862,-2333.232898549754,-2424.19091968763,65.9374521216382,205,-1874.8128288387882,-1867.5942223712234,-1827.1541467242823,-1856.5203993114312,20.973152093292462
213,1,4000,2.344119071960449,0.01657110736096158,0.14062372843424478,0.020360418325441606,rfe,8,rf,6,standard,"['car_age', 'mileage', 'tax', 'mpg']",3,"['car_age', 'mileage', 'engineSize']",IQR,30,"['car_age', 'mileage', 'tax', 'mpg']","['car_age', 'mileage', 'tax', 'mpg']",0.05,0.15,"RandomForestRegressor(max_depth=12, max_features='sqrt', min_samples_leaf=4,
                      min_samples_split=10, random_state=42)",minmax,18,knn_modelwise,freq,"{'selector__selection_method': 'rfe', 'selector__n_features_to_select': 8, 'selector__model_name': 'rf', 'selector__k': 6, 'scaler__scaler_name': 'standard', 'outlier_remover__z_columns': ['car_age', 'mileage', 'tax', 'mpg'], 'outlier_remover__threshold': 3, 'outlier_remover__sev_outliers_cols': ['car_age', 'mileage', 'engineSize'], 'outlier_remover__outlier_method': 'IQR', 'outlier_remover__n_neighbors': 30, 'outlier_remover__model_columns': ['car_age', 'mileage', 'tax', 'mpg'], 'outlier_remover__mod_outliers_cols': ['car_age', 'mileage', 'tax', 'mpg'], 'outlier_remover__contamination_LOF': 0.05, 'outlier_remover__contamination_IF': 0.15, 'model': RandomForestRegressor(max_depth=12, max_features='sqrt', min_samples_leaf=4,
                      min_samples_split=10, random_state=42), 'imputer__knn_scaling_method': 'minmax', 'imputer__knn_neighbors': 18, 'imputer__imputation_method': 'knn_modelwise', 'encoder__method': 'freq'}",-2446.278702427263,-2448.027958890406,-2317.483565789217,-2403.930075702295,61.13108473685816,183,-1991.8266734275296,-1931.715311194194,-1880.5162228516128,-1934.6860691577788,45.49082804267291
214,1,4000,0.1933894952138265,0.00401919046210049,0.01695593198140462,0.0015731898542188276,kbest,5,rf,9,robust,"['car_age', 'mileage', 'tax', 'mpg']",2,"['car_age', 'mileage']",IQR,70,"['tax', 'mpg']","['car_age', 'mileage', 'tax', 'mpg']",0.3,0.05,"RandomForestRegressor(max_depth=12, max_features='sqrt', min_samples_leaf=4,
                      min_samples_split=10, random_state=42)",minmax,6,simple,freq,"{'selector__selection_method': 'kbest', 'selector__n_features_to_select': 5, 'selector__model_name': 'rf', 'selector__k': 9, 'scaler__scaler_name': 'robust', 'outlier_remover__z_columns': ['car_age', 'mileage', 'tax', 'mpg'], 'outlier_remover__threshold': 2, 'outlier_remover__sev_outliers_cols': ['car_age', 'mileage'], 'outlier_remover__outlier_method': 'IQR', 'outlier_remover__n_neighbors': 70, 'outlier_remover__model_columns': ['tax', 'mpg'], 'outlier_remover__mod_outliers_cols': ['car_age', 'mileage', 'tax', 'mpg'], 'outlier_remover__contamination_LOF': 0.3, 'outlier_remover__contamination_IF': 0.05, 'model': RandomForestRegressor(max_depth=12, max_features='sqrt', min_samples_leaf=4,
                      min_samples_split=10, random_state=42), 'imputer__knn_scaling_method': 'minmax', 'imputer__knn_neighbors': 6, 'imputer__imputation_method': 'simple', 'encoder__method': 'freq'}",-2504.4279765949605,-2405.970219172347,-2451.6995801195694,-2454.0325919622924,40.22905009539146,227,-1926.6727336885738,-1885.0547334547273,-1962.7786168967837,-1924.835361346695,31.75722980331269
215,1,4000,1.592936674753825,0.011163610502828698,0.01968661944071452,0.001481612896398706,rfe,9,rf,8,minmax,"['car_age', 'mileage', 'tax', 'mpg']",3,"['car_age', 'mileage']",z_score,70,"['car_age', 'mileage', 'tax', 'mpg']","['car_age', 'mileage', 'tax', 'mpg']",0.15,0.5,"RandomForestRegressor(max_depth=12, max_features='sqrt', min_samples_leaf=4,
                      min_samples_split=10, random_state=42)",standard,17,iterative,freq,"{'selector__selection_method': 'rfe', 'selector__n_features_to_select': 9, 'selector__model_name': 'rf', 'selector__k': 8, 'scaler__scaler_name': 'minmax', 'outlier_remover__z_columns': ['car_age', 'mileage', 'tax', 'mpg'], 'outlier_remover__threshold': 3, 'outlier_remover__sev_outliers_cols': ['car_age', 'mileage'], 'outlier_remover__outlier_method': 'z_score', 'outlier_remover__n_neighbors': 70, 'outlier_remover__model_columns': ['car_age', 'mileage', 'tax', 'mpg'], 'outlier_remover__mod_outliers_cols': ['car_age', 'mileage', 'tax', 'mpg'], 'outlier_remover__contamination_LOF': 0.15, 'outlier_remover__contamination_IF': 0.5, 'model': RandomForestRegressor(max_depth=12, max_features='sqrt', min_samples_leaf=4,
                      min_samples_split=10, random_state=42), 'imputer__knn_scaling_method': 'standard', 'imputer__knn_neighbors': 17, 'imputer__imputation_method': 'iterative', 'encoder__method': 'freq'}",-2509.7304031226963,-2441.905757555642,-2322.410524640633,-2424.682228439657,77.43673411261021,208,-1881.1309385921818,-1856.084583926884,-1824.8135128454585,-1854.0096784548414,23.038258545628796
216,1,4000,0.4908570448557536,0.026237768916978713,0.1468667189280192,0.021422224644238125,kbest,8,rf,9,minmax,"['car_age', 'mileage', 'tax', 'mpg']",3,"['car_age', 'mileage', 'engineSize']",LOF,90,"['tax', 'mpg']","['tax', 'mpg']",0.05,0.15,"RandomForestRegressor(max_depth=12, max_features='sqrt', min_samples_leaf=4,
                      min_samples_split=10, random_state=42)",standard,10,knn_modelwise,freq,"{'selector__selection_method': 'kbest', 'selector__n_features_to_select': 8, 'selector__model_name': 'rf', 'selector__k': 9, 'scaler__scaler_name': 'minmax', 'outlier_remover__z_columns': ['car_age', 'mileage', 'tax', 'mpg'], 'outlier_remover__threshold': 3, 'outlier_remover__sev_outliers_cols': ['car_age', 'mileage', 'engineSize'], 'outlier_remover__outlier_method': 'LOF', 'outlier_remover__n_neighbors': 90, 'outlier_remover__model_columns': ['tax', 'mpg'], 'outlier_remover__mod_outliers_cols': ['tax', 'mpg'], 'outlier_remover__contamination_LOF': 0.05, 'outlier_remover__contamination_IF': 0.15, 'model': RandomForestRegressor(max_depth=12, max_features='sqrt', min_samples_leaf=4,
                      min_samples_split=10, random_state=42), 'imputer__knn_scaling_method': 'standard', 'imputer__knn_neighbors': 10, 'imputer__imputation_method': 'knn_modelwise', 'encoder__method': 'freq'}",-2433.83446869759,-2356.738742799315,-2335.5011763060384,-2375.3581292676477,42.248236748085795,173,-1926.1270542164566,-1862.9991613302966,-1916.2556334974122,-1901.7939496813885,27.726496823527302
217,1,4000,1.1562604109446208,0.04270896502012645,0.1585050423940023,0.03951118939998893,model,8,rf,8,robust,"['car_age', 'mileage', 'tax', 'mpg']",2,"['car_age', 'mileage', 'engineSize']",IQR,90,"['car_age', 'mileage', 'tax', 'mpg']","['car_age', 'mileage', 'tax', 'mpg']",0.5,0.5,"RandomForestRegressor(max_depth=12, max_features='sqrt', min_samples_leaf=4,
                      min_samples_split=10, random_state=42)",standard,20,knn_modelwise,freq,"{'selector__selection_method': 'model', 'selector__n_features_to_select': 8, 'selector__model_name': 'rf', 'selector__k': 8, 'scaler__scaler_name': 'robust', 'outlier_remover__z_columns': ['car_age', 'mileage', 'tax', 'mpg'], 'outlier_remover__threshold': 2, 'outlier_remover__sev_outliers_cols': ['car_age', 'mileage', 'engineSize'], 'outlier_remover__outlier_method': 'IQR', 'outlier_remover__n_neighbors': 90, 'outlier_remover__model_columns': ['car_age', 'mileage', 'tax', 'mpg'], 'outlier_remover__mod_outliers_cols': ['car_age', 'mileage', 'tax', 'mpg'], 'outlier_remover__contamination_LOF': 0.5, 'outlier_remover__contamination_IF': 0.5, 'model': RandomForestRegressor(max_depth=12, max_features='sqrt', min_samples_leaf=4,
                      min_samples_split=10, random_state=42), 'imputer__knn_scaling_method': 'standard', 'imputer__knn_neighbors': 20, 'imputer__imputation_method': 'knn_modelwise', 'encoder__method': 'freq'}",-2452.025975859348,-2457.2275273991067,-2333.722475308403,-2414.3253261889527,57.03436807258868,193,-1982.360595982699,-1935.2639269435483,-1894.0207597829292,-1937.2150942363921,36.090967986501674
218,1,4000,2.6444111665089927,0.09008771657042981,0.014941533406575521,0.00016931550543026013,rfe,7,rf,8,robust,"['car_age', 'mileage', 'tax', 'mpg']",2,"['car_age', 'mileage']",IQR,50,"['car_age', 'mileage', 'tax', 'mpg']","['car_age', 'mileage', 'tax', 'mpg']",0.5,0.15,"RandomForestRegressor(max_depth=12, max_features='sqrt', min_samples_leaf=4,
                      min_samples_split=10, random_state=42)",minmax,19,simple,freq,"{'selector__selection_method': 'rfe', 'selector__n_features_to_select': 7, 'selector__model_name': 'rf', 'selector__k': 8, 'scaler__scaler_name': 'robust', 'outlier_remover__z_columns': ['car_age', 'mileage', 'tax', 'mpg'], 'outlier_remover__threshold': 2, 'outlier_remover__sev_outliers_cols': ['car_age', 'mileage'], 'outlier_remover__outlier_method': 'IQR', 'outlier_remover__n_neighbors': 50, 'outlier_remover__model_columns': ['car_age', 'mileage', 'tax', 'mpg'], 'outlier_remover__mod_outliers_cols': ['car_age', 'mileage', 'tax', 'mpg'], 'outlier_remover__contamination_LOF': 0.5, 'outlier_remover__contamination_IF': 0.15, 'model': RandomForestRegressor(max_depth=12, max_features='sqrt', min_samples_leaf=4,
                      min_samples_split=10, random_state=42), 'imputer__knn_scaling_method': 'minmax', 'imputer__knn_neighbors': 19, 'imputer__imputation_method': 'simple', 'encoder__method': 'freq'}",-2484.8927513586955,-2444.4093266228315,-2344.219442251067,-2424.5071734108647,59.12876767799269,206,-1971.5114191837486,-1945.6120362706904,-1919.5426702396203,-1945.5553752313529,21.216190744483992
219,1,4000,1.137505292892456,0.057120933848430026,0.13979713122049967,0.01345243224519166,model,8,rf,10,minmax,"['car_age', 'mileage', 'tax', 'mpg']",2,"['car_age', 'mileage', 'engineSize']",IQR,100,"['car_age', 'mileage', 'tax', 'mpg']","['tax', 'mpg']",0.15,0.05,"RandomForestRegressor(max_depth=12, max_features='sqrt', min_samples_leaf=4,
                      min_samples_split=10, random_state=42)",standard,20,knn_modelwise,freq,"{'selector__selection_method': 'model', 'selector__n_features_to_select': 8, 'selector__model_name': 'rf', 'selector__k': 10, 'scaler__scaler_name': 'minmax', 'outlier_remover__z_columns': ['car_age', 'mileage', 'tax', 'mpg'], 'outlier_remover__threshold': 2, 'outlier_remover__sev_outliers_cols': ['car_age', 'mileage', 'engineSize'], 'outlier_remover__outlier_method': 'IQR', 'outlier_remover__n_neighbors': 100, 'outlier_remover__model_columns': ['car_age', 'mileage', 'tax', 'mpg'], 'outlier_remover__mod_outliers_cols': ['tax', 'mpg'], 'outlier_remover__contamination_LOF': 0.15, 'outlier_remover__contamination_IF': 0.05, 'model': RandomForestRegressor(max_depth=12, max_features='sqrt', min_samples_leaf=4,
                      min_samples_split=10, random_state=42), 'imputer__knn_scaling_method': 'standard', 'imputer__knn_neighbors': 20, 'imputer__imputation_method': 'knn_modelwise', 'encoder__method': 'freq'}",-2443.058249728327,-2380.5847647416063,-2295.614163232373,-2373.0857259007685,60.42690542194429,172,-1872.3401493433337,-1838.5072427915397,-1826.1149179645788,-1845.6541033664842,19.53631176490121
220,1,4000,2.4674240748087564,0.051959435797871996,0.015171209971110025,0.0002616366520398308,rfe,7,rf,6,robust,"['car_age', 'mileage', 'tax', 'mpg']",3,"['car_age', 'mileage']",IQR,50,"['tax', 'mpg']","['tax', 'mpg']",0.5,0.05,"RandomForestRegressor(max_depth=12, max_features='sqrt', min_samples_leaf=4,
                      min_samples_split=10, random_state=42)",standard,6,simple,freq,"{'selector__selection_method': 'rfe', 'selector__n_features_to_select': 7, 'selector__model_name': 'rf', 'selector__k': 6, 'scaler__scaler_name': 'robust', 'outlier_remover__z_columns': ['car_age', 'mileage', 'tax', 'mpg'], 'outlier_remover__threshold': 3, 'outlier_remover__sev_outliers_cols': ['car_age', 'mileage'], 'outlier_remover__outlier_method': 'IQR', 'outlier_remover__n_neighbors': 50, 'outlier_remover__model_columns': ['tax', 'mpg'], 'outlier_remover__mod_outliers_cols': ['tax', 'mpg'], 'outlier_remover__contamination_LOF': 0.5, 'outlier_remover__contamination_IF': 0.05, 'model': RandomForestRegressor(max_depth=12, max_features='sqrt', min_samples_leaf=4,
                      min_samples_split=10, random_state=42), 'imputer__knn_scaling_method': 'standard', 'imputer__knn_neighbors': 6, 'imputer__imputation_method': 'simple', 'encoder__method': 'freq'}",-2482.8119272565277,-2435.2466507486793,-2339.0959909386734,-2419.0515229812936,59.778921650142735,200,-1960.413448533583,-1940.204280389978,-1917.2055845858752,-1939.2744378364787,17.65178616290964
221,1,4000,0.7697274684906006,0.02367688510329272,0.014786005020141602,0.0001887830567925407,model,9,rf,7,robust,"['car_age', 'mileage', 'tax', 'mpg']",2,"['car_age', 'mileage']",z_score,70,"['car_age', 'mileage', 'tax', 'mpg']","['car_age', 'mileage', 'tax', 'mpg']",0.3,0.3,"RandomForestRegressor(max_depth=12, max_features='sqrt', min_samples_leaf=4,
                      min_samples_split=10, random_state=42)",minmax,12,simple,freq,"{'selector__selection_method': 'model', 'selector__n_features_to_select': 9, 'selector__model_name': 'rf', 'selector__k': 7, 'scaler__scaler_name': 'robust', 'outlier_remover__z_columns': ['car_age', 'mileage', 'tax', 'mpg'], 'outlier_remover__threshold': 2, 'outlier_remover__sev_outliers_cols': ['car_age', 'mileage'], 'outlier_remover__outlier_method': 'z_score', 'outlier_remover__n_neighbors': 70, 'outlier_remover__model_columns': ['car_age', 'mileage', 'tax', 'mpg'], 'outlier_remover__mod_outliers_cols': ['car_age', 'mileage', 'tax', 'mpg'], 'outlier_remover__contamination_LOF': 0.3, 'outlier_remover__contamination_IF': 0.3, 'model': RandomForestRegressor(max_depth=12, max_features='sqrt', min_samples_leaf=4,
                      min_samples_split=10, random_state=42), 'imputer__knn_scaling_method': 'minmax', 'imputer__knn_neighbors': 12, 'imputer__imputation_method': 'simple', 'encoder__method': 'freq'}",-2487.9342486026753,-2446.2819674918856,-2348.421206206821,-2427.545807433794,58.476519617869926,215,-1965.022952064862,-1951.2912448931256,-1926.5726541800586,-1947.6289503793487,15.909444840235812
222,1,4000,2.268212080001831,0.03879187822905717,0.14874998728434244,0.013019691805841036,rfe,8,rf,6,minmax,"['car_age', 'mileage', 'tax', 'mpg']",3,"['car_age', 'mileage', 'engineSize']",z_score,70,"['car_age', 'mileage', 'tax', 'mpg']","['car_age', 'mileage', 'tax', 'mpg']",0.3,0.15,"RandomForestRegressor(max_depth=12, max_features='sqrt', min_samples_leaf=4,
                      min_samples_split=10, random_state=42)",standard,9,knn_modelwise,freq,"{'selector__selection_method': 'rfe', 'selector__n_features_to_select': 8, 'selector__model_name': 'rf', 'selector__k': 6, 'scaler__scaler_name': 'minmax', 'outlier_remover__z_columns': ['car_age', 'mileage', 'tax', 'mpg'], 'outlier_remover__threshold': 3, 'outlier_remover__sev_outliers_cols': ['car_age', 'mileage', 'engineSize'], 'outlier_remover__outlier_method': 'z_score', 'outlier_remover__n_neighbors': 70, 'outlier_remover__model_columns': ['car_age', 'mileage', 'tax', 'mpg'], 'outlier_remover__mod_outliers_cols': ['car_age', 'mileage', 'tax', 'mpg'], 'outlier_remover__contamination_LOF': 0.3, 'outlier_remover__contamination_IF': 0.15, 'model': RandomForestRegressor(max_depth=12, max_features='sqrt', min_samples_leaf=4,
                      min_samples_split=10, random_state=42), 'imputer__knn_scaling_method': 'standard', 'imputer__knn_neighbors': 9, 'imputer__imputation_method': 'knn_modelwise', 'encoder__method': 'freq'}",-2450.8628039283417,-2425.6703264797097,-2294.1618964196177,-2390.231675609223,68.70573525383259,174,-1977.6008057627441,-1918.2568501706241,-1903.9464544078178,-1933.2680367803953,31.887747500189537
223,1,4000,2.3403987089792886,0.06709589169953308,0.017241636912027996,0.0011262994839892893,rfe,7,rf,10,standard,"['car_age', 'mileage', 'tax', 'mpg']",3,"['car_age', 'mileage', 'engineSize']",LOF,100,"['car_age', 'mileage', 'tax', 'mpg']","['tax', 'mpg']",0.15,0.05,"RandomForestRegressor(max_depth=12, max_features='sqrt', min_samples_leaf=4,
                      min_samples_split=10, random_state=42)",standard,17,iterative,target,"{'selector__selection_method': 'rfe', 'selector__n_features_to_select': 7, 'selector__model_name': 'rf', 'selector__k': 10, 'scaler__scaler_name': 'standard', 'outlier_remover__z_columns': ['car_age', 'mileage', 'tax', 'mpg'], 'outlier_remover__threshold': 3, 'outlier_remover__sev_outliers_cols': ['car_age', 'mileage', 'engineSize'], 'outlier_remover__outlier_method': 'LOF', 'outlier_remover__n_neighbors': 100, 'outlier_remover__model_columns': ['car_age', 'mileage', 'tax', 'mpg'], 'outlier_remover__mod_outliers_cols': ['tax', 'mpg'], 'outlier_remover__contamination_LOF': 0.15, 'outlier_remover__contamination_IF': 0.05, 'model': RandomForestRegressor(max_depth=12, max_features='sqrt', min_samples_leaf=4,
                      min_samples_split=10, random_state=42), 'imputer__knn_scaling_method': 'standard', 'imputer__knn_neighbors': 17, 'imputer__imputation_method': 'iterative', 'encoder__method': 'target'}",-2373.057001079543,-2352.266132308129,-2227.254593188339,-2317.5259088586704,64.39331166462856,160,-1908.7020285192866,-1892.8861090566918,-1829.9125883559307,-1877.1669086439697,34.03198413772211
224,1,4000,2.672578493754069,0.0339061431316233,0.017392714818318684,0.001422762830280832,rfe,7,rf,7,standard,"['car_age', 'mileage', 'tax', 'mpg']",3,"['car_age', 'mileage']",z_score,100,"['tax', 'mpg']","['car_age', 'mileage', 'tax', 'mpg']",0.15,0.05,"RandomForestRegressor(max_depth=12, max_features='sqrt', min_samples_leaf=4,
                      min_samples_split=10, random_state=42)",minmax,8,iterative,freq,"{'selector__selection_method': 'rfe', 'selector__n_features_to_select': 7, 'selector__model_name': 'rf', 'selector__k': 7, 'scaler__scaler_name': 'standard', 'outlier_remover__z_columns': ['car_age', 'mileage', 'tax', 'mpg'], 'outlier_remover__threshold': 3, 'outlier_remover__sev_outliers_cols': ['car_age', 'mileage'], 'outlier_remover__outlier_method': 'z_score', 'outlier_remover__n_neighbors': 100, 'outlier_remover__model_columns': ['tax', 'mpg'], 'outlier_remover__mod_outliers_cols': ['car_age', 'mileage', 'tax', 'mpg'], 'outlier_remover__contamination_LOF': 0.15, 'outlier_remover__contamination_IF': 0.05, 'model': RandomForestRegressor(max_depth=12, max_features='sqrt', min_samples_leaf=4,
                      min_samples_split=10, random_state=42), 'imputer__knn_scaling_method': 'minmax', 'imputer__knn_neighbors': 8, 'imputer__imputation_method': 'iterative', 'encoder__method': 'freq'}",-2455.629061507748,-2444.767033230981,-2338.9363597187426,-2413.1108181524905,52.636385561866234,191,-1947.5227934146112,-1909.290836667243,-1882.9147681904194,-1913.2427994240913,26.52373450410139
225,1,4000,0.9955286979675293,0.01115029960028466,0.17181849479675293,0.0496952594343534,model,9,rf,8,standard,"['car_age', 'mileage', 'tax', 'mpg']",3,"['car_age', 'mileage', 'engineSize']",Isolation_Forest,90,"['car_age', 'mileage', 'tax', 'mpg', 'engineSize']","['tax', 'mpg']",0.3,0.15,"RandomForestRegressor(max_depth=12, max_features='sqrt', min_samples_leaf=4,
                      min_samples_split=10, random_state=42)",robust,15,knn_modelwise,target,"{'selector__selection_method': 'model', 'selector__n_features_to_select': 9, 'selector__model_name': 'rf', 'selector__k': 8, 'scaler__scaler_name': 'standard', 'outlier_remover__z_columns': ['car_age', 'mileage', 'tax', 'mpg'], 'outlier_remover__threshold': 3, 'outlier_remover__sev_outliers_cols': ['car_age', 'mileage', 'engineSize'], 'outlier_remover__outlier_method': 'Isolation_Forest', 'outlier_remover__n_neighbors': 90, 'outlier_remover__model_columns': ['car_age', 'mileage', 'tax', 'mpg', 'engineSize'], 'outlier_remover__mod_outliers_cols': ['tax', 'mpg'], 'outlier_remover__contamination_LOF': 0.3, 'outlier_remover__contamination_IF': 0.15, 'model': RandomForestRegressor(max_depth=12, max_features='sqrt', min_samples_leaf=4,
                      min_samples_split=10, random_state=42), 'imputer__knn_scaling_method': 'robust', 'imputer__knn_neighbors': 15, 'imputer__imputation_method': 'knn_modelwise', 'encoder__method': 'target'}",-2409.5698862535073,-2425.199288584425,-2243.3759952227115,-2359.3817233535483,82.27622691753915,167,-2105.225221780335,-2085.824382221567,-2027.9637492136098,-2073.004451071837,32.818660970120376
226,1,4000,1.0143539905548096,0.02138020638937367,0.18053396542867026,0.019458916767140212,model,9,rf,10,minmax,"['car_age', 'mileage', 'tax', 'mpg']",3,"['car_age', 'mileage', 'engineSize']",Isolation_Forest,30,"['tax', 'mpg']","['tax', 'mpg']",0.05,0.3,"RandomForestRegressor(max_depth=12, max_features='sqrt', min_samples_leaf=4,
                      min_samples_split=10, random_state=42)",standard,8,knn_modelwise,target,"{'selector__selection_method': 'model', 'selector__n_features_to_select': 9, 'selector__model_name': 'rf', 'selector__k': 10, 'scaler__scaler_name': 'minmax', 'outlier_remover__z_columns': ['car_age', 'mileage', 'tax', 'mpg'], 'outlier_remover__threshold': 3, 'outlier_remover__sev_outliers_cols': ['car_age', 'mileage', 'engineSize'], 'outlier_remover__outlier_method': 'Isolation_Forest', 'outlier_remover__n_neighbors': 30, 'outlier_remover__model_columns': ['tax', 'mpg'], 'outlier_remover__mod_outliers_cols': ['tax', 'mpg'], 'outlier_remover__contamination_LOF': 0.05, 'outlier_remover__contamination_IF': 0.3, 'model': RandomForestRegressor(max_depth=12, max_features='sqrt', min_samples_leaf=4,
                      min_samples_split=10, random_state=42), 'imputer__knn_scaling_method': 'standard', 'imputer__knn_neighbors': 8, 'imputer__imputation_method': 'knn_modelwise', 'encoder__method': 'target'}",-2358.4371967198103,-2344.5182034622817,-2169.6373778592506,-2290.8642593471145,85.90848692952356,156,-1994.626250303344,-2000.9912988365818,-1958.3009205521284,-1984.6394898973515,18.80458520454444
227,1,4000,0.529586394627889,0.03571065545364357,0.15746553738911948,0.01199947432066369,kbest,6,rf,10,robust,"['car_age', 'mileage', 'tax', 'mpg']",3,"['car_age', 'mileage']",Isolation_Forest,90,"['tax', 'mpg']","['car_age', 'mileage', 'tax', 'mpg']",0.05,0.3,"RandomForestRegressor(max_depth=12, max_features='sqrt', min_samples_leaf=4,
                      min_samples_split=10, random_state=42)",standard,16,knn_modelwise,target,"{'selector__selection_method': 'kbest', 'selector__n_features_to_select': 6, 'selector__model_name': 'rf', 'selector__k': 10, 'scaler__scaler_name': 'robust', 'outlier_remover__z_columns': ['car_age', 'mileage', 'tax', 'mpg'], 'outlier_remover__threshold': 3, 'outlier_remover__sev_outliers_cols': ['car_age', 'mileage'], 'outlier_remover__outlier_method': 'Isolation_Forest', 'outlier_remover__n_neighbors': 90, 'outlier_remover__model_columns': ['tax', 'mpg'], 'outlier_remover__mod_outliers_cols': ['car_age', 'mileage', 'tax', 'mpg'], 'outlier_remover__contamination_LOF': 0.05, 'outlier_remover__contamination_IF': 0.3, 'model': RandomForestRegressor(max_depth=12, max_features='sqrt', min_samples_leaf=4,
                      min_samples_split=10, random_state=42), 'imputer__knn_scaling_method': 'standard', 'imputer__knn_neighbors': 16, 'imputer__imputation_method': 'knn_modelwise', 'encoder__method': 'target'}",-2378.0865415484864,-2331.512631509178,-2204.1799667300957,-2304.59304659592,73.50452244677516,158,-2026.4713096433484,-1997.7606172881174,-1966.436536221476,-1996.8894877176472,24.516833060848885
228,1,4000,1.2342193126678467,0.029214606148761656,0.1692667007446289,0.018352516347045565,model,10,rf,9,minmax,"['car_age', 'mileage', 'tax', 'mpg']",2,"['car_age', 'mileage', 'engineSize']",z_score,50,"['car_age', 'mileage', 'tax', 'mpg', 'engineSize']","['car_age', 'mileage', 'tax', 'mpg']",0.15,0.3,"RandomForestRegressor(max_depth=12, max_features='sqrt', min_samples_leaf=4,
                      min_samples_split=10, random_state=42)",standard,13,knn_modelwise,freq,"{'selector__selection_method': 'model', 'selector__n_features_to_select': 10, 'selector__model_name': 'rf', 'selector__k': 9, 'scaler__scaler_name': 'minmax', 'outlier_remover__z_columns': ['car_age', 'mileage', 'tax', 'mpg'], 'outlier_remover__threshold': 2, 'outlier_remover__sev_outliers_cols': ['car_age', 'mileage', 'engineSize'], 'outlier_remover__outlier_method': 'z_score', 'outlier_remover__n_neighbors': 50, 'outlier_remover__model_columns': ['car_age', 'mileage', 'tax', 'mpg', 'engineSize'], 'outlier_remover__mod_outliers_cols': ['car_age', 'mileage', 'tax', 'mpg'], 'outlier_remover__contamination_LOF': 0.15, 'outlier_remover__contamination_IF': 0.3, 'model': RandomForestRegressor(max_depth=12, max_features='sqrt', min_samples_leaf=4,
                      min_samples_split=10, random_state=42), 'imputer__knn_scaling_method': 'standard', 'imputer__knn_neighbors': 13, 'imputer__imputation_method': 'knn_modelwise', 'encoder__method': 'freq'}",-2398.7593469860085,-2389.4108032985096,-2273.0974166544033,-2353.755855646307,57.16168094523504,163,-1884.2683134961148,-1828.2912206115195,-1805.3588815471105,-1839.3061385515814,33.14283155825568
229,1,4000,0.21871042251586914,0.016123491536965788,0.02191893259684245,0.0019278541573007795,kbest,7,rf,7,robust,"['car_age', 'mileage', 'tax', 'mpg']",2,"['car_age', 'mileage', 'engineSize']",LOF,100,"['car_age', 'mileage', 'tax', 'mpg']","['tax', 'mpg']",0.15,0.3,"RandomForestRegressor(max_depth=12, max_features='sqrt', min_samples_leaf=4,
                      min_samples_split=10, random_state=42)",robust,11,simple,target,"{'selector__selection_method': 'kbest', 'selector__n_features_to_select': 7, 'selector__model_name': 'rf', 'selector__k': 7, 'scaler__scaler_name': 'robust', 'outlier_remover__z_columns': ['car_age', 'mileage', 'tax', 'mpg'], 'outlier_remover__threshold': 2, 'outlier_remover__sev_outliers_cols': ['car_age', 'mileage', 'engineSize'], 'outlier_remover__outlier_method': 'LOF', 'outlier_remover__n_neighbors': 100, 'outlier_remover__model_columns': ['car_age', 'mileage', 'tax', 'mpg'], 'outlier_remover__mod_outliers_cols': ['tax', 'mpg'], 'outlier_remover__contamination_LOF': 0.15, 'outlier_remover__contamination_IF': 0.3, 'model': RandomForestRegressor(max_depth=12, max_features='sqrt', min_samples_leaf=4,
                      min_samples_split=10, random_state=42), 'imputer__knn_scaling_method': 'robust', 'imputer__knn_neighbors': 11, 'imputer__imputation_method': 'simple', 'encoder__method': 'target'}",-2478.7545357822464,-2309.9515040250976,-2220.2802268360797,-2336.3287555478078,107.1573971461882,161,-2003.774520181509,-1839.0414077003127,-1926.536695522528,-1923.117541134783,67.29545576278308
230,1,4000,1.2537726561228435,0.020796967013901352,0.1906591256459554,0.023764770954973844,rfe,10,rf,8,robust,"['car_age', 'mileage', 'tax', 'mpg']",2,"['car_age', 'mileage']",z_score,30,"['car_age', 'mileage', 'tax', 'mpg']","['car_age', 'mileage', 'tax', 'mpg']",0.05,0.3,"RandomForestRegressor(max_depth=12, max_features='sqrt', min_samples_leaf=4,
                      min_samples_split=10, random_state=42)",standard,10,knn_modelwise,freq,"{'selector__selection_method': 'rfe', 'selector__n_features_to_select': 10, 'selector__model_name': 'rf', 'selector__k': 8, 'scaler__scaler_name': 'robust', 'outlier_remover__z_columns': ['car_age', 'mileage', 'tax', 'mpg'], 'outlier_remover__threshold': 2, 'outlier_remover__sev_outliers_cols': ['car_age', 'mileage'], 'outlier_remover__outlier_method': 'z_score', 'outlier_remover__n_neighbors': 30, 'outlier_remover__model_columns': ['car_age', 'mileage', 'tax', 'mpg'], 'outlier_remover__mod_outliers_cols': ['car_age', 'mileage', 'tax', 'mpg'], 'outlier_remover__contamination_LOF': 0.05, 'outlier_remover__contamination_IF': 0.3, 'model': RandomForestRegressor(max_depth=12, max_features='sqrt', min_samples_leaf=4,
                      min_samples_split=10, random_state=42), 'imputer__knn_scaling_method': 'standard', 'imputer__knn_neighbors': 10, 'imputer__imputation_method': 'knn_modelwise', 'encoder__method': 'freq'}",-2459.832996942378,-2395.241856044762,-2260.0426770033996,-2371.7058433301795,83.2446230744287,171,-1874.5214290490478,-1864.6005511460658,-1827.6853084061322,-1855.6024295337486,20.151595364998993
231,1,4000,0.14861567815144858,0.007327167697181562,0.017235358556111652,0.003021507881073886,kbest,10,rf,5,robust,"['car_age', 'mileage', 'tax', 'mpg']",3,"['car_age', 'mileage']",z_score,100,"['car_age', 'mileage', 'tax', 'mpg', 'engineSize']","['tax', 'mpg']",0.15,0.3,"RandomForestRegressor(max_depth=12, max_features='sqrt', min_samples_leaf=4,
                      min_samples_split=10, random_state=42)",standard,20,simple,target,"{'selector__selection_method': 'kbest', 'selector__n_features_to_select': 10, 'selector__model_name': 'rf', 'selector__k': 5, 'scaler__scaler_name': 'robust', 'outlier_remover__z_columns': ['car_age', 'mileage', 'tax', 'mpg'], 'outlier_remover__threshold': 3, 'outlier_remover__sev_outliers_cols': ['car_age', 'mileage'], 'outlier_remover__outlier_method': 'z_score', 'outlier_remover__n_neighbors': 100, 'outlier_remover__model_columns': ['car_age', 'mileage', 'tax', 'mpg', 'engineSize'], 'outlier_remover__mod_outliers_cols': ['tax', 'mpg'], 'outlier_remover__contamination_LOF': 0.15, 'outlier_remover__contamination_IF': 0.3, 'model': RandomForestRegressor(max_depth=12, max_features='sqrt', min_samples_leaf=4,
                      min_samples_split=10, random_state=42), 'imputer__knn_scaling_method': 'standard', 'imputer__knn_neighbors': 20, 'imputer__imputation_method': 'simple', 'encoder__method': 'target'}",-2441.558818481089,-2417.0028865865884,-2335.1656698648794,-2397.909124977519,45.484827634466534,176,-2073.66161738786,-2082.5809272957845,-2013.1773256180468,-2056.4732901005636,30.83065495749245
232,1,4000,1.7282570203145344,0.03835932117544673,0.16561094919840494,0.01650963145878782,rfe,9,rf,7,robust,"['car_age', 'mileage', 'tax', 'mpg']",3,"['car_age', 'mileage']",Isolation_Forest,30,"['car_age', 'mileage', 'tax', 'mpg', 'engineSize']","['tax', 'mpg']",0.05,0.15,"RandomForestRegressor(max_depth=12, max_features='sqrt', min_samples_leaf=4,
                      min_samples_split=10, random_state=42)",standard,13,knn_modelwise,target,"{'selector__selection_method': 'rfe', 'selector__n_features_to_select': 9, 'selector__model_name': 'rf', 'selector__k': 7, 'scaler__scaler_name': 'robust', 'outlier_remover__z_columns': ['car_age', 'mileage', 'tax', 'mpg'], 'outlier_remover__threshold': 3, 'outlier_remover__sev_outliers_cols': ['car_age', 'mileage'], 'outlier_remover__outlier_method': 'Isolation_Forest', 'outlier_remover__n_neighbors': 30, 'outlier_remover__model_columns': ['car_age', 'mileage', 'tax', 'mpg', 'engineSize'], 'outlier_remover__mod_outliers_cols': ['tax', 'mpg'], 'outlier_remover__contamination_LOF': 0.05, 'outlier_remover__contamination_IF': 0.15, 'model': RandomForestRegressor(max_depth=12, max_features='sqrt', min_samples_leaf=4,
                      min_samples_split=10, random_state=42), 'imputer__knn_scaling_method': 'standard', 'imputer__knn_neighbors': 13, 'imputer__imputation_method': 'knn_modelwise', 'encoder__method': 'target'}",-2361.143130001578,-2401.6831037112884,-2187.7539700714074,-2316.860067928091,92.77988555331996,159,-2002.3706321769362,-1990.1743174148576,-1930.1965092601065,-1974.2471529506336,31.54395801212696
233,1,4000,0.20620242754618326,0.005516023502830799,0.024441003799438477,0.004862771047000215,kbest,8,rf,6,standard,"['car_age', 'mileage', 'tax', 'mpg']",3,"['car_age', 'mileage', 'engineSize']",LOF,70,"['tax', 'mpg']","['tax', 'mpg']",0.15,0.3,"RandomForestRegressor(max_depth=12, max_features='sqrt', min_samples_leaf=4,
                      min_samples_split=10, random_state=42)",robust,20,iterative,target,"{'selector__selection_method': 'kbest', 'selector__n_features_to_select': 8, 'selector__model_name': 'rf', 'selector__k': 6, 'scaler__scaler_name': 'standard', 'outlier_remover__z_columns': ['car_age', 'mileage', 'tax', 'mpg'], 'outlier_remover__threshold': 3, 'outlier_remover__sev_outliers_cols': ['car_age', 'mileage', 'engineSize'], 'outlier_remover__outlier_method': 'LOF', 'outlier_remover__n_neighbors': 70, 'outlier_remover__model_columns': ['tax', 'mpg'], 'outlier_remover__mod_outliers_cols': ['tax', 'mpg'], 'outlier_remover__contamination_LOF': 0.15, 'outlier_remover__contamination_IF': 0.3, 'model': RandomForestRegressor(max_depth=12, max_features='sqrt', min_samples_leaf=4,
                      min_samples_split=10, random_state=42), 'imputer__knn_scaling_method': 'robust', 'imputer__knn_neighbors': 20, 'imputer__imputation_method': 'iterative', 'encoder__method': 'target'}",-2413.0124295325154,-2403.6109192150193,-2255.073893367839,-2357.2324140384576,72.33887663061705,166,-2087.4225370240665,-2070.1024913674246,-1999.0710741792775,-2052.1987008569226,38.22655737125245
234,1,4000,1.2369356155395508,0.02437492254410671,0.15492725372314453,0.004309674183147324,model,6,rf,9,minmax,"['car_age', 'mileage', 'tax', 'mpg']",2,"['car_age', 'mileage', 'engineSize']",z_score,30,"['tax', 'mpg']","['car_age', 'mileage', 'tax', 'mpg']",0.3,0.05,"RandomForestRegressor(max_depth=12, max_features='sqrt', min_samples_leaf=4,
                      min_samples_split=10, random_state=42)",robust,20,knn_modelwise,freq,"{'selector__selection_method': 'model', 'selector__n_features_to_select': 6, 'selector__model_name': 'rf', 'selector__k': 9, 'scaler__scaler_name': 'minmax', 'outlier_remover__z_columns': ['car_age', 'mileage', 'tax', 'mpg'], 'outlier_remover__threshold': 2, 'outlier_remover__sev_outliers_cols': ['car_age', 'mileage', 'engineSize'], 'outlier_remover__outlier_method': 'z_score', 'outlier_remover__n_neighbors': 30, 'outlier_remover__model_columns': ['tax', 'mpg'], 'outlier_remover__mod_outliers_cols': ['car_age', 'mileage', 'tax', 'mpg'], 'outlier_remover__contamination_LOF': 0.3, 'outlier_remover__contamination_IF': 0.05, 'model': RandomForestRegressor(max_depth=12, max_features='sqrt', min_samples_leaf=4,
                      min_samples_split=10, random_state=42), 'imputer__knn_scaling_method': 'robust', 'imputer__knn_neighbors': 20, 'imputer__imputation_method': 'knn_modelwise', 'encoder__method': 'freq'}",-2413.3681765151778,-2387.8669983012696,-2298.470458864675,-2366.568544560374,49.265197175683504,169,-1865.9027910667687,-1839.8873100532771,-1795.832090453625,-1833.8740638578902,28.92052464322364
235,1,4000,1.864970366160075,0.021137530100381875,0.153932253519694,0.007571820843532177,rfe,9,rf,10,standard,"['car_age', 'mileage', 'tax', 'mpg']",3,"['car_age', 'mileage']",z_score,90,"['tax', 'mpg']","['tax', 'mpg']",0.05,0.15,"RandomForestRegressor(max_depth=12, max_features='sqrt', min_samples_leaf=4,
                      min_samples_split=10, random_state=42)",robust,13,knn_modelwise,freq,"{'selector__selection_method': 'rfe', 'selector__n_features_to_select': 9, 'selector__model_name': 'rf', 'selector__k': 10, 'scaler__scaler_name': 'standard', 'outlier_remover__z_columns': ['car_age', 'mileage', 'tax', 'mpg'], 'outlier_remover__threshold': 3, 'outlier_remover__sev_outliers_cols': ['car_age', 'mileage'], 'outlier_remover__outlier_method': 'z_score', 'outlier_remover__n_neighbors': 90, 'outlier_remover__model_columns': ['tax', 'mpg'], 'outlier_remover__mod_outliers_cols': ['tax', 'mpg'], 'outlier_remover__contamination_LOF': 0.05, 'outlier_remover__contamination_IF': 0.15, 'model': RandomForestRegressor(max_depth=12, max_features='sqrt', min_samples_leaf=4,
                      min_samples_split=10, random_state=42), 'imputer__knn_scaling_method': 'robust', 'imputer__knn_neighbors': 13, 'imputer__imputation_method': 'knn_modelwise', 'encoder__method': 'freq'}",-2427.914019977479,-2373.5518143712898,-2267.56417396818,-2356.343336105649,66.5838672751176,165,-1860.990675324192,-1819.38922287234,-1799.7561824320615,-1826.712026876198,25.52950415758572
236,1,4000,2.9617887338002524,0.02789035098329593,0.1463623046875,0.007415171190102126,rfe,7,rf,5,minmax,"['car_age', 'mileage', 'tax', 'mpg']",3,"['car_age', 'mileage']",IQR,70,"['car_age', 'mileage', 'tax', 'mpg', 'engineSize']","['tax', 'mpg']",0.3,0.3,"RandomForestRegressor(max_depth=12, max_features='sqrt', min_samples_leaf=4,
                      min_samples_split=10, random_state=42)",robust,11,knn_modelwise,freq,"{'selector__selection_method': 'rfe', 'selector__n_features_to_select': 7, 'selector__model_name': 'rf', 'selector__k': 5, 'scaler__scaler_name': 'minmax', 'outlier_remover__z_columns': ['car_age', 'mileage', 'tax', 'mpg'], 'outlier_remover__threshold': 3, 'outlier_remover__sev_outliers_cols': ['car_age', 'mileage'], 'outlier_remover__outlier_method': 'IQR', 'outlier_remover__n_neighbors': 70, 'outlier_remover__model_columns': ['car_age', 'mileage', 'tax', 'mpg', 'engineSize'], 'outlier_remover__mod_outliers_cols': ['tax', 'mpg'], 'outlier_remover__contamination_LOF': 0.3, 'outlier_remover__contamination_IF': 0.3, 'model': RandomForestRegressor(max_depth=12, max_features='sqrt', min_samples_leaf=4,
                      min_samples_split=10, random_state=42), 'imputer__knn_scaling_method': 'robust', 'imputer__knn_neighbors': 11, 'imputer__imputation_method': 'knn_modelwise', 'encoder__method': 'freq'}",-2401.917272405234,-2400.671455627059,-2290.1815699169424,-2364.2567659830784,52.38154267194108,168,-1914.6615536268994,-1885.7709165933973,-1856.4504245837106,-1885.6276316013357,23.764809895619557
237,1,4000,0.3999032179514567,0.017458606091884255,0.14647507667541504,0.008010361285257568,kbest,5,rf,5,standard,"['car_age', 'mileage', 'tax', 'mpg']",2,"['car_age', 'mileage']",IQR,50,"['car_age', 'mileage', 'tax', 'mpg']","['car_age', 'mileage', 'tax', 'mpg']",0.5,0.05,"RandomForestRegressor(max_depth=12, max_features='sqrt', min_samples_leaf=4,
                      min_samples_split=10, random_state=42)",robust,17,knn_modelwise,target,"{'selector__selection_method': 'kbest', 'selector__n_features_to_select': 5, 'selector__model_name': 'rf', 'selector__k': 5, 'scaler__scaler_name': 'standard', 'outlier_remover__z_columns': ['car_age', 'mileage', 'tax', 'mpg'], 'outlier_remover__threshold': 2, 'outlier_remover__sev_outliers_cols': ['car_age', 'mileage'], 'outlier_remover__outlier_method': 'IQR', 'outlier_remover__n_neighbors': 50, 'outlier_remover__model_columns': ['car_age', 'mileage', 'tax', 'mpg'], 'outlier_remover__mod_outliers_cols': ['car_age', 'mileage', 'tax', 'mpg'], 'outlier_remover__contamination_LOF': 0.5, 'outlier_remover__contamination_IF': 0.05, 'model': RandomForestRegressor(max_depth=12, max_features='sqrt', min_samples_leaf=4,
                      min_samples_split=10, random_state=42), 'imputer__knn_scaling_method': 'robust', 'imputer__knn_neighbors': 17, 'imputer__imputation_method': 'knn_modelwise', 'encoder__method': 'target'}",-2397.2236420579206,-2393.0596075064323,-2316.0948087028482,-2368.792686089067,37.301782859055685,170,-2068.923847503304,-2047.1228935001166,-1972.1179113640253,-2029.3882174558155,41.46272517774456
238,1,4000,3.389882723490397,0.026111232338022542,0.017288843790690105,0.0027740651854694337,rfe,5,rf,8,robust,"['car_age', 'mileage', 'tax', 'mpg']",2,"['car_age', 'mileage', 'engineSize']",Isolation_Forest,50,"['tax', 'mpg']","['car_age', 'mileage', 'tax', 'mpg']",0.15,0.05,"RandomForestRegressor(max_depth=12, max_features='sqrt', min_samples_leaf=4,
                      min_samples_split=10, random_state=42)",standard,15,simple,target,"{'selector__selection_method': 'rfe', 'selector__n_features_to_select': 5, 'selector__model_name': 'rf', 'selector__k': 8, 'scaler__scaler_name': 'robust', 'outlier_remover__z_columns': ['car_age', 'mileage', 'tax', 'mpg'], 'outlier_remover__threshold': 2, 'outlier_remover__sev_outliers_cols': ['car_age', 'mileage', 'engineSize'], 'outlier_remover__outlier_method': 'Isolation_Forest', 'outlier_remover__n_neighbors': 50, 'outlier_remover__model_columns': ['tax', 'mpg'], 'outlier_remover__mod_outliers_cols': ['car_age', 'mileage', 'tax', 'mpg'], 'outlier_remover__contamination_LOF': 0.15, 'outlier_remover__contamination_IF': 0.05, 'model': RandomForestRegressor(max_depth=12, max_features='sqrt', min_samples_leaf=4,
                      min_samples_split=10, random_state=42), 'imputer__knn_scaling_method': 'standard', 'imputer__knn_neighbors': 15, 'imputer__imputation_method': 'simple', 'encoder__method': 'target'}",-2423.907930965401,-2393.62079725042,-2245.7965612972953,-2354.4417631710385,77.8124348880355,164,-1895.3620921609513,-1894.1916763761908,-1805.9683237335157,-1865.174030756886,41.86748361501375
239,1,4000,2.4504894415537515,0.0134794938673589,0.14996862411499023,0.033410800765299634,rfe,6,rf,7,robust,"['car_age', 'mileage', 'tax', 'mpg']",3,"['car_age', 'mileage']",LOF,50,"['car_age', 'mileage', 'tax', 'mpg']","['car_age', 'mileage', 'tax', 'mpg']",0.3,0.3,"RandomForestRegressor(max_depth=12, max_features='sqrt', min_samples_leaf=4,
                      min_samples_split=10, random_state=42)",minmax,16,knn_modelwise,target,"{'selector__selection_method': 'rfe', 'selector__n_features_to_select': 6, 'selector__model_name': 'rf', 'selector__k': 7, 'scaler__scaler_name': 'robust', 'outlier_remover__z_columns': ['car_age', 'mileage', 'tax', 'mpg'], 'outlier_remover__threshold': 3, 'outlier_remover__sev_outliers_cols': ['car_age', 'mileage'], 'outlier_remover__outlier_method': 'LOF', 'outlier_remover__n_neighbors': 50, 'outlier_remover__model_columns': ['car_age', 'mileage', 'tax', 'mpg'], 'outlier_remover__mod_outliers_cols': ['car_age', 'mileage', 'tax', 'mpg'], 'outlier_remover__contamination_LOF': 0.3, 'outlier_remover__contamination_IF': 0.3, 'model': RandomForestRegressor(max_depth=12, max_features='sqrt', min_samples_leaf=4,
                      min_samples_split=10, random_state=42), 'imputer__knn_scaling_method': 'minmax', 'imputer__knn_neighbors': 16, 'imputer__imputation_method': 'knn_modelwise', 'encoder__method': 'target'}",-2311.188272994792,-2278.5797876179386,-2216.7644327016806,-2268.844164438137,39.158244538020085,154,-1882.3196769287892,-1915.2883950391777,-1883.4731046569682,-1893.693725541645,15.276996037873033
240,1,4000,3.352283557256063,0.09606897562984186,0.015008131663004557,0.00013204491572315277,rfe,5,rf,7,standard,"['car_age', 'mileage', 'tax', 'mpg']",3,"['car_age', 'mileage', 'engineSize']",IQR,30,"['tax', 'mpg']","['tax', 'mpg']",0.15,0.15,"RandomForestRegressor(max_depth=12, max_features='sqrt', min_samples_leaf=4,
                      min_samples_split=10, random_state=42)",standard,12,simple,target,"{'selector__selection_method': 'rfe', 'selector__n_features_to_select': 5, 'selector__model_name': 'rf', 'selector__k': 7, 'scaler__scaler_name': 'standard', 'outlier_remover__z_columns': ['car_age', 'mileage', 'tax', 'mpg'], 'outlier_remover__threshold': 3, 'outlier_remover__sev_outliers_cols': ['car_age', 'mileage', 'engineSize'], 'outlier_remover__outlier_method': 'IQR', 'outlier_remover__n_neighbors': 30, 'outlier_remover__model_columns': ['tax', 'mpg'], 'outlier_remover__mod_outliers_cols': ['tax', 'mpg'], 'outlier_remover__contamination_LOF': 0.15, 'outlier_remover__contamination_IF': 0.15, 'model': RandomForestRegressor(max_depth=12, max_features='sqrt', min_samples_leaf=4,
                      min_samples_split=10, random_state=42), 'imputer__knn_scaling_method': 'standard', 'imputer__knn_neighbors': 12, 'imputer__imputation_method': 'simple', 'encoder__method': 'target'}",-2325.807499315334,-2262.675067224978,-2164.7707444502676,-2251.08443699686,66.2518736146715,150,-1769.456098285412,-1774.7746891249858,-1697.1235711341737,-1747.1181195148572,35.41810274394601
241,1,4000,0.7390730381011963,0.009347712791562948,0.015033960342407227,5.442666753795423e-05,model,10,rf,5,robust,"['car_age', 'mileage', 'tax', 'mpg']",2,"['car_age', 'mileage', 'engineSize']",IQR,30,"['car_age', 'mileage', 'tax', 'mpg']","['car_age', 'mileage', 'tax', 'mpg']",0.3,0.05,"RandomForestRegressor(max_depth=12, max_features='sqrt', min_samples_leaf=4,
                      min_samples_split=10, random_state=42)",standard,9,simple,target,"{'selector__selection_method': 'model', 'selector__n_features_to_select': 10, 'selector__model_name': 'rf', 'selector__k': 5, 'scaler__scaler_name': 'robust', 'outlier_remover__z_columns': ['car_age', 'mileage', 'tax', 'mpg'], 'outlier_remover__threshold': 2, 'outlier_remover__sev_outliers_cols': ['car_age', 'mileage', 'engineSize'], 'outlier_remover__outlier_method': 'IQR', 'outlier_remover__n_neighbors': 30, 'outlier_remover__model_columns': ['car_age', 'mileage', 'tax', 'mpg'], 'outlier_remover__mod_outliers_cols': ['car_age', 'mileage', 'tax', 'mpg'], 'outlier_remover__contamination_LOF': 0.3, 'outlier_remover__contamination_IF': 0.05, 'model': RandomForestRegressor(max_depth=12, max_features='sqrt', min_samples_leaf=4,
                      min_samples_split=10, random_state=42), 'imputer__knn_scaling_method': 'standard', 'imputer__knn_neighbors': 9, 'imputer__imputation_method': 'simple', 'encoder__method': 'target'}",-2317.0049833314492,-2264.329182711349,-2163.1550561889017,-2248.163074077233,63.84072535991072,147,-1768.8553132581128,-1781.977524512405,-1703.5233154454013,-1751.4520510719728,34.311522662432424
242,1,4000,3.159324328104655,0.026592112782868105,0.015190760294596354,0.00032117701401763007,rfe,5,rf,5,minmax,"['car_age', 'mileage', 'tax', 'mpg']",2,"['car_age', 'mileage', 'engineSize']",IQR,90,"['car_age', 'mileage', 'tax', 'mpg']","['car_age', 'mileage', 'tax', 'mpg']",0.05,0.5,"RandomForestRegressor(max_depth=12, max_features='sqrt', min_samples_leaf=4,
                      min_samples_split=10, random_state=42)",robust,11,simple,target,"{'selector__selection_method': 'rfe', 'selector__n_features_to_select': 5, 'selector__model_name': 'rf', 'selector__k': 5, 'scaler__scaler_name': 'minmax', 'outlier_remover__z_columns': ['car_age', 'mileage', 'tax', 'mpg'], 'outlier_remover__threshold': 2, 'outlier_remover__sev_outliers_cols': ['car_age', 'mileage', 'engineSize'], 'outlier_remover__outlier_method': 'IQR', 'outlier_remover__n_neighbors': 90, 'outlier_remover__model_columns': ['car_age', 'mileage', 'tax', 'mpg'], 'outlier_remover__mod_outliers_cols': ['car_age', 'mileage', 'tax', 'mpg'], 'outlier_remover__contamination_LOF': 0.05, 'outlier_remover__contamination_IF': 0.5, 'model': RandomForestRegressor(max_depth=12, max_features='sqrt', min_samples_leaf=4,
                      min_samples_split=10, random_state=42), 'imputer__knn_scaling_method': 'robust', 'imputer__knn_neighbors': 11, 'imputer__imputation_method': 'simple', 'encoder__method': 'target'}",-2316.8960789562525,-2264.4027137708035,-2165.4734979290874,-2248.924096885381,62.7794562828019,148,-1769.040194431303,-1782.4680434236748,-1703.947367866622,-1751.8185352405333,34.29104140973512
243,1,4000,2.915524164835612,0.03988724602409166,0.016252994537353516,0.00022606029447341233,rfe,6,rf,8,minmax,"['car_age', 'mileage', 'tax', 'mpg']",3,"['car_age', 'mileage']",Isolation_Forest,100,"['car_age', 'mileage', 'tax', 'mpg']","['car_age', 'mileage', 'tax', 'mpg']",0.15,0.05,"RandomForestRegressor(max_depth=12, max_features='sqrt', min_samples_leaf=4,
                      min_samples_split=10, random_state=42)",standard,10,iterative,target,"{'selector__selection_method': 'rfe', 'selector__n_features_to_select': 6, 'selector__model_name': 'rf', 'selector__k': 8, 'scaler__scaler_name': 'minmax', 'outlier_remover__z_columns': ['car_age', 'mileage', 'tax', 'mpg'], 'outlier_remover__threshold': 3, 'outlier_remover__sev_outliers_cols': ['car_age', 'mileage'], 'outlier_remover__outlier_method': 'Isolation_Forest', 'outlier_remover__n_neighbors': 100, 'outlier_remover__model_columns': ['car_age', 'mileage', 'tax', 'mpg'], 'outlier_remover__mod_outliers_cols': ['car_age', 'mileage', 'tax', 'mpg'], 'outlier_remover__contamination_LOF': 0.15, 'outlier_remover__contamination_IF': 0.05, 'model': RandomForestRegressor(max_depth=12, max_features='sqrt', min_samples_leaf=4,
                      min_samples_split=10, random_state=42), 'imputer__knn_scaling_method': 'standard', 'imputer__knn_neighbors': 10, 'imputer__imputation_method': 'iterative', 'encoder__method': 'target'}",-2310.556443595898,-2289.7041226489264,-2278.4612910155674,-2292.907285753464,13.297114854844274,157,-1804.5148420980065,-1836.9481101471526,-1820.1271589672442,-1820.530037070801,13.243890469739501
244,1,4000,0.8264710108439127,0.0032841484759451073,0.0162813663482666,0.0004209740767104616,model,9,rf,5,minmax,"['car_age', 'mileage', 'tax', 'mpg']",3,"['car_age', 'mileage']",z_score,90,"['tax', 'mpg']","['tax', 'mpg']",0.15,0.15,"RandomForestRegressor(max_depth=12, max_features='sqrt', min_samples_leaf=4,
                      min_samples_split=10, random_state=42)",standard,15,iterative,target,"{'selector__selection_method': 'model', 'selector__n_features_to_select': 9, 'selector__model_name': 'rf', 'selector__k': 5, 'scaler__scaler_name': 'minmax', 'outlier_remover__z_columns': ['car_age', 'mileage', 'tax', 'mpg'], 'outlier_remover__threshold': 3, 'outlier_remover__sev_outliers_cols': ['car_age', 'mileage'], 'outlier_remover__outlier_method': 'z_score', 'outlier_remover__n_neighbors': 90, 'outlier_remover__model_columns': ['tax', 'mpg'], 'outlier_remover__mod_outliers_cols': ['tax', 'mpg'], 'outlier_remover__contamination_LOF': 0.15, 'outlier_remover__contamination_IF': 0.15, 'model': RandomForestRegressor(max_depth=12, max_features='sqrt', min_samples_leaf=4,
                      min_samples_split=10, random_state=42), 'imputer__knn_scaling_method': 'standard', 'imputer__knn_neighbors': 15, 'imputer__imputation_method': 'iterative', 'encoder__method': 'target'}",-2289.857962689394,-2247.2562155693017,-2146.320758612604,-2227.8116456237663,60.1902578707474,143,-1733.6702467635705,-1742.391180525907,-1667.6294846927765,-1714.563637327418,33.377883736296944
245,1,4000,1.0396246910095215,0.018749661389680115,0.13791592915852866,0.004205364494801561,model,8,rf,5,standard,"['car_age', 'mileage', 'tax', 'mpg']",2,"['car_age', 'mileage']",z_score,30,"['car_age', 'mileage', 'tax', 'mpg']","['car_age', 'mileage', 'tax', 'mpg']",0.05,0.5,"RandomForestRegressor(max_depth=12, max_features='sqrt', min_samples_leaf=4,
                      min_samples_split=10, random_state=42)",standard,19,knn_modelwise,target,"{'selector__selection_method': 'model', 'selector__n_features_to_select': 8, 'selector__model_name': 'rf', 'selector__k': 5, 'scaler__scaler_name': 'standard', 'outlier_remover__z_columns': ['car_age', 'mileage', 'tax', 'mpg'], 'outlier_remover__threshold': 2, 'outlier_remover__sev_outliers_cols': ['car_age', 'mileage'], 'outlier_remover__outlier_method': 'z_score', 'outlier_remover__n_neighbors': 30, 'outlier_remover__model_columns': ['car_age', 'mileage', 'tax', 'mpg'], 'outlier_remover__mod_outliers_cols': ['car_age', 'mileage', 'tax', 'mpg'], 'outlier_remover__contamination_LOF': 0.05, 'outlier_remover__contamination_IF': 0.5, 'model': RandomForestRegressor(max_depth=12, max_features='sqrt', min_samples_leaf=4,
                      min_samples_split=10, random_state=42), 'imputer__knn_scaling_method': 'standard', 'imputer__knn_neighbors': 19, 'imputer__imputation_method': 'knn_modelwise', 'encoder__method': 'target'}",-2277.551927145319,-2246.0142648554997,-2140.3898457032574,-2221.318679234692,58.65584999665803,141,-1739.8593974179405,-1752.9654210061367,-1663.769574181693,-1718.864797535257,39.32390868041045
246,1,4000,2.854160944620768,0.01853774228304097,0.017042239507039387,0.0012474083805239851,rfe,6,rf,7,minmax,"['car_age', 'mileage', 'tax', 'mpg']",3,"['car_age', 'mileage']",LOF,70,"['car_age', 'mileage', 'tax', 'mpg']","['tax', 'mpg']",0.05,0.5,"RandomForestRegressor(max_depth=12, max_features='sqrt', min_samples_leaf=4,
                      min_samples_split=10, random_state=42)",minmax,6,iterative,target,"{'selector__selection_method': 'rfe', 'selector__n_features_to_select': 6, 'selector__model_name': 'rf', 'selector__k': 7, 'scaler__scaler_name': 'minmax', 'outlier_remover__z_columns': ['car_age', 'mileage', 'tax', 'mpg'], 'outlier_remover__threshold': 3, 'outlier_remover__sev_outliers_cols': ['car_age', 'mileage'], 'outlier_remover__outlier_method': 'LOF', 'outlier_remover__n_neighbors': 70, 'outlier_remover__model_columns': ['car_age', 'mileage', 'tax', 'mpg'], 'outlier_remover__mod_outliers_cols': ['tax', 'mpg'], 'outlier_remover__contamination_LOF': 0.05, 'outlier_remover__contamination_IF': 0.5, 'model': RandomForestRegressor(max_depth=12, max_features='sqrt', min_samples_leaf=4,
                      min_samples_split=10, random_state=42), 'imputer__knn_scaling_method': 'minmax', 'imputer__knn_neighbors': 6, 'imputer__imputation_method': 'iterative', 'encoder__method': 'target'}",-2253.5913727535,-2228.3009057903882,-2219.5075887656344,-2233.799955769841,14.44773905588129,145,-1738.7241943665967,-1766.7893453982526,-1770.9143528750442,-1758.809297546631,14.301805223709087
247,1,4000,0.6770557562510172,0.018491957879235972,0.014789422353108725,0.0002041800836589198,model,6,rf,10,standard,"['car_age', 'mileage', 'tax', 'mpg']",2,"['car_age', 'mileage']",LOF,30,"['tax', 'mpg']","['tax', 'mpg']",0.15,0.05,"RandomForestRegressor(max_depth=12, max_features='sqrt', min_samples_leaf=4,
                      min_samples_split=10, random_state=42)",standard,19,simple,target,"{'selector__selection_method': 'model', 'selector__n_features_to_select': 6, 'selector__model_name': 'rf', 'selector__k': 10, 'scaler__scaler_name': 'standard', 'outlier_remover__z_columns': ['car_age', 'mileage', 'tax', 'mpg'], 'outlier_remover__threshold': 2, 'outlier_remover__sev_outliers_cols': ['car_age', 'mileage'], 'outlier_remover__outlier_method': 'LOF', 'outlier_remover__n_neighbors': 30, 'outlier_remover__model_columns': ['tax', 'mpg'], 'outlier_remover__mod_outliers_cols': ['tax', 'mpg'], 'outlier_remover__contamination_LOF': 0.15, 'outlier_remover__contamination_IF': 0.05, 'model': RandomForestRegressor(max_depth=12, max_features='sqrt', min_samples_leaf=4,
                      min_samples_split=10, random_state=42), 'imputer__knn_scaling_method': 'standard', 'imputer__knn_neighbors': 19, 'imputer__imputation_method': 'simple', 'encoder__method': 'target'}",-2237.176311224492,-2217.097587764666,-2073.3570070626697,-2175.876968683943,72.95453233379676,130,-1744.0937550052467,-1812.9429435785091,-1729.1584998628273,-1762.065066148861,36.48912413630498
248,1,4000,1.425160805384318,0.012404718690603138,0.1422149340311686,0.015275166437664241,rfe,9,rf,5,standard,"['car_age', 'mileage', 'tax', 'mpg']",2,"['car_age', 'mileage', 'engineSize']",LOF,90,"['tax', 'mpg']","['car_age', 'mileage', 'tax', 'mpg']",0.15,0.3,"RandomForestRegressor(max_depth=12, max_features='sqrt', min_samples_leaf=4,
                      min_samples_split=10, random_state=42)",standard,13,knn_modelwise,target,"{'selector__selection_method': 'rfe', 'selector__n_features_to_select': 9, 'selector__model_name': 'rf', 'selector__k': 5, 'scaler__scaler_name': 'standard', 'outlier_remover__z_columns': ['car_age', 'mileage', 'tax', 'mpg'], 'outlier_remover__threshold': 2, 'outlier_remover__sev_outliers_cols': ['car_age', 'mileage', 'engineSize'], 'outlier_remover__outlier_method': 'LOF', 'outlier_remover__n_neighbors': 90, 'outlier_remover__model_columns': ['tax', 'mpg'], 'outlier_remover__mod_outliers_cols': ['car_age', 'mileage', 'tax', 'mpg'], 'outlier_remover__contamination_LOF': 0.15, 'outlier_remover__contamination_IF': 0.3, 'model': RandomForestRegressor(max_depth=12, max_features='sqrt', min_samples_leaf=4,
                      min_samples_split=10, random_state=42), 'imputer__knn_scaling_method': 'standard', 'imputer__knn_neighbors': 13, 'imputer__imputation_method': 'knn_modelwise', 'encoder__method': 'target'}",-2291.0124466263583,-2199.6423034546933,-2063.421689073431,-2184.692146384828,93.51298885961982,135,-1814.3600230053528,-1767.7870612934323,-1734.897863799781,-1772.3483160328553,32.600229753805365
249,1,4000,1.7187143166859944,0.009284437487910078,0.015398740768432617,0.0010607534016436727,rfe,8,rf,6,robust,"['car_age', 'mileage', 'tax', 'mpg']",2,"['car_age', 'mileage']",LOF,30,"['car_age', 'mileage', 'tax', 'mpg']","['tax', 'mpg']",0.15,0.5,"RandomForestRegressor(max_depth=12, max_features='sqrt', min_samples_leaf=4,
                      min_samples_split=10, random_state=42)",minmax,18,simple,target,"{'selector__selection_method': 'rfe', 'selector__n_features_to_select': 8, 'selector__model_name': 'rf', 'selector__k': 6, 'scaler__scaler_name': 'robust', 'outlier_remover__z_columns': ['car_age', 'mileage', 'tax', 'mpg'], 'outlier_remover__threshold': 2, 'outlier_remover__sev_outliers_cols': ['car_age', 'mileage'], 'outlier_remover__outlier_method': 'LOF', 'outlier_remover__n_neighbors': 30, 'outlier_remover__model_columns': ['car_age', 'mileage', 'tax', 'mpg'], 'outlier_remover__mod_outliers_cols': ['tax', 'mpg'], 'outlier_remover__contamination_LOF': 0.15, 'outlier_remover__contamination_IF': 0.5, 'model': RandomForestRegressor(max_depth=12, max_features='sqrt', min_samples_leaf=4,
                      min_samples_split=10, random_state=42), 'imputer__knn_scaling_method': 'minmax', 'imputer__knn_neighbors': 18, 'imputer__imputation_method': 'simple', 'encoder__method': 'target'}",-2289.3766577146753,-2280.7212548112175,-2152.4611394111403,-2240.853017312344,62.60230059154548,146,-1855.6207563860087,-1901.814033226595,-1876.2506016063935,-1877.8951304063323,18.894144816990867
250,1,4000,0.7834436893463135,0.0020081316957069805,0.018011967341105144,0.002677762615236751,model,10,rf,8,standard,"['car_age', 'mileage', 'tax', 'mpg']",2,"['car_age', 'mileage']",Isolation_Forest,50,"['tax', 'mpg']","['car_age', 'mileage', 'tax', 'mpg']",0.3,0.15,"RandomForestRegressor(max_depth=12, max_features='sqrt', min_samples_leaf=4,
                      min_samples_split=10, random_state=42)",standard,12,iterative,target,"{'selector__selection_method': 'model', 'selector__n_features_to_select': 10, 'selector__model_name': 'rf', 'selector__k': 8, 'scaler__scaler_name': 'standard', 'outlier_remover__z_columns': ['car_age', 'mileage', 'tax', 'mpg'], 'outlier_remover__threshold': 2, 'outlier_remover__sev_outliers_cols': ['car_age', 'mileage'], 'outlier_remover__outlier_method': 'Isolation_Forest', 'outlier_remover__n_neighbors': 50, 'outlier_remover__model_columns': ['tax', 'mpg'], 'outlier_remover__mod_outliers_cols': ['car_age', 'mileage', 'tax', 'mpg'], 'outlier_remover__contamination_LOF': 0.3, 'outlier_remover__contamination_IF': 0.15, 'model': RandomForestRegressor(max_depth=12, max_features='sqrt', min_samples_leaf=4,
                      min_samples_split=10, random_state=42), 'imputer__knn_scaling_method': 'standard', 'imputer__knn_neighbors': 12, 'imputer__imputation_method': 'iterative', 'encoder__method': 'target'}",-2375.663261053728,-2301.6314064420994,-2140.674517842199,-2272.6563951126755,98.09719948496218,155,-1946.3297519947469,-1881.4255547455114,-1854.6138701376778,-1894.1230589593122,38.50429158894347
251,1,4000,0.2569316228230794,0.0019389216994452447,0.019641319910685223,0.0019205389340100955,kbest,10,rf,10,standard,"['car_age', 'mileage', 'tax', 'mpg']",2,"['car_age', 'mileage']",LOF,90,"['car_age', 'mileage', 'tax', 'mpg']","['car_age', 'mileage', 'tax', 'mpg']",0.05,0.5,"RandomForestRegressor(max_depth=12, max_features='sqrt', min_samples_leaf=4,
                      min_samples_split=10, random_state=42)",standard,8,iterative,target,"{'selector__selection_method': 'kbest', 'selector__n_features_to_select': 10, 'selector__model_name': 'rf', 'selector__k': 10, 'scaler__scaler_name': 'standard', 'outlier_remover__z_columns': ['car_age', 'mileage', 'tax', 'mpg'], 'outlier_remover__threshold': 2, 'outlier_remover__sev_outliers_cols': ['car_age', 'mileage'], 'outlier_remover__outlier_method': 'LOF', 'outlier_remover__n_neighbors': 90, 'outlier_remover__model_columns': ['car_age', 'mileage', 'tax', 'mpg'], 'outlier_remover__mod_outliers_cols': ['car_age', 'mileage', 'tax', 'mpg'], 'outlier_remover__contamination_LOF': 0.05, 'outlier_remover__contamination_IF': 0.5, 'model': RandomForestRegressor(max_depth=12, max_features='sqrt', min_samples_leaf=4,
                      min_samples_split=10, random_state=42), 'imputer__knn_scaling_method': 'standard', 'imputer__knn_neighbors': 8, 'imputer__imputation_method': 'iterative', 'encoder__method': 'target'}",-2239.7800561887707,-2216.35539995846,-2104.045900417825,-2186.7271188550185,59.241407487056655,136,-1707.5540381978476,-1722.6092849860468,-1649.9497685574872,-1693.3710305804605,31.31261312117076
252,1,4000,0.8001380761464437,0.010421672571708522,0.014877637227376303,0.00025592146383443087,model,10,rf,8,minmax,"['car_age', 'mileage', 'tax', 'mpg']",3,"['car_age', 'mileage']",Isolation_Forest,100,"['car_age', 'mileage', 'tax', 'mpg', 'engineSize']","['tax', 'mpg']",0.5,0.05,"RandomForestRegressor(max_depth=12, max_features='sqrt', min_samples_leaf=4,
                      min_samples_split=10, random_state=42)",standard,7,simple,target,"{'selector__selection_method': 'model', 'selector__n_features_to_select': 10, 'selector__model_name': 'rf', 'selector__k': 8, 'scaler__scaler_name': 'minmax', 'outlier_remover__z_columns': ['car_age', 'mileage', 'tax', 'mpg'], 'outlier_remover__threshold': 3, 'outlier_remover__sev_outliers_cols': ['car_age', 'mileage'], 'outlier_remover__outlier_method': 'Isolation_Forest', 'outlier_remover__n_neighbors': 100, 'outlier_remover__model_columns': ['car_age', 'mileage', 'tax', 'mpg', 'engineSize'], 'outlier_remover__mod_outliers_cols': ['tax', 'mpg'], 'outlier_remover__contamination_LOF': 0.5, 'outlier_remover__contamination_IF': 0.05, 'model': RandomForestRegressor(max_depth=12, max_features='sqrt', min_samples_leaf=4,
                      min_samples_split=10, random_state=42), 'imputer__knn_scaling_method': 'standard', 'imputer__knn_neighbors': 7, 'imputer__imputation_method': 'simple', 'encoder__method': 'target'}",-2341.608295515863,-2298.93027250179,-2152.8751521910826,-2264.4712400695785,80.81096680705404,153,-1994.5598421417842,-1925.4285596029592,-1848.071706229779,-1922.6867026581742,59.83494979454051
253,1,4000,1.0664273103078206,0.023842411496040387,0.15291237831115723,0.014726729398490776,model,9,rf,9,minmax,"['car_age', 'mileage', 'tax', 'mpg']",3,"['car_age', 'mileage', 'engineSize']",LOF,100,"['car_age', 'mileage', 'tax', 'mpg', 'engineSize']","['car_age', 'mileage', 'tax', 'mpg']",0.05,0.3,"RandomForestRegressor(max_depth=12, max_features='sqrt', min_samples_leaf=4,
                      min_samples_split=10, random_state=42)",robust,16,knn_modelwise,target,"{'selector__selection_method': 'model', 'selector__n_features_to_select': 9, 'selector__model_name': 'rf', 'selector__k': 9, 'scaler__scaler_name': 'minmax', 'outlier_remover__z_columns': ['car_age', 'mileage', 'tax', 'mpg'], 'outlier_remover__threshold': 3, 'outlier_remover__sev_outliers_cols': ['car_age', 'mileage', 'engineSize'], 'outlier_remover__outlier_method': 'LOF', 'outlier_remover__n_neighbors': 100, 'outlier_remover__model_columns': ['car_age', 'mileage', 'tax', 'mpg', 'engineSize'], 'outlier_remover__mod_outliers_cols': ['car_age', 'mileage', 'tax', 'mpg'], 'outlier_remover__contamination_LOF': 0.05, 'outlier_remover__contamination_IF': 0.3, 'model': RandomForestRegressor(max_depth=12, max_features='sqrt', min_samples_leaf=4,
                      min_samples_split=10, random_state=42), 'imputer__knn_scaling_method': 'robust', 'imputer__knn_neighbors': 16, 'imputer__imputation_method': 'knn_modelwise', 'encoder__method': 'target'}",-2240.5597500543277,-2213.7145753798686,-2075.96340059276,-2176.745908675652,72.10178593458095,132,-1709.0432943219,-1706.7222724501983,-1646.6590305847128,-1687.4748657856037,28.876704428679094
254,1,4000,0.8687116305033366,0.015127295226344772,0.014972607294718424,0.00015512316422025291,model,5,rf,6,minmax,"['car_age', 'mileage', 'tax', 'mpg']",2,"['car_age', 'mileage']",Isolation_Forest,30,"['tax', 'mpg']","['car_age', 'mileage', 'tax', 'mpg']",0.15,0.05,"RandomForestRegressor(max_depth=12, max_features='sqrt', min_samples_leaf=4,
                      min_samples_split=10, random_state=42)",standard,14,simple,target,"{'selector__selection_method': 'model', 'selector__n_features_to_select': 5, 'selector__model_name': 'rf', 'selector__k': 6, 'scaler__scaler_name': 'minmax', 'outlier_remover__z_columns': ['car_age', 'mileage', 'tax', 'mpg'], 'outlier_remover__threshold': 2, 'outlier_remover__sev_outliers_cols': ['car_age', 'mileage'], 'outlier_remover__outlier_method': 'Isolation_Forest', 'outlier_remover__n_neighbors': 30, 'outlier_remover__model_columns': ['tax', 'mpg'], 'outlier_remover__mod_outliers_cols': ['car_age', 'mileage', 'tax', 'mpg'], 'outlier_remover__contamination_LOF': 0.15, 'outlier_remover__contamination_IF': 0.05, 'model': RandomForestRegressor(max_depth=12, max_features='sqrt', min_samples_leaf=4,
                      min_samples_split=10, random_state=42), 'imputer__knn_scaling_method': 'standard', 'imputer__knn_neighbors': 14, 'imputer__imputation_method': 'simple', 'encoder__method': 'target'}",-2325.754966874118,-2289.22900710486,-2157.087768892216,-2257.3572476237314,72.45234161425806,152,-1834.0332118133397,-1829.2614559278427,-1778.7187637945076,-1814.0044771785633,25.026700279554646
255,1,4000,2.3390069802602134,0.0254383409212671,0.018237590789794922,0.001940628827589259,rfe,7,rf,9,robust,"['car_age', 'mileage', 'tax', 'mpg']",3,"['car_age', 'mileage']",Isolation_Forest,90,"['car_age', 'mileage', 'tax', 'mpg']","['tax', 'mpg']",0.05,0.05,"RandomForestRegressor(max_depth=12, max_features='sqrt', min_samples_leaf=4,
                      min_samples_split=10, random_state=42)",standard,7,simple,target,"{'selector__selection_method': 'rfe', 'selector__n_features_to_select': 7, 'selector__model_name': 'rf', 'selector__k': 9, 'scaler__scaler_name': 'robust', 'outlier_remover__z_columns': ['car_age', 'mileage', 'tax', 'mpg'], 'outlier_remover__threshold': 3, 'outlier_remover__sev_outliers_cols': ['car_age', 'mileage'], 'outlier_remover__outlier_method': 'Isolation_Forest', 'outlier_remover__n_neighbors': 90, 'outlier_remover__model_columns': ['car_age', 'mileage', 'tax', 'mpg'], 'outlier_remover__mod_outliers_cols': ['tax', 'mpg'], 'outlier_remover__contamination_LOF': 0.05, 'outlier_remover__contamination_IF': 0.05, 'model': RandomForestRegressor(max_depth=12, max_features='sqrt', min_samples_leaf=4,
                      min_samples_split=10, random_state=42), 'imputer__knn_scaling_method': 'standard', 'imputer__knn_neighbors': 7, 'imputer__imputation_method': 'simple', 'encoder__method': 'target'}",-2323.4878231152866,-2300.8413357444124,-2132.581882279884,-2252.303680379861,85.15944869391967,151,-1848.1835594158104,-1831.0856666844245,-1760.083087508079,-1813.117437869438,38.1450409415783
256,1,4000,0.14644734064737955,0.005639650242670745,0.016030232111612957,0.002020751285542747,kbest,7,rf,6,robust,"['car_age', 'mileage', 'tax', 'mpg']",2,"['car_age', 'mileage', 'engineSize']",z_score,70,"['car_age', 'mileage', 'tax', 'mpg']","['car_age', 'mileage', 'tax', 'mpg']",0.05,0.15,"RandomForestRegressor(max_depth=12, max_features='sqrt', min_samples_leaf=4,
                      min_samples_split=10, random_state=42)",minmax,20,simple,target,"{'selector__selection_method': 'kbest', 'selector__n_features_to_select': 7, 'selector__model_name': 'rf', 'selector__k': 6, 'scaler__scaler_name': 'robust', 'outlier_remover__z_columns': ['car_age', 'mileage', 'tax', 'mpg'], 'outlier_remover__threshold': 2, 'outlier_remover__sev_outliers_cols': ['car_age', 'mileage', 'engineSize'], 'outlier_remover__outlier_method': 'z_score', 'outlier_remover__n_neighbors': 70, 'outlier_remover__model_columns': ['car_age', 'mileage', 'tax', 'mpg'], 'outlier_remover__mod_outliers_cols': ['car_age', 'mileage', 'tax', 'mpg'], 'outlier_remover__contamination_LOF': 0.05, 'outlier_remover__contamination_IF': 0.15, 'model': RandomForestRegressor(max_depth=12, max_features='sqrt', min_samples_leaf=4,
                      min_samples_split=10, random_state=42), 'imputer__knn_scaling_method': 'minmax', 'imputer__knn_neighbors': 20, 'imputer__imputation_method': 'simple', 'encoder__method': 'target'}",-2277.203846273229,-2220.3664832154877,-2252.53194123855,-2250.0340902424227,23.270881727150115,149,-1812.8695234812562,-1799.1218642830033,-1846.445893729516,-1819.4790938312583,19.87721905301513
257,1,4000,1.0896034240722656,0.04465986659148929,0.13126190503438315,0.009514651186046587,model,8,rf,10,standard,"['car_age', 'mileage', 'tax', 'mpg']",3,"['car_age', 'mileage']",Isolation_Forest,100,"['car_age', 'mileage', 'tax', 'mpg']","['tax', 'mpg']",0.5,0.05,"RandomForestRegressor(max_depth=12, max_features='sqrt', min_samples_leaf=4,
                      min_samples_split=10, random_state=42)",standard,18,knn_modelwise,target,"{'selector__selection_method': 'model', 'selector__n_features_to_select': 8, 'selector__model_name': 'rf', 'selector__k': 10, 'scaler__scaler_name': 'standard', 'outlier_remover__z_columns': ['car_age', 'mileage', 'tax', 'mpg'], 'outlier_remover__threshold': 3, 'outlier_remover__sev_outliers_cols': ['car_age', 'mileage'], 'outlier_remover__outlier_method': 'Isolation_Forest', 'outlier_remover__n_neighbors': 100, 'outlier_remover__model_columns': ['car_age', 'mileage', 'tax', 'mpg'], 'outlier_remover__mod_outliers_cols': ['tax', 'mpg'], 'outlier_remover__contamination_LOF': 0.5, 'outlier_remover__contamination_IF': 0.05, 'model': RandomForestRegressor(max_depth=12, max_features='sqrt', min_samples_leaf=4,
                      min_samples_split=10, random_state=42), 'imputer__knn_scaling_method': 'standard', 'imputer__knn_neighbors': 18, 'imputer__imputation_method': 'knn_modelwise', 'encoder__method': 'target'}",-2270.2684876018243,-2215.019114356597,-2096.1586561094764,-2193.8154193559662,72.64413656922946,137,-1780.4052224107868,-1748.2794511925183,-1686.319745605648,-1738.3348064029842,39.04861249267876
258,1,4000,1.3484056790669758,0.021992492945425903,0.01990811030069987,0.0026171907653878917,rfe,9,rf,5,robust,"['car_age', 'mileage', 'tax', 'mpg']",2,"['car_age', 'mileage']",Isolation_Forest,100,"['tax', 'mpg']","['car_age', 'mileage', 'tax', 'mpg']",0.05,0.15,"RandomForestRegressor(max_depth=12, max_features='sqrt', min_samples_leaf=4,
                      min_samples_split=10, random_state=42)",standard,8,iterative,target,"{'selector__selection_method': 'rfe', 'selector__n_features_to_select': 9, 'selector__model_name': 'rf', 'selector__k': 5, 'scaler__scaler_name': 'robust', 'outlier_remover__z_columns': ['car_age', 'mileage', 'tax', 'mpg'], 'outlier_remover__threshold': 2, 'outlier_remover__sev_outliers_cols': ['car_age', 'mileage'], 'outlier_remover__outlier_method': 'Isolation_Forest', 'outlier_remover__n_neighbors': 100, 'outlier_remover__model_columns': ['tax', 'mpg'], 'outlier_remover__mod_outliers_cols': ['car_age', 'mileage', 'tax', 'mpg'], 'outlier_remover__contamination_LOF': 0.05, 'outlier_remover__contamination_IF': 0.15, 'model': RandomForestRegressor(max_depth=12, max_features='sqrt', min_samples_leaf=4,
                      min_samples_split=10, random_state=42), 'imputer__knn_scaling_method': 'standard', 'imputer__knn_neighbors': 8, 'imputer__imputation_method': 'iterative', 'encoder__method': 'target'}",-2323.6519518241466,-2285.2295831153706,-2089.0191492948534,-2232.633561411457,102.7550294957105,144,-1829.6950222099003,-1799.9415326525366,-1770.2147058282126,-1799.9504202302167,24.282738292295843
259,1,4000,0.8097787698109945,0.010409184301591132,0.015150705973307291,0.00025920989068479343,rfe,10,rf,10,standard,"['car_age', 'mileage', 'tax', 'mpg']",3,"['car_age', 'mileage', 'engineSize']",Isolation_Forest,100,"['car_age', 'mileage', 'tax', 'mpg', 'engineSize']","['tax', 'mpg']",0.5,0.05,"RandomForestRegressor(max_depth=12, max_features='sqrt', min_samples_leaf=4,
                      min_samples_split=10, random_state=42)",standard,6,simple,target,"{'selector__selection_method': 'rfe', 'selector__n_features_to_select': 10, 'selector__model_name': 'rf', 'selector__k': 10, 'scaler__scaler_name': 'standard', 'outlier_remover__z_columns': ['car_age', 'mileage', 'tax', 'mpg'], 'outlier_remover__threshold': 3, 'outlier_remover__sev_outliers_cols': ['car_age', 'mileage', 'engineSize'], 'outlier_remover__outlier_method': 'Isolation_Forest', 'outlier_remover__n_neighbors': 100, 'outlier_remover__model_columns': ['car_age', 'mileage', 'tax', 'mpg', 'engineSize'], 'outlier_remover__mod_outliers_cols': ['tax', 'mpg'], 'outlier_remover__contamination_LOF': 0.5, 'outlier_remover__contamination_IF': 0.05, 'model': RandomForestRegressor(max_depth=12, max_features='sqrt', min_samples_leaf=4,
                      min_samples_split=10, random_state=42), 'imputer__knn_scaling_method': 'standard', 'imputer__knn_neighbors': 6, 'imputer__imputation_method': 'simple', 'encoder__method': 'target'}",-2281.7883943974853,-2250.5459412201867,-2150.6034796014405,-2227.645938406371,55.950442739779156,142,-1905.2404547888486,-1843.0704647061846,-1781.827976769915,-1843.379632088316,50.383407460830284
260,1,4000,1.6632200082143147,0.02148130471837623,0.15437992413838705,0.018250380453143967,rfe,9,rf,8,robust,"['car_age', 'mileage', 'tax', 'mpg']",3,"['car_age', 'mileage', 'engineSize']",LOF,70,"['car_age', 'mileage', 'tax', 'mpg', 'engineSize']","['tax', 'mpg']",0.05,0.5,"RandomForestRegressor(max_depth=12, max_features='sqrt', min_samples_leaf=4,
                      min_samples_split=10, random_state=42)",standard,18,knn_modelwise,target,"{'selector__selection_method': 'rfe', 'selector__n_features_to_select': 9, 'selector__model_name': 'rf', 'selector__k': 8, 'scaler__scaler_name': 'robust', 'outlier_remover__z_columns': ['car_age', 'mileage', 'tax', 'mpg'], 'outlier_remover__threshold': 3, 'outlier_remover__sev_outliers_cols': ['car_age', 'mileage', 'engineSize'], 'outlier_remover__outlier_method': 'LOF', 'outlier_remover__n_neighbors': 70, 'outlier_remover__model_columns': ['car_age', 'mileage', 'tax', 'mpg', 'engineSize'], 'outlier_remover__mod_outliers_cols': ['tax', 'mpg'], 'outlier_remover__contamination_LOF': 0.05, 'outlier_remover__contamination_IF': 0.5, 'model': RandomForestRegressor(max_depth=12, max_features='sqrt', min_samples_leaf=4,
                      min_samples_split=10, random_state=42), 'imputer__knn_scaling_method': 'standard', 'imputer__knn_neighbors': 18, 'imputer__imputation_method': 'knn_modelwise', 'encoder__method': 'target'}",-2206.2341024078896,-2184.62737682139,-2063.1921905546697,-2151.351223261316,62.95884334744028,126,-1675.296217087265,-1690.7846496684765,-1648.5118587599245,-1671.530908505222,17.46196579880673
261,1,4000,0.20279900232950845,0.005900033996840184,0.01710963249206543,0.0009534711820110692,kbest,9,rf,7,robust,"['car_age', 'mileage', 'tax', 'mpg']",3,"['car_age', 'mileage', 'engineSize']",LOF,50,"['car_age', 'mileage', 'tax', 'mpg', 'engineSize']","['tax', 'mpg']",0.05,0.5,"RandomForestRegressor(max_depth=12, max_features='sqrt', min_samples_leaf=4,
                      min_samples_split=10, random_state=42)",minmax,15,iterative,target,"{'selector__selection_method': 'kbest', 'selector__n_features_to_select': 9, 'selector__model_name': 'rf', 'selector__k': 7, 'scaler__scaler_name': 'robust', 'outlier_remover__z_columns': ['car_age', 'mileage', 'tax', 'mpg'], 'outlier_remover__threshold': 3, 'outlier_remover__sev_outliers_cols': ['car_age', 'mileage', 'engineSize'], 'outlier_remover__outlier_method': 'LOF', 'outlier_remover__n_neighbors': 50, 'outlier_remover__model_columns': ['car_age', 'mileage', 'tax', 'mpg', 'engineSize'], 'outlier_remover__mod_outliers_cols': ['tax', 'mpg'], 'outlier_remover__contamination_LOF': 0.05, 'outlier_remover__contamination_IF': 0.5, 'model': RandomForestRegressor(max_depth=12, max_features='sqrt', min_samples_leaf=4,
                      min_samples_split=10, random_state=42), 'imputer__knn_scaling_method': 'minmax', 'imputer__knn_neighbors': 15, 'imputer__imputation_method': 'iterative', 'encoder__method': 'target'}",-2310.416609701481,-2227.112894734132,-2108.661751506087,-2215.3970853139003,82.7816438756776,140,-1843.1723069820728,-1841.5779787777606,-1821.7430815571565,-1835.4977891056633,9.747801646678356
262,1,4000,2.9162294069925943,0.031824700325330184,0.016203006108601887,0.0003156123118522522,rfe,6,rf,7,robust,"['car_age', 'mileage', 'tax', 'mpg']",3,"['car_age', 'mileage', 'engineSize']",IQR,100,"['car_age', 'mileage', 'tax', 'mpg']","['tax', 'mpg']",0.5,0.05,"RandomForestRegressor(max_depth=12, max_features='sqrt', min_samples_leaf=4,
                      min_samples_split=10, random_state=42)",minmax,9,iterative,target,"{'selector__selection_method': 'rfe', 'selector__n_features_to_select': 6, 'selector__model_name': 'rf', 'selector__k': 7, 'scaler__scaler_name': 'robust', 'outlier_remover__z_columns': ['car_age', 'mileage', 'tax', 'mpg'], 'outlier_remover__threshold': 3, 'outlier_remover__sev_outliers_cols': ['car_age', 'mileage', 'engineSize'], 'outlier_remover__outlier_method': 'IQR', 'outlier_remover__n_neighbors': 100, 'outlier_remover__model_columns': ['car_age', 'mileage', 'tax', 'mpg'], 'outlier_remover__mod_outliers_cols': ['tax', 'mpg'], 'outlier_remover__contamination_LOF': 0.5, 'outlier_remover__contamination_IF': 0.05, 'model': RandomForestRegressor(max_depth=12, max_features='sqrt', min_samples_leaf=4,
                      min_samples_split=10, random_state=42), 'imputer__knn_scaling_method': 'minmax', 'imputer__knn_neighbors': 9, 'imputer__imputation_method': 'iterative', 'encoder__method': 'target'}",-2208.2539457525663,-2188.0819383586063,-2076.5047663679998,-2157.613550159724,57.94079493589418,129,-1697.2330796787332,-1696.776312720275,-1652.043415409623,-1682.0176026028769,21.195771314671227
263,1,4000,2.740466356277466,0.008826213198036392,0.015053987503051758,5.255746371101519e-05,rfe,6,rf,7,standard,"['car_age', 'mileage', 'tax', 'mpg']",2,"['car_age', 'mileage']",IQR,100,"['car_age', 'mileage', 'tax', 'mpg', 'engineSize']","['tax', 'mpg']",0.15,0.3,"RandomForestRegressor(max_depth=12, max_features='sqrt', min_samples_leaf=4,
                      min_samples_split=10, random_state=42)",robust,15,simple,target,"{'selector__selection_method': 'rfe', 'selector__n_features_to_select': 6, 'selector__model_name': 'rf', 'selector__k': 7, 'scaler__scaler_name': 'standard', 'outlier_remover__z_columns': ['car_age', 'mileage', 'tax', 'mpg'], 'outlier_remover__threshold': 2, 'outlier_remover__sev_outliers_cols': ['car_age', 'mileage'], 'outlier_remover__outlier_method': 'IQR', 'outlier_remover__n_neighbors': 100, 'outlier_remover__model_columns': ['car_age', 'mileage', 'tax', 'mpg', 'engineSize'], 'outlier_remover__mod_outliers_cols': ['tax', 'mpg'], 'outlier_remover__contamination_LOF': 0.15, 'outlier_remover__contamination_IF': 0.3, 'model': RandomForestRegressor(max_depth=12, max_features='sqrt', min_samples_leaf=4,
                      min_samples_split=10, random_state=42), 'imputer__knn_scaling_method': 'robust', 'imputer__knn_neighbors': 15, 'imputer__imputation_method': 'simple', 'encoder__method': 'target'}",-2227.8608618601047,-2203.6848239111,-2097.810044047377,-2176.4519099395275,56.4772963586676,131,-1744.0339698501803,-1738.2589136750794,-1676.6768763166408,-1719.656586613967,30.48255721324297
264,1,4000,2.80818502108256,0.11325351656671565,0.01499470074971517,0.00013944767327277218,rfe,6,rf,6,minmax,"['car_age', 'mileage', 'tax', 'mpg']",2,"['car_age', 'mileage']",z_score,90,"['tax', 'mpg']","['car_age', 'mileage', 'tax', 'mpg']",0.5,0.3,"RandomForestRegressor(max_depth=12, max_features='sqrt', min_samples_leaf=4,
                      min_samples_split=10, random_state=42)",minmax,13,simple,target,"{'selector__selection_method': 'rfe', 'selector__n_features_to_select': 6, 'selector__model_name': 'rf', 'selector__k': 6, 'scaler__scaler_name': 'minmax', 'outlier_remover__z_columns': ['car_age', 'mileage', 'tax', 'mpg'], 'outlier_remover__threshold': 2, 'outlier_remover__sev_outliers_cols': ['car_age', 'mileage'], 'outlier_remover__outlier_method': 'z_score', 'outlier_remover__n_neighbors': 90, 'outlier_remover__model_columns': ['tax', 'mpg'], 'outlier_remover__mod_outliers_cols': ['car_age', 'mileage', 'tax', 'mpg'], 'outlier_remover__contamination_LOF': 0.5, 'outlier_remover__contamination_IF': 0.3, 'model': RandomForestRegressor(max_depth=12, max_features='sqrt', min_samples_leaf=4,
                      min_samples_split=10, random_state=42), 'imputer__knn_scaling_method': 'minmax', 'imputer__knn_neighbors': 13, 'imputer__imputation_method': 'simple', 'encoder__method': 'target'}",-2234.7384898099217,-2207.426389993867,-2106.0190551141172,-2182.727978305969,55.37557748099518,134,-1744.685599605448,-1740.9622548976308,-1682.4070088966182,-1722.6849544665656,28.521342867579552
265,1,4000,0.2084339459737142,0.006969224327778343,0.019011259078979492,0.0021390568659833326,kbest,8,rf,10,standard,"['car_age', 'mileage', 'tax', 'mpg']",2,"['car_age', 'mileage', 'engineSize']",IQR,70,"['car_age', 'mileage', 'tax', 'mpg']","['car_age', 'mileage', 'tax', 'mpg']",0.3,0.3,"RandomForestRegressor(max_depth=12, max_features='sqrt', min_samples_leaf=4,
                      min_samples_split=10, random_state=42)",robust,19,simple,target,"{'selector__selection_method': 'kbest', 'selector__n_features_to_select': 8, 'selector__model_name': 'rf', 'selector__k': 10, 'scaler__scaler_name': 'standard', 'outlier_remover__z_columns': ['car_age', 'mileage', 'tax', 'mpg'], 'outlier_remover__threshold': 2, 'outlier_remover__sev_outliers_cols': ['car_age', 'mileage', 'engineSize'], 'outlier_remover__outlier_method': 'IQR', 'outlier_remover__n_neighbors': 70, 'outlier_remover__model_columns': ['car_age', 'mileage', 'tax', 'mpg'], 'outlier_remover__mod_outliers_cols': ['car_age', 'mileage', 'tax', 'mpg'], 'outlier_remover__contamination_LOF': 0.3, 'outlier_remover__contamination_IF': 0.3, 'model': RandomForestRegressor(max_depth=12, max_features='sqrt', min_samples_leaf=4,
                      min_samples_split=10, random_state=42), 'imputer__knn_scaling_method': 'robust', 'imputer__knn_neighbors': 19, 'imputer__imputation_method': 'simple', 'encoder__method': 'target'}",-2191.3657442473673,-2158.540708854565,-2074.893865303028,-2141.6001061349866,49.0351075698703,120,-1663.6901327181029,-1650.891726790086,-1612.611235585541,-1642.3976983645769,21.700611700130054
266,1,4000,1.0027624766031902,0.03021156222412661,0.1588254769643148,0.01113976506764742,model,8,rf,10,robust,"['car_age', 'mileage', 'tax', 'mpg']",3,"['car_age', 'mileage']",LOF,30,"['car_age', 'mileage', 'tax', 'mpg', 'engineSize']","['tax', 'mpg']",0.15,0.3,"RandomForestRegressor(max_depth=12, max_features='sqrt', min_samples_leaf=4,
                      min_samples_split=10, random_state=42)",standard,11,knn_modelwise,target,"{'selector__selection_method': 'model', 'selector__n_features_to_select': 8, 'selector__model_name': 'rf', 'selector__k': 10, 'scaler__scaler_name': 'robust', 'outlier_remover__z_columns': ['car_age', 'mileage', 'tax', 'mpg'], 'outlier_remover__threshold': 3, 'outlier_remover__sev_outliers_cols': ['car_age', 'mileage'], 'outlier_remover__outlier_method': 'LOF', 'outlier_remover__n_neighbors': 30, 'outlier_remover__model_columns': ['car_age', 'mileage', 'tax', 'mpg', 'engineSize'], 'outlier_remover__mod_outliers_cols': ['tax', 'mpg'], 'outlier_remover__contamination_LOF': 0.15, 'outlier_remover__contamination_IF': 0.3, 'model': RandomForestRegressor(max_depth=12, max_features='sqrt', min_samples_leaf=4,
                      min_samples_split=10, random_state=42), 'imputer__knn_scaling_method': 'standard', 'imputer__knn_neighbors': 11, 'imputer__imputation_method': 'knn_modelwise', 'encoder__method': 'target'}",-2209.8139872391635,-2201.494694738705,-2054.0983043970687,-2155.1356621249793,71.52488331299047,127,-1754.376334643847,-1779.057189357678,-1757.360434417084,-1763.5979861395365,10.998982861125821
267,1,4000,2.4351816972096763,0.014560927534799716,0.016280730565388996,0.00033611294489600997,rfe,7,rf,8,minmax,"['car_age', 'mileage', 'tax', 'mpg']",2,"['car_age', 'mileage', 'engineSize']",IQR,70,"['tax', 'mpg']","['car_age', 'mileage', 'tax', 'mpg']",0.05,0.15,"RandomForestRegressor(max_depth=12, max_features='sqrt', min_samples_leaf=4,
                      min_samples_split=10, random_state=42)",minmax,6,iterative,target,"{'selector__selection_method': 'rfe', 'selector__n_features_to_select': 7, 'selector__model_name': 'rf', 'selector__k': 8, 'scaler__scaler_name': 'minmax', 'outlier_remover__z_columns': ['car_age', 'mileage', 'tax', 'mpg'], 'outlier_remover__threshold': 2, 'outlier_remover__sev_outliers_cols': ['car_age', 'mileage', 'engineSize'], 'outlier_remover__outlier_method': 'IQR', 'outlier_remover__n_neighbors': 70, 'outlier_remover__model_columns': ['tax', 'mpg'], 'outlier_remover__mod_outliers_cols': ['car_age', 'mileage', 'tax', 'mpg'], 'outlier_remover__contamination_LOF': 0.05, 'outlier_remover__contamination_IF': 0.15, 'model': RandomForestRegressor(max_depth=12, max_features='sqrt', min_samples_leaf=4,
                      min_samples_split=10, random_state=42), 'imputer__knn_scaling_method': 'minmax', 'imputer__knn_neighbors': 6, 'imputer__imputation_method': 'iterative', 'encoder__method': 'target'}",-2182.422512407643,-2135.9986795808895,-2095.64816809613,-2138.023120028221,35.45438832280931,118,-1666.8287948519935,-1658.8273342843318,-1691.6747475013965,-1672.443625545907,13.985298985104247
268,1,4000,2.4929580688476562,0.044656209816928936,0.016205310821533203,0.00031070487494055097,rfe,7,rf,5,standard,"['car_age', 'mileage', 'tax', 'mpg']",2,"['car_age', 'mileage', 'engineSize']",IQR,30,"['car_age', 'mileage', 'tax', 'mpg', 'engineSize']","['tax', 'mpg']",0.3,0.3,"RandomForestRegressor(max_depth=12, max_features='sqrt', min_samples_leaf=4,
                      min_samples_split=10, random_state=42)",robust,15,iterative,target,"{'selector__selection_method': 'rfe', 'selector__n_features_to_select': 7, 'selector__model_name': 'rf', 'selector__k': 5, 'scaler__scaler_name': 'standard', 'outlier_remover__z_columns': ['car_age', 'mileage', 'tax', 'mpg'], 'outlier_remover__threshold': 2, 'outlier_remover__sev_outliers_cols': ['car_age', 'mileage', 'engineSize'], 'outlier_remover__outlier_method': 'IQR', 'outlier_remover__n_neighbors': 30, 'outlier_remover__model_columns': ['car_age', 'mileage', 'tax', 'mpg', 'engineSize'], 'outlier_remover__mod_outliers_cols': ['tax', 'mpg'], 'outlier_remover__contamination_LOF': 0.3, 'outlier_remover__contamination_IF': 0.3, 'model': RandomForestRegressor(max_depth=12, max_features='sqrt', min_samples_leaf=4,
                      min_samples_split=10, random_state=42), 'imputer__knn_scaling_method': 'robust', 'imputer__knn_neighbors': 15, 'imputer__imputation_method': 'iterative', 'encoder__method': 'target'}",-2172.1857289440254,-2127.6473629028505,-2091.675120070166,-2130.5027373056805,32.93027388837557,113,-1674.6764691737935,-1650.450984165734,-1691.2930731167953,-1672.1401754854407,16.769886637000695
269,1,4000,0.8828023274739584,0.014164857904905365,0.017782290776570637,0.0012155364252606025,model,6,rf,9,minmax,"['car_age', 'mileage', 'tax', 'mpg']",3,"['car_age', 'mileage', 'engineSize']",Isolation_Forest,100,"['car_age', 'mileage', 'tax', 'mpg', 'engineSize']","['car_age', 'mileage', 'tax', 'mpg']",0.5,0.05,"RandomForestRegressor(max_depth=12, max_features='sqrt', min_samples_leaf=4,
                      min_samples_split=10, random_state=42)",minmax,9,iterative,target,"{'selector__selection_method': 'model', 'selector__n_features_to_select': 6, 'selector__model_name': 'rf', 'selector__k': 9, 'scaler__scaler_name': 'minmax', 'outlier_remover__z_columns': ['car_age', 'mileage', 'tax', 'mpg'], 'outlier_remover__threshold': 3, 'outlier_remover__sev_outliers_cols': ['car_age', 'mileage', 'engineSize'], 'outlier_remover__outlier_method': 'Isolation_Forest', 'outlier_remover__n_neighbors': 100, 'outlier_remover__model_columns': ['car_age', 'mileage', 'tax', 'mpg', 'engineSize'], 'outlier_remover__mod_outliers_cols': ['car_age', 'mileage', 'tax', 'mpg'], 'outlier_remover__contamination_LOF': 0.5, 'outlier_remover__contamination_IF': 0.05, 'model': RandomForestRegressor(max_depth=12, max_features='sqrt', min_samples_leaf=4,
                      min_samples_split=10, random_state=42), 'imputer__knn_scaling_method': 'minmax', 'imputer__knn_neighbors': 9, 'imputer__imputation_method': 'iterative', 'encoder__method': 'target'}",-2271.4773688356354,-2244.43629098322,-2089.658012723331,-2201.8572241807287,80.10119542013292,139,-1863.1947393485943,-1811.8887797212155,-1717.7159087969308,-1797.5998092889138,60.24479806966082
270,1,4000,3.1555286248524985,0.014495700818338323,0.14371339480082193,0.02075398361049031,rfe,6,rf,10,robust,"['car_age', 'mileage', 'tax', 'mpg']",2,"['car_age', 'mileage']",z_score,100,"['car_age', 'mileage', 'tax', 'mpg']","['car_age', 'mileage', 'tax', 'mpg']",0.3,0.15,"RandomForestRegressor(max_depth=12, max_features='sqrt', min_samples_leaf=4,
                      min_samples_split=10, random_state=42)",robust,17,knn_modelwise,target,"{'selector__selection_method': 'rfe', 'selector__n_features_to_select': 6, 'selector__model_name': 'rf', 'selector__k': 10, 'scaler__scaler_name': 'robust', 'outlier_remover__z_columns': ['car_age', 'mileage', 'tax', 'mpg'], 'outlier_remover__threshold': 2, 'outlier_remover__sev_outliers_cols': ['car_age', 'mileage'], 'outlier_remover__outlier_method': 'z_score', 'outlier_remover__n_neighbors': 100, 'outlier_remover__model_columns': ['car_age', 'mileage', 'tax', 'mpg'], 'outlier_remover__mod_outliers_cols': ['car_age', 'mileage', 'tax', 'mpg'], 'outlier_remover__contamination_LOF': 0.3, 'outlier_remover__contamination_IF': 0.15, 'model': RandomForestRegressor(max_depth=12, max_features='sqrt', min_samples_leaf=4,
                      min_samples_split=10, random_state=42), 'imputer__knn_scaling_method': 'robust', 'imputer__knn_neighbors': 17, 'imputer__imputation_method': 'knn_modelwise', 'encoder__method': 'target'}",-2225.2542352305063,-2183.465008034269,-2057.452098981775,-2155.390447415517,71.32332459937362,128,-1690.3784835615318,-1701.1416112209097,-1651.5769172764676,-1681.0323373529698,21.28657727560442
271,1,4000,0.20780253410339355,0.0175160577164737,0.021244525909423828,0.005059496720074659,kbest,8,rf,8,minmax,"['car_age', 'mileage', 'tax', 'mpg']",3,"['car_age', 'mileage']",IQR,100,"['car_age', 'mileage', 'tax', 'mpg']","['car_age', 'mileage', 'tax', 'mpg']",0.05,0.5,"RandomForestRegressor(max_depth=12, max_features='sqrt', min_samples_leaf=4,
                      min_samples_split=10, random_state=42)",standard,16,iterative,target,"{'selector__selection_method': 'kbest', 'selector__n_features_to_select': 8, 'selector__model_name': 'rf', 'selector__k': 8, 'scaler__scaler_name': 'minmax', 'outlier_remover__z_columns': ['car_age', 'mileage', 'tax', 'mpg'], 'outlier_remover__threshold': 3, 'outlier_remover__sev_outliers_cols': ['car_age', 'mileage'], 'outlier_remover__outlier_method': 'IQR', 'outlier_remover__n_neighbors': 100, 'outlier_remover__model_columns': ['car_age', 'mileage', 'tax', 'mpg'], 'outlier_remover__mod_outliers_cols': ['car_age', 'mileage', 'tax', 'mpg'], 'outlier_remover__contamination_LOF': 0.05, 'outlier_remover__contamination_IF': 0.5, 'model': RandomForestRegressor(max_depth=12, max_features='sqrt', min_samples_leaf=4,
                      min_samples_split=10, random_state=42), 'imputer__knn_scaling_method': 'standard', 'imputer__knn_neighbors': 16, 'imputer__imputation_method': 'iterative', 'encoder__method': 'target'}",-2222.5575719320154,-2164.0790810724666,-2025.8040892283732,-2137.4802474109515,82.49689571176931,117,-1720.686018512254,-1696.7577495589344,-1662.478749174824,-1693.3075057486706,23.88792843945411
272,1,4000,1.3883243401845295,0.07084463731576258,0.017701466878255207,0.0018713507568753774,rfe,9,rf,9,minmax,"['car_age', 'mileage', 'tax', 'mpg']",2,"['car_age', 'mileage']",LOF,100,"['tax', 'mpg']","['tax', 'mpg']",0.05,0.5,"RandomForestRegressor(max_depth=12, max_features='sqrt', min_samples_leaf=4,
                      min_samples_split=10, random_state=42)",standard,12,simple,target,"{'selector__selection_method': 'rfe', 'selector__n_features_to_select': 9, 'selector__model_name': 'rf', 'selector__k': 9, 'scaler__scaler_name': 'minmax', 'outlier_remover__z_columns': ['car_age', 'mileage', 'tax', 'mpg'], 'outlier_remover__threshold': 2, 'outlier_remover__sev_outliers_cols': ['car_age', 'mileage'], 'outlier_remover__outlier_method': 'LOF', 'outlier_remover__n_neighbors': 100, 'outlier_remover__model_columns': ['tax', 'mpg'], 'outlier_remover__mod_outliers_cols': ['tax', 'mpg'], 'outlier_remover__contamination_LOF': 0.05, 'outlier_remover__contamination_IF': 0.5, 'model': RandomForestRegressor(max_depth=12, max_features='sqrt', min_samples_leaf=4,
                      min_samples_split=10, random_state=42), 'imputer__knn_scaling_method': 'standard', 'imputer__knn_neighbors': 12, 'imputer__imputation_method': 'simple', 'encoder__method': 'target'}",-2277.9198108679007,-2214.5515572519885,-2053.9706902545377,-2182.1473527914754,94.25435977861075,133,-1695.794077389615,-1682.7832726857905,-1637.1718299291833,-1671.916393334863,25.135748439871247
273,1,4000,1.0839983622233074,0.026523885343646834,0.15494434038798013,0.01625155945241518,model,5,rf,6,standard,"['car_age', 'mileage', 'tax', 'mpg']",3,"['car_age', 'mileage', 'engineSize']",z_score,30,"['car_age', 'mileage', 'tax', 'mpg']","['tax', 'mpg']",0.05,0.5,"RandomForestRegressor(max_depth=12, max_features='sqrt', min_samples_leaf=4,
                      min_samples_split=10, random_state=42)",robust,9,knn_modelwise,target,"{'selector__selection_method': 'model', 'selector__n_features_to_select': 5, 'selector__model_name': 'rf', 'selector__k': 6, 'scaler__scaler_name': 'standard', 'outlier_remover__z_columns': ['car_age', 'mileage', 'tax', 'mpg'], 'outlier_remover__threshold': 3, 'outlier_remover__sev_outliers_cols': ['car_age', 'mileage', 'engineSize'], 'outlier_remover__outlier_method': 'z_score', 'outlier_remover__n_neighbors': 30, 'outlier_remover__model_columns': ['car_age', 'mileage', 'tax', 'mpg'], 'outlier_remover__mod_outliers_cols': ['tax', 'mpg'], 'outlier_remover__contamination_LOF': 0.05, 'outlier_remover__contamination_IF': 0.5, 'model': RandomForestRegressor(max_depth=12, max_features='sqrt', min_samples_leaf=4,
                      min_samples_split=10, random_state=42), 'imputer__knn_scaling_method': 'robust', 'imputer__knn_neighbors': 9, 'imputer__imputation_method': 'knn_modelwise', 'encoder__method': 'target'}",-2194.6488117700997,-2171.2971245064605,-2041.514541506696,-2135.8201592610853,67.36214307528347,116,-1684.1795595535618,-1687.0802440647994,-1652.4911415531458,-1674.5836483905023,15.66658091666076
274,1,4000,0.4896985689798991,0.05054091682106897,0.16656208038330078,0.01965302779694244,kbest,5,rf,10,standard,"['car_age', 'mileage', 'tax', 'mpg']",3,"['car_age', 'mileage', 'engineSize']",z_score,100,"['car_age', 'mileage', 'tax', 'mpg', 'engineSize']","['tax', 'mpg']",0.5,0.5,"RandomForestRegressor(max_depth=12, max_features='sqrt', min_samples_leaf=4,
                      min_samples_split=10, random_state=42)",robust,8,knn_modelwise,target,"{'selector__selection_method': 'kbest', 'selector__n_features_to_select': 5, 'selector__model_name': 'rf', 'selector__k': 10, 'scaler__scaler_name': 'standard', 'outlier_remover__z_columns': ['car_age', 'mileage', 'tax', 'mpg'], 'outlier_remover__threshold': 3, 'outlier_remover__sev_outliers_cols': ['car_age', 'mileage', 'engineSize'], 'outlier_remover__outlier_method': 'z_score', 'outlier_remover__n_neighbors': 100, 'outlier_remover__model_columns': ['car_age', 'mileage', 'tax', 'mpg', 'engineSize'], 'outlier_remover__mod_outliers_cols': ['tax', 'mpg'], 'outlier_remover__contamination_LOF': 0.5, 'outlier_remover__contamination_IF': 0.5, 'model': RandomForestRegressor(max_depth=12, max_features='sqrt', min_samples_leaf=4,
                      min_samples_split=10, random_state=42), 'imputer__knn_scaling_method': 'robust', 'imputer__knn_neighbors': 8, 'imputer__imputation_method': 'knn_modelwise', 'encoder__method': 'target'}",-2160.908118551012,-2127.8109872070177,-1992.4850897037848,-2093.734731820605,72.85818438303517,97,-1621.0242604555015,-1609.7042770235928,-1585.528569593754,-1605.4190356909494,14.804469761920641
275,1,4000,1.1847617626190186,0.02531427411389433,0.1816676457722982,0.022568989675005976,model,5,rf,7,robust,"['car_age', 'mileage', 'tax', 'mpg']",2,"['car_age', 'mileage']",IQR,70,"['tax', 'mpg']","['tax', 'mpg']",0.5,0.15,"RandomForestRegressor(max_depth=12, max_features='sqrt', min_samples_leaf=4,
                      min_samples_split=10, random_state=42)",minmax,8,knn_modelwise,target,"{'selector__selection_method': 'model', 'selector__n_features_to_select': 5, 'selector__model_name': 'rf', 'selector__k': 7, 'scaler__scaler_name': 'robust', 'outlier_remover__z_columns': ['car_age', 'mileage', 'tax', 'mpg'], 'outlier_remover__threshold': 2, 'outlier_remover__sev_outliers_cols': ['car_age', 'mileage'], 'outlier_remover__outlier_method': 'IQR', 'outlier_remover__n_neighbors': 70, 'outlier_remover__model_columns': ['tax', 'mpg'], 'outlier_remover__mod_outliers_cols': ['tax', 'mpg'], 'outlier_remover__contamination_LOF': 0.5, 'outlier_remover__contamination_IF': 0.15, 'model': RandomForestRegressor(max_depth=12, max_features='sqrt', min_samples_leaf=4,
                      min_samples_split=10, random_state=42), 'imputer__knn_scaling_method': 'minmax', 'imputer__knn_neighbors': 8, 'imputer__imputation_method': 'knn_modelwise', 'encoder__method': 'target'}",-2171.2261114806156,-2117.2246773707097,-2004.5544020371967,-2097.6683969628407,69.43438514041519,100,-1664.9467387572595,-1640.121129978962,-1611.1772434503428,-1638.7483707288548,21.972755969748857
276,1,4000,0.9450492858886719,0.02328885546721494,0.017975648244222004,0.004610698639327204,model,6,rf,9,minmax,"['car_age', 'mileage', 'tax', 'mpg']",2,"['car_age', 'mileage']",z_score,70,"['tax', 'mpg']","['car_age', 'mileage', 'tax', 'mpg']",0.15,0.5,"RandomForestRegressor(max_depth=12, max_features='sqrt', min_samples_leaf=4,
                      min_samples_split=10, random_state=42)",standard,18,simple,target,"{'selector__selection_method': 'model', 'selector__n_features_to_select': 6, 'selector__model_name': 'rf', 'selector__k': 9, 'scaler__scaler_name': 'minmax', 'outlier_remover__z_columns': ['car_age', 'mileage', 'tax', 'mpg'], 'outlier_remover__threshold': 2, 'outlier_remover__sev_outliers_cols': ['car_age', 'mileage'], 'outlier_remover__outlier_method': 'z_score', 'outlier_remover__n_neighbors': 70, 'outlier_remover__model_columns': ['tax', 'mpg'], 'outlier_remover__mod_outliers_cols': ['car_age', 'mileage', 'tax', 'mpg'], 'outlier_remover__contamination_LOF': 0.15, 'outlier_remover__contamination_IF': 0.5, 'model': RandomForestRegressor(max_depth=12, max_features='sqrt', min_samples_leaf=4,
                      min_samples_split=10, random_state=42), 'imputer__knn_scaling_method': 'standard', 'imputer__knn_neighbors': 18, 'imputer__imputation_method': 'simple', 'encoder__method': 'target'}",-2209.283182645769,-2153.7715215363523,-2051.3991022325913,-2138.1512688049042,65.39541234431475,119,-1645.9821633800427,-1635.944559102779,-1614.4400645905787,-1632.1222623578003,13.157595102350186
277,1,4000,0.2891121705373128,0.04368009353998323,0.018822669982910156,0.0022400660960389092,kbest,5,rf,10,minmax,"['car_age', 'mileage', 'tax', 'mpg']",2,"['car_age', 'mileage', 'engineSize']",IQR,30,"['tax', 'mpg']","['tax', 'mpg']",0.05,0.15,"RandomForestRegressor(max_depth=12, max_features='sqrt', min_samples_leaf=4,
                      min_samples_split=10, random_state=42)",minmax,10,iterative,target,"{'selector__selection_method': 'kbest', 'selector__n_features_to_select': 5, 'selector__model_name': 'rf', 'selector__k': 10, 'scaler__scaler_name': 'minmax', 'outlier_remover__z_columns': ['car_age', 'mileage', 'tax', 'mpg'], 'outlier_remover__threshold': 2, 'outlier_remover__sev_outliers_cols': ['car_age', 'mileage', 'engineSize'], 'outlier_remover__outlier_method': 'IQR', 'outlier_remover__n_neighbors': 30, 'outlier_remover__model_columns': ['tax', 'mpg'], 'outlier_remover__mod_outliers_cols': ['tax', 'mpg'], 'outlier_remover__contamination_LOF': 0.05, 'outlier_remover__contamination_IF': 0.15, 'model': RandomForestRegressor(max_depth=12, max_features='sqrt', min_samples_leaf=4,
                      min_samples_split=10, random_state=42), 'imputer__knn_scaling_method': 'minmax', 'imputer__knn_neighbors': 10, 'imputer__imputation_method': 'iterative', 'encoder__method': 'target'}",-2148.7066739835336,-2135.374442141502,-2021.9677786422483,-2102.0162982557613,56.86393831306833,102,-1625.9656496360324,-1616.7555188488827,-1583.6008366028916,-1608.7740016959358,18.192907187149167
278,1,4000,0.8985389868418375,0.014589174613524577,0.01892828941345215,0.00170109456887271,rfe,10,rf,8,robust,"['car_age', 'mileage', 'tax', 'mpg']",2,"['car_age', 'mileage', 'engineSize']",IQR,50,"['car_age', 'mileage', 'tax', 'mpg', 'engineSize']","['car_age', 'mileage', 'tax', 'mpg']",0.05,0.05,"RandomForestRegressor(max_depth=12, max_features='sqrt', min_samples_leaf=4,
                      min_samples_split=10, random_state=42)",minmax,16,iterative,target,"{'selector__selection_method': 'rfe', 'selector__n_features_to_select': 10, 'selector__model_name': 'rf', 'selector__k': 8, 'scaler__scaler_name': 'robust', 'outlier_remover__z_columns': ['car_age', 'mileage', 'tax', 'mpg'], 'outlier_remover__threshold': 2, 'outlier_remover__sev_outliers_cols': ['car_age', 'mileage', 'engineSize'], 'outlier_remover__outlier_method': 'IQR', 'outlier_remover__n_neighbors': 50, 'outlier_remover__model_columns': ['car_age', 'mileage', 'tax', 'mpg', 'engineSize'], 'outlier_remover__mod_outliers_cols': ['car_age', 'mileage', 'tax', 'mpg'], 'outlier_remover__contamination_LOF': 0.05, 'outlier_remover__contamination_IF': 0.05, 'model': RandomForestRegressor(max_depth=12, max_features='sqrt', min_samples_leaf=4,
                      min_samples_split=10, random_state=42), 'imputer__knn_scaling_method': 'minmax', 'imputer__knn_neighbors': 16, 'imputer__imputation_method': 'iterative', 'encoder__method': 'target'}",-2160.9119068655573,-2147.08049357752,-2016.8141770997158,-2108.268859180931,64.91428273407033,106,-1624.1439114052673,-1629.6839662198972,-1593.0413056275627,-1615.6230610842424,16.127095449713185
279,1,4000,0.2374871571858724,0.011131228514811011,0.01794600486755371,0.0017709138995032072,kbest,6,rf,10,robust,"['car_age', 'mileage', 'tax', 'mpg']",2,"['car_age', 'mileage', 'engineSize']",IQR,90,"['tax', 'mpg']","['car_age', 'mileage', 'tax', 'mpg']",0.05,0.05,"RandomForestRegressor(max_depth=12, max_features='sqrt', min_samples_leaf=4,
                      min_samples_split=10, random_state=42)",minmax,10,iterative,target,"{'selector__selection_method': 'kbest', 'selector__n_features_to_select': 6, 'selector__model_name': 'rf', 'selector__k': 10, 'scaler__scaler_name': 'robust', 'outlier_remover__z_columns': ['car_age', 'mileage', 'tax', 'mpg'], 'outlier_remover__threshold': 2, 'outlier_remover__sev_outliers_cols': ['car_age', 'mileage', 'engineSize'], 'outlier_remover__outlier_method': 'IQR', 'outlier_remover__n_neighbors': 90, 'outlier_remover__model_columns': ['tax', 'mpg'], 'outlier_remover__mod_outliers_cols': ['car_age', 'mileage', 'tax', 'mpg'], 'outlier_remover__contamination_LOF': 0.05, 'outlier_remover__contamination_IF': 0.05, 'model': RandomForestRegressor(max_depth=12, max_features='sqrt', min_samples_leaf=4,
                      min_samples_split=10, random_state=42), 'imputer__knn_scaling_method': 'minmax', 'imputer__knn_neighbors': 10, 'imputer__imputation_method': 'iterative', 'encoder__method': 'target'}",-2160.9119068655573,-2147.08049357752,-2016.8141770997158,-2108.268859180931,64.91428273407033,106,-1624.1439114052673,-1629.6839662198972,-1593.0413056275627,-1615.6230610842424,16.127095449713185
280,1,4000,1.4368940194447835,0.016036423188379736,0.01721843083699544,0.002887519013014382,rfe,9,rf,9,standard,"['car_age', 'mileage', 'tax', 'mpg']",2,"['car_age', 'mileage']",IQR,70,"['car_age', 'mileage', 'tax', 'mpg']","['tax', 'mpg']",0.05,0.05,"RandomForestRegressor(max_depth=12, max_features='sqrt', min_samples_leaf=4,
                      min_samples_split=10, random_state=42)",standard,8,simple,target,"{'selector__selection_method': 'rfe', 'selector__n_features_to_select': 9, 'selector__model_name': 'rf', 'selector__k': 9, 'scaler__scaler_name': 'standard', 'outlier_remover__z_columns': ['car_age', 'mileage', 'tax', 'mpg'], 'outlier_remover__threshold': 2, 'outlier_remover__sev_outliers_cols': ['car_age', 'mileage'], 'outlier_remover__outlier_method': 'IQR', 'outlier_remover__n_neighbors': 70, 'outlier_remover__model_columns': ['car_age', 'mileage', 'tax', 'mpg'], 'outlier_remover__mod_outliers_cols': ['tax', 'mpg'], 'outlier_remover__contamination_LOF': 0.05, 'outlier_remover__contamination_IF': 0.05, 'model': RandomForestRegressor(max_depth=12, max_features='sqrt', min_samples_leaf=4,
                      min_samples_split=10, random_state=42), 'imputer__knn_scaling_method': 'standard', 'imputer__knn_neighbors': 8, 'imputer__imputation_method': 'simple', 'encoder__method': 'target'}",-2209.7599702244634,-2149.479699765268,-2045.9235486807204,-2135.0544062234835,67.65924463264297,114,-1645.310733371817,-1641.0260643228296,-1607.8300171817575,-1631.3889382921345,16.750257115013063
281,1,4000,0.9043805599212646,0.03790692709234432,0.016363779703776043,0.000611146404777288,model,9,rf,10,minmax,"['car_age', 'mileage', 'tax', 'mpg']",2,"['car_age', 'mileage', 'engineSize']",IQR,30,"['car_age', 'mileage', 'tax', 'mpg', 'engineSize']","['car_age', 'mileage', 'tax', 'mpg']",0.3,0.15,"RandomForestRegressor(max_depth=12, max_features='sqrt', min_samples_leaf=4,
                      min_samples_split=10, random_state=42)",standard,12,iterative,target,"{'selector__selection_method': 'model', 'selector__n_features_to_select': 9, 'selector__model_name': 'rf', 'selector__k': 10, 'scaler__scaler_name': 'minmax', 'outlier_remover__z_columns': ['car_age', 'mileage', 'tax', 'mpg'], 'outlier_remover__threshold': 2, 'outlier_remover__sev_outliers_cols': ['car_age', 'mileage', 'engineSize'], 'outlier_remover__outlier_method': 'IQR', 'outlier_remover__n_neighbors': 30, 'outlier_remover__model_columns': ['car_age', 'mileage', 'tax', 'mpg', 'engineSize'], 'outlier_remover__mod_outliers_cols': ['car_age', 'mileage', 'tax', 'mpg'], 'outlier_remover__contamination_LOF': 0.3, 'outlier_remover__contamination_IF': 0.15, 'model': RandomForestRegressor(max_depth=12, max_features='sqrt', min_samples_leaf=4,
                      min_samples_split=10, random_state=42), 'imputer__knn_scaling_method': 'standard', 'imputer__knn_neighbors': 12, 'imputer__imputation_method': 'iterative', 'encoder__method': 'target'}",-2161.3081267219945,-2146.4058928901263,-2018.7607811936384,-2108.82493360192,63.97490552324152,108,-1623.8826137220924,-1629.8971404947322,-1592.9010757356002,-1615.5602766508082,16.209527500033722
282,1,4000,0.9324549833933512,0.029304871580050684,0.01653734842936198,7.514141023232359e-05,model,9,rf,10,robust,"['car_age', 'mileage', 'tax', 'mpg']",2,"['car_age', 'mileage', 'engineSize']",z_score,70,"['tax', 'mpg']","['tax', 'mpg']",0.05,0.15,"RandomForestRegressor(max_depth=12, max_features='sqrt', min_samples_leaf=4,
                      min_samples_split=10, random_state=42)",minmax,6,iterative,target,"{'selector__selection_method': 'model', 'selector__n_features_to_select': 9, 'selector__model_name': 'rf', 'selector__k': 10, 'scaler__scaler_name': 'robust', 'outlier_remover__z_columns': ['car_age', 'mileage', 'tax', 'mpg'], 'outlier_remover__threshold': 2, 'outlier_remover__sev_outliers_cols': ['car_age', 'mileage', 'engineSize'], 'outlier_remover__outlier_method': 'z_score', 'outlier_remover__n_neighbors': 70, 'outlier_remover__model_columns': ['tax', 'mpg'], 'outlier_remover__mod_outliers_cols': ['tax', 'mpg'], 'outlier_remover__contamination_LOF': 0.05, 'outlier_remover__contamination_IF': 0.15, 'model': RandomForestRegressor(max_depth=12, max_features='sqrt', min_samples_leaf=4,
                      min_samples_split=10, random_state=42), 'imputer__knn_scaling_method': 'minmax', 'imputer__knn_neighbors': 6, 'imputer__imputation_method': 'iterative', 'encoder__method': 'target'}",-2155.3429298846067,-2152.398026695118,-2015.9001897259884,-2107.880382101904,65.05092853978206,105,-1622.127731599613,-1624.12351795822,-1589.4681131234609,-1611.906454227098,15.887209832853562
283,1,4000,1.1767170429229736,0.03917499714167873,0.16087516148885092,0.023280777607776613,model,7,rf,10,robust,"['car_age', 'mileage', 'tax', 'mpg']",2,"['car_age', 'mileage', 'engineSize']",z_score,70,"['tax', 'mpg']","['tax', 'mpg']",0.15,0.5,"RandomForestRegressor(max_depth=12, max_features='sqrt', min_samples_leaf=4,
                      min_samples_split=10, random_state=42)",standard,17,knn_modelwise,target,"{'selector__selection_method': 'model', 'selector__n_features_to_select': 7, 'selector__model_name': 'rf', 'selector__k': 10, 'scaler__scaler_name': 'robust', 'outlier_remover__z_columns': ['car_age', 'mileage', 'tax', 'mpg'], 'outlier_remover__threshold': 2, 'outlier_remover__sev_outliers_cols': ['car_age', 'mileage', 'engineSize'], 'outlier_remover__outlier_method': 'z_score', 'outlier_remover__n_neighbors': 70, 'outlier_remover__model_columns': ['tax', 'mpg'], 'outlier_remover__mod_outliers_cols': ['tax', 'mpg'], 'outlier_remover__contamination_LOF': 0.15, 'outlier_remover__contamination_IF': 0.5, 'model': RandomForestRegressor(max_depth=12, max_features='sqrt', min_samples_leaf=4,
                      min_samples_split=10, random_state=42), 'imputer__knn_scaling_method': 'standard', 'imputer__knn_neighbors': 17, 'imputer__imputation_method': 'knn_modelwise', 'encoder__method': 'target'}",-2167.7565597598946,-2135.216356983712,-2000.1406058124571,-2101.0378408520214,72.57136822076393,101,-1615.6448575187057,-1608.3999788055673,-1584.2176847486055,-1602.7541736909595,13.436843221147129
284,1,4000,0.8769741058349609,0.024998015980120192,0.023719946543375652,0.004727489080106477,model,5,rf,7,minmax,"['car_age', 'mileage', 'tax', 'mpg']",3,"['car_age', 'mileage']",IQR,70,"['car_age', 'mileage', 'tax', 'mpg']","['car_age', 'mileage', 'tax', 'mpg']",0.05,0.5,"RandomForestRegressor(max_depth=12, max_features='sqrt', min_samples_leaf=4,
                      min_samples_split=10, random_state=42)",standard,15,simple,target,"{'selector__selection_method': 'model', 'selector__n_features_to_select': 5, 'selector__model_name': 'rf', 'selector__k': 7, 'scaler__scaler_name': 'minmax', 'outlier_remover__z_columns': ['car_age', 'mileage', 'tax', 'mpg'], 'outlier_remover__threshold': 3, 'outlier_remover__sev_outliers_cols': ['car_age', 'mileage'], 'outlier_remover__outlier_method': 'IQR', 'outlier_remover__n_neighbors': 70, 'outlier_remover__model_columns': ['car_age', 'mileage', 'tax', 'mpg'], 'outlier_remover__mod_outliers_cols': ['car_age', 'mileage', 'tax', 'mpg'], 'outlier_remover__contamination_LOF': 0.05, 'outlier_remover__contamination_IF': 0.5, 'model': RandomForestRegressor(max_depth=12, max_features='sqrt', min_samples_leaf=4,
                      min_samples_split=10, random_state=42), 'imputer__knn_scaling_method': 'standard', 'imputer__knn_neighbors': 15, 'imputer__imputation_method': 'simple', 'encoder__method': 'target'}",-2222.3124753322245,-2161.636158918292,-2062.63280419149,-2148.860479480669,65.81191803274425,125,-1715.0028405512494,-1684.147603962474,-1665.12293770093,-1688.0911274048842,20.553421612065105
285,1,4000,0.18784372011820474,0.0049368593167708535,0.016707340876261394,0.0003525734040905756,kbest,5,rf,7,minmax,"['car_age', 'mileage', 'tax', 'mpg']",2,"['car_age', 'mileage', 'engineSize']",IQR,90,"['tax', 'mpg']","['tax', 'mpg']",0.3,0.05,"RandomForestRegressor(max_depth=12, max_features='sqrt', min_samples_leaf=4,
                      min_samples_split=10, random_state=42)",robust,12,simple,target,"{'selector__selection_method': 'kbest', 'selector__n_features_to_select': 5, 'selector__model_name': 'rf', 'selector__k': 7, 'scaler__scaler_name': 'minmax', 'outlier_remover__z_columns': ['car_age', 'mileage', 'tax', 'mpg'], 'outlier_remover__threshold': 2, 'outlier_remover__sev_outliers_cols': ['car_age', 'mileage', 'engineSize'], 'outlier_remover__outlier_method': 'IQR', 'outlier_remover__n_neighbors': 90, 'outlier_remover__model_columns': ['tax', 'mpg'], 'outlier_remover__mod_outliers_cols': ['tax', 'mpg'], 'outlier_remover__contamination_LOF': 0.3, 'outlier_remover__contamination_IF': 0.05, 'model': RandomForestRegressor(max_depth=12, max_features='sqrt', min_samples_leaf=4,
                      min_samples_split=10, random_state=42), 'imputer__knn_scaling_method': 'robust', 'imputer__knn_neighbors': 12, 'imputer__imputation_method': 'simple', 'encoder__method': 'target'}",-2209.974925705688,-2169.621127626731,-2053.711714218208,-2144.4359225168755,66.23326824395899,124,-1709.3201194575058,-1679.760032194737,-1663.430591439604,-1684.1702476972823,18.992098286930016
286,1,4000,0.2083439032236735,0.010804734797875762,0.02177564303080241,0.0032201987967121646,kbest,6,rf,7,minmax,"['car_age', 'mileage', 'tax', 'mpg']",3,"['car_age', 'mileage']",IQR,70,"['car_age', 'mileage', 'tax', 'mpg']","['tax', 'mpg']",0.05,0.3,"RandomForestRegressor(max_depth=12, max_features='sqrt', min_samples_leaf=4,
                      min_samples_split=10, random_state=42)",robust,15,simple,target,"{'selector__selection_method': 'kbest', 'selector__n_features_to_select': 6, 'selector__model_name': 'rf', 'selector__k': 7, 'scaler__scaler_name': 'minmax', 'outlier_remover__z_columns': ['car_age', 'mileage', 'tax', 'mpg'], 'outlier_remover__threshold': 3, 'outlier_remover__sev_outliers_cols': ['car_age', 'mileage'], 'outlier_remover__outlier_method': 'IQR', 'outlier_remover__n_neighbors': 70, 'outlier_remover__model_columns': ['car_age', 'mileage', 'tax', 'mpg'], 'outlier_remover__mod_outliers_cols': ['tax', 'mpg'], 'outlier_remover__contamination_LOF': 0.05, 'outlier_remover__contamination_IF': 0.3, 'model': RandomForestRegressor(max_depth=12, max_features='sqrt', min_samples_leaf=4,
                      min_samples_split=10, random_state=42), 'imputer__knn_scaling_method': 'robust', 'imputer__knn_neighbors': 15, 'imputer__imputation_method': 'simple', 'encoder__method': 'target'}",-2209.8384796139853,-2169.7172316318765,-2053.541159715272,-2144.3656236537113,66.27840810897172,123,-1709.2083653573102,-1680.032105078955,-1663.5293822194383,-1684.2566175519012,18.886101668564894
287,1,4000,2.009849945704142,0.020708093000505842,0.016512314478556316,0.00022597464471313204,rfe,8,rf,6,minmax,"['car_age', 'mileage', 'tax', 'mpg']",2,"['car_age', 'mileage']",z_score,70,"['car_age', 'mileage', 'tax', 'mpg']","['car_age', 'mileage', 'tax', 'mpg']",0.05,0.3,"RandomForestRegressor(max_depth=12, max_features='sqrt', min_samples_leaf=4,
                      min_samples_split=10, random_state=42)",minmax,8,iterative,target,"{'selector__selection_method': 'rfe', 'selector__n_features_to_select': 8, 'selector__model_name': 'rf', 'selector__k': 6, 'scaler__scaler_name': 'minmax', 'outlier_remover__z_columns': ['car_age', 'mileage', 'tax', 'mpg'], 'outlier_remover__threshold': 2, 'outlier_remover__sev_outliers_cols': ['car_age', 'mileage'], 'outlier_remover__outlier_method': 'z_score', 'outlier_remover__n_neighbors': 70, 'outlier_remover__model_columns': ['car_age', 'mileage', 'tax', 'mpg'], 'outlier_remover__mod_outliers_cols': ['car_age', 'mileage', 'tax', 'mpg'], 'outlier_remover__contamination_LOF': 0.05, 'outlier_remover__contamination_IF': 0.3, 'model': RandomForestRegressor(max_depth=12, max_features='sqrt', min_samples_leaf=4,
                      min_samples_split=10, random_state=42), 'imputer__knn_scaling_method': 'minmax', 'imputer__knn_neighbors': 8, 'imputer__imputation_method': 'iterative', 'encoder__method': 'target'}",-2223.4777252104627,-2175.1996015481714,-2033.6092520615027,-2144.095526273379,80.57339055380629,122,-1702.4716588067347,-1698.174467321842,-1654.742037484249,-1685.129387870942,21.558598614121323
288,1,4000,2.4692806402842202,0.04242162514522329,0.01495512326558431,0.00012310102262110212,rfe,7,rf,10,robust,"['car_age', 'mileage', 'tax', 'mpg']",2,"['car_age', 'mileage', 'engineSize']",IQR,50,"['car_age', 'mileage', 'tax', 'mpg', 'engineSize']","['tax', 'mpg']",0.05,0.3,"RandomForestRegressor(max_depth=12, max_features='sqrt', min_samples_leaf=4,
                      min_samples_split=10, random_state=42)",minmax,20,simple,target,"{'selector__selection_method': 'rfe', 'selector__n_features_to_select': 7, 'selector__model_name': 'rf', 'selector__k': 10, 'scaler__scaler_name': 'robust', 'outlier_remover__z_columns': ['car_age', 'mileage', 'tax', 'mpg'], 'outlier_remover__threshold': 2, 'outlier_remover__sev_outliers_cols': ['car_age', 'mileage', 'engineSize'], 'outlier_remover__outlier_method': 'IQR', 'outlier_remover__n_neighbors': 50, 'outlier_remover__model_columns': ['car_age', 'mileage', 'tax', 'mpg', 'engineSize'], 'outlier_remover__mod_outliers_cols': ['tax', 'mpg'], 'outlier_remover__contamination_LOF': 0.05, 'outlier_remover__contamination_IF': 0.3, 'model': RandomForestRegressor(max_depth=12, max_features='sqrt', min_samples_leaf=4,
                      min_samples_split=10, random_state=42), 'imputer__knn_scaling_method': 'minmax', 'imputer__knn_neighbors': 20, 'imputer__imputation_method': 'simple', 'encoder__method': 'target'}",-2209.631008975188,-2169.071482545502,-2052.2114760062127,-2143.6379891756337,66.73516953245813,121,-1709.1418589914615,-1680.3264126078625,-1663.0863739180359,-1684.18488183912,18.99899584966801
289,1,4000,1.046537717183431,0.004900817664743011,0.13313531875610352,0.005563142008851236,model,8,rf,10,robust,"['car_age', 'mileage', 'tax', 'mpg']",3,"['car_age', 'mileage', 'engineSize']",z_score,100,"['car_age', 'mileage', 'tax', 'mpg']","['tax', 'mpg']",0.5,0.5,"RandomForestRegressor(max_depth=12, max_features='sqrt', min_samples_leaf=4,
                      min_samples_split=10, random_state=42)",robust,13,knn_modelwise,target,"{'selector__selection_method': 'model', 'selector__n_features_to_select': 8, 'selector__model_name': 'rf', 'selector__k': 10, 'scaler__scaler_name': 'robust', 'outlier_remover__z_columns': ['car_age', 'mileage', 'tax', 'mpg'], 'outlier_remover__threshold': 3, 'outlier_remover__sev_outliers_cols': ['car_age', 'mileage', 'engineSize'], 'outlier_remover__outlier_method': 'z_score', 'outlier_remover__n_neighbors': 100, 'outlier_remover__model_columns': ['car_age', 'mileage', 'tax', 'mpg'], 'outlier_remover__mod_outliers_cols': ['tax', 'mpg'], 'outlier_remover__contamination_LOF': 0.5, 'outlier_remover__contamination_IF': 0.5, 'model': RandomForestRegressor(max_depth=12, max_features='sqrt', min_samples_leaf=4,
                      min_samples_split=10, random_state=42), 'imputer__knn_scaling_method': 'robust', 'imputer__knn_neighbors': 13, 'imputer__imputation_method': 'knn_modelwise', 'encoder__method': 'target'}",-2166.0667359532044,-2148.8518719002736,-1997.9020083091866,-2104.273538720888,75.54365072674162,103,-1622.448452395049,-1605.3277624792393,-1578.7745647677918,-1602.1835932140266,17.967868829214733
290,1,4000,0.9396117528279623,0.040964786302793633,0.018740256627400715,0.0032271697273250867,model,10,rf,9,standard,"['car_age', 'mileage', 'tax', 'mpg']",3,"['car_age', 'mileage']",z_score,70,"['tax', 'mpg']","['car_age', 'mileage', 'tax', 'mpg']",0.15,0.15,"RandomForestRegressor(max_depth=12, max_features='sqrt', min_samples_leaf=4,
                      min_samples_split=10, random_state=42)",minmax,6,iterative,target,"{'selector__selection_method': 'model', 'selector__n_features_to_select': 10, 'selector__model_name': 'rf', 'selector__k': 9, 'scaler__scaler_name': 'standard', 'outlier_remover__z_columns': ['car_age', 'mileage', 'tax', 'mpg'], 'outlier_remover__threshold': 3, 'outlier_remover__sev_outliers_cols': ['car_age', 'mileage'], 'outlier_remover__outlier_method': 'z_score', 'outlier_remover__n_neighbors': 70, 'outlier_remover__model_columns': ['tax', 'mpg'], 'outlier_remover__mod_outliers_cols': ['car_age', 'mileage', 'tax', 'mpg'], 'outlier_remover__contamination_LOF': 0.15, 'outlier_remover__contamination_IF': 0.15, 'model': RandomForestRegressor(max_depth=12, max_features='sqrt', min_samples_leaf=4,
                      min_samples_split=10, random_state=42), 'imputer__knn_scaling_method': 'minmax', 'imputer__knn_neighbors': 6, 'imputer__imputation_method': 'iterative', 'encoder__method': 'target'}",-2180.2304299611797,-2140.692755991821,-2017.0247273213577,-2112.649304424786,69.5166729419831,110,-1618.3555493451968,-1605.3886413272319,-1562.5540658284087,-1595.4327521669459,23.84381383640235
291,1,4000,0.4703974723815918,0.029826547180993528,0.1458566983540853,0.004224487043087893,kbest,6,rf,10,robust,"['car_age', 'mileage', 'tax', 'mpg']",3,"['car_age', 'mileage', 'engineSize']",IQR,100,"['car_age', 'mileage', 'tax', 'mpg', 'engineSize']","['tax', 'mpg']",0.15,0.3,"RandomForestRegressor(max_depth=12, max_features='sqrt', min_samples_leaf=4,
                      min_samples_split=10, random_state=42)",minmax,6,knn_modelwise,target,"{'selector__selection_method': 'kbest', 'selector__n_features_to_select': 6, 'selector__model_name': 'rf', 'selector__k': 10, 'scaler__scaler_name': 'robust', 'outlier_remover__z_columns': ['car_age', 'mileage', 'tax', 'mpg'], 'outlier_remover__threshold': 3, 'outlier_remover__sev_outliers_cols': ['car_age', 'mileage', 'engineSize'], 'outlier_remover__outlier_method': 'IQR', 'outlier_remover__n_neighbors': 100, 'outlier_remover__model_columns': ['car_age', 'mileage', 'tax', 'mpg', 'engineSize'], 'outlier_remover__mod_outliers_cols': ['tax', 'mpg'], 'outlier_remover__contamination_LOF': 0.15, 'outlier_remover__contamination_IF': 0.3, 'model': RandomForestRegressor(max_depth=12, max_features='sqrt', min_samples_leaf=4,
                      min_samples_split=10, random_state=42), 'imputer__knn_scaling_method': 'minmax', 'imputer__knn_neighbors': 6, 'imputer__imputation_method': 'knn_modelwise', 'encoder__method': 'target'}",-2179.5059506027783,-2119.91673731259,-1992.098444299011,-2097.1737107381264,78.18067663250395,99,-1621.480873036677,-1598.6580356431207,-1570.7135368194163,-1596.9508151664047,20.760805346713397
292,1,4000,1.1244479815165203,0.00351265098140012,0.16525928179423013,0.01241693703944353,rfe,10,rf,8,robust,"['car_age', 'mileage', 'tax', 'mpg']",3,"['car_age', 'mileage']",z_score,50,"['tax', 'mpg']","['car_age', 'mileage', 'tax', 'mpg']",0.05,0.15,"RandomForestRegressor(max_depth=12, max_features='sqrt', min_samples_leaf=4,
                      min_samples_split=10, random_state=42)",standard,8,knn_modelwise,target,"{'selector__selection_method': 'rfe', 'selector__n_features_to_select': 10, 'selector__model_name': 'rf', 'selector__k': 8, 'scaler__scaler_name': 'robust', 'outlier_remover__z_columns': ['car_age', 'mileage', 'tax', 'mpg'], 'outlier_remover__threshold': 3, 'outlier_remover__sev_outliers_cols': ['car_age', 'mileage'], 'outlier_remover__outlier_method': 'z_score', 'outlier_remover__n_neighbors': 50, 'outlier_remover__model_columns': ['tax', 'mpg'], 'outlier_remover__mod_outliers_cols': ['car_age', 'mileage', 'tax', 'mpg'], 'outlier_remover__contamination_LOF': 0.05, 'outlier_remover__contamination_IF': 0.15, 'model': RandomForestRegressor(max_depth=12, max_features='sqrt', min_samples_leaf=4,
                      min_samples_split=10, random_state=42), 'imputer__knn_scaling_method': 'standard', 'imputer__knn_neighbors': 8, 'imputer__imputation_method': 'knn_modelwise', 'encoder__method': 'target'}",-2155.864277954121,-2137.338156516533,-1981.4869357033954,-2091.56312339135,78.20221486980788,96,-1618.0950267318524,-1591.8061566422487,-1564.8940786445853,-1591.5984206728954,21.71969283117273
293,1,4000,0.21722706158955893,0.02128939437771339,0.02105434735616048,0.003325182535462144,kbest,9,rf,9,standard,"['car_age', 'mileage', 'tax', 'mpg']",2,"['car_age', 'mileage', 'engineSize']",z_score,70,"['car_age', 'mileage', 'tax', 'mpg', 'engineSize']","['tax', 'mpg']",0.15,0.5,"RandomForestRegressor(max_depth=12, max_features='sqrt', min_samples_leaf=4,
                      min_samples_split=10, random_state=42)",minmax,15,simple,target,"{'selector__selection_method': 'kbest', 'selector__n_features_to_select': 9, 'selector__model_name': 'rf', 'selector__k': 9, 'scaler__scaler_name': 'standard', 'outlier_remover__z_columns': ['car_age', 'mileage', 'tax', 'mpg'], 'outlier_remover__threshold': 2, 'outlier_remover__sev_outliers_cols': ['car_age', 'mileage', 'engineSize'], 'outlier_remover__outlier_method': 'z_score', 'outlier_remover__n_neighbors': 70, 'outlier_remover__model_columns': ['car_age', 'mileage', 'tax', 'mpg', 'engineSize'], 'outlier_remover__mod_outliers_cols': ['tax', 'mpg'], 'outlier_remover__contamination_LOF': 0.15, 'outlier_remover__contamination_IF': 0.5, 'model': RandomForestRegressor(max_depth=12, max_features='sqrt', min_samples_leaf=4,
                      min_samples_split=10, random_state=42), 'imputer__knn_scaling_method': 'minmax', 'imputer__knn_neighbors': 15, 'imputer__imputation_method': 'simple', 'encoder__method': 'target'}",-2190.9608483366646,-2130.8242795185397,-2015.2920028050996,-2112.3590435534347,72.89540235631449,109,-1633.7352214135528,-1632.9899926968792,-1607.594491367323,-1624.7732351592515,12.15101559984696
294,1,4000,2.3616062800089517,0.026060161956563892,0.17012596130371094,0.03396270210845,rfe,8,rf,6,standard,"['car_age', 'mileage', 'tax', 'mpg']",3,"['car_age', 'mileage', 'engineSize']",z_score,100,"['car_age', 'mileage', 'tax', 'mpg', 'engineSize']","['tax', 'mpg']",0.15,0.5,"RandomForestRegressor(max_depth=12, max_features='sqrt', min_samples_leaf=4,
                      min_samples_split=10, random_state=42)",minmax,19,knn_modelwise,target,"{'selector__selection_method': 'rfe', 'selector__n_features_to_select': 8, 'selector__model_name': 'rf', 'selector__k': 6, 'scaler__scaler_name': 'standard', 'outlier_remover__z_columns': ['car_age', 'mileage', 'tax', 'mpg'], 'outlier_remover__threshold': 3, 'outlier_remover__sev_outliers_cols': ['car_age', 'mileage', 'engineSize'], 'outlier_remover__outlier_method': 'z_score', 'outlier_remover__n_neighbors': 100, 'outlier_remover__model_columns': ['car_age', 'mileage', 'tax', 'mpg', 'engineSize'], 'outlier_remover__mod_outliers_cols': ['tax', 'mpg'], 'outlier_remover__contamination_LOF': 0.15, 'outlier_remover__contamination_IF': 0.5, 'model': RandomForestRegressor(max_depth=12, max_features='sqrt', min_samples_leaf=4,
                      min_samples_split=10, random_state=42), 'imputer__knn_scaling_method': 'minmax', 'imputer__knn_neighbors': 19, 'imputer__imputation_method': 'knn_modelwise', 'encoder__method': 'target'}",-2183.4727961599006,-2147.7650643022093,-2009.277998254601,-2113.5052862389034,75.12769661949916,111,-1698.353803656261,-1675.8172635155054,-1652.804907708962,-1675.658658293576,18.59559709925601
295,1,4000,0.39737995465596515,0.04719824579577269,0.13903498649597168,0.0066727307046124664,kbest,10,rf,8,minmax,"['car_age', 'mileage', 'tax', 'mpg']",2,"['car_age', 'mileage']",IQR,70,"['tax', 'mpg']","['car_age', 'mileage', 'tax', 'mpg']",0.3,0.15,"RandomForestRegressor(max_depth=12, max_features='sqrt', min_samples_leaf=4,
                      min_samples_split=10, random_state=42)",minmax,19,knn_modelwise,target,"{'selector__selection_method': 'kbest', 'selector__n_features_to_select': 10, 'selector__model_name': 'rf', 'selector__k': 8, 'scaler__scaler_name': 'minmax', 'outlier_remover__z_columns': ['car_age', 'mileage', 'tax', 'mpg'], 'outlier_remover__threshold': 2, 'outlier_remover__sev_outliers_cols': ['car_age', 'mileage'], 'outlier_remover__outlier_method': 'IQR', 'outlier_remover__n_neighbors': 70, 'outlier_remover__model_columns': ['tax', 'mpg'], 'outlier_remover__mod_outliers_cols': ['car_age', 'mileage', 'tax', 'mpg'], 'outlier_remover__contamination_LOF': 0.3, 'outlier_remover__contamination_IF': 0.15, 'model': RandomForestRegressor(max_depth=12, max_features='sqrt', min_samples_leaf=4,
                      min_samples_split=10, random_state=42), 'imputer__knn_scaling_method': 'minmax', 'imputer__knn_neighbors': 19, 'imputer__imputation_method': 'knn_modelwise', 'encoder__method': 'target'}",-2215.284842380504,-2181.131493738538,-2009.875247696827,-2135.430527938623,89.8691979242123,115,-1714.4153218100062,-1690.5189099652987,-1650.4889475343546,-1685.1410597698866,26.37342458550392
296,1,4000,0.4931182861328125,0.0509012466887406,0.16347106297810873,0.012455188740107275,kbest,7,rf,8,robust,"['car_age', 'mileage', 'tax', 'mpg']",3,"['car_age', 'mileage', 'engineSize']",IQR,70,"['car_age', 'mileage', 'tax', 'mpg', 'engineSize']","['car_age', 'mileage', 'tax', 'mpg']",0.5,0.3,"RandomForestRegressor(max_depth=12, max_features='sqrt', min_samples_leaf=4,
                      min_samples_split=10, random_state=42)",standard,17,knn_modelwise,target,"{'selector__selection_method': 'kbest', 'selector__n_features_to_select': 7, 'selector__model_name': 'rf', 'selector__k': 8, 'scaler__scaler_name': 'robust', 'outlier_remover__z_columns': ['car_age', 'mileage', 'tax', 'mpg'], 'outlier_remover__threshold': 3, 'outlier_remover__sev_outliers_cols': ['car_age', 'mileage', 'engineSize'], 'outlier_remover__outlier_method': 'IQR', 'outlier_remover__n_neighbors': 70, 'outlier_remover__model_columns': ['car_age', 'mileage', 'tax', 'mpg', 'engineSize'], 'outlier_remover__mod_outliers_cols': ['car_age', 'mileage', 'tax', 'mpg'], 'outlier_remover__contamination_LOF': 0.5, 'outlier_remover__contamination_IF': 0.3, 'model': RandomForestRegressor(max_depth=12, max_features='sqrt', min_samples_leaf=4,
                      min_samples_split=10, random_state=42), 'imputer__knn_scaling_method': 'standard', 'imputer__knn_neighbors': 17, 'imputer__imputation_method': 'knn_modelwise', 'encoder__method': 'target'}",-2197.2145099503546,-2163.404768463516,-2017.3660177570584,-2125.995098723643,78.042648932428,112,-1710.8470878534295,-1692.7885000463984,-1650.0441111591151,-1684.5598996863143,25.49552760304985
297,1,4000,0.458510955174764,0.04213418995868056,0.17355036735534668,0.0033171436439995376,kbest,10,rf,6,robust,"['car_age', 'mileage', 'tax', 'mpg']",3,"['car_age', 'mileage', 'engineSize']",z_score,30,"['car_age', 'mileage', 'tax', 'mpg']","['tax', 'mpg']",0.5,0.3,"RandomForestRegressor(max_depth=12, max_features='sqrt', min_samples_leaf=4,
                      min_samples_split=10, random_state=42)",standard,19,knn_modelwise,target,"{'selector__selection_method': 'kbest', 'selector__n_features_to_select': 10, 'selector__model_name': 'rf', 'selector__k': 6, 'scaler__scaler_name': 'robust', 'outlier_remover__z_columns': ['car_age', 'mileage', 'tax', 'mpg'], 'outlier_remover__threshold': 3, 'outlier_remover__sev_outliers_cols': ['car_age', 'mileage', 'engineSize'], 'outlier_remover__outlier_method': 'z_score', 'outlier_remover__n_neighbors': 30, 'outlier_remover__model_columns': ['car_age', 'mileage', 'tax', 'mpg'], 'outlier_remover__mod_outliers_cols': ['tax', 'mpg'], 'outlier_remover__contamination_LOF': 0.5, 'outlier_remover__contamination_IF': 0.3, 'model': RandomForestRegressor(max_depth=12, max_features='sqrt', min_samples_leaf=4,
                      min_samples_split=10, random_state=42), 'imputer__knn_scaling_method': 'standard', 'imputer__knn_neighbors': 19, 'imputer__imputation_method': 'knn_modelwise', 'encoder__method': 'target'}",-2215.3760940176953,-2193.444997947814,-2193.3637817175586,-2200.728291227689,10.357613751895911,138,-1785.2734694948967,-1743.5744244619186,-1809.712529020826,-1779.5201409925473,27.305528259593654
298,1,4000,0.5088837146759033,0.014487638631538971,0.19717160860697427,0.012399675500894164,kbest,10,rf,10,standard,"['car_age', 'mileage', 'tax', 'mpg']",2,"['car_age', 'mileage']",z_score,90,"['tax', 'mpg']","['car_age', 'mileage', 'tax', 'mpg']",0.05,0.5,"RandomForestRegressor(max_depth=12, max_features='sqrt', min_samples_leaf=4,
                      min_samples_split=10, random_state=42)",standard,7,knn_modelwise,target,"{'selector__selection_method': 'kbest', 'selector__n_features_to_select': 10, 'selector__model_name': 'rf', 'selector__k': 10, 'scaler__scaler_name': 'standard', 'outlier_remover__z_columns': ['car_age', 'mileage', 'tax', 'mpg'], 'outlier_remover__threshold': 2, 'outlier_remover__sev_outliers_cols': ['car_age', 'mileage'], 'outlier_remover__outlier_method': 'z_score', 'outlier_remover__n_neighbors': 90, 'outlier_remover__model_columns': ['tax', 'mpg'], 'outlier_remover__mod_outliers_cols': ['car_age', 'mileage', 'tax', 'mpg'], 'outlier_remover__contamination_LOF': 0.05, 'outlier_remover__contamination_IF': 0.5, 'model': RandomForestRegressor(max_depth=12, max_features='sqrt', min_samples_leaf=4,
                      min_samples_split=10, random_state=42), 'imputer__knn_scaling_method': 'standard', 'imputer__knn_neighbors': 7, 'imputer__imputation_method': 'knn_modelwise', 'encoder__method': 'target'}",-2160.3148823743113,-2133.3682520006687,-1997.4479267635909,-2097.0436870461904,71.27887401759928,98,-1624.9462156607738,-1605.9169039247406,-1581.2285731607644,-1604.0305642487594,17.89742578267502
299,1,4000,1.0789053440093994,0.048080370285243264,0.12504148483276367,0.009498615167926308,model,9,rf,9,robust,"['car_age', 'mileage', 'tax', 'mpg']",2,"['car_age', 'mileage']",IQR,50,"['car_age', 'mileage', 'tax', 'mpg']","['car_age', 'mileage', 'tax', 'mpg']",0.15,0.05,"RandomForestRegressor(max_depth=12, max_features='sqrt', min_samples_leaf=4,
                      min_samples_split=10, random_state=42)",standard,6,knn_modelwise,target,"{'selector__selection_method': 'model', 'selector__n_features_to_select': 9, 'selector__model_name': 'rf', 'selector__k': 9, 'scaler__scaler_name': 'robust', 'outlier_remover__z_columns': ['car_age', 'mileage', 'tax', 'mpg'], 'outlier_remover__threshold': 2, 'outlier_remover__sev_outliers_cols': ['car_age', 'mileage'], 'outlier_remover__outlier_method': 'IQR', 'outlier_remover__n_neighbors': 50, 'outlier_remover__model_columns': ['car_age', 'mileage', 'tax', 'mpg'], 'outlier_remover__mod_outliers_cols': ['car_age', 'mileage', 'tax', 'mpg'], 'outlier_remover__contamination_LOF': 0.15, 'outlier_remover__contamination_IF': 0.05, 'model': RandomForestRegressor(max_depth=12, max_features='sqrt', min_samples_leaf=4,
                      min_samples_split=10, random_state=42), 'imputer__knn_scaling_method': 'standard', 'imputer__knn_neighbors': 6, 'imputer__imputation_method': 'knn_modelwise', 'encoder__method': 'target'}",-2180.7248831050274,-2135.9047786674387,-2005.87230052012,-2107.5006540975287,74.15502737998816,104,-1625.319471030465,-1595.657720430564,-1570.9351505624206,-1597.3041140078167,22.232806646202643
300,2,8000,5.749832550684611,0.05372396214349759,0.032524426778157554,0.0023839923806684184,rfe,6,rf,7,minmax,"['car_age', 'mileage', 'tax', 'mpg']",3,"['car_age', 'mileage']",LOF,70,"['car_age', 'mileage', 'tax', 'mpg']","['tax', 'mpg']",0.05,0.5,"RandomForestRegressor(max_depth=12, max_features='sqrt', min_samples_leaf=4,
                      min_samples_split=10, random_state=42)",minmax,6,iterative,target,"{'selector__selection_method': 'rfe', 'selector__n_features_to_select': 6, 'selector__model_name': 'rf', 'selector__k': 7, 'scaler__scaler_name': 'minmax', 'outlier_remover__z_columns': ['car_age', 'mileage', 'tax', 'mpg'], 'outlier_remover__threshold': 3, 'outlier_remover__sev_outliers_cols': ['car_age', 'mileage'], 'outlier_remover__outlier_method': 'LOF', 'outlier_remover__n_neighbors': 70, 'outlier_remover__model_columns': ['car_age', 'mileage', 'tax', 'mpg'], 'outlier_remover__mod_outliers_cols': ['tax', 'mpg'], 'outlier_remover__contamination_LOF': 0.05, 'outlier_remover__contamination_IF': 0.5, 'model': RandomForestRegressor(max_depth=12, max_features='sqrt', min_samples_leaf=4,
                      min_samples_split=10, random_state=42), 'imputer__knn_scaling_method': 'minmax', 'imputer__knn_neighbors': 6, 'imputer__imputation_method': 'iterative', 'encoder__method': 'target'}",-2019.3814786384955,-2043.041239109001,-2066.1157458042953,-2042.846154517264,19.079683354806807,91,-1638.8435532558212,-1641.7538196953528,-1698.818263798065,-1659.8052122497465,27.61196668138759
301,2,8000,2.4911627769470215,0.06762267456967563,0.02757891019185384,0.0001992034748253032,rfe,9,rf,5,robust,"['car_age', 'mileage', 'tax', 'mpg']",2,"['car_age', 'mileage']",Isolation_Forest,100,"['tax', 'mpg']","['car_age', 'mileage', 'tax', 'mpg']",0.05,0.15,"RandomForestRegressor(max_depth=12, max_features='sqrt', min_samples_leaf=4,
                      min_samples_split=10, random_state=42)",standard,8,iterative,target,"{'selector__selection_method': 'rfe', 'selector__n_features_to_select': 9, 'selector__model_name': 'rf', 'selector__k': 5, 'scaler__scaler_name': 'robust', 'outlier_remover__z_columns': ['car_age', 'mileage', 'tax', 'mpg'], 'outlier_remover__threshold': 2, 'outlier_remover__sev_outliers_cols': ['car_age', 'mileage'], 'outlier_remover__outlier_method': 'Isolation_Forest', 'outlier_remover__n_neighbors': 100, 'outlier_remover__model_columns': ['tax', 'mpg'], 'outlier_remover__mod_outliers_cols': ['car_age', 'mileage', 'tax', 'mpg'], 'outlier_remover__contamination_LOF': 0.05, 'outlier_remover__contamination_IF': 0.15, 'model': RandomForestRegressor(max_depth=12, max_features='sqrt', min_samples_leaf=4,
                      min_samples_split=10, random_state=42), 'imputer__knn_scaling_method': 'standard', 'imputer__knn_neighbors': 8, 'imputer__imputation_method': 'iterative', 'encoder__method': 'target'}",-2120.475182581841,-2086.367197671861,-1992.9300602516068,-2066.5908135017694,53.91517155489656,94,-1737.2458893198038,-1698.3518117116587,-1667.6700232418084,-1701.0892414244238,28.470106266047264
302,2,8000,1.6580290794372559,0.0032707479748232374,0.027832667032877605,0.00012484414776739078,model,9,rf,5,minmax,"['car_age', 'mileage', 'tax', 'mpg']",3,"['car_age', 'mileage']",z_score,90,"['tax', 'mpg']","['tax', 'mpg']",0.15,0.15,"RandomForestRegressor(max_depth=12, max_features='sqrt', min_samples_leaf=4,
                      min_samples_split=10, random_state=42)",standard,15,iterative,target,"{'selector__selection_method': 'model', 'selector__n_features_to_select': 9, 'selector__model_name': 'rf', 'selector__k': 5, 'scaler__scaler_name': 'minmax', 'outlier_remover__z_columns': ['car_age', 'mileage', 'tax', 'mpg'], 'outlier_remover__threshold': 3, 'outlier_remover__sev_outliers_cols': ['car_age', 'mileage'], 'outlier_remover__outlier_method': 'z_score', 'outlier_remover__n_neighbors': 90, 'outlier_remover__model_columns': ['tax', 'mpg'], 'outlier_remover__mod_outliers_cols': ['tax', 'mpg'], 'outlier_remover__contamination_LOF': 0.15, 'outlier_remover__contamination_IF': 0.15, 'model': RandomForestRegressor(max_depth=12, max_features='sqrt', min_samples_leaf=4,
                      min_samples_split=10, random_state=42), 'imputer__knn_scaling_method': 'standard', 'imputer__knn_neighbors': 15, 'imputer__imputation_method': 'iterative', 'encoder__method': 'target'}",-2061.7602119854064,-2053.869035086496,-2015.0268657106164,-2043.5520375941726,20.425992288459398,92,-1620.836992861896,-1609.9369415933604,-1590.3592257966534,-1607.0443867506365,12.609486546761042
303,2,8000,1.5128764311472576,0.017226913473202328,0.02706734339396159,0.0019430218651904083,rfe,10,rf,10,standard,"['car_age', 'mileage', 'tax', 'mpg']",3,"['car_age', 'mileage', 'engineSize']",Isolation_Forest,100,"['car_age', 'mileage', 'tax', 'mpg', 'engineSize']","['tax', 'mpg']",0.5,0.05,"RandomForestRegressor(max_depth=12, max_features='sqrt', min_samples_leaf=4,
                      min_samples_split=10, random_state=42)",standard,6,simple,target,"{'selector__selection_method': 'rfe', 'selector__n_features_to_select': 10, 'selector__model_name': 'rf', 'selector__k': 10, 'scaler__scaler_name': 'standard', 'outlier_remover__z_columns': ['car_age', 'mileage', 'tax', 'mpg'], 'outlier_remover__threshold': 3, 'outlier_remover__sev_outliers_cols': ['car_age', 'mileage', 'engineSize'], 'outlier_remover__outlier_method': 'Isolation_Forest', 'outlier_remover__n_neighbors': 100, 'outlier_remover__model_columns': ['car_age', 'mileage', 'tax', 'mpg', 'engineSize'], 'outlier_remover__mod_outliers_cols': ['tax', 'mpg'], 'outlier_remover__contamination_LOF': 0.5, 'outlier_remover__contamination_IF': 0.05, 'model': RandomForestRegressor(max_depth=12, max_features='sqrt', min_samples_leaf=4,
                      min_samples_split=10, random_state=42), 'imputer__knn_scaling_method': 'standard', 'imputer__knn_neighbors': 6, 'imputer__imputation_method': 'simple', 'encoder__method': 'target'}",-2109.602737315189,-2077.6289523570154,-2014.934981332348,-2067.3888903348507,39.32039469427224,95,-1751.377431193884,-1730.0941454714653,-1695.872868576436,-1725.7814817472618,22.863922368906767
304,2,8000,1.965747356414795,0.09497074902015838,0.1875474452972412,0.010845439211828081,model,8,rf,5,standard,"['car_age', 'mileage', 'tax', 'mpg']",2,"['car_age', 'mileage']",z_score,30,"['car_age', 'mileage', 'tax', 'mpg']","['car_age', 'mileage', 'tax', 'mpg']",0.05,0.5,"RandomForestRegressor(max_depth=12, max_features='sqrt', min_samples_leaf=4,
                      min_samples_split=10, random_state=42)",standard,19,knn_modelwise,target,"{'selector__selection_method': 'model', 'selector__n_features_to_select': 8, 'selector__model_name': 'rf', 'selector__k': 5, 'scaler__scaler_name': 'standard', 'outlier_remover__z_columns': ['car_age', 'mileage', 'tax', 'mpg'], 'outlier_remover__threshold': 2, 'outlier_remover__sev_outliers_cols': ['car_age', 'mileage'], 'outlier_remover__outlier_method': 'z_score', 'outlier_remover__n_neighbors': 30, 'outlier_remover__model_columns': ['car_age', 'mileage', 'tax', 'mpg'], 'outlier_remover__mod_outliers_cols': ['car_age', 'mileage', 'tax', 'mpg'], 'outlier_remover__contamination_LOF': 0.05, 'outlier_remover__contamination_IF': 0.5, 'model': RandomForestRegressor(max_depth=12, max_features='sqrt', min_samples_leaf=4,
                      min_samples_split=10, random_state=42), 'imputer__knn_scaling_method': 'standard', 'imputer__knn_neighbors': 19, 'imputer__imputation_method': 'knn_modelwise', 'encoder__method': 'target'}",-2049.393424116455,-2071.9352840730553,-2005.9954096435126,-2042.4413726110076,27.36500228450883,90,-1618.8884086535286,-1618.619053273275,-1585.3262049330788,-1607.6112222866275,15.758270567465903
305,2,8000,0.39304526646931964,0.0029812205286627127,0.03371858596801758,0.0015072147878639364,kbest,9,rf,7,robust,"['car_age', 'mileage', 'tax', 'mpg']",3,"['car_age', 'mileage', 'engineSize']",LOF,50,"['car_age', 'mileage', 'tax', 'mpg', 'engineSize']","['tax', 'mpg']",0.05,0.5,"RandomForestRegressor(max_depth=12, max_features='sqrt', min_samples_leaf=4,
                      min_samples_split=10, random_state=42)",minmax,15,iterative,target,"{'selector__selection_method': 'kbest', 'selector__n_features_to_select': 9, 'selector__model_name': 'rf', 'selector__k': 7, 'scaler__scaler_name': 'robust', 'outlier_remover__z_columns': ['car_age', 'mileage', 'tax', 'mpg'], 'outlier_remover__threshold': 3, 'outlier_remover__sev_outliers_cols': ['car_age', 'mileage', 'engineSize'], 'outlier_remover__outlier_method': 'LOF', 'outlier_remover__n_neighbors': 50, 'outlier_remover__model_columns': ['car_age', 'mileage', 'tax', 'mpg', 'engineSize'], 'outlier_remover__mod_outliers_cols': ['tax', 'mpg'], 'outlier_remover__contamination_LOF': 0.05, 'outlier_remover__contamination_IF': 0.5, 'model': RandomForestRegressor(max_depth=12, max_features='sqrt', min_samples_leaf=4,
                      min_samples_split=10, random_state=42), 'imputer__knn_scaling_method': 'minmax', 'imputer__knn_neighbors': 15, 'imputer__imputation_method': 'iterative', 'encoder__method': 'target'}",-2056.7532933093207,-2000.8260229209548,-2020.5733256139954,-2026.050880614757,23.15840523961189,87,-1707.6016632776439,-1611.350860244125,-1748.3974048510272,-1689.116642790932,57.45555287332129
306,2,8000,1.813982407251994,0.06520605190389005,0.036597251892089844,0.0029563821964253174,model,6,rf,9,minmax,"['car_age', 'mileage', 'tax', 'mpg']",3,"['car_age', 'mileage', 'engineSize']",Isolation_Forest,100,"['car_age', 'mileage', 'tax', 'mpg', 'engineSize']","['car_age', 'mileage', 'tax', 'mpg']",0.5,0.05,"RandomForestRegressor(max_depth=12, max_features='sqrt', min_samples_leaf=4,
                      min_samples_split=10, random_state=42)",minmax,9,iterative,target,"{'selector__selection_method': 'model', 'selector__n_features_to_select': 6, 'selector__model_name': 'rf', 'selector__k': 9, 'scaler__scaler_name': 'minmax', 'outlier_remover__z_columns': ['car_age', 'mileage', 'tax', 'mpg'], 'outlier_remover__threshold': 3, 'outlier_remover__sev_outliers_cols': ['car_age', 'mileage', 'engineSize'], 'outlier_remover__outlier_method': 'Isolation_Forest', 'outlier_remover__n_neighbors': 100, 'outlier_remover__model_columns': ['car_age', 'mileage', 'tax', 'mpg', 'engineSize'], 'outlier_remover__mod_outliers_cols': ['car_age', 'mileage', 'tax', 'mpg'], 'outlier_remover__contamination_LOF': 0.5, 'outlier_remover__contamination_IF': 0.05, 'model': RandomForestRegressor(max_depth=12, max_features='sqrt', min_samples_leaf=4,
                      min_samples_split=10, random_state=42), 'imputer__knn_scaling_method': 'minmax', 'imputer__knn_neighbors': 9, 'imputer__imputation_method': 'iterative', 'encoder__method': 'target'}",-2086.33016455777,-2073.815257326635,-1993.470162262589,-2051.2051947156647,41.14329597086471,93,-1723.0118454321869,-1698.4516509669131,-1661.6631267024547,-1694.3755410338517,25.210808880117916
307,2,8000,0.6035641034444174,0.04523382163402442,0.22152098019917807,0.012708601782156284,kbest,10,rf,6,robust,"['car_age', 'mileage', 'tax', 'mpg']",3,"['car_age', 'mileage', 'engineSize']",z_score,30,"['car_age', 'mileage', 'tax', 'mpg']","['tax', 'mpg']",0.5,0.3,"RandomForestRegressor(max_depth=12, max_features='sqrt', min_samples_leaf=4,
                      min_samples_split=10, random_state=42)",standard,19,knn_modelwise,target,"{'selector__selection_method': 'kbest', 'selector__n_features_to_select': 10, 'selector__model_name': 'rf', 'selector__k': 6, 'scaler__scaler_name': 'robust', 'outlier_remover__z_columns': ['car_age', 'mileage', 'tax', 'mpg'], 'outlier_remover__threshold': 3, 'outlier_remover__sev_outliers_cols': ['car_age', 'mileage', 'engineSize'], 'outlier_remover__outlier_method': 'z_score', 'outlier_remover__n_neighbors': 30, 'outlier_remover__model_columns': ['car_age', 'mileage', 'tax', 'mpg'], 'outlier_remover__mod_outliers_cols': ['tax', 'mpg'], 'outlier_remover__contamination_LOF': 0.5, 'outlier_remover__contamination_IF': 0.3, 'model': RandomForestRegressor(max_depth=12, max_features='sqrt', min_samples_leaf=4,
                      min_samples_split=10, random_state=42), 'imputer__knn_scaling_method': 'standard', 'imputer__knn_neighbors': 19, 'imputer__imputation_method': 'knn_modelwise', 'encoder__method': 'target'}",-2022.7246485380529,-2056.2224949967654,-1999.256604518983,-2026.0679160179336,23.376073915625692,88,-1672.9403524426773,-1682.9019202811598,-1685.5247762740505,-1680.455682999296,5.420946314761807
308,2,8000,2.0251574516296387,0.025477171689046476,0.20465628306070963,0.015286333153836172,model,8,rf,10,standard,"['car_age', 'mileage', 'tax', 'mpg']",3,"['car_age', 'mileage']",Isolation_Forest,100,"['car_age', 'mileage', 'tax', 'mpg']","['tax', 'mpg']",0.5,0.05,"RandomForestRegressor(max_depth=12, max_features='sqrt', min_samples_leaf=4,
                      min_samples_split=10, random_state=42)",standard,18,knn_modelwise,target,"{'selector__selection_method': 'model', 'selector__n_features_to_select': 8, 'selector__model_name': 'rf', 'selector__k': 10, 'scaler__scaler_name': 'standard', 'outlier_remover__z_columns': ['car_age', 'mileage', 'tax', 'mpg'], 'outlier_remover__threshold': 3, 'outlier_remover__sev_outliers_cols': ['car_age', 'mileage'], 'outlier_remover__outlier_method': 'Isolation_Forest', 'outlier_remover__n_neighbors': 100, 'outlier_remover__model_columns': ['car_age', 'mileage', 'tax', 'mpg'], 'outlier_remover__mod_outliers_cols': ['tax', 'mpg'], 'outlier_remover__contamination_LOF': 0.5, 'outlier_remover__contamination_IF': 0.05, 'model': RandomForestRegressor(max_depth=12, max_features='sqrt', min_samples_leaf=4,
                      min_samples_split=10, random_state=42), 'imputer__knn_scaling_method': 'standard', 'imputer__knn_neighbors': 18, 'imputer__imputation_method': 'knn_modelwise', 'encoder__method': 'target'}",-2082.986518025564,-2046.1367407491266,-1984.7655764910778,-2037.9629450885895,40.51293242579371,89,-1661.2029237662712,-1666.284750425809,-1621.0921542284482,-1649.5266094735096,20.212948397202275
309,2,8000,0.48111605644226074,0.020035725226823405,0.029831647872924805,0.0021434424398813464,kbest,10,rf,10,standard,"['car_age', 'mileage', 'tax', 'mpg']",2,"['car_age', 'mileage']",LOF,90,"['car_age', 'mileage', 'tax', 'mpg']","['car_age', 'mileage', 'tax', 'mpg']",0.05,0.5,"RandomForestRegressor(max_depth=12, max_features='sqrt', min_samples_leaf=4,
                      min_samples_split=10, random_state=42)",standard,8,iterative,target,"{'selector__selection_method': 'kbest', 'selector__n_features_to_select': 10, 'selector__model_name': 'rf', 'selector__k': 10, 'scaler__scaler_name': 'standard', 'outlier_remover__z_columns': ['car_age', 'mileage', 'tax', 'mpg'], 'outlier_remover__threshold': 2, 'outlier_remover__sev_outliers_cols': ['car_age', 'mileage'], 'outlier_remover__outlier_method': 'LOF', 'outlier_remover__n_neighbors': 90, 'outlier_remover__model_columns': ['car_age', 'mileage', 'tax', 'mpg'], 'outlier_remover__mod_outliers_cols': ['car_age', 'mileage', 'tax', 'mpg'], 'outlier_remover__contamination_LOF': 0.05, 'outlier_remover__contamination_IF': 0.5, 'model': RandomForestRegressor(max_depth=12, max_features='sqrt', min_samples_leaf=4,
                      min_samples_split=10, random_state=42), 'imputer__knn_scaling_method': 'standard', 'imputer__knn_neighbors': 8, 'imputer__imputation_method': 'iterative', 'encoder__method': 'target'}",-2003.1047291498262,-1993.5715971867046,-1919.4142089307002,-1972.0301784224102,37.408112626550256,72,-1571.6927328654554,-1585.0425398446282,-1568.7272727182844,-1575.1541818094558,7.096158911454882
310,2,8000,2.7953902880350747,0.014607028837716612,0.1907952626546224,0.014350602257231079,rfe,9,rf,5,standard,"['car_age', 'mileage', 'tax', 'mpg']",2,"['car_age', 'mileage', 'engineSize']",LOF,90,"['tax', 'mpg']","['car_age', 'mileage', 'tax', 'mpg']",0.15,0.3,"RandomForestRegressor(max_depth=12, max_features='sqrt', min_samples_leaf=4,
                      min_samples_split=10, random_state=42)",standard,13,knn_modelwise,target,"{'selector__selection_method': 'rfe', 'selector__n_features_to_select': 9, 'selector__model_name': 'rf', 'selector__k': 5, 'scaler__scaler_name': 'standard', 'outlier_remover__z_columns': ['car_age', 'mileage', 'tax', 'mpg'], 'outlier_remover__threshold': 2, 'outlier_remover__sev_outliers_cols': ['car_age', 'mileage', 'engineSize'], 'outlier_remover__outlier_method': 'LOF', 'outlier_remover__n_neighbors': 90, 'outlier_remover__model_columns': ['tax', 'mpg'], 'outlier_remover__mod_outliers_cols': ['car_age', 'mileage', 'tax', 'mpg'], 'outlier_remover__contamination_LOF': 0.15, 'outlier_remover__contamination_IF': 0.3, 'model': RandomForestRegressor(max_depth=12, max_features='sqrt', min_samples_leaf=4,
                      min_samples_split=10, random_state=42), 'imputer__knn_scaling_method': 'standard', 'imputer__knn_neighbors': 13, 'imputer__imputation_method': 'knn_modelwise', 'encoder__method': 'target'}",-2038.2768018792394,-2025.5892548240297,-1962.6121572198977,-2008.8260713077223,33.086128554195895,85,-1656.3862547992392,-1637.3929861339573,-1648.6012628744245,-1647.4601679358736,7.795838073056872
311,2,8000,5.54369576772054,0.03936449013320038,0.02540866533915202,0.0002135290365236096,rfe,6,rf,6,minmax,"['car_age', 'mileage', 'tax', 'mpg']",2,"['car_age', 'mileage']",z_score,90,"['tax', 'mpg']","['car_age', 'mileage', 'tax', 'mpg']",0.5,0.3,"RandomForestRegressor(max_depth=12, max_features='sqrt', min_samples_leaf=4,
                      min_samples_split=10, random_state=42)",minmax,13,simple,target,"{'selector__selection_method': 'rfe', 'selector__n_features_to_select': 6, 'selector__model_name': 'rf', 'selector__k': 6, 'scaler__scaler_name': 'minmax', 'outlier_remover__z_columns': ['car_age', 'mileage', 'tax', 'mpg'], 'outlier_remover__threshold': 2, 'outlier_remover__sev_outliers_cols': ['car_age', 'mileage'], 'outlier_remover__outlier_method': 'z_score', 'outlier_remover__n_neighbors': 90, 'outlier_remover__model_columns': ['tax', 'mpg'], 'outlier_remover__mod_outliers_cols': ['car_age', 'mileage', 'tax', 'mpg'], 'outlier_remover__contamination_LOF': 0.5, 'outlier_remover__contamination_IF': 0.3, 'model': RandomForestRegressor(max_depth=12, max_features='sqrt', min_samples_leaf=4,
                      min_samples_split=10, random_state=42), 'imputer__knn_scaling_method': 'minmax', 'imputer__knn_neighbors': 13, 'imputer__imputation_method': 'simple', 'encoder__method': 'target'}",-2008.0758318825,-2030.406022300512,-1957.3054586921526,-1998.5957709583881,30.586781091495542,83,-1613.1109436019817,-1615.3332338335717,-1584.888427499676,-1604.4442016450766,13.857750425611176
312,2,8000,2.6662988662719727,0.04435722124716898,0.030094226201375324,0.004433271037782097,rfe,9,rf,9,minmax,"['car_age', 'mileage', 'tax', 'mpg']",2,"['car_age', 'mileage']",LOF,100,"['tax', 'mpg']","['tax', 'mpg']",0.05,0.5,"RandomForestRegressor(max_depth=12, max_features='sqrt', min_samples_leaf=4,
                      min_samples_split=10, random_state=42)",standard,12,simple,target,"{'selector__selection_method': 'rfe', 'selector__n_features_to_select': 9, 'selector__model_name': 'rf', 'selector__k': 9, 'scaler__scaler_name': 'minmax', 'outlier_remover__z_columns': ['car_age', 'mileage', 'tax', 'mpg'], 'outlier_remover__threshold': 2, 'outlier_remover__sev_outliers_cols': ['car_age', 'mileage'], 'outlier_remover__outlier_method': 'LOF', 'outlier_remover__n_neighbors': 100, 'outlier_remover__model_columns': ['tax', 'mpg'], 'outlier_remover__mod_outliers_cols': ['tax', 'mpg'], 'outlier_remover__contamination_LOF': 0.05, 'outlier_remover__contamination_IF': 0.5, 'model': RandomForestRegressor(max_depth=12, max_features='sqrt', min_samples_leaf=4,
                      min_samples_split=10, random_state=42), 'imputer__knn_scaling_method': 'standard', 'imputer__knn_neighbors': 12, 'imputer__imputation_method': 'simple', 'encoder__method': 'target'}",-2006.558524503734,-1998.7211488945443,-1923.8800332394644,-1976.3865688792475,37.265339819361564,78,-1595.240224548144,-1568.0359395954238,-1530.3029261802717,-1564.5263634412797,26.626440786253777
313,2,8000,1.916340668996175,0.007806027511460491,0.20043063163757324,0.030128853036830328,model,9,rf,9,minmax,"['car_age', 'mileage', 'tax', 'mpg']",3,"['car_age', 'mileage', 'engineSize']",LOF,100,"['car_age', 'mileage', 'tax', 'mpg', 'engineSize']","['car_age', 'mileage', 'tax', 'mpg']",0.05,0.3,"RandomForestRegressor(max_depth=12, max_features='sqrt', min_samples_leaf=4,
                      min_samples_split=10, random_state=42)",robust,16,knn_modelwise,target,"{'selector__selection_method': 'model', 'selector__n_features_to_select': 9, 'selector__model_name': 'rf', 'selector__k': 9, 'scaler__scaler_name': 'minmax', 'outlier_remover__z_columns': ['car_age', 'mileage', 'tax', 'mpg'], 'outlier_remover__threshold': 3, 'outlier_remover__sev_outliers_cols': ['car_age', 'mileage', 'engineSize'], 'outlier_remover__outlier_method': 'LOF', 'outlier_remover__n_neighbors': 100, 'outlier_remover__model_columns': ['car_age', 'mileage', 'tax', 'mpg', 'engineSize'], 'outlier_remover__mod_outliers_cols': ['car_age', 'mileage', 'tax', 'mpg'], 'outlier_remover__contamination_LOF': 0.05, 'outlier_remover__contamination_IF': 0.3, 'model': RandomForestRegressor(max_depth=12, max_features='sqrt', min_samples_leaf=4,
                      min_samples_split=10, random_state=42), 'imputer__knn_scaling_method': 'robust', 'imputer__knn_neighbors': 16, 'imputer__imputation_method': 'knn_modelwise', 'encoder__method': 'target'}",-1983.687774234951,-1989.9553145249392,-1917.6394866794953,-1963.7608584797952,32.71295582158823,67,-1559.241196488913,-1578.5703354248665,-1560.7370729936326,-1566.1828683024708,8.78052458230413
314,2,8000,5.6182295481363935,0.046916057677761296,0.025251309076944988,0.00015478420281039268,rfe,6,rf,7,standard,"['car_age', 'mileage', 'tax', 'mpg']",2,"['car_age', 'mileage']",IQR,100,"['car_age', 'mileage', 'tax', 'mpg', 'engineSize']","['tax', 'mpg']",0.15,0.3,"RandomForestRegressor(max_depth=12, max_features='sqrt', min_samples_leaf=4,
                      min_samples_split=10, random_state=42)",robust,15,simple,target,"{'selector__selection_method': 'rfe', 'selector__n_features_to_select': 6, 'selector__model_name': 'rf', 'selector__k': 7, 'scaler__scaler_name': 'standard', 'outlier_remover__z_columns': ['car_age', 'mileage', 'tax', 'mpg'], 'outlier_remover__threshold': 2, 'outlier_remover__sev_outliers_cols': ['car_age', 'mileage'], 'outlier_remover__outlier_method': 'IQR', 'outlier_remover__n_neighbors': 100, 'outlier_remover__model_columns': ['car_age', 'mileage', 'tax', 'mpg', 'engineSize'], 'outlier_remover__mod_outliers_cols': ['tax', 'mpg'], 'outlier_remover__contamination_LOF': 0.15, 'outlier_remover__contamination_IF': 0.3, 'model': RandomForestRegressor(max_depth=12, max_features='sqrt', min_samples_leaf=4,
                      min_samples_split=10, random_state=42), 'imputer__knn_scaling_method': 'robust', 'imputer__knn_neighbors': 15, 'imputer__imputation_method': 'simple', 'encoder__method': 'target'}",-2014.0548898663144,-2035.3182653424885,-1964.7062618453838,-2004.6931390180623,29.577531378591488,84,-1619.515186345272,-1613.5819505990444,-1590.2536641267316,-1607.7836003570162,12.629986006417614
315,2,8000,1.289182980855306,0.011232339793845079,0.02504889170328776,0.00029078077879898725,model,6,rf,10,standard,"['car_age', 'mileage', 'tax', 'mpg']",2,"['car_age', 'mileage']",LOF,30,"['tax', 'mpg']","['tax', 'mpg']",0.15,0.05,"RandomForestRegressor(max_depth=12, max_features='sqrt', min_samples_leaf=4,
                      min_samples_split=10, random_state=42)",standard,19,simple,target,"{'selector__selection_method': 'model', 'selector__n_features_to_select': 6, 'selector__model_name': 'rf', 'selector__k': 10, 'scaler__scaler_name': 'standard', 'outlier_remover__z_columns': ['car_age', 'mileage', 'tax', 'mpg'], 'outlier_remover__threshold': 2, 'outlier_remover__sev_outliers_cols': ['car_age', 'mileage'], 'outlier_remover__outlier_method': 'LOF', 'outlier_remover__n_neighbors': 30, 'outlier_remover__model_columns': ['tax', 'mpg'], 'outlier_remover__mod_outliers_cols': ['tax', 'mpg'], 'outlier_remover__contamination_LOF': 0.15, 'outlier_remover__contamination_IF': 0.05, 'model': RandomForestRegressor(max_depth=12, max_features='sqrt', min_samples_leaf=4,
                      min_samples_split=10, random_state=42), 'imputer__knn_scaling_method': 'standard', 'imputer__knn_neighbors': 19, 'imputer__imputation_method': 'simple', 'encoder__method': 'target'}",-2059.713556313289,-2042.7232704514922,-1970.1598987996376,-2024.1989085214727,38.83579433292475,86,-1679.5932126708549,-1637.639833083595,-1627.8643500600995,-1648.36579860485,22.438858542313923
316,2,8000,5.793553352355957,0.011402781015092239,0.027800321578979492,0.0003384840807210001,rfe,6,rf,7,robust,"['car_age', 'mileage', 'tax', 'mpg']",3,"['car_age', 'mileage', 'engineSize']",IQR,100,"['car_age', 'mileage', 'tax', 'mpg']","['tax', 'mpg']",0.5,0.05,"RandomForestRegressor(max_depth=12, max_features='sqrt', min_samples_leaf=4,
                      min_samples_split=10, random_state=42)",minmax,9,iterative,target,"{'selector__selection_method': 'rfe', 'selector__n_features_to_select': 6, 'selector__model_name': 'rf', 'selector__k': 7, 'scaler__scaler_name': 'robust', 'outlier_remover__z_columns': ['car_age', 'mileage', 'tax', 'mpg'], 'outlier_remover__threshold': 3, 'outlier_remover__sev_outliers_cols': ['car_age', 'mileage', 'engineSize'], 'outlier_remover__outlier_method': 'IQR', 'outlier_remover__n_neighbors': 100, 'outlier_remover__model_columns': ['car_age', 'mileage', 'tax', 'mpg'], 'outlier_remover__mod_outliers_cols': ['tax', 'mpg'], 'outlier_remover__contamination_LOF': 0.5, 'outlier_remover__contamination_IF': 0.05, 'model': RandomForestRegressor(max_depth=12, max_features='sqrt', min_samples_leaf=4,
                      min_samples_split=10, random_state=42), 'imputer__knn_scaling_method': 'minmax', 'imputer__knn_neighbors': 9, 'imputer__imputation_method': 'iterative', 'encoder__method': 'target'}",-2003.9861808112619,-2022.1521958635926,-1926.2053943957287,-1984.114590356861,41.61415831476108,82,-1574.1421223243321,-1579.8831327993782,-1568.8581854960544,-1574.2944802065883,4.502205048897799
317,2,8000,6.089054266611735,0.13519598738879282,0.20367813110351562,0.015024430683659815,rfe,6,rf,10,robust,"['car_age', 'mileage', 'tax', 'mpg']",2,"['car_age', 'mileage']",z_score,100,"['car_age', 'mileage', 'tax', 'mpg']","['car_age', 'mileage', 'tax', 'mpg']",0.3,0.15,"RandomForestRegressor(max_depth=12, max_features='sqrt', min_samples_leaf=4,
                      min_samples_split=10, random_state=42)",robust,17,knn_modelwise,target,"{'selector__selection_method': 'rfe', 'selector__n_features_to_select': 6, 'selector__model_name': 'rf', 'selector__k': 10, 'scaler__scaler_name': 'robust', 'outlier_remover__z_columns': ['car_age', 'mileage', 'tax', 'mpg'], 'outlier_remover__threshold': 2, 'outlier_remover__sev_outliers_cols': ['car_age', 'mileage'], 'outlier_remover__outlier_method': 'z_score', 'outlier_remover__n_neighbors': 100, 'outlier_remover__model_columns': ['car_age', 'mileage', 'tax', 'mpg'], 'outlier_remover__mod_outliers_cols': ['car_age', 'mileage', 'tax', 'mpg'], 'outlier_remover__contamination_LOF': 0.3, 'outlier_remover__contamination_IF': 0.15, 'model': RandomForestRegressor(max_depth=12, max_features='sqrt', min_samples_leaf=4,
                      min_samples_split=10, random_state=42), 'imputer__knn_scaling_method': 'robust', 'imputer__knn_neighbors': 17, 'imputer__imputation_method': 'knn_modelwise', 'encoder__method': 'target'}",-1988.1959242939943,-2014.1196415559057,-1928.3152962340466,-1976.876954027982,35.93221150017867,80,-1586.961973983526,-1578.2330954421675,-1566.2610871458364,-1577.1520521905102,8.485602310214334
318,2,8000,1.705363432566325,0.034784168692839706,0.18317365646362305,0.006574397666389456,model,8,rf,10,robust,"['car_age', 'mileage', 'tax', 'mpg']",3,"['car_age', 'mileage']",LOF,30,"['car_age', 'mileage', 'tax', 'mpg', 'engineSize']","['tax', 'mpg']",0.15,0.3,"RandomForestRegressor(max_depth=12, max_features='sqrt', min_samples_leaf=4,
                      min_samples_split=10, random_state=42)",standard,11,knn_modelwise,target,"{'selector__selection_method': 'model', 'selector__n_features_to_select': 8, 'selector__model_name': 'rf', 'selector__k': 10, 'scaler__scaler_name': 'robust', 'outlier_remover__z_columns': ['car_age', 'mileage', 'tax', 'mpg'], 'outlier_remover__threshold': 3, 'outlier_remover__sev_outliers_cols': ['car_age', 'mileage'], 'outlier_remover__outlier_method': 'LOF', 'outlier_remover__n_neighbors': 30, 'outlier_remover__model_columns': ['car_age', 'mileage', 'tax', 'mpg', 'engineSize'], 'outlier_remover__mod_outliers_cols': ['tax', 'mpg'], 'outlier_remover__contamination_LOF': 0.15, 'outlier_remover__contamination_IF': 0.3, 'model': RandomForestRegressor(max_depth=12, max_features='sqrt', min_samples_leaf=4,
                      min_samples_split=10, random_state=42), 'imputer__knn_scaling_method': 'standard', 'imputer__knn_neighbors': 11, 'imputer__imputation_method': 'knn_modelwise', 'encoder__method': 'target'}",-1975.8677254273193,-1991.3697509206368,-1955.674281154201,-1974.3039191673859,14.614507814168485,74,-1607.7717923394039,-1631.0531593972785,-1621.5065247939385,-1620.1104921768735,9.555703125073318
319,2,8000,3.1129005750020347,0.027656470879841005,0.18605542182922363,0.0251094072234601,rfe,9,rf,8,robust,"['car_age', 'mileage', 'tax', 'mpg']",3,"['car_age', 'mileage', 'engineSize']",LOF,70,"['car_age', 'mileage', 'tax', 'mpg', 'engineSize']","['tax', 'mpg']",0.05,0.5,"RandomForestRegressor(max_depth=12, max_features='sqrt', min_samples_leaf=4,
                      min_samples_split=10, random_state=42)",standard,18,knn_modelwise,target,"{'selector__selection_method': 'rfe', 'selector__n_features_to_select': 9, 'selector__model_name': 'rf', 'selector__k': 8, 'scaler__scaler_name': 'robust', 'outlier_remover__z_columns': ['car_age', 'mileage', 'tax', 'mpg'], 'outlier_remover__threshold': 3, 'outlier_remover__sev_outliers_cols': ['car_age', 'mileage', 'engineSize'], 'outlier_remover__outlier_method': 'LOF', 'outlier_remover__n_neighbors': 70, 'outlier_remover__model_columns': ['car_age', 'mileage', 'tax', 'mpg', 'engineSize'], 'outlier_remover__mod_outliers_cols': ['tax', 'mpg'], 'outlier_remover__contamination_LOF': 0.05, 'outlier_remover__contamination_IF': 0.5, 'model': RandomForestRegressor(max_depth=12, max_features='sqrt', min_samples_leaf=4,
                      min_samples_split=10, random_state=42), 'imputer__knn_scaling_method': 'standard', 'imputer__knn_neighbors': 18, 'imputer__imputation_method': 'knn_modelwise', 'encoder__method': 'target'}",-1981.658349226397,-1999.36342328303,-1944.241724201287,-1975.0878322369047,22.97794881397466,75,-1544.7200703949666,-1598.792761929883,-1565.522250748024,-1569.678361024291,22.269844063649938
320,2,8000,1.49338165918986,0.05215448304011159,0.02769629160563151,0.0022450796733146892,model,5,rf,7,minmax,"['car_age', 'mileage', 'tax', 'mpg']",3,"['car_age', 'mileage']",IQR,70,"['car_age', 'mileage', 'tax', 'mpg']","['car_age', 'mileage', 'tax', 'mpg']",0.05,0.5,"RandomForestRegressor(max_depth=12, max_features='sqrt', min_samples_leaf=4,
                      min_samples_split=10, random_state=42)",standard,15,simple,target,"{'selector__selection_method': 'model', 'selector__n_features_to_select': 5, 'selector__model_name': 'rf', 'selector__k': 7, 'scaler__scaler_name': 'minmax', 'outlier_remover__z_columns': ['car_age', 'mileage', 'tax', 'mpg'], 'outlier_remover__threshold': 3, 'outlier_remover__sev_outliers_cols': ['car_age', 'mileage'], 'outlier_remover__outlier_method': 'IQR', 'outlier_remover__n_neighbors': 70, 'outlier_remover__model_columns': ['car_age', 'mileage', 'tax', 'mpg'], 'outlier_remover__mod_outliers_cols': ['car_age', 'mileage', 'tax', 'mpg'], 'outlier_remover__contamination_LOF': 0.05, 'outlier_remover__contamination_IF': 0.5, 'model': RandomForestRegressor(max_depth=12, max_features='sqrt', min_samples_leaf=4,
                      min_samples_split=10, random_state=42), 'imputer__knn_scaling_method': 'standard', 'imputer__knn_neighbors': 15, 'imputer__imputation_method': 'simple', 'encoder__method': 'target'}",-1985.2671243020156,-1998.4233048772992,-1930.0866331474717,-1971.2590207755954,29.604564952978986,71,-1581.9593745317302,-1589.3713938783978,-1568.918012615244,-1580.0829270084575,8.454820824227307
321,2,8000,0.3090834617614746,0.009510199110044634,0.028607606887817383,0.0020972347800661574,kbest,5,rf,7,minmax,"['car_age', 'mileage', 'tax', 'mpg']",2,"['car_age', 'mileage', 'engineSize']",IQR,90,"['tax', 'mpg']","['tax', 'mpg']",0.3,0.05,"RandomForestRegressor(max_depth=12, max_features='sqrt', min_samples_leaf=4,
                      min_samples_split=10, random_state=42)",robust,12,simple,target,"{'selector__selection_method': 'kbest', 'selector__n_features_to_select': 5, 'selector__model_name': 'rf', 'selector__k': 7, 'scaler__scaler_name': 'minmax', 'outlier_remover__z_columns': ['car_age', 'mileage', 'tax', 'mpg'], 'outlier_remover__threshold': 2, 'outlier_remover__sev_outliers_cols': ['car_age', 'mileage', 'engineSize'], 'outlier_remover__outlier_method': 'IQR', 'outlier_remover__n_neighbors': 90, 'outlier_remover__model_columns': ['tax', 'mpg'], 'outlier_remover__mod_outliers_cols': ['tax', 'mpg'], 'outlier_remover__contamination_LOF': 0.3, 'outlier_remover__contamination_IF': 0.05, 'model': RandomForestRegressor(max_depth=12, max_features='sqrt', min_samples_leaf=4,
                      min_samples_split=10, random_state=42), 'imputer__knn_scaling_method': 'robust', 'imputer__knn_neighbors': 12, 'imputer__imputation_method': 'simple', 'encoder__method': 'target'}",-1990.6857703274814,-2009.4094301195469,-1931.4159321418822,-1977.1703775296367,33.24400510927263,81,-1590.0800394225123,-1589.8060585495982,-1560.091117999989,-1579.9924053240331,14.072779735960802
322,2,8000,0.32491906483968097,0.007420985692183954,0.02897930145263672,0.0018019373161780527,kbest,6,rf,7,minmax,"['car_age', 'mileage', 'tax', 'mpg']",3,"['car_age', 'mileage']",IQR,70,"['car_age', 'mileage', 'tax', 'mpg']","['tax', 'mpg']",0.05,0.3,"RandomForestRegressor(max_depth=12, max_features='sqrt', min_samples_leaf=4,
                      min_samples_split=10, random_state=42)",robust,15,simple,target,"{'selector__selection_method': 'kbest', 'selector__n_features_to_select': 6, 'selector__model_name': 'rf', 'selector__k': 7, 'scaler__scaler_name': 'minmax', 'outlier_remover__z_columns': ['car_age', 'mileage', 'tax', 'mpg'], 'outlier_remover__threshold': 3, 'outlier_remover__sev_outliers_cols': ['car_age', 'mileage'], 'outlier_remover__outlier_method': 'IQR', 'outlier_remover__n_neighbors': 70, 'outlier_remover__model_columns': ['car_age', 'mileage', 'tax', 'mpg'], 'outlier_remover__mod_outliers_cols': ['tax', 'mpg'], 'outlier_remover__contamination_LOF': 0.05, 'outlier_remover__contamination_IF': 0.3, 'model': RandomForestRegressor(max_depth=12, max_features='sqrt', min_samples_leaf=4,
                      min_samples_split=10, random_state=42), 'imputer__knn_scaling_method': 'robust', 'imputer__knn_neighbors': 15, 'imputer__imputation_method': 'simple', 'encoder__method': 'target'}",-1988.8809497198488,-2009.0686835595711,-1931.3524100005156,-1976.434014426645,32.9256682303375,79,-1590.077209626311,-1589.9691361137275,-1560.0923240919801,-1580.0462232773395,14.109606408298482
323,2,8000,3.8686370054880777,0.02284447710210056,0.027843316396077473,0.0007764697682410822,rfe,8,rf,6,minmax,"['car_age', 'mileage', 'tax', 'mpg']",2,"['car_age', 'mileage']",z_score,70,"['car_age', 'mileage', 'tax', 'mpg']","['car_age', 'mileage', 'tax', 'mpg']",0.05,0.3,"RandomForestRegressor(max_depth=12, max_features='sqrt', min_samples_leaf=4,
                      min_samples_split=10, random_state=42)",minmax,8,iterative,target,"{'selector__selection_method': 'rfe', 'selector__n_features_to_select': 8, 'selector__model_name': 'rf', 'selector__k': 6, 'scaler__scaler_name': 'minmax', 'outlier_remover__z_columns': ['car_age', 'mileage', 'tax', 'mpg'], 'outlier_remover__threshold': 2, 'outlier_remover__sev_outliers_cols': ['car_age', 'mileage'], 'outlier_remover__outlier_method': 'z_score', 'outlier_remover__n_neighbors': 70, 'outlier_remover__model_columns': ['car_age', 'mileage', 'tax', 'mpg'], 'outlier_remover__mod_outliers_cols': ['car_age', 'mileage', 'tax', 'mpg'], 'outlier_remover__contamination_LOF': 0.05, 'outlier_remover__contamination_IF': 0.3, 'model': RandomForestRegressor(max_depth=12, max_features='sqrt', min_samples_leaf=4,
                      min_samples_split=10, random_state=42), 'imputer__knn_scaling_method': 'minmax', 'imputer__knn_neighbors': 8, 'imputer__imputation_method': 'iterative', 'encoder__method': 'target'}",-1996.7301216152869,-2008.937814993324,-1919.8681150010786,-1975.1786838698965,39.42673556397341,76,-1584.7112503248816,-1597.0302382077398,-1576.8519717670024,-1586.1978200998747,8.304537972710634
324,2,8000,4.696173588434855,0.07212573262103002,0.025985320409138996,9.817217734219957e-05,rfe,7,rf,10,robust,"['car_age', 'mileage', 'tax', 'mpg']",2,"['car_age', 'mileage', 'engineSize']",IQR,50,"['car_age', 'mileage', 'tax', 'mpg', 'engineSize']","['tax', 'mpg']",0.05,0.3,"RandomForestRegressor(max_depth=12, max_features='sqrt', min_samples_leaf=4,
                      min_samples_split=10, random_state=42)",minmax,20,simple,target,"{'selector__selection_method': 'rfe', 'selector__n_features_to_select': 7, 'selector__model_name': 'rf', 'selector__k': 10, 'scaler__scaler_name': 'robust', 'outlier_remover__z_columns': ['car_age', 'mileage', 'tax', 'mpg'], 'outlier_remover__threshold': 2, 'outlier_remover__sev_outliers_cols': ['car_age', 'mileage', 'engineSize'], 'outlier_remover__outlier_method': 'IQR', 'outlier_remover__n_neighbors': 50, 'outlier_remover__model_columns': ['car_age', 'mileage', 'tax', 'mpg', 'engineSize'], 'outlier_remover__mod_outliers_cols': ['tax', 'mpg'], 'outlier_remover__contamination_LOF': 0.05, 'outlier_remover__contamination_IF': 0.3, 'model': RandomForestRegressor(max_depth=12, max_features='sqrt', min_samples_leaf=4,
                      min_samples_split=10, random_state=42), 'imputer__knn_scaling_method': 'minmax', 'imputer__knn_neighbors': 20, 'imputer__imputation_method': 'simple', 'encoder__method': 'target'}",-1988.7962779665424,-2008.9402376862172,-1931.0465613333836,-1976.2610256620476,33.01217570021706,77,-1590.1195617934854,-1589.4427601647128,-1559.7981086016644,-1579.7868101866209,14.136846852593159
325,2,8000,0.3586920102437337,0.029411233799335006,0.027806997299194336,0.0015603816430700967,kbest,8,rf,10,standard,"['car_age', 'mileage', 'tax', 'mpg']",2,"['car_age', 'mileage', 'engineSize']",IQR,70,"['car_age', 'mileage', 'tax', 'mpg']","['car_age', 'mileage', 'tax', 'mpg']",0.3,0.3,"RandomForestRegressor(max_depth=12, max_features='sqrt', min_samples_leaf=4,
                      min_samples_split=10, random_state=42)",robust,19,simple,target,"{'selector__selection_method': 'kbest', 'selector__n_features_to_select': 8, 'selector__model_name': 'rf', 'selector__k': 10, 'scaler__scaler_name': 'standard', 'outlier_remover__z_columns': ['car_age', 'mileage', 'tax', 'mpg'], 'outlier_remover__threshold': 2, 'outlier_remover__sev_outliers_cols': ['car_age', 'mileage', 'engineSize'], 'outlier_remover__outlier_method': 'IQR', 'outlier_remover__n_neighbors': 70, 'outlier_remover__model_columns': ['car_age', 'mileage', 'tax', 'mpg'], 'outlier_remover__mod_outliers_cols': ['car_age', 'mileage', 'tax', 'mpg'], 'outlier_remover__contamination_LOF': 0.3, 'outlier_remover__contamination_IF': 0.3, 'model': RandomForestRegressor(max_depth=12, max_features='sqrt', min_samples_leaf=4,
                      min_samples_split=10, random_state=42), 'imputer__knn_scaling_method': 'robust', 'imputer__knn_neighbors': 19, 'imputer__imputation_method': 'simple', 'encoder__method': 'target'}",-1977.9591038167182,-1979.0216686847261,-1906.2757285928003,-1954.4188336980815,34.04507980025209,61,-1536.2699717606538,-1547.2228328672936,-1518.5882627481747,-1534.0270224587075,11.797111727170389
326,2,8000,1.5005797545115154,0.02007401365010899,0.028218587239583332,0.0037361577217312077,model,6,rf,9,minmax,"['car_age', 'mileage', 'tax', 'mpg']",2,"['car_age', 'mileage']",z_score,70,"['tax', 'mpg']","['car_age', 'mileage', 'tax', 'mpg']",0.15,0.5,"RandomForestRegressor(max_depth=12, max_features='sqrt', min_samples_leaf=4,
                      min_samples_split=10, random_state=42)",standard,18,simple,target,"{'selector__selection_method': 'model', 'selector__n_features_to_select': 6, 'selector__model_name': 'rf', 'selector__k': 9, 'scaler__scaler_name': 'minmax', 'outlier_remover__z_columns': ['car_age', 'mileage', 'tax', 'mpg'], 'outlier_remover__threshold': 2, 'outlier_remover__sev_outliers_cols': ['car_age', 'mileage'], 'outlier_remover__outlier_method': 'z_score', 'outlier_remover__n_neighbors': 70, 'outlier_remover__model_columns': ['tax', 'mpg'], 'outlier_remover__mod_outliers_cols': ['car_age', 'mileage', 'tax', 'mpg'], 'outlier_remover__contamination_LOF': 0.15, 'outlier_remover__contamination_IF': 0.5, 'model': RandomForestRegressor(max_depth=12, max_features='sqrt', min_samples_leaf=4,
                      min_samples_split=10, random_state=42), 'imputer__knn_scaling_method': 'standard', 'imputer__knn_neighbors': 18, 'imputer__imputation_method': 'simple', 'encoder__method': 'target'}",-1977.0264699262975,-1993.7983233653347,-1919.1727209586593,-1963.3325047500973,31.967573626254882,65,-1531.107469343505,-1548.6728541295965,-1520.5772547421366,-1533.4525260717462,11.58922328513755
327,2,8000,5.0102988084157305,0.06377971438101106,0.02910463015238444,0.0022719585179686477,rfe,7,rf,8,minmax,"['car_age', 'mileage', 'tax', 'mpg']",2,"['car_age', 'mileage', 'engineSize']",IQR,70,"['tax', 'mpg']","['car_age', 'mileage', 'tax', 'mpg']",0.05,0.15,"RandomForestRegressor(max_depth=12, max_features='sqrt', min_samples_leaf=4,
                      min_samples_split=10, random_state=42)",minmax,6,iterative,target,"{'selector__selection_method': 'rfe', 'selector__n_features_to_select': 7, 'selector__model_name': 'rf', 'selector__k': 8, 'scaler__scaler_name': 'minmax', 'outlier_remover__z_columns': ['car_age', 'mileage', 'tax', 'mpg'], 'outlier_remover__threshold': 2, 'outlier_remover__sev_outliers_cols': ['car_age', 'mileage', 'engineSize'], 'outlier_remover__outlier_method': 'IQR', 'outlier_remover__n_neighbors': 70, 'outlier_remover__model_columns': ['tax', 'mpg'], 'outlier_remover__mod_outliers_cols': ['car_age', 'mileage', 'tax', 'mpg'], 'outlier_remover__contamination_LOF': 0.05, 'outlier_remover__contamination_IF': 0.15, 'model': RandomForestRegressor(max_depth=12, max_features='sqrt', min_samples_leaf=4,
                      min_samples_split=10, random_state=42), 'imputer__knn_scaling_method': 'minmax', 'imputer__knn_neighbors': 6, 'imputer__imputation_method': 'iterative', 'encoder__method': 'target'}",-1960.896436436124,-1978.8713363777883,-1944.297920712703,-1961.3552311755384,14.118265642950577,64,-1557.174986951729,-1565.0946117562,-1605.354201483759,-1575.874600063896,21.09447461882519
328,2,8000,0.3452419439951579,0.004604057758351881,0.027608076731363933,0.00039231617609206473,kbest,8,rf,8,minmax,"['car_age', 'mileage', 'tax', 'mpg']",3,"['car_age', 'mileage']",IQR,100,"['car_age', 'mileage', 'tax', 'mpg']","['car_age', 'mileage', 'tax', 'mpg']",0.05,0.5,"RandomForestRegressor(max_depth=12, max_features='sqrt', min_samples_leaf=4,
                      min_samples_split=10, random_state=42)",standard,16,iterative,target,"{'selector__selection_method': 'kbest', 'selector__n_features_to_select': 8, 'selector__model_name': 'rf', 'selector__k': 8, 'scaler__scaler_name': 'minmax', 'outlier_remover__z_columns': ['car_age', 'mileage', 'tax', 'mpg'], 'outlier_remover__threshold': 3, 'outlier_remover__sev_outliers_cols': ['car_age', 'mileage'], 'outlier_remover__outlier_method': 'IQR', 'outlier_remover__n_neighbors': 100, 'outlier_remover__model_columns': ['car_age', 'mileage', 'tax', 'mpg'], 'outlier_remover__mod_outliers_cols': ['car_age', 'mileage', 'tax', 'mpg'], 'outlier_remover__contamination_LOF': 0.05, 'outlier_remover__contamination_IF': 0.5, 'model': RandomForestRegressor(max_depth=12, max_features='sqrt', min_samples_leaf=4,
                      min_samples_split=10, random_state=42), 'imputer__knn_scaling_method': 'standard', 'imputer__knn_neighbors': 16, 'imputer__imputation_method': 'iterative', 'encoder__method': 'target'}",-1987.1694551615356,-1998.1088095947352,-1926.2933586311963,-1970.5238744624892,31.592945065636314,69,-1580.7935065720587,-1599.4385848233171,-1573.4767431867358,-1584.5696115273706,10.930036040376066
329,2,8000,1.8808151880900066,0.05679326579410425,0.2098073959350586,0.028008273506470036,model,5,rf,6,standard,"['car_age', 'mileage', 'tax', 'mpg']",3,"['car_age', 'mileage', 'engineSize']",z_score,30,"['car_age', 'mileage', 'tax', 'mpg']","['tax', 'mpg']",0.05,0.5,"RandomForestRegressor(max_depth=12, max_features='sqrt', min_samples_leaf=4,
                      min_samples_split=10, random_state=42)",robust,9,knn_modelwise,target,"{'selector__selection_method': 'model', 'selector__n_features_to_select': 5, 'selector__model_name': 'rf', 'selector__k': 6, 'scaler__scaler_name': 'standard', 'outlier_remover__z_columns': ['car_age', 'mileage', 'tax', 'mpg'], 'outlier_remover__threshold': 3, 'outlier_remover__sev_outliers_cols': ['car_age', 'mileage', 'engineSize'], 'outlier_remover__outlier_method': 'z_score', 'outlier_remover__n_neighbors': 30, 'outlier_remover__model_columns': ['car_age', 'mileage', 'tax', 'mpg'], 'outlier_remover__mod_outliers_cols': ['tax', 'mpg'], 'outlier_remover__contamination_LOF': 0.05, 'outlier_remover__contamination_IF': 0.5, 'model': RandomForestRegressor(max_depth=12, max_features='sqrt', min_samples_leaf=4,
                      min_samples_split=10, random_state=42), 'imputer__knn_scaling_method': 'robust', 'imputer__knn_neighbors': 9, 'imputer__imputation_method': 'knn_modelwise', 'encoder__method': 'target'}",-1971.2398648768365,-2010.1613124221608,-1935.504824123506,-1972.3020004741677,30.487635857749844,73,-1561.4313455786182,-1578.5333890338031,-1562.0868867891743,-1567.3505404671985,7.911995539154119
330,2,8000,0.5902988910675049,0.03711020616545413,0.20371723175048828,0.00683294720348856,kbest,10,rf,8,minmax,"['car_age', 'mileage', 'tax', 'mpg']",2,"['car_age', 'mileage']",IQR,70,"['tax', 'mpg']","['car_age', 'mileage', 'tax', 'mpg']",0.3,0.15,"RandomForestRegressor(max_depth=12, max_features='sqrt', min_samples_leaf=4,
                      min_samples_split=10, random_state=42)",minmax,19,knn_modelwise,target,"{'selector__selection_method': 'kbest', 'selector__n_features_to_select': 10, 'selector__model_name': 'rf', 'selector__k': 8, 'scaler__scaler_name': 'minmax', 'outlier_remover__z_columns': ['car_age', 'mileage', 'tax', 'mpg'], 'outlier_remover__threshold': 2, 'outlier_remover__sev_outliers_cols': ['car_age', 'mileage'], 'outlier_remover__outlier_method': 'IQR', 'outlier_remover__n_neighbors': 70, 'outlier_remover__model_columns': ['tax', 'mpg'], 'outlier_remover__mod_outliers_cols': ['car_age', 'mileage', 'tax', 'mpg'], 'outlier_remover__contamination_LOF': 0.3, 'outlier_remover__contamination_IF': 0.15, 'model': RandomForestRegressor(max_depth=12, max_features='sqrt', min_samples_leaf=4,
                      min_samples_split=10, random_state=42), 'imputer__knn_scaling_method': 'minmax', 'imputer__knn_neighbors': 19, 'imputer__imputation_method': 'knn_modelwise', 'encoder__method': 'target'}",-2002.687167285666,-1989.9490713777768,-1920.016639435441,-1970.8842926996278,36.34284325048336,70,-1589.546826779193,-1595.3036020294019,-1580.4607628014273,-1588.4370638700075,6.110163629714456
331,2,8000,2.7467003663380942,0.015077225410970322,0.029461383819580078,0.0028457222594870145,rfe,9,rf,9,standard,"['car_age', 'mileage', 'tax', 'mpg']",2,"['car_age', 'mileage']",IQR,70,"['car_age', 'mileage', 'tax', 'mpg']","['tax', 'mpg']",0.05,0.05,"RandomForestRegressor(max_depth=12, max_features='sqrt', min_samples_leaf=4,
                      min_samples_split=10, random_state=42)",standard,8,simple,target,"{'selector__selection_method': 'rfe', 'selector__n_features_to_select': 9, 'selector__model_name': 'rf', 'selector__k': 9, 'scaler__scaler_name': 'standard', 'outlier_remover__z_columns': ['car_age', 'mileage', 'tax', 'mpg'], 'outlier_remover__threshold': 2, 'outlier_remover__sev_outliers_cols': ['car_age', 'mileage'], 'outlier_remover__outlier_method': 'IQR', 'outlier_remover__n_neighbors': 70, 'outlier_remover__model_columns': ['car_age', 'mileage', 'tax', 'mpg'], 'outlier_remover__mod_outliers_cols': ['tax', 'mpg'], 'outlier_remover__contamination_LOF': 0.05, 'outlier_remover__contamination_IF': 0.05, 'model': RandomForestRegressor(max_depth=12, max_features='sqrt', min_samples_leaf=4,
                      min_samples_split=10, random_state=42), 'imputer__knn_scaling_method': 'standard', 'imputer__knn_neighbors': 8, 'imputer__imputation_method': 'simple', 'encoder__method': 'target'}",-1965.8506302324815,-2000.365036145059,-1917.2140655032294,-1961.1432439602565,34.10904663777194,63,-1528.8377600534784,-1538.5907318565496,-1519.032110978605,-1528.8202009628778,7.9847831906712585
332,2,8000,5.1150485674540205,0.049261952725860744,0.03162916501363119,0.0023129757467098455,rfe,7,rf,5,standard,"['car_age', 'mileage', 'tax', 'mpg']",2,"['car_age', 'mileage', 'engineSize']",IQR,30,"['car_age', 'mileage', 'tax', 'mpg', 'engineSize']","['tax', 'mpg']",0.3,0.3,"RandomForestRegressor(max_depth=12, max_features='sqrt', min_samples_leaf=4,
                      min_samples_split=10, random_state=42)",robust,15,iterative,target,"{'selector__selection_method': 'rfe', 'selector__n_features_to_select': 7, 'selector__model_name': 'rf', 'selector__k': 5, 'scaler__scaler_name': 'standard', 'outlier_remover__z_columns': ['car_age', 'mileage', 'tax', 'mpg'], 'outlier_remover__threshold': 2, 'outlier_remover__sev_outliers_cols': ['car_age', 'mileage', 'engineSize'], 'outlier_remover__outlier_method': 'IQR', 'outlier_remover__n_neighbors': 30, 'outlier_remover__model_columns': ['car_age', 'mileage', 'tax', 'mpg', 'engineSize'], 'outlier_remover__mod_outliers_cols': ['tax', 'mpg'], 'outlier_remover__contamination_LOF': 0.3, 'outlier_remover__contamination_IF': 0.3, 'model': RandomForestRegressor(max_depth=12, max_features='sqrt', min_samples_leaf=4,
                      min_samples_split=10, random_state=42), 'imputer__knn_scaling_method': 'robust', 'imputer__knn_neighbors': 15, 'imputer__imputation_method': 'iterative', 'encoder__method': 'target'}",-1956.1075659298253,-1974.4117229468582,-1951.437784125353,-1960.6523576673453,9.914360466738476,62,-1560.1494503668384,-1568.3008446023662,-1602.2120905510492,-1576.8874618400848,18.213802852176105
333,2,8000,0.545868714650472,0.008553027730821262,0.1768207550048828,0.005028202365074584,kbest,7,rf,8,robust,"['car_age', 'mileage', 'tax', 'mpg']",3,"['car_age', 'mileage', 'engineSize']",IQR,70,"['car_age', 'mileage', 'tax', 'mpg', 'engineSize']","['car_age', 'mileage', 'tax', 'mpg']",0.5,0.3,"RandomForestRegressor(max_depth=12, max_features='sqrt', min_samples_leaf=4,
                      min_samples_split=10, random_state=42)",standard,17,knn_modelwise,target,"{'selector__selection_method': 'kbest', 'selector__n_features_to_select': 7, 'selector__model_name': 'rf', 'selector__k': 8, 'scaler__scaler_name': 'robust', 'outlier_remover__z_columns': ['car_age', 'mileage', 'tax', 'mpg'], 'outlier_remover__threshold': 3, 'outlier_remover__sev_outliers_cols': ['car_age', 'mileage', 'engineSize'], 'outlier_remover__outlier_method': 'IQR', 'outlier_remover__n_neighbors': 70, 'outlier_remover__model_columns': ['car_age', 'mileage', 'tax', 'mpg', 'engineSize'], 'outlier_remover__mod_outliers_cols': ['car_age', 'mileage', 'tax', 'mpg'], 'outlier_remover__contamination_LOF': 0.5, 'outlier_remover__contamination_IF': 0.3, 'model': RandomForestRegressor(max_depth=12, max_features='sqrt', min_samples_leaf=4,
                      min_samples_split=10, random_state=42), 'imputer__knn_scaling_method': 'standard', 'imputer__knn_neighbors': 17, 'imputer__imputation_method': 'knn_modelwise', 'encoder__method': 'target'}",-1984.0347042431317,-1989.409512724878,-1924.2328071913018,-1965.892341386437,29.539349277086874,68,-1577.3972226310352,-1588.1407852254476,-1574.1392850543973,-1579.8924309702934,5.982198606544158
334,2,8000,4.191157102584839,0.04925787015350563,0.18726325035095215,0.0017358739633712209,rfe,8,rf,6,standard,"['car_age', 'mileage', 'tax', 'mpg']",3,"['car_age', 'mileage', 'engineSize']",z_score,100,"['car_age', 'mileage', 'tax', 'mpg', 'engineSize']","['tax', 'mpg']",0.15,0.5,"RandomForestRegressor(max_depth=12, max_features='sqrt', min_samples_leaf=4,
                      min_samples_split=10, random_state=42)",minmax,19,knn_modelwise,target,"{'selector__selection_method': 'rfe', 'selector__n_features_to_select': 8, 'selector__model_name': 'rf', 'selector__k': 6, 'scaler__scaler_name': 'standard', 'outlier_remover__z_columns': ['car_age', 'mileage', 'tax', 'mpg'], 'outlier_remover__threshold': 3, 'outlier_remover__sev_outliers_cols': ['car_age', 'mileage', 'engineSize'], 'outlier_remover__outlier_method': 'z_score', 'outlier_remover__n_neighbors': 100, 'outlier_remover__model_columns': ['car_age', 'mileage', 'tax', 'mpg', 'engineSize'], 'outlier_remover__mod_outliers_cols': ['tax', 'mpg'], 'outlier_remover__contamination_LOF': 0.15, 'outlier_remover__contamination_IF': 0.5, 'model': RandomForestRegressor(max_depth=12, max_features='sqrt', min_samples_leaf=4,
                      min_samples_split=10, random_state=42), 'imputer__knn_scaling_method': 'minmax', 'imputer__knn_neighbors': 19, 'imputer__imputation_method': 'knn_modelwise', 'encoder__method': 'target'}",-1974.9583543422718,-2002.354140541053,-1913.3113052325461,-1963.5412667052904,37.23724880212786,66,-1577.3550607842146,-1594.9147900811806,-1573.7997122602367,-1582.0231877085441,9.230571834303884
335,2,8000,1.749101956685384,0.051984235471503014,0.029715299606323242,0.0018857218296393734,model,10,rf,9,standard,"['car_age', 'mileage', 'tax', 'mpg']",3,"['car_age', 'mileage']",z_score,70,"['tax', 'mpg']","['car_age', 'mileage', 'tax', 'mpg']",0.15,0.15,"RandomForestRegressor(max_depth=12, max_features='sqrt', min_samples_leaf=4,
                      min_samples_split=10, random_state=42)",minmax,6,iterative,target,"{'selector__selection_method': 'model', 'selector__n_features_to_select': 10, 'selector__model_name': 'rf', 'selector__k': 9, 'scaler__scaler_name': 'standard', 'outlier_remover__z_columns': ['car_age', 'mileage', 'tax', 'mpg'], 'outlier_remover__threshold': 3, 'outlier_remover__sev_outliers_cols': ['car_age', 'mileage'], 'outlier_remover__outlier_method': 'z_score', 'outlier_remover__n_neighbors': 70, 'outlier_remover__model_columns': ['tax', 'mpg'], 'outlier_remover__mod_outliers_cols': ['car_age', 'mileage', 'tax', 'mpg'], 'outlier_remover__contamination_LOF': 0.15, 'outlier_remover__contamination_IF': 0.15, 'model': RandomForestRegressor(max_depth=12, max_features='sqrt', min_samples_leaf=4,
                      min_samples_split=10, random_state=42), 'imputer__knn_scaling_method': 'minmax', 'imputer__knn_neighbors': 6, 'imputer__imputation_method': 'iterative', 'encoder__method': 'target'}",-1956.3409112354996,-1961.6407149721483,-1899.7948816485846,-1939.2588359520776,27.98898291426922,57,-1506.9454567583023,-1522.8729341785406,-1481.1772148750933,-1503.665201937312,17.179509225158103
336,2,8000,0.35032351811726886,0.008465303280725882,0.025736252466837566,0.0002758260363842177,kbest,9,rf,9,standard,"['car_age', 'mileage', 'tax', 'mpg']",2,"['car_age', 'mileage', 'engineSize']",z_score,70,"['car_age', 'mileage', 'tax', 'mpg', 'engineSize']","['tax', 'mpg']",0.15,0.5,"RandomForestRegressor(max_depth=12, max_features='sqrt', min_samples_leaf=4,
                      min_samples_split=10, random_state=42)",minmax,15,simple,target,"{'selector__selection_method': 'kbest', 'selector__n_features_to_select': 9, 'selector__model_name': 'rf', 'selector__k': 9, 'scaler__scaler_name': 'standard', 'outlier_remover__z_columns': ['car_age', 'mileage', 'tax', 'mpg'], 'outlier_remover__threshold': 2, 'outlier_remover__sev_outliers_cols': ['car_age', 'mileage', 'engineSize'], 'outlier_remover__outlier_method': 'z_score', 'outlier_remover__n_neighbors': 70, 'outlier_remover__model_columns': ['car_age', 'mileage', 'tax', 'mpg', 'engineSize'], 'outlier_remover__mod_outliers_cols': ['tax', 'mpg'], 'outlier_remover__contamination_LOF': 0.15, 'outlier_remover__contamination_IF': 0.5, 'model': RandomForestRegressor(max_depth=12, max_features='sqrt', min_samples_leaf=4,
                      min_samples_split=10, random_state=42), 'imputer__knn_scaling_method': 'minmax', 'imputer__knn_neighbors': 15, 'imputer__imputation_method': 'simple', 'encoder__method': 'target'}",-1965.3649193562744,-1979.6847320057802,-1901.5036323883648,-1948.8510945834732,33.98628047528537,60,-1533.9627034432278,-1538.697070773611,-1516.510595799703,-1529.7234566721806,9.540731202982183
337,2,8000,1.6782437960306804,0.021229200689376945,0.02823980649312337,0.0003418990221272073,model,9,rf,10,minmax,"['car_age', 'mileage', 'tax', 'mpg']",2,"['car_age', 'mileage', 'engineSize']",IQR,30,"['car_age', 'mileage', 'tax', 'mpg', 'engineSize']","['car_age', 'mileage', 'tax', 'mpg']",0.3,0.15,"RandomForestRegressor(max_depth=12, max_features='sqrt', min_samples_leaf=4,
                      min_samples_split=10, random_state=42)",standard,12,iterative,target,"{'selector__selection_method': 'model', 'selector__n_features_to_select': 9, 'selector__model_name': 'rf', 'selector__k': 10, 'scaler__scaler_name': 'minmax', 'outlier_remover__z_columns': ['car_age', 'mileage', 'tax', 'mpg'], 'outlier_remover__threshold': 2, 'outlier_remover__sev_outliers_cols': ['car_age', 'mileage', 'engineSize'], 'outlier_remover__outlier_method': 'IQR', 'outlier_remover__n_neighbors': 30, 'outlier_remover__model_columns': ['car_age', 'mileage', 'tax', 'mpg', 'engineSize'], 'outlier_remover__mod_outliers_cols': ['car_age', 'mileage', 'tax', 'mpg'], 'outlier_remover__contamination_LOF': 0.3, 'outlier_remover__contamination_IF': 0.15, 'model': RandomForestRegressor(max_depth=12, max_features='sqrt', min_samples_leaf=4,
                      min_samples_split=10, random_state=42), 'imputer__knn_scaling_method': 'standard', 'imputer__knn_neighbors': 12, 'imputer__imputation_method': 'iterative', 'encoder__method': 'target'}",-1955.345689192707,-1964.2241969828879,-1896.2936411409116,-1938.6211757721687,30.14876576926804,56,-1516.0272927596197,-1531.7622218633026,-1510.9843874426517,-1519.5913006885246,8.848962846607828
338,2,8000,1.6934171517690022,0.045567877245089594,0.03188927968343099,0.003110667417397579,rfe,10,rf,8,robust,"['car_age', 'mileage', 'tax', 'mpg']",2,"['car_age', 'mileage', 'engineSize']",IQR,50,"['car_age', 'mileage', 'tax', 'mpg', 'engineSize']","['car_age', 'mileage', 'tax', 'mpg']",0.05,0.05,"RandomForestRegressor(max_depth=12, max_features='sqrt', min_samples_leaf=4,
                      min_samples_split=10, random_state=42)",minmax,16,iterative,target,"{'selector__selection_method': 'rfe', 'selector__n_features_to_select': 10, 'selector__model_name': 'rf', 'selector__k': 8, 'scaler__scaler_name': 'robust', 'outlier_remover__z_columns': ['car_age', 'mileage', 'tax', 'mpg'], 'outlier_remover__threshold': 2, 'outlier_remover__sev_outliers_cols': ['car_age', 'mileage', 'engineSize'], 'outlier_remover__outlier_method': 'IQR', 'outlier_remover__n_neighbors': 50, 'outlier_remover__model_columns': ['car_age', 'mileage', 'tax', 'mpg', 'engineSize'], 'outlier_remover__mod_outliers_cols': ['car_age', 'mileage', 'tax', 'mpg'], 'outlier_remover__contamination_LOF': 0.05, 'outlier_remover__contamination_IF': 0.05, 'model': RandomForestRegressor(max_depth=12, max_features='sqrt', min_samples_leaf=4,
                      min_samples_split=10, random_state=42), 'imputer__knn_scaling_method': 'minmax', 'imputer__knn_neighbors': 16, 'imputer__imputation_method': 'iterative', 'encoder__method': 'target'}",-1955.247328699848,-1964.2872289605662,-1896.3241729210686,-1938.6195768604941,30.134209186906055,54,-1515.9860120643282,-1531.594603824474,-1510.8118688377933,-1519.4641615755318,8.833785953122062
339,2,8000,0.41352001825968426,0.009822281629800818,0.027770360310872395,0.0005204637111025532,kbest,6,rf,10,robust,"['car_age', 'mileage', 'tax', 'mpg']",2,"['car_age', 'mileage', 'engineSize']",IQR,90,"['tax', 'mpg']","['car_age', 'mileage', 'tax', 'mpg']",0.05,0.05,"RandomForestRegressor(max_depth=12, max_features='sqrt', min_samples_leaf=4,
                      min_samples_split=10, random_state=42)",minmax,10,iterative,target,"{'selector__selection_method': 'kbest', 'selector__n_features_to_select': 6, 'selector__model_name': 'rf', 'selector__k': 10, 'scaler__scaler_name': 'robust', 'outlier_remover__z_columns': ['car_age', 'mileage', 'tax', 'mpg'], 'outlier_remover__threshold': 2, 'outlier_remover__sev_outliers_cols': ['car_age', 'mileage', 'engineSize'], 'outlier_remover__outlier_method': 'IQR', 'outlier_remover__n_neighbors': 90, 'outlier_remover__model_columns': ['tax', 'mpg'], 'outlier_remover__mod_outliers_cols': ['car_age', 'mileage', 'tax', 'mpg'], 'outlier_remover__contamination_LOF': 0.05, 'outlier_remover__contamination_IF': 0.05, 'model': RandomForestRegressor(max_depth=12, max_features='sqrt', min_samples_leaf=4,
                      min_samples_split=10, random_state=42), 'imputer__knn_scaling_method': 'minmax', 'imputer__knn_neighbors': 10, 'imputer__imputation_method': 'iterative', 'encoder__method': 'target'}",-1955.247328699848,-1964.2872289605662,-1896.3241729210686,-1938.6195768604941,30.134209186906055,54,-1515.9860120643282,-1531.594603824474,-1510.8118688377933,-1519.4641615755318,8.833785953122062
340,2,8000,1.6943743228912354,0.009070191169050562,0.029334465662638348,0.0024870806863821877,model,9,rf,10,robust,"['car_age', 'mileage', 'tax', 'mpg']",2,"['car_age', 'mileage', 'engineSize']",z_score,70,"['tax', 'mpg']","['tax', 'mpg']",0.05,0.15,"RandomForestRegressor(max_depth=12, max_features='sqrt', min_samples_leaf=4,
                      min_samples_split=10, random_state=42)",minmax,6,iterative,target,"{'selector__selection_method': 'model', 'selector__n_features_to_select': 9, 'selector__model_name': 'rf', 'selector__k': 10, 'scaler__scaler_name': 'robust', 'outlier_remover__z_columns': ['car_age', 'mileage', 'tax', 'mpg'], 'outlier_remover__threshold': 2, 'outlier_remover__sev_outliers_cols': ['car_age', 'mileage', 'engineSize'], 'outlier_remover__outlier_method': 'z_score', 'outlier_remover__n_neighbors': 70, 'outlier_remover__model_columns': ['tax', 'mpg'], 'outlier_remover__mod_outliers_cols': ['tax', 'mpg'], 'outlier_remover__contamination_LOF': 0.05, 'outlier_remover__contamination_IF': 0.15, 'model': RandomForestRegressor(max_depth=12, max_features='sqrt', min_samples_leaf=4,
                      min_samples_split=10, random_state=42), 'imputer__knn_scaling_method': 'minmax', 'imputer__knn_neighbors': 6, 'imputer__imputation_method': 'iterative', 'encoder__method': 'target'}",-1951.264039901728,-1965.3658605847063,-1903.194906641328,-1939.9416023759206,26.61396966759837,58,-1518.4940861870004,-1531.3390769178043,-1501.4232164599719,-1517.0854598549256,12.253648377542815
341,2,8000,1.8838329315185547,0.039393948161405706,0.19775676727294922,0.014425694945634917,model,9,rf,9,robust,"['car_age', 'mileage', 'tax', 'mpg']",2,"['car_age', 'mileage']",IQR,50,"['car_age', 'mileage', 'tax', 'mpg']","['car_age', 'mileage', 'tax', 'mpg']",0.15,0.05,"RandomForestRegressor(max_depth=12, max_features='sqrt', min_samples_leaf=4,
                      min_samples_split=10, random_state=42)",standard,6,knn_modelwise,target,"{'selector__selection_method': 'model', 'selector__n_features_to_select': 9, 'selector__model_name': 'rf', 'selector__k': 9, 'scaler__scaler_name': 'robust', 'outlier_remover__z_columns': ['car_age', 'mileage', 'tax', 'mpg'], 'outlier_remover__threshold': 2, 'outlier_remover__sev_outliers_cols': ['car_age', 'mileage'], 'outlier_remover__outlier_method': 'IQR', 'outlier_remover__n_neighbors': 50, 'outlier_remover__model_columns': ['car_age', 'mileage', 'tax', 'mpg'], 'outlier_remover__mod_outliers_cols': ['car_age', 'mileage', 'tax', 'mpg'], 'outlier_remover__contamination_LOF': 0.15, 'outlier_remover__contamination_IF': 0.05, 'model': RandomForestRegressor(max_depth=12, max_features='sqrt', min_samples_leaf=4,
                      min_samples_split=10, random_state=42), 'imputer__knn_scaling_method': 'standard', 'imputer__knn_neighbors': 6, 'imputer__imputation_method': 'knn_modelwise', 'encoder__method': 'target'}",-1960.2065163017849,-1964.6719887817715,-1885.959701286094,-1936.9460687898834,36.09886761419701,51,-1504.1896968059405,-1515.3447591457962,-1492.8828344863964,-1504.139096812711,9.17011214473861
342,2,8000,2.067192633946737,0.09250244583131623,0.20952725410461426,0.028664768103173782,model,8,rf,10,robust,"['car_age', 'mileage', 'tax', 'mpg']",3,"['car_age', 'mileage', 'engineSize']",z_score,100,"['car_age', 'mileage', 'tax', 'mpg']","['tax', 'mpg']",0.5,0.5,"RandomForestRegressor(max_depth=12, max_features='sqrt', min_samples_leaf=4,
                      min_samples_split=10, random_state=42)",robust,13,knn_modelwise,target,"{'selector__selection_method': 'model', 'selector__n_features_to_select': 8, 'selector__model_name': 'rf', 'selector__k': 10, 'scaler__scaler_name': 'robust', 'outlier_remover__z_columns': ['car_age', 'mileage', 'tax', 'mpg'], 'outlier_remover__threshold': 3, 'outlier_remover__sev_outliers_cols': ['car_age', 'mileage', 'engineSize'], 'outlier_remover__outlier_method': 'z_score', 'outlier_remover__n_neighbors': 100, 'outlier_remover__model_columns': ['car_age', 'mileage', 'tax', 'mpg'], 'outlier_remover__mod_outliers_cols': ['tax', 'mpg'], 'outlier_remover__contamination_LOF': 0.5, 'outlier_remover__contamination_IF': 0.5, 'model': RandomForestRegressor(max_depth=12, max_features='sqrt', min_samples_leaf=4,
                      min_samples_split=10, random_state=42), 'imputer__knn_scaling_method': 'robust', 'imputer__knn_neighbors': 13, 'imputer__imputation_method': 'knn_modelwise', 'encoder__method': 'target'}",-1950.1372333173042,-1956.153426079278,-1887.4296471829591,-1931.2401021931803,31.075881537394633,47,-1504.3554949252123,-1511.4240132212508,-1488.3252114995782,-1501.3682398820138,9.663727016154162
343,2,8000,0.4321776231129964,0.006880771902670222,0.03275569279988607,0.00040095065097610756,kbest,5,rf,10,minmax,"['car_age', 'mileage', 'tax', 'mpg']",2,"['car_age', 'mileage', 'engineSize']",IQR,30,"['tax', 'mpg']","['tax', 'mpg']",0.05,0.15,"RandomForestRegressor(max_depth=12, max_features='sqrt', min_samples_leaf=4,
                      min_samples_split=10, random_state=42)",minmax,10,iterative,target,"{'selector__selection_method': 'kbest', 'selector__n_features_to_select': 5, 'selector__model_name': 'rf', 'selector__k': 10, 'scaler__scaler_name': 'minmax', 'outlier_remover__z_columns': ['car_age', 'mileage', 'tax', 'mpg'], 'outlier_remover__threshold': 2, 'outlier_remover__sev_outliers_cols': ['car_age', 'mileage', 'engineSize'], 'outlier_remover__outlier_method': 'IQR', 'outlier_remover__n_neighbors': 30, 'outlier_remover__model_columns': ['tax', 'mpg'], 'outlier_remover__mod_outliers_cols': ['tax', 'mpg'], 'outlier_remover__contamination_LOF': 0.05, 'outlier_remover__contamination_IF': 0.15, 'model': RandomForestRegressor(max_depth=12, max_features='sqrt', min_samples_leaf=4,
                      min_samples_split=10, random_state=42), 'imputer__knn_scaling_method': 'minmax', 'imputer__knn_neighbors': 10, 'imputer__imputation_method': 'iterative', 'encoder__method': 'target'}",-1953.8452233465212,-1958.6940455176834,-1901.8068252597097,-1938.1153647079716,25.750214196667322,53,-1509.2725168880786,-1527.840286467732,-1505.7556729287862,-1514.2894920948656,9.688827550682094
344,2,8000,1.9612823327382405,0.03153294563607538,0.20402797063191733,0.0196619835694165,model,7,rf,10,robust,"['car_age', 'mileage', 'tax', 'mpg']",2,"['car_age', 'mileage', 'engineSize']",z_score,70,"['tax', 'mpg']","['tax', 'mpg']",0.15,0.5,"RandomForestRegressor(max_depth=12, max_features='sqrt', min_samples_leaf=4,
                      min_samples_split=10, random_state=42)",standard,17,knn_modelwise,target,"{'selector__selection_method': 'model', 'selector__n_features_to_select': 7, 'selector__model_name': 'rf', 'selector__k': 10, 'scaler__scaler_name': 'robust', 'outlier_remover__z_columns': ['car_age', 'mileage', 'tax', 'mpg'], 'outlier_remover__threshold': 2, 'outlier_remover__sev_outliers_cols': ['car_age', 'mileage', 'engineSize'], 'outlier_remover__outlier_method': 'z_score', 'outlier_remover__n_neighbors': 70, 'outlier_remover__model_columns': ['tax', 'mpg'], 'outlier_remover__mod_outliers_cols': ['tax', 'mpg'], 'outlier_remover__contamination_LOF': 0.15, 'outlier_remover__contamination_IF': 0.5, 'model': RandomForestRegressor(max_depth=12, max_features='sqrt', min_samples_leaf=4,
                      min_samples_split=10, random_state=42), 'imputer__knn_scaling_method': 'standard', 'imputer__knn_neighbors': 17, 'imputer__imputation_method': 'knn_modelwise', 'encoder__method': 'target'}",-1939.5007450740688,-1965.6279203542358,-1896.0835185087162,-1933.7373946456737,28.68237685563663,49,-1502.9519718224103,-1524.895380540195,-1499.6512792030699,-1509.1662105218918,11.203533223656425
345,2,8000,1.9863017400105794,0.04722746326744115,0.22520923614501953,0.02602721783086296,model,5,rf,7,robust,"['car_age', 'mileage', 'tax', 'mpg']",2,"['car_age', 'mileage']",IQR,70,"['tax', 'mpg']","['tax', 'mpg']",0.5,0.15,"RandomForestRegressor(max_depth=12, max_features='sqrt', min_samples_leaf=4,
                      min_samples_split=10, random_state=42)",minmax,8,knn_modelwise,target,"{'selector__selection_method': 'model', 'selector__n_features_to_select': 5, 'selector__model_name': 'rf', 'selector__k': 7, 'scaler__scaler_name': 'robust', 'outlier_remover__z_columns': ['car_age', 'mileage', 'tax', 'mpg'], 'outlier_remover__threshold': 2, 'outlier_remover__sev_outliers_cols': ['car_age', 'mileage'], 'outlier_remover__outlier_method': 'IQR', 'outlier_remover__n_neighbors': 70, 'outlier_remover__model_columns': ['tax', 'mpg'], 'outlier_remover__mod_outliers_cols': ['tax', 'mpg'], 'outlier_remover__contamination_LOF': 0.5, 'outlier_remover__contamination_IF': 0.15, 'model': RandomForestRegressor(max_depth=12, max_features='sqrt', min_samples_leaf=4,
                      min_samples_split=10, random_state=42), 'imputer__knn_scaling_method': 'minmax', 'imputer__knn_neighbors': 8, 'imputer__imputation_method': 'knn_modelwise', 'encoder__method': 'target'}",-1939.6830694007213,-1963.828730017139,-1899.7457678207209,-1934.419189079527,26.425213187330247,50,-1539.0014513324381,-1555.221130275498,-1533.409779503988,-1542.5441203706414,9.25010391131346
346,2,8000,0.675694465637207,0.016142373515380767,0.21534458796183267,0.013950673878102275,kbest,6,rf,10,robust,"['car_age', 'mileage', 'tax', 'mpg']",3,"['car_age', 'mileage', 'engineSize']",IQR,100,"['car_age', 'mileage', 'tax', 'mpg', 'engineSize']","['tax', 'mpg']",0.15,0.3,"RandomForestRegressor(max_depth=12, max_features='sqrt', min_samples_leaf=4,
                      min_samples_split=10, random_state=42)",minmax,6,knn_modelwise,target,"{'selector__selection_method': 'kbest', 'selector__n_features_to_select': 6, 'selector__model_name': 'rf', 'selector__k': 10, 'scaler__scaler_name': 'robust', 'outlier_remover__z_columns': ['car_age', 'mileage', 'tax', 'mpg'], 'outlier_remover__threshold': 3, 'outlier_remover__sev_outliers_cols': ['car_age', 'mileage', 'engineSize'], 'outlier_remover__outlier_method': 'IQR', 'outlier_remover__n_neighbors': 100, 'outlier_remover__model_columns': ['car_age', 'mileage', 'tax', 'mpg', 'engineSize'], 'outlier_remover__mod_outliers_cols': ['tax', 'mpg'], 'outlier_remover__contamination_LOF': 0.15, 'outlier_remover__contamination_IF': 0.3, 'model': RandomForestRegressor(max_depth=12, max_features='sqrt', min_samples_leaf=4,
                      min_samples_split=10, random_state=42), 'imputer__knn_scaling_method': 'minmax', 'imputer__knn_neighbors': 6, 'imputer__imputation_method': 'knn_modelwise', 'encoder__method': 'target'}",-1951.944167878196,-1963.1418990364975,-1884.294435162298,-1933.1268340256638,34.831017592911245,48,-1496.9167047015035,-1515.2402645219302,-1491.5647604675294,-1501.2405765636543,10.137530072876464
347,2,8000,0.7306430339813232,0.010370987935486131,0.2253577709197998,0.011602776840735032,kbest,10,rf,10,standard,"['car_age', 'mileage', 'tax', 'mpg']",2,"['car_age', 'mileage']",z_score,90,"['tax', 'mpg']","['car_age', 'mileage', 'tax', 'mpg']",0.05,0.5,"RandomForestRegressor(max_depth=12, max_features='sqrt', min_samples_leaf=4,
                      min_samples_split=10, random_state=42)",standard,7,knn_modelwise,target,"{'selector__selection_method': 'kbest', 'selector__n_features_to_select': 10, 'selector__model_name': 'rf', 'selector__k': 10, 'scaler__scaler_name': 'standard', 'outlier_remover__z_columns': ['car_age', 'mileage', 'tax', 'mpg'], 'outlier_remover__threshold': 2, 'outlier_remover__sev_outliers_cols': ['car_age', 'mileage'], 'outlier_remover__outlier_method': 'z_score', 'outlier_remover__n_neighbors': 90, 'outlier_remover__model_columns': ['tax', 'mpg'], 'outlier_remover__mod_outliers_cols': ['car_age', 'mileage', 'tax', 'mpg'], 'outlier_remover__contamination_LOF': 0.05, 'outlier_remover__contamination_IF': 0.5, 'model': RandomForestRegressor(max_depth=12, max_features='sqrt', min_samples_leaf=4,
                      min_samples_split=10, random_state=42), 'imputer__knn_scaling_method': 'standard', 'imputer__knn_neighbors': 7, 'imputer__imputation_method': 'knn_modelwise', 'encoder__method': 'target'}",-1962.9925161924766,-1966.1863605664644,-1883.3926842457454,-1937.5238536682289,38.298718757990805,52,-1510.0814916585946,-1531.8861533486881,-1496.9158890444346,-1512.9611780172393,14.421033054083647
348,2,8000,0.7628856499989828,0.01330008389184329,0.22941366831461588,0.011462902812043058,kbest,5,rf,10,standard,"['car_age', 'mileage', 'tax', 'mpg']",3,"['car_age', 'mileage', 'engineSize']",z_score,100,"['car_age', 'mileage', 'tax', 'mpg', 'engineSize']","['tax', 'mpg']",0.5,0.5,"RandomForestRegressor(max_depth=12, max_features='sqrt', min_samples_leaf=4,
                      min_samples_split=10, random_state=42)",robust,8,knn_modelwise,target,"{'selector__selection_method': 'kbest', 'selector__n_features_to_select': 5, 'selector__model_name': 'rf', 'selector__k': 10, 'scaler__scaler_name': 'standard', 'outlier_remover__z_columns': ['car_age', 'mileage', 'tax', 'mpg'], 'outlier_remover__threshold': 3, 'outlier_remover__sev_outliers_cols': ['car_age', 'mileage', 'engineSize'], 'outlier_remover__outlier_method': 'z_score', 'outlier_remover__n_neighbors': 100, 'outlier_remover__model_columns': ['car_age', 'mileage', 'tax', 'mpg', 'engineSize'], 'outlier_remover__mod_outliers_cols': ['tax', 'mpg'], 'outlier_remover__contamination_LOF': 0.5, 'outlier_remover__contamination_IF': 0.5, 'model': RandomForestRegressor(max_depth=12, max_features='sqrt', min_samples_leaf=4,
                      min_samples_split=10, random_state=42), 'imputer__knn_scaling_method': 'robust', 'imputer__knn_neighbors': 8, 'imputer__imputation_method': 'knn_modelwise', 'encoder__method': 'target'}",-1932.0820795240918,-1953.876644205952,-1888.920970495352,-1924.9598980751318,26.992023367943506,46,-1498.0322100114904,-1519.6119294577322,-1490.5398592656081,-1502.7279995782771,12.324343013067093
349,2,8000,1.9160221417744954,0.0856598058275315,0.1679692268371582,0.010357592273566661,rfe,10,rf,8,robust,"['car_age', 'mileage', 'tax', 'mpg']",3,"['car_age', 'mileage']",z_score,50,"['tax', 'mpg']","['car_age', 'mileage', 'tax', 'mpg']",0.05,0.15,"RandomForestRegressor(max_depth=12, max_features='sqrt', min_samples_leaf=4,
                      min_samples_split=10, random_state=42)",standard,8,knn_modelwise,target,"{'selector__selection_method': 'rfe', 'selector__n_features_to_select': 10, 'selector__model_name': 'rf', 'selector__k': 8, 'scaler__scaler_name': 'robust', 'outlier_remover__z_columns': ['car_age', 'mileage', 'tax', 'mpg'], 'outlier_remover__threshold': 3, 'outlier_remover__sev_outliers_cols': ['car_age', 'mileage'], 'outlier_remover__outlier_method': 'z_score', 'outlier_remover__n_neighbors': 50, 'outlier_remover__model_columns': ['tax', 'mpg'], 'outlier_remover__mod_outliers_cols': ['car_age', 'mileage', 'tax', 'mpg'], 'outlier_remover__contamination_LOF': 0.05, 'outlier_remover__contamination_IF': 0.15, 'model': RandomForestRegressor(max_depth=12, max_features='sqrt', min_samples_leaf=4,
                      min_samples_split=10, random_state=42), 'imputer__knn_scaling_method': 'standard', 'imputer__knn_neighbors': 8, 'imputer__imputation_method': 'knn_modelwise', 'encoder__method': 'target'}",-1961.0653670058919,-1970.2100919388274,-1890.5476414089483,-1940.6077001178892,35.59413441361485,59,-1506.1830224318144,-1520.935144517789,-1492.9975798113996,-1506.7052489203343,11.411439313539933
350,3,16000,0.9458833535512289,0.008382326453765084,0.33988181749979657,0.0229664718568285,kbest,10,rf,8,minmax,"['car_age', 'mileage', 'tax', 'mpg']",2,"['car_age', 'mileage']",IQR,70,"['tax', 'mpg']","['car_age', 'mileage', 'tax', 'mpg']",0.3,0.15,"RandomForestRegressor(max_depth=12, max_features='sqrt', min_samples_leaf=4,
                      min_samples_split=10, random_state=42)",minmax,19,knn_modelwise,target,"{'selector__selection_method': 'kbest', 'selector__n_features_to_select': 10, 'selector__model_name': 'rf', 'selector__k': 8, 'scaler__scaler_name': 'minmax', 'outlier_remover__z_columns': ['car_age', 'mileage', 'tax', 'mpg'], 'outlier_remover__threshold': 2, 'outlier_remover__sev_outliers_cols': ['car_age', 'mileage'], 'outlier_remover__outlier_method': 'IQR', 'outlier_remover__n_neighbors': 70, 'outlier_remover__model_columns': ['tax', 'mpg'], 'outlier_remover__mod_outliers_cols': ['car_age', 'mileage', 'tax', 'mpg'], 'outlier_remover__contamination_LOF': 0.3, 'outlier_remover__contamination_IF': 0.15, 'model': RandomForestRegressor(max_depth=12, max_features='sqrt', min_samples_leaf=4,
                      min_samples_split=10, random_state=42), 'imputer__knn_scaling_method': 'minmax', 'imputer__knn_neighbors': 19, 'imputer__imputation_method': 'knn_modelwise', 'encoder__method': 'target'}",-1764.5194028697456,-1784.7229885649213,-1789.466007167654,-1779.5694662007736,10.81672658640104,42,-1504.517785665353,-1511.5749269915743,-1509.9995578673402,-1508.697423508089,3.024618581102104
351,3,16000,0.7096074422200521,0.01622826818012624,0.05567399660746256,0.00424462903013703,kbest,8,rf,8,minmax,"['car_age', 'mileage', 'tax', 'mpg']",3,"['car_age', 'mileage']",IQR,100,"['car_age', 'mileage', 'tax', 'mpg']","['car_age', 'mileage', 'tax', 'mpg']",0.05,0.5,"RandomForestRegressor(max_depth=12, max_features='sqrt', min_samples_leaf=4,
                      min_samples_split=10, random_state=42)",standard,16,iterative,target,"{'selector__selection_method': 'kbest', 'selector__n_features_to_select': 8, 'selector__model_name': 'rf', 'selector__k': 8, 'scaler__scaler_name': 'minmax', 'outlier_remover__z_columns': ['car_age', 'mileage', 'tax', 'mpg'], 'outlier_remover__threshold': 3, 'outlier_remover__sev_outliers_cols': ['car_age', 'mileage'], 'outlier_remover__outlier_method': 'IQR', 'outlier_remover__n_neighbors': 100, 'outlier_remover__model_columns': ['car_age', 'mileage', 'tax', 'mpg'], 'outlier_remover__mod_outliers_cols': ['car_age', 'mileage', 'tax', 'mpg'], 'outlier_remover__contamination_LOF': 0.05, 'outlier_remover__contamination_IF': 0.5, 'model': RandomForestRegressor(max_depth=12, max_features='sqrt', min_samples_leaf=4,
                      min_samples_split=10, random_state=42), 'imputer__knn_scaling_method': 'standard', 'imputer__knn_neighbors': 16, 'imputer__imputation_method': 'iterative', 'encoder__method': 'target'}",-1764.8633772340247,-1796.7207138893448,-1786.0526465659127,-1782.5455792297607,13.240018017808184,44,-1520.274156074003,-1515.7921728461868,-1518.2030983198636,-1518.0898090800176,1.8315147196615185
352,3,16000,0.9836647510528564,0.020662761094742986,0.310568888982137,0.004692682917305457,kbest,7,rf,8,robust,"['car_age', 'mileage', 'tax', 'mpg']",3,"['car_age', 'mileage', 'engineSize']",IQR,70,"['car_age', 'mileage', 'tax', 'mpg', 'engineSize']","['car_age', 'mileage', 'tax', 'mpg']",0.5,0.3,"RandomForestRegressor(max_depth=12, max_features='sqrt', min_samples_leaf=4,
                      min_samples_split=10, random_state=42)",standard,17,knn_modelwise,target,"{'selector__selection_method': 'kbest', 'selector__n_features_to_select': 7, 'selector__model_name': 'rf', 'selector__k': 8, 'scaler__scaler_name': 'robust', 'outlier_remover__z_columns': ['car_age', 'mileage', 'tax', 'mpg'], 'outlier_remover__threshold': 3, 'outlier_remover__sev_outliers_cols': ['car_age', 'mileage', 'engineSize'], 'outlier_remover__outlier_method': 'IQR', 'outlier_remover__n_neighbors': 70, 'outlier_remover__model_columns': ['car_age', 'mileage', 'tax', 'mpg', 'engineSize'], 'outlier_remover__mod_outliers_cols': ['car_age', 'mileage', 'tax', 'mpg'], 'outlier_remover__contamination_LOF': 0.5, 'outlier_remover__contamination_IF': 0.3, 'model': RandomForestRegressor(max_depth=12, max_features='sqrt', min_samples_leaf=4,
                      min_samples_split=10, random_state=42), 'imputer__knn_scaling_method': 'standard', 'imputer__knn_neighbors': 17, 'imputer__imputation_method': 'knn_modelwise', 'encoder__method': 'target'}",-1763.951536107515,-1785.7240223128208,-1788.0644837861216,-1779.2466807354858,10.857425320025893,41,-1507.0314129989233,-1519.6846543967322,-1516.8770887668736,-1514.5310520541764,5.425498174410562
353,3,16000,3.7043067614237466,0.047814103666723506,0.2830382188161214,0.011791623726644582,model,9,rf,9,minmax,"['car_age', 'mileage', 'tax', 'mpg']",3,"['car_age', 'mileage', 'engineSize']",LOF,100,"['car_age', 'mileage', 'tax', 'mpg', 'engineSize']","['car_age', 'mileage', 'tax', 'mpg']",0.05,0.3,"RandomForestRegressor(max_depth=12, max_features='sqrt', min_samples_leaf=4,
                      min_samples_split=10, random_state=42)",robust,16,knn_modelwise,target,"{'selector__selection_method': 'model', 'selector__n_features_to_select': 9, 'selector__model_name': 'rf', 'selector__k': 9, 'scaler__scaler_name': 'minmax', 'outlier_remover__z_columns': ['car_age', 'mileage', 'tax', 'mpg'], 'outlier_remover__threshold': 3, 'outlier_remover__sev_outliers_cols': ['car_age', 'mileage', 'engineSize'], 'outlier_remover__outlier_method': 'LOF', 'outlier_remover__n_neighbors': 100, 'outlier_remover__model_columns': ['car_age', 'mileage', 'tax', 'mpg', 'engineSize'], 'outlier_remover__mod_outliers_cols': ['car_age', 'mileage', 'tax', 'mpg'], 'outlier_remover__contamination_LOF': 0.05, 'outlier_remover__contamination_IF': 0.3, 'model': RandomForestRegressor(max_depth=12, max_features='sqrt', min_samples_leaf=4,
                      min_samples_split=10, random_state=42), 'imputer__knn_scaling_method': 'robust', 'imputer__knn_neighbors': 16, 'imputer__imputation_method': 'knn_modelwise', 'encoder__method': 'target'}",-1727.6680702506308,-1780.171825299568,-1795.2955021298033,-1767.7117992266674,28.98052878452532,36,-1459.9739207484745,-1482.3815918257947,-1491.5431052840488,-1477.9662059527727,13.260846563374653
354,3,16000,8.246887683868408,0.1308479808774695,0.24410303433736166,0.008141730646197052,rfe,8,rf,6,standard,"['car_age', 'mileage', 'tax', 'mpg']",3,"['car_age', 'mileage', 'engineSize']",z_score,100,"['car_age', 'mileage', 'tax', 'mpg', 'engineSize']","['tax', 'mpg']",0.15,0.5,"RandomForestRegressor(max_depth=12, max_features='sqrt', min_samples_leaf=4,
                      min_samples_split=10, random_state=42)",minmax,19,knn_modelwise,target,"{'selector__selection_method': 'rfe', 'selector__n_features_to_select': 8, 'selector__model_name': 'rf', 'selector__k': 6, 'scaler__scaler_name': 'standard', 'outlier_remover__z_columns': ['car_age', 'mileage', 'tax', 'mpg'], 'outlier_remover__threshold': 3, 'outlier_remover__sev_outliers_cols': ['car_age', 'mileage', 'engineSize'], 'outlier_remover__outlier_method': 'z_score', 'outlier_remover__n_neighbors': 100, 'outlier_remover__model_columns': ['car_age', 'mileage', 'tax', 'mpg', 'engineSize'], 'outlier_remover__mod_outliers_cols': ['tax', 'mpg'], 'outlier_remover__contamination_LOF': 0.15, 'outlier_remover__contamination_IF': 0.5, 'model': RandomForestRegressor(max_depth=12, max_features='sqrt', min_samples_leaf=4,
                      min_samples_split=10, random_state=42), 'imputer__knn_scaling_method': 'minmax', 'imputer__knn_neighbors': 19, 'imputer__imputation_method': 'knn_modelwise', 'encoder__method': 'target'}",-1763.863139210465,-1785.1516946560994,-1783.013804992365,-1777.342879619643,9.571492192188815,39,-1506.8559105743775,-1503.1104633977109,-1509.2097425373618,-1506.3920388364834,2.5115313054997355
355,3,16000,3.0410679976145425,0.03203777230895697,0.04937068621317545,0.0019278801533594242,model,6,rf,9,minmax,"['car_age', 'mileage', 'tax', 'mpg']",2,"['car_age', 'mileage']",z_score,70,"['tax', 'mpg']","['car_age', 'mileage', 'tax', 'mpg']",0.15,0.5,"RandomForestRegressor(max_depth=12, max_features='sqrt', min_samples_leaf=4,
                      min_samples_split=10, random_state=42)",standard,18,simple,target,"{'selector__selection_method': 'model', 'selector__n_features_to_select': 6, 'selector__model_name': 'rf', 'selector__k': 9, 'scaler__scaler_name': 'minmax', 'outlier_remover__z_columns': ['car_age', 'mileage', 'tax', 'mpg'], 'outlier_remover__threshold': 2, 'outlier_remover__sev_outliers_cols': ['car_age', 'mileage'], 'outlier_remover__outlier_method': 'z_score', 'outlier_remover__n_neighbors': 70, 'outlier_remover__model_columns': ['tax', 'mpg'], 'outlier_remover__mod_outliers_cols': ['car_age', 'mileage', 'tax', 'mpg'], 'outlier_remover__contamination_LOF': 0.15, 'outlier_remover__contamination_IF': 0.5, 'model': RandomForestRegressor(max_depth=12, max_features='sqrt', min_samples_leaf=4,
                      min_samples_split=10, random_state=42), 'imputer__knn_scaling_method': 'standard', 'imputer__knn_neighbors': 18, 'imputer__imputation_method': 'simple', 'encoder__method': 'target'}",-1759.7684508542347,-1794.8356334034045,-1795.8726595877354,-1783.4922479484583,16.780599259316514,45,-1469.9922780331262,-1471.7998691959228,-1468.2608898075846,-1470.0176790122114,1.4448939257663167
356,3,16000,9.700544675191244,0.004581169618381393,0.07049473126729329,0.028604599584429857,rfe,7,rf,8,minmax,"['car_age', 'mileage', 'tax', 'mpg']",2,"['car_age', 'mileage', 'engineSize']",IQR,70,"['tax', 'mpg']","['car_age', 'mileage', 'tax', 'mpg']",0.05,0.15,"RandomForestRegressor(max_depth=12, max_features='sqrt', min_samples_leaf=4,
                      min_samples_split=10, random_state=42)",minmax,6,iterative,target,"{'selector__selection_method': 'rfe', 'selector__n_features_to_select': 7, 'selector__model_name': 'rf', 'selector__k': 8, 'scaler__scaler_name': 'minmax', 'outlier_remover__z_columns': ['car_age', 'mileage', 'tax', 'mpg'], 'outlier_remover__threshold': 2, 'outlier_remover__sev_outliers_cols': ['car_age', 'mileage', 'engineSize'], 'outlier_remover__outlier_method': 'IQR', 'outlier_remover__n_neighbors': 70, 'outlier_remover__model_columns': ['tax', 'mpg'], 'outlier_remover__mod_outliers_cols': ['car_age', 'mileage', 'tax', 'mpg'], 'outlier_remover__contamination_LOF': 0.05, 'outlier_remover__contamination_IF': 0.15, 'model': RandomForestRegressor(max_depth=12, max_features='sqrt', min_samples_leaf=4,
                      min_samples_split=10, random_state=42), 'imputer__knn_scaling_method': 'minmax', 'imputer__knn_neighbors': 6, 'imputer__imputation_method': 'iterative', 'encoder__method': 'target'}",-1737.4634114103903,-1776.997663621024,-1830.3279061099613,-1781.596327047125,38.05096908911854,43,-1489.2630695081345,-1483.8508237388805,-1556.3589644920194,-1509.8242859130114,32.97908765571887
357,3,16000,5.381432294845581,0.0901221915887092,0.046415090560913086,0.00045812351765767015,rfe,9,rf,9,standard,"['car_age', 'mileage', 'tax', 'mpg']",2,"['car_age', 'mileage']",IQR,70,"['car_age', 'mileage', 'tax', 'mpg']","['tax', 'mpg']",0.05,0.05,"RandomForestRegressor(max_depth=12, max_features='sqrt', min_samples_leaf=4,
                      min_samples_split=10, random_state=42)",standard,8,simple,target,"{'selector__selection_method': 'rfe', 'selector__n_features_to_select': 9, 'selector__model_name': 'rf', 'selector__k': 9, 'scaler__scaler_name': 'standard', 'outlier_remover__z_columns': ['car_age', 'mileage', 'tax', 'mpg'], 'outlier_remover__threshold': 2, 'outlier_remover__sev_outliers_cols': ['car_age', 'mileage'], 'outlier_remover__outlier_method': 'IQR', 'outlier_remover__n_neighbors': 70, 'outlier_remover__model_columns': ['car_age', 'mileage', 'tax', 'mpg'], 'outlier_remover__mod_outliers_cols': ['tax', 'mpg'], 'outlier_remover__contamination_LOF': 0.05, 'outlier_remover__contamination_IF': 0.05, 'model': RandomForestRegressor(max_depth=12, max_features='sqrt', min_samples_leaf=4,
                      min_samples_split=10, random_state=42), 'imputer__knn_scaling_method': 'standard', 'imputer__knn_neighbors': 8, 'imputer__imputation_method': 'simple', 'encoder__method': 'target'}",-1748.1090750012654,-1796.1432482325554,-1784.9750747446333,-1776.4091326594846,20.52400175985803,38,-1470.7753400769127,-1464.745841928799,-1457.5830429359903,-1464.3680749805674,5.392353033941029
358,3,16000,9.955103635787964,0.04023470260157295,0.050515333811442055,0.0028273926661870883,rfe,7,rf,5,standard,"['car_age', 'mileage', 'tax', 'mpg']",2,"['car_age', 'mileage', 'engineSize']",IQR,30,"['car_age', 'mileage', 'tax', 'mpg', 'engineSize']","['tax', 'mpg']",0.3,0.3,"RandomForestRegressor(max_depth=12, max_features='sqrt', min_samples_leaf=4,
                      min_samples_split=10, random_state=42)",robust,15,iterative,target,"{'selector__selection_method': 'rfe', 'selector__n_features_to_select': 7, 'selector__model_name': 'rf', 'selector__k': 5, 'scaler__scaler_name': 'standard', 'outlier_remover__z_columns': ['car_age', 'mileage', 'tax', 'mpg'], 'outlier_remover__threshold': 2, 'outlier_remover__sev_outliers_cols': ['car_age', 'mileage', 'engineSize'], 'outlier_remover__outlier_method': 'IQR', 'outlier_remover__n_neighbors': 30, 'outlier_remover__model_columns': ['car_age', 'mileage', 'tax', 'mpg', 'engineSize'], 'outlier_remover__mod_outliers_cols': ['tax', 'mpg'], 'outlier_remover__contamination_LOF': 0.3, 'outlier_remover__contamination_IF': 0.3, 'model': RandomForestRegressor(max_depth=12, max_features='sqrt', min_samples_leaf=4,
                      min_samples_split=10, random_state=42), 'imputer__knn_scaling_method': 'robust', 'imputer__knn_neighbors': 15, 'imputer__imputation_method': 'iterative', 'encoder__method': 'target'}",-1726.1556826454923,-1775.5597004925628,-1833.8950823982366,-1778.5368218454305,44.034774163401686,40,-1479.84457023976,-1485.2637576586278,-1554.345519689671,-1506.4846158626863,33.91500635826871
359,3,16000,0.6072593530019125,0.002466111830687597,0.04773235321044922,0.0010724430415915605,kbest,8,rf,10,standard,"['car_age', 'mileage', 'tax', 'mpg']",2,"['car_age', 'mileage', 'engineSize']",IQR,70,"['car_age', 'mileage', 'tax', 'mpg']","['car_age', 'mileage', 'tax', 'mpg']",0.3,0.3,"RandomForestRegressor(max_depth=12, max_features='sqrt', min_samples_leaf=4,
                      min_samples_split=10, random_state=42)",robust,19,simple,target,"{'selector__selection_method': 'kbest', 'selector__n_features_to_select': 8, 'selector__model_name': 'rf', 'selector__k': 10, 'scaler__scaler_name': 'standard', 'outlier_remover__z_columns': ['car_age', 'mileage', 'tax', 'mpg'], 'outlier_remover__threshold': 2, 'outlier_remover__sev_outliers_cols': ['car_age', 'mileage', 'engineSize'], 'outlier_remover__outlier_method': 'IQR', 'outlier_remover__n_neighbors': 70, 'outlier_remover__model_columns': ['car_age', 'mileage', 'tax', 'mpg'], 'outlier_remover__mod_outliers_cols': ['car_age', 'mileage', 'tax', 'mpg'], 'outlier_remover__contamination_LOF': 0.3, 'outlier_remover__contamination_IF': 0.3, 'model': RandomForestRegressor(max_depth=12, max_features='sqrt', min_samples_leaf=4,
                      min_samples_split=10, random_state=42), 'imputer__knn_scaling_method': 'robust', 'imputer__knn_neighbors': 19, 'imputer__imputation_method': 'simple', 'encoder__method': 'target'}",-1739.6857521601676,-1782.1075222511463,-1784.7694949532295,-1768.854256454848,20.653857698716436,37,-1467.776018610196,-1474.1701566795814,-1470.7741340063226,-1470.9067697653666,2.6120802177605507
360,3,16000,0.6166392962137858,0.005927384280057453,0.04679791132609049,0.0004864113898155609,kbest,9,rf,9,standard,"['car_age', 'mileage', 'tax', 'mpg']",2,"['car_age', 'mileage', 'engineSize']",z_score,70,"['car_age', 'mileage', 'tax', 'mpg', 'engineSize']","['tax', 'mpg']",0.15,0.5,"RandomForestRegressor(max_depth=12, max_features='sqrt', min_samples_leaf=4,
                      min_samples_split=10, random_state=42)",minmax,15,simple,target,"{'selector__selection_method': 'kbest', 'selector__n_features_to_select': 9, 'selector__model_name': 'rf', 'selector__k': 9, 'scaler__scaler_name': 'standard', 'outlier_remover__z_columns': ['car_age', 'mileage', 'tax', 'mpg'], 'outlier_remover__threshold': 2, 'outlier_remover__sev_outliers_cols': ['car_age', 'mileage', 'engineSize'], 'outlier_remover__outlier_method': 'z_score', 'outlier_remover__n_neighbors': 70, 'outlier_remover__model_columns': ['car_age', 'mileage', 'tax', 'mpg', 'engineSize'], 'outlier_remover__mod_outliers_cols': ['tax', 'mpg'], 'outlier_remover__contamination_LOF': 0.15, 'outlier_remover__contamination_IF': 0.5, 'model': RandomForestRegressor(max_depth=12, max_features='sqrt', min_samples_leaf=4,
                      min_samples_split=10, random_state=42), 'imputer__knn_scaling_method': 'minmax', 'imputer__knn_neighbors': 15, 'imputer__imputation_method': 'simple', 'encoder__method': 'target'}",-1727.837366861814,-1770.9195441095494,-1768.9099454339223,-1755.888952135095,19.85242552716415,35,-1455.4273661298523,-1466.9953712498627,-1466.9198880746228,-1463.114208484779,5.435505709043115
361,3,16000,3.5377647082010903,0.04466064610016158,0.2583320140838623,0.01660688707986427,rfe,10,rf,8,robust,"['car_age', 'mileage', 'tax', 'mpg']",3,"['car_age', 'mileage']",z_score,50,"['tax', 'mpg']","['car_age', 'mileage', 'tax', 'mpg']",0.05,0.15,"RandomForestRegressor(max_depth=12, max_features='sqrt', min_samples_leaf=4,
                      min_samples_split=10, random_state=42)",standard,8,knn_modelwise,target,"{'selector__selection_method': 'rfe', 'selector__n_features_to_select': 10, 'selector__model_name': 'rf', 'selector__k': 8, 'scaler__scaler_name': 'robust', 'outlier_remover__z_columns': ['car_age', 'mileage', 'tax', 'mpg'], 'outlier_remover__threshold': 3, 'outlier_remover__sev_outliers_cols': ['car_age', 'mileage'], 'outlier_remover__outlier_method': 'z_score', 'outlier_remover__n_neighbors': 50, 'outlier_remover__model_columns': ['tax', 'mpg'], 'outlier_remover__mod_outliers_cols': ['car_age', 'mileage', 'tax', 'mpg'], 'outlier_remover__contamination_LOF': 0.05, 'outlier_remover__contamination_IF': 0.15, 'model': RandomForestRegressor(max_depth=12, max_features='sqrt', min_samples_leaf=4,
                      min_samples_split=10, random_state=42), 'imputer__knn_scaling_method': 'standard', 'imputer__knn_neighbors': 8, 'imputer__imputation_method': 'knn_modelwise', 'encoder__method': 'target'}",-1723.2250439433192,-1750.7769004286974,-1754.1206213126704,-1742.7075218948958,13.843658661103715,22,-1429.6011165955085,-1439.230877358117,-1436.4233530526787,-1435.085115668768,4.043614930400774
362,3,16000,3.345253308614095,0.01904587524299588,0.05379668871561686,0.002177658531130767,model,9,rf,10,robust,"['car_age', 'mileage', 'tax', 'mpg']",2,"['car_age', 'mileage', 'engineSize']",z_score,70,"['tax', 'mpg']","['tax', 'mpg']",0.05,0.15,"RandomForestRegressor(max_depth=12, max_features='sqrt', min_samples_leaf=4,
                      min_samples_split=10, random_state=42)",minmax,6,iterative,target,"{'selector__selection_method': 'model', 'selector__n_features_to_select': 9, 'selector__model_name': 'rf', 'selector__k': 10, 'scaler__scaler_name': 'robust', 'outlier_remover__z_columns': ['car_age', 'mileage', 'tax', 'mpg'], 'outlier_remover__threshold': 2, 'outlier_remover__sev_outliers_cols': ['car_age', 'mileage', 'engineSize'], 'outlier_remover__outlier_method': 'z_score', 'outlier_remover__n_neighbors': 70, 'outlier_remover__model_columns': ['tax', 'mpg'], 'outlier_remover__mod_outliers_cols': ['tax', 'mpg'], 'outlier_remover__contamination_LOF': 0.05, 'outlier_remover__contamination_IF': 0.15, 'model': RandomForestRegressor(max_depth=12, max_features='sqrt', min_samples_leaf=4,
                      min_samples_split=10, random_state=42), 'imputer__knn_scaling_method': 'minmax', 'imputer__knn_neighbors': 6, 'imputer__imputation_method': 'iterative', 'encoder__method': 'target'}",-1730.2641050061372,-1761.449582779057,-1764.816801591094,-1752.1768297920962,15.555495733896631,29,-1445.407743406404,-1449.119979562694,-1455.0451475538823,-1449.85762350766,3.9688771390757127
363,3,16000,3.3742315769195557,0.024715721612311132,0.056547085444132485,0.003322926027669968,model,10,rf,9,standard,"['car_age', 'mileage', 'tax', 'mpg']",3,"['car_age', 'mileage']",z_score,70,"['tax', 'mpg']","['car_age', 'mileage', 'tax', 'mpg']",0.15,0.15,"RandomForestRegressor(max_depth=12, max_features='sqrt', min_samples_leaf=4,
                      min_samples_split=10, random_state=42)",minmax,6,iterative,target,"{'selector__selection_method': 'model', 'selector__n_features_to_select': 10, 'selector__model_name': 'rf', 'selector__k': 9, 'scaler__scaler_name': 'standard', 'outlier_remover__z_columns': ['car_age', 'mileage', 'tax', 'mpg'], 'outlier_remover__threshold': 3, 'outlier_remover__sev_outliers_cols': ['car_age', 'mileage'], 'outlier_remover__outlier_method': 'z_score', 'outlier_remover__n_neighbors': 70, 'outlier_remover__model_columns': ['tax', 'mpg'], 'outlier_remover__mod_outliers_cols': ['car_age', 'mileage', 'tax', 'mpg'], 'outlier_remover__contamination_LOF': 0.15, 'outlier_remover__contamination_IF': 0.15, 'model': RandomForestRegressor(max_depth=12, max_features='sqrt', min_samples_leaf=4,
                      min_samples_split=10, random_state=42), 'imputer__knn_scaling_method': 'minmax', 'imputer__knn_neighbors': 6, 'imputer__imputation_method': 'iterative', 'encoder__method': 'target'}",-1741.1150601253307,-1764.5313079661125,-1759.871847312863,-1755.172738468102,10.12065161559646,34,-1445.0157042261628,-1443.165073213824,-1439.1357754041492,-1442.4388509480452,2.4547830620336812
364,3,16000,3.2681849797566733,0.016926459626382753,0.05094170570373535,0.0032815296295235124,model,9,rf,10,minmax,"['car_age', 'mileage', 'tax', 'mpg']",2,"['car_age', 'mileage', 'engineSize']",IQR,30,"['car_age', 'mileage', 'tax', 'mpg', 'engineSize']","['car_age', 'mileage', 'tax', 'mpg']",0.3,0.15,"RandomForestRegressor(max_depth=12, max_features='sqrt', min_samples_leaf=4,
                      min_samples_split=10, random_state=42)",standard,12,iterative,target,"{'selector__selection_method': 'model', 'selector__n_features_to_select': 9, 'selector__model_name': 'rf', 'selector__k': 10, 'scaler__scaler_name': 'minmax', 'outlier_remover__z_columns': ['car_age', 'mileage', 'tax', 'mpg'], 'outlier_remover__threshold': 2, 'outlier_remover__sev_outliers_cols': ['car_age', 'mileage', 'engineSize'], 'outlier_remover__outlier_method': 'IQR', 'outlier_remover__n_neighbors': 30, 'outlier_remover__model_columns': ['car_age', 'mileage', 'tax', 'mpg', 'engineSize'], 'outlier_remover__mod_outliers_cols': ['car_age', 'mileage', 'tax', 'mpg'], 'outlier_remover__contamination_LOF': 0.3, 'outlier_remover__contamination_IF': 0.15, 'model': RandomForestRegressor(max_depth=12, max_features='sqrt', min_samples_leaf=4,
                      min_samples_split=10, random_state=42), 'imputer__knn_scaling_method': 'standard', 'imputer__knn_neighbors': 12, 'imputer__imputation_method': 'iterative', 'encoder__method': 'target'}",-1729.0929054804926,-1774.613810704697,-1760.1342305075102,-1754.6136488975665,18.989397376637758,31,-1447.04538005113,-1451.9068001712224,-1446.965977234583,-1448.6393858189786,2.310638239932258
365,3,16000,3.278503894805908,0.07163027132447682,0.05266944567362467,0.0006627957692733631,rfe,10,rf,8,robust,"['car_age', 'mileage', 'tax', 'mpg']",2,"['car_age', 'mileage', 'engineSize']",IQR,50,"['car_age', 'mileage', 'tax', 'mpg', 'engineSize']","['car_age', 'mileage', 'tax', 'mpg']",0.05,0.05,"RandomForestRegressor(max_depth=12, max_features='sqrt', min_samples_leaf=4,
                      min_samples_split=10, random_state=42)",minmax,16,iterative,target,"{'selector__selection_method': 'rfe', 'selector__n_features_to_select': 10, 'selector__model_name': 'rf', 'selector__k': 8, 'scaler__scaler_name': 'robust', 'outlier_remover__z_columns': ['car_age', 'mileage', 'tax', 'mpg'], 'outlier_remover__threshold': 2, 'outlier_remover__sev_outliers_cols': ['car_age', 'mileage', 'engineSize'], 'outlier_remover__outlier_method': 'IQR', 'outlier_remover__n_neighbors': 50, 'outlier_remover__model_columns': ['car_age', 'mileage', 'tax', 'mpg', 'engineSize'], 'outlier_remover__mod_outliers_cols': ['car_age', 'mileage', 'tax', 'mpg'], 'outlier_remover__contamination_LOF': 0.05, 'outlier_remover__contamination_IF': 0.05, 'model': RandomForestRegressor(max_depth=12, max_features='sqrt', min_samples_leaf=4,
                      min_samples_split=10, random_state=42), 'imputer__knn_scaling_method': 'minmax', 'imputer__knn_neighbors': 16, 'imputer__imputation_method': 'iterative', 'encoder__method': 'target'}",-1729.3661443858846,-1774.5490025810795,-1760.1774435048455,-1754.69753015727,18.848426218908884,32,-1447.0205603404927,-1451.8678026476764,-1447.012220450987,-1448.633527813052,2.286980202195723
366,3,16000,0.740586519241333,0.01611157873884418,0.05614344278971354,0.002498409410524878,kbest,6,rf,10,robust,"['car_age', 'mileage', 'tax', 'mpg']",2,"['car_age', 'mileage', 'engineSize']",IQR,90,"['tax', 'mpg']","['car_age', 'mileage', 'tax', 'mpg']",0.05,0.05,"RandomForestRegressor(max_depth=12, max_features='sqrt', min_samples_leaf=4,
                      min_samples_split=10, random_state=42)",minmax,10,iterative,target,"{'selector__selection_method': 'kbest', 'selector__n_features_to_select': 6, 'selector__model_name': 'rf', 'selector__k': 10, 'scaler__scaler_name': 'robust', 'outlier_remover__z_columns': ['car_age', 'mileage', 'tax', 'mpg'], 'outlier_remover__threshold': 2, 'outlier_remover__sev_outliers_cols': ['car_age', 'mileage', 'engineSize'], 'outlier_remover__outlier_method': 'IQR', 'outlier_remover__n_neighbors': 90, 'outlier_remover__model_columns': ['tax', 'mpg'], 'outlier_remover__mod_outliers_cols': ['car_age', 'mileage', 'tax', 'mpg'], 'outlier_remover__contamination_LOF': 0.05, 'outlier_remover__contamination_IF': 0.05, 'model': RandomForestRegressor(max_depth=12, max_features='sqrt', min_samples_leaf=4,
                      min_samples_split=10, random_state=42), 'imputer__knn_scaling_method': 'minmax', 'imputer__knn_neighbors': 10, 'imputer__imputation_method': 'iterative', 'encoder__method': 'target'}",-1729.3661443858846,-1774.5490025810795,-1760.1774435048455,-1754.69753015727,18.848426218908884,32,-1447.0205603404927,-1451.8678026476764,-1447.012220450987,-1448.633527813052,2.286980202195723
367,3,16000,0.7681358655293783,0.03396442389413638,0.06222224235534668,0.0013707115338302983,kbest,5,rf,10,minmax,"['car_age', 'mileage', 'tax', 'mpg']",2,"['car_age', 'mileage', 'engineSize']",IQR,30,"['tax', 'mpg']","['tax', 'mpg']",0.05,0.15,"RandomForestRegressor(max_depth=12, max_features='sqrt', min_samples_leaf=4,
                      min_samples_split=10, random_state=42)",minmax,10,iterative,target,"{'selector__selection_method': 'kbest', 'selector__n_features_to_select': 5, 'selector__model_name': 'rf', 'selector__k': 10, 'scaler__scaler_name': 'minmax', 'outlier_remover__z_columns': ['car_age', 'mileage', 'tax', 'mpg'], 'outlier_remover__threshold': 2, 'outlier_remover__sev_outliers_cols': ['car_age', 'mileage', 'engineSize'], 'outlier_remover__outlier_method': 'IQR', 'outlier_remover__n_neighbors': 30, 'outlier_remover__model_columns': ['tax', 'mpg'], 'outlier_remover__mod_outliers_cols': ['tax', 'mpg'], 'outlier_remover__contamination_LOF': 0.05, 'outlier_remover__contamination_IF': 0.15, 'model': RandomForestRegressor(max_depth=12, max_features='sqrt', min_samples_leaf=4,
                      min_samples_split=10, random_state=42), 'imputer__knn_scaling_method': 'minmax', 'imputer__knn_neighbors': 10, 'imputer__imputation_method': 'iterative', 'encoder__method': 'target'}",-1727.449484095187,-1763.6609470625554,-1750.6928274883044,-1747.2677528820157,14.980339662443246,24,-1445.864550338312,-1449.6175949936246,-1442.5792441941549,-1446.0204631753638,2.8755088945167353
368,3,16000,1.0832493305206299,0.027717017733377605,0.28765209515889484,0.016889240430109215,kbest,10,rf,10,standard,"['car_age', 'mileage', 'tax', 'mpg']",2,"['car_age', 'mileage']",z_score,90,"['tax', 'mpg']","['car_age', 'mileage', 'tax', 'mpg']",0.05,0.5,"RandomForestRegressor(max_depth=12, max_features='sqrt', min_samples_leaf=4,
                      min_samples_split=10, random_state=42)",standard,7,knn_modelwise,target,"{'selector__selection_method': 'kbest', 'selector__n_features_to_select': 10, 'selector__model_name': 'rf', 'selector__k': 10, 'scaler__scaler_name': 'standard', 'outlier_remover__z_columns': ['car_age', 'mileage', 'tax', 'mpg'], 'outlier_remover__threshold': 2, 'outlier_remover__sev_outliers_cols': ['car_age', 'mileage'], 'outlier_remover__outlier_method': 'z_score', 'outlier_remover__n_neighbors': 90, 'outlier_remover__model_columns': ['tax', 'mpg'], 'outlier_remover__mod_outliers_cols': ['car_age', 'mileage', 'tax', 'mpg'], 'outlier_remover__contamination_LOF': 0.05, 'outlier_remover__contamination_IF': 0.5, 'model': RandomForestRegressor(max_depth=12, max_features='sqrt', min_samples_leaf=4,
                      min_samples_split=10, random_state=42), 'imputer__knn_scaling_method': 'standard', 'imputer__knn_neighbors': 7, 'imputer__imputation_method': 'knn_modelwise', 'encoder__method': 'target'}",-1729.0233596175708,-1760.5181638310248,-1754.6139956714985,-1748.051839706698,13.669359684850518,25,-1438.1342968862741,-1450.8903235422806,-1441.137973972184,-1443.387531466913,5.4451468118411235
369,3,16000,3.661732276280721,0.03638221157261766,0.2629109223683675,0.013511608135834387,model,9,rf,9,robust,"['car_age', 'mileage', 'tax', 'mpg']",2,"['car_age', 'mileage']",IQR,50,"['car_age', 'mileage', 'tax', 'mpg']","['car_age', 'mileage', 'tax', 'mpg']",0.15,0.05,"RandomForestRegressor(max_depth=12, max_features='sqrt', min_samples_leaf=4,
                      min_samples_split=10, random_state=42)",standard,6,knn_modelwise,target,"{'selector__selection_method': 'model', 'selector__n_features_to_select': 9, 'selector__model_name': 'rf', 'selector__k': 9, 'scaler__scaler_name': 'robust', 'outlier_remover__z_columns': ['car_age', 'mileage', 'tax', 'mpg'], 'outlier_remover__threshold': 2, 'outlier_remover__sev_outliers_cols': ['car_age', 'mileage'], 'outlier_remover__outlier_method': 'IQR', 'outlier_remover__n_neighbors': 50, 'outlier_remover__model_columns': ['car_age', 'mileage', 'tax', 'mpg'], 'outlier_remover__mod_outliers_cols': ['car_age', 'mileage', 'tax', 'mpg'], 'outlier_remover__contamination_LOF': 0.15, 'outlier_remover__contamination_IF': 0.05, 'model': RandomForestRegressor(max_depth=12, max_features='sqrt', min_samples_leaf=4,
                      min_samples_split=10, random_state=42), 'imputer__knn_scaling_method': 'standard', 'imputer__knn_neighbors': 6, 'imputer__imputation_method': 'knn_modelwise', 'encoder__method': 'target'}",-1726.2026856056198,-1763.1183703186698,-1766.7739831672318,-1752.0316796971738,18.32472970534249,28,-1441.3174154964138,-1440.3755357688826,-1444.4950040878807,-1442.0626517843923,1.762391869306656
370,3,16000,3.522747357686361,0.05716844435243656,0.28042133649190265,0.02045097791781328,model,5,rf,7,robust,"['car_age', 'mileage', 'tax', 'mpg']",2,"['car_age', 'mileage']",IQR,70,"['tax', 'mpg']","['tax', 'mpg']",0.5,0.15,"RandomForestRegressor(max_depth=12, max_features='sqrt', min_samples_leaf=4,
                      min_samples_split=10, random_state=42)",minmax,8,knn_modelwise,target,"{'selector__selection_method': 'model', 'selector__n_features_to_select': 5, 'selector__model_name': 'rf', 'selector__k': 7, 'scaler__scaler_name': 'robust', 'outlier_remover__z_columns': ['car_age', 'mileage', 'tax', 'mpg'], 'outlier_remover__threshold': 2, 'outlier_remover__sev_outliers_cols': ['car_age', 'mileage'], 'outlier_remover__outlier_method': 'IQR', 'outlier_remover__n_neighbors': 70, 'outlier_remover__model_columns': ['tax', 'mpg'], 'outlier_remover__mod_outliers_cols': ['tax', 'mpg'], 'outlier_remover__contamination_LOF': 0.5, 'outlier_remover__contamination_IF': 0.15, 'model': RandomForestRegressor(max_depth=12, max_features='sqrt', min_samples_leaf=4,
                      min_samples_split=10, random_state=42), 'imputer__knn_scaling_method': 'minmax', 'imputer__knn_neighbors': 8, 'imputer__imputation_method': 'knn_modelwise', 'encoder__method': 'target'}",-1726.8053988349052,-1768.1644561901496,-1762.8296680287037,-1752.5998410179197,18.368994289862968,30,-1472.513362002283,-1477.5332060818694,-1477.7817219478716,-1475.9427633440082,2.4270743987886068
371,3,16000,3.739255428314209,0.10404793713240948,0.3004144032796224,0.006795082651981604,model,7,rf,10,robust,"['car_age', 'mileage', 'tax', 'mpg']",2,"['car_age', 'mileage', 'engineSize']",z_score,70,"['tax', 'mpg']","['tax', 'mpg']",0.15,0.5,"RandomForestRegressor(max_depth=12, max_features='sqrt', min_samples_leaf=4,
                      min_samples_split=10, random_state=42)",standard,17,knn_modelwise,target,"{'selector__selection_method': 'model', 'selector__n_features_to_select': 7, 'selector__model_name': 'rf', 'selector__k': 10, 'scaler__scaler_name': 'robust', 'outlier_remover__z_columns': ['car_age', 'mileage', 'tax', 'mpg'], 'outlier_remover__threshold': 2, 'outlier_remover__sev_outliers_cols': ['car_age', 'mileage', 'engineSize'], 'outlier_remover__outlier_method': 'z_score', 'outlier_remover__n_neighbors': 70, 'outlier_remover__model_columns': ['tax', 'mpg'], 'outlier_remover__mod_outliers_cols': ['tax', 'mpg'], 'outlier_remover__contamination_LOF': 0.15, 'outlier_remover__contamination_IF': 0.5, 'model': RandomForestRegressor(max_depth=12, max_features='sqrt', min_samples_leaf=4,
                      min_samples_split=10, random_state=42), 'imputer__knn_scaling_method': 'standard', 'imputer__knn_neighbors': 17, 'imputer__imputation_method': 'knn_modelwise', 'encoder__method': 'target'}",-1728.0598547566362,-1756.7512573147953,-1765.3318715502899,-1750.0476612072405,15.937470722514659,27,-1432.5524213923245,-1441.0088193813137,-1446.9504391442074,-1440.170559972615,5.9077766784178865
372,3,16000,1.124364932378133,0.030666085181201046,0.2867157459259033,0.02286911993298944,kbest,6,rf,10,robust,"['car_age', 'mileage', 'tax', 'mpg']",3,"['car_age', 'mileage', 'engineSize']",IQR,100,"['car_age', 'mileage', 'tax', 'mpg', 'engineSize']","['tax', 'mpg']",0.15,0.3,"RandomForestRegressor(max_depth=12, max_features='sqrt', min_samples_leaf=4,
                      min_samples_split=10, random_state=42)",minmax,6,knn_modelwise,target,"{'selector__selection_method': 'kbest', 'selector__n_features_to_select': 6, 'selector__model_name': 'rf', 'selector__k': 10, 'scaler__scaler_name': 'robust', 'outlier_remover__z_columns': ['car_age', 'mileage', 'tax', 'mpg'], 'outlier_remover__threshold': 3, 'outlier_remover__sev_outliers_cols': ['car_age', 'mileage', 'engineSize'], 'outlier_remover__outlier_method': 'IQR', 'outlier_remover__n_neighbors': 100, 'outlier_remover__model_columns': ['car_age', 'mileage', 'tax', 'mpg', 'engineSize'], 'outlier_remover__mod_outliers_cols': ['tax', 'mpg'], 'outlier_remover__contamination_LOF': 0.15, 'outlier_remover__contamination_IF': 0.3, 'model': RandomForestRegressor(max_depth=12, max_features='sqrt', min_samples_leaf=4,
                      min_samples_split=10, random_state=42), 'imputer__knn_scaling_method': 'minmax', 'imputer__knn_neighbors': 6, 'imputer__imputation_method': 'knn_modelwise', 'encoder__method': 'target'}",-1729.3502551641006,-1763.2712454116186,-1757.5108016815316,-1750.0441007524169,14.820528823598762,26,-1437.6219830159102,-1446.0044417553438,-1443.3391468726015,-1442.3218572146186,3.496909332134678
373,3,16000,3.800786097844442,0.014949834396834031,0.355118195215861,0.05811342069835822,model,8,rf,10,robust,"['car_age', 'mileage', 'tax', 'mpg']",3,"['car_age', 'mileage', 'engineSize']",z_score,100,"['car_age', 'mileage', 'tax', 'mpg']","['tax', 'mpg']",0.5,0.5,"RandomForestRegressor(max_depth=12, max_features='sqrt', min_samples_leaf=4,
                      min_samples_split=10, random_state=42)",robust,13,knn_modelwise,target,"{'selector__selection_method': 'model', 'selector__n_features_to_select': 8, 'selector__model_name': 'rf', 'selector__k': 10, 'scaler__scaler_name': 'robust', 'outlier_remover__z_columns': ['car_age', 'mileage', 'tax', 'mpg'], 'outlier_remover__threshold': 3, 'outlier_remover__sev_outliers_cols': ['car_age', 'mileage', 'engineSize'], 'outlier_remover__outlier_method': 'z_score', 'outlier_remover__n_neighbors': 100, 'outlier_remover__model_columns': ['car_age', 'mileage', 'tax', 'mpg'], 'outlier_remover__mod_outliers_cols': ['tax', 'mpg'], 'outlier_remover__contamination_LOF': 0.5, 'outlier_remover__contamination_IF': 0.5, 'model': RandomForestRegressor(max_depth=12, max_features='sqrt', min_samples_leaf=4,
                      min_samples_split=10, random_state=42), 'imputer__knn_scaling_method': 'robust', 'imputer__knn_neighbors': 13, 'imputer__imputation_method': 'knn_modelwise', 'encoder__method': 'target'}",-1717.2497269662338,-1755.7879399208866,-1757.1324821738856,-1743.390049687002,18.49214792692579,23,-1434.2259757145048,-1442.126853659297,-1440.3824798468477,-1438.9117697402164,3.3890223996443174
374,3,16000,1.0779528617858887,0.06468394068967635,0.2661397457122803,0.046270053141242,kbest,5,rf,10,standard,"['car_age', 'mileage', 'tax', 'mpg']",3,"['car_age', 'mileage', 'engineSize']",z_score,100,"['car_age', 'mileage', 'tax', 'mpg', 'engineSize']","['tax', 'mpg']",0.5,0.5,"RandomForestRegressor(max_depth=12, max_features='sqrt', min_samples_leaf=4,
                      min_samples_split=10, random_state=42)",robust,8,knn_modelwise,target,"{'selector__selection_method': 'kbest', 'selector__n_features_to_select': 5, 'selector__model_name': 'rf', 'selector__k': 10, 'scaler__scaler_name': 'standard', 'outlier_remover__z_columns': ['car_age', 'mileage', 'tax', 'mpg'], 'outlier_remover__threshold': 3, 'outlier_remover__sev_outliers_cols': ['car_age', 'mileage', 'engineSize'], 'outlier_remover__outlier_method': 'z_score', 'outlier_remover__n_neighbors': 100, 'outlier_remover__model_columns': ['car_age', 'mileage', 'tax', 'mpg', 'engineSize'], 'outlier_remover__mod_outliers_cols': ['tax', 'mpg'], 'outlier_remover__contamination_LOF': 0.5, 'outlier_remover__contamination_IF': 0.5, 'model': RandomForestRegressor(max_depth=12, max_features='sqrt', min_samples_leaf=4,
                      min_samples_split=10, random_state=42), 'imputer__knn_scaling_method': 'robust', 'imputer__knn_neighbors': 8, 'imputer__imputation_method': 'knn_modelwise', 'encoder__method': 'target'}",-1719.785498714445,-1750.475703418389,-1751.50920438999,-1740.5901355076082,14.71714907029994,21,-1435.452511690933,-1442.6631980826867,-1434.0615560818055,-1437.3924219518085,3.770013275221347
375,4,32000,1.453529914220174,0.001492486852281233,0.0999754269917806,0.0009637928913952652,kbest,6,rf,10,robust,"['car_age', 'mileage', 'tax', 'mpg']",2,"['car_age', 'mileage', 'engineSize']",IQR,90,"['tax', 'mpg']","['car_age', 'mileage', 'tax', 'mpg']",0.05,0.05,"RandomForestRegressor(max_depth=12, max_features='sqrt', min_samples_leaf=4,
                      min_samples_split=10, random_state=42)",minmax,10,iterative,target,"{'selector__selection_method': 'kbest', 'selector__n_features_to_select': 6, 'selector__model_name': 'rf', 'selector__k': 10, 'scaler__scaler_name': 'robust', 'outlier_remover__z_columns': ['car_age', 'mileage', 'tax', 'mpg'], 'outlier_remover__threshold': 2, 'outlier_remover__sev_outliers_cols': ['car_age', 'mileage', 'engineSize'], 'outlier_remover__outlier_method': 'IQR', 'outlier_remover__n_neighbors': 90, 'outlier_remover__model_columns': ['tax', 'mpg'], 'outlier_remover__mod_outliers_cols': ['car_age', 'mileage', 'tax', 'mpg'], 'outlier_remover__contamination_LOF': 0.05, 'outlier_remover__contamination_IF': 0.05, 'model': RandomForestRegressor(max_depth=12, max_features='sqrt', min_samples_leaf=4,
                      min_samples_split=10, random_state=42), 'imputer__knn_scaling_method': 'minmax', 'imputer__knn_neighbors': 10, 'imputer__imputation_method': 'iterative', 'encoder__method': 'target'}",-1658.551137530337,-1637.2131153322534,-1701.0705189372356,-1665.611590599942,26.54341722478438,17,-1418.0217225411743,-1436.4313581214594,-1424.3653148813548,-1426.2727985146628,7.635772866720974
376,4,32000,6.539968649546306,0.04643354355455088,0.10524121920267741,0.016086043358183682,rfe,10,rf,8,robust,"['car_age', 'mileage', 'tax', 'mpg']",2,"['car_age', 'mileage', 'engineSize']",IQR,50,"['car_age', 'mileage', 'tax', 'mpg', 'engineSize']","['car_age', 'mileage', 'tax', 'mpg']",0.05,0.05,"RandomForestRegressor(max_depth=12, max_features='sqrt', min_samples_leaf=4,
                      min_samples_split=10, random_state=42)",minmax,16,iterative,target,"{'selector__selection_method': 'rfe', 'selector__n_features_to_select': 10, 'selector__model_name': 'rf', 'selector__k': 8, 'scaler__scaler_name': 'robust', 'outlier_remover__z_columns': ['car_age', 'mileage', 'tax', 'mpg'], 'outlier_remover__threshold': 2, 'outlier_remover__sev_outliers_cols': ['car_age', 'mileage', 'engineSize'], 'outlier_remover__outlier_method': 'IQR', 'outlier_remover__n_neighbors': 50, 'outlier_remover__model_columns': ['car_age', 'mileage', 'tax', 'mpg', 'engineSize'], 'outlier_remover__mod_outliers_cols': ['car_age', 'mileage', 'tax', 'mpg'], 'outlier_remover__contamination_LOF': 0.05, 'outlier_remover__contamination_IF': 0.05, 'model': RandomForestRegressor(max_depth=12, max_features='sqrt', min_samples_leaf=4,
                      min_samples_split=10, random_state=42), 'imputer__knn_scaling_method': 'minmax', 'imputer__knn_neighbors': 16, 'imputer__imputation_method': 'iterative', 'encoder__method': 'target'}",-1658.551137530337,-1637.2131153322534,-1701.0705189372356,-1665.611590599942,26.54341722478438,17,-1418.0217225411743,-1436.4313581214594,-1424.3653148813548,-1426.2727985146628,7.635772866720974
377,4,32000,6.607233285903931,0.0882977332416694,0.11455273628234863,0.020032032136660015,model,9,rf,10,minmax,"['car_age', 'mileage', 'tax', 'mpg']",2,"['car_age', 'mileage', 'engineSize']",IQR,30,"['car_age', 'mileage', 'tax', 'mpg', 'engineSize']","['car_age', 'mileage', 'tax', 'mpg']",0.3,0.15,"RandomForestRegressor(max_depth=12, max_features='sqrt', min_samples_leaf=4,
                      min_samples_split=10, random_state=42)",standard,12,iterative,target,"{'selector__selection_method': 'model', 'selector__n_features_to_select': 9, 'selector__model_name': 'rf', 'selector__k': 10, 'scaler__scaler_name': 'minmax', 'outlier_remover__z_columns': ['car_age', 'mileage', 'tax', 'mpg'], 'outlier_remover__threshold': 2, 'outlier_remover__sev_outliers_cols': ['car_age', 'mileage', 'engineSize'], 'outlier_remover__outlier_method': 'IQR', 'outlier_remover__n_neighbors': 30, 'outlier_remover__model_columns': ['car_age', 'mileage', 'tax', 'mpg', 'engineSize'], 'outlier_remover__mod_outliers_cols': ['car_age', 'mileage', 'tax', 'mpg'], 'outlier_remover__contamination_LOF': 0.3, 'outlier_remover__contamination_IF': 0.15, 'model': RandomForestRegressor(max_depth=12, max_features='sqrt', min_samples_leaf=4,
                      min_samples_split=10, random_state=42), 'imputer__knn_scaling_method': 'standard', 'imputer__knn_neighbors': 12, 'imputer__imputation_method': 'iterative', 'encoder__method': 'target'}",-1658.775441028751,-1637.4686028523813,-1701.0872304523425,-1665.7770914444916,26.43986605908859,19,-1418.0024700566632,-1436.51000134604,-1424.3827107668471,-1426.2983940565166,7.676134463671829
378,4,32000,6.754461924235026,0.04147085115179165,0.46225547790527344,0.049335072724672656,model,5,rf,7,robust,"['car_age', 'mileage', 'tax', 'mpg']",2,"['car_age', 'mileage']",IQR,70,"['tax', 'mpg']","['tax', 'mpg']",0.5,0.15,"RandomForestRegressor(max_depth=12, max_features='sqrt', min_samples_leaf=4,
                      min_samples_split=10, random_state=42)",minmax,8,knn_modelwise,target,"{'selector__selection_method': 'model', 'selector__n_features_to_select': 5, 'selector__model_name': 'rf', 'selector__k': 7, 'scaler__scaler_name': 'robust', 'outlier_remover__z_columns': ['car_age', 'mileage', 'tax', 'mpg'], 'outlier_remover__threshold': 2, 'outlier_remover__sev_outliers_cols': ['car_age', 'mileage'], 'outlier_remover__outlier_method': 'IQR', 'outlier_remover__n_neighbors': 70, 'outlier_remover__model_columns': ['tax', 'mpg'], 'outlier_remover__mod_outliers_cols': ['tax', 'mpg'], 'outlier_remover__contamination_LOF': 0.5, 'outlier_remover__contamination_IF': 0.15, 'model': RandomForestRegressor(max_depth=12, max_features='sqrt', min_samples_leaf=4,
                      min_samples_split=10, random_state=42), 'imputer__knn_scaling_method': 'minmax', 'imputer__knn_neighbors': 8, 'imputer__imputation_method': 'knn_modelwise', 'encoder__method': 'target'}",-1662.845835432493,-1634.2775021459133,-1702.7825491574872,-1666.6352955786313,28.095140418037467,20,-1441.8012716213505,-1464.8014138838512,-1437.0335545510225,-1447.878746685408,12.12340107251597
379,4,32000,6.710731267929077,0.030179849363231273,0.10688241322835286,0.0018842719766370033,model,9,rf,10,robust,"['car_age', 'mileage', 'tax', 'mpg']",2,"['car_age', 'mileage', 'engineSize']",z_score,70,"['tax', 'mpg']","['tax', 'mpg']",0.05,0.15,"RandomForestRegressor(max_depth=12, max_features='sqrt', min_samples_leaf=4,
                      min_samples_split=10, random_state=42)",minmax,6,iterative,target,"{'selector__selection_method': 'model', 'selector__n_features_to_select': 9, 'selector__model_name': 'rf', 'selector__k': 10, 'scaler__scaler_name': 'robust', 'outlier_remover__z_columns': ['car_age', 'mileage', 'tax', 'mpg'], 'outlier_remover__threshold': 2, 'outlier_remover__sev_outliers_cols': ['car_age', 'mileage', 'engineSize'], 'outlier_remover__outlier_method': 'z_score', 'outlier_remover__n_neighbors': 70, 'outlier_remover__model_columns': ['tax', 'mpg'], 'outlier_remover__mod_outliers_cols': ['tax', 'mpg'], 'outlier_remover__contamination_LOF': 0.05, 'outlier_remover__contamination_IF': 0.15, 'model': RandomForestRegressor(max_depth=12, max_features='sqrt', min_samples_leaf=4,
                      min_samples_split=10, random_state=42), 'imputer__knn_scaling_method': 'minmax', 'imputer__knn_neighbors': 6, 'imputer__imputation_method': 'iterative', 'encoder__method': 'target'}",-1660.4431567231404,-1631.8851411555866,-1691.2125315768933,-1661.1802764852066,24.225913435936892,15,-1424.8221674295291,-1433.6873077690923,-1415.9579424400233,-1424.822472546215,7.237983089817234
380,4,32000,6.8883523146311445,0.020101692232406532,0.42965173721313477,0.033331258742608415,model,9,rf,9,robust,"['car_age', 'mileage', 'tax', 'mpg']",2,"['car_age', 'mileage']",IQR,50,"['car_age', 'mileage', 'tax', 'mpg']","['car_age', 'mileage', 'tax', 'mpg']",0.15,0.05,"RandomForestRegressor(max_depth=12, max_features='sqrt', min_samples_leaf=4,
                      min_samples_split=10, random_state=42)",standard,6,knn_modelwise,target,"{'selector__selection_method': 'model', 'selector__n_features_to_select': 9, 'selector__model_name': 'rf', 'selector__k': 9, 'scaler__scaler_name': 'robust', 'outlier_remover__z_columns': ['car_age', 'mileage', 'tax', 'mpg'], 'outlier_remover__threshold': 2, 'outlier_remover__sev_outliers_cols': ['car_age', 'mileage'], 'outlier_remover__outlier_method': 'IQR', 'outlier_remover__n_neighbors': 50, 'outlier_remover__model_columns': ['car_age', 'mileage', 'tax', 'mpg'], 'outlier_remover__mod_outliers_cols': ['car_age', 'mileage', 'tax', 'mpg'], 'outlier_remover__contamination_LOF': 0.15, 'outlier_remover__contamination_IF': 0.05, 'model': RandomForestRegressor(max_depth=12, max_features='sqrt', min_samples_leaf=4,
                      min_samples_split=10, random_state=42), 'imputer__knn_scaling_method': 'standard', 'imputer__knn_neighbors': 6, 'imputer__imputation_method': 'knn_modelwise', 'encoder__method': 'target'}",-1663.311353711862,-1630.7593902889548,-1693.6717241804483,-1662.5808227270884,25.689046894976812,16,-1414.7022856514102,-1432.5785112245983,-1414.4660444918065,-1420.5822804559384,8.483164384535621
381,4,32000,7.391726175944011,0.3136752111841707,0.4627215067545573,0.021255590533365797,model,7,rf,10,robust,"['car_age', 'mileage', 'tax', 'mpg']",2,"['car_age', 'mileage', 'engineSize']",z_score,70,"['tax', 'mpg']","['tax', 'mpg']",0.15,0.5,"RandomForestRegressor(max_depth=12, max_features='sqrt', min_samples_leaf=4,
                      min_samples_split=10, random_state=42)",standard,17,knn_modelwise,target,"{'selector__selection_method': 'model', 'selector__n_features_to_select': 7, 'selector__model_name': 'rf', 'selector__k': 10, 'scaler__scaler_name': 'robust', 'outlier_remover__z_columns': ['car_age', 'mileage', 'tax', 'mpg'], 'outlier_remover__threshold': 2, 'outlier_remover__sev_outliers_cols': ['car_age', 'mileage', 'engineSize'], 'outlier_remover__outlier_method': 'z_score', 'outlier_remover__n_neighbors': 70, 'outlier_remover__model_columns': ['tax', 'mpg'], 'outlier_remover__mod_outliers_cols': ['tax', 'mpg'], 'outlier_remover__contamination_LOF': 0.15, 'outlier_remover__contamination_IF': 0.5, 'model': RandomForestRegressor(max_depth=12, max_features='sqrt', min_samples_leaf=4,
                      min_samples_split=10, random_state=42), 'imputer__knn_scaling_method': 'standard', 'imputer__knn_neighbors': 17, 'imputer__imputation_method': 'knn_modelwise', 'encoder__method': 'target'}",-1637.8494877296253,-1616.0642025382526,-1686.8238279526167,-1646.912506073498,29.589805376416543,10,-1409.506173383494,-1428.5968063691796,-1416.4044603019092,-1418.1691466848608,7.892978122828297
382,4,32000,1.8327635924021404,0.02134913841875222,0.4284529685974121,0.006941158366052157,kbest,6,rf,10,robust,"['car_age', 'mileage', 'tax', 'mpg']",3,"['car_age', 'mileage', 'engineSize']",IQR,100,"['car_age', 'mileage', 'tax', 'mpg', 'engineSize']","['tax', 'mpg']",0.15,0.3,"RandomForestRegressor(max_depth=12, max_features='sqrt', min_samples_leaf=4,
                      min_samples_split=10, random_state=42)",minmax,6,knn_modelwise,target,"{'selector__selection_method': 'kbest', 'selector__n_features_to_select': 6, 'selector__model_name': 'rf', 'selector__k': 10, 'scaler__scaler_name': 'robust', 'outlier_remover__z_columns': ['car_age', 'mileage', 'tax', 'mpg'], 'outlier_remover__threshold': 3, 'outlier_remover__sev_outliers_cols': ['car_age', 'mileage', 'engineSize'], 'outlier_remover__outlier_method': 'IQR', 'outlier_remover__n_neighbors': 100, 'outlier_remover__model_columns': ['car_age', 'mileage', 'tax', 'mpg', 'engineSize'], 'outlier_remover__mod_outliers_cols': ['tax', 'mpg'], 'outlier_remover__contamination_LOF': 0.15, 'outlier_remover__contamination_IF': 0.3, 'model': RandomForestRegressor(max_depth=12, max_features='sqrt', min_samples_leaf=4,
                      min_samples_split=10, random_state=42), 'imputer__knn_scaling_method': 'minmax', 'imputer__knn_neighbors': 6, 'imputer__imputation_method': 'knn_modelwise', 'encoder__method': 'target'}",-1639.606340315997,-1626.6998809088038,-1679.333703792272,-1648.5466416723575,22.39831197641141,12,-1412.6471017566344,-1429.612463759074,-1404.6594050067015,-1415.6396568408034,10.404496615203685
383,4,32000,1.9265947341918945,0.08642383596907746,0.45063058535257977,0.026727399553987945,kbest,10,rf,10,standard,"['car_age', 'mileage', 'tax', 'mpg']",2,"['car_age', 'mileage']",z_score,90,"['tax', 'mpg']","['car_age', 'mileage', 'tax', 'mpg']",0.05,0.5,"RandomForestRegressor(max_depth=12, max_features='sqrt', min_samples_leaf=4,
                      min_samples_split=10, random_state=42)",standard,7,knn_modelwise,target,"{'selector__selection_method': 'kbest', 'selector__n_features_to_select': 10, 'selector__model_name': 'rf', 'selector__k': 10, 'scaler__scaler_name': 'standard', 'outlier_remover__z_columns': ['car_age', 'mileage', 'tax', 'mpg'], 'outlier_remover__threshold': 2, 'outlier_remover__sev_outliers_cols': ['car_age', 'mileage'], 'outlier_remover__outlier_method': 'z_score', 'outlier_remover__n_neighbors': 90, 'outlier_remover__model_columns': ['tax', 'mpg'], 'outlier_remover__mod_outliers_cols': ['car_age', 'mileage', 'tax', 'mpg'], 'outlier_remover__contamination_LOF': 0.05, 'outlier_remover__contamination_IF': 0.5, 'model': RandomForestRegressor(max_depth=12, max_features='sqrt', min_samples_leaf=4,
                      min_samples_split=10, random_state=42), 'imputer__knn_scaling_method': 'standard', 'imputer__knn_neighbors': 7, 'imputer__imputation_method': 'knn_modelwise', 'encoder__method': 'target'}",-1654.2509400888712,-1630.0770449816264,-1685.5762153711737,-1656.634733480557,22.720054748799726,13,-1419.523699653704,-1431.6324992320147,-1414.288814964889,-1421.8150046168691,7.263534714132151
384,4,32000,1.5712038675944011,0.024350283690547005,0.1128691832224528,0.0036223146878320346,kbest,5,rf,10,minmax,"['car_age', 'mileage', 'tax', 'mpg']",2,"['car_age', 'mileage', 'engineSize']",IQR,30,"['tax', 'mpg']","['tax', 'mpg']",0.05,0.15,"RandomForestRegressor(max_depth=12, max_features='sqrt', min_samples_leaf=4,
                      min_samples_split=10, random_state=42)",minmax,10,iterative,target,"{'selector__selection_method': 'kbest', 'selector__n_features_to_select': 5, 'selector__model_name': 'rf', 'selector__k': 10, 'scaler__scaler_name': 'minmax', 'outlier_remover__z_columns': ['car_age', 'mileage', 'tax', 'mpg'], 'outlier_remover__threshold': 2, 'outlier_remover__sev_outliers_cols': ['car_age', 'mileage', 'engineSize'], 'outlier_remover__outlier_method': 'IQR', 'outlier_remover__n_neighbors': 30, 'outlier_remover__model_columns': ['tax', 'mpg'], 'outlier_remover__mod_outliers_cols': ['tax', 'mpg'], 'outlier_remover__contamination_LOF': 0.05, 'outlier_remover__contamination_IF': 0.15, 'model': RandomForestRegressor(max_depth=12, max_features='sqrt', min_samples_leaf=4,
                      min_samples_split=10, random_state=42), 'imputer__knn_scaling_method': 'minmax', 'imputer__knn_neighbors': 10, 'imputer__imputation_method': 'iterative', 'encoder__method': 'target'}",-1654.2159073056073,-1628.8551360344936,-1694.5849160878556,-1659.2186531426523,27.066234757207347,14,-1418.6770813594155,-1429.6466742294015,-1415.6382201357374,-1421.3206585748514,6.016675266515701
385,4,32000,7.078497012456258,0.044436384781657956,0.4447011152903239,0.04162353971448394,model,8,rf,10,robust,"['car_age', 'mileage', 'tax', 'mpg']",3,"['car_age', 'mileage', 'engineSize']",z_score,100,"['car_age', 'mileage', 'tax', 'mpg']","['tax', 'mpg']",0.5,0.5,"RandomForestRegressor(max_depth=12, max_features='sqrt', min_samples_leaf=4,
                      min_samples_split=10, random_state=42)",robust,13,knn_modelwise,target,"{'selector__selection_method': 'model', 'selector__n_features_to_select': 8, 'selector__model_name': 'rf', 'selector__k': 10, 'scaler__scaler_name': 'robust', 'outlier_remover__z_columns': ['car_age', 'mileage', 'tax', 'mpg'], 'outlier_remover__threshold': 3, 'outlier_remover__sev_outliers_cols': ['car_age', 'mileage', 'engineSize'], 'outlier_remover__outlier_method': 'z_score', 'outlier_remover__n_neighbors': 100, 'outlier_remover__model_columns': ['car_age', 'mileage', 'tax', 'mpg'], 'outlier_remover__mod_outliers_cols': ['tax', 'mpg'], 'outlier_remover__contamination_LOF': 0.5, 'outlier_remover__contamination_IF': 0.5, 'model': RandomForestRegressor(max_depth=12, max_features='sqrt', min_samples_leaf=4,
                      min_samples_split=10, random_state=42), 'imputer__knn_scaling_method': 'robust', 'imputer__knn_neighbors': 13, 'imputer__imputation_method': 'knn_modelwise', 'encoder__method': 'target'}",-1640.184656755661,-1608.338344753876,-1674.5108981852777,-1641.0112998982715,27.021154812132476,8,-1407.5733252769207,-1421.8390326928195,-1406.250340676257,-1411.8875662153325,7.057446934636239
386,4,32000,7.214854717254639,0.22397165416904413,0.39208292961120605,0.05680520601649345,rfe,10,rf,8,robust,"['car_age', 'mileage', 'tax', 'mpg']",3,"['car_age', 'mileage']",z_score,50,"['tax', 'mpg']","['car_age', 'mileage', 'tax', 'mpg']",0.05,0.15,"RandomForestRegressor(max_depth=12, max_features='sqrt', min_samples_leaf=4,
                      min_samples_split=10, random_state=42)",standard,8,knn_modelwise,target,"{'selector__selection_method': 'rfe', 'selector__n_features_to_select': 10, 'selector__model_name': 'rf', 'selector__k': 8, 'scaler__scaler_name': 'robust', 'outlier_remover__z_columns': ['car_age', 'mileage', 'tax', 'mpg'], 'outlier_remover__threshold': 3, 'outlier_remover__sev_outliers_cols': ['car_age', 'mileage'], 'outlier_remover__outlier_method': 'z_score', 'outlier_remover__n_neighbors': 50, 'outlier_remover__model_columns': ['tax', 'mpg'], 'outlier_remover__mod_outliers_cols': ['car_age', 'mileage', 'tax', 'mpg'], 'outlier_remover__contamination_LOF': 0.05, 'outlier_remover__contamination_IF': 0.15, 'model': RandomForestRegressor(max_depth=12, max_features='sqrt', min_samples_leaf=4,
                      min_samples_split=10, random_state=42), 'imputer__knn_scaling_method': 'standard', 'imputer__knn_neighbors': 8, 'imputer__imputation_method': 'knn_modelwise', 'encoder__method': 'target'}",-1643.2500591036453,-1620.1577517653668,-1677.3342789949836,-1646.9140299546652,23.485560504383972,11,-1411.5164013251897,-1425.349817982895,-1403.1397066262064,-1413.3353086447635,9.15800485903008
387,4,32000,1.9123077392578125,0.03500469545619811,0.4173390865325928,0.018456297188507765,kbest,5,rf,10,standard,"['car_age', 'mileage', 'tax', 'mpg']",3,"['car_age', 'mileage', 'engineSize']",z_score,100,"['car_age', 'mileage', 'tax', 'mpg', 'engineSize']","['tax', 'mpg']",0.5,0.5,"RandomForestRegressor(max_depth=12, max_features='sqrt', min_samples_leaf=4,
                      min_samples_split=10, random_state=42)",robust,8,knn_modelwise,target,"{'selector__selection_method': 'kbest', 'selector__n_features_to_select': 5, 'selector__model_name': 'rf', 'selector__k': 10, 'scaler__scaler_name': 'standard', 'outlier_remover__z_columns': ['car_age', 'mileage', 'tax', 'mpg'], 'outlier_remover__threshold': 3, 'outlier_remover__sev_outliers_cols': ['car_age', 'mileage', 'engineSize'], 'outlier_remover__outlier_method': 'z_score', 'outlier_remover__n_neighbors': 100, 'outlier_remover__model_columns': ['car_age', 'mileage', 'tax', 'mpg', 'engineSize'], 'outlier_remover__mod_outliers_cols': ['tax', 'mpg'], 'outlier_remover__contamination_LOF': 0.5, 'outlier_remover__contamination_IF': 0.5, 'model': RandomForestRegressor(max_depth=12, max_features='sqrt', min_samples_leaf=4,
                      min_samples_split=10, random_state=42), 'imputer__knn_scaling_method': 'robust', 'imputer__knn_neighbors': 8, 'imputer__imputation_method': 'knn_modelwise', 'encoder__method': 'target'}",-1644.8174082722041,-1613.3703612354254,-1680.8620509839318,-1646.3499401638537,27.57466877137242,9,-1411.2005472344033,-1421.3774801462187,-1409.790491280757,-1414.122839553793,5.1620036188839515
388,5,64000,3.1462673346201577,0.03774406131796681,0.2235400676727295,0.004588416519156202,kbest,5,rf,10,minmax,"['car_age', 'mileage', 'tax', 'mpg']",2,"['car_age', 'mileage', 'engineSize']",IQR,30,"['tax', 'mpg']","['tax', 'mpg']",0.05,0.15,"RandomForestRegressor(max_depth=12, max_features='sqrt', min_samples_leaf=4,
                      min_samples_split=10, random_state=42)",minmax,10,iterative,target,"{'selector__selection_method': 'kbest', 'selector__n_features_to_select': 5, 'selector__model_name': 'rf', 'selector__k': 10, 'scaler__scaler_name': 'minmax', 'outlier_remover__z_columns': ['car_age', 'mileage', 'tax', 'mpg'], 'outlier_remover__threshold': 2, 'outlier_remover__sev_outliers_cols': ['car_age', 'mileage', 'engineSize'], 'outlier_remover__outlier_method': 'IQR', 'outlier_remover__n_neighbors': 30, 'outlier_remover__model_columns': ['tax', 'mpg'], 'outlier_remover__mod_outliers_cols': ['tax', 'mpg'], 'outlier_remover__contamination_LOF': 0.05, 'outlier_remover__contamination_IF': 0.15, 'model': RandomForestRegressor(max_depth=12, max_features='sqrt', min_samples_leaf=4,
                      min_samples_split=10, random_state=42), 'imputer__knn_scaling_method': 'minmax', 'imputer__knn_neighbors': 10, 'imputer__imputation_method': 'iterative', 'encoder__method': 'target'}",-1573.8975406671464,-1575.437187854616,-1595.5389326161962,-1581.624553712653,9.859008860563362,7,-1412.3715989635705,-1426.0384332505002,-1405.25956727403,-1414.5565331627004,8.622481116551246
389,5,64000,3.883108695348104,0.015513705390642103,0.9297668933868408,0.09531823967702027,kbest,10,rf,10,standard,"['car_age', 'mileage', 'tax', 'mpg']",2,"['car_age', 'mileage']",z_score,90,"['tax', 'mpg']","['car_age', 'mileage', 'tax', 'mpg']",0.05,0.5,"RandomForestRegressor(max_depth=12, max_features='sqrt', min_samples_leaf=4,
                      min_samples_split=10, random_state=42)",standard,7,knn_modelwise,target,"{'selector__selection_method': 'kbest', 'selector__n_features_to_select': 10, 'selector__model_name': 'rf', 'selector__k': 10, 'scaler__scaler_name': 'standard', 'outlier_remover__z_columns': ['car_age', 'mileage', 'tax', 'mpg'], 'outlier_remover__threshold': 2, 'outlier_remover__sev_outliers_cols': ['car_age', 'mileage'], 'outlier_remover__outlier_method': 'z_score', 'outlier_remover__n_neighbors': 90, 'outlier_remover__model_columns': ['tax', 'mpg'], 'outlier_remover__mod_outliers_cols': ['car_age', 'mileage', 'tax', 'mpg'], 'outlier_remover__contamination_LOF': 0.05, 'outlier_remover__contamination_IF': 0.5, 'model': RandomForestRegressor(max_depth=12, max_features='sqrt', min_samples_leaf=4,
                      min_samples_split=10, random_state=42), 'imputer__knn_scaling_method': 'standard', 'imputer__knn_neighbors': 7, 'imputer__imputation_method': 'knn_modelwise', 'encoder__method': 'target'}",-1572.001087333032,-1574.8913886966375,-1589.031052283986,-1578.6411761045517,7.440905220965786,6,-1412.6296764192361,-1429.8322793296857,-1406.0655690164137,-1416.175841588445,10.021496738984982
390,5,64000,4.055880626042684,0.19244321464004333,0.9274742603302002,0.11163380087540173,kbest,6,rf,10,robust,"['car_age', 'mileage', 'tax', 'mpg']",3,"['car_age', 'mileage', 'engineSize']",IQR,100,"['car_age', 'mileage', 'tax', 'mpg', 'engineSize']","['tax', 'mpg']",0.15,0.3,"RandomForestRegressor(max_depth=12, max_features='sqrt', min_samples_leaf=4,
                      min_samples_split=10, random_state=42)",minmax,6,knn_modelwise,target,"{'selector__selection_method': 'kbest', 'selector__n_features_to_select': 6, 'selector__model_name': 'rf', 'selector__k': 10, 'scaler__scaler_name': 'robust', 'outlier_remover__z_columns': ['car_age', 'mileage', 'tax', 'mpg'], 'outlier_remover__threshold': 3, 'outlier_remover__sev_outliers_cols': ['car_age', 'mileage', 'engineSize'], 'outlier_remover__outlier_method': 'IQR', 'outlier_remover__n_neighbors': 100, 'outlier_remover__model_columns': ['car_age', 'mileage', 'tax', 'mpg', 'engineSize'], 'outlier_remover__mod_outliers_cols': ['tax', 'mpg'], 'outlier_remover__contamination_LOF': 0.15, 'outlier_remover__contamination_IF': 0.3, 'model': RandomForestRegressor(max_depth=12, max_features='sqrt', min_samples_leaf=4,
                      min_samples_split=10, random_state=42), 'imputer__knn_scaling_method': 'minmax', 'imputer__knn_neighbors': 6, 'imputer__imputation_method': 'knn_modelwise', 'encoder__method': 'target'}",-1565.969123981746,-1565.062543614509,-1589.3846069684912,-1573.4720915215821,11.25793299194415,4,-1405.9422034066124,-1418.080465190329,-1405.1429010215563,-1409.7218565394994,5.919429871701273
391,5,64000,14.708036422729492,0.07468710961901971,0.8379906018575033,0.0076504390679041695,rfe,10,rf,8,robust,"['car_age', 'mileage', 'tax', 'mpg']",3,"['car_age', 'mileage']",z_score,50,"['tax', 'mpg']","['car_age', 'mileage', 'tax', 'mpg']",0.05,0.15,"RandomForestRegressor(max_depth=12, max_features='sqrt', min_samples_leaf=4,
                      min_samples_split=10, random_state=42)",standard,8,knn_modelwise,target,"{'selector__selection_method': 'rfe', 'selector__n_features_to_select': 10, 'selector__model_name': 'rf', 'selector__k': 8, 'scaler__scaler_name': 'robust', 'outlier_remover__z_columns': ['car_age', 'mileage', 'tax', 'mpg'], 'outlier_remover__threshold': 3, 'outlier_remover__sev_outliers_cols': ['car_age', 'mileage'], 'outlier_remover__outlier_method': 'z_score', 'outlier_remover__n_neighbors': 50, 'outlier_remover__model_columns': ['tax', 'mpg'], 'outlier_remover__mod_outliers_cols': ['car_age', 'mileage', 'tax', 'mpg'], 'outlier_remover__contamination_LOF': 0.05, 'outlier_remover__contamination_IF': 0.15, 'model': RandomForestRegressor(max_depth=12, max_features='sqrt', min_samples_leaf=4,
                      min_samples_split=10, random_state=42), 'imputer__knn_scaling_method': 'standard', 'imputer__knn_neighbors': 8, 'imputer__imputation_method': 'knn_modelwise', 'encoder__method': 'target'}",-1564.3322837362773,-1565.185372451217,-1584.736868421888,-1571.418174869794,9.424175951237645,3,-1404.7665620335738,-1416.3665360911352,-1394.901335597967,-1405.344811240892,8.772665393607562
392,5,64000,15.273278077443441,0.35070828564762935,0.8625786304473877,0.045223969013225625,model,7,rf,10,robust,"['car_age', 'mileage', 'tax', 'mpg']",2,"['car_age', 'mileage', 'engineSize']",z_score,70,"['tax', 'mpg']","['tax', 'mpg']",0.15,0.5,"RandomForestRegressor(max_depth=12, max_features='sqrt', min_samples_leaf=4,
                      min_samples_split=10, random_state=42)",standard,17,knn_modelwise,target,"{'selector__selection_method': 'model', 'selector__n_features_to_select': 7, 'selector__model_name': 'rf', 'selector__k': 10, 'scaler__scaler_name': 'robust', 'outlier_remover__z_columns': ['car_age', 'mileage', 'tax', 'mpg'], 'outlier_remover__threshold': 2, 'outlier_remover__sev_outliers_cols': ['car_age', 'mileage', 'engineSize'], 'outlier_remover__outlier_method': 'z_score', 'outlier_remover__n_neighbors': 70, 'outlier_remover__model_columns': ['tax', 'mpg'], 'outlier_remover__mod_outliers_cols': ['tax', 'mpg'], 'outlier_remover__contamination_LOF': 0.15, 'outlier_remover__contamination_IF': 0.5, 'model': RandomForestRegressor(max_depth=12, max_features='sqrt', min_samples_leaf=4,
                      min_samples_split=10, random_state=42), 'imputer__knn_scaling_method': 'standard', 'imputer__knn_neighbors': 17, 'imputer__imputation_method': 'knn_modelwise', 'encoder__method': 'target'}",-1568.9064366045989,-1567.144021482941,-1591.792436555635,-1575.947631547725,11.227048026062793,5,-1408.5051716626872,-1422.0736559369209,-1405.2904334567136,-1411.9564203521074,7.273352154369246
393,5,64000,3.742268959681193,0.07824931759703627,0.8156088987986246,0.027061622326671066,kbest,5,rf,10,standard,"['car_age', 'mileage', 'tax', 'mpg']",3,"['car_age', 'mileage', 'engineSize']",z_score,100,"['car_age', 'mileage', 'tax', 'mpg', 'engineSize']","['tax', 'mpg']",0.5,0.5,"RandomForestRegressor(max_depth=12, max_features='sqrt', min_samples_leaf=4,
                      min_samples_split=10, random_state=42)",robust,8,knn_modelwise,target,"{'selector__selection_method': 'kbest', 'selector__n_features_to_select': 5, 'selector__model_name': 'rf', 'selector__k': 10, 'scaler__scaler_name': 'standard', 'outlier_remover__z_columns': ['car_age', 'mileage', 'tax', 'mpg'], 'outlier_remover__threshold': 3, 'outlier_remover__sev_outliers_cols': ['car_age', 'mileage', 'engineSize'], 'outlier_remover__outlier_method': 'z_score', 'outlier_remover__n_neighbors': 100, 'outlier_remover__model_columns': ['car_age', 'mileage', 'tax', 'mpg', 'engineSize'], 'outlier_remover__mod_outliers_cols': ['tax', 'mpg'], 'outlier_remover__contamination_LOF': 0.5, 'outlier_remover__contamination_IF': 0.5, 'model': RandomForestRegressor(max_depth=12, max_features='sqrt', min_samples_leaf=4,
                      min_samples_split=10, random_state=42), 'imputer__knn_scaling_method': 'robust', 'imputer__knn_neighbors': 8, 'imputer__imputation_method': 'knn_modelwise', 'encoder__method': 'target'}",-1565.9238815592178,-1558.0899432379529,-1584.2390278068292,-1569.4176175346668,10.957441892679475,2,-1404.9834354003387,-1413.8728452038577,-1397.8084917613892,-1405.554924121862,6.570682988358631
394,5,64000,14.23964230219523,0.45856940360731224,0.7344369888305664,0.02917105441636415,model,8,rf,10,robust,"['car_age', 'mileage', 'tax', 'mpg']",3,"['car_age', 'mileage', 'engineSize']",z_score,100,"['car_age', 'mileage', 'tax', 'mpg']","['tax', 'mpg']",0.5,0.5,"RandomForestRegressor(max_depth=12, max_features='sqrt', min_samples_leaf=4,
                      min_samples_split=10, random_state=42)",robust,13,knn_modelwise,target,"{'selector__selection_method': 'model', 'selector__n_features_to_select': 8, 'selector__model_name': 'rf', 'selector__k': 10, 'scaler__scaler_name': 'robust', 'outlier_remover__z_columns': ['car_age', 'mileage', 'tax', 'mpg'], 'outlier_remover__threshold': 3, 'outlier_remover__sev_outliers_cols': ['car_age', 'mileage', 'engineSize'], 'outlier_remover__outlier_method': 'z_score', 'outlier_remover__n_neighbors': 100, 'outlier_remover__model_columns': ['car_age', 'mileage', 'tax', 'mpg'], 'outlier_remover__mod_outliers_cols': ['tax', 'mpg'], 'outlier_remover__contamination_LOF': 0.5, 'outlier_remover__contamination_IF': 0.5, 'model': RandomForestRegressor(max_depth=12, max_features='sqrt', min_samples_leaf=4,
                      min_samples_split=10, random_state=42), 'imputer__knn_scaling_method': 'robust', 'imputer__knn_neighbors': 13, 'imputer__imputation_method': 'knn_modelwise', 'encoder__method': 'target'}",-1560.7562176206898,-1560.0928128569922,-1581.0891789464404,-1567.3127364747077,9.74518006855524,1,-1403.2797318412074,-1409.7017218440176,-1396.081842987765,-1403.0210988909967,5.563298977342513
